start_month,end_month,period_label,mean_temperature_c,days,status,rank_warmest,window_count
1884-01-01,1884-12-01,Jan 1884 to Dec 1884,8.709563,366,published-inputs,867,1701
1884-02-01,1885-01-01,Feb 1884 to Jan 1885,8.438525,366,published-inputs,1202,1701
1884-03-01,1885-02-01,Mar 1884 to Feb 1885,8.495890,365,published-inputs,1125,1701
1884-04-01,1885-03-01,Apr 1884 to Mar 1885,8.376986,365,published-inputs,1271,1701
1884-05-01,1885-04-01,May 1884 to Apr 1885,8.401644,365,published-inputs,1231,1701
1884-06-01,1885-05-01,Jun 1884 to May 1885,8.214795,365,published-inputs,1431,1701
1884-07-01,1885-06-01,Jul 1884 to Jun 1885,8.223014,365,published-inputs,1424,1701
1884-08-01,1885-07-01,Aug 1884 to Jul 1885,8.231507,365,published-inputs,1418,1701
1884-09-01,1885-08-01,Sep 1884 to Aug 1885,8.019178,365,published-inputs,1533,1701
1884-10-01,1885-09-01,Oct 1884 to Sep 1885,7.846575,365,published-inputs,1600,1701
1884-11-01,1885-10-01,Nov 1884 to Oct 1885,7.659726,365,published-inputs,1644,1701
1884-12-01,1885-11-01,Dec 1884 to Nov 1885,7.651507,365,published-inputs,1645,1701
1885-01-01,1885-12-01,Jan 1885 to Dec 1885,7.558082,365,published-inputs,1661,1701
1885-02-01,1886-01-01,Feb 1885 to Jan 1886,7.456164,365,published-inputs,1673,1701
1885-03-01,1886-02-01,Mar 1885 to Feb 1886,7.164658,365,published-inputs,1692,1701
1885-04-01,1886-03-01,Apr 1885 to Mar 1886,7.079726,365,published-inputs,1696,1701
1885-05-01,1886-04-01,May 1885 to Apr 1886,7.129041,365,published-inputs,1694,1701
1885-06-01,1886-05-01,Jun 1885 to May 1886,7.290411,365,published-inputs,1687,1701
1885-07-01,1886-06-01,Jul 1885 to Jun 1886,7.282192,365,published-inputs,1688,1701
1885-08-01,1886-07-01,Aug 1885 to Jul 1886,7.290685,365,published-inputs,1686,1701
1885-09-01,1886-08-01,Sep 1885 to Aug 1886,7.435068,365,published-inputs,1675,1701
1885-10-01,1886-09-01,Oct 1885 to Sep 1886,7.525479,365,published-inputs,1663,1701
1885-11-01,1886-10-01,Nov 1885 to Oct 1886,7.831233,365,published-inputs,1607,1701
1885-12-01,1886-11-01,Dec 1885 to Nov 1886,7.921644,365,published-inputs,1574,1701
1886-01-01,1886-12-01,Jan 1886 to Dec 1886,7.862192,365,published-inputs,1596,1701
1886-02-01,1887-01-01,Feb 1886 to Jan 1887,7.947123,365,published-inputs,1563,1701
1886-03-01,1887-02-01,Mar 1886 to Feb 1887,8.108219,365,published-inputs,1490,1701
1886-04-01,1887-03-01,Apr 1886 to Mar 1887,8.116712,365,published-inputs,1486,1701
1886-05-01,1887-04-01,May 1886 to Apr 1887,7.976986,365,published-inputs,1553,1701
1886-06-01,1887-05-01,Jun 1886 to May 1887,7.892055,365,published-inputs,1584,1701
1886-07-01,1887-06-01,Jul 1886 to Jun 1887,8.081096,365,published-inputs,1503,1701
1886-08-01,1887-07-01,Aug 1886 to Jul 1887,8.166027,365,published-inputs,1457,1701
1886-09-01,1887-08-01,Sep 1886 to Aug 1887,8.132055,365,published-inputs,1479,1701
1886-10-01,1887-09-01,Oct 1886 to Sep 1887,8.000548,365,published-inputs,1540,1701
1886-11-01,1887-10-01,Nov 1886 to Oct 1887,7.694795,365,published-inputs,1638,1701
1886-12-01,1887-11-01,Dec 1886 to Nov 1887,7.481096,365,published-inputs,1670,1701
1887-01-01,1887-12-01,Jan 1887 to Dec 1887,7.506575,365,published-inputs,1669,1701
1887-02-01,1888-01-01,Feb 1887 to Jan 1888,7.523562,365,published-inputs,1664,1701
1887-03-01,1888-02-01,Mar 1887 to Feb 1888,7.353279,366,published-inputs,1678,1701
1887-04-01,1888-03-01,Apr 1887 to Mar 1888,7.310929,366,published-inputs,1683,1701
1887-05-01,1888-04-01,May 1887 to Apr 1888,7.335519,366,published-inputs,1681,1701
1887-06-01,1888-05-01,Jun 1887 to May 1888,7.428689,366,published-inputs,1676,1701
1887-07-01,1888-06-01,Jul 1887 to Jun 1888,7.240164,366,published-inputs,1689,1701
1887-08-01,1888-07-01,Aug 1887 to Jul 1888,7.003005,366,published-inputs,1698,1701
1887-09-01,1888-08-01,Sep 1887 to Aug 1888,6.918306,366,published-inputs,1700,1701
1887-10-01,1888-09-01,Oct 1887 to Sep 1888,6.967486,366,published-inputs,1699,1701
1887-11-01,1888-10-01,Nov 1887 to Oct 1888,7.077596,366,published-inputs,1697,1701
1887-12-01,1888-11-01,Dec 1887 to Nov 1888,7.348087,366,published-inputs,1679,1701
1888-01-01,1888-12-01,Jan 1888 to Dec 1888,7.517486,366,published-inputs,1666,1701
1888-02-01,1889-01-01,Feb 1888 to Jan 1889,7.568306,366,published-inputs,1655,1701
1888-03-01,1889-02-01,Mar 1888 to Feb 1889,7.693151,365,published-inputs,1639,1701
1888-04-01,1889-03-01,Apr 1888 to Mar 1889,7.820548,365,published-inputs,1611,1701
1888-05-01,1889-04-01,May 1888 to Apr 1889,7.861644,365,published-inputs,1597,1701
1888-06-01,1889-05-01,Jun 1888 to May 1889,7.980548,365,published-inputs,1551,1701
1888-07-01,1889-06-01,Jul 1888 to Jun 1889,8.112055,365,published-inputs,1488,1701
1888-08-01,1889-07-01,Aug 1888 to Jul 1889,8.213973,365,published-inputs,1433,1701
1888-09-01,1889-08-01,Sep 1888 to Aug 1889,8.247945,365,published-inputs,1406,1701
1888-10-01,1889-09-01,Oct 1888 to Sep 1889,8.313699,365,published-inputs,1348,1701
1888-11-01,1889-10-01,Nov 1888 to Oct 1889,8.313699,365,published-inputs,1348,1701
1888-12-01,1889-11-01,Dec 1888 to Nov 1889,8.264384,365,published-inputs,1392,1701
1889-01-01,1889-12-01,Jan 1889 to Dec 1889,8.153973,365,published-inputs,1463,1701
1889-02-01,1890-01-01,Feb 1889 to Jan 1890,8.332329,365,published-inputs,1326,1701
1889-03-01,1890-02-01,Mar 1889 to Feb 1890,8.316986,365,published-inputs,1343,1701
1889-04-01,1890-03-01,Apr 1889 to Mar 1890,8.444384,365,published-inputs,1188,1701
1889-05-01,1890-04-01,May 1889 to Apr 1890,8.485479,365,published-inputs,1135,1701
1889-06-01,1890-05-01,Jun 1889 to May 1890,8.460000,365,published-inputs,1169,1701
1889-07-01,1890-06-01,Jul 1889 to Jun 1890,8.336712,365,published-inputs,1322,1701
1889-08-01,1890-07-01,Aug 1889 to Jul 1890,8.277260,365,published-inputs,1379,1701
1889-09-01,1890-08-01,Sep 1889 to Aug 1890,8.260274,365,published-inputs,1395,1701
1889-10-01,1890-09-01,Oct 1889 to Sep 1890,8.391781,365,published-inputs,1244,1701
1889-11-01,1890-10-01,Nov 1889 to Oct 1890,8.493699,365,published-inputs,1127,1701
1889-12-01,1890-11-01,Dec 1889 to Nov 1890,8.436164,365,published-inputs,1204,1701
1890-01-01,1890-12-01,Jan 1890 to Dec 1890,8.087945,365,published-inputs,1499,1701
1890-02-01,1891-01-01,Feb 1890 to Jan 1891,7.756712,365,published-inputs,1627,1701
1890-03-01,1891-02-01,Mar 1890 to Feb 1891,7.933151,365,published-inputs,1568,1701
1890-04-01,1891-03-01,Apr 1890 to Mar 1891,7.771781,365,published-inputs,1624,1701
1890-05-01,1891-04-01,May 1890 to Apr 1891,7.697808,365,published-inputs,1637,1701
1890-06-01,1891-05-01,Jun 1890 to May 1891,7.527945,365,published-inputs,1662,1701
1890-07-01,1891-06-01,Jul 1890 to Jun 1891,7.626575,365,published-inputs,1649,1701
1890-08-01,1891-07-01,Aug 1890 to Jul 1891,7.660548,365,published-inputs,1643,1701
1890-09-01,1891-08-01,Sep 1890 to Aug 1891,7.635068,365,published-inputs,1648,1701
1890-10-01,1891-09-01,Oct 1890 to Sep 1891,7.602192,365,published-inputs,1654,1701
1890-11-01,1891-10-01,Nov 1890 to Oct 1891,7.559726,365,published-inputs,1660,1701
1890-12-01,1891-11-01,Dec 1890 to Nov 1891,7.510411,365,published-inputs,1667,1701
1891-01-01,1891-12-01,Jan 1891 to Dec 1891,7.926575,365,published-inputs,1570,1701
1891-02-01,1892-01-01,Feb 1891 to Jan 1892,7.960548,365,published-inputs,1560,1701
1891-03-01,1892-02-01,Mar 1891 to Feb 1892,7.824863,366,published-inputs,1610,1701
1891-04-01,1892-03-01,Apr 1891 to Mar 1892,7.714754,366,published-inputs,1634,1701
1891-05-01,1892-04-01,May 1891 to Apr 1892,7.813115,366,published-inputs,1614,1701
1891-06-01,1892-05-01,Jun 1891 to May 1892,7.948634,366,published-inputs,1562,1701
1891-07-01,1892-06-01,Jul 1891 to Jun 1892,7.825683,366,published-inputs,1609,1701
1891-08-01,1892-07-01,Aug 1891 to Jul 1892,7.791803,366,published-inputs,1618,1701
1891-09-01,1892-08-01,Sep 1891 to Aug 1892,7.876503,366,published-inputs,1594,1701
1891-10-01,1892-09-01,Oct 1891 to Sep 1892,7.704372,366,published-inputs,1636,1701
1891-11-01,1892-10-01,Nov 1891 to Oct 1892,7.509563,366,published-inputs,1668,1701
1891-12-01,1892-11-01,Dec 1891 to Nov 1892,7.607923,366,published-inputs,1653,1701
1892-01-01,1892-12-01,Jan 1892 to Dec 1892,7.463934,366,published-inputs,1672,1701
1892-02-01,1893-01-01,Feb 1892 to Jan 1893,7.472404,366,published-inputs,1671,1701
1892-03-01,1893-02-01,Mar 1892 to Feb 1893,7.561096,365,published-inputs,1659,1701
1892-04-01,1893-03-01,Apr 1892 to Mar 1893,7.968767,365,published-inputs,1558,1701
1892-05-01,1893-04-01,May 1892 to Apr 1893,8.223562,365,published-inputs,1422,1701
1892-06-01,1893-05-01,Jun 1892 to May 1893,8.393425,365,published-inputs,1242,1701
1892-07-01,1893-06-01,Jul 1892 to Jun 1893,8.590685,365,published-inputs,1002,1701
1892-08-01,1893-07-01,Aug 1892 to Jul 1893,8.777534,365,published-inputs,797,1701
1892-09-01,1893-08-01,Sep 1892 to Aug 1893,8.964384,365,published-inputs,633,1701
1892-10-01,1893-09-01,Oct 1892 to Sep 1893,9.046575,365,published-inputs,554,1701
1892-11-01,1893-10-01,Nov 1892 to Oct 1893,9.292877,365,published-inputs,398,1701
1892-12-01,1893-11-01,Dec 1892 to Nov 1893,9.153151,365,published-inputs,474,1701
1893-01-01,1893-12-01,Jan 1893 to Dec 1893,9.340000,365,published-inputs,369,1701
1893-02-01,1894-01-01,Feb 1893 to Jan 1894,9.424932,365,published-inputs,329,1701
1893-03-01,1894-02-01,Mar 1893 to Feb 1894,9.463288,365,published-inputs,309,1701
1893-04-01,1894-03-01,Apr 1893 to Mar 1894,9.386849,365,published-inputs,350,1701
1893-05-01,1894-04-01,May 1893 to Apr 1894,9.304658,365,published-inputs,389,1701
1893-06-01,1894-05-01,Jun 1893 to May 1894,8.964932,365,published-inputs,632,1701
1893-07-01,1894-06-01,Jul 1893 to Jun 1894,8.800548,365,published-inputs,779,1701
1893-08-01,1894-07-01,Aug 1893 to Jul 1894,8.732603,365,published-inputs,841,1701
1893-09-01,1894-08-01,Sep 1893 to Aug 1894,8.477808,365,published-inputs,1148,1701
1893-10-01,1894-09-01,Oct 1893 to Sep 1894,8.362740,365,published-inputs,1289,1701
1893-11-01,1894-10-01,Nov 1893 to Oct 1894,8.320274,365,published-inputs,1340,1701
1893-12-01,1894-11-01,Dec 1893 to Nov 1894,8.525753,365,published-inputs,1077,1701
1894-01-01,1894-12-01,Jan 1894 to Dec 1894,8.559726,365,published-inputs,1027,1701
1894-02-01,1895-01-01,Feb 1894 to Jan 1895,8.279452,365,published-inputs,1377,1701
1894-03-01,1895-02-01,Mar 1894 to Feb 1895,7.711781,365,published-inputs,1635,1701
1894-04-01,1895-03-01,Apr 1894 to Mar 1895,7.567397,365,published-inputs,1658,1701
1894-05-01,1895-04-01,May 1894 to Apr 1895,7.435890,365,published-inputs,1674,1701
1894-06-01,1895-05-01,Jun 1894 to May 1895,7.673699,365,published-inputs,1642,1701
1894-07-01,1895-06-01,Jul 1894 to Jun 1895,7.739452,365,published-inputs,1629,1701
1894-08-01,1895-07-01,Aug 1894 to Jul 1895,7.680000,365,published-inputs,1640,1701
1894-09-01,1895-08-01,Sep 1894 to Aug 1895,7.773425,365,published-inputs,1623,1701
1894-10-01,1895-09-01,Oct 1894 to Sep 1895,8.093973,365,published-inputs,1496,1701
1894-11-01,1895-10-01,Nov 1894 to Oct 1895,7.907123,365,published-inputs,1580,1701
1894-12-01,1895-11-01,Dec 1894 to Nov 1895,7.874247,365,published-inputs,1595,1701
1895-01-01,1895-12-01,Jan 1895 to Dec 1895,7.746849,365,published-inputs,1628,1701
1895-02-01,1896-01-01,Feb 1895 to Jan 1896,8.137534,365,published-inputs,1477,1701
1895-03-01,1896-02-01,Mar 1895 to Feb 1896,8.662295,366,published-inputs,921,1701
1895-04-01,1896-03-01,Apr 1895 to Mar 1896,8.806284,366,published-inputs,771,1701
1895-05-01,1896-04-01,May 1895 to Apr 1896,8.896448,366,published-inputs,697,1701
1895-06-01,1896-05-01,Jun 1895 to May 1896,8.921858,366,published-inputs,679,1701
1895-07-01,1896-06-01,Jul 1895 to Jun 1896,9.044809,366,published-inputs,558,1701
1895-08-01,1896-07-01,Aug 1895 to Jul 1896,9.137978,366,published-inputs,487,1701
1895-09-01,1896-08-01,Sep 1895 to Aug 1896,9.053279,366,published-inputs,546,1701
1895-10-01,1896-09-01,Oct 1895 to Sep 1896,8.840164,366,published-inputs,744,1701
1895-11-01,1896-10-01,Nov 1895 to Oct 1896,8.797814,366,published-inputs,782,1701
1895-12-01,1896-11-01,Dec 1895 to Nov 1896,8.535519,366,published-inputs,1061,1701
1896-01-01,1896-12-01,Jan 1896 to Dec 1896,8.510109,366,published-inputs,1100,1701
1896-02-01,1897-01-01,Feb 1896 to Jan 1897,8.239071,366,published-inputs,1409,1701
1896-03-01,1897-02-01,Mar 1896 to Feb 1897,8.334521,365,published-inputs,1325,1701
1896-04-01,1897-03-01,Apr 1896 to Mar 1897,8.292055,365,published-inputs,1370,1701
1896-05-01,1897-04-01,May 1896 to Apr 1897,8.127671,365,published-inputs,1480,1701
1896-06-01,1897-05-01,Jun 1896 to May 1897,7.940822,365,published-inputs,1564,1701
1896-07-01,1897-06-01,Jul 1896 to Jun 1897,7.883288,365,published-inputs,1591,1701
1896-08-01,1897-07-01,Aug 1896 to Jul 1897,7.934247,365,published-inputs,1567,1701
1896-09-01,1897-08-01,Sep 1896 to Aug 1897,8.078630,365,published-inputs,1504,1701
1896-10-01,1897-09-01,Oct 1896 to Sep 1897,8.004658,365,published-inputs,1538,1701
1896-11-01,1897-10-01,Nov 1896 to Oct 1897,8.318904,365,published-inputs,1342,1701
1896-12-01,1897-11-01,Dec 1896 to Nov 1897,8.598356,365,published-inputs,989,1701
1897-01-01,1897-12-01,Jan 1897 to Dec 1897,8.717260,365,published-inputs,859,1701
1897-02-01,1898-01-01,Feb 1897 to Jan 1898,9.116438,365,published-inputs,498,1701
1897-03-01,1898-02-01,Mar 1897 to Feb 1898,9.016712,365,published-inputs,587,1701
1897-04-01,1898-03-01,Apr 1897 to Mar 1898,8.829863,365,published-inputs,749,1701
1897-05-01,1898-04-01,May 1897 to Apr 1898,8.920274,365,published-inputs,680,1701
1897-06-01,1898-05-01,Jun 1897 to May 1898,8.937260,365,published-inputs,655,1701
1897-07-01,1898-06-01,Jul 1897 to Jun 1898,8.805753,365,published-inputs,772,1701
1897-08-01,1898-07-01,Aug 1897 to Jul 1898,8.695342,365,published-inputs,887,1701
1897-09-01,1898-08-01,Sep 1897 to Aug 1898,8.703836,365,published-inputs,876,1701
1897-10-01,1898-09-01,Oct 1897 to Sep 1898,8.925753,365,published-inputs,675,1701
1897-11-01,1898-10-01,Nov 1897 to Oct 1898,8.985205,365,published-inputs,613,1701
1897-12-01,1898-11-01,Dec 1897 to Nov 1898,8.952329,365,published-inputs,639,1701
1898-01-01,1898-12-01,Jan 1898 to Dec 1898,9.156164,365,published-inputs,472,1701
1898-02-01,1899-01-01,Feb 1898 to Jan 1899,9.037260,365,published-inputs,567,1701
1898-03-01,1899-02-01,Mar 1898 to Feb 1899,9.090959,365,published-inputs,512,1701
1898-04-01,1899-03-01,Apr 1898 to Mar 1899,9.209863,365,published-inputs,442,1701
1898-05-01,1899-04-01,May 1898 to Apr 1899,9.176986,365,published-inputs,459,1701
1898-06-01,1899-05-01,Jun 1898 to May 1899,9.160000,365,published-inputs,467,1701
1898-07-01,1899-06-01,Jul 1898 to Jun 1899,9.316164,365,published-inputs,381,1701
1898-08-01,1899-07-01,Aug 1898 to Jul 1899,9.418082,365,published-inputs,332,1701
1898-09-01,1899-08-01,Sep 1898 to Aug 1899,9.596438,365,published-inputs,251,1701
1898-10-01,1899-09-01,Oct 1898 to Sep 1899,9.489589,365,published-inputs,294,1701
1898-11-01,1899-10-01,Nov 1898 to Oct 1899,9.362192,365,published-inputs,358,1701
1898-12-01,1899-11-01,Dec 1898 to Nov 1899,9.485479,365,published-inputs,295,1701
1899-01-01,1899-12-01,Jan 1899 to Dec 1899,9.052329,365,published-inputs,547,1701
1899-02-01,1900-01-01,Feb 1899 to Jan 1900,9.035342,365,published-inputs,568,1701
1899-03-01,1900-02-01,Mar 1899 to Feb 1900,8.858904,365,published-inputs,731,1701
1899-04-01,1900-03-01,Apr 1899 to Mar 1900,8.672055,365,published-inputs,912,1701
1899-05-01,1900-04-01,May 1899 to Apr 1900,8.688493,365,published-inputs,893,1701
1899-06-01,1900-05-01,Jun 1899 to May 1900,8.663014,365,published-inputs,918,1701
1899-07-01,1900-06-01,Jul 1899 to Jun 1900,8.547945,365,published-inputs,1042,1701
1899-08-01,1900-07-01,Aug 1899 to Jul 1900,8.564932,365,published-inputs,1021,1701
1899-09-01,1900-08-01,Sep 1899 to Aug 1900,8.301644,365,published-inputs,1358,1701
1899-10-01,1900-09-01,Oct 1899 to Sep 1900,8.301644,365,published-inputs,1358,1701
1899-11-01,1900-10-01,Nov 1899 to Oct 1900,8.301644,365,published-inputs,1358,1701
1899-12-01,1900-11-01,Dec 1899 to Nov 1900,8.145479,365,published-inputs,1471,1701
1900-01-01,1900-12-01,Jan 1900 to Dec 1900,8.544658,365,published-inputs,1047,1701
1900-02-01,1901-01-01,Feb 1900 to Jan 1901,8.442740,365,published-inputs,1192,1701
1900-03-01,1901-02-01,Mar 1900 to Feb 1901,8.389041,365,published-inputs,1249,1701
1900-04-01,1901-03-01,Apr 1900 to Mar 1901,8.465479,365,published-inputs,1159,1701
1900-05-01,1901-04-01,May 1900 to Apr 1901,8.481918,365,published-inputs,1142,1701
1900-06-01,1901-05-01,Jun 1900 to May 1901,8.643288,365,published-inputs,934,1701
1900-07-01,1901-06-01,Jul 1900 to Jun 1901,8.593973,365,published-inputs,996,1701
1900-08-01,1901-07-01,Aug 1900 to Jul 1901,8.636438,365,published-inputs,943,1701
1900-09-01,1901-08-01,Sep 1900 to Aug 1901,8.687397,365,published-inputs,895,1701
1900-10-01,1901-09-01,Oct 1900 to Sep 1901,8.695616,365,published-inputs,886,1701
1900-11-01,1901-10-01,Nov 1900 to Oct 1901,8.704110,365,published-inputs,875,1701
1900-12-01,1901-11-01,Dec 1900 to Nov 1901,8.556164,365,published-inputs,1030,1701
1901-01-01,1901-12-01,Jan 1901 to Dec 1901,8.267397,365,published-inputs,1386,1701
1901-02-01,1902-01-01,Feb 1901 to Jan 1902,8.386301,365,published-inputs,1258,1701
1901-03-01,1902-02-01,Mar 1901 to Feb 1902,8.340274,365,published-inputs,1318,1701
1901-04-01,1902-03-01,Apr 1901 to Mar 1902,8.561096,365,published-inputs,1025,1701
1901-05-01,1902-04-01,May 1901 to Apr 1902,8.470685,365,published-inputs,1153,1701
1901-06-01,1902-05-01,Jun 1901 to May 1902,8.232877,365,published-inputs,1416,1701
1901-07-01,1902-06-01,Jul 1901 to Jun 1902,8.249315,365,published-inputs,1404,1701
1901-08-01,1902-07-01,Aug 1901 to Jul 1902,8.003014,365,published-inputs,1539,1701
1901-09-01,1902-08-01,Sep 1901 to Aug 1902,7.884110,365,published-inputs,1590,1701
1901-10-01,1902-09-01,Oct 1901 to Sep 1902,7.818356,365,published-inputs,1612,1701
1901-11-01,1902-10-01,Nov 1901 to Oct 1902,7.818356,365,published-inputs,1612,1701
1901-12-01,1902-11-01,Dec 1901 to Nov 1902,7.974521,365,published-inputs,1556,1701
1902-01-01,1902-12-01,Jan 1902 to Dec 1902,8.042466,365,published-inputs,1523,1701
1902-02-01,1903-01-01,Feb 1902 to Jan 1903,7.983014,365,published-inputs,1548,1701
1902-03-01,1903-02-01,Mar 1902 to Feb 1903,8.358904,365,published-inputs,1292,1701
1902-04-01,1903-03-01,Apr 1902 to Mar 1903,8.358904,365,published-inputs,1293,1701
1902-05-01,1903-04-01,May 1902 to Apr 1903,8.309589,365,published-inputs,1352,1701
1902-06-01,1903-05-01,Jun 1902 to May 1903,8.470959,365,published-inputs,1152,1701
1902-07-01,1903-06-01,Jul 1902 to Jun 1903,8.372329,365,published-inputs,1277,1701
1902-08-01,1903-07-01,Aug 1902 to Jul 1903,8.380822,365,published-inputs,1264,1701
1902-09-01,1903-08-01,Sep 1902 to Aug 1903,8.355342,365,published-inputs,1300,1701
1902-10-01,1903-09-01,Oct 1902 to Sep 1903,8.347123,365,published-inputs,1309,1701
1902-11-01,1903-10-01,Nov 1902 to Oct 1903,8.406575,365,published-inputs,1228,1701
1902-12-01,1903-11-01,Dec 1902 to Nov 1903,8.398356,365,published-inputs,1235,1701
1903-01-01,1903-12-01,Jan 1903 to Dec 1903,8.330411,365,published-inputs,1330,1701
1903-02-01,1904-01-01,Feb 1903 to Jan 1904,8.355890,365,published-inputs,1298,1701
1903-03-01,1904-02-01,Mar 1903 to Feb 1904,8.127596,366,published-inputs,1481,1701
1903-04-01,1904-03-01,Apr 1903 to Mar 1904,7.932787,366,published-inputs,1569,1701
1903-05-01,1904-04-01,May 1903 to Apr 1904,8.072131,366,published-inputs,1511,1701
1903-06-01,1904-05-01,Jun 1903 to May 1904,8.021311,366,published-inputs,1532,1701
1903-07-01,1904-06-01,Jul 1903 to Jun 1904,8.062295,366,published-inputs,1515,1701
1903-08-01,1904-07-01,Aug 1903 to Jul 1904,8.214754,366,published-inputs,1432,1701
1903-09-01,1904-08-01,Sep 1903 to Aug 1904,8.274044,366,published-inputs,1382,1701
1903-10-01,1904-09-01,Oct 1903 to Sep 1904,8.265847,366,published-inputs,1389,1701
1903-11-01,1904-10-01,Nov 1903 to Oct 1904,8.223497,366,published-inputs,1423,1701
1903-12-01,1904-11-01,Dec 1903 to Nov 1904,8.149727,366,published-inputs,1467,1701
1904-01-01,1904-12-01,Jan 1904 to Dec 1904,8.217486,366,published-inputs,1427,1701
1904-02-01,1905-01-01,Feb 1904 to Jan 1905,8.183607,366,published-inputs,1449,1701
1904-03-01,1905-02-01,Mar 1904 to Feb 1905,8.304658,365,published-inputs,1357,1701
1904-04-01,1905-03-01,Apr 1904 to Mar 1905,8.491507,365,published-inputs,1129,1701
1904-05-01,1905-04-01,May 1904 to Apr 1905,8.425753,365,published-inputs,1211,1701
1904-06-01,1905-05-01,Jun 1904 to May 1905,8.468219,365,published-inputs,1157,1701
1904-07-01,1905-06-01,Jul 1904 to Jun 1905,8.575068,365,published-inputs,1017,1701
1904-08-01,1905-07-01,Aug 1904 to Jul 1905,8.558082,365,published-inputs,1028,1701
1904-09-01,1905-08-01,Sep 1904 to Aug 1905,8.532603,365,published-inputs,1066,1701
1904-10-01,1905-09-01,Oct 1904 to Sep 1905,8.483288,365,published-inputs,1139,1701
1904-11-01,1905-10-01,Nov 1904 to Oct 1905,8.279452,365,published-inputs,1377,1701
1904-12-01,1905-11-01,Dec 1904 to Nov 1905,8.221918,365,published-inputs,1425,1701
1905-01-01,1905-12-01,Jan 1905 to Dec 1905,8.298356,365,published-inputs,1363,1701
1905-02-01,1906-01-01,Feb 1905 to Jan 1906,8.417260,365,published-inputs,1219,1701
1905-03-01,1906-02-01,Mar 1905 to Feb 1906,8.286849,365,published-inputs,1373,1701
1905-04-01,1906-03-01,Apr 1905 to Mar 1906,8.142466,365,published-inputs,1474,1701
1905-05-01,1906-04-01,May 1905 to Apr 1906,8.101370,365,published-inputs,1494,1701
1905-06-01,1906-05-01,Jun 1905 to May 1906,8.033425,365,published-inputs,1525,1701
1905-07-01,1906-06-01,Jul 1905 to Jun 1906,7.992329,365,published-inputs,1545,1701
1905-08-01,1906-07-01,Aug 1905 to Jul 1906,7.890411,365,published-inputs,1585,1701
1905-09-01,1906-08-01,Sep 1905 to Aug 1906,8.060274,365,published-inputs,1516,1701
1905-10-01,1906-09-01,Oct 1905 to Sep 1906,8.183562,365,published-inputs,1450,1701
1905-11-01,1906-10-01,Nov 1905 to Oct 1906,8.455342,365,published-inputs,1178,1701
1905-12-01,1906-11-01,Dec 1905 to Nov 1906,8.619726,365,published-inputs,960,1701
1906-01-01,1906-12-01,Jan 1906 to Dec 1906,8.500822,365,published-inputs,1114,1701
1906-02-01,1907-01-01,Feb 1906 to Jan 1907,8.373425,365,published-inputs,1274,1701
1906-03-01,1907-02-01,Mar 1906 to Feb 1907,8.327397,365,published-inputs,1334,1701
1906-04-01,1907-03-01,Apr 1906 to Mar 1907,8.437808,365,published-inputs,1203,1701
1906-05-01,1907-04-01,May 1906 to Apr 1907,8.462466,365,published-inputs,1165,1701
1906-06-01,1907-05-01,Jun 1906 to May 1907,8.496438,365,published-inputs,1124,1701
1906-07-01,1907-06-01,Jul 1906 to Jun 1907,8.356712,365,published-inputs,1296,1701
1906-08-01,1907-07-01,Aug 1906 to Jul 1907,8.331233,365,published-inputs,1327,1701
1906-09-01,1907-08-01,Sep 1906 to Aug 1907,8.144384,365,published-inputs,1472,1701
1906-10-01,1907-09-01,Oct 1906 to Sep 1907,8.193699,365,published-inputs,1445,1701
1906-11-01,1907-10-01,Nov 1906 to Oct 1907,8.100274,365,published-inputs,1495,1701
1906-12-01,1907-11-01,Dec 1906 to Nov 1907,8.075616,365,published-inputs,1508,1701
1907-01-01,1907-12-01,Jan 1907 to Dec 1907,8.160548,365,published-inputs,1458,1701
1907-02-01,1908-01-01,Feb 1907 to Jan 1908,8.075616,365,published-inputs,1507,1701
1907-03-01,1908-02-01,Mar 1907 to Feb 1908,8.265847,366,published-inputs,1388,1701
1907-04-01,1908-03-01,Apr 1907 to Mar 1908,8.113388,366,published-inputs,1487,1701
1907-05-01,1908-04-01,May 1907 to Apr 1908,8.023224,366,published-inputs,1531,1701
1907-06-01,1908-05-01,Jun 1907 to May 1908,8.158743,366,published-inputs,1460,1701
1907-07-01,1908-06-01,Jul 1907 to Jun 1908,8.306284,366,published-inputs,1354,1701
1907-08-01,1908-07-01,Aug 1907 to Jul 1908,8.390984,366,published-inputs,1246,1701
1907-09-01,1908-08-01,Sep 1907 to Aug 1908,8.441803,366,published-inputs,1193,1701
1907-10-01,1908-09-01,Oct 1907 to Sep 1908,8.343443,366,published-inputs,1314,1701
1907-11-01,1908-10-01,Nov 1907 to Oct 1908,8.580601,366,published-inputs,1009,1701
1907-12-01,1908-11-01,Dec 1907 to Nov 1908,8.662568,366,published-inputs,919,1701
1908-01-01,1908-12-01,Jan 1908 to Dec 1908,8.662568,366,published-inputs,919,1701
1908-02-01,1909-01-01,Feb 1908 to Jan 1909,8.755738,366,published-inputs,817,1701
1908-03-01,1909-02-01,Mar 1908 to Feb 1909,8.612877,365,published-inputs,971,1701
1908-04-01,1909-03-01,Apr 1908 to Mar 1909,8.544932,365,published-inputs,1045,1701
1908-05-01,1909-04-01,May 1908 to Apr 1909,8.733973,365,published-inputs,839,1701
1908-06-01,1909-05-01,Jun 1908 to May 1909,8.640548,365,published-inputs,936,1701
1908-07-01,1909-06-01,Jul 1908 to Jun 1909,8.484384,365,published-inputs,1136,1701
1908-08-01,1909-07-01,Aug 1908 to Jul 1909,8.382466,365,published-inputs,1263,1701
1908-09-01,1909-08-01,Sep 1908 to Aug 1909,8.424932,365,published-inputs,1214,1701
1908-10-01,1909-09-01,Oct 1908 to Sep 1909,8.359178,365,published-inputs,1291,1701
1908-11-01,1909-10-01,Nov 1908 to Oct 1909,8.197808,365,published-inputs,1440,1701
1908-12-01,1909-11-01,Dec 1908 to Nov 1909,7.975890,365,published-inputs,1554,1701
1909-01-01,1909-12-01,Jan 1909 to Dec 1909,7.924932,365,published-inputs,1572,1701
1909-02-01,1910-01-01,Feb 1909 to Jan 1910,7.916438,365,published-inputs,1576,1701
1909-03-01,1910-02-01,Mar 1909 to Feb 1910,8.054521,365,published-inputs,1519,1701
1909-04-01,1910-03-01,Apr 1909 to Mar 1910,8.275342,365,published-inputs,1381,1701
1909-05-01,1910-04-01,May 1909 to Apr 1910,8.160274,365,published-inputs,1459,1701
1909-06-01,1910-05-01,Jun 1909 to May 1910,8.194247,365,published-inputs,1444,1701
1909-07-01,1910-06-01,Jul 1909 to Jun 1910,8.391507,365,published-inputs,1245,1701
1909-08-01,1910-07-01,Aug 1909 to Jul 1910,8.400000,365,published-inputs,1232,1701
1909-09-01,1910-08-01,Sep 1909 to Aug 1910,8.366027,365,published-inputs,1284,1701
1909-10-01,1910-09-01,Oct 1909 to Sep 1910,8.423562,365,published-inputs,1215,1701
1909-11-01,1910-10-01,Nov 1909 to Oct 1910,8.415068,365,published-inputs,1222,1701
1909-12-01,1910-11-01,Dec 1909 to Nov 1910,8.349315,365,published-inputs,1307,1701
1910-01-01,1910-12-01,Jan 1910 to Dec 1910,8.502192,365,published-inputs,1111,1701
1910-02-01,1911-01-01,Feb 1910 to Jan 1911,8.510685,365,published-inputs,1099,1701
1910-03-01,1911-02-01,Mar 1910 to Feb 1911,8.464658,365,published-inputs,1161,1701
1910-04-01,1911-03-01,Apr 1910 to Mar 1911,8.379726,365,published-inputs,1267,1701
1910-05-01,1911-04-01,May 1910 to Apr 1911,8.387945,365,published-inputs,1250,1701
1910-06-01,1911-05-01,Jun 1910 to May 1911,8.506849,365,published-inputs,1105,1701
1910-07-01,1911-06-01,Jul 1910 to Jun 1911,8.506849,365,published-inputs,1106,1701
1910-08-01,1911-07-01,Aug 1910 to Jul 1911,8.761644,365,published-inputs,815,1701
1910-09-01,1911-08-01,Sep 1910 to Aug 1911,9.024932,365,published-inputs,581,1701
1910-10-01,1911-09-01,Oct 1910 to Sep 1911,9.115342,365,published-inputs,499,1701
1910-11-01,1911-10-01,Nov 1910 to Oct 1911,9.072877,365,published-inputs,526,1701
1910-12-01,1911-11-01,Dec 1910 to Nov 1911,9.220822,365,published-inputs,436,1701
1911-01-01,1911-12-01,Jan 1911 to Dec 1911,9.237808,365,published-inputs,424,1701
1911-02-01,1912-01-01,Feb 1911 to Jan 1912,9.220822,365,published-inputs,436,1701
1911-03-01,1912-02-01,Mar 1911 to Feb 1912,9.246448,366,published-inputs,419,1701
1911-04-01,1912-03-01,Apr 1911 to Mar 1912,9.407377,366,published-inputs,339,1701
1911-05-01,1912-04-01,May 1911 to Apr 1912,9.554918,366,published-inputs,270,1701
1911-06-01,1912-05-01,Jun 1911 to May 1912,9.470219,366,published-inputs,300,1701
1911-07-01,1912-06-01,Jul 1911 to Jun 1912,9.388251,366,published-inputs,349,1701
1911-08-01,1912-07-01,Aug 1911 to Jul 1912,9.252732,366,published-inputs,417,1701
1911-09-01,1912-08-01,Sep 1911 to Aug 1912,8.820765,366,published-inputs,759,1701
1911-10-01,1912-09-01,Oct 1911 to Sep 1912,8.615847,366,published-inputs,966,1701
1911-11-01,1912-10-01,Nov 1911 to Oct 1912,8.497268,366,published-inputs,1121,1701
1911-12-01,1912-11-01,Dec 1911 to Nov 1912,8.538251,366,published-inputs,1057,1701
1912-01-01,1912-12-01,Jan 1912 to Dec 1912,8.589071,366,published-inputs,1003,1701
1912-02-01,1913-01-01,Feb 1912 to Jan 1913,8.673770,366,published-inputs,907,1701
1912-03-01,1913-02-01,Mar 1912 to Feb 1913,8.661918,365,published-inputs,922,1701
1912-04-01,1913-03-01,Apr 1912 to Mar 1913,8.576986,365,published-inputs,1013,1701
1912-05-01,1913-04-01,May 1912 to Apr 1913,8.486575,365,published-inputs,1133,1701
1912-06-01,1913-05-01,Jun 1912 to May 1913,8.427123,365,published-inputs,1209,1701
1912-07-01,1913-06-01,Jul 1912 to Jun 1913,8.451781,365,published-inputs,1182,1701
1912-08-01,1913-07-01,Aug 1912 to Jul 1913,8.375342,365,published-inputs,1272,1701
1912-09-01,1913-08-01,Sep 1912 to Aug 1913,8.596164,365,published-inputs,991,1701
1912-10-01,1913-09-01,Oct 1912 to Sep 1913,8.809863,365,published-inputs,769,1701
1912-11-01,1913-10-01,Nov 1912 to Oct 1913,9.039178,365,published-inputs,564,1701
1912-12-01,1913-11-01,Dec 1912 to Nov 1913,9.195342,365,published-inputs,445,1701
1913-01-01,1913-12-01,Jan 1913 to Dec 1913,9.067945,365,published-inputs,531,1701
1913-02-01,1914-01-01,Feb 1913 to Jan 1914,8.966027,365,published-inputs,631,1701
1913-03-01,1914-02-01,Mar 1913 to Feb 1914,9.096438,365,published-inputs,510,1701
1913-04-01,1914-03-01,Apr 1913 to Mar 1914,9.104932,365,published-inputs,503,1701
1913-05-01,1914-04-01,May 1913 to Apr 1914,9.252877,365,published-inputs,416,1701
1913-06-01,1914-05-01,Jun 1913 to May 1914,9.227397,365,published-inputs,433,1701
1913-07-01,1914-06-01,Jul 1913 to Jun 1914,9.284932,365,published-inputs,401,1701
1913-08-01,1914-07-01,Aug 1913 to Jul 1914,9.344384,365,published-inputs,367,1701
1913-09-01,1914-08-01,Sep 1913 to Aug 1914,9.403836,365,published-inputs,342,1701
1913-10-01,1914-09-01,Oct 1913 to Sep 1914,9.370959,365,published-inputs,353,1701
1913-11-01,1914-10-01,Nov 1913 to Oct 1914,9.303014,365,published-inputs,391,1701
1913-12-01,1914-11-01,Dec 1913 to Nov 1914,9.146849,365,published-inputs,479,1701
1914-01-01,1914-12-01,Jan 1914 to Dec 1914,9.078904,365,published-inputs,520,1701
1914-02-01,1915-01-01,Feb 1914 to Jan 1915,9.129863,365,published-inputs,490,1701
1914-03-01,1915-02-01,Mar 1914 to Feb 1915,8.945753,365,published-inputs,644,1701
1914-04-01,1915-03-01,Apr 1914 to Mar 1915,8.852329,365,published-inputs,735,1701
1914-05-01,1915-04-01,May 1914 to Apr 1915,8.712603,365,published-inputs,864,1701
1914-06-01,1915-05-01,Jun 1914 to May 1915,8.772055,365,published-inputs,803,1701
1914-07-01,1915-06-01,Jul 1914 to Jun 1915,8.763836,365,published-inputs,811,1701
1914-08-01,1915-07-01,Aug 1914 to Jul 1915,8.661918,365,published-inputs,922,1701
1914-09-01,1915-08-01,Sep 1914 to Aug 1915,8.576986,365,published-inputs,1013,1701
1914-10-01,1915-09-01,Oct 1914 to Sep 1915,8.576986,365,published-inputs,1015,1701
1914-11-01,1915-10-01,Nov 1914 to Oct 1915,8.483562,365,published-inputs,1138,1701
1914-12-01,1915-11-01,Dec 1914 to Nov 1915,8.195890,365,published-inputs,1443,1701
1915-01-01,1915-12-01,Jan 1915 to Dec 1915,8.272329,365,published-inputs,1383,1701
1915-02-01,1916-01-01,Feb 1915 to Jan 1916,8.544110,365,published-inputs,1050,1701
1915-03-01,1916-02-01,Mar 1915 to Feb 1916,8.506831,366,published-inputs,1107,1701
1915-04-01,1916-03-01,Apr 1915 to Mar 1916,8.371311,366,published-inputs,1279,1701
1915-05-01,1916-04-01,May 1915 to Apr 1916,8.371311,366,published-inputs,1278,1701
1915-06-01,1916-05-01,Jun 1915 to May 1916,8.337432,366,published-inputs,1321,1701
1915-07-01,1916-06-01,Jul 1915 to Jun 1916,8.132514,366,published-inputs,1478,1701
1915-08-01,1916-07-01,Aug 1915 to Jul 1916,8.200273,366,published-inputs,1438,1701
1915-09-01,1916-08-01,Sep 1915 to Aug 1916,8.284973,366,published-inputs,1375,1701
1915-10-01,1916-09-01,Oct 1915 to Sep 1916,8.268579,366,published-inputs,1385,1701
1915-11-01,1916-10-01,Nov 1915 to Oct 1916,8.395628,366,published-inputs,1238,1701
1915-12-01,1916-11-01,Dec 1915 to Nov 1916,8.682514,366,published-inputs,899,1701
1916-01-01,1916-12-01,Jan 1916 to Dec 1916,8.419945,366,published-inputs,1218,1701
1916-02-01,1917-01-01,Feb 1916 to Jan 1917,7.911749,366,published-inputs,1579,1701
1916-03-01,1917-02-01,Mar 1916 to Feb 1917,7.724932,365,published-inputs,1633,1701
1916-04-01,1917-03-01,Apr 1916 to Mar 1917,7.724932,365,published-inputs,1632,1701
1916-05-01,1917-04-01,May 1916 to Apr 1917,7.519452,365,published-inputs,1665,1701
1916-06-01,1917-05-01,Jun 1916 to May 1917,7.638356,365,published-inputs,1647,1701
1916-07-01,1917-06-01,Jul 1916 to Jun 1917,7.827397,365,published-inputs,1608,1701
1916-08-01,1917-07-01,Aug 1916 to Jul 1917,7.886849,365,published-inputs,1589,1701
1916-09-01,1917-08-01,Sep 1916 to Aug 1917,7.801918,365,published-inputs,1615,1701
1916-10-01,1917-09-01,Oct 1916 to Sep 1917,7.843014,365,published-inputs,1601,1701
1916-11-01,1917-10-01,Nov 1916 to Oct 1917,7.613699,365,published-inputs,1651,1701
1916-12-01,1917-11-01,Dec 1916 to Nov 1917,7.728767,365,published-inputs,1631,1701
1917-01-01,1917-12-01,Jan 1917 to Dec 1917,7.771233,365,published-inputs,1625,1701
1917-02-01,1918-01-01,Feb 1917 to Jan 1918,8.017534,365,published-inputs,1535,1701
1917-03-01,1918-02-01,Mar 1917 to Feb 1918,8.439452,365,published-inputs,1197,1701
1917-04-01,1918-03-01,Apr 1917 to Mar 1918,8.634795,365,published-inputs,947,1701
1917-05-01,1918-04-01,May 1917 to Apr 1918,8.766301,365,published-inputs,809,1701
1917-06-01,1918-05-01,Jun 1917 to May 1918,8.766301,365,published-inputs,809,1701
1917-07-01,1918-06-01,Jul 1917 to Jun 1918,8.675890,365,published-inputs,906,1701
1917-08-01,1918-07-01,Aug 1917 to Jul 1918,8.607945,365,published-inputs,979,1701
1917-09-01,1918-08-01,Sep 1917 to Aug 1918,8.667397,365,published-inputs,916,1701
1917-10-01,1918-09-01,Oct 1917 to Sep 1918,8.519452,365,published-inputs,1086,1701
1917-11-01,1918-10-01,Nov 1917 to Oct 1918,8.621370,365,published-inputs,958,1701
1917-12-01,1918-11-01,Dec 1917 to Nov 1918,8.456986,365,published-inputs,1175,1701
1918-01-01,1918-12-01,Jan 1918 to Dec 1918,8.822192,365,published-inputs,756,1701
1918-02-01,1919-01-01,Feb 1918 to Jan 1919,8.745753,365,published-inputs,822,1701
1918-03-01,1919-02-01,Mar 1918 to Feb 1919,8.377534,365,published-inputs,1270,1701
1918-04-01,1919-03-01,Apr 1918 to Mar 1919,8.182192,365,published-inputs,1451,1701
1918-05-01,1919-04-01,May 1918 to Apr 1919,8.149315,365,published-inputs,1468,1701
1918-06-01,1919-05-01,Jun 1918 to May 1919,8.208767,365,published-inputs,1435,1701
1918-07-01,1919-06-01,Jul 1918 to Jun 1919,8.266301,365,published-inputs,1387,1701
1918-08-01,1919-07-01,Aug 1918 to Jul 1919,8.189863,365,published-inputs,1447,1701
1918-09-01,1919-08-01,Sep 1918 to Aug 1919,8.155890,365,published-inputs,1461,1701
1918-10-01,1919-09-01,Oct 1918 to Sep 1919,8.205205,365,published-inputs,1436,1701
1918-11-01,1919-10-01,Nov 1918 to Oct 1919,8.120274,365,published-inputs,1484,1701
1918-12-01,1919-11-01,Dec 1918 to Nov 1919,7.906575,365,published-inputs,1581,1701
1919-01-01,1919-12-01,Jan 1919 to Dec 1919,7.787671,365,published-inputs,1619,1701
1919-02-01,1920-01-01,Feb 1919 to Jan 1920,7.940548,365,published-inputs,1566,1701
1919-03-01,1920-02-01,Mar 1919 to Feb 1920,8.255464,366,published-inputs,1400,1701
1919-04-01,1920-03-01,Apr 1919 to Mar 1920,8.526503,366,published-inputs,1075,1701
1919-05-01,1920-04-01,May 1919 to Apr 1920,8.641257,366,published-inputs,935,1701
1919-06-01,1920-05-01,Jun 1919 to May 1920,8.497268,366,published-inputs,1121,1701
1919-07-01,1920-06-01,Jul 1919 to Jun 1920,8.538251,366,published-inputs,1057,1701
1919-08-01,1920-07-01,Aug 1919 to Jul 1920,8.521311,366,published-inputs,1081,1701
1919-09-01,1920-08-01,Sep 1919 to Aug 1920,8.385792,366,published-inputs,1259,1701
1919-10-01,1920-09-01,Oct 1919 to Sep 1920,8.402186,366,published-inputs,1230,1701
1919-11-01,1920-10-01,Nov 1919 to Oct 1920,8.613934,366,published-inputs,969,1701
1919-12-01,1920-11-01,Dec 1919 to Nov 1920,8.941803,366,published-inputs,649,1701
1920-01-01,1920-12-01,Jan 1920 to Dec 1920,8.814754,366,published-inputs,761,1701
1920-02-01,1921-01-01,Feb 1920 to Jan 1921,8.984153,366,published-inputs,616,1701
1920-03-01,1921-02-01,Mar 1920 to Feb 1921,8.901370,365,published-inputs,694,1701
1920-04-01,1921-03-01,Apr 1920 to Mar 1921,8.935342,365,published-inputs,658,1701
1920-05-01,1921-04-01,May 1920 to Apr 1921,8.943562,365,published-inputs,646,1701
1920-06-01,1921-05-01,Jun 1920 to May 1921,8.909589,365,published-inputs,690,1701
1920-07-01,1921-06-01,Jul 1920 to Jun 1921,8.942466,365,published-inputs,647,1701
1920-08-01,1921-07-01,Aug 1920 to Jul 1921,9.282192,365,published-inputs,403,1701
1920-09-01,1921-08-01,Sep 1920 to Aug 1921,9.392603,365,published-inputs,348,1701
1920-10-01,1921-09-01,Oct 1920 to Sep 1921,9.483014,365,published-inputs,298,1701
1920-11-01,1921-10-01,Nov 1920 to Oct 1921,9.661370,365,published-inputs,216,1701
1920-12-01,1921-11-01,Dec 1920 to Nov 1921,9.513425,365,published-inputs,284,1701
1921-01-01,1921-12-01,Jan 1921 to Dec 1921,9.708767,365,published-inputs,181,1701
1921-02-01,1922-01-01,Feb 1921 to Jan 1922,9.462466,365,published-inputs,312,1701
1921-03-01,1922-02-01,Mar 1921 to Feb 1922,9.454795,365,published-inputs,314,1701
1921-04-01,1922-03-01,Apr 1921 to Mar 1922,9.259452,365,published-inputs,413,1701
1921-05-01,1922-04-01,May 1921 to Apr 1922,9.045753,365,published-inputs,556,1701
1921-06-01,1922-05-01,Jun 1921 to May 1922,9.147671,365,published-inputs,478,1701
1921-07-01,1922-06-01,Jul 1921 to Jun 1922,9.049041,365,published-inputs,550,1701
1921-08-01,1922-07-01,Aug 1921 to Jul 1922,8.649863,365,published-inputs,928,1701
1921-09-01,1922-08-01,Sep 1921 to Aug 1922,8.496986,365,published-inputs,1123,1701
1921-10-01,1922-09-01,Oct 1921 to Sep 1922,8.357260,365,published-inputs,1295,1701
1921-11-01,1922-10-01,Nov 1921 to Oct 1922,7.983562,365,published-inputs,1547,1701
1921-12-01,1922-11-01,Dec 1921 to Nov 1922,8.024658,365,published-inputs,1529,1701
1922-01-01,1922-12-01,Jan 1922 to Dec 1922,7.965205,365,published-inputs,1559,1701
1922-02-01,1923-01-01,Feb 1922 to Jan 1923,8.084110,365,published-inputs,1501,1701
1922-03-01,1923-02-01,Mar 1922 to Feb 1923,8.176164,365,published-inputs,1454,1701
1922-04-01,1923-03-01,Apr 1922 to Mar 1923,8.329041,365,published-inputs,1333,1701
1922-05-01,1923-04-01,May 1922 to Apr 1923,8.501644,365,published-inputs,1112,1701
1922-06-01,1923-05-01,Jun 1922 to May 1923,8.263836,365,published-inputs,1393,1701
1922-07-01,1923-06-01,Jul 1922 to Jun 1923,8.198082,365,published-inputs,1439,1701
1922-08-01,1923-07-01,Aug 1922 to Jul 1923,8.486849,365,published-inputs,1132,1701
1922-09-01,1923-08-01,Sep 1922 to Aug 1923,8.614247,365,published-inputs,968,1701
1922-10-01,1923-09-01,Oct 1922 to Sep 1923,8.606027,365,published-inputs,984,1701
1922-11-01,1923-10-01,Nov 1922 to Oct 1923,8.716438,365,published-inputs,860,1701
1922-12-01,1923-11-01,Dec 1922 to Nov 1923,8.527397,365,published-inputs,1073,1701
1923-01-01,1923-12-01,Jan 1923 to Dec 1923,8.425479,365,published-inputs,1212,1701
1923-02-01,1924-01-01,Feb 1923 to Jan 1924,8.366027,365,published-inputs,1284,1701
1923-03-01,1924-02-01,Mar 1923 to Feb 1924,8.152186,366,published-inputs,1464,1701
1923-04-01,1924-03-01,Apr 1923 to Mar 1924,7.982787,366,published-inputs,1549,1701
1923-05-01,1924-04-01,May 1923 to Apr 1924,7.917213,366,published-inputs,1575,1701
1923-06-01,1924-05-01,Jun 1923 to May 1924,8.078142,366,published-inputs,1505,1701
1923-07-01,1924-06-01,Jul 1923 to Jun 1924,8.151913,366,published-inputs,1465,1701
1923-08-01,1924-07-01,Aug 1923 to Jul 1924,7.990984,366,published-inputs,1546,1701
1923-09-01,1924-08-01,Sep 1923 to Aug 1924,7.923224,366,published-inputs,1573,1701
1923-10-01,1924-09-01,Oct 1923 to Sep 1924,7.996995,366,published-inputs,1541,1701
1923-11-01,1924-10-01,Nov 1923 to Oct 1924,8.039344,366,published-inputs,1524,1701
1923-12-01,1924-11-01,Dec 1923 to Nov 1924,8.301639,366,published-inputs,1361,1701
1924-01-01,1924-12-01,Jan 1924 to Dec 1924,8.504918,366,published-inputs,1109,1701
1924-02-01,1925-01-01,Feb 1924 to Jan 1925,8.564208,366,published-inputs,1022,1701
1924-03-01,1925-02-01,Mar 1924 to Feb 1925,8.702466,365,published-inputs,878,1701
1924-04-01,1925-03-01,Apr 1924 to Mar 1925,8.744932,365,published-inputs,825,1701
1924-05-01,1925-04-01,May 1924 to Apr 1925,8.786027,365,published-inputs,792,1701
1924-06-01,1925-05-01,Jun 1924 to May 1925,8.769041,365,published-inputs,806,1701
1924-07-01,1925-06-01,Jul 1924 to Jun 1925,8.875890,365,published-inputs,713,1701
1924-08-01,1925-07-01,Aug 1924 to Jul 1925,9.003288,365,published-inputs,597,1701
1924-09-01,1925-08-01,Sep 1924 to Aug 1925,9.122192,365,published-inputs,496,1701
1924-10-01,1925-09-01,Oct 1924 to Sep 1925,9.007123,365,published-inputs,592,1701
1924-11-01,1925-10-01,Nov 1924 to Oct 1925,9.032603,365,published-inputs,575,1701
1924-12-01,1925-11-01,Dec 1924 to Nov 1925,8.769589,365,published-inputs,805,1701
1925-01-01,1925-12-01,Jan 1925 to Dec 1925,8.446849,365,published-inputs,1187,1701
1925-02-01,1926-01-01,Feb 1925 to Jan 1926,8.395890,365,published-inputs,1237,1701
1925-03-01,1926-02-01,Mar 1925 to Feb 1926,8.518630,365,published-inputs,1088,1701
1925-04-01,1926-03-01,Apr 1925 to Mar 1926,8.629041,365,published-inputs,953,1701
1925-05-01,1926-04-01,May 1925 to Apr 1926,8.768767,365,published-inputs,807,1701
1925-06-01,1926-05-01,Jun 1925 to May 1926,8.692329,365,published-inputs,889,1701
1925-07-01,1926-06-01,Jul 1925 to Jun 1926,8.552603,365,published-inputs,1036,1701
1925-08-01,1926-07-01,Aug 1925 to Jul 1926,8.595068,365,published-inputs,993,1701
1925-09-01,1926-08-01,Sep 1925 to Aug 1926,8.654521,365,published-inputs,926,1701
1925-10-01,1926-09-01,Oct 1925 to Sep 1926,8.876438,365,published-inputs,710,1701
1925-11-01,1926-10-01,Nov 1925 to Oct 1926,8.681096,365,published-inputs,902,1701
1925-12-01,1926-11-01,Dec 1925 to Nov 1926,8.845479,365,published-inputs,738,1701
1926-01-01,1926-12-01,Jan 1926 to Dec 1926,8.930411,365,published-inputs,665,1701
1926-02-01,1927-01-01,Feb 1926 to Jan 1927,8.913425,365,published-inputs,685,1701
1926-03-01,1927-02-01,Mar 1926 to Feb 1927,8.736986,365,published-inputs,837,1701
1926-04-01,1927-03-01,Apr 1926 to Mar 1927,8.787945,365,published-inputs,789,1701
1926-05-01,1927-04-01,May 1926 to Apr 1927,8.681096,365,published-inputs,901,1701
1926-06-01,1927-05-01,Jun 1926 to May 1927,8.783014,365,published-inputs,794,1701
1926-07-01,1927-06-01,Jul 1926 to Jun 1927,8.725479,365,published-inputs,848,1701
1926-08-01,1927-07-01,Aug 1926 to Jul 1927,8.623562,365,published-inputs,956,1701
1926-09-01,1927-08-01,Sep 1926 to Aug 1927,8.564110,365,published-inputs,1023,1701
1926-10-01,1927-09-01,Oct 1926 to Sep 1927,8.407945,365,published-inputs,1226,1701
1926-11-01,1927-10-01,Nov 1926 to Oct 1927,8.603288,365,published-inputs,985,1701
1926-12-01,1927-11-01,Dec 1926 to Nov 1927,8.644384,365,published-inputs,933,1701
1927-01-01,1927-12-01,Jan 1927 to Dec 1927,8.466027,365,published-inputs,1158,1701
1927-02-01,1928-01-01,Feb 1927 to Jan 1928,8.500000,365,published-inputs,1115,1701
1927-03-01,1928-02-01,Mar 1927 to Feb 1928,8.613934,366,published-inputs,969,1701
1927-04-01,1928-03-01,Apr 1927 to Mar 1928,8.512295,366,published-inputs,1095,1701
1927-05-01,1928-04-01,May 1927 to Apr 1928,8.553279,366,published-inputs,1035,1701
1927-06-01,1928-05-01,Jun 1927 to May 1928,8.544809,366,published-inputs,1046,1701
1927-07-01,1928-06-01,Jul 1927 to Jun 1928,8.593989,366,published-inputs,995,1701
1927-08-01,1928-07-01,Aug 1927 to Jul 1928,8.568579,366,published-inputs,1020,1701
1927-09-01,1928-08-01,Sep 1927 to Aug 1928,8.534699,366,published-inputs,1062,1701
1927-10-01,1928-09-01,Oct 1927 to Sep 1928,8.542896,366,published-inputs,1053,1701
1927-11-01,1928-10-01,Nov 1927 to Oct 1928,8.525956,366,published-inputs,1076,1701
1927-12-01,1928-11-01,Dec 1927 to Nov 1928,8.648907,366,published-inputs,929,1701
1928-01-01,1928-12-01,Jan 1928 to Dec 1928,8.801366,366,published-inputs,778,1701
1928-02-01,1929-01-01,Feb 1928 to Jan 1929,8.521858,366,published-inputs,1080,1701
1928-03-01,1929-02-01,Mar 1928 to Feb 1929,8.154521,365,published-inputs,1462,1701
1928-04-01,1929-03-01,Apr 1928 to Mar 1929,8.196986,365,published-inputs,1442,1701
1928-05-01,1929-04-01,May 1928 to Apr 1929,8.081918,365,published-inputs,1502,1701
1928-06-01,1929-05-01,Jun 1928 to May 1929,8.073425,365,published-inputs,1510,1701
1928-07-01,1929-06-01,Jul 1928 to Jun 1929,8.065205,365,published-inputs,1513,1701
1928-08-01,1929-07-01,Aug 1928 to Jul 1929,8.073699,365,published-inputs,1509,1701
1928-09-01,1929-08-01,Sep 1928 to Aug 1929,8.048219,365,published-inputs,1521,1701
1928-10-01,1929-09-01,Oct 1928 to Sep 1929,8.237260,365,published-inputs,1410,1701
1928-11-01,1929-10-01,Nov 1928 to Oct 1929,8.177808,365,published-inputs,1453,1701
1928-12-01,1929-11-01,Dec 1928 to Nov 1929,8.103836,365,published-inputs,1493,1701
1929-01-01,1929-12-01,Jan 1929 to Dec 1929,8.265205,365,published-inputs,1391,1701
1929-02-01,1930-01-01,Feb 1929 to Jan 1930,8.545479,365,published-inputs,1044,1701
1929-03-01,1930-02-01,Mar 1929 to Feb 1930,8.637534,365,published-inputs,942,1701
1929-04-01,1930-03-01,Apr 1929 to Mar 1930,8.544110,365,published-inputs,1050,1701
1929-05-01,1930-04-01,May 1929 to Apr 1930,8.634521,365,published-inputs,948,1701
1929-06-01,1930-05-01,Jun 1929 to May 1930,8.592055,365,published-inputs,997,1701
1929-07-01,1930-06-01,Jul 1929 to Jun 1930,8.740000,365,published-inputs,830,1701
1929-08-01,1930-07-01,Aug 1929 to Jul 1930,8.697534,365,published-inputs,884,1701
1929-09-01,1930-08-01,Sep 1929 to Aug 1930,8.740000,365,published-inputs,830,1701
1929-10-01,1930-09-01,Oct 1929 to Sep 1930,8.633151,365,published-inputs,949,1701
1929-11-01,1930-10-01,Nov 1929 to Oct 1930,8.709589,365,published-inputs,866,1701
1929-12-01,1930-11-01,Dec 1929 to Nov 1930,8.684932,365,published-inputs,896,1701
1930-01-01,1930-12-01,Jan 1930 to Dec 1930,8.600000,365,published-inputs,987,1701
1930-02-01,1931-01-01,Feb 1930 to Jan 1931,8.464110,365,published-inputs,1162,1701
1930-03-01,1931-02-01,Mar 1930 to Feb 1931,8.609863,365,published-inputs,977,1701
1930-04-01,1931-03-01,Apr 1930 to Mar 1931,8.533425,365,published-inputs,1065,1701
1930-05-01,1931-04-01,May 1930 to Apr 1931,8.484110,365,published-inputs,1137,1701
1930-06-01,1931-05-01,Jun 1930 to May 1931,8.501096,365,published-inputs,1113,1701
1930-07-01,1931-06-01,Jul 1930 to Jun 1931,8.443562,365,published-inputs,1189,1701
1930-08-01,1931-07-01,Aug 1930 to Jul 1931,8.426575,365,published-inputs,1210,1701
1930-09-01,1931-08-01,Sep 1930 to Aug 1931,8.367123,365,published-inputs,1283,1701
1930-10-01,1931-09-01,Oct 1930 to Sep 1931,8.227397,365,published-inputs,1419,1701
1930-11-01,1931-10-01,Nov 1930 to Oct 1931,8.091507,365,published-inputs,1497,1701
1930-12-01,1931-11-01,Dec 1930 to Nov 1931,8.190137,365,published-inputs,1446,1701
1931-01-01,1931-12-01,Jan 1931 to Dec 1931,8.258082,365,published-inputs,1398,1701
1931-02-01,1932-01-01,Feb 1931 to Jan 1932,8.478904,365,published-inputs,1146,1701
1931-03-01,1932-02-01,Mar 1931 to Feb 1932,8.386339,366,published-inputs,1257,1701
1931-04-01,1932-03-01,Apr 1931 to Mar 1932,8.428689,366,published-inputs,1208,1701
1931-05-01,1932-04-01,May 1931 to Apr 1932,8.363115,366,published-inputs,1288,1701
1931-06-01,1932-05-01,Jun 1931 to May 1932,8.295355,366,published-inputs,1367,1701
1931-07-01,1932-06-01,Jul 1931 to Jun 1932,8.319945,366,published-inputs,1341,1701
1931-08-01,1932-07-01,Aug 1931 to Jul 1932,8.387705,366,published-inputs,1251,1701
1931-09-01,1932-08-01,Sep 1931 to Aug 1932,8.590984,366,published-inputs,1001,1701
1931-10-01,1932-09-01,Oct 1931 to Sep 1932,8.697541,366,published-inputs,882,1701
1931-11-01,1932-10-01,Nov 1931 to Oct 1932,8.697541,366,published-inputs,882,1701
1931-12-01,1932-11-01,Dec 1931 to Nov 1932,8.607377,366,published-inputs,981,1701
1932-01-01,1932-12-01,Jan 1932 to Dec 1932,8.607377,366,published-inputs,981,1701
1932-02-01,1933-01-01,Feb 1932 to Jan 1933,8.293989,366,published-inputs,1368,1701
1932-03-01,1933-02-01,Mar 1932 to Feb 1933,8.370959,365,published-inputs,1280,1701
1932-04-01,1933-03-01,Apr 1932 to Mar 1933,8.583288,365,published-inputs,1007,1701
1932-05-01,1933-04-01,May 1932 to Apr 1933,8.739452,365,published-inputs,832,1701
1932-06-01,1933-05-01,Jun 1932 to May 1933,8.883836,365,published-inputs,704,1701
1932-07-01,1933-06-01,Jul 1932 to Jun 1933,8.941370,365,published-inputs,651,1701
1932-08-01,1933-07-01,Aug 1932 to Jul 1933,9.068767,365,published-inputs,529,1701
1932-09-01,1933-08-01,Sep 1932 to Aug 1933,9.077260,365,published-inputs,522,1701
1932-10-01,1933-09-01,Oct 1932 to Sep 1933,9.225205,365,published-inputs,435,1701
1932-11-01,1933-10-01,Nov 1932 to Oct 1933,9.327123,365,published-inputs,375,1701
1932-12-01,1933-11-01,Dec 1932 to Nov 1933,9.236712,365,published-inputs,426,1701
1933-01-01,1933-12-01,Jan 1933 to Dec 1933,8.880000,365,published-inputs,707,1701
1933-02-01,1934-01-01,Feb 1933 to Jan 1934,9.049863,365,published-inputs,549,1701
1933-03-01,1934-02-01,Mar 1933 to Feb 1934,9.034521,365,published-inputs,569,1701
1933-04-01,1934-03-01,Apr 1933 to Mar 1934,8.839178,365,published-inputs,745,1701
1933-05-01,1934-04-01,May 1933 to Apr 1934,8.748767,365,published-inputs,820,1701
1933-06-01,1934-05-01,Jun 1933 to May 1934,8.680822,365,published-inputs,903,1701
1933-07-01,1934-06-01,Jul 1933 to Jun 1934,8.672603,365,published-inputs,910,1701
1933-08-01,1934-07-01,Aug 1933 to Jul 1934,8.740548,365,published-inputs,829,1701
1933-09-01,1934-08-01,Sep 1933 to Aug 1934,8.553699,365,published-inputs,1033,1701
1933-10-01,1934-09-01,Oct 1933 to Sep 1934,8.479726,365,published-inputs,1145,1701
1933-11-01,1934-10-01,Nov 1933 to Oct 1934,8.488219,365,published-inputs,1131,1701
1933-12-01,1934-11-01,Dec 1933 to Nov 1934,8.529315,365,published-inputs,1070,1701
1934-01-01,1934-12-01,Jan 1934 to Dec 1934,9.072877,365,published-inputs,526,1701
1934-02-01,1935-01-01,Feb 1934 to Jan 1935,9.081370,365,published-inputs,518,1701
1934-03-01,1935-02-01,Mar 1934 to Feb 1935,9.234795,365,published-inputs,430,1701
1934-04-01,1935-03-01,Apr 1934 to Mar 1935,9.353699,365,published-inputs,365,1701
1934-05-01,1935-04-01,May 1934 to Apr 1935,9.403014,365,published-inputs,343,1701
1934-06-01,1935-05-01,Jun 1934 to May 1935,9.369041,365,published-inputs,356,1701
1934-07-01,1935-06-01,Jul 1934 to Jun 1935,9.336164,365,published-inputs,370,1701
1934-08-01,1935-07-01,Aug 1934 to Jul 1935,9.225753,365,published-inputs,434,1701
1934-09-01,1935-08-01,Sep 1934 to Aug 1935,9.319178,365,published-inputs,379,1701
1934-10-01,1935-09-01,Oct 1934 to Sep 1935,9.269863,365,published-inputs,406,1701
1934-11-01,1935-10-01,Nov 1934 to Oct 1935,9.210411,365,published-inputs,441,1701
1934-12-01,1935-11-01,Dec 1934 to Nov 1935,9.235068,365,published-inputs,429,1701
1935-01-01,1935-12-01,Jan 1935 to Dec 1935,8.844384,365,published-inputs,740,1701
1935-02-01,1936-01-01,Feb 1935 to Jan 1936,8.767945,365,published-inputs,808,1701
1935-03-01,1936-02-01,Mar 1935 to Feb 1936,8.544262,366,published-inputs,1049,1701
1935-04-01,1936-03-01,Apr 1935 to Mar 1936,8.578142,366,published-inputs,1011,1701
1935-05-01,1936-04-01,May 1935 to Apr 1936,8.438798,366,published-inputs,1200,1701
1935-06-01,1936-05-01,Jun 1935 to May 1936,8.515027,366,published-inputs,1093,1701
1935-07-01,1936-06-01,Jul 1935 to Jun 1936,8.498634,366,published-inputs,1120,1701
1935-08-01,1936-07-01,Aug 1935 to Jul 1936,8.354645,366,published-inputs,1302,1701
1935-09-01,1936-08-01,Sep 1935 to Aug 1936,8.337705,366,published-inputs,1320,1701
1935-10-01,1936-09-01,Oct 1935 to Sep 1936,8.395082,366,published-inputs,1239,1701
1935-11-01,1936-10-01,Nov 1935 to Oct 1936,8.403552,366,published-inputs,1229,1701
1935-12-01,1936-11-01,Dec 1935 to Nov 1936,8.378962,366,published-inputs,1268,1701
1936-01-01,1936-12-01,Jan 1936 to Dec 1936,8.582240,366,published-inputs,1008,1701
1936-02-01,1937-01-01,Feb 1936 to Jan 1937,8.709290,366,published-inputs,868,1701
1936-03-01,1937-02-01,Mar 1936 to Feb 1937,8.925753,365,published-inputs,674,1701
1936-04-01,1937-03-01,Apr 1936 to Mar 1937,8.653973,365,published-inputs,927,1701
1936-05-01,1937-04-01,May 1936 to Apr 1937,8.892329,365,published-inputs,698,1701
1936-06-01,1937-05-01,Jun 1936 to May 1937,8.926301,365,published-inputs,673,1701
1936-07-01,1937-06-01,Jul 1936 to Jun 1937,8.876986,365,published-inputs,709,1701
1936-08-01,1937-07-01,Aug 1936 to Jul 1937,8.927945,365,published-inputs,669,1701
1936-09-01,1937-08-01,Sep 1936 to Aug 1937,8.987397,365,published-inputs,609,1701
1936-10-01,1937-09-01,Oct 1936 to Sep 1937,8.913425,365,published-inputs,685,1701
1936-11-01,1937-10-01,Nov 1936 to Oct 1937,8.955890,365,published-inputs,637,1701
1936-12-01,1937-11-01,Dec 1936 to Nov 1937,8.906575,365,published-inputs,691,1701
1937-01-01,1937-12-01,Jan 1937 to Dec 1937,8.711233,365,published-inputs,865,1701
1937-02-01,1938-01-01,Feb 1937 to Jan 1938,8.762192,365,published-inputs,814,1701
1937-03-01,1938-02-01,Mar 1937 to Feb 1938,8.708493,365,published-inputs,870,1701
1937-04-01,1938-03-01,Apr 1937 to Mar 1938,9.099178,365,published-inputs,508,1701
1937-05-01,1938-04-01,May 1937 to Apr 1938,8.967671,365,published-inputs,629,1701
1937-06-01,1938-05-01,Jun 1937 to May 1938,8.874247,365,published-inputs,714,1701
1937-07-01,1938-06-01,Jul 1937 to Jun 1938,8.866027,365,published-inputs,720,1701
1937-08-01,1938-07-01,Aug 1937 to Jul 1938,8.772603,365,published-inputs,802,1701
1937-09-01,1938-08-01,Sep 1937 to Aug 1938,8.679178,365,published-inputs,905,1701
1937-10-01,1938-09-01,Oct 1937 to Sep 1938,8.687397,365,published-inputs,894,1701
1937-11-01,1938-10-01,Nov 1937 to Oct 1938,8.729863,365,published-inputs,845,1701
1937-12-01,1938-11-01,Dec 1937 to Nov 1938,9.033973,365,published-inputs,572,1701
1938-01-01,1938-12-01,Jan 1938 to Dec 1938,9.144384,365,published-inputs,481,1701
1938-02-01,1939-01-01,Feb 1938 to Jan 1939,9.008493,365,published-inputs,591,1701
1938-03-01,1939-02-01,Mar 1938 to Feb 1939,9.046849,365,published-inputs,553,1701
1938-04-01,1939-03-01,Apr 1938 to Mar 1939,8.860000,365,published-inputs,730,1701
1938-05-01,1939-04-01,May 1938 to Apr 1939,8.933973,365,published-inputs,661,1701
1938-06-01,1939-05-01,Jun 1938 to May 1939,8.984932,365,published-inputs,614,1701
1938-07-01,1939-06-01,Jul 1938 to Jun 1939,9.042466,365,published-inputs,560,1701
1938-08-01,1939-07-01,Aug 1938 to Jul 1939,9.076438,365,published-inputs,523,1701
1938-09-01,1939-08-01,Sep 1938 to Aug 1939,9.152877,365,published-inputs,475,1701
1938-10-01,1939-09-01,Oct 1938 to Sep 1939,9.193973,365,published-inputs,446,1701
1938-11-01,1939-10-01,Nov 1938 to Oct 1939,9.007123,365,published-inputs,593,1701
1938-12-01,1939-11-01,Dec 1938 to Nov 1939,8.957808,365,published-inputs,636,1701
1939-01-01,1939-12-01,Jan 1939 to Dec 1939,8.864384,365,published-inputs,723,1701
1939-02-01,1940-01-01,Feb 1939 to Jan 1940,8.482192,365,published-inputs,1141,1701
1939-03-01,1940-02-01,Mar 1939 to Feb 1940,8.306011,366,published-inputs,1356,1701
1939-04-01,1940-03-01,Apr 1939 to Mar 1940,8.306011,366,published-inputs,1355,1701
1939-05-01,1940-04-01,May 1939 to Apr 1940,8.322404,366,published-inputs,1338,1701
1939-06-01,1940-05-01,Jun 1939 to May 1940,8.390164,366,published-inputs,1247,1701
1939-07-01,1940-06-01,Jul 1939 to Jun 1940,8.529508,366,published-inputs,1069,1701
1939-08-01,1940-07-01,Aug 1939 to Jul 1940,8.521038,366,published-inputs,1082,1701
1939-09-01,1940-08-01,Sep 1939 to Aug 1940,8.461749,366,published-inputs,1167,1701
1939-10-01,1940-09-01,Oct 1939 to Sep 1940,8.363388,366,published-inputs,1287,1701
1939-11-01,1940-10-01,Nov 1939 to Oct 1940,8.465027,366,published-inputs,1160,1701
1939-12-01,1940-11-01,Dec 1939 to Nov 1940,8.342077,366,published-inputs,1315,1701
1940-01-01,1940-12-01,Jan 1940 to Dec 1940,8.409836,366,published-inputs,1225,1701
1940-02-01,1941-01-01,Feb 1940 to Jan 1941,8.469126,366,published-inputs,1155,1701
1940-03-01,1941-02-01,Mar 1940 to Feb 1941,8.500000,365,published-inputs,1116,1701
1940-04-01,1941-03-01,Apr 1940 to Mar 1941,8.432055,365,published-inputs,1206,1701
1940-05-01,1941-04-01,May 1940 to Apr 1941,8.259452,365,published-inputs,1396,1701
1940-06-01,1941-05-01,Jun 1940 to May 1941,8.030137,365,published-inputs,1527,1701
1940-07-01,1941-06-01,Jul 1940 to Jun 1941,7.915068,365,published-inputs,1577,1701
1940-08-01,1941-07-01,Aug 1940 to Jul 1941,8.059452,365,published-inputs,1517,1701
1940-09-01,1941-08-01,Sep 1940 to Aug 1941,7.974521,365,published-inputs,1555,1701
1940-10-01,1941-09-01,Oct 1940 to Sep 1941,8.147123,365,published-inputs,1470,1701
1940-11-01,1941-10-01,Nov 1940 to Oct 1941,8.232055,365,published-inputs,1417,1701
1940-12-01,1941-11-01,Dec 1940 to Nov 1941,8.215616,365,published-inputs,1430,1701
1941-01-01,1941-12-01,Jan 1941 to Dec 1941,8.360000,365,published-inputs,1290,1701
1941-02-01,1942-01-01,Feb 1941 to Jan 1942,8.529863,365,published-inputs,1068,1701
1941-03-01,1942-02-01,Mar 1941 to Feb 1942,8.330411,365,published-inputs,1330,1701
1941-04-01,1942-03-01,Apr 1941 to Mar 1942,8.389863,365,published-inputs,1248,1701
1941-05-01,1942-04-01,May 1941 to Apr 1942,8.611781,365,published-inputs,974,1701
1941-06-01,1942-05-01,Jun 1941 to May 1942,8.747671,365,published-inputs,821,1701
1941-07-01,1942-06-01,Jul 1941 to Jun 1942,8.706575,365,published-inputs,872,1701
1941-08-01,1942-07-01,Aug 1941 to Jul 1942,8.596164,365,published-inputs,992,1701
1941-09-01,1942-08-01,Sep 1941 to Aug 1942,8.723562,365,published-inputs,850,1701
1941-10-01,1942-09-01,Oct 1941 to Sep 1942,8.616712,365,published-inputs,963,1701
1941-11-01,1942-10-01,Nov 1941 to Oct 1942,8.591233,365,published-inputs,1000,1701
1941-12-01,1942-11-01,Dec 1941 to Nov 1942,8.459726,365,published-inputs,1170,1701
1942-01-01,1942-12-01,Jan 1942 to Dec 1942,8.544658,365,published-inputs,1048,1701
1942-02-01,1943-01-01,Feb 1942 to Jan 1943,8.790959,365,published-inputs,786,1701
1942-03-01,1943-02-01,Mar 1942 to Feb 1943,9.189863,365,published-inputs,449,1701
1942-04-01,1943-03-01,Apr 1942 to Mar 1943,9.266301,365,published-inputs,410,1701
1942-05-01,1943-04-01,May 1942 to Apr 1943,9.323836,365,published-inputs,377,1701
1942-06-01,1943-05-01,Jun 1942 to May 1943,9.357808,365,published-inputs,363,1701
1942-07-01,1943-06-01,Jul 1942 to Jun 1943,9.341370,365,published-inputs,368,1701
1942-08-01,1943-07-01,Aug 1942 to Jul 1943,9.417808,365,published-inputs,333,1701
1942-09-01,1943-08-01,Sep 1942 to Aug 1943,9.366849,365,published-inputs,357,1701
1942-10-01,1943-09-01,Oct 1942 to Sep 1943,9.309315,365,published-inputs,387,1701
1942-11-01,1943-10-01,Nov 1942 to Oct 1943,9.317808,365,published-inputs,380,1701
1942-12-01,1943-11-01,Dec 1942 to Nov 1943,9.441096,365,published-inputs,321,1701
1943-01-01,1943-12-01,Jan 1943 to Dec 1943,9.160822,365,published-inputs,466,1701
1943-02-01,1944-01-01,Feb 1943 to Jan 1944,9.237260,365,published-inputs,425,1701
1943-03-01,1944-02-01,Mar 1943 to Feb 1944,9.045082,366,published-inputs,557,1701
1943-04-01,1944-03-01,Apr 1943 to Mar 1944,8.926503,366,published-inputs,672,1701
1943-05-01,1944-04-01,May 1943 to Apr 1944,8.910109,366,published-inputs,688,1701
1943-06-01,1944-05-01,Jun 1943 to May 1944,8.876230,366,published-inputs,712,1701
1943-07-01,1944-06-01,Jul 1943 to Jun 1944,8.827049,366,published-inputs,750,1701
1943-08-01,1944-07-01,Aug 1943 to Jul 1944,8.827049,366,published-inputs,750,1701
1943-09-01,1944-08-01,Sep 1943 to Aug 1944,8.920219,366,published-inputs,681,1701
1943-10-01,1944-09-01,Oct 1943 to Sep 1944,8.887432,366,published-inputs,701,1701
1943-11-01,1944-10-01,Nov 1943 to Oct 1944,8.777322,366,published-inputs,798,1701
1943-12-01,1944-11-01,Dec 1943 to Nov 1944,8.760929,366,published-inputs,816,1701
1944-01-01,1944-12-01,Jan 1944 to Dec 1944,8.820219,366,published-inputs,760,1701
1944-02-01,1945-01-01,Feb 1944 to Jan 1945,8.379781,366,published-inputs,1266,1701
1944-03-01,1945-02-01,Mar 1944 to Feb 1945,8.608493,365,published-inputs,978,1701
1944-04-01,1945-03-01,Apr 1944 to Mar 1945,8.786849,365,published-inputs,791,1701
1944-05-01,1945-04-01,May 1944 to Apr 1945,8.803288,365,published-inputs,776,1701
1944-06-01,1945-05-01,Jun 1944 to May 1945,8.862740,365,published-inputs,727,1701
1944-07-01,1945-06-01,Jul 1944 to Jun 1945,8.912055,365,published-inputs,687,1701
1944-08-01,1945-07-01,Aug 1944 to Jul 1945,8.886575,365,published-inputs,703,1701
1944-09-01,1945-08-01,Sep 1944 to Aug 1945,8.810137,365,published-inputs,768,1701
1944-10-01,1945-09-01,Oct 1944 to Sep 1945,8.941644,365,published-inputs,650,1701
1944-11-01,1945-10-01,Nov 1944 to Oct 1945,9.153973,365,published-inputs,473,1701
1944-12-01,1945-11-01,Dec 1944 to Nov 1945,9.203288,365,published-inputs,444,1701
1945-01-01,1945-12-01,Jan 1945 to Dec 1945,9.305205,365,published-inputs,388,1701
1945-02-01,1946-01-01,Feb 1945 to Jan 1946,9.483562,365,published-inputs,297,1701
1945-03-01,1946-02-01,Mar 1945 to Feb 1946,9.437534,365,published-inputs,323,1701
1945-04-01,1946-03-01,Apr 1945 to Mar 1946,9.242192,365,published-inputs,422,1701
1945-05-01,1946-04-01,May 1945 to Apr 1946,9.209315,365,published-inputs,443,1701
1945-06-01,1946-05-01,Jun 1945 to May 1946,9.124384,365,published-inputs,495,1701
1945-07-01,1946-06-01,Jul 1945 to Jun 1946,9.009315,365,published-inputs,590,1701
1945-08-01,1946-07-01,Aug 1945 to Jul 1946,8.966849,365,published-inputs,630,1701
1945-09-01,1946-08-01,Sep 1945 to Aug 1946,8.822466,365,published-inputs,755,1701
1945-10-01,1946-09-01,Oct 1945 to Sep 1946,8.797808,365,published-inputs,783,1701
1945-11-01,1946-10-01,Nov 1945 to Oct 1946,8.636438,365,published-inputs,943,1701
1945-12-01,1946-11-01,Dec 1945 to Nov 1946,8.718630,365,published-inputs,857,1701
1946-01-01,1946-12-01,Jan 1946 to Dec 1946,8.540274,365,published-inputs,1056,1701
1946-02-01,1947-01-01,Feb 1946 to Jan 1947,8.480822,365,published-inputs,1144,1701
1946-03-01,1947-02-01,Mar 1946 to Feb 1947,7.882466,365,published-inputs,1592,1701
1946-04-01,1947-03-01,Apr 1946 to Mar 1947,7.763562,365,published-inputs,1626,1701
1946-05-01,1947-04-01,May 1946 to Apr 1947,7.640274,365,published-inputs,1646,1701
1946-06-01,1947-05-01,Jun 1946 to May 1947,7.784658,365,published-inputs,1621,1701
1946-07-01,1947-06-01,Jul 1946 to Jun 1947,7.957260,365,published-inputs,1561,1701
1946-08-01,1947-07-01,Aug 1946 to Jul 1947,8.008219,365,published-inputs,1537,1701
1946-09-01,1947-08-01,Sep 1946 to Aug 1947,8.373425,365,published-inputs,1275,1701
1946-10-01,1947-09-01,Oct 1946 to Sep 1947,8.439178,365,published-inputs,1199,1701
1946-11-01,1947-10-01,Nov 1946 to Oct 1947,8.507123,365,published-inputs,1104,1701
1946-12-01,1947-11-01,Dec 1946 to Nov 1947,8.441370,365,published-inputs,1194,1701
1947-01-01,1947-12-01,Jan 1947 to Dec 1947,8.585753,365,published-inputs,1006,1701
1947-02-01,1948-01-01,Feb 1947 to Jan 1948,8.823562,365,published-inputs,754,1701
1947-03-01,1948-02-01,Mar 1947 to Feb 1948,9.292350,366,published-inputs,399,1701
1947-04-01,1948-03-01,Apr 1947 to Mar 1948,9.690437,366,published-inputs,196,1701
1947-05-01,1948-04-01,May 1947 to Apr 1948,9.723224,366,published-inputs,174,1701
1947-06-01,1948-05-01,Jun 1947 to May 1948,9.621585,366,published-inputs,237,1701
1947-07-01,1948-06-01,Jul 1947 to Jun 1948,9.506831,366,published-inputs,285,1701
1947-08-01,1948-07-01,Aug 1947 to Jul 1948,9.464481,366,published-inputs,308,1701
1947-09-01,1948-08-01,Sep 1947 to Aug 1948,9.176503,366,published-inputs,460,1701
1947-10-01,1948-09-01,Oct 1947 to Sep 1948,9.102732,366,published-inputs,504,1701
1947-11-01,1948-10-01,Nov 1947 to Oct 1948,9.077322,366,published-inputs,521,1701
1947-12-01,1948-11-01,Dec 1947 to Nov 1948,9.126503,366,published-inputs,492,1701
1948-01-01,1948-12-01,Jan 1948 to Dec 1948,9.151913,366,published-inputs,476,1701
1948-02-01,1949-01-01,Feb 1948 to Jan 1949,9.185792,366,published-inputs,454,1701
1948-03-01,1949-02-01,Mar 1948 to Feb 1949,9.284384,365,published-inputs,402,1701
1948-04-01,1949-03-01,Apr 1948 to Mar 1949,9.038082,365,published-inputs,566,1701
1948-05-01,1949-04-01,May 1948 to Apr 1949,9.112055,365,published-inputs,501,1701
1948-06-01,1949-05-01,Jun 1948 to May 1949,9.086575,365,published-inputs,514,1701
1948-07-01,1949-06-01,Jul 1948 to Jun 1949,9.234521,365,published-inputs,431,1701
1948-08-01,1949-07-01,Aug 1948 to Jul 1949,9.404384,365,published-inputs,341,1701
1948-09-01,1949-08-01,Sep 1948 to Aug 1949,9.531781,365,published-inputs,278,1701
1948-10-01,1949-09-01,Oct 1948 to Sep 1949,9.712603,365,published-inputs,178,1701
1948-11-01,1949-10-01,Nov 1948 to Oct 1949,9.848493,365,published-inputs,121,1701
1948-12-01,1949-11-01,Dec 1948 to Nov 1949,9.758082,365,published-inputs,155,1701
1949-01-01,1949-12-01,Jan 1949 to Dec 1949,9.783562,365,published-inputs,142,1701
1949-02-01,1950-01-01,Feb 1949 to Jan 1950,9.681644,365,published-inputs,206,1701
1949-03-01,1950-02-01,Mar 1949 to Feb 1950,9.666301,365,published-inputs,212,1701
1949-04-01,1950-03-01,Apr 1949 to Mar 1950,9.827671,365,published-inputs,128,1701
1949-05-01,1950-04-01,May 1949 to Apr 1950,9.679726,365,published-inputs,208,1701
1949-06-01,1950-05-01,Jun 1949 to May 1950,9.730685,365,published-inputs,170,1701
1949-07-01,1950-06-01,Jul 1949 to Jun 1950,9.771781,365,published-inputs,148,1701
1949-08-01,1950-07-01,Aug 1949 to Jul 1950,9.618904,365,published-inputs,238,1701
1949-09-01,1950-08-01,Sep 1949 to Aug 1950,9.500000,365,published-inputs,287,1701
1949-10-01,1950-09-01,Oct 1949 to Sep 1950,9.253425,365,published-inputs,415,1701
1949-11-01,1950-10-01,Nov 1949 to Oct 1950,9.066575,365,published-inputs,533,1701
1949-12-01,1950-11-01,Dec 1949 to Nov 1950,8.967945,365,published-inputs,628,1701
1950-01-01,1950-12-01,Jan 1950 to Dec 1950,8.619726,365,published-inputs,960,1701
1950-02-01,1951-01-01,Feb 1950 to Jan 1951,8.577260,365,published-inputs,1012,1701
1950-03-01,1951-02-01,Mar 1950 to Feb 1951,8.439178,365,published-inputs,1198,1701
1950-04-01,1951-03-01,Apr 1950 to Mar 1951,8.150411,365,published-inputs,1466,1701
1950-05-01,1951-04-01,May 1950 to Apr 1951,8.076438,365,published-inputs,1506,1701
1950-06-01,1951-05-01,Jun 1950 to May 1951,7.940548,365,published-inputs,1565,1701
1950-07-01,1951-06-01,Jul 1950 to Jun 1951,7.800822,365,published-inputs,1616,1701
1950-08-01,1951-07-01,Aug 1950 to Jul 1951,7.834795,365,published-inputs,1605,1701
1950-09-01,1951-08-01,Sep 1950 to Aug 1951,7.800822,365,published-inputs,1617,1701
1950-10-01,1951-09-01,Oct 1950 to Sep 1951,7.899452,365,published-inputs,1582,1701
1950-11-01,1951-10-01,Nov 1950 to Oct 1951,7.924932,365,published-inputs,1571,1701
1950-12-01,1951-11-01,Dec 1950 to Nov 1951,8.122192,365,published-inputs,1483,1701
1951-01-01,1951-12-01,Jan 1951 to Dec 1951,8.461918,365,published-inputs,1166,1701
1951-02-01,1952-01-01,Feb 1951 to Jan 1952,8.393973,365,published-inputs,1241,1701
1951-03-01,1952-02-01,Mar 1951 to Feb 1952,8.387432,366,published-inputs,1252,1701
1951-04-01,1952-03-01,Apr 1951 to Mar 1952,8.616120,366,published-inputs,965,1701
1951-05-01,1952-04-01,May 1951 to Apr 1952,8.804645,366,published-inputs,774,1701
1951-06-01,1952-05-01,Jun 1951 to May 1952,9.050273,366,published-inputs,548,1701
1951-07-01,1952-06-01,Jul 1951 to Jun 1952,9.033880,366,published-inputs,574,1701
1951-08-01,1952-07-01,Aug 1951 to Jul 1952,9.059290,366,published-inputs,541,1701
1951-09-01,1952-08-01,Sep 1951 to Aug 1952,9.143989,366,published-inputs,482,1701
1951-10-01,1952-09-01,Oct 1951 to Sep 1952,8.906284,366,published-inputs,692,1701
1951-11-01,1952-10-01,Nov 1951 to Oct 1952,8.838525,366,published-inputs,747,1701
1951-12-01,1952-11-01,Dec 1951 to Nov 1952,8.551639,366,published-inputs,1037,1701
1952-01-01,1952-12-01,Jan 1952 to Dec 1952,8.373770,366,published-inputs,1273,1701
1952-02-01,1953-01-01,Feb 1952 to Jan 1953,8.416120,366,published-inputs,1220,1701
1952-03-01,1953-02-01,Mar 1952 to Feb 1953,8.461096,365,published-inputs,1168,1701
1952-04-01,1953-03-01,Apr 1952 to Mar 1953,8.384658,365,published-inputs,1260,1701
1952-05-01,1953-04-01,May 1952 to Apr 1953,8.244932,365,published-inputs,1407,1701
1952-06-01,1953-05-01,Jun 1952 to May 1953,8.210959,365,published-inputs,1434,1701
1952-07-01,1953-06-01,Jul 1952 to Jun 1953,8.252055,365,published-inputs,1403,1701
1952-08-01,1953-07-01,Aug 1952 to Jul 1953,8.175616,365,published-inputs,1455,1701
1952-09-01,1953-08-01,Sep 1952 to Aug 1953,8.201096,365,published-inputs,1437,1701
1952-10-01,1953-09-01,Oct 1952 to Sep 1953,8.423014,365,published-inputs,1216,1701
1952-11-01,1953-10-01,Nov 1952 to Oct 1953,8.482466,365,published-inputs,1140,1701
1952-12-01,1953-11-01,Dec 1952 to Nov 1953,8.811233,365,published-inputs,765,1701
1953-01-01,1953-12-01,Jan 1953 to Dec 1953,9.125479,365,published-inputs,493,1701
1953-02-01,1954-01-01,Feb 1953 to Jan 1954,9.100000,365,published-inputs,507,1701
1953-03-01,1954-02-01,Mar 1953 to Feb 1954,9.015616,365,published-inputs,588,1701
1953-04-01,1954-03-01,Apr 1953 to Mar 1954,9.024110,365,published-inputs,583,1701
1953-05-01,1954-04-01,May 1953 to Apr 1954,9.048767,365,published-inputs,551,1701
1953-06-01,1954-05-01,Jun 1953 to May 1954,8.938356,365,published-inputs,654,1701
1953-07-01,1954-06-01,Jul 1953 to Jun 1954,8.872603,365,published-inputs,717,1701
1953-08-01,1954-07-01,Aug 1953 to Jul 1954,8.745205,365,published-inputs,824,1701
1953-09-01,1954-08-01,Sep 1953 to Aug 1954,8.600822,365,published-inputs,986,1701
1953-10-01,1954-09-01,Oct 1953 to Sep 1954,8.518630,365,published-inputs,1088,1701
1953-11-01,1954-10-01,Nov 1953 to Oct 1954,8.671507,365,published-inputs,913,1701
1953-12-01,1954-11-01,Dec 1953 to Nov 1954,8.548219,365,published-inputs,1041,1701
1954-01-01,1954-12-01,Jan 1954 to Dec 1954,8.488767,365,published-inputs,1130,1701
1954-02-01,1955-01-01,Feb 1954 to Jan 1955,8.463288,365,published-inputs,1163,1701
1954-03-01,1955-02-01,Mar 1954 to Feb 1955,8.340548,365,published-inputs,1317,1701
1954-04-01,1955-03-01,Apr 1954 to Mar 1955,8.119726,365,published-inputs,1485,1701
1954-05-01,1955-04-01,May 1954 to Apr 1955,8.226575,365,published-inputs,1420,1701
1954-06-01,1955-05-01,Jun 1954 to May 1955,8.107671,365,published-inputs,1491,1701
1954-07-01,1955-06-01,Jul 1954 to Jun 1955,8.148767,365,published-inputs,1469,1701
1954-08-01,1955-07-01,Aug 1954 to Jul 1955,8.463014,365,published-inputs,1164,1701
1954-09-01,1955-08-01,Sep 1954 to Aug 1955,8.794247,365,published-inputs,785,1701
1954-10-01,1955-09-01,Oct 1954 to Sep 1955,8.901096,365,published-inputs,695,1701
1954-11-01,1955-10-01,Nov 1954 to Oct 1955,8.714247,365,published-inputs,863,1701
1954-12-01,1955-11-01,Dec 1954 to Nov 1955,8.689589,365,published-inputs,891,1701
1955-01-01,1955-12-01,Jan 1955 to Dec 1955,8.630137,365,published-inputs,950,1701
1955-02-01,1956-01-01,Feb 1955 to Jan 1956,8.723562,365,published-inputs,851,1701
1955-03-01,1956-02-01,Mar 1955 to Feb 1956,8.591257,366,published-inputs,999,1701
1955-04-01,1956-03-01,Apr 1955 to Mar 1956,8.845355,366,published-inputs,739,1701
1955-05-01,1956-04-01,May 1955 to Apr 1956,8.697814,366,published-inputs,881,1701
1955-06-01,1956-05-01,Jun 1955 to May 1956,8.841803,366,published-inputs,741,1701
1955-07-01,1956-06-01,Jul 1955 to Jun 1956,8.784426,366,published-inputs,793,1701
1955-08-01,1956-07-01,Aug 1955 to Jul 1956,8.615027,366,published-inputs,967,1701
1955-09-01,1956-08-01,Sep 1955 to Aug 1956,8.233880,366,published-inputs,1415,1701
1955-10-01,1956-09-01,Oct 1955 to Sep 1956,8.242077,366,published-inputs,1408,1701
1955-11-01,1956-10-01,Nov 1955 to Oct 1956,8.259016,366,published-inputs,1397,1701
1955-12-01,1956-11-01,Dec 1955 to Nov 1956,8.234426,366,published-inputs,1412,1701
1956-01-01,1956-12-01,Jan 1956 to Dec 1956,8.234426,366,published-inputs,1412,1701
1956-02-01,1957-01-01,Feb 1956 to Jan 1957,8.336066,366,published-inputs,1324,1701
1956-03-01,1957-02-01,Mar 1956 to Feb 1957,8.751507,365,published-inputs,819,1701
1956-04-01,1957-03-01,Apr 1956 to Mar 1957,8.997808,365,published-inputs,602,1701
1956-05-01,1957-04-01,May 1956 to Apr 1957,9.145753,365,published-inputs,480,1701
1956-06-01,1957-05-01,Jun 1956 to May 1957,9.086301,365,published-inputs,515,1701
1956-07-01,1957-06-01,Jul 1956 to Jun 1957,9.242466,365,published-inputs,421,1701
1956-08-01,1957-07-01,Aug 1956 to Jul 1957,9.293425,365,published-inputs,396,1701
1956-09-01,1957-08-01,Sep 1956 to Aug 1957,9.454795,365,published-inputs,314,1701
1956-10-01,1957-09-01,Oct 1956 to Sep 1957,9.323288,365,published-inputs,378,1701
1956-11-01,1957-10-01,Nov 1956 to Oct 1957,9.425205,365,published-inputs,328,1701
1956-12-01,1957-11-01,Dec 1956 to Nov 1957,9.408767,365,published-inputs,337,1701
1957-01-01,1957-12-01,Jan 1957 to Dec 1957,9.298356,365,published-inputs,394,1701
1957-02-01,1958-01-01,Feb 1957 to Jan 1958,9.187945,365,published-inputs,452,1701
1957-03-01,1958-02-01,Mar 1957 to Feb 1958,9.187945,365,published-inputs,451,1701
1957-04-01,1958-03-01,Apr 1957 to Mar 1958,8.737808,365,published-inputs,835,1701
1957-05-01,1958-04-01,May 1957 to Apr 1958,8.606301,365,published-inputs,983,1701
1957-06-01,1958-05-01,Jun 1957 to May 1958,8.623288,365,published-inputs,957,1701
1957-07-01,1958-06-01,Jul 1957 to Jun 1958,8.508219,365,published-inputs,1103,1701
1957-08-01,1958-07-01,Aug 1957 to Jul 1958,8.457260,365,published-inputs,1174,1701
1957-09-01,1958-08-01,Sep 1957 to Aug 1958,8.448767,365,published-inputs,1185,1701
1957-10-01,1958-09-01,Oct 1957 to Sep 1958,8.629589,365,published-inputs,952,1701
1957-11-01,1958-10-01,Nov 1957 to Oct 1958,8.612603,365,published-inputs,973,1701
1957-12-01,1958-11-01,Dec 1957 to Nov 1958,8.661918,365,published-inputs,922,1701
1958-01-01,1958-12-01,Jan 1958 to Dec 1958,8.670411,365,published-inputs,914,1701
1958-02-01,1959-01-01,Feb 1958 to Jan 1959,8.551507,365,published-inputs,1038,1701
1958-03-01,1959-02-01,Mar 1958 to Feb 1959,8.536164,365,published-inputs,1060,1701
1958-04-01,1959-03-01,Apr 1958 to Mar 1959,8.807945,365,published-inputs,770,1701
1958-05-01,1959-04-01,May 1958 to Apr 1959,8.947671,365,published-inputs,641,1701
1958-06-01,1959-05-01,Jun 1958 to May 1959,9.100548,365,published-inputs,506,1701
1958-07-01,1959-06-01,Jul 1958 to Jun 1959,9.190959,365,published-inputs,448,1701
1958-08-01,1959-07-01,Aug 1958 to Jul 1959,9.267397,365,published-inputs,408,1701
1958-09-01,1959-08-01,Sep 1958 to Aug 1959,9.369315,365,published-inputs,355,1701
1958-10-01,1959-09-01,Oct 1958 to Sep 1959,9.361096,365,published-inputs,361,1701
1958-11-01,1959-10-01,Nov 1958 to Oct 1959,9.513973,365,published-inputs,283,1701
1958-12-01,1959-11-01,Dec 1958 to Nov 1959,9.555068,365,published-inputs,268,1701
1959-01-01,1959-12-01,Jan 1959 to Dec 1959,9.648493,365,published-inputs,225,1701
1959-02-01,1960-01-01,Feb 1959 to Jan 1960,9.784384,365,published-inputs,141,1701
1959-03-01,1960-02-01,Mar 1959 to Feb 1960,9.682514,366,published-inputs,204,1701
1959-04-01,1960-03-01,Apr 1959 to Mar 1960,9.623224,366,published-inputs,236,1701
1959-05-01,1960-04-01,May 1959 to Apr 1960,9.590437,366,published-inputs,256,1701
1959-06-01,1960-05-01,Jun 1959 to May 1960,9.590437,366,published-inputs,257,1701
1959-07-01,1960-06-01,Jul 1959 to Jun 1960,9.672404,366,published-inputs,210,1701
1959-08-01,1960-07-01,Aug 1959 to Jul 1960,9.545355,366,published-inputs,274,1701
1959-09-01,1960-08-01,Sep 1959 to Aug 1960,9.392896,366,published-inputs,347,1701
1959-10-01,1960-09-01,Oct 1959 to Sep 1960,9.245355,366,published-inputs,420,1701
1959-11-01,1960-10-01,Nov 1959 to Oct 1960,9.025137,366,published-inputs,580,1701
1959-12-01,1960-11-01,Dec 1959 to Nov 1960,8.992350,366,published-inputs,607,1701
1960-01-01,1960-12-01,Jan 1960 to Dec 1960,8.814481,366,published-inputs,763,1701
1960-02-01,1961-01-01,Feb 1960 to Jan 1961,8.763661,366,published-inputs,812,1701
1960-03-01,1961-02-01,Mar 1960 to Feb 1961,9.001096,365,published-inputs,598,1701
1960-04-01,1961-03-01,Apr 1960 to Mar 1961,9.111507,365,published-inputs,502,1701
1960-05-01,1961-04-01,May 1960 to Apr 1961,9.193699,365,published-inputs,447,1701
1960-06-01,1961-05-01,Jun 1960 to May 1961,9.040822,365,published-inputs,561,1701
1960-07-01,1961-06-01,Jul 1960 to Jun 1961,8.876438,365,published-inputs,710,1701
1960-08-01,1961-07-01,Aug 1960 to Jul 1961,8.867945,365,published-inputs,719,1701
1960-09-01,1961-08-01,Sep 1960 to Aug 1961,8.901918,365,published-inputs,693,1701
1960-10-01,1961-09-01,Oct 1960 to Sep 1961,9.058082,365,published-inputs,542,1701
1960-11-01,1961-10-01,Nov 1960 to Oct 1961,9.117534,365,published-inputs,497,1701
1960-12-01,1961-11-01,Dec 1960 to Nov 1961,9.060000,365,published-inputs,540,1701
1961-01-01,1961-12-01,Jan 1961 to Dec 1961,8.958082,365,published-inputs,635,1701
1961-02-01,1962-01-01,Feb 1961 to Jan 1962,9.034521,365,published-inputs,569,1701
1961-03-01,1962-02-01,Mar 1961 to Feb 1962,8.865753,365,published-inputs,721,1701
1961-04-01,1962-03-01,Apr 1961 to Mar 1962,8.441096,365,published-inputs,1195,1701
1961-05-01,1962-04-01,May 1961 to Apr 1962,8.260274,365,published-inputs,1394,1701
1961-06-01,1962-05-01,Jun 1961 to May 1962,8.175342,365,published-inputs,1456,1701
1961-07-01,1962-06-01,Jul 1961 to Jun 1962,8.142466,365,published-inputs,1474,1701
1961-08-01,1962-07-01,Aug 1961 to Jul 1962,8.142466,365,published-inputs,1474,1701
1961-09-01,1962-08-01,Sep 1961 to Aug 1962,8.049041,365,published-inputs,1520,1701
1961-10-01,1962-09-01,Oct 1961 to Sep 1962,7.860000,365,published-inputs,1598,1701
1961-11-01,1962-10-01,Nov 1961 to Oct 1962,7.834521,365,published-inputs,1606,1701
1961-12-01,1962-11-01,Dec 1961 to Nov 1962,7.776986,365,published-inputs,1622,1701
1962-01-01,1962-12-01,Jan 1962 to Dec 1962,7.785479,365,published-inputs,1620,1701
1962-02-01,1963-01-01,Feb 1962 to Jan 1963,7.216438,365,published-inputs,1690,1701
1962-03-01,1963-02-01,Mar 1962 to Feb 1963,6.825205,365,published-inputs,1701,1701
1962-04-01,1963-03-01,Apr 1962 to Mar 1963,7.088493,365,published-inputs,1695,1701
1962-05-01,1963-04-01,May 1962 to Apr 1963,7.154247,365,published-inputs,1693,1701
1962-06-01,1963-05-01,Jun 1962 to May 1963,7.188219,365,published-inputs,1691,1701
1962-07-01,1963-06-01,Jul 1962 to Jun 1963,7.303288,365,published-inputs,1684,1701
1962-08-01,1963-07-01,Aug 1962 to Jul 1963,7.303288,365,published-inputs,1685,1701
1962-09-01,1963-08-01,Sep 1962 to Aug 1963,7.311781,365,published-inputs,1682,1701
1962-10-01,1963-09-01,Oct 1962 to Sep 1963,7.336438,365,published-inputs,1680,1701
1962-11-01,1963-10-01,Nov 1962 to Oct 1963,7.378904,365,published-inputs,1677,1701
1962-12-01,1963-11-01,Dec 1962 to Nov 1963,7.567945,365,published-inputs,1657,1701
1963-01-01,1963-12-01,Jan 1963 to Dec 1963,7.567945,365,published-inputs,1656,1701
1963-02-01,1964-01-01,Feb 1963 to Jan 1964,8.069041,365,published-inputs,1512,1701
1963-03-01,1964-02-01,Mar 1963 to Feb 1964,8.432240,366,published-inputs,1205,1701
1963-04-01,1964-03-01,Apr 1963 to Mar 1964,8.330601,366,published-inputs,1329,1701
1963-05-01,1964-04-01,May 1963 to Apr 1964,8.346995,366,published-inputs,1310,1701
1963-06-01,1964-05-01,Jun 1963 to May 1964,8.550273,366,published-inputs,1040,1701
1963-07-01,1964-06-01,Jul 1963 to Jun 1964,8.451913,366,published-inputs,1181,1701
1963-08-01,1964-07-01,Aug 1963 to Jul 1964,8.502732,366,published-inputs,1110,1701
1963-09-01,1964-08-01,Sep 1963 to Aug 1964,8.578962,366,published-inputs,1010,1701
1963-10-01,1964-09-01,Oct 1963 to Sep 1964,8.669126,366,published-inputs,915,1701
1963-11-01,1964-10-01,Nov 1963 to Oct 1964,8.499727,366,published-inputs,1118,1701
1963-12-01,1964-11-01,Dec 1963 to Nov 1964,8.475137,366,published-inputs,1150,1701
1964-01-01,1964-12-01,Jan 1964 to Dec 1964,8.559836,366,published-inputs,1026,1701
1964-02-01,1965-01-01,Feb 1964 to Jan 1965,8.542896,366,published-inputs,1054,1701
1964-03-01,1965-02-01,Mar 1964 to Feb 1965,8.448493,365,published-inputs,1186,1701
1964-04-01,1965-03-01,Apr 1964 to Mar 1965,8.499452,365,published-inputs,1119,1701
1964-05-01,1965-04-01,May 1964 to Apr 1965,8.458356,365,published-inputs,1172,1701
1964-06-01,1965-05-01,Jun 1964 to May 1965,8.330959,365,published-inputs,1328,1701
1964-07-01,1965-06-01,Jul 1964 to Jun 1965,8.355616,365,published-inputs,1299,1701
1964-08-01,1965-07-01,Aug 1964 to Jul 1965,8.236712,365,published-inputs,1411,1701
1964-09-01,1965-08-01,Sep 1964 to Aug 1965,8.219726,365,published-inputs,1426,1701
1964-10-01,1965-09-01,Oct 1964 to Sep 1965,8.047123,365,published-inputs,1522,1701
1964-11-01,1965-10-01,Nov 1964 to Oct 1965,8.233973,365,published-inputs,1414,1701
1964-12-01,1965-11-01,Dec 1964 to Nov 1965,7.995616,365,published-inputs,1543,1701
1965-01-01,1965-12-01,Jan 1965 to Dec 1965,8.106027,365,published-inputs,1492,1701
1965-02-01,1966-01-01,Feb 1965 to Jan 1966,8.063562,365,published-inputs,1514,1701
1965-03-01,1966-02-01,Mar 1965 to Feb 1966,8.270685,365,published-inputs,1384,1701
1965-04-01,1966-03-01,Apr 1965 to Mar 1966,8.372603,365,published-inputs,1276,1701
1965-05-01,1966-04-01,May 1965 to Apr 1966,8.315068,365,published-inputs,1345,1701
1965-06-01,1966-05-01,Jun 1965 to May 1966,8.289589,365,published-inputs,1371,1701
1965-07-01,1966-06-01,Jul 1965 to Jun 1966,8.363562,365,published-inputs,1286,1701
1965-08-01,1966-07-01,Aug 1965 to Jul 1966,8.423014,365,published-inputs,1217,1701
1965-09-01,1966-08-01,Sep 1965 to Aug 1966,8.397534,365,published-inputs,1236,1701
1965-10-01,1966-09-01,Oct 1965 to Sep 1966,8.553699,365,published-inputs,1033,1701
1965-11-01,1966-10-01,Nov 1965 to Oct 1966,8.468767,365,published-inputs,1156,1701
1965-12-01,1966-11-01,Dec 1965 to Nov 1966,8.534521,365,published-inputs,1063,1701
1966-01-01,1966-12-01,Jan 1966 to Dec 1966,8.610959,365,published-inputs,975,1701
1966-02-01,1967-01-01,Feb 1966 to Jan 1967,8.738356,365,published-inputs,833,1701
1966-03-01,1967-02-01,Mar 1966 to Feb 1967,8.707671,365,published-inputs,871,1701
1966-04-01,1967-03-01,Apr 1966 to Mar 1967,8.724658,365,published-inputs,849,1701
1966-05-01,1967-04-01,May 1966 to Apr 1967,8.773973,365,published-inputs,801,1701
1966-06-01,1967-05-01,Jun 1966 to May 1967,8.706027,365,published-inputs,873,1701
1966-07-01,1967-06-01,Jul 1966 to Jun 1967,8.640274,365,published-inputs,938,1701
1966-08-01,1967-07-01,Aug 1966 to Jul 1967,8.742192,365,published-inputs,827,1701
1966-09-01,1967-08-01,Sep 1966 to Aug 1967,8.801644,365,published-inputs,777,1701
1966-10-01,1967-09-01,Oct 1966 to Sep 1967,8.776986,365,published-inputs,799,1701
1966-11-01,1967-10-01,Nov 1966 to Oct 1967,8.810959,365,published-inputs,766,1701
1966-12-01,1967-11-01,Dec 1966 to Nov 1967,8.810959,365,published-inputs,766,1701
1967-01-01,1967-12-01,Jan 1967 to Dec 1967,8.709041,365,published-inputs,869,1701
1967-02-01,1968-01-01,Feb 1967 to Jan 1968,8.726027,365,published-inputs,846,1701
1967-03-01,1968-02-01,Mar 1967 to Feb 1968,8.453552,366,published-inputs,1179,1701
1967-04-01,1968-03-01,Apr 1967 to Mar 1968,8.394262,366,published-inputs,1240,1701
1967-05-01,1968-04-01,May 1967 to Apr 1968,8.369672,366,published-inputs,1281,1701
1967-06-01,1968-05-01,Jun 1967 to May 1968,8.327322,366,published-inputs,1335,1701
1967-07-01,1968-06-01,Jul 1967 to Jun 1968,8.368306,366,published-inputs,1282,1701
1967-08-01,1968-07-01,Aug 1967 to Jul 1968,8.292077,366,published-inputs,1369,1701
1967-09-01,1968-08-01,Sep 1967 to Aug 1968,8.325956,366,published-inputs,1336,1701
1967-10-01,1968-09-01,Oct 1967 to Sep 1968,8.350546,366,published-inputs,1305,1701
1967-11-01,1968-10-01,Nov 1967 to Oct 1968,8.519945,366,published-inputs,1084,1701
1967-12-01,1968-11-01,Dec 1967 to Nov 1968,8.610109,366,published-inputs,976,1701
1968-01-01,1968-12-01,Jan 1968 to Dec 1968,8.500000,366,published-inputs,1117,1701
1968-02-01,1969-01-01,Feb 1968 to Jan 1969,8.550820,366,published-inputs,1039,1701
1968-03-01,1969-02-01,Mar 1968 to Feb 1969,8.509041,365,published-inputs,1101,1701
1968-04-01,1969-03-01,Apr 1968 to Mar 1969,8.322192,365,published-inputs,1339,1701
1968-05-01,1969-04-01,May 1968 to Apr 1969,8.313973,365,published-inputs,1347,1701
1968-06-01,1969-05-01,Jun 1968 to May 1969,8.415890,365,published-inputs,1221,1701
1968-07-01,1969-06-01,Jul 1968 to Jun 1969,8.358356,365,published-inputs,1294,1701
1968-08-01,1969-07-01,Aug 1968 to Jul 1969,8.443288,365,published-inputs,1191,1701
1968-09-01,1969-08-01,Sep 1968 to Aug 1969,8.451781,365,published-inputs,1182,1701
1968-10-01,1969-09-01,Oct 1968 to Sep 1969,8.443562,365,published-inputs,1189,1701
1968-11-01,1969-10-01,Nov 1968 to Oct 1969,8.477534,365,published-inputs,1149,1701
1968-12-01,1969-11-01,Dec 1968 to Nov 1969,8.387123,365,published-inputs,1255,1701
1969-01-01,1969-12-01,Jan 1969 to Dec 1969,8.387123,365,published-inputs,1253,1701
1969-02-01,1970-01-01,Feb 1969 to Jan 1970,8.276712,365,published-inputs,1380,1701
1969-03-01,1970-02-01,Mar 1969 to Feb 1970,8.430137,365,published-inputs,1207,1701
1969-04-01,1970-03-01,Apr 1969 to Mar 1970,8.438630,365,published-inputs,1201,1701
1969-05-01,1970-04-01,May 1969 to Apr 1970,8.356438,365,published-inputs,1297,1701
1969-06-01,1970-05-01,Jun 1969 to May 1970,8.492329,365,published-inputs,1128,1701
1969-07-01,1970-06-01,Jul 1969 to Jun 1970,8.673151,365,published-inputs,909,1701
1969-08-01,1970-07-01,Aug 1969 to Jul 1970,8.562740,365,published-inputs,1024,1701
1969-09-01,1970-08-01,Sep 1969 to Aug 1970,8.545753,365,published-inputs,1043,1701
1969-10-01,1970-09-01,Oct 1969 to Sep 1970,8.595068,365,published-inputs,994,1701
1969-11-01,1970-10-01,Nov 1969 to Oct 1970,8.399726,365,published-inputs,1233,1701
1969-12-01,1970-11-01,Dec 1969 to Nov 1970,8.596986,365,published-inputs,990,1701
1970-01-01,1970-12-01,Jan 1970 to Dec 1970,8.673425,365,published-inputs,908,1701
1970-02-01,1971-01-01,Feb 1970 to Jan 1971,8.732877,365,published-inputs,840,1701
1970-03-01,1971-02-01,Mar 1970 to Feb 1971,8.840274,365,published-inputs,743,1701
1970-04-01,1971-03-01,Apr 1970 to Mar 1971,8.950685,365,published-inputs,640,1701
1970-05-01,1971-04-01,May 1970 to Apr 1971,9.065753,365,published-inputs,536,1701
1970-06-01,1971-05-01,Jun 1970 to May 1971,8.980822,365,published-inputs,619,1701
1970-07-01,1971-06-01,Jul 1970 to Jun 1971,8.701370,365,published-inputs,879,1701
1970-08-01,1971-07-01,Aug 1970 to Jul 1971,8.871233,365,published-inputs,718,1701
1970-09-01,1971-08-01,Sep 1970 to Aug 1971,8.854247,365,published-inputs,734,1701
1970-10-01,1971-09-01,Oct 1970 to Sep 1971,8.887123,365,published-inputs,702,1701
1970-11-01,1971-10-01,Nov 1970 to Oct 1971,8.972055,365,published-inputs,625,1701
1970-12-01,1971-11-01,Dec 1970 to Nov 1971,8.856986,365,published-inputs,732,1701
1971-01-01,1971-12-01,Jan 1971 to Dec 1971,9.043836,365,published-inputs,559,1701
1971-02-01,1972-01-01,Feb 1971 to Jan 1972,8.975890,365,published-inputs,620,1701
1971-03-01,1972-02-01,Mar 1971 to Feb 1972,8.938525,366,published-inputs,653,1701
1971-04-01,1972-03-01,Apr 1971 to Mar 1972,9.040164,366,published-inputs,563,1701
1971-05-01,1972-04-01,May 1971 to Apr 1972,9.056557,366,published-inputs,544,1701
1971-06-01,1972-05-01,Jun 1971 to May 1972,8.929508,366,published-inputs,667,1701
1971-07-01,1972-06-01,Jul 1971 to Jun 1972,8.814754,366,published-inputs,761,1701
1971-08-01,1972-07-01,Aug 1971 to Jul 1972,8.704645,366,published-inputs,874,1701
1971-09-01,1972-08-01,Sep 1971 to Aug 1972,8.645355,366,published-inputs,932,1701
1971-10-01,1972-09-01,Oct 1971 to Sep 1972,8.399454,366,published-inputs,1234,1701
1971-11-01,1972-10-01,Nov 1971 to Oct 1972,8.297814,366,published-inputs,1365,1701
1971-12-01,1972-11-01,Dec 1971 to Nov 1972,8.297814,366,published-inputs,1365,1701
1972-01-01,1972-12-01,Jan 1972 to Dec 1972,8.255464,366,published-inputs,1400,1701
1972-02-01,1973-01-01,Feb 1972 to Jan 1973,8.314754,366,published-inputs,1346,1701
1972-03-01,1973-02-01,Mar 1972 to Feb 1973,8.350411,365,published-inputs,1306,1701
1972-04-01,1973-03-01,Apr 1972 to Mar 1973,8.316438,365,published-inputs,1344,1701
1972-05-01,1973-04-01,May 1972 to Apr 1973,8.226027,365,published-inputs,1421,1701
1972-06-01,1973-05-01,Jun 1972 to May 1973,8.336438,365,published-inputs,1323,1701
1972-07-01,1973-06-01,Jul 1972 to Jun 1973,8.607671,365,published-inputs,980,1701
1972-08-01,1973-07-01,Aug 1972 to Jul 1973,8.599178,365,published-inputs,988,1701
1972-09-01,1973-08-01,Sep 1972 to Aug 1973,8.743562,365,published-inputs,826,1701
1972-10-01,1973-09-01,Oct 1972 to Sep 1973,8.940822,365,published-inputs,652,1701
1972-11-01,1973-10-01,Nov 1972 to Oct 1973,8.864384,365,published-inputs,723,1701
1972-12-01,1973-11-01,Dec 1972 to Nov 1973,8.889041,365,published-inputs,700,1701
1973-01-01,1973-12-01,Jan 1973 to Dec 1973,8.821096,365,published-inputs,758,1701
1973-02-01,1974-01-01,Feb 1973 to Jan 1974,8.923014,365,published-inputs,677,1701
1973-03-01,1974-02-01,Mar 1973 to Feb 1974,8.984384,365,published-inputs,615,1701
1973-04-01,1974-03-01,Apr 1973 to Mar 1974,8.941918,365,published-inputs,648,1701
1973-05-01,1974-04-01,May 1973 to Apr 1974,9.056986,365,published-inputs,543,1701
1973-06-01,1974-05-01,Jun 1973 to May 1974,8.997534,365,published-inputs,603,1701
1973-07-01,1974-06-01,Jul 1973 to Jun 1974,8.923562,365,published-inputs,676,1701
1973-08-01,1974-07-01,Aug 1973 to Jul 1974,8.864110,365,published-inputs,725,1701
1973-09-01,1974-08-01,Sep 1973 to Aug 1974,8.702740,365,published-inputs,877,1701
1973-10-01,1974-09-01,Oct 1973 to Sep 1974,8.505479,365,published-inputs,1108,1701
1973-11-01,1974-10-01,Nov 1973 to Oct 1974,8.378082,365,published-inputs,1269,1701
1973-12-01,1974-11-01,Dec 1973 to Nov 1974,8.353425,365,published-inputs,1303,1701
1974-01-01,1974-12-01,Jan 1974 to Dec 1974,8.557260,365,published-inputs,1029,1701
1974-02-01,1975-01-01,Feb 1974 to Jan 1975,8.616712,365,published-inputs,963,1701
1974-03-01,1975-02-01,Mar 1974 to Feb 1975,8.570685,365,published-inputs,1018,1701
1974-04-01,1975-03-01,Apr 1974 to Mar 1975,8.511233,365,published-inputs,1097,1701
1974-05-01,1975-04-01,May 1974 to Apr 1975,8.486575,365,published-inputs,1133,1701
1974-06-01,1975-05-01,Jun 1974 to May 1975,8.452603,365,published-inputs,1180,1701
1974-07-01,1975-06-01,Jul 1974 to Jun 1975,8.543014,365,published-inputs,1052,1701
1974-08-01,1975-07-01,Aug 1974 to Jul 1975,8.738356,365,published-inputs,833,1701
1974-09-01,1975-08-01,Sep 1974 to Aug 1975,8.993151,365,published-inputs,606,1701
1974-10-01,1975-09-01,Oct 1974 to Sep 1975,9.091781,365,published-inputs,511,1701
1974-11-01,1975-10-01,Nov 1974 to Oct 1975,9.270137,365,published-inputs,404,1701
1974-12-01,1975-11-01,Dec 1974 to Nov 1975,9.270137,365,published-inputs,404,1701
1975-01-01,1975-12-01,Jan 1975 to Dec 1975,9.083288,365,published-inputs,516,1701
1975-02-01,1976-01-01,Feb 1975 to Jan 1976,8.998356,365,published-inputs,601,1701
1975-03-01,1976-02-01,Mar 1975 to Feb 1976,8.945628,366,published-inputs,645,1701
1975-04-01,1976-03-01,Apr 1975 to Mar 1976,8.937158,366,published-inputs,656,1701
1975-05-01,1976-04-01,May 1975 to Apr 1976,8.928962,366,published-inputs,668,1701
1975-06-01,1976-05-01,Jun 1975 to May 1976,9.030601,366,published-inputs,577,1701
1975-07-01,1976-06-01,Jul 1975 to Jun 1976,9.137158,366,published-inputs,488,1701
1975-08-01,1976-07-01,Aug 1975 to Jul 1976,9.187978,366,published-inputs,450,1701
1975-09-01,1976-08-01,Sep 1975 to Aug 1976,9.179508,366,published-inputs,456,1701
1975-10-01,1976-09-01,Oct 1975 to Sep 1976,9.187705,366,published-inputs,453,1701
1975-11-01,1976-10-01,Nov 1975 to Oct 1976,9.179235,366,published-inputs,457,1701
1975-12-01,1976-11-01,Dec 1975 to Nov 1976,9.162842,366,published-inputs,464,1701
1976-01-01,1976-12-01,Jan 1976 to Dec 1976,8.900273,366,published-inputs,696,1701
1976-02-01,1977-01-01,Feb 1976 to Jan 1977,8.663115,366,published-inputs,917,1701
1976-03-01,1977-02-01,Mar 1976 to Feb 1977,8.745753,365,published-inputs,822,1701
1976-04-01,1977-03-01,Apr 1976 to Mar 1977,8.932603,365,published-inputs,662,1701
1976-05-01,1977-04-01,May 1976 to Apr 1977,8.850411,365,published-inputs,737,1701
1976-06-01,1977-05-01,Jun 1976 to May 1977,8.790959,365,published-inputs,786,1701
1976-07-01,1977-06-01,Jul 1976 to Jun 1977,8.511507,365,published-inputs,1096,1701
1976-08-01,1977-07-01,Aug 1976 to Jul 1977,8.384110,365,published-inputs,1261,1701
1976-09-01,1977-08-01,Sep 1976 to Aug 1977,8.197260,365,published-inputs,1441,1701
1976-10-01,1977-09-01,Oct 1976 to Sep 1977,8.189041,365,published-inputs,1448,1701
1976-11-01,1977-10-01,Nov 1976 to Oct 1977,8.341918,365,published-inputs,1316,1701
1976-12-01,1977-11-01,Dec 1976 to Nov 1977,8.325479,365,published-inputs,1337,1701
1977-01-01,1977-12-01,Jan 1977 to Dec 1977,8.639726,365,published-inputs,941,1701
1977-02-01,1978-01-01,Feb 1977 to Jan 1978,8.716164,365,published-inputs,861,1701
1977-03-01,1978-02-01,Mar 1977 to Feb 1978,8.524384,365,published-inputs,1079,1701
1977-04-01,1978-03-01,Apr 1977 to Mar 1978,8.481918,365,published-inputs,1142,1701
1977-05-01,1978-04-01,May 1977 to Apr 1978,8.440822,365,published-inputs,1196,1701
1977-06-01,1978-05-01,Jun 1977 to May 1978,8.525753,365,published-inputs,1077,1701
1977-07-01,1978-06-01,Jul 1977 to Jun 1978,8.591507,365,published-inputs,998,1701
1977-08-01,1978-07-01,Aug 1977 to Jul 1978,8.455616,365,published-inputs,1177,1701
1977-09-01,1978-08-01,Sep 1977 to Aug 1978,8.413151,365,published-inputs,1224,1701
1977-10-01,1978-09-01,Oct 1977 to Sep 1978,8.478904,365,published-inputs,1147,1701
1977-11-01,1978-10-01,Nov 1977 to Oct 1978,8.495890,365,published-inputs,1125,1701
1977-12-01,1978-11-01,Dec 1977 to Nov 1978,8.684932,365,published-inputs,897,1701
1978-01-01,1978-12-01,Jan 1978 to Dec 1978,8.540548,365,published-inputs,1055,1701
1978-02-01,1979-01-01,Feb 1978 to Jan 1979,8.285753,365,published-inputs,1374,1701
1978-03-01,1979-02-01,Mar 1978 to Feb 1979,8.178356,365,published-inputs,1452,1701
1978-04-01,1979-03-01,Apr 1978 to Mar 1979,8.008493,365,published-inputs,1536,1701
1978-05-01,1979-04-01,May 1978 to Apr 1979,8.090685,365,published-inputs,1498,1701
1978-06-01,1979-05-01,Jun 1978 to May 1979,7.878356,365,published-inputs,1593,1701
1978-07-01,1979-06-01,Jul 1978 to Jun 1979,7.894795,365,published-inputs,1583,1701
1978-08-01,1979-07-01,Aug 1978 to Jul 1979,7.996712,365,published-inputs,1542,1701
1978-09-01,1979-08-01,Sep 1978 to Aug 1979,7.971233,365,published-inputs,1557,1701
1978-10-01,1979-09-01,Oct 1978 to Sep 1979,7.913699,365,published-inputs,1578,1701
1978-11-01,1979-10-01,Nov 1978 to Oct 1979,7.837260,365,published-inputs,1602,1701
1978-12-01,1979-11-01,Dec 1978 to Nov 1979,7.730411,365,published-inputs,1630,1701
1979-01-01,1979-12-01,Jan 1979 to Dec 1979,7.849315,365,published-inputs,1599,1701
1979-02-01,1980-01-01,Feb 1979 to Jan 1980,7.993699,365,published-inputs,1544,1701
1979-03-01,1980-02-01,Mar 1979 to Feb 1980,8.346175,366,published-inputs,1311,1701
1979-04-01,1980-03-01,Apr 1979 to Mar 1980,8.380055,366,published-inputs,1265,1701
1979-05-01,1980-04-01,May 1979 to Apr 1980,8.470219,366,published-inputs,1154,1701
1979-06-01,1980-05-01,Jun 1979 to May 1980,8.656557,366,published-inputs,925,1701
1979-07-01,1980-06-01,Jul 1979 to Jun 1980,8.648361,366,published-inputs,930,1701
1979-08-01,1980-07-01,Aug 1979 to Jul 1980,8.555191,366,published-inputs,1032,1701
1979-09-01,1980-08-01,Sep 1979 to Aug 1980,8.639891,366,published-inputs,940,1701
1979-10-01,1980-09-01,Oct 1979 to Sep 1980,8.754645,366,published-inputs,818,1701
1979-11-01,1980-10-01,Nov 1979 to Oct 1980,8.576776,366,published-inputs,1016,1701
1979-12-01,1980-11-01,Dec 1979 to Nov 1980,8.519399,366,published-inputs,1087,1701
1980-01-01,1980-12-01,Jan 1980 to Dec 1980,8.510929,366,published-inputs,1098,1701
1980-02-01,1981-01-01,Feb 1980 to Jan 1981,8.722678,366,published-inputs,854,1701
1980-03-01,1981-02-01,Mar 1980 to Feb 1981,8.516986,365,published-inputs,1092,1701
1980-04-01,1981-03-01,Apr 1980 to Mar 1981,8.763288,365,published-inputs,813,1701
1980-05-01,1981-04-01,May 1980 to Apr 1981,8.722192,365,published-inputs,855,1701
1980-06-01,1981-05-01,Jun 1980 to May 1981,8.696712,365,published-inputs,885,1701
1980-07-01,1981-06-01,Jul 1980 to Jun 1981,8.672055,365,published-inputs,911,1701
1980-08-01,1981-07-01,Aug 1980 to Jul 1981,8.731507,365,published-inputs,842,1701
1980-09-01,1981-08-01,Sep 1980 to Aug 1981,8.799452,365,published-inputs,780,1701
1980-10-01,1981-09-01,Oct 1980 to Sep 1981,8.783014,365,published-inputs,795,1701
1980-11-01,1981-10-01,Nov 1980 to Oct 1981,8.723562,365,published-inputs,851,1701
1980-12-01,1981-11-01,Dec 1980 to Nov 1981,8.830411,365,published-inputs,748,1701
1981-01-01,1981-12-01,Jan 1981 to Dec 1981,8.456712,365,published-inputs,1176,1701
1981-02-01,1982-01-01,Feb 1981 to Jan 1982,8.312329,365,published-inputs,1351,1701
1981-03-01,1982-02-01,Mar 1981 to Feb 1982,8.458082,365,published-inputs,1173,1701
1981-04-01,1982-03-01,Apr 1981 to Mar 1982,8.313699,365,published-inputs,1350,1701
1981-05-01,1982-04-01,May 1981 to Apr 1982,8.338356,365,published-inputs,1319,1701
1981-06-01,1982-05-01,Jun 1981 to May 1982,8.355342,365,published-inputs,1300,1701
1981-07-01,1982-06-01,Jul 1981 to Jun 1982,8.527945,365,published-inputs,1072,1701
1981-08-01,1982-07-01,Aug 1981 to Jul 1982,8.612877,365,published-inputs,971,1701
1981-09-01,1982-08-01,Sep 1981 to Aug 1982,8.536438,365,published-inputs,1059,1701
1981-10-01,1982-09-01,Oct 1981 to Sep 1982,8.520000,365,published-inputs,1083,1701
1981-11-01,1982-10-01,Nov 1981 to Oct 1982,8.681370,365,published-inputs,900,1701
1981-12-01,1982-11-01,Dec 1981 to Nov 1982,8.689589,365,published-inputs,891,1701
1982-01-01,1982-12-01,Jan 1982 to Dec 1982,8.969863,365,published-inputs,626,1701
1982-02-01,1983-01-01,Feb 1982 to Jan 1983,9.241644,365,published-inputs,423,1701
1982-03-01,1983-02-01,Mar 1982 to Feb 1983,9.003836,365,published-inputs,596,1701
1982-04-01,1983-03-01,Apr 1982 to Mar 1983,9.046301,365,published-inputs,555,1701
1982-05-01,1983-04-01,May 1982 to Apr 1983,8.890137,365,published-inputs,699,1701
1982-06-01,1983-05-01,Jun 1982 to May 1983,8.788219,365,published-inputs,788,1701
1982-07-01,1983-06-01,Jul 1982 to Jun 1983,8.689589,365,published-inputs,890,1701
1982-08-01,1983-07-01,Aug 1982 to Jul 1983,8.918904,365,published-inputs,682,1701
1982-09-01,1983-08-01,Sep 1982 to Aug 1983,9.071781,365,published-inputs,528,1701
1982-10-01,1983-09-01,Oct 1982 to Sep 1983,9.038904,365,published-inputs,565,1701
1982-11-01,1983-10-01,Nov 1982 to Oct 1983,9.055890,365,published-inputs,545,1701
1982-12-01,1983-11-01,Dec 1982 to Nov 1983,9.023014,365,published-inputs,585,1701
1983-01-01,1983-12-01,Jan 1983 to Dec 1983,9.158904,365,published-inputs,470,1701
1983-02-01,1984-01-01,Feb 1983 to Jan 1984,8.946575,365,published-inputs,642,1701
1983-03-01,1984-02-01,Mar 1983 to Feb 1984,9.068579,366,published-inputs,530,1701
1983-04-01,1984-03-01,Apr 1983 to Mar 1984,8.916120,366,published-inputs,683,1701
1983-05-01,1984-04-01,May 1983 to Apr 1984,9.080055,366,published-inputs,519,1701
1983-06-01,1984-05-01,Jun 1983 to May 1984,9.088525,366,published-inputs,513,1701
1983-07-01,1984-06-01,Jul 1983 to Jun 1984,9.113115,366,published-inputs,500,1701
1983-08-01,1984-07-01,Aug 1983 to Jul 1984,8.909836,366,published-inputs,689,1701
1983-09-01,1984-08-01,Sep 1983 to Aug 1984,8.935246,366,published-inputs,659,1701
1983-10-01,1984-09-01,Oct 1983 to Sep 1984,8.935246,366,published-inputs,659,1701
1983-11-01,1984-10-01,Nov 1983 to Oct 1984,8.986066,366,published-inputs,610,1701
1983-12-01,1984-11-01,Dec 1983 to Nov 1984,8.986066,366,published-inputs,610,1701
1984-01-01,1984-12-01,Jan 1984 to Dec 1984,8.926776,366,published-inputs,671,1701
1984-02-01,1985-01-01,Feb 1984 to Jan 1985,8.698087,366,published-inputs,880,1701
1984-03-01,1985-02-01,Mar 1984 to Feb 1985,8.636438,365,published-inputs,943,1701
1984-04-01,1985-03-01,Apr 1984 to Mar 1985,8.636438,365,published-inputs,943,1701
1984-05-01,1985-04-01,May 1984 to Apr 1985,8.620000,365,published-inputs,959,1701
1984-06-01,1985-05-01,Jun 1984 to May 1985,8.679452,365,published-inputs,904,1701
1984-07-01,1985-06-01,Jul 1984 to Jun 1985,8.531507,365,published-inputs,1067,1701
1984-08-01,1985-07-01,Aug 1984 to Jul 1985,8.472055,365,published-inputs,1151,1701
1984-09-01,1985-08-01,Sep 1984 to Aug 1985,8.217260,365,published-inputs,1428,1701
1984-10-01,1985-09-01,Oct 1984 to Sep 1985,8.299452,365,published-inputs,1362,1701
1984-11-01,1985-10-01,Nov 1984 to Oct 1985,8.265479,365,published-inputs,1390,1701
1984-12-01,1985-11-01,Dec 1984 to Nov 1985,8.018904,365,published-inputs,1534,1701
1985-01-01,1985-12-01,Jan 1985 to Dec 1985,8.086849,365,published-inputs,1500,1701
1985-02-01,1986-01-01,Feb 1985 to Jan 1986,8.307671,365,published-inputs,1353,1701
1985-03-01,1986-02-01,Mar 1985 to Feb 1986,8.023836,365,published-inputs,1530,1701
1985-04-01,1986-03-01,Apr 1985 to Mar 1986,8.057808,365,published-inputs,1518,1701
1985-05-01,1986-04-01,May 1985 to Apr 1986,7.835890,365,published-inputs,1604,1701
1985-06-01,1986-05-01,Jun 1985 to May 1986,7.835890,365,published-inputs,1603,1701
1985-07-01,1986-06-01,Jul 1985 to Jun 1986,8.024932,365,published-inputs,1528,1701
1985-08-01,1986-07-01,Aug 1985 to Jul 1986,7.982466,365,published-inputs,1550,1701
1985-09-01,1986-08-01,Sep 1985 to Aug 1986,7.889041,365,published-inputs,1588,1701
1985-10-01,1986-09-01,Oct 1985 to Sep 1986,7.609589,365,published-inputs,1652,1701
1985-11-01,1986-10-01,Nov 1985 to Oct 1986,7.626575,365,published-inputs,1650,1701
1985-12-01,1986-11-01,Dec 1985 to Nov 1986,7.889589,365,published-inputs,1586,1701
1986-01-01,1986-12-01,Jan 1986 to Dec 1986,7.889589,365,published-inputs,1586,1701
1986-02-01,1987-01-01,Feb 1986 to Jan 1987,7.677260,365,published-inputs,1641,1701
1986-03-01,1987-02-01,Mar 1986 to Feb 1987,8.030137,365,published-inputs,1526,1701
1986-04-01,1987-03-01,Apr 1986 to Mar 1987,7.979178,365,published-inputs,1552,1701
1986-05-01,1987-04-01,May 1986 to Apr 1987,8.349041,365,published-inputs,1308,1701
1986-06-01,1987-05-01,Jun 1986 to May 1987,8.298082,365,published-inputs,1364,1701
1986-07-01,1987-06-01,Jul 1986 to Jun 1987,8.109041,365,published-inputs,1489,1701
1986-08-01,1987-07-01,Aug 1986 to Jul 1987,8.143014,365,published-inputs,1473,1701
1986-09-01,1987-08-01,Sep 1986 to Aug 1987,8.329863,365,published-inputs,1332,1701
1986-10-01,1987-09-01,Oct 1986 to Sep 1987,8.527123,365,published-inputs,1074,1701
1986-11-01,1987-10-01,Nov 1986 to Oct 1987,8.425205,365,published-inputs,1213,1701
1986-12-01,1987-11-01,Dec 1986 to Nov 1987,8.351233,365,published-inputs,1304,1701
1987-01-01,1987-12-01,Jan 1987 to Dec 1987,8.283288,365,published-inputs,1376,1701
1987-02-01,1988-01-01,Feb 1987 to Jan 1988,8.640000,365,published-inputs,939,1701
1987-03-01,1988-02-01,Mar 1987 to Feb 1988,8.719945,366,published-inputs,856,1701
1987-04-01,1988-03-01,Apr 1987 to Mar 1988,8.880874,366,published-inputs,706,1701
1987-05-01,1988-04-01,May 1987 to Apr 1988,8.741530,366,published-inputs,828,1701
1987-06-01,1988-05-01,Jun 1987 to May 1988,8.860109,366,published-inputs,729,1701
1987-07-01,1988-06-01,Jul 1987 to Jun 1988,9.040437,366,published-inputs,562,1701
1987-08-01,1988-07-01,Aug 1987 to Jul 1988,8.930328,366,published-inputs,666,1701
1987-09-01,1988-08-01,Sep 1987 to Aug 1988,8.862568,366,published-inputs,728,1701
1987-10-01,1988-09-01,Oct 1987 to Sep 1988,8.813388,366,published-inputs,764,1701
1987-11-01,1988-10-01,Nov 1987 to Oct 1988,8.881148,366,published-inputs,705,1701
1987-12-01,1988-11-01,Dec 1987 to Nov 1988,8.799180,366,published-inputs,781,1701
1988-01-01,1988-12-01,Jan 1988 to Dec 1988,8.985519,366,published-inputs,612,1701
1988-02-01,1989-01-01,Feb 1988 to Jan 1989,9.061749,366,published-inputs,539,1701
1988-03-01,1989-02-01,Mar 1988 to Feb 1989,9.159178,365,published-inputs,469,1701
1988-04-01,1989-03-01,Apr 1988 to Mar 1989,9.218630,365,published-inputs,439,1701
1988-05-01,1989-04-01,May 1988 to Apr 1989,9.062466,365,published-inputs,538,1701
1988-06-01,1989-05-01,Jun 1988 to May 1989,9.181370,365,published-inputs,455,1701
1988-07-01,1989-06-01,Jul 1988 to Jun 1989,9.140274,365,published-inputs,483,1701
1988-08-01,1989-07-01,Aug 1988 to Jul 1989,9.429041,365,published-inputs,326,1701
1988-09-01,1989-08-01,Sep 1988 to Aug 1989,9.547945,365,published-inputs,272,1701
1988-10-01,1989-09-01,Oct 1988 to Sep 1989,9.638356,365,published-inputs,228,1701
1988-11-01,1989-10-01,Nov 1988 to Oct 1989,9.748767,365,published-inputs,161,1701
1988-12-01,1989-11-01,Dec 1988 to Nov 1989,9.847397,365,published-inputs,122,1701
1989-01-01,1989-12-01,Jan 1989 to Dec 1989,9.575616,365,published-inputs,265,1701
1989-02-01,1990-01-01,Feb 1989 to Jan 1990,9.592603,365,published-inputs,253,1701
1989-03-01,1990-02-01,Mar 1989 to Feb 1990,9.692329,365,published-inputs,194,1701
1989-04-01,1990-03-01,Apr 1989 to Mar 1990,9.777260,365,published-inputs,145,1701
1989-05-01,1990-04-01,May 1989 to Apr 1990,9.900548,365,published-inputs,106,1701
1989-06-01,1990-05-01,Jun 1989 to May 1990,9.883562,365,published-inputs,111,1701
1989-07-01,1990-06-01,Jul 1989 to Jun 1990,9.817808,365,published-inputs,129,1701
1989-08-01,1990-07-01,Aug 1989 to Jul 1990,9.741370,365,published-inputs,165,1701
1989-09-01,1990-08-01,Sep 1989 to Aug 1990,9.860274,365,published-inputs,118,1701
1989-10-01,1990-09-01,Oct 1989 to Sep 1990,9.761644,365,published-inputs,152,1701
1989-11-01,1990-10-01,Nov 1989 to Oct 1990,9.770137,365,published-inputs,150,1701
1989-12-01,1990-11-01,Dec 1989 to Nov 1990,9.745479,365,published-inputs,163,1701
1990-01-01,1990-12-01,Jan 1990 to Dec 1990,9.736986,365,published-inputs,168,1701
1990-02-01,1991-01-01,Feb 1990 to Jan 1991,9.448219,365,published-inputs,317,1701
1990-03-01,1991-02-01,Mar 1990 to Feb 1991,9.033973,365,published-inputs,573,1701
1990-04-01,1991-03-01,Apr 1990 to Mar 1991,8.983014,365,published-inputs,617,1701
1990-05-01,1991-04-01,May 1990 to Apr 1991,8.983014,365,published-inputs,617,1701
1990-06-01,1991-05-01,Jun 1990 to May 1991,8.838630,365,published-inputs,746,1701
1990-07-01,1991-06-01,Jul 1990 to Jun 1991,8.723562,365,published-inputs,851,1701
1990-08-01,1991-07-01,Aug 1990 to Jul 1991,8.715068,365,published-inputs,862,1701
1990-09-01,1991-08-01,Sep 1990 to Aug 1991,8.630137,365,published-inputs,951,1701
1990-10-01,1991-09-01,Oct 1990 to Sep 1991,8.769863,365,published-inputs,804,1701
1990-11-01,1991-10-01,Nov 1990 to Oct 1991,8.616986,365,published-inputs,962,1701
1990-12-01,1991-11-01,Dec 1990 to Nov 1991,8.625205,365,published-inputs,955,1701
1991-01-01,1991-12-01,Jan 1991 to Dec 1991,8.684658,365,published-inputs,898,1701
1991-02-01,1992-01-01,Feb 1991 to Jan 1992,8.735616,365,published-inputs,838,1701
1991-03-01,1992-02-01,Mar 1991 to Feb 1992,9.024317,366,published-inputs,582,1701
1991-04-01,1992-03-01,Apr 1991 to Mar 1992,8.998907,366,published-inputs,600,1701
1991-05-01,1992-04-01,May 1991 to Apr 1992,9.048087,366,published-inputs,552,1701
1991-06-01,1992-05-01,Jun 1991 to May 1992,9.234426,366,published-inputs,432,1701
1991-07-01,1992-06-01,Jul 1991 to Jun 1992,9.504918,366,published-inputs,286,1701
1991-08-01,1992-07-01,Aug 1991 to Jul 1992,9.445628,366,published-inputs,318,1701
1991-09-01,1992-08-01,Sep 1991 to Aug 1992,9.301639,366,published-inputs,392,1701
1991-10-01,1992-09-01,Oct 1991 to Sep 1992,9.178689,366,published-inputs,458,1701
1991-11-01,1992-10-01,Nov 1991 to Oct 1992,9.000820,366,published-inputs,599,1701
1991-12-01,1992-11-01,Dec 1991 to Nov 1992,9.066393,366,published-inputs,534,1701
1992-01-01,1992-12-01,Jan 1992 to Dec 1992,8.973224,366,published-inputs,623,1701
1992-02-01,1993-01-01,Feb 1992 to Jan 1993,9.159563,366,published-inputs,468,1701
1992-03-01,1993-02-01,Mar 1992 to Feb 1993,9.124384,365,published-inputs,494,1701
1992-04-01,1993-03-01,Apr 1992 to Mar 1993,9.064932,365,published-inputs,537,1701
1992-05-01,1993-04-01,May 1992 to Apr 1993,9.138904,365,published-inputs,485,1701
1992-06-01,1993-05-01,Jun 1992 to May 1993,8.969041,365,published-inputs,627,1701
1992-07-01,1993-06-01,Jul 1992 to Jun 1993,8.927945,365,published-inputs,669,1701
1992-08-01,1993-07-01,Aug 1992 to Jul 1993,8.826027,365,published-inputs,752,1701
1992-09-01,1993-08-01,Sep 1992 to Aug 1993,8.775068,365,published-inputs,800,1701
1992-10-01,1993-09-01,Oct 1992 to Sep 1993,8.717534,365,published-inputs,858,1701
1992-11-01,1993-10-01,Nov 1992 to Oct 1993,8.726027,365,published-inputs,847,1701
1992-12-01,1993-11-01,Dec 1992 to Nov 1993,8.512329,365,published-inputs,1094,1701
1993-01-01,1993-12-01,Jan 1993 to Dec 1993,8.648219,365,published-inputs,931,1701
1993-02-01,1994-01-01,Feb 1993 to Jan 1994,8.588767,365,published-inputs,1004,1701
1993-03-01,1994-02-01,Mar 1993 to Feb 1994,8.450685,365,published-inputs,1184,1701
1993-04-01,1994-03-01,Apr 1993 to Mar 1994,8.518630,365,published-inputs,1088,1701
1993-05-01,1994-04-01,May 1993 to Apr 1994,8.387123,365,published-inputs,1253,1701
1993-06-01,1994-05-01,Jun 1993 to May 1994,8.344658,365,published-inputs,1312,1701
1993-07-01,1994-06-01,Jul 1993 to Jun 1994,8.254247,365,published-inputs,1402,1701
1993-08-01,1994-07-01,Aug 1993 to Jul 1994,8.407123,365,published-inputs,1227,1701
1993-09-01,1994-08-01,Sep 1993 to Aug 1994,8.509041,365,published-inputs,1102,1701
1993-10-01,1994-09-01,Oct 1993 to Sep 1994,8.533699,365,published-inputs,1064,1701
1993-11-01,1994-10-01,Nov 1993 to Oct 1994,8.737534,365,published-inputs,836,1701
1993-12-01,1994-11-01,Dec 1993 to Nov 1994,9.164932,365,published-inputs,463,1701
1994-01-01,1994-12-01,Jan 1994 to Dec 1994,9.266849,365,published-inputs,409,1701
1994-02-01,1995-01-01,Feb 1994 to Jan 1995,9.258356,365,published-inputs,414,1701
1994-03-01,1995-02-01,Mar 1994 to Feb 1995,9.496164,365,published-inputs,289,1701
1994-04-01,1995-03-01,Apr 1994 to Mar 1995,9.334795,365,published-inputs,372,1701
1994-05-01,1995-04-01,May 1994 to Apr 1995,9.416986,365,published-inputs,334,1701
1994-06-01,1995-05-01,Jun 1994 to May 1995,9.467945,365,published-inputs,306,1701
1994-07-01,1995-06-01,Jul 1994 to Jun 1995,9.517260,365,published-inputs,281,1701
1994-08-01,1995-07-01,Aug 1994 to Jul 1995,9.627671,365,published-inputs,235,1701
1994-09-01,1995-08-01,Sep 1994 to Aug 1995,9.933425,365,published-inputs,92,1701
1994-10-01,1995-09-01,Oct 1994 to Sep 1995,9.999178,365,published-inputs,77,1701
1994-11-01,1995-10-01,Nov 1994 to Oct 1995,10.228493,365,published-inputs,41,1701
1994-12-01,1995-11-01,Dec 1994 to Nov 1995,10.023014,365,published-inputs,70,1701
1995-01-01,1995-12-01,Jan 1995 to Dec 1995,9.666301,365,published-inputs,212,1701
1995-02-01,1996-01-01,Feb 1995 to Jan 1996,9.615342,365,published-inputs,240,1701
1995-03-01,1996-02-01,Mar 1995 to Feb 1996,9.304098,366,published-inputs,390,1701
1995-04-01,1996-03-01,Apr 1995 to Mar 1996,9.261749,366,published-inputs,411,1701
1995-05-01,1996-04-01,May 1995 to Apr 1996,9.220765,366,published-inputs,438,1701
1995-06-01,1996-05-01,Jun 1995 to May 1996,9.025956,366,published-inputs,578,1701
1995-07-01,1996-06-01,Jul 1995 to Jun 1996,8.993169,366,published-inputs,605,1701
1995-08-01,1996-07-01,Aug 1995 to Jul 1996,8.823770,366,published-inputs,753,1701
1995-09-01,1996-08-01,Sep 1995 to Aug 1996,8.569672,366,published-inputs,1019,1701
1995-10-01,1996-09-01,Oct 1995 to Sep 1996,8.586066,366,published-inputs,1005,1701
1995-11-01,1996-10-01,Nov 1995 to Oct 1996,8.459016,366,published-inputs,1171,1701
1995-12-01,1996-11-01,Dec 1995 to Nov 1996,8.344262,366,published-inputs,1313,1701
1996-01-01,1996-12-01,Jan 1996 to Dec 1996,8.386612,366,published-inputs,1256,1701
1996-02-01,1997-01-01,Feb 1996 to Jan 1997,8.217213,366,published-inputs,1429,1701
1996-03-01,1997-02-01,Mar 1996 to Feb 1997,8.517808,365,published-inputs,1091,1701
1996-04-01,1997-03-01,Apr 1996 to Mar 1997,8.781096,365,published-inputs,796,1701
1996-05-01,1997-04-01,May 1996 to Apr 1997,8.855068,365,published-inputs,733,1701
1996-06-01,1997-05-01,Jun 1996 to May 1997,9.075890,365,published-inputs,524,1701
1996-07-01,1997-06-01,Jul 1996 to Jun 1997,9.075890,365,published-inputs,525,1701
1996-08-01,1997-07-01,Aug 1996 to Jul 1997,9.101370,365,published-inputs,505,1701
1996-09-01,1997-08-01,Sep 1996 to Aug 1997,9.296712,365,published-inputs,395,1701
1996-10-01,1997-09-01,Oct 1996 to Sep 1997,9.329589,365,published-inputs,373,1701
1996-11-01,1997-10-01,Nov 1996 to Oct 1997,9.236164,365,published-inputs,427,1701
1996-12-01,1997-11-01,Dec 1996 to Nov 1997,9.441644,365,published-inputs,320,1701
1997-01-01,1997-12-01,Jan 1997 to Dec 1997,9.687945,365,published-inputs,198,1701
1997-02-01,1998-01-01,Feb 1997 to Jan 1998,9.908767,365,published-inputs,101,1701
1997-03-01,1998-02-01,Mar 1997 to Feb 1998,9.985479,365,published-inputs,81,1701
1997-04-01,1998-03-01,Apr 1997 to Mar 1998,9.993973,365,published-inputs,79,1701
1997-05-01,1998-04-01,May 1997 to Apr 1998,9.862466,365,published-inputs,116,1701
1997-06-01,1998-05-01,Jun 1997 to May 1998,9.981370,365,published-inputs,82,1701
1997-07-01,1998-06-01,Jul 1997 to Jun 1998,9.997808,365,published-inputs,78,1701
1997-08-01,1998-07-01,Aug 1997 to Jul 1998,9.904384,365,published-inputs,103,1701
1997-09-01,1998-08-01,Sep 1997 to Aug 1998,9.683562,365,published-inputs,203,1701
1997-10-01,1998-09-01,Oct 1997 to Sep 1998,9.724658,365,published-inputs,173,1701
1997-11-01,1998-10-01,Nov 1997 to Oct 1998,9.733151,365,published-inputs,169,1701
1997-12-01,1998-11-01,Dec 1997 to Nov 1998,9.560548,365,published-inputs,266,1701
1998-01-01,1998-12-01,Jan 1998 to Dec 1998,9.543562,365,published-inputs,275,1701
1998-02-01,1999-01-01,Feb 1998 to Jan 1999,9.586027,365,published-inputs,261,1701
1998-03-01,1999-02-01,Mar 1998 to Feb 1999,9.440274,365,published-inputs,322,1701
1998-04-01,1999-03-01,Apr 1998 to Mar 1999,9.355342,365,published-inputs,364,1701
1998-05-01,1999-04-01,May 1998 to Apr 1999,9.495068,365,published-inputs,290,1701
1998-06-01,1999-05-01,Jun 1998 to May 1999,9.469589,365,published-inputs,302,1701
1998-07-01,1999-06-01,Jul 1998 to Jun 1999,9.428493,365,published-inputs,327,1701
1998-08-01,1999-07-01,Aug 1998 to Jul 1999,9.606849,365,published-inputs,246,1701
1998-09-01,1999-08-01,Sep 1998 to Aug 1999,9.649315,365,published-inputs,224,1701
1998-10-01,1999-09-01,Oct 1998 to Sep 1999,9.682192,365,published-inputs,205,1701
1998-11-01,1999-10-01,Nov 1998 to Oct 1999,9.699178,365,published-inputs,187,1701
1998-12-01,1999-11-01,Dec 1998 to Nov 1999,9.789589,365,published-inputs,139,1701
1999-01-01,1999-12-01,Jan 1999 to Dec 1999,9.747123,365,published-inputs,162,1701
1999-02-01,2000-01-01,Feb 1999 to Jan 2000,9.679178,365,published-inputs,209,1701
1999-03-01,2000-02-01,Mar 1999 to Feb 2000,9.721585,366,published-inputs,176,1701
1999-04-01,2000-03-01,Apr 1999 to Mar 2000,9.730055,366,published-inputs,171,1701
1999-05-01,2000-04-01,May 1999 to Apr 2000,9.590710,366,published-inputs,255,1701
1999-06-01,2000-05-01,Jun 1999 to May 2000,9.522951,366,published-inputs,280,1701
1999-07-01,2000-06-01,Jul 1999 to Jun 2000,9.613115,366,published-inputs,244,1701
1999-08-01,2000-07-01,Aug 1999 to Jul 2000,9.469126,366,published-inputs,303,1701
1999-09-01,2000-08-01,Sep 1999 to Aug 2000,9.469126,366,published-inputs,303,1701
1999-10-01,2000-09-01,Oct 1999 to Sep 2000,9.444536,366,published-inputs,319,1701
1999-11-01,2000-10-01,Nov 1999 to Oct 2000,9.393716,366,published-inputs,346,1701
1999-12-01,2000-11-01,Dec 1999 to Nov 2000,9.328142,366,published-inputs,374,1701
2000-01-01,2000-12-01,Jan 2000 to Dec 2000,9.370492,366,published-inputs,354,1701
2000-02-01,2001-01-01,Feb 2000 to Jan 2001,9.260383,366,published-inputs,412,1701
2000-03-01,2001-02-01,Mar 2000 to Feb 2001,9.140000,365,published-inputs,484,1701
2000-04-01,2001-03-01,Apr 2000 to Mar 2001,8.961644,365,published-inputs,634,1701
2000-05-01,2001-04-01,May 2000 to Apr 2001,8.953425,365,published-inputs,638,1701
2000-06-01,2001-05-01,Jun 2000 to May 2001,8.995890,365,published-inputs,604,1701
2000-07-01,2001-06-01,Jul 2000 to Jun 2001,8.946575,365,published-inputs,642,1701
2000-08-01,2001-07-01,Aug 2000 to Jul 2001,9.006027,365,published-inputs,594,1701
2000-09-01,2001-08-01,Sep 2000 to Aug 2001,9.006027,365,published-inputs,594,1701
2000-10-01,2001-09-01,Oct 2000 to Sep 2001,8.915616,365,published-inputs,684,1701
2000-11-01,2001-10-01,Nov 2000 to Oct 2001,9.161918,365,published-inputs,465,1701
2000-12-01,2001-11-01,Dec 2000 to Nov 2001,9.235890,365,published-inputs,428,1701
2001-01-01,2001-12-01,Jan 2001 to Dec 2001,9.083014,365,published-inputs,517,1701
2001-02-01,2002-01-01,Feb 2001 to Jan 2002,9.286849,365,published-inputs,400,1701
2001-03-01,2002-02-01,Mar 2001 to Feb 2002,9.463288,365,published-inputs,310,1701
2001-04-01,2002-03-01,Apr 2001 to Mar 2002,9.667123,365,published-inputs,211,1701
2001-05-01,2002-04-01,May 2001 to Apr 2002,9.782192,365,published-inputs,143,1701
2001-06-01,2002-05-01,Jun 2001 to May 2002,9.714247,365,published-inputs,177,1701
2001-07-01,2002-06-01,Jul 2001 to Jun 2002,9.689589,365,published-inputs,197,1701
2001-08-01,2002-07-01,Aug 2001 to Jul 2002,9.604658,365,published-inputs,249,1701
2001-09-01,2002-08-01,Sep 2001 to Aug 2002,9.613151,365,published-inputs,243,1701
2001-10-01,2002-09-01,Oct 2001 to Sep 2002,9.654247,365,published-inputs,220,1701
2001-11-01,2002-10-01,Nov 2001 to Oct 2002,9.407945,365,published-inputs,338,1701
2001-12-01,2002-11-01,Dec 2001 to Nov 2002,9.490137,365,published-inputs,293,1701
2002-01-01,2002-12-01,Jan 2002 to Dec 2002,9.634521,365,published-inputs,231,1701
2002-02-01,2003-01-01,Feb 2002 to Jan 2003,9.515616,365,published-inputs,282,1701
2002-03-01,2003-02-01,Mar 2002 to Feb 2003,9.316164,365,published-inputs,381,1701
2002-04-01,2003-03-01,Apr 2002 to Mar 2003,9.324658,365,published-inputs,376,1701
2002-05-01,2003-04-01,May 2002 to Apr 2003,9.415068,365,published-inputs,335,1701
2002-06-01,2003-05-01,Jun 2002 to May 2003,9.406575,365,published-inputs,340,1701
2002-07-01,2003-06-01,Jul 2002 to Jun 2003,9.546301,365,published-inputs,273,1701
2002-08-01,2003-07-01,Aug 2002 to Jul 2003,9.690685,365,published-inputs,195,1701
2002-09-01,2003-08-01,Sep 2002 to Aug 2003,9.809589,365,published-inputs,132,1701
2002-10-01,2003-09-01,Oct 2002 to Sep 2003,9.809589,365,published-inputs,132,1701
2002-11-01,2003-10-01,Nov 2002 to Oct 2003,9.707671,365,published-inputs,182,1701
2002-12-01,2003-11-01,Dec 2002 to Nov 2003,9.650137,365,published-inputs,223,1701
2003-01-01,2003-12-01,Jan 2003 to Dec 2003,9.616164,365,published-inputs,239,1701
2003-02-01,2004-01-01,Feb 2003 to Jan 2004,9.684110,365,published-inputs,202,1701
2003-03-01,2004-02-01,Mar 2003 to Feb 2004,9.738798,366,published-inputs,167,1701
2003-04-01,2004-03-01,Apr 2003 to Mar 2004,9.637158,366,published-inputs,229,1701
2003-05-01,2004-04-01,May 2003 to Apr 2004,9.579781,366,published-inputs,263,1701
2003-06-01,2004-05-01,Jun 2003 to May 2004,9.613661,366,published-inputs,242,1701
2003-07-01,2004-06-01,Jul 2003 to Jun 2004,9.589071,366,published-inputs,258,1701
2003-08-01,2004-07-01,Aug 2003 to Jul 2004,9.453552,366,published-inputs,316,1701
2003-09-01,2004-08-01,Sep 2003 to Aug 2004,9.411202,366,published-inputs,336,1701
2003-10-01,2004-09-01,Oct 2003 to Sep 2004,9.468579,366,published-inputs,305,1701
2003-11-01,2004-10-01,Nov 2003 to Oct 2004,9.587158,366,published-inputs,259,1701
2003-12-01,2004-11-01,Dec 2003 to Nov 2004,9.578962,366,published-inputs,264,1701
2004-01-01,2004-12-01,Jan 2004 to Dec 2004,9.655191,366,published-inputs,219,1701
2004-02-01,2005-01-01,Feb 2004 to Jan 2005,9.739891,366,published-inputs,166,1701
2004-03-01,2005-02-01,Mar 2004 to Feb 2005,9.700548,365,published-inputs,186,1701
2004-04-01,2005-03-01,Apr 2004 to Mar 2005,9.776986,365,published-inputs,146,1701
2004-05-01,2005-04-01,May 2004 to Apr 2005,9.744110,365,published-inputs,164,1701
2004-06-01,2005-05-01,Jun 2004 to May 2005,9.684658,365,published-inputs,201,1701
2004-07-01,2005-06-01,Jul 2004 to Jun 2005,9.692877,365,published-inputs,192,1701
2004-08-01,2005-07-01,Aug 2004 to Jul 2005,9.794795,365,published-inputs,136,1701
2004-09-01,2005-08-01,Sep 2004 to Aug 2005,9.692877,365,published-inputs,192,1701
2004-10-01,2005-09-01,Oct 2004 to Sep 2005,9.709315,365,published-inputs,180,1701
2004-11-01,2005-10-01,Nov 2004 to Oct 2005,9.913151,365,published-inputs,98,1701
2004-12-01,2005-11-01,Dec 2004 to Nov 2005,9.773425,365,published-inputs,147,1701
2005-01-01,2005-12-01,Jan 2005 to Dec 2005,9.696986,365,published-inputs,188,1701
2005-02-01,2006-01-01,Feb 2005 to Jan 2006,9.527123,365,published-inputs,279,1701
2005-03-01,2006-02-01,Mar 2005 to Feb 2006,9.496438,365,published-inputs,288,1701
2005-04-01,2006-03-01,Apr 2005 to Mar 2006,9.309589,365,published-inputs,386,1701
2005-05-01,2006-04-01,May 2005 to Apr 2006,9.293151,365,published-inputs,397,1701
2005-06-01,2006-05-01,Jun 2005 to May 2006,9.361096,365,published-inputs,361,1701
2005-07-01,2006-06-01,Jul 2005 to Jun 2006,9.402192,365,published-inputs,344,1701
2005-08-01,2006-07-01,Aug 2005 to Jul 2006,9.597534,365,published-inputs,250,1701
2005-09-01,2006-08-01,Sep 2005 to Aug 2006,9.606027,365,published-inputs,248,1701
2005-10-01,2006-09-01,Oct 2005 to Sep 2006,9.704658,365,published-inputs,183,1701
2005-11-01,2006-10-01,Nov 2005 to Oct 2006,9.696164,365,published-inputs,191,1701
2005-12-01,2006-11-01,Dec 2005 to Nov 2006,9.835890,365,published-inputs,125,1701
2006-01-01,2006-12-01,Jan 2006 to Dec 2006,9.946301,365,published-inputs,90,1701
2006-02-01,2007-01-01,Feb 2006 to Jan 2007,10.167123,365,published-inputs,51,1701
2006-03-01,2007-02-01,Mar 2006 to Feb 2007,10.320548,365,published-inputs,26,1701
2006-04-01,2007-03-01,Apr 2006 to Mar 2007,10.490411,365,published-inputs,11,1701
2006-05-01,2007-04-01,May 2006 to Apr 2007,10.695890,365,published-inputs,1,1701
2006-06-01,2007-05-01,Jun 2006 to May 2007,10.687397,365,published-inputs,2,1701
2006-07-01,2007-06-01,Jul 2006 to Jun 2007,10.646301,365,published-inputs,4,1701
2006-08-01,2007-07-01,Aug 2006 to Jul 2007,10.315068,365,published-inputs,27,1701
2006-09-01,2007-08-01,Sep 2006 to Aug 2007,10.264110,365,published-inputs,37,1701
2006-10-01,2007-09-01,Oct 2006 to Sep 2007,10.083288,365,published-inputs,61,1701
2006-11-01,2007-10-01,Nov 2006 to Oct 2007,9.955890,365,published-inputs,86,1701
2006-12-01,2007-11-01,Dec 2006 to Nov 2007,9.947671,365,published-inputs,88,1701
2007-01-01,2007-12-01,Jan 2007 to Dec 2007,9.854247,365,published-inputs,119,1701
2007-02-01,2008-01-01,Feb 2007 to Jan 2008,9.828767,365,published-inputs,127,1701
2007-03-01,2008-02-01,Mar 2007 to Feb 2008,9.792896,366,published-inputs,138,1701
2007-04-01,2008-03-01,Apr 2007 to Mar 2008,9.725137,366,published-inputs,172,1701
2007-05-01,2008-04-01,May 2007 to Apr 2008,9.462842,366,published-inputs,311,1701
2007-06-01,2008-05-01,Jun 2007 to May 2008,9.606831,366,published-inputs,247,1701
2007-07-01,2008-06-01,Jul 2007 to Jun 2008,9.492077,366,published-inputs,292,1701
2007-08-01,2008-07-01,Aug 2007 to Jul 2008,9.593716,366,published-inputs,252,1701
2007-09-01,2008-08-01,Sep 2007 to Aug 2008,9.636066,366,published-inputs,230,1701
2007-10-01,2008-09-01,Oct 2007 to Sep 2008,9.586885,366,published-inputs,260,1701
2007-11-01,2008-10-01,Nov 2007 to Oct 2008,9.485246,366,published-inputs,296,1701
2007-12-01,2008-11-01,Dec 2007 to Nov 2008,9.436066,366,published-inputs,324,1701
2008-01-01,2008-12-01,Jan 2008 to Dec 2008,9.300546,366,published-inputs,393,1701
2008-02-01,2009-01-01,Feb 2008 to Jan 2009,9.012568,366,published-inputs,589,1701
2008-03-01,2009-02-01,Mar 2008 to Feb 2009,8.931233,365,published-inputs,663,1701
2008-04-01,2009-03-01,Apr 2008 to Mar 2009,8.973699,365,published-inputs,622,1701
2008-05-01,2009-04-01,May 2008 to Apr 2009,9.096986,365,published-inputs,509,1701
2008-06-01,2009-05-01,Jun 2008 to May 2009,8.935616,365,published-inputs,657,1701
2008-07-01,2009-06-01,Jul 2008 to Jun 2009,9.034247,365,published-inputs,571,1701
2008-08-01,2009-07-01,Aug 2008 to Jul 2009,9.017260,365,published-inputs,586,1701
2008-09-01,2009-08-01,Sep 2008 to Aug 2009,9.025753,365,published-inputs,579,1701
2008-10-01,2009-09-01,Oct 2008 to Sep 2009,9.066849,365,published-inputs,532,1701
2008-11-01,2009-10-01,Nov 2008 to Oct 2009,9.211233,365,published-inputs,440,1701
2008-12-01,2009-11-01,Dec 2008 to Nov 2009,9.309863,365,published-inputs,385,1701
2009-01-01,2009-12-01,Jan 2009 to Dec 2009,9.267397,365,published-inputs,407,1701
2009-02-01,2010-01-01,Feb 2009 to Jan 2010,9.131507,365,published-inputs,489,1701
2009-03-01,2010-02-01,Mar 2009 to Feb 2010,9.024110,365,published-inputs,584,1701
2009-04-01,2010-03-01,Apr 2009 to Mar 2010,8.930685,365,published-inputs,664,1701
2009-05-01,2010-04-01,May 2009 to Apr 2010,8.873151,365,published-inputs,715,1701
2009-06-01,2010-05-01,Jun 2009 to May 2010,8.805205,365,published-inputs,773,1701
2009-07-01,2010-06-01,Jul 2009 to Jun 2010,8.821644,365,published-inputs,757,1701
2009-08-01,2010-07-01,Aug 2009 to Jul 2010,8.864110,365,published-inputs,725,1701
2009-09-01,2010-08-01,Sep 2009 to Aug 2010,8.787671,365,published-inputs,790,1701
2009-10-01,2010-09-01,Oct 2009 to Sep 2010,8.795890,365,published-inputs,784,1701
2009-11-01,2010-10-01,Nov 2009 to Oct 2010,8.693973,365,published-inputs,888,1701
2009-12-01,2010-11-01,Dec 2009 to Nov 2010,8.414521,365,published-inputs,1223,1701
2010-01-01,2010-12-01,Jan 2010 to Dec 2010,8.125753,365,published-inputs,1482,1701
2010-02-01,2011-01-01,Feb 2010 to Jan 2011,8.287123,365,published-inputs,1372,1701
2010-03-01,2011-02-01,Mar 2010 to Feb 2011,8.555616,365,published-inputs,1031,1701
2010-04-01,2011-03-01,Apr 2010 to Mar 2011,8.640548,365,published-inputs,937,1701
2010-05-01,2011-04-01,May 2010 to Apr 2011,8.878904,365,published-inputs,708,1701
2010-06-01,2011-05-01,Jun 2010 to May 2011,8.972329,365,published-inputs,624,1701
2010-07-01,2011-06-01,Jul 2010 to Jun 2011,8.840822,365,published-inputs,742,1701
2010-08-01,2011-07-01,Aug 2010 to Jul 2011,8.730411,365,published-inputs,843,1701
2010-09-01,2011-08-01,Sep 2010 to Aug 2011,8.730411,365,published-inputs,843,1701
2010-10-01,2011-09-01,Oct 2010 to Sep 2011,8.804384,365,published-inputs,775,1701
2010-11-01,2011-10-01,Nov 2010 to Oct 2011,8.974247,365,published-inputs,621,1701
2010-12-01,2011-11-01,Dec 2010 to Nov 2011,9.335890,365,published-inputs,371,1701
2011-01-01,2011-12-01,Jan 2011 to Dec 2011,9.896438,365,published-inputs,107,1701
2011-02-01,2012-01-01,Feb 2011 to Jan 2012,10.091781,365,published-inputs,60,1701
2011-03-01,2012-02-01,Mar 2011 to Feb 2012,9.930055,366,published-inputs,94,1701
2011-04-01,2012-03-01,Apr 2011 to Mar 2012,10.082514,366,published-inputs,63,1701
2011-05-01,2012-04-01,May 2011 to Apr 2012,9.721858,366,published-inputs,175,1701
2011-06-01,2012-05-01,Jun 2011 to May 2012,9.696448,366,published-inputs,189,1701
2011-07-01,2012-06-01,Jul 2011 to Jun 2012,9.704645,366,published-inputs,184,1701
2011-08-01,2012-07-01,Aug 2011 to Jul 2012,9.704645,366,published-inputs,184,1701
2011-09-01,2012-08-01,Sep 2011 to Aug 2012,9.814754,366,published-inputs,130,1701
2011-10-01,2012-09-01,Oct 2011 to Sep 2012,9.650820,366,published-inputs,222,1701
2011-11-01,2012-10-01,Nov 2011 to Oct 2012,9.422131,366,published-inputs,331,1701
2011-12-01,2012-11-01,Dec 2011 to Nov 2012,9.176230,366,published-inputs,461,1701
2012-01-01,2012-12-01,Jan 2012 to Dec 2012,9.066120,366,published-inputs,535,1701
2012-02-01,2013-01-01,Feb 2012 to Jan 2013,8.922131,366,published-inputs,678,1701
2012-03-01,2013-02-01,Mar 2012 to Feb 2013,8.850959,365,published-inputs,736,1701
2012-04-01,2013-03-01,Apr 2012 to Mar 2013,8.392329,365,published-inputs,1243,1701
2012-05-01,2013-04-01,May 2012 to Apr 2013,8.384110,365,published-inputs,1262,1701
2012-06-01,2013-05-01,Jun 2012 to May 2013,8.248219,365,published-inputs,1405,1701
2012-07-01,2013-06-01,Jul 2012 to Jun 2013,8.256438,365,published-inputs,1399,1701
2012-08-01,2013-07-01,Aug 2012 to Jul 2013,8.519726,365,published-inputs,1085,1701
2012-09-01,2013-08-01,Sep 2012 to Aug 2013,8.528219,365,published-inputs,1071,1701
2012-10-01,2013-09-01,Oct 2012 to Sep 2013,8.626849,365,published-inputs,954,1701
2012-11-01,2013-10-01,Nov 2012 to Oct 2013,8.864658,365,published-inputs,722,1701
2012-12-01,2013-11-01,Dec 2012 to Nov 2013,8.872877,365,published-inputs,716,1701
2013-01-01,2013-12-01,Jan 2013 to Dec 2013,8.991781,365,published-inputs,608,1701
2013-02-01,2014-01-01,Feb 2013 to Jan 2014,9.127671,365,published-inputs,491,1701
2013-03-01,2014-02-01,Mar 2013 to Feb 2014,9.311781,365,published-inputs,384,1701
2013-04-01,2014-03-01,Apr 2013 to Mar 2014,9.685479,365,published-inputs,199,1701
2013-05-01,2014-04-01,May 2013 to Apr 2014,9.915616,365,published-inputs,97,1701
2013-06-01,2014-05-01,Jun 2013 to May 2014,10.093973,365,published-inputs,59,1701
2013-07-01,2014-06-01,Jul 2013 to Jun 2014,10.200822,365,published-inputs,46,1701
2013-08-01,2014-07-01,Aug 2013 to Jul 2014,10.107397,365,published-inputs,58,1701
2013-09-01,2014-08-01,Sep 2013 to Aug 2014,9.980000,365,published-inputs,83,1701
2013-10-01,2014-09-01,Oct 2013 to Sep 2014,10.062192,365,published-inputs,66,1701
2013-11-01,2014-10-01,Nov 2013 to Oct 2014,10.036712,365,published-inputs,69,1701
2013-12-01,2014-11-01,Dec 2013 to Nov 2014,10.168219,365,published-inputs,50,1701
2014-01-01,2014-12-01,Jan 2014 to Dec 2014,10.083288,365,published-inputs,62,1701
2014-02-01,2015-01-01,Feb 2014 to Jan 2015,10.006849,365,published-inputs,73,1701
2014-03-01,2015-02-01,Mar 2014 to Feb 2015,9.861096,365,published-inputs,117,1701
2014-04-01,2015-03-01,Apr 2014 to Mar 2015,9.750685,365,published-inputs,160,1701
2014-05-01,2015-04-01,May 2014 to Apr 2015,9.684932,365,published-inputs,200,1701
2014-06-01,2015-05-01,Jun 2014 to May 2015,9.557534,365,published-inputs,267,1701
2014-07-01,2015-06-01,Jul 2014 to Jun 2015,9.467123,365,published-inputs,307,1701
2014-08-01,2015-07-01,Aug 2014 to Jul 2015,9.314247,365,published-inputs,383,1701
2014-09-01,2015-08-01,Sep 2014 to Aug 2015,9.348219,365,published-inputs,366,1701
2014-10-01,2015-09-01,Oct 2014 to Sep 2015,9.150959,365,published-inputs,477,1701
2014-11-01,2015-10-01,Nov 2014 to Oct 2015,9.032055,365,published-inputs,576,1701
2014-12-01,2015-11-01,Dec 2014 to Nov 2015,9.138904,365,published-inputs,486,1701
2015-01-01,2015-12-01,Jan 2015 to Dec 2015,9.470137,365,published-inputs,301,1701
2015-02-01,2016-01-01,Feb 2015 to Jan 2016,9.555068,365,published-inputs,268,1701
2015-03-01,2016-02-01,Mar 2015 to Feb 2016,9.609836,366,published-inputs,245,1701
2015-04-01,2016-03-01,Apr 2015 to Mar 2016,9.584426,366,published-inputs,262,1701
2015-05-01,2016-04-01,May 2015 to Apr 2016,9.461475,366,published-inputs,313,1701
2015-06-01,2016-05-01,Jun 2015 to May 2016,9.630874,366,published-inputs,232,1701
2015-07-01,2016-06-01,Jul 2015 to Jun 2016,9.753825,366,published-inputs,159,1701
2015-08-01,2016-07-01,Aug 2015 to Jul 2016,9.830055,366,published-inputs,126,1701
2015-09-01,2016-08-01,Sep 2015 to Aug 2016,9.931694,366,published-inputs,93,1701
2015-10-01,2016-09-01,Oct 2015 to Sep 2016,10.169399,366,published-inputs,49,1701
2015-11-01,2016-10-01,Nov 2015 to Oct 2016,10.160929,366,published-inputs,52,1701
2015-12-01,2016-11-01,Dec 2015 to Nov 2016,9.874044,366,published-inputs,114,1701
2016-01-01,2016-12-01,Jan 2016 to Dec 2016,9.628415,366,published-inputs,234,1701
2016-02-01,2017-01-01,Feb 2016 to Jan 2017,9.552186,366,published-inputs,271,1701
2016-03-01,2017-02-01,Mar 2016 to Feb 2017,9.658356,365,published-inputs,218,1701
2016-04-01,2017-03-01,Apr 2016 to Mar 2017,9.853699,365,published-inputs,120,1701
2016-05-01,2017-04-01,May 2016 to Apr 2017,9.952329,365,published-inputs,87,1701
2016-06-01,2017-05-01,Jun 2016 to May 2017,10.003288,365,published-inputs,76,1701
2016-07-01,2017-06-01,Jul 2016 to Jun 2017,10.011507,365,published-inputs,72,1701
2016-08-01,2017-07-01,Aug 2016 to Jul 2017,10.020000,365,published-inputs,71,1701
2016-09-01,2017-08-01,Sep 2016 to Aug 2017,9.926575,365,published-inputs,95,1701
2016-10-01,2017-09-01,Oct 2016 to Sep 2017,9.762192,365,published-inputs,151,1701
2016-11-01,2017-10-01,Nov 2016 to Oct 2017,9.889589,365,published-inputs,109,1701
2016-12-01,2017-11-01,Dec 2016 to Nov 2017,9.988219,365,published-inputs,80,1701
2017-01-01,2017-12-01,Jan 2017 to Dec 2017,9.877808,365,published-inputs,113,1701
2017-02-01,2018-01-01,Feb 2017 to Jan 2018,9.903288,365,published-inputs,104,1701
2017-03-01,2018-02-01,Mar 2017 to Feb 2018,9.680822,365,published-inputs,207,1701
2017-04-01,2018-03-01,Apr 2017 to Mar 2018,9.383562,365,published-inputs,351,1701
2017-05-01,2018-04-01,May 2017 to Apr 2018,9.424658,365,published-inputs,330,1701
2017-06-01,2018-05-01,Jun 2017 to May 2018,9.373699,365,published-inputs,352,1701
2017-07-01,2018-06-01,Jul 2017 to Jun 2018,9.431233,365,published-inputs,325,1701
2017-08-01,2018-07-01,Aug 2017 to Jul 2018,9.592603,365,published-inputs,253,1701
2017-09-01,2018-08-01,Sep 2017 to Aug 2018,9.652055,365,published-inputs,221,1701
2017-10-01,2018-09-01,Oct 2017 to Sep 2018,9.643836,365,published-inputs,226,1701
2017-11-01,2018-10-01,Nov 2017 to Oct 2018,9.473973,365,published-inputs,299,1701
2017-12-01,2018-11-01,Dec 2017 to Nov 2018,9.539726,365,published-inputs,277,1701
2018-01-01,2018-12-01,Jan 2018 to Dec 2018,9.709589,365,published-inputs,179,1701
2018-02-01,2019-01-01,Feb 2018 to Jan 2019,9.641644,365,published-inputs,227,1701
2018-03-01,2019-02-01,Mar 2018 to Feb 2019,9.925479,365,published-inputs,96,1701
2018-04-01,2019-03-01,Apr 2018 to Mar 2019,10.180274,365,published-inputs,48,1701
2018-05-01,2019-04-01,May 2018 to Apr 2019,10.196712,365,published-inputs,47,1701
2018-06-01,2019-05-01,Jun 2018 to May 2019,10.060822,365,published-inputs,67,1701
2018-07-01,2019-06-01,Jul 2018 to Jun 2019,9.888219,365,published-inputs,110,1701
2018-08-01,2019-07-01,Aug 2018 to Jul 2019,9.794795,365,published-inputs,136,1701
2018-09-01,2019-08-01,Sep 2018 to Aug 2019,9.845753,365,published-inputs,123,1701
2018-10-01,2019-09-01,Oct 2018 to Sep 2019,9.911507,365,published-inputs,99,1701
2018-11-01,2019-10-01,Nov 2018 to Oct 2019,9.903014,365,published-inputs,105,1701
2018-12-01,2019-11-01,Dec 2018 to Nov 2019,9.771507,365,published-inputs,149,1701
2019-01-01,2019-12-01,Jan 2019 to Dec 2019,9.661096,365,published-inputs,217,1701
2019-02-01,2020-01-01,Feb 2019 to Jan 2020,9.813973,365,published-inputs,131,1701
2019-03-01,2020-02-01,Mar 2019 to Feb 2020,9.757104,366,published-inputs,157,1701
2019-04-01,2020-03-01,Apr 2019 to Mar 2020,9.663934,366,published-inputs,215,1701
2019-05-01,2020-04-01,May 2019 to Apr 2020,9.754098,366,published-inputs,158,1701
2019-06-01,2020-05-01,Jun 2019 to May 2020,9.872678,366,published-inputs,115,1701
2019-07-01,2020-06-01,Jul 2019 to Jun 2020,9.938251,366,published-inputs,91,1701
2019-08-01,2020-07-01,Aug 2019 to Jul 2020,9.785792,366,published-inputs,140,1701
2019-09-01,2020-08-01,Sep 2019 to Aug 2020,9.802732,366,published-inputs,135,1701
2019-10-01,2020-09-01,Oct 2019 to Sep 2020,9.778142,366,published-inputs,144,1701
2019-11-01,2020-10-01,Nov 2019 to Oct 2020,9.803552,366,published-inputs,134,1701
2019-12-01,2020-11-01,Dec 2019 to Nov 2020,9.967486,366,published-inputs,85,1701
2020-01-01,2020-12-01,Jan 2020 to Dec 2020,9.908197,366,published-inputs,102,1701
2020-02-01,2021-01-01,Feb 2020 to Jan 2021,9.696448,366,published-inputs,189,1701
2020-03-01,2021-02-01,Mar 2020 to Feb 2021,9.615068,365,published-inputs,241,1701
2020-04-01,2021-03-01,Apr 2020 to Mar 2021,9.666027,365,published-inputs,214,1701
2020-05-01,2021-04-01,May 2020 to Apr 2021,9.361918,365,published-inputs,359,1701
2020-06-01,2021-05-01,Jun 2020 to May 2021,9.158082,365,published-inputs,471,1701
2020-07-01,2021-06-01,Jul 2020 to Jun 2021,9.166301,365,published-inputs,462,1701
2020-08-01,2021-07-01,Aug 2020 to Jul 2021,9.361644,365,published-inputs,360,1701
2020-09-01,2021-08-01,Sep 2020 to Aug 2021,9.251233,365,published-inputs,418,1701
2020-10-01,2021-09-01,Oct 2020 to Sep 2021,9.399178,365,published-inputs,345,1701
2020-11-01,2021-10-01,Nov 2020 to Oct 2021,9.543562,365,published-inputs,275,1701
2020-12-01,2021-11-01,Dec 2020 to Nov 2021,9.494247,365,published-inputs,291,1701
2021-01-01,2021-12-01,Jan 2021 to Dec 2021,9.630137,365,published-inputs,233,1701
2021-02-01,2022-01-01,Feb 2021 to Jan 2022,9.757534,365,published-inputs,156,1701
2021-03-01,2022-02-01,Mar 2021 to Feb 2022,9.895616,365,published-inputs,108,1701
2021-04-01,2022-03-01,Apr 2021 to Mar 2022,9.946575,365,published-inputs,89,1701
2021-05-01,2022-04-01,May 2021 to Apr 2022,10.119178,365,published-inputs,55,1701
2021-06-01,2022-05-01,Jun 2021 to May 2022,10.340000,365,published-inputs,24,1701
2021-07-01,2022-06-01,Jul 2021 to Jun 2022,10.290685,365,published-inputs,33,1701
2021-08-01,2022-07-01,Aug 2021 to Jul 2022,10.273699,365,published-inputs,36,1701
2021-09-01,2022-08-01,Sep 2021 to Aug 2022,10.460548,365,published-inputs,13,1701
2021-10-01,2022-09-01,Oct 2021 to Sep 2022,10.353699,365,published-inputs,20,1701
2021-11-01,2022-10-01,Nov 2021 to Oct 2022,10.404658,365,published-inputs,19,1701
2021-12-01,2022-11-01,Dec 2021 to Nov 2022,10.503288,365,published-inputs,9,1701
2022-01-01,2022-12-01,Jan 2022 to Dec 2022,10.240000,365,published-inputs,40,1701
2022-02-01,2023-01-01,Feb 2022 to Jan 2023,10.256986,365,published-inputs,38,1701
2022-03-01,2023-02-01,Mar 2022 to Feb 2023,10.210959,365,published-inputs,43,1701
2022-04-01,2023-03-01,Apr 2022 to Mar 2023,10.134521,365,published-inputs,53,1701
2022-05-01,2023-04-01,May 2022 to Apr 2023,10.118082,365,published-inputs,56,1701
2022-06-01,2023-05-01,Jun 2022 to May 2023,10.126575,365,published-inputs,54,1701
2022-07-01,2023-06-01,Jul 2022 to Jun 2023,10.348493,365,published-inputs,22,1701
2022-08-01,2023-07-01,Aug 2022 to Jul 2023,10.221096,365,published-inputs,42,1701
2022-09-01,2023-08-01,Sep 2022 to Aug 2023,10.076712,365,published-inputs,64,1701
2022-10-01,2023-09-01,Oct 2022 to Sep 2023,10.249315,365,published-inputs,39,1701
2022-11-01,2023-10-01,Nov 2022 to Oct 2023,10.206849,365,published-inputs,44,1701
2022-12-01,2023-11-01,Dec 2022 to Nov 2023,10.108219,365,published-inputs,57,1701
2023-01-01,2023-12-01,Jan 2023 to Dec 2023,10.405479,365,published-inputs,18,1701
2023-02-01,2024-01-01,Feb 2023 to Jan 2024,10.346027,365,published-inputs,23,1701
2023-03-01,2024-02-01,Mar 2023 to Feb 2024,10.420765,366,published-inputs,17,1701
2023-04-01,2024-03-01,Apr 2023 to Mar 2024,10.488525,366,published-inputs,12,1701
2023-05-01,2024-04-01,May 2023 to Apr 2024,10.521311,366,published-inputs,7,1701
2023-06-01,2024-05-01,Jun 2023 to May 2024,10.589071,366,published-inputs,6,1701
2023-07-01,2024-06-01,Jul 2023 to Jun 2024,10.310383,366,published-inputs,28,1701
2023-08-01,2024-07-01,Aug 2023 to Jul 2024,10.293443,366,published-inputs,31,1701
2023-09-01,2024-08-01,Sep 2023 to Aug 2024,10.301913,366,published-inputs,29,1701
2023-10-01,2024-09-01,Oct 2023 to Sep 2024,10.072404,366,published-inputs,65,1701
2023-11-01,2024-10-01,Nov 2023 to Oct 2024,10.004645,366,published-inputs,74,1701
2023-12-01,2024-11-01,Dec 2023 to Nov 2024,10.004645,366,published-inputs,74,1701
2024-01-01,2024-12-01,Jan 2024 to Dec 2024,9.979235,366,published-inputs,84,1701
2024-02-01,2025-01-01,Feb 2024 to Jan 2025,9.911475,366,published-inputs,100,1701
2024-03-01,2025-02-01,Mar 2024 to Feb 2025,9.758630,365,published-inputs,153,1701
2024-04-01,2025-03-01,Apr 2024 to Mar 2025,9.758630,365,published-inputs,153,1701
2024-05-01,2025-04-01,May 2024 to Apr 2025,9.881918,365,published-inputs,112,1701
2024-06-01,2025-05-01,Jun 2024 to May 2025,9.839452,365,published-inputs,124,1701
2024-07-01,2025-06-01,Jul 2024 to Jun 2025,10.044932,365,published-inputs,68,1701
2024-08-01,2025-07-01,Aug 2024 to Jul 2025,10.206301,365,published-inputs,45,1701
2024-09-01,2025-08-01,Sep 2024 to Aug 2025,10.291233,365,published-inputs,32,1701
2024-10-01,2025-09-01,Oct 2024 to Sep 2025,10.283014,365,published-inputs,34,1701
2024-11-01,2025-10-01,Nov 2024 to Oct 2025,10.274521,365,published-inputs,35,1701
2024-12-01,2025-11-01,Dec 2024 to Nov 2025,10.323836,365,published-inputs,25,1701
2025-01-01,2025-12-01,Jan 2025 to Dec 2025,10.298356,365,published-inputs,30,1701
2025-02-01,2026-01-01,Feb 2025 to Jan 2026,10.349315,365,published-inputs,21,1701
2025-03-01,2026-02-01,Mar 2025 to Feb 2026,10.456712,365,published-inputs,15,1701
2025-04-01,2026-03-01,Apr 2025 to Mar 2026,10.499178,365,published-inputs,10,1701
2025-05-01,2026-04-01,May 2025 to Apr 2026,10.441644,365,published-inputs,16,1701
2025-06-01,2026-05-01,Jun 2025 to May 2026,10.458630,365,published-inputs,14,1701
2025-07-01,2026-06-01,Jul 2025 to Jun 2026,10.507945,365,published-inputs,8,1701
2025-08-01,2026-07-01,Aug 2025 to Jul 2026,10.609863,365,published-inputs,5,1701
2025-09-01,2026-08-01,Sep 2025 to Aug 2026,10.652329,365,published-inputs,3,1701
