date,station_code,station_name,site_type,pm25_screened,pm10,no2,network_peer_count,network_median_excluding_station,site_relative_pm25
2025-01-01 00:00:00+00:00,CARD,Cardiff Centre,Urban Background,5.875,9.782791666666666,,6,5.5008125,0.3741874999999997
2025-01-01 00:00:00+00:00,CHP,Chepstow A48,Urban Traffic,4.291666666666667,9.943791666666668,21.69005260869565,6,5.875875000000001,-1.5842083333333337
2025-01-01 00:00:00+00:00,PEMB,Narberth,Rural Background,5.87675,11.84375,0.9147791666666666,6,5.4999375,0.37681250000000066
2025-01-01 00:00:00+00:00,NPT3,Newport,Urban Background,5.124875,9.706249999999999,10.592915833333334,6,5.875875000000001,-0.7510000000000003
2025-01-01 00:00:00+00:00,PT4,Port Talbot Margam,Urban Industrial,6.833333333333333,22.06158333333333,9.80165,6,5.4999375,1.3333958333333333
2025-01-01 00:00:00+00:00,SWA1,Swansea Roadside,Urban Traffic,7.625,17.311125,17.16921375,6,5.4999375,2.1250625000000003
2025-01-01 00:00:00+00:00,WREX,Wrexham,Urban Traffic,1.7707916666666668,3.0385416666666667,4.72575125,6,5.875875000000001,-4.105083333333334
2025-01-02 00:00:00+00:00,CARD,Cardiff Centre,Urban Background,10.125,10.588,,6,5.508928571428571,4.616071428571429
2025-01-02 00:00:00+00:00,CHP,Chepstow A48,Urban Traffic,5.875,9.259375,21.978779166666666,6,6.550595238095238,-0.6755952380952381
2025-01-02 00:00:00+00:00,PEMB,Narberth,Rural Background,1.97525,3.9760416666666667,0.9522175,6,6.916666666666666,-4.941416666666666
2025-01-02 00:00:00+00:00,NPT3,Newport,Urban Background,8.22725,12.439583333333333,29.035400416666665,6,5.508928571428571,2.7183214285714286
2025-01-02 00:00:00+00:00,PT4,Port Talbot Margam,Urban Industrial,5.142857142857143,6.843916666666666,13.107147083333333,6,6.916666666666666,-1.7738095238095228
2025-01-02 00:00:00+00:00,SWA1,Swansea Roadside,Urban Traffic,7.958333333333333,10.185416666666667,31.171452083333335,6,5.508928571428571,2.449404761904762
2025-01-02 00:00:00+00:00,WREX,Wrexham,Urban Traffic,4.64725,7.691666666666666,28.21661625,6,6.916666666666666,-2.2694166666666664
2025-01-03 00:00:00+00:00,CARD,Cardiff Centre,Urban Background,11.875,12.359375,38.793640833333335,6,7.541458333333333,4.333541666666667
2025-01-03 00:00:00+00:00,CHP,Chepstow A48,Urban Traffic,12.958333333333334,13.848875,41.32481333333333,6,7.541458333333333,5.416875000000001
2025-01-03 00:00:00+00:00,PEMB,Narberth,Rural Background,2.3840833333333333,5.4593750000000005,2.221135,6,10.958124999999999,-8.574041666666666
2025-01-03 00:00:00+00:00,NPT3,Newport,Urban Background,10.04125,13.18125,39.85540041666667,6,8.458333333333334,1.5829166666666659
2025-01-03 00:00:00+00:00,PT4,Port Talbot Margam,Urban Industrial,5.041666666666667,7.0049166666666665,21.07302041666667,6,10.958124999999999,-5.916458333333332
2025-01-03 00:00:00+00:00,SWA1,Swansea Roadside,Urban Traffic,14.333333333333334,17.15008333333333,42.07050875,6,7.541458333333333,6.791875000000001
2025-01-03 00:00:00+00:00,WREX,Wrexham,Urban Traffic,2.5157916666666664,4.444791666666666,7.57614125,6,10.958124999999999,-8.442333333333332
2025-01-04 00:00:00+00:00,CARD,Cardiff Centre,Urban Background,10.083333333333334,12.842374999999999,29.029599583333333,6,7.124208333333333,2.959125000000001
2025-01-04 00:00:00+00:00,CHP,Chepstow A48,Urban Traffic,12.625,14.01,30.430705416666665,6,7.124208333333333,5.500791666666667
2025-01-04 00:00:00+00:00,PEMB,Narberth,Rural Background,2.9481249999999997,4.313541666666667,4.3122662499999995,6,9.290875,-6.3427500000000006
2025-01-04 00:00:00+00:00,NPT3,Newport,Urban Background,10.689958333333335,14.6875,23.386745416666667,6,7.124208333333333,3.565750000000002
2025-01-04 00:00:00+00:00,PT4,Port Talbot Margam,Urban Industrial,4.291666666666667,5.918125,13.692686250000001,6,9.290875,-4.999208333333333
2025-01-04 00:00:00+00:00,SWA1,Swansea Roadside,Urban Traffic,5.75,6.884166666666666,22.9167375,6,9.290875,-3.5408749999999998
2025-01-04 00:00:00+00:00,WREX,Wrexham,Urban Traffic,8.498416666666666,10.757291666666667,23.365024166666668,6,7.916666666666667,0.5817499999999987
2025-01-05 00:00:00+00:00,CARD,Cardiff Centre,Urban Background,3.2916666666666665,2.3465714285714285,17.690532083333334,6,4.165333333333333,-0.8736666666666664
2025-01-05 00:00:00+00:00,CHP,Chepstow A48,Urban Traffic,5.291666666666667,5.797083333333333,22.93964695652174,6,3.655291666666667,1.6363750000000001
2025-01-05 00:00:00+00:00,PEMB,Narberth,Rural Background,0.8845416666666667,2.767708333333333,1.8285425,6,4.165333333333333,-3.280791666666666
2025-01-05 00:00:00+00:00,NPT3,Newport,Urban Background,3.643916666666667,5.7124999999999995,15.44083,6,4.165333333333333,-0.5214166666666658
2025-01-05 00:00:00+00:00,PT4,Port Talbot Margam,Urban Industrial,3.6666666666666665,5.475208333333334,5.522612173913044,6,4.153958333333334,-0.4872916666666671
2025-01-05 00:00:00+00:00,SWA1,Swansea Roadside,Urban Traffic,5.5,4.911583333333334,10.696616666666666,6,3.655291666666667,1.8447083333333332
2025-01-05 00:00:00+00:00,WREX,Wrexham,Urban Traffic,4.664,5.223958333333333,24.028596250000003,6,3.655291666666667,1.0087083333333329
2025-01-06 00:00:00+00:00,CARD,Cardiff Centre,Urban Background,4.375,4.025791666666667,12.048545833333334,6,2.7937708333333333,1.5812291666666667
2025-01-06 00:00:00+00:00,CHP,Chepstow A48,Urban Traffic,6.625,7.689291666666667,27.211915416666667,6,2.7937708333333333,3.8312291666666667
2025-01-06 00:00:00+00:00,PEMB,Narberth,Rural Background,2.688791666666667,6.3218749999999995,1.2868491666666666,6,3.5021041666666664,-0.8133124999999994
2025-01-06 00:00:00+00:00,NPT3,Newport,Urban Background,2.879208333333333,4.991666666666666,12.895249583333333,6,3.416666666666667,-0.5374583333333338
2025-01-06 00:00:00+00:00,PT4,Port Talbot Margam,Urban Industrial,4.125,6.03875,14.86458375,6,2.7937708333333333,1.3312291666666667
2025-01-06 00:00:00+00:00,SWA1,Swansea Roadside,Urban Traffic,2.7083333333333335,6.924416666666667,12.529613333333332,6,3.5021041666666664,-0.7937708333333329
2025-01-06 00:00:00+00:00,WREX,Wrexham,Urban Traffic,2.158,4.147916666666666,7.3312695833333335,6,3.5021041666666664,-1.3441041666666664
2025-01-07 00:00:00+00:00,CARD,Cardiff Centre,Urban Background,6.833333333333333,8.575041666666666,21.843397083333333,4,3.8488541666666665,2.9844791666666666
2025-01-07 00:00:00+00:00,CHP,Chepstow A48,Urban Traffic,,,40.856052,5,4.661041666666667,
2025-01-07 00:00:00+00:00,PEMB,Narberth,Rural Background,3.0366666666666666,7.3125,1.4928554166666668,4,5.6846875,-2.6480208333333333
2025-01-07 00:00:00+00:00,NPT3,Newport,Urban Background,4.661041666666667,8.320500000000001,21.63144090909091,4,4.8725,-0.21145833333333286
2025-01-07 00:00:00+00:00,PT4,Port Talbot Margam,Urban Industrial,6.708333333333333,10.024291666666667,21.90281333333333,4,3.8488541666666665,2.8594791666666666
2025-01-07 00:00:00+00:00,SWA1,Swansea Roadside,Urban Traffic,,10.838304347826087,30.285205833333332,5,4.661041666666667,
2025-01-07 00:00:00+00:00,WREX,Wrexham,Urban Traffic,2.90575,4.677083333333333,13.383870833333333,4,5.6846875,-2.7789375
2025-01-08 00:00:00+00:00,CARD,Cardiff Centre,Urban Background,9.375,11.996958333333334,37.20510739130435,4,8.887145833333333,0.4878541666666667
2025-01-08 00:00:00+00:00,CHP,Chepstow A48,Urban Traffic,,,33.178104347826086,5,9.375,
2025-01-08 00:00:00+00:00,PEMB,Narberth,Rural Background,3.4168749999999997,5.948958333333334,2.5217791666666667,4,9.375,-5.958125000000001
2025-01-08 00:00:00+00:00,NPT3,Newport,Urban Background,8.399291666666667,12.339583333333332,28.23966304347826,4,9.375,-0.9757083333333334
2025-01-08 00:00:00+00:00,PT4,Port Talbot Margam,Urban Industrial,,,19.680383,5,9.375,
2025-01-08 00:00:00+00:00,SWA1,Swansea Roadside,Urban Traffic,9.375,16.183791666666668,40.053779166666665,4,8.887145833333333,0.4878541666666667
2025-01-08 00:00:00+00:00,WREX,Wrexham,Urban Traffic,12.382125,16.413541666666667,48.4578975,4,8.887145833333333,3.494979166666667
2025-01-09 00:00:00+00:00,CARD,Cardiff Centre,Urban Background,11.0,13.405916666666668,37.16627875,4,7.3423125,3.6576874999999998
2025-01-09 00:00:00+00:00,CHP,Chepstow A48,Urban Traffic,,,48.39377083333333,5,9.137208333333334,
2025-01-09 00:00:00+00:00,PEMB,Narberth,Rural Background,3.858041666666667,6.111458333333334,3.3871783333333334,4,9.193604166666667,-5.3355625
2025-01-09 00:00:00+00:00,NPT3,Newport,Urban Background,9.137208333333334,13.043750000000001,33.03981958333333,4,7.398708333333333,1.7385000000000002
2025-01-09 00:00:00+00:00,PT4,Port Talbot Margam,Urban Industrial,,,24.438783333333333,5,9.137208333333334,
2025-01-09 00:00:00+00:00,SWA1,Swansea Roadside,Urban Traffic,9.25,17.029208333333333,37.441608333333335,4,7.3423125,1.9076874999999998
2025-01-09 00:00:00+00:00,WREX,Wrexham,Urban Traffic,5.547416666666667,7.316666666666666,23.49531875,4,9.193604166666667,-3.6461875
2025-01-10 00:00:00+00:00,CARD,Cardiff Centre,Urban Background,10.458333333333334,13.848833333333333,33.11065416666667,4,8.933125,1.5252083333333335
2025-01-10 00:00:00+00:00,CHP,Chepstow A48,Urban Traffic,,,35.11007791666667,5,10.458333333333334,
2025-01-10 00:00:00+00:00,PEMB,Narberth,Rural Background,3.2685,4.70625,4.821655,4,10.953958333333334,-7.685458333333335
2025-01-10 00:00:00+00:00,NPT3,Newport,Urban Background,11.449583333333335,16.445833333333333,25.273000416666665,4,8.4375,3.012083333333335
2025-01-10 00:00:00+00:00,PT4,Port Talbot Margam,Urban Industrial,,,9.569560000000001,5,10.458333333333334,
2025-01-10 00:00:00+00:00,SWA1,Swansea Roadside,Urban Traffic,6.416666666666667,14.211208333333333,37.15710583333333,4,10.953958333333334,-4.537291666666667
2025-01-10 00:00:00+00:00,WREX,Wrexham,Urban Traffic,14.389833333333334,18.338541666666668,51.3893975,4,8.4375,5.952333333333334
2025-01-11 00:00:00+00:00,CARD,Cardiff Centre,Urban Background,20.166666666666668,23.551208333333335,37.66918041666667,5,26.366958333333333,-6.200291666666665
2025-01-11 00:00:00+00:00,CHP,Chepstow A48,Urban Traffic,27.708333333333332,33.29358333333334,45.80525583333334,5,20.166666666666668,7.541666666666664
2025-01-11 00:00:00+00:00,PEMB,Narberth,Rural Background,9.363291666666667,16.931250000000002,9.861965416666667,5,26.366958333333333,-17.003666666666668
2025-01-11 00:00:00+00:00,NPT3,Newport,Urban Background,27.621916666666667,33.21458333333333,32.998025,5,20.166666666666668,7.4552499999999995
2025-01-11 00:00:00+00:00,PT4,Port Talbot Margam,Urban Industrial,,,12.432113478260868,6,23.2668125,
2025-01-11 00:00:00+00:00,SWA1,Swansea Roadside,Urban Traffic,8.833333333333334,16.425416666666667,37.87046875,5,26.366958333333333,-17.533625
2025-01-11 00:00:00+00:00,WREX,Wrexham,Urban Traffic,26.366958333333333,31.366666666666664,34.482935833333336,5,20.166666666666668,6.200291666666665
2025-01-12 00:00:00+00:00,CARD,Cardiff Centre,Urban Background,15.708333333333334,20.209708333333335,31.58842083333333,5,18.208333333333332,-2.4999999999999982
2025-01-12 00:00:00+00:00,CHP,Chepstow A48,Urban Traffic,18.208333333333332,22.303124999999998,37.33572,5,15.708333333333334,2.4999999999999982
2025-01-12 00:00:00+00:00,PEMB,Narberth,Rural Background,7.889166666666667,12.331249999999999,5.306564166666667,5,18.208333333333332,-10.319166666666664
2025-01-12 00:00:00+00:00,NPT3,Newport,Urban Background,20.610208333333333,25.167708333333334,25.033834166666665,5,15.708333333333334,4.901874999999999
2025-01-12 00:00:00+00:00,PT4,Port Talbot Margam,Urban Industrial,,,14.679172173913042,6,16.958333333333332,
2025-01-12 00:00:00+00:00,SWA1,Swansea Roadside,Urban Traffic,9.208333333333334,14.935833333333333,26.59352625,5,18.208333333333332,-8.999999999999998
2025-01-12 00:00:00+00:00,WREX,Wrexham,Urban Traffic,21.722791666666666,25.069791666666664,23.3539275,5,15.708333333333334,6.014458333333332
2025-01-13 00:00:00+00:00,CARD,Cardiff Centre,Urban Background,6.833333333333333,10.909958333333334,25.825245416666665,5,7.359458333333333,-0.5261250000000004
2025-01-13 00:00:00+00:00,CHP,Chepstow A48,Urban Traffic,8.583333333333334,15.096874999999999,36.04365791666667,5,6.833333333333333,1.7500000000000009
2025-01-13 00:00:00+00:00,PEMB,Narberth,Rural Background,7.359458333333333,13.833333333333334,2.9416333333333333,5,6.833333333333333,0.5261250000000004
2025-01-13 00:00:00+00:00,NPT3,Newport,Urban Background,9.118434782608695,14.168478260869565,23.56657,5,6.833333333333333,2.285101449275362
2025-01-13 00:00:00+00:00,PT4,Port Talbot Margam,Urban Industrial,,,20.78609956521739,6,7.096395833333333,
2025-01-13 00:00:00+00:00,SWA1,Swansea Roadside,Urban Traffic,6.0,15.700833333333334,16.88591166666667,5,7.359458333333333,-1.3594583333333334
2025-01-13 00:00:00+00:00,WREX,Wrexham,Urban Traffic,5.401041666666667,7.653125,18.13138875,5,7.359458333333333,-1.9584166666666665
2025-01-14 00:00:00+00:00,CARD,Cardiff Centre,Urban Background,8.333333333333334,16.143625,26.02614416666667,6,6.854166666666666,1.4791666666666679
2025-01-14 00:00:00+00:00,CHP,Chepstow A48,Urban Traffic,10.25,16.908458333333332,36.91840375,6,6.854166666666666,3.395833333333334
2025-01-14 00:00:00+00:00,PEMB,Narberth,Rural Background,5.431458333333333,9.71875,3.0021404166666668,6,7.729166666666667,-2.2977083333333344
2025-01-14 00:00:00+00:00,NPT3,Newport,Urban Background,10.113041666666666,14.471874999999999,22.254927499999997,6,6.854166666666666,3.2588749999999997
2025-01-14 00:00:00+00:00,PT4,Port Talbot Margam,Urban Industrial,6.583333333333333,17.10983333333333,19.299989999999998,6,7.729166666666667,-1.145833333333334
2025-01-14 00:00:00+00:00,SWA1,Swansea Roadside,Urban Traffic,7.125,15.660416666666668,25.426759166666667,6,7.458333333333334,-0.3333333333333339
2025-01-14 00:00:00+00:00,WREX,Wrexham,Urban Traffic,5.690874999999999,6.933333333333334,26.98526681818182,6,7.729166666666667,-2.0382916666666677
2025-01-15 00:00:00+00:00,CARD,Cardiff Centre,Urban Background,8.291666666666666,10.386750000000001,23.673358333333336,6,9.202380952380953,-0.9107142857142865
2025-01-15 00:00:00+00:00,CHP,Chepstow A48,Urban Traffic,9.238095238095237,10.00025,32.56369736842105,6,8.729166666666666,0.5089285714285712
2025-01-15 00:00:00+00:00,PEMB,Narberth,Rural Background,7.165,10.739583333333334,3.4072383333333334,6,9.202380952380953,-2.0373809523809525
2025-01-15 00:00:00+00:00,NPT3,Newport,Urban Background,10.127916666666666,13.178125,29.82191958333333,6,8.729166666666666,1.3987499999999997
2025-01-15 00:00:00+00:00,PT4,Port Talbot Margam,Urban Industrial,6.208333333333333,11.95675,21.0659325,6,9.202380952380953,-2.9940476190476195
2025-01-15 00:00:00+00:00,SWA1,Swansea Roadside,Urban Traffic,9.166666666666666,14.53325,35.4951725,6,8.764880952380953,0.4017857142857135
2025-01-15 00:00:00+00:00,WREX,Wrexham,Urban Traffic,10.893374999999999,13.902083333333332,41.63922208333333,6,8.729166666666666,2.164208333333333
2025-01-16 00:00:00+00:00,CARD,Cardiff Centre,Urban Background,15.458333333333334,16.304583333333333,35.66055541666667,6,11.233729166666667,4.224604166666667
2025-01-16 00:00:00+00:00,CHP,Chepstow A48,Urban Traffic,12.375,15.08104347826087,36.416516666666666,6,11.233729166666667,1.1412708333333335
2025-01-16 00:00:00+00:00,PEMB,Narberth,Rural Background,8.885583333333333,10.533333333333333,6.238056666666666,6,11.962895833333334,-3.0773125000000014
2025-01-16 00:00:00+00:00,NPT3,Newport,Urban Background,15.8855,18.010416666666668,36.36957125,6,11.233729166666667,4.651770833333334
2025-01-16 00:00:00+00:00,PT4,Port Talbot Margam,Urban Industrial,9.5,15.17725,34.18735652173913,6,11.962895833333334,-2.4628958333333344
2025-01-16 00:00:00+00:00,SWA1,Swansea Roadside,Urban Traffic,10.916666666666666,17.713625,33.82847666666667,6,11.962895833333334,-1.0462291666666683
2025-01-16 00:00:00+00:00,WREX,Wrexham,Urban Traffic,11.550791666666667,21.684375,35.52031083333333,6,11.645833333333332,-0.09504166666666514
2025-01-17 00:00:00+00:00,CARD,Cardiff Centre,Urban Background,11.75,14.412625,13.440795833333333,6,11.479166666666666,0.2708333333333339
2025-01-17 00:00:00+00:00,CHP,Chepstow A48,Urban Traffic,12.541666666666666,20.572083333333335,32.15537086956522,6,11.083333333333332,1.458333333333334
2025-01-17 00:00:00+00:00,PEMB,Narberth,Rural Background,9.432,14.054166666666667,3.7524158333333335,6,12.145833333333332,-2.7138333333333318
2025-01-17 00:00:00+00:00,NPT3,Newport,Urban Background,14.493916666666665,18.370833333333334,16.018677083333333,6,11.083333333333332,3.4105833333333333
2025-01-17 00:00:00+00:00,PT4,Port Talbot Margam,Urban Industrial,10.416666666666666,15.9825,15.454923333333333,6,12.145833333333332,-1.729166666666666
2025-01-17 00:00:00+00:00,SWA1,Swansea Roadside,Urban Traffic,10.166666666666666,20.048624999999998,30.491511666666668,6,12.145833333333332,-1.979166666666666
2025-01-17 00:00:00+00:00,WREX,Wrexham,Urban Traffic,14.210875,16.886458333333334,30.69741375,6,11.083333333333332,3.1275416666666676
2025-01-18 00:00:00+00:00,CARD,Cardiff Centre,Urban Background,14.833333333333334,16.224125,11.550042500000002,6,15.487333333333334,-0.6539999999999999
2025-01-18 00:00:00+00:00,CHP,Chepstow A48,Urban Traffic,18.666666666666668,24.074458333333336,24.471307083333333,6,14.958333333333334,3.708333333333334
2025-01-18 00:00:00+00:00,PEMB,Narberth,Rural Background,12.414541666666667,15.939583333333333,4.417386666666666,6,15.487333333333334,-3.0727916666666673
2025-01-18 00:00:00+00:00,NPT3,Newport,Urban Background,17.15225,20.105208333333334,10.996987083333332,6,14.958333333333334,2.1939166666666647
2025-01-18 00:00:00+00:00,PT4,Port Talbot Margam,Urban Industrial,15.083333333333334,16.827916666666667,9.765962608695652,6,15.362333333333334,-0.2789999999999999
2025-01-18 00:00:00+00:00,SWA1,Swansea Roadside,Urban Traffic,9.541666666666666,17.592916666666667,20.24484375,6,15.487333333333334,-5.945666666666668
2025-01-18 00:00:00+00:00,WREX,Wrexham,Urban Traffic,15.891333333333334,18.130208333333332,18.4031175,6,14.958333333333334,0.9329999999999998
2025-01-19 00:00:00+00:00,CARD,Cardiff Centre,Urban Background,17.583333333333332,18.559124999999998,18.305611666666668,6,19.5715,-1.9881666666666682
2025-01-19 00:00:00+00:00,CHP,Chepstow A48,Urban Traffic,20.583333333333332,21.095375,22.894149999999996,6,18.208333333333332,2.375
2025-01-19 00:00:00+00:00,PEMB,Narberth,Rural Background,20.543583333333334,25.030208333333334,8.296212083333334,6,18.208333333333332,2.335250000000002
2025-01-19 00:00:00+00:00,NPT3,Newport,Urban Background,20.30966666666667,23.462500000000002,21.878197083333333,6,18.208333333333332,2.1013333333333364
2025-01-19 00:00:00+00:00,PT4,Port Talbot Margam,Urban Industrial,18.833333333333332,18.438291666666668,12.087509130434784,6,18.9465,-0.11316666666666819
2025-01-19 00:00:00+00:00,SWA1,Swansea Roadside,Urban Traffic,16.583333333333332,21.45775,22.716063333333334,6,19.5715,-2.988166666666668
2025-01-19 00:00:00+00:00,WREX,Wrexham,Urban Traffic,17.081458333333334,19.415625,17.612900416666665,6,19.5715,-2.4900416666666665
2025-01-20 00:00:00+00:00,CARD,Cardiff Centre,Urban Background,18.0,20.57195833333333,33.83784458333333,6,17.207574404761907,0.7924255952380932
2025-01-20 00:00:00+00:00,CHP,Chepstow A48,Urban Traffic,18.904761904761905,21.02638095238095,35.30056954545454,6,16.904761904761905,2.0
2025-01-20 00:00:00+00:00,PEMB,Narberth,Rural Background,15.347652173913042,24.51195652173913,9.318572999999999,6,18.3028125,-2.9551603260869594
2025-01-20 00:00:00+00:00,NPT3,Newport,Urban Background,18.605625,22.433333333333334,28.64267083333333,6,16.904761904761905,1.7008630952380948
2025-01-20 00:00:00+00:00,PT4,Port Talbot Margam,Urban Industrial,14.666666666666666,21.216083333333334,29.075021250000002,6,18.3028125,-3.6361458333333356
2025-01-20 00:00:00+00:00,SWA1,Swansea Roadside,Urban Traffic,15.80952380952381,23.648809523809526,36.47134,6,18.3028125,-2.4932886904761915
2025-01-20 00:00:00+00:00,WREX,Wrexham,Urban Traffic,18.627125,21.960416666666664,26.978403333333333,6,16.904761904761905,1.7223630952380944
2025-01-21 00:00:00+00:00,CARD,Cardiff Centre,Urban Background,17.375,21.739541666666668,31.83021041666667,5,13.75,3.625
2025-01-21 00:00:00+00:00,CHP,Chepstow A48,Urban Traffic,19.208333333333332,23.470541666666666,41.151528695652175,5,13.75,5.458333333333332
2025-01-21 00:00:00+00:00,PEMB,Narberth,Rural Background,11.664833333333334,16.110416666666666,5.7023029166666666,5,17.375,-5.710166666666666
2025-01-21 00:00:00+00:00,NPT3,Newport,Urban Background,20.135791666666666,25.06458333333333,34.36051833333333,5,13.75,6.385791666666666
2025-01-21 00:00:00+00:00,PT4,Port Talbot Margam,Urban Industrial,13.75,17.069541666666666,21.660619166666667,5,17.375,-3.625
2025-01-21 00:00:00+00:00,SWA1,Swansea Roadside,Urban Traffic,,,37.916579047619045,6,15.5625,
2025-01-21 00:00:00+00:00,WREX,Wrexham,Urban Traffic,11.810208333333334,14.31875,27.003451666666667,5,17.375,-5.564791666666666
2025-01-22 00:00:00+00:00,CARD,Cardiff Centre,Urban Background,,,33.83680421052632,5,13.5,
2025-01-22 00:00:00+00:00,CHP,Chepstow A48,Urban Traffic,22.5,26.651083333333332,35.34641173913044,4,13.409333333333333,9.090666666666667
2025-01-22 00:00:00+00:00,PEMB,Narberth,Rural Background,13.121291666666666,15.957291666666668,8.022324583333333,4,17.972020833333332,-4.850729166666666
2025-01-22 00:00:00+00:00,NPT3,Newport,Urban Background,22.444041666666667,28.344791666666666,32.0006175,4,13.409333333333333,9.034708333333334
2025-01-22 00:00:00+00:00,PT4,Port Talbot Margam,Urban Industrial,13.5,18.269863636363638,27.246935652173914,4,17.881354166666668,-4.381354166666668
2025-01-22 00:00:00+00:00,SWA1,Swansea Roadside,Urban Traffic,,,37.796839999999996,5,13.5,
2025-01-22 00:00:00+00:00,WREX,Wrexham,Urban Traffic,13.318666666666667,15.703125,30.427061249999998,4,17.972020833333332,-4.653354166666665
2025-01-23 00:00:00+00:00,CARD,Cardiff Centre,Urban Background,,,23.324709166666665,5,5.575833333333333,
2025-01-23 00:00:00+00:00,CHP,Chepstow A48,Urban Traffic,8.791666666666666,15.8215,34.03308083333334,4,5.350416666666666,3.44125
2025-01-23 00:00:00+00:00,PEMB,Narberth,Rural Background,5.575833333333333,12.820833333333333,1.9150704166666666,4,6.173895833333333,-0.5980625000000002
2025-01-23 00:00:00+00:00,NPT3,Newport,Urban Background,7.222791666666667,14.554166666666667,16.4700025,4,5.350416666666666,1.8723750000000008
2025-01-23 00:00:00+00:00,PT4,Port Talbot Margam,Urban Industrial,5.125,19.686208333333333,15.912945833333334,4,6.3993125,-1.2743124999999997
2025-01-23 00:00:00+00:00,SWA1,Swansea Roadside,Urban Traffic,,,21.112330833333335,5,5.575833333333333,
2025-01-23 00:00:00+00:00,WREX,Wrexham,Urban Traffic,3.803590909090909,6.3568181818181815,10.247432857142858,4,6.3993125,-2.5957215909090907
2025-01-24 00:00:00+00:00,CARD,Cardiff Centre,Urban Background,,,11.946757916666668,5,11.31578947368421,
2025-01-24 00:00:00+00:00,CHP,Chepstow A48,Urban Traffic,10.166666666666666,37.19875,26.63540842105263,4,11.908394736842105,-1.741728070175439
2025-01-24 00:00:00+00:00,PEMB,Narberth,Rural Background,10.206375,19.895833333333332,1.2178995833333335,4,11.908394736842105,-1.7020197368421055
2025-01-24 00:00:00+00:00,NPT3,Newport,Urban Background,12.501,30.633333333333336,9.870770416666668,4,10.761082236842105,1.7399177631578944
2025-01-24 00:00:00+00:00,PT4,Port Talbot Margam,Urban Industrial,11.31578947368421,40.48838095238095,8.392189565217391,4,11.3536875,-0.03789802631578887
2025-01-24 00:00:00+00:00,SWA1,Swansea Roadside,Urban Traffic,,,8.98423125,5,11.31578947368421,
2025-01-24 00:00:00+00:00,WREX,Wrexham,Urban Traffic,13.210625,21.367708333333336,2.8030125,4,10.761082236842105,2.449542763157895
2025-01-25 00:00:00+00:00,CARD,Cardiff Centre,Urban Background,,,23.784645416666667,5,5.291666666666667,
2025-01-25 00:00:00+00:00,CHP,Chepstow A48,Urban Traffic,10.708333333333334,19.525375,44.23262666666667,4,5.259812500000001,5.448520833333333
2025-01-25 00:00:00+00:00,PEMB,Narberth,Rural Background,4.341541666666667,12.683333333333332,1.547915,4,6.417458333333334,-2.075916666666667
2025-01-25 00:00:00+00:00,NPT3,Newport,Urban Background,7.5432500000000005,14.965625000000001,22.580952083333333,4,5.259812500000001,2.2834375
2025-01-25 00:00:00+00:00,PT4,Port Talbot Margam,Urban Industrial,5.291666666666667,18.156583333333334,15.768036956521739,4,6.385604166666667,-1.0939375
2025-01-25 00:00:00+00:00,SWA1,Swansea Roadside,Urban Traffic,,,29.52375041666667,5,5.291666666666667,
2025-01-25 00:00:00+00:00,WREX,Wrexham,Urban Traffic,5.2279583333333335,10.414583333333333,16.39876625,4,6.417458333333334,-1.1895000000000007
2025-01-26 00:00:00+00:00,CARD,Cardiff Centre,Urban Background,,,14.976410833333333,5,4.564708333333333,
2025-01-26 00:00:00+00:00,CHP,Chepstow A48,Urban Traffic,6.083333333333333,10.587958333333335,18.123099166666666,4,4.36375,1.7195833333333335
2025-01-26 00:00:00+00:00,PEMB,Narberth,Rural Background,6.541875,14.330208333333333,0.7562704166666667,4,4.36375,2.1781250000000005
2025-01-26 00:00:00+00:00,NPT3,Newport,Urban Background,4.564708333333333,10.057291666666666,7.2828808333333335,4,5.1230625,-0.5583541666666667
2025-01-26 00:00:00+00:00,PT4,Port Talbot Margam,Urban Industrial,2.625,10.265833333333333,6.6218579166666665,4,5.324020833333333,-2.699020833333333
2025-01-26 00:00:00+00:00,SWA1,Swansea Roadside,Urban Traffic,,,11.76764,5,4.564708333333333,
2025-01-26 00:00:00+00:00,WREX,Wrexham,Urban Traffic,4.162791666666666,6.10625,10.514592083333334,4,5.324020833333333,-1.1612291666666668
2025-01-27 00:00:00+00:00,CARD,Cardiff Centre,Urban Background,,,10.435585652173913,5,7.5345,
2025-01-27 00:00:00+00:00,CHP,Chepstow A48,Urban Traffic,7.208333333333333,15.338416666666667,15.576490833333333,4,8.933916666666667,-1.7255833333333337
2025-01-27 00:00:00+00:00,PEMB,Narberth,Rural Background,12.278958333333334,23.340625,0.40084708333333335,4,7.371416666666667,4.907541666666667
2025-01-27 00:00:00+00:00,NPT3,Newport,Urban Background,7.5345,17.723958333333332,6.225154583333333,4,8.770833333333334,-1.2363333333333335
2025-01-27 00:00:00+00:00,PT4,Port Talbot Margam,Urban Industrial,10.333333333333334,33.535125,9.72321375,4,7.371416666666667,2.961916666666667
2025-01-27 00:00:00+00:00,SWA1,Swansea Roadside,Urban Traffic,,,7.761050833333333,5,7.5345,
2025-01-27 00:00:00+00:00,WREX,Wrexham,Urban Traffic,4.791625,8.378124999999999,11.763860833333332,4,8.933916666666667,-4.142291666666667
2025-01-28 00:00:00+00:00,CARD,Cardiff Centre,Urban Background,4.695652173913044,9.486227272727273,9.480412608695651,6,4.814479166666667,-0.11882699275362274
2025-01-28 00:00:00+00:00,CHP,Chepstow A48,Urban Traffic,5.541666666666667,10.748875,28.35366541666667,6,4.537305253623188,1.0043614130434788
2025-01-28 00:00:00+00:00,PEMB,Narberth,Rural Background,4.378958333333333,10.985416666666666,1.9192708333333333,6,4.9728260869565215,-0.5938677536231882
2025-01-28 00:00:00+00:00,NPT3,Newport,Urban Background,3.6045833333333337,7.0625,7.31906625,6,4.9728260869565215,-1.3682427536231878
2025-01-28 00:00:00+00:00,PT4,Port Talbot Margam,Urban Industrial,5.25,16.707166666666666,9.73789875,6,4.537305253623188,0.7126947463768118
2025-01-28 00:00:00+00:00,SWA1,Swansea Roadside,Urban Traffic,5.791666666666667,12.560583333333334,9.333632916666668,6,4.537305253623188,1.2543614130434788
2025-01-28 00:00:00+00:00,WREX,Wrexham,Urban Traffic,3.9534583333333333,6.367708333333334,13.444781739130436,6,4.9728260869565215,-1.0193677536231882
2025-01-29 00:00:00+00:00,CARD,Cardiff Centre,Urban Background,5.541666666666667,12.641083333333334,21.43068666666667,6,5.186837862318841,0.35482880434782604
2025-01-29 00:00:00+00:00,CHP,Chepstow A48,Urban Traffic,6.291666666666667,14.734583333333333,28.711662083333334,6,5.1750625,1.1166041666666668
2025-01-29 00:00:00+00:00,PEMB,Narberth,Rural Background,4.749458333333333,11.44375,1.8221725,6,5.553442028985508,-0.8039836956521746
2025-01-29 00:00:00+00:00,NPT3,Newport,Urban Background,4.808458333333333,9.487499999999999,18.34796,6,5.553442028985508,-0.7449836956521745
2025-01-29 00:00:00+00:00,PT4,Port Talbot Margam,Urban Industrial,5.565217391304348,9.501083333333334,,6,5.1750625,0.39015489130434755
2025-01-29 00:00:00+00:00,SWA1,Swansea Roadside,Urban Traffic,5.75,11.916458333333333,20.734289583333332,6,5.1750625,0.5749374999999999
2025-01-29 00:00:00+00:00,WREX,Wrexham,Urban Traffic,3.8532083333333333,7.820833333333333,12.929853333333334,6,5.553442028985508,-1.7002336956521744
2025-01-30 00:00:00+00:00,CARD,Cardiff Centre,Urban Background,5.458333333333333,11.755458333333335,21.0897025,6,5.3426875,0.11564583333333278
2025-01-30 00:00:00+00:00,CHP,Chepstow A48,Urban Traffic,6.875,23.349833333333333,40.32515625,6,5.3426875,1.5323124999999997
2025-01-30 00:00:00+00:00,PEMB,Narberth,Rural Background,4.854666666666667,12.816666666666668,2.3930266666666666,6,5.446854166666666,-0.5921874999999996
2025-01-30 00:00:00+00:00,NPT3,Newport,Urban Background,5.4353750000000005,12.595833333333333,20.39974875,6,5.354166666666666,0.08120833333333444
2025-01-30 00:00:00+00:00,PT4,Port Talbot Margam,Urban Industrial,5.25,26.489958333333334,,6,5.446854166666666,-0.19685416666666633
2025-01-30 00:00:00+00:00,SWA1,Swansea Roadside,Urban Traffic,5.791666666666667,15.418958333333334,31.541589583333334,6,5.3426875,0.4489791666666667
2025-01-30 00:00:00+00:00,WREX,Wrexham,Urban Traffic,4.422208333333333,8.935416666666667,13.686385833333333,6,5.446854166666666,-1.0246458333333335
2025-01-31 00:00:00+00:00,CARD,Cardiff Centre,Urban Background,7.333333333333333,14.291666666666666,26.652537083333332,6,9.304895833333333,-1.9715625
2025-01-31 00:00:00+00:00,CHP,Chepstow A48,Urban Traffic,8.5,21.497874999999997,31.62339739130435,6,9.304895833333333,-0.8048958333333331
2025-01-31 00:00:00+00:00,PEMB,Narberth,Rural Background,9.318125,20.578125,1.6901525,6,8.895833333333332,0.42229166666666806
2025-01-31 00:00:00+00:00,NPT3,Newport,Urban Background,9.402583333333334,17.623958333333334,27.789464999999996,6,8.895833333333332,0.506750000000002
2025-01-31 00:00:00+00:00,PT4,Port Talbot Margam,Urban Industrial,6.958333333333333,19.444750000000003,16.81673875,6,9.304895833333333,-2.3465625
2025-01-31 00:00:00+00:00,SWA1,Swansea Roadside,Urban Traffic,9.291666666666666,21.175833333333333,24.514176250000002,6,8.909062500000001,0.3826041666666651
2025-01-31 00:00:00+00:00,WREX,Wrexham,Urban Traffic,11.967416666666667,20.295833333333334,19.59507375,6,8.895833333333332,3.0715833333333347
2025-02-01 00:00:00+00:00,CARD,Cardiff Centre,Urban Background,8.25,12.439791666666666,22.481081666666668,6,7.9940625,0.25593749999999993
2025-02-01 00:00:00+00:00,CHP,Chepstow A48,Urban Traffic,11.166666666666666,17.5125,30.235934166666667,6,7.791666666666666,3.375
2025-02-01 00:00:00+00:00,PEMB,Narberth,Rural Background,6.03375,11.234375,3.7225820833333336,6,8.452395833333334,-2.4186458333333336
2025-02-01 00:00:00+00:00,NPT3,Newport,Urban Background,8.654791666666666,11.884375,15.10641625,6,7.791666666666666,0.8631250000000001
2025-02-01 00:00:00+00:00,PT4,Port Talbot Margam,Urban Industrial,4.625,8.212666666666667,11.696757083333333,6,8.452395833333334,-3.827395833333334
2025-02-01 00:00:00+00:00,SWA1,Swansea Roadside,Urban Traffic,7.333333333333333,14.372250000000001,28.3838775,6,8.452395833333334,-1.119062500000001
2025-02-01 00:00:00+00:00,WREX,Wrexham,Urban Traffic,10.061958333333333,15.872916666666667,15.981602500000001,6,7.791666666666666,2.270291666666667
2025-02-02 00:00:00+00:00,CARD,Cardiff Centre,Urban Background,5.458333333333333,9.178833333333333,10.545469166666667,6,7.583979166666667,-2.1256458333333343
2025-02-02 00:00:00+00:00,CHP,Chepstow A48,Urban Traffic,9.75,17.874541666666666,26.254106250000003,6,6.0625,3.6875
2025-02-02 00:00:00+00:00,PEMB,Narberth,Rural Background,4.8762083333333335,8.725,2.1939279166666665,6,7.583979166666667,-2.707770833333334
2025-02-02 00:00:00+00:00,NPT3,Newport,Urban Background,9.631583333333333,13.8125,15.559595,6,6.0625,3.5690833333333334
2025-02-02 00:00:00+00:00,PT4,Port Talbot Margam,Urban Industrial,5.791666666666667,9.178791666666667,6.003100869565217,6,7.583979166666667,-1.7923125000000004
2025-02-02 00:00:00+00:00,SWA1,Swansea Roadside,Urban Traffic,6.333333333333333,17.71375,20.466858333333334,6,7.3131458333333335,-0.9798125000000004
2025-02-02 00:00:00+00:00,WREX,Wrexham,Urban Traffic,8.834625,12.933333333333332,10.587467083333333,6,6.0625,2.772125000000001
2025-02-03 00:00:00+00:00,CARD,Cardiff Centre,Urban Background,7.333333333333333,15.70075,21.5670325,5,6.708333333333333,0.625
2025-02-03 00:00:00+00:00,CHP,Chepstow A48,Urban Traffic,10.916666666666666,20.048666666666666,36.52488375,5,6.708333333333333,4.208333333333333
2025-02-03 00:00:00+00:00,PEMB,Narberth,Rural Background,5.144583333333333,11.888541666666667,1.8167170833333335,5,7.333333333333333,-2.1887499999999998
2025-02-03 00:00:00+00:00,NPT3,Newport,Urban Background,10.114083333333333,16.486458333333335,18.05560708333333,5,6.708333333333333,3.4057500000000003
2025-02-03 00:00:00+00:00,PT4,Port Talbot Margam,Urban Industrial,6.708333333333333,20.410958333333333,17.129024583333333,5,7.333333333333333,-0.625
2025-02-03 00:00:00+00:00,SWA1,Swansea Roadside,Urban Traffic,,,,6,7.020833333333333,
2025-02-03 00:00:00+00:00,WREX,Wrexham,Urban Traffic,4.8289583333333335,8.862499999999999,12.830187083333334,5,7.333333333333333,-2.5043749999999996
2025-02-04 00:00:00+00:00,CARD,Cardiff Centre,Urban Background,5.208333333333333,13.848833333333333,15.459949166666666,5,6.3925833333333335,-1.1842500000000005
2025-02-04 00:00:00+00:00,CHP,Chepstow A48,Urban Traffic,6.75,16.241333333333333,32.54789347826087,5,5.875,0.875
2025-02-04 00:00:00+00:00,PEMB,Narberth,Rural Background,7.239583333333333,15.654166666666667,1.3713050000000002,5,5.875,1.364583333333333
2025-02-04 00:00:00+00:00,NPT3,Newport,Urban Background,6.3925833333333335,15.6625,11.601085416666665,5,5.875,0.5175833333333335
2025-02-04 00:00:00+00:00,PT4,Port Talbot Margam,Urban Industrial,5.875,23.712166666666665,12.567536666666667,5,6.3925833333333335,-0.5175833333333335
2025-02-04 00:00:00+00:00,SWA1,Swansea Roadside,Urban Traffic,,,,6,6.133791666666667,
2025-02-04 00:00:00+00:00,WREX,Wrexham,Urban Traffic,3.1801666666666666,6.157291666666667,7.6022075,5,6.3925833333333335,-3.212416666666667
2025-02-05 00:00:00+00:00,CARD,Cardiff Centre,Urban Background,6.708333333333333,14.654083333333332,39.78676625,6,7.62875,-0.9204166666666671
2025-02-05 00:00:00+00:00,CHP,Chepstow A48,Urban Traffic,9.5,16.707125,39.12152458333333,6,6.715541666666667,2.7844583333333333
2025-02-05 00:00:00+00:00,PEMB,Narberth,Rural Background,5.681125000000001,15.333333333333334,2.0176720833333333,6,7.62875,-1.9476249999999995
2025-02-05 00:00:00+00:00,NPT3,Newport,Urban Background,8.53475,16.296875,39.339115,6,6.715541666666667,1.819208333333334
2025-02-05 00:00:00+00:00,PT4,Port Talbot Margam,Urban Industrial,5.782608695652174,17.223652173913045,22.710129090909092,6,7.62875,-1.8461413043478263
2025-02-05 00:00:00+00:00,SWA1,Swansea Roadside,Urban Traffic,10.25,19.44475,,6,6.715541666666667,3.5344583333333333
2025-02-05 00:00:00+00:00,WREX,Wrexham,Urban Traffic,6.7227500000000004,11.577083333333334,24.22828375,6,7.621541666666667,-0.8987916666666669
2025-02-06 00:00:00+00:00,CARD,Cardiff Centre,Urban Background,9.125,12.761791666666667,22.906698333333335,6,7.645170454545455,1.4798295454545451
2025-02-06 00:00:00+00:00,CHP,Chepstow A48,Urban Traffic,10.105263157894736,16.505875,22.562309583333334,6,7.645170454545455,2.4600927033492814
2025-02-06 00:00:00+00:00,PEMB,Narberth,Rural Background,4.727875,7.611458333333334,3.363531666666667,6,8.503125,-3.7752500000000007
2025-02-06 00:00:00+00:00,NPT3,Newport,Urban Background,7.8812500000000005,12.2875,,6,8.267045454545455,-0.3857954545454545
2025-02-06 00:00:00+00:00,PT4,Port Talbot Margam,Urban Industrial,4.416666666666667,8.45425,9.5281125,6,8.503125,-4.086458333333334
2025-02-06 00:00:00+00:00,SWA1,Swansea Roadside,Urban Traffic,7.409090909090909,20.088958333333334,,6,8.503125,-1.0940340909090915
2025-02-06 00:00:00+00:00,WREX,Wrexham,Urban Traffic,12.504272727272728,18.768181818181816,44.67060166666667,6,7.645170454545455,4.859102272727273
2025-02-07 00:00:00+00:00,CARD,Cardiff Centre,Urban Background,7.166666666666667,10.708791666666668,9.854238333333333,6,6.604333333333334,0.5623333333333331
2025-02-07 00:00:00+00:00,CHP,Chepstow A48,Urban Traffic,7.416666666666667,20.813666666666666,14.30170043478261,6,6.479333333333334,0.9373333333333331
2025-02-07 00:00:00+00:00,PEMB,Narberth,Rural Background,5.792000000000001,8.101041666666667,2.5418741666666667,6,7.291666666666667,-1.4996666666666663
2025-02-07 00:00:00+00:00,NPT3,Newport,Urban Background,7.613125,12.471874999999999,,6,6.479333333333334,1.1337916666666663
2025-02-07 00:00:00+00:00,PT4,Port Talbot Margam,Urban Industrial,5.708333333333333,9.219166666666666,3.722206956521739,6,7.291666666666667,-1.583333333333334
2025-02-07 00:00:00+00:00,SWA1,Swansea Roadside,Urban Traffic,5.208333333333333,16.707208333333334,,6,7.291666666666667,-2.083333333333334
2025-02-07 00:00:00+00:00,WREX,Wrexham,Urban Traffic,9.198166666666667,16.433333333333334,27.122441249999998,6,6.479333333333334,2.7188333333333334
2025-02-08 00:00:00+00:00,CARD,Cardiff Centre,Urban Background,16.291666666666668,17.19033333333333,14.864705652173914,6,14.619166666666668,1.6724999999999994
2025-02-08 00:00:00+00:00,CHP,Chepstow A48,Urban Traffic,17.791666666666668,21.256416666666667,18.91413875,6,13.869166666666668,3.9224999999999994
2025-02-08 00:00:00+00:00,PEMB,Narberth,Rural Background,11.446666666666667,12.735416666666666,4.0204466666666665,6,17.041666666666668,-5.595000000000001
2025-02-08 00:00:00+00:00,NPT3,Newport,Urban Background,18.4985,21.528125,,6,13.869166666666668,4.6293333333333315
2025-02-08 00:00:00+00:00,PT4,Port Talbot Margam,Urban Industrial,10.708333333333334,10.847727272727273,11.510048260869565,6,17.041666666666668,-6.333333333333334
2025-02-08 00:00:00+00:00,SWA1,Swansea Roadside,Urban Traffic,10.958333333333334,14.332,,6,17.041666666666668,-6.083333333333334
2025-02-08 00:00:00+00:00,WREX,Wrexham,Urban Traffic,19.290666666666667,22.879166666666666,30.957718749999998,6,13.869166666666668,5.421499999999998
2025-02-09 00:00:00+00:00,CARD,Cardiff Centre,Urban Background,23.583333333333332,26.087416666666666,15.234779583333333,6,21.17502083333333,2.408312500000001
2025-02-09 00:00:00+00:00,CHP,Chepstow A48,Urban Traffic,26.291666666666668,31.804083333333335,14.567344583333332,6,20.084833333333332,6.206833333333336
2025-02-09 00:00:00+00:00,PEMB,Narberth,Rural Background,16.586333333333332,18.39166666666667,6.8570025,6,24.67352083333333,-8.087187499999999
2025-02-09 00:00:00+00:00,NPT3,Newport,Urban Background,25.76370833333333,30.088541666666668,,6,20.084833333333332,5.678874999999998
2025-02-09 00:00:00+00:00,PT4,Port Talbot Margam,Urban Industrial,15.208333333333334,16.344875,8.154265217391304,6,24.67352083333333,-9.465187499999997
2025-02-09 00:00:00+00:00,SWA1,Swansea Roadside,Urban Traffic,15.666666666666666,17.673416666666665,,6,24.67352083333333,-9.006854166666665
2025-02-09 00:00:00+00:00,WREX,Wrexham,Urban Traffic,26.910458333333334,30.743750000000002,17.918119166666667,6,20.084833333333332,6.825625000000002
2025-02-10 00:00:00+00:00,CARD,Cardiff Centre,Urban Background,17.083333333333332,19.52525,13.701025416666667,6,11.583333333333332,5.5
2025-02-10 00:00:00+00:00,CHP,Chepstow A48,Urban Traffic,19.416666666666668,25.44333333333333,16.388563333333334,6,11.583333333333332,7.833333333333336
2025-02-10 00:00:00+00:00,PEMB,Narberth,Rural Background,10.615208333333333,11.938541666666666,3.999132083333333,6,14.4375,-3.8222916666666666
2025-02-10 00:00:00+00:00,NPT3,Newport,Urban Background,18.786333333333335,23.712500000000002,,6,11.583333333333332,7.203000000000003
2025-02-10 00:00:00+00:00,PT4,Port Talbot Margam,Urban Industrial,11.791666666666666,13.164458333333334,8.498206521739132,6,14.229166666666666,-2.4375
2025-02-10 00:00:00+00:00,SWA1,Swansea Roadside,Urban Traffic,11.375,16.948833333333333,,6,14.4375,-3.0625
2025-02-10 00:00:00+00:00,WREX,Wrexham,Urban Traffic,11.307083333333333,13.547916666666667,24.443674166666668,6,14.4375,-3.130416666666667
2025-02-11 00:00:00+00:00,CARD,Cardiff Centre,Urban Background,16.625,19.847375,21.4527725,6,16.020583333333335,0.6044166666666655
2025-02-11 00:00:00+00:00,CHP,Chepstow A48,Urban Traffic,20.5,28.382125000000002,22.420916666666667,6,14.770833333333332,5.729166666666668
2025-02-11 00:00:00+00:00,PEMB,Narberth,Rural Background,11.89991304347826,13.408695652173913,,6,17.87475,-5.974836956521738
2025-02-11 00:00:00+00:00,NPT3,Newport,Urban Background,19.1245,23.109375,,6,14.770833333333332,4.353666666666669
2025-02-11 00:00:00+00:00,PT4,Port Talbot Margam,Urban Industrial,11.291666666666666,15.418875,17.246782083333333,6,17.87475,-6.583083333333333
2025-02-11 00:00:00+00:00,SWA1,Swansea Roadside,Urban Traffic,12.916666666666666,24.517333333333337,,6,17.87475,-4.958083333333333
2025-02-11 00:00:00+00:00,WREX,Wrexham,Urban Traffic,19.984291666666667,24.79375,28.04123304347826,6,14.770833333333332,5.213458333333335
2025-02-12 00:00:00+00:00,CARD,Cardiff Centre,Urban Background,18.625,20.652458333333332,25.572970833333333,6,16.758583333333334,1.866416666666666
2025-02-12 00:00:00+00:00,CHP,Chepstow A48,Urban Traffic,22.375,31.884583333333335,25.916260416666663,6,15.8858125,6.4891875
2025-02-12 00:00:00+00:00,PEMB,Narberth,Rural Background,13.146625,14.960416666666667,,6,19.497770833333334,-6.351145833333334
2025-02-12 00:00:00+00:00,NPT3,Newport,Urban Background,20.370541666666668,24.742708333333336,,6,15.8858125,4.484729166666668
2025-02-12 00:00:00+00:00,PT4,Port Talbot Margam,Urban Industrial,11.708333333333334,14.050166666666668,13.092017916666668,6,19.497770833333334,-7.7894375
2025-02-12 00:00:00+00:00,SWA1,Swansea Roadside,Urban Traffic,12.541666666666666,24.55758333333333,,6,19.497770833333334,-6.956104166666668
2025-02-12 00:00:00+00:00,WREX,Wrexham,Urban Traffic,24.301333333333332,28.65625,30.292012916666668,6,15.8858125,8.415520833333332
2025-02-13 00:00:00+00:00,CARD,Cardiff Centre,Urban Background,20.375,25.765249999999998,18.207104166666667,6,17.085708333333333,3.289291666666667
2025-02-13 00:00:00+00:00,CHP,Chepstow A48,Urban Traffic,21.166666666666668,34.863708333333335,21.36941416666667,6,17.085708333333333,4.080958333333335
2025-02-13 00:00:00+00:00,PEMB,Narberth,Rural Background,17.213083333333334,21.148958333333333,5.41649125,6,18.666666666666664,-1.4535833333333308
2025-02-13 00:00:00+00:00,NPT3,Newport,Urban Background,20.603458333333332,26.39375,,6,17.085708333333333,3.5177499999999995
2025-02-13 00:00:00+00:00,PT4,Port Talbot Margam,Urban Industrial,16.958333333333332,23.02779166666667,10.587248333333333,6,18.794041666666665,-1.8357083333333328
2025-02-13 00:00:00+00:00,SWA1,Swansea Roadside,Urban Traffic,14.541666666666666,28.019833333333334,,6,18.794041666666665,-4.252374999999999
2025-02-13 00:00:00+00:00,WREX,Wrexham,Urban Traffic,16.262875,24.825,17.251014782608696,6,18.794041666666665,-2.531166666666664
2025-02-14 00:00:00+00:00,CARD,Cardiff Centre,Urban Background,20.208333333333332,27.053625,18.213815,6,19.587937500000002,0.6203958333333297
2025-02-14 00:00:00+00:00,CHP,Chepstow A48,Urban Traffic,21.291666666666668,30.31458333333333,22.12622608695652,6,19.587937500000002,1.7037291666666654
2025-02-14 00:00:00+00:00,PEMB,Narberth,Rural Background,18.782416666666666,23.315625,5.38828625,6,19.812916666666666,-1.0305
2025-02-14 00:00:00+00:00,NPT3,Newport,Urban Background,19.675875,25.329166666666666,19.27998375,6,19.724979166666664,-0.04910416666666251
2025-02-14 00:00:00+00:00,PT4,Port Talbot Margam,Urban Industrial,19.5,22.142,9.089231666666667,6,19.812916666666666,-0.3129166666666663
2025-02-14 00:00:00+00:00,SWA1,Swansea Roadside,Urban Traffic,18.416666666666668,21.90041666666667,,6,19.812916666666666,-1.3962499999999984
2025-02-14 00:00:00+00:00,WREX,Wrexham,Urban Traffic,19.94995833333333,26.677083333333332,19.360605,6,19.587937500000002,0.3620208333333288
2025-02-15 00:00:00+00:00,CARD,Cardiff Centre,Urban Background,23.083333333333332,23.792583333333337,24.49434375,6,19.23222916666667,3.851104166666662
2025-02-15 00:00:00+00:00,CHP,Chepstow A48,Urban Traffic,27.25,32.68983333333333,31.02398375,6,18.541666666666664,8.708333333333336
2025-02-15 00:00:00+00:00,PEMB,Narberth,Rural Background,12.966791666666666,16.090625,9.616902083333335,6,23.773895833333334,-10.807104166666669
2025-02-15 00:00:00+00:00,NPT3,Newport,Urban Background,24.464458333333337,29.126041666666666,26.518472916666667,6,18.541666666666664,5.922791666666672
2025-02-15 00:00:00+00:00,PT4,Port Talbot Margam,Urban Industrial,11.666666666666666,13.164499999999999,10.123425,6,23.773895833333334,-12.107229166666668
2025-02-15 00:00:00+00:00,SWA1,Swansea Roadside,Urban Traffic,14.0,16.425458333333335,,6,23.773895833333334,-9.773895833333334
2025-02-15 00:00:00+00:00,WREX,Wrexham,Urban Traffic,26.05458333333333,29.711458333333336,21.087980416666667,6,18.541666666666664,7.512916666666666
2025-02-16 00:00:00+00:00,CARD,Cardiff Centre,Urban Background,20.5,23.631583333333335,17.010762916666668,6,21.550291666666666,-1.0502916666666664
2025-02-16 00:00:00+00:00,CHP,Chepstow A48,Urban Traffic,23.166666666666668,28.78475,16.666104166666667,6,20.270166666666668,2.8964999999999996
2025-02-16 00:00:00+00:00,PEMB,Narberth,Rural Background,20.040333333333333,25.188541666666666,9.070992500000001,6,21.780124999999998,-1.7397916666666653
2025-02-16 00:00:00+00:00,NPT3,Newport,Urban Background,23.06025,27.346875,18.73895375,6,20.270166666666668,2.7900833333333317
2025-02-16 00:00:00+00:00,PT4,Port Talbot Margam,Urban Industrial,19.0,21.538083333333333,9.998300416666668,6,21.780124999999998,-2.780124999999998
2025-02-16 00:00:00+00:00,SWA1,Swansea Roadside,Urban Traffic,17.166666666666668,24.51725,,6,21.780124999999998,-4.61345833333333
2025-02-16 00:00:00+00:00,WREX,Wrexham,Urban Traffic,25.97304166666667,29.39270833333333,14.70203375,6,20.270166666666668,5.702875000000002
2025-02-17 00:00:00+00:00,CARD,Cardiff Centre,Urban Background,20.416666666666668,25.48345833333333,22.00686625,6,20.044575757575757,0.372090909090911
2025-02-17 00:00:00+00:00,CHP,Chepstow A48,Urban Traffic,24.333333333333332,35.26629166666667,25.235640434782606,6,19.804742424242427,4.528590909090905
2025-02-17 00:00:00+00:00,PEMB,Narberth,Rural Background,19.192818181818183,23.86590909090909,8.772810909090909,6,20.6565,-1.4636818181818185
2025-02-17 00:00:00+00:00,NPT3,Newport,Urban Background,22.012708333333332,27.66875,22.89594,6,19.804742424242427,2.2079659090909054
2025-02-17 00:00:00+00:00,PT4,Port Talbot Margam,Urban Industrial,19.041666666666668,22.907041666666668,12.553123333333332,6,20.6565,-1.6148333333333333
2025-02-17 00:00:00+00:00,SWA1,Swansea Roadside,Urban Traffic,18.90909090909091,26.003391304347826,,6,20.6565,-1.7474090909090911
2025-02-17 00:00:00+00:00,WREX,Wrexham,Urban Traffic,20.896333333333335,27.835416666666664,22.259581666666666,6,19.804742424242427,1.0915909090909075
2025-02-18 00:00:00+00:00,CARD,Cardiff Centre,Urban Background,23.75,28.221125,23.104915000000002,6,23.446416666666664,0.30358333333333576
2025-02-18 00:00:00+00:00,CHP,Chepstow A48,Urban Traffic,26.708333333333332,38.48708333333334,24.777551304347828,6,22.867083333333333,3.8412499999999987
2025-02-18 00:00:00+00:00,PEMB,Narberth,Rural Background,21.984166666666667,31.12291666666667,11.094357916666667,6,24.32933333333333,-2.345166666666664
2025-02-18 00:00:00+00:00,NPT3,Newport,Urban Background,24.908666666666665,32.045833333333334,23.049628333333334,6,22.867083333333333,2.0415833333333318
2025-02-18 00:00:00+00:00,PT4,Port Talbot Margam,Urban Industrial,19.583333333333332,25.00045833333333,13.314383333333334,6,24.32933333333333,-4.745999999999999
2025-02-18 00:00:00+00:00,SWA1,Swansea Roadside,Urban Traffic,17.25,30.556124999999998,,6,24.32933333333333,-7.079333333333331
2025-02-18 00:00:00+00:00,WREX,Wrexham,Urban Traffic,26.883958333333336,37.606249999999996,24.271290833333335,6,22.867083333333333,4.016875000000002
2025-02-19 00:00:00+00:00,CARD,Cardiff Centre,Urban Background,22.958333333333332,30.032791666666668,28.070027083333333,6,21.44192210144928,1.516411231884053
2025-02-19 00:00:00+00:00,CHP,Chepstow A48,Urban Traffic,27.416666666666668,35.54816666666667,34.05811260869565,6,20.718297101449274,6.698369565217394
2025-02-19 00:00:00+00:00,PEMB,Narberth,Rural Background,14.136249999999999,19.102083333333333,8.590892083333333,6,23.681958333333334,-9.545708333333335
2025-02-19 00:00:00+00:00,NPT3,Newport,Urban Background,24.405583333333336,32.01354166666667,25.70499166666667,6,20.718297101449274,3.6872862318840625
2025-02-19 00:00:00+00:00,PT4,Port Talbot Margam,Urban Industrial,18.47826086956522,24.406913043478262,10.726507727272727,6,23.681958333333334,-5.2036974637681155
2025-02-19 00:00:00+00:00,SWA1,Swansea Roadside,Urban Traffic,18.0,30.757333333333335,,6,23.681958333333334,-5.681958333333334
2025-02-19 00:00:00+00:00,WREX,Wrexham,Urban Traffic,34.67875,41.67916666666667,26.713569583333335,6,20.718297101449274,13.960452898550727
2025-02-20 00:00:00+00:00,CARD,Cardiff Centre,Urban Background,4.291666666666667,8.77625,21.58009291666667,6,5.698229166666667,-1.4065624999999997
2025-02-20 00:00:00+00:00,CHP,Chepstow A48,Urban Traffic,4.916666666666667,10.950249999999999,23.232095,6,5.698229166666667,-0.7815624999999997
2025-02-20 00:00:00+00:00,PEMB,Narberth,Rural Background,5.9984166666666665,10.299999999999999,5.239024166666667,6,5.157354166666667,0.8410624999999996
2025-02-20 00:00:00+00:00,NPT3,Newport,Urban Background,4.913458333333334,9.891666666666667,17.317119583333334,6,5.698229166666667,-0.784770833333333
2025-02-20 00:00:00+00:00,PT4,Port Talbot Margam,Urban Industrial,6.375,19.807041666666667,11.001611666666667,6,5.157354166666667,1.217645833333333
2025-02-20 00:00:00+00:00,SWA1,Swansea Roadside,Urban Traffic,6.375,18.478625,,6,5.157354166666667,1.217645833333333
2025-02-20 00:00:00+00:00,WREX,Wrexham,Urban Traffic,5.398041666666667,8.775,8.774407083333333,6,5.457541666666667,-0.059499999999999886
2025-02-21 00:00:00+00:00,CARD,Cardiff Centre,Urban Background,6.458333333333333,11.876166666666668,20.055670833333334,6,7.594250000000001,-1.1359166666666676
2025-02-21 00:00:00+00:00,CHP,Chepstow A48,Urban Traffic,6.041666666666667,14.114869565217392,18.55742565217391,6,7.594250000000001,-1.5525833333333336
2025-02-21 00:00:00+00:00,PEMB,Narberth,Rural Background,8.997583333333333,15.853125,2.29771375,6,6.927583333333333,2.0700000000000003
2025-02-21 00:00:00+00:00,NPT3,Newport,Urban Background,7.396833333333333,14.530208333333334,13.628816666666667,6,7.125,0.27183333333333337
2025-02-21 00:00:00+00:00,PT4,Port Talbot Margam,Urban Industrial,7.791666666666667,25.121208333333332,11.058063333333331,6,6.927583333333333,0.8640833333333342
2025-02-21 00:00:00+00:00,SWA1,Swansea Roadside,Urban Traffic,8.0,26.691333333333333,,6,6.927583333333333,1.0724166666666672
2025-02-21 00:00:00+00:00,WREX,Wrexham,Urban Traffic,4.733583333333333,7.470833333333334,7.77420125,6,7.594250000000001,-2.860666666666668
2025-02-22 00:00:00+00:00,CARD,Cardiff Centre,Urban Background,9.291666666666666,20.6525,20.302366250000002,6,8.973875,0.3177916666666665
2025-02-22 00:00:00+00:00,CHP,Chepstow A48,Urban Traffic,9.541666666666666,22.343416666666666,37.09899291666667,6,8.973875,0.5677916666666665
2025-02-22 00:00:00+00:00,PEMB,Narberth,Rural Background,9.031083333333333,18.144791666666666,2.1848525,6,9.104166666666666,-0.07308333333333294
2025-02-22 00:00:00+00:00,NPT3,Newport,Urban Background,10.449083333333332,21.894791666666666,18.520845833333333,6,8.973875,1.4752083333333328
2025-02-22 00:00:00+00:00,PT4,Port Talbot Margam,Urban Industrial,8.916666666666666,32.28720833333333,8.311292916666668,6,9.161375,-0.24470833333333353
2025-02-22 00:00:00+00:00,SWA1,Swansea Roadside,Urban Traffic,8.75,30.395083333333332,,6,9.161375,-0.4113749999999996
2025-02-22 00:00:00+00:00,WREX,Wrexham,Urban Traffic,7.105958333333334,12.880208333333334,12.552583749999998,6,9.161375,-2.055416666666666
2025-02-23 00:00:00+00:00,CARD,Cardiff Centre,Urban Background,4.583333333333333,9.299708333333333,14.636912083333334,6,5.763586956521739,-1.1802536231884062
2025-02-23 00:00:00+00:00,CHP,Chepstow A48,Urban Traffic,3.75,11.674958333333334,10.954530869565216,6,5.763586956521739,-2.0135869565217392
2025-02-23 00:00:00+00:00,PEMB,Narberth,Rural Background,7.527583333333333,13.127083333333333,1.4547091666666667,6,5.117753623188406,2.409829710144927
2025-02-23 00:00:00+00:00,NPT3,Newport,Urban Background,6.218625,12.75,8.882683333333334,6,5.117753623188406,1.100871376811594
2025-02-23 00:00:00+00:00,PT4,Port Talbot Margam,Urban Industrial,5.6521739130434785,17.472083333333334,7.593550833333333,6,5.229166666666666,0.4230072463768124
2025-02-23 00:00:00+00:00,SWA1,Swansea Roadside,Urban Traffic,5.875,18.639625,,6,5.117753623188406,0.7572463768115938
2025-02-23 00:00:00+00:00,WREX,Wrexham,Urban Traffic,3.4590416666666663,5.794791666666666,6.512300416666666,6,5.763586956521739,-2.304545289855073
2025-02-24 00:00:00+00:00,CARD,Cardiff Centre,Urban Background,4.041666666666667,13.687833333333332,10.837556666666666,6,5.933852355072464,-1.8921856884057968
2025-02-24 00:00:00+00:00,CHP,Chepstow A48,Urban Traffic,4.416666666666667,15.901958333333333,26.309145416666667,6,5.933852355072464,-1.5171856884057968
2025-02-24 00:00:00+00:00,PEMB,Narberth,Rural Background,9.549041666666666,19.64375,1.310915,6,5.371479166666667,4.177562499999999
2025-02-24 00:00:00+00:00,NPT3,Newport,Urban Background,5.693791666666667,13.410416666666668,10.182732083333333,6,5.611539855072464,0.0822518115942028
2025-02-24 00:00:00+00:00,PT4,Port Talbot Margam,Urban Industrial,8.041666666666666,28.100333333333335,7.3233041666666665,6,5.371479166666667,2.670187499999999
2025-02-24 00:00:00+00:00,SWA1,Swansea Roadside,Urban Traffic,6.173913043478261,24.19704347826087,,6,5.371479166666667,0.8024338768115937
2025-02-24 00:00:00+00:00,WREX,Wrexham,Urban Traffic,5.049166666666667,9.305208333333333,10.89381,6,5.933852355072464,-0.8846856884057965
2025-02-25 00:00:00+00:00,CARD,Cardiff Centre,Urban Background,5.666666666666667,14.855291666666666,12.110147499999998,6,6.4180625,-0.7513958333333326
2025-02-25 00:00:00+00:00,CHP,Chepstow A48,Urban Traffic,6.25,20.733083333333333,35.841577916666665,6,6.246083333333333,0.0039166666666670125
2025-02-25 00:00:00+00:00,PEMB,Narberth,Rural Background,6.586125,17.326041666666665,1.5765099999999999,6,6.078020833333333,0.5081041666666666
2025-02-25 00:00:00+00:00,NPT3,Newport,Urban Background,5.906041666666667,13.35,12.894002916666667,6,6.4180625,-0.5120208333333327
2025-02-25 00:00:00+00:00,PT4,Port Talbot Margam,Urban Industrial,9.458333333333334,21.05516666666667,15.698916666666667,6,6.078020833333333,3.3803125000000005
2025-02-25 00:00:00+00:00,SWA1,Swansea Roadside,Urban Traffic,8.043478260869565,21.550478260869564,,6,6.078020833333333,1.965457427536231
2025-02-25 00:00:00+00:00,WREX,Wrexham,Urban Traffic,4.568583333333334,9.15,7.901639565217391,6,6.4180625,-1.849479166666666
2025-02-26 00:00:00+00:00,CARD,Cardiff Centre,Urban Background,,,,6,4.856450757575757,
2025-02-26 00:00:00+00:00,CHP,Chepstow A48,Urban Traffic,5.333333333333333,13.848791666666665,33.48647833333333,5,4.456583333333334,0.8767499999999995
2025-02-26 00:00:00+00:00,PEMB,Narberth,Rural Background,5.256318181818181,12.178409090909092,0.8249490476190476,5,4.456583333333334,0.7997348484848477
2025-02-26 00:00:00+00:00,NPT3,Newport,Urban Background,4.456583333333334,10.490625,9.493657916666667,5,5.256318181818181,-0.7997348484848477
2025-02-26 00:00:00+00:00,PT4,Port Talbot Margam,Urban Industrial,3.75,17.552583333333335,8.3068475,5,5.256318181818181,-1.5063181818181812
2025-02-26 00:00:00+00:00,SWA1,Swansea Roadside,Urban Traffic,5.458333333333333,15.660416666666668,,5,4.456583333333334,1.0017499999999995
2025-02-26 00:00:00+00:00,WREX,Wrexham,Urban Traffic,2.8824166666666664,5.367708333333333,9.261769583333333,5,5.256318181818181,-2.373901515151515
2025-02-27 00:00:00+00:00,CARD,Cardiff Centre,Urban Background,,,,6,4.002229166666666,
2025-02-27 00:00:00+00:00,CHP,Chepstow A48,Urban Traffic,3.875,13.406,22.873935,5,4.129458333333333,-0.254458333333333
2025-02-27 00:00:00+00:00,PEMB,Narberth,Rural Background,4.129458333333333,9.655208333333333,1.9646429166666666,5,3.875,0.254458333333333
2025-02-27 00:00:00+00:00,NPT3,Newport,Urban Background,2.8529166666666668,5.996875,14.740269166666666,5,4.129458333333333,-1.2765416666666662
2025-02-27 00:00:00+00:00,PT4,Port Talbot Margam,Urban Industrial,3.75,10.306166666666668,11.880178333333333,5,4.129458333333333,-0.379458333333333
2025-02-27 00:00:00+00:00,SWA1,Swansea Roadside,Urban Traffic,4.958333333333333,11.674999999999999,,5,3.875,1.083333333333333
2025-02-27 00:00:00+00:00,WREX,Wrexham,Urban Traffic,4.64125,9.5875,10.556635,5,3.875,0.7662500000000003
2025-02-28 00:00:00+00:00,CARD,Cardiff Centre,Urban Background,,,,6,5.994208333333333,
2025-02-28 00:00:00+00:00,CHP,Chepstow A48,Urban Traffic,5.875,16.18375,26.650961249999998,5,6.113416666666667,-0.23841666666666672
2025-02-28 00:00:00+00:00,PEMB,Narberth,Rural Background,3.2163333333333335,6.125,4.3089325,5,6.113416666666667,-2.8970833333333332
2025-02-28 00:00:00+00:00,NPT3,Newport,Urban Background,6.113416666666667,10.632291666666665,23.623122499999997,5,5.875,0.23841666666666672
2025-02-28 00:00:00+00:00,PT4,Port Talbot Margam,Urban Industrial,5.166666666666667,15.9825,20.747340416666667,5,6.113416666666667,-0.9467499999999998
2025-02-28 00:00:00+00:00,SWA1,Swansea Roadside,Urban Traffic,10.041666666666666,24.75883333333333,,5,5.875,4.166666666666666
2025-02-28 00:00:00+00:00,WREX,Wrexham,Urban Traffic,8.673458333333334,16.059375,27.367646249999996,5,5.875,2.7984583333333344
2025-03-01 00:00:00+00:00,CARD,Cardiff Centre,Urban Background,,,,6,9.996291666666666,
2025-03-01 00:00:00+00:00,CHP,Chepstow A48,Urban Traffic,11.833333333333334,22.343458333333334,28.23920347826087,5,9.416666666666666,2.416666666666668
2025-03-01 00:00:00+00:00,PEMB,Narberth,Rural Background,6.597958333333334,10.049999999999999,7.24061,5,10.575916666666666,-3.9779583333333326
2025-03-01 00:00:00+00:00,NPT3,Newport,Urban Background,10.575916666666666,15.305208333333333,22.039764583333334,5,9.416666666666666,1.1592500000000001
2025-03-01 00:00:00+00:00,PT4,Port Talbot Margam,Urban Industrial,9.416666666666666,13.808666666666667,19.319005,5,10.575916666666666,-1.1592500000000001
2025-03-01 00:00:00+00:00,SWA1,Swansea Roadside,Urban Traffic,12.541666666666666,22.142083333333332,,5,9.416666666666666,3.125
2025-03-01 00:00:00+00:00,WREX,Wrexham,Urban Traffic,7.141291666666667,14.43125,27.148268333333334,5,10.575916666666666,-3.4346249999999996
2025-03-02 00:00:00+00:00,CARD,Cardiff Centre,Urban Background,,,,6,10.149687499999999,
2025-03-02 00:00:00+00:00,CHP,Chepstow A48,Urban Traffic,11.875,28.62375,35.01134,5,8.5,3.375
2025-03-02 00:00:00+00:00,PEMB,Narberth,Rural Background,6.588166666666666,9.614583333333334,4.34724625,5,11.799375,-5.211208333333333
2025-03-02 00:00:00+00:00,NPT3,Newport,Urban Background,11.799375,17.070833333333333,,5,8.5,3.2993749999999995
2025-03-02 00:00:00+00:00,PT4,Port Talbot Margam,Urban Industrial,8.5,15.580041666666666,13.630567826086956,5,11.799375,-3.2993749999999995
2025-03-02 00:00:00+00:00,SWA1,Swansea Roadside,Urban Traffic,12.083333333333334,25.725166666666667,,5,8.5,3.583333333333334
2025-03-02 00:00:00+00:00,WREX,Wrexham,Urban Traffic,4.6895,8.838541666666666,12.201457083333333,5,11.799375,-7.109875
2025-03-03 00:00:00+00:00,CARD,Cardiff Centre,Urban Background,,,,6,10.755952380952381,
2025-03-03 00:00:00+00:00,CHP,Chepstow A48,Urban Traffic,10.428571428571429,26.35090909090909,42.1363,5,11.083333333333334,-0.6547619047619051
2025-03-03 00:00:00+00:00,PEMB,Narberth,Rural Background,6.0535,8.960416666666667,4.940977083333333,5,11.083333333333334,-5.029833333333334
2025-03-03 00:00:00+00:00,NPT3,Newport,Urban Background,13.881749999999998,22.804166666666664,33.4847,5,10.428571428571429,3.4531785714285697
2025-03-03 00:00:00+00:00,PT4,Port Talbot Margam,Urban Industrial,11.083333333333334,25.161416666666668,23.36742291666667,5,10.428571428571429,0.6547619047619051
2025-03-03 00:00:00+00:00,SWA1,Swansea Roadside,Urban Traffic,17.291666666666668,34.17933333333333,,5,10.428571428571429,6.863095238095239
2025-03-03 00:00:00+00:00,WREX,Wrexham,Urban Traffic,4.209875,10.860416666666666,12.507326666666666,5,11.083333333333334,-6.873458333333334
2025-03-04 00:00:00+00:00,CARD,Cardiff Centre,Urban Background,,,,6,12.083333333333332,
2025-03-04 00:00:00+00:00,CHP,Chepstow A48,Urban Traffic,20.5,34.018375,43.668157916666665,5,9.625,10.875
2025-03-04 00:00:00+00:00,PEMB,Narberth,Rural Background,5.0737499999999995,7.244791666666667,3.460187083333333,5,14.541666666666666,-9.467916666666667
2025-03-04 00:00:00+00:00,NPT3,Newport,Urban Background,17.557125,26.190625,27.184053333333335,5,9.625,7.932124999999999
2025-03-04 00:00:00+00:00,PT4,Port Talbot Margam,Urban Industrial,9.625,19.122708333333332,15.648921666666666,5,14.541666666666666,-4.916666666666666
2025-03-04 00:00:00+00:00,SWA1,Swansea Roadside,Urban Traffic,14.541666666666666,28.42233333333333,,5,9.625,4.916666666666666
2025-03-04 00:00:00+00:00,WREX,Wrexham,Urban Traffic,6.678375,13.25625,19.00895625,5,14.541666666666666,-7.863291666666666
2025-03-05 00:00:00+00:00,CARD,Cardiff Centre,Urban Background,,,,6,23.08712121212121,
2025-03-05 00:00:00+00:00,CHP,Chepstow A48,Urban Traffic,26.791666666666668,42.79458333333333,43.05005375,5,21.09090909090909,5.700757575757578
2025-03-05 00:00:00+00:00,PEMB,Narberth,Rural Background,16.087875,19.897916666666667,5.20749875,5,25.083333333333332,-8.995458333333332
2025-03-05 00:00:00+00:00,NPT3,Newport,Urban Background,30.72729166666667,39.45729166666667,30.66973541666667,5,21.09090909090909,9.63638257575758
2025-03-05 00:00:00+00:00,PT4,Port Talbot Margam,Urban Industrial,21.09090909090909,38.20886363636364,26.938781363636362,5,25.083333333333332,-3.992424242424242
2025-03-05 00:00:00+00:00,SWA1,Swansea Roadside,Urban Traffic,25.083333333333332,43.318083333333334,,5,21.09090909090909,3.992424242424242
2025-03-05 00:00:00+00:00,WREX,Wrexham,Urban Traffic,9.194166666666666,18.073958333333334,16.234045,5,25.083333333333332,-15.889166666666666
2025-03-06 00:00:00+00:00,CARD,Cardiff Centre,Urban Background,,,,6,23.1856884057971,
2025-03-06 00:00:00+00:00,CHP,Chepstow A48,Urban Traffic,23.458333333333332,42.271208333333334,42.51272916666667,5,22.91304347826087,0.5452898550724612
2025-03-06 00:00:00+00:00,PEMB,Narberth,Rural Background,20.114083333333333,31.104166666666668,8.849440833333334,5,23.458333333333332,-3.344249999999999
2025-03-06 00:00:00+00:00,NPT3,Newport,Urban Background,26.420083333333334,40.112500000000004,35.104302499999996,5,22.91304347826087,3.5070398550724633
2025-03-06 00:00:00+00:00,PT4,Port Talbot Margam,Urban Industrial,19.75,30.113125,15.343234583333334,5,23.458333333333332,-3.708333333333332
2025-03-06 00:00:00+00:00,SWA1,Swansea Roadside,Urban Traffic,22.91304347826087,43.311,,5,23.458333333333332,-0.5452898550724612
2025-03-06 00:00:00+00:00,WREX,Wrexham,Urban Traffic,24.706333333333333,36.76979166666667,19.115035,5,22.91304347826087,1.7932898550724623
2025-03-07 00:00:00+00:00,CARD,Cardiff Centre,Urban Background,,,,6,12.645833333333332,
2025-03-07 00:00:00+00:00,CHP,Chepstow A48,Urban Traffic,12.916666666666666,26.731624999999998,35.080445,5,12.375,0.5416666666666661
2025-03-07 00:00:00+00:00,PEMB,Narberth,Rural Background,8.389291666666667,13.595833333333333,6.0104299999999995,5,12.916666666666666,-4.527374999999999
2025-03-07 00:00:00+00:00,NPT3,Newport,Urban Background,14.616875,25.89270833333333,33.91638291666667,5,12.375,2.2418750000000003
2025-03-07 00:00:00+00:00,PT4,Port Talbot Margam,Urban Industrial,11.0,25.201583333333332,7.503713333333334,5,12.916666666666666,-1.916666666666666
2025-03-07 00:00:00+00:00,SWA1,Swansea Roadside,Urban Traffic,12.375,26.127499999999998,,5,12.916666666666666,-0.5416666666666661
2025-03-07 00:00:00+00:00,WREX,Wrexham,Urban Traffic,13.90825,22.655208333333334,17.6800475,5,12.375,1.5332500000000007
2025-03-08 00:00:00+00:00,CARD,Cardiff Centre,Urban Background,,,,6,12.608729166666667,
2025-03-08 00:00:00+00:00,CHP,Chepstow A48,Urban Traffic,15.0,26.852249999999998,21.76184625,5,12.0,3.0
2025-03-08 00:00:00+00:00,PEMB,Narberth,Rural Background,10.551416666666666,15.607291666666667,6.674309583333333,5,13.217458333333333,-2.6660416666666666
2025-03-08 00:00:00+00:00,NPT3,Newport,Urban Background,13.217458333333333,21.028125,22.083567083333335,5,12.0,1.217458333333333
2025-03-08 00:00:00+00:00,PT4,Port Talbot Margam,Urban Industrial,10.25,20.732958333333332,7.9826645833333325,5,13.217458333333333,-2.967458333333333
2025-03-08 00:00:00+00:00,SWA1,Swansea Roadside,Urban Traffic,12.0,23.832958333333334,,5,13.217458333333333,-1.217458333333333
2025-03-08 00:00:00+00:00,WREX,Wrexham,Urban Traffic,19.1255,29.430208333333336,21.22183791666667,5,12.0,7.125499999999999
2025-03-09 00:00:00+00:00,CARD,Cardiff Centre,Urban Background,,,,6,21.105916666666666,
2025-03-09 00:00:00+00:00,CHP,Chepstow A48,Urban Traffic,23.708333333333332,33.77679166666667,28.2404025,5,18.5035,5.204833333333333
2025-03-09 00:00:00+00:00,PEMB,Narberth,Rural Background,18.5035,23.079166666666666,8.065133333333334,5,23.708333333333332,-5.204833333333333
2025-03-09 00:00:00+00:00,NPT3,Newport,Urban Background,24.830125,32.666666666666664,25.12627833333333,5,18.5035,6.326625
2025-03-09 00:00:00+00:00,PT4,Port Talbot Margam,Urban Industrial,14.583333333333334,18.639583333333334,9.019583333333333,5,23.708333333333332,-9.124999999999998
2025-03-09 00:00:00+00:00,SWA1,Swansea Roadside,Urban Traffic,15.708333333333334,26.047208333333334,,5,23.708333333333332,-7.999999999999998
2025-03-09 00:00:00+00:00,WREX,Wrexham,Urban Traffic,31.427916666666665,41.405208333333334,28.272367916666667,5,18.5035,12.924416666666666
2025-03-10 00:00:00+00:00,CARD,Cardiff Centre,Urban Background,,,,6,36.73154166666667,
2025-03-10 00:00:00+00:00,CHP,Chepstow A48,Urban Traffic,44.166666666666664,55.677249999999994,27.022459583333333,5,34.25,9.916666666666664
2025-03-10 00:00:00+00:00,PEMB,Narberth,Rural Background,31.903499999999998,38.05625,9.315837499999999,5,39.21308333333334,-7.3095833333333395
2025-03-10 00:00:00+00:00,NPT3,Newport,Urban Background,47.05408333333333,58.2125,22.10583708333333,5,34.25,12.804083333333331
2025-03-10 00:00:00+00:00,PT4,Port Talbot Margam,Urban Industrial,34.25,42.754416666666664,16.770834166666667,5,39.21308333333334,-4.963083333333337
2025-03-10 00:00:00+00:00,SWA1,Swansea Roadside,Urban Traffic,29.916666666666668,40.54016666666667,,5,39.21308333333334,-9.29641666666667
2025-03-10 00:00:00+00:00,WREX,Wrexham,Urban Traffic,39.21308333333334,51.68333333333334,30.804872916666667,5,34.25,4.963083333333337
2025-03-11 00:00:00+00:00,CARD,Cardiff Centre,Urban Background,,,,6,9.2204375,
2025-03-11 00:00:00+00:00,CHP,Chepstow A48,Urban Traffic,8.666666666666666,21.618750000000002,18.551154166666667,5,9.416666666666666,-0.75
2025-03-11 00:00:00+00:00,PEMB,Narberth,Rural Background,12.255416666666667,16.780208333333334,4.177123333333333,5,9.024208333333332,3.231208333333335
2025-03-11 00:00:00+00:00,NPT3,Newport,Urban Background,9.024208333333332,15.842708333333334,13.278124166666666,5,9.416666666666666,-0.3924583333333338
2025-03-11 00:00:00+00:00,PT4,Port Talbot Margam,Urban Industrial,9.416666666666666,16.828041666666667,7.231714583333333,5,9.024208333333332,0.3924583333333338
2025-03-11 00:00:00+00:00,SWA1,Swansea Roadside,Urban Traffic,10.166666666666666,18.398041666666668,,5,9.024208333333332,1.1424583333333338
2025-03-11 00:00:00+00:00,WREX,Wrexham,Urban Traffic,5.18875,12.85,15.657850434782608,5,9.416666666666666,-4.227916666666666
2025-03-12 00:00:00+00:00,CARD,Cardiff Centre,Urban Background,,,,6,3.988666666666667,
2025-03-12 00:00:00+00:00,CHP,Chepstow A48,Urban Traffic,6.541666666666667,13.929375,21.934506666666667,5,3.7273333333333336,2.8143333333333334
2025-03-12 00:00:00+00:00,PEMB,Narberth,Rural Background,2.465666666666667,5.30625,3.019390434782609,5,4.25,-1.784333333333333
2025-03-12 00:00:00+00:00,NPT3,Newport,Urban Background,3.7273333333333336,8.13125,18.461244583333333,5,4.25,-0.5226666666666664
2025-03-12 00:00:00+00:00,PT4,Port Talbot Margam,Urban Industrial,4.25,7.44775,13.796151666666667,5,3.7273333333333336,0.5226666666666664
2025-03-12 00:00:00+00:00,SWA1,Swansea Roadside,Urban Traffic,4.958333333333333,10.265791666666667,,5,3.7273333333333336,1.2309999999999994
2025-03-12 00:00:00+00:00,WREX,Wrexham,Urban Traffic,2.5540833333333333,5.964583333333334,15.077965416666666,5,4.25,-1.6959166666666667
2025-03-13 00:00:00+00:00,CARD,Cardiff Centre,Urban Background,,,,6,3.625,
2025-03-13 00:00:00+00:00,CHP,Chepstow A48,Urban Traffic,8.791666666666666,14.170875,17.7128325,5,2.9166666666666665,5.875
2025-03-13 00:00:00+00:00,PEMB,Narberth,Rural Background,2.5275833333333333,4.788541666666666,4.094457916666667,5,4.333333333333333,-1.8057499999999997
2025-03-13 00:00:00+00:00,NPT3,Newport,Urban Background,4.8300833333333335,8.997916666666667,16.060484166666665,5,2.9166666666666665,1.913416666666667
2025-03-13 00:00:00+00:00,PT4,Port Talbot Margam,Urban Industrial,4.333333333333333,6.964666666666667,10.06207,5,2.9166666666666665,1.4166666666666665
2025-03-13 00:00:00+00:00,SWA1,Swansea Roadside,Urban Traffic,2.9166666666666665,10.064583333333333,,5,4.333333333333333,-1.4166666666666665
2025-03-13 00:00:00+00:00,WREX,Wrexham,Urban Traffic,2.767208333333333,6.8999999999999995,13.48749125,5,4.333333333333333,-1.566125
2025-03-14 00:00:00+00:00,CARD,Cardiff Centre,Urban Background,,,,6,9.681625,
2025-03-14 00:00:00+00:00,CHP,Chepstow A48,Urban Traffic,11.708333333333334,21.135625,25.860821304347827,5,8.321583333333333,3.386750000000001
2025-03-14 00:00:00+00:00,PEMB,Narberth,Rural Background,5.578875,9.80625,5.396871666666667,5,11.041666666666666,-5.462791666666666
2025-03-14 00:00:00+00:00,NPT3,Newport,Urban Background,8.321583333333333,14.454166666666666,21.85456125,5,11.041666666666666,-2.720083333333333
2025-03-14 00:00:00+00:00,PT4,Port Talbot Margam,Urban Industrial,11.041666666666666,15.056666666666667,15.39168875,5,8.321583333333333,2.720083333333333
2025-03-14 00:00:00+00:00,SWA1,Swansea Roadside,Urban Traffic,11.083333333333334,19.404458333333334,,5,8.321583333333333,2.761750000000001
2025-03-14 00:00:00+00:00,WREX,Wrexham,Urban Traffic,5.385208333333334,12.448958333333332,24.266310833333335,5,11.041666666666666,-5.656458333333332
2025-03-15 00:00:00+00:00,CARD,Cardiff Centre,Urban Background,,,,6,7.140151515151516,
2025-03-15 00:00:00+00:00,CHP,Chepstow A48,Urban Traffic,8.5,16.989083333333333,18.770151666666667,5,6.863636363636363,1.6363636363636367
2025-03-15 00:00:00+00:00,PEMB,Narberth,Rural Background,4.171583333333333,5.747916666666666,3.896036666666667,5,7.416666666666667,-3.2450833333333335
2025-03-15 00:00:00+00:00,NPT3,Newport,Urban Background,7.554125,11.369791666666666,17.356727083333332,5,6.863636363636363,0.6904886363636367
2025-03-15 00:00:00+00:00,PT4,Port Talbot Margam,Urban Industrial,7.416666666666667,9.702083333333333,10.838214166666667,5,6.863636363636363,0.5530303030303036
2025-03-15 00:00:00+00:00,SWA1,Swansea Roadside,Urban Traffic,6.863636363636363,11.272291666666668,,5,7.416666666666667,-0.5530303030303036
2025-03-15 00:00:00+00:00,WREX,Wrexham,Urban Traffic,5.109125,9.969791666666667,20.67906875,5,7.416666666666667,-2.3075416666666673
2025-03-16 00:00:00+00:00,CARD,Cardiff Centre,Urban Background,,,,6,7.520833333333333,
2025-03-16 00:00:00+00:00,CHP,Chepstow A48,Urban Traffic,8.291666666666666,14.251333333333333,16.395161304347827,5,6.75,1.541666666666666
2025-03-16 00:00:00+00:00,PEMB,Narberth,Rural Background,6.32275,8.751041666666667,4.8536624999999995,5,8.291666666666666,-1.968916666666666
2025-03-16 00:00:00+00:00,NPT3,Newport,Urban Background,8.53875,11.985416666666666,16.671740416666665,5,6.75,1.7887500000000003
2025-03-16 00:00:00+00:00,PT4,Port Talbot Margam,Urban Industrial,6.75,9.782833333333334,10.624929166666666,5,8.291666666666666,-1.541666666666666
2025-03-16 00:00:00+00:00,SWA1,Swansea Roadside,Urban Traffic,9.208333333333334,13.969666666666667,,5,6.75,2.458333333333334
2025-03-16 00:00:00+00:00,WREX,Wrexham,Urban Traffic,5.951249999999999,10.078125,17.211871249999998,5,8.291666666666666,-2.340416666666667
2025-03-17 00:00:00+00:00,CARD,Cardiff Centre,Urban Background,,,,6,6.098645833333334,
2025-03-17 00:00:00+00:00,CHP,Chepstow A48,Urban Traffic,7.166666666666667,18.800625,18.0674825,5,5.9472916666666675,1.2193749999999994
2025-03-17 00:00:00+00:00,PEMB,Narberth,Rural Background,4.756291666666667,7.235416666666667,4.15449375,5,6.25,-1.4937083333333332
2025-03-17 00:00:00+00:00,NPT3,Newport,Urban Background,5.9472916666666675,10.796875,11.747587916666667,5,6.25,-0.30270833333333247
2025-03-17 00:00:00+00:00,PT4,Port Talbot Margam,Urban Industrial,4.625,9.823083333333333,7.8480783333333335,5,6.25,-1.625
2025-03-17 00:00:00+00:00,SWA1,Swansea Roadside,Urban Traffic,6.25,13.44625,,5,5.9472916666666675,0.30270833333333247
2025-03-17 00:00:00+00:00,WREX,Wrexham,Urban Traffic,8.230208333333334,17.701041666666665,16.973165416666667,5,5.9472916666666675,2.282916666666666
2025-03-18 00:00:00+00:00,CARD,Cardiff Centre,Urban Background,,,,6,12.651875,
2025-03-18 00:00:00+00:00,CHP,Chepstow A48,Urban Traffic,12.875,27.375708333333336,21.977522083333337,5,12.62775,0.2472499999999993
2025-03-18 00:00:00+00:00,PEMB,Narberth,Rural Background,14.100958333333333,26.7,7.309503333333333,5,12.62775,1.4732083333333321
2025-03-18 00:00:00+00:00,NPT3,Newport,Urban Background,12.676,22.175,19.886544166666667,5,12.62775,0.04824999999999946
2025-03-18 00:00:00+00:00,PT4,Port Talbot Margam,Urban Industrial,12.25,21.014916666666668,10.747974583333333,5,12.676,-0.42600000000000016
2025-03-18 00:00:00+00:00,SWA1,Swansea Roadside,Urban Traffic,11.625,27.415875,,5,12.676,-1.0510000000000002
2025-03-18 00:00:00+00:00,WREX,Wrexham,Urban Traffic,12.62775,24.613541666666666,18.335095,5,12.676,-0.04824999999999946
2025-03-19 00:00:00+00:00,CARD,Cardiff Centre,Urban Background,,,,6,23.249011857707508,
2025-03-19 00:00:00+00:00,CHP,Chepstow A48,Urban Traffic,24.454545454545453,,34.499637916666664,5,22.043478260869566,2.411067193675887
2025-03-19 00:00:00+00:00,PEMB,Narberth,Rural Background,21.166625,31.265625,13.690553333333334,5,24.454545454545453,-3.2879204545454535
2025-03-19 00:00:00+00:00,NPT3,Newport,Urban Background,24.930291666666665,37.65833333333334,27.16202791666667,5,22.043478260869566,2.886813405797099
2025-03-19 00:00:00+00:00,PT4,Port Talbot Margam,Urban Industrial,20.26086956521739,29.61617391304348,19.15108590909091,5,24.454545454545453,-4.193675889328063
2025-03-19 00:00:00+00:00,SWA1,Swansea Roadside,Urban Traffic,22.043478260869566,37.55578260869565,,5,24.454545454545453,-2.411067193675887
2025-03-19 00:00:00+00:00,WREX,Wrexham,Urban Traffic,26.42695833333333,42.834375,31.536209166666666,5,22.043478260869566,4.383480072463765
2025-03-20 00:00:00+00:00,CARD,Cardiff Centre,Urban Background,,,,6,13.791666666666666,
2025-03-20 00:00:00+00:00,CHP,Chepstow A48,Urban Traffic,13.916666666666666,,31.268893333333335,5,13.666666666666666,0.25
2025-03-20 00:00:00+00:00,PEMB,Narberth,Rural Background,13.595833333333333,27.621875,11.04460375,5,13.916666666666666,-0.32083333333333286
2025-03-20 00:00:00+00:00,NPT3,Newport,Urban Background,17.084416666666666,27.118750000000002,18.929470416666668,5,13.666666666666666,3.41775
2025-03-20 00:00:00+00:00,PT4,Port Talbot Margam,Urban Industrial,8.625,17.512416666666667,8.056140833333332,5,13.916666666666666,-5.291666666666666
2025-03-20 00:00:00+00:00,SWA1,Swansea Roadside,Urban Traffic,13.666666666666666,26.127666666666666,,5,13.916666666666666,-0.25
2025-03-20 00:00:00+00:00,WREX,Wrexham,Urban Traffic,22.547208333333334,36.33125,25.488334166666665,5,13.666666666666666,8.880541666666668
2025-03-21 00:00:00+00:00,CARD,Cardiff Centre,Urban Background,,,,6,13.638833333333332,
2025-03-21 00:00:00+00:00,CHP,Chepstow A48,Urban Traffic,13.916666666666666,,27.332085217391306,5,13.360999999999999,0.5556666666666672
2025-03-21 00:00:00+00:00,PEMB,Narberth,Rural Background,13.360999999999999,23.610416666666666,9.527092083333333,5,13.916666666666666,-0.5556666666666672
2025-03-21 00:00:00+00:00,NPT3,Newport,Urban Background,14.204125,30.527083333333334,20.077629583333334,5,13.360999999999999,0.8431250000000006
2025-03-21 00:00:00+00:00,PT4,Port Talbot Margam,Urban Industrial,11.708333333333334,19.565583333333333,8.421285,5,13.916666666666666,-2.208333333333332
2025-03-21 00:00:00+00:00,SWA1,Swansea Roadside,Urban Traffic,11.458333333333334,26.127583333333334,,5,13.916666666666666,-2.458333333333332
2025-03-21 00:00:00+00:00,WREX,Wrexham,Urban Traffic,21.213791666666665,36.626041666666666,22.585830833333333,5,13.360999999999999,7.852791666666667
2025-03-22 00:00:00+00:00,CARD,Cardiff Centre,Urban Background,,,,6,10.708333333333332,
2025-03-22 00:00:00+00:00,CHP,Chepstow A48,Urban Traffic,10.75,21.417291666666667,21.187242916666666,5,10.666666666666666,0.08333333333333393
2025-03-22 00:00:00+00:00,PEMB,Narberth,Rural Background,7.426416666666667,12.385416666666666,6.667150833333333,5,10.75,-3.3235833333333327
2025-03-22 00:00:00+00:00,NPT3,Newport,Urban Background,12.927541666666668,23.605208333333334,19.541387083333333,5,10.666666666666666,2.260875000000002
2025-03-22 00:00:00+00:00,PT4,Port Talbot Margam,Urban Industrial,9.652173913043478,13.526833333333334,5.837291666666666,5,10.75,-1.0978260869565215
2025-03-22 00:00:00+00:00,SWA1,Swansea Roadside,Urban Traffic,10.666666666666666,19.847333333333335,,5,10.75,-0.08333333333333393
2025-03-22 00:00:00+00:00,WREX,Wrexham,Urban Traffic,14.138333333333334,25.864583333333332,17.5446475,5,10.666666666666666,3.4716666666666676
2025-03-23 00:00:00+00:00,CARD,Cardiff Centre,Urban Background,,,,6,13.616395833333332,
2025-03-23 00:00:00+00:00,CHP,Chepstow A48,Urban Traffic,14.791666666666666,22.58491666666667,16.015425,5,12.441125,2.3505416666666665
2025-03-23 00:00:00+00:00,PEMB,Narberth,Rural Background,12.441125,19.608333333333334,2.9433070833333335,5,14.791666666666666,-2.3505416666666665
2025-03-23 00:00:00+00:00,NPT3,Newport,Urban Background,16.291375,22.23229166666667,11.561357083333334,5,12.441125,3.850249999999999
2025-03-23 00:00:00+00:00,PT4,Port Talbot Margam,Urban Industrial,12.25,14.573625,3.9335375,5,14.791666666666666,-2.541666666666666
2025-03-23 00:00:00+00:00,SWA1,Swansea Roadside,Urban Traffic,11.541666666666666,15.942291666666668,,5,14.791666666666666,-3.25
2025-03-23 00:00:00+00:00,WREX,Wrexham,Urban Traffic,19.233625,25.184375,15.141715,5,12.441125,6.7925
2025-03-24 00:00:00+00:00,CARD,Cardiff Centre,Urban Background,,,,6,27.3911875,
2025-03-24 00:00:00+00:00,CHP,Chepstow A48,Urban Traffic,31.625,51.651624999999996,29.835313333333332,5,26.615708333333334,5.009291666666666
2025-03-24 00:00:00+00:00,PEMB,Narberth,Rural Background,19.323083333333333,27.318749999999998,5.535927916666666,5,28.166666666666668,-8.843583333333335
2025-03-24 00:00:00+00:00,NPT3,Newport,Urban Background,35.890458333333335,48.896875,18.860657083333333,5,26.615708333333334,9.274750000000001
2025-03-24 00:00:00+00:00,PT4,Port Talbot Margam,Urban Industrial,28.166666666666668,47.464499999999994,14.628716086956521,5,26.615708333333334,1.5509583333333339
2025-03-24 00:00:00+00:00,SWA1,Swansea Roadside,Urban Traffic,25.541666666666668,40.338791666666665,,5,28.166666666666668,-2.625
2025-03-24 00:00:00+00:00,WREX,Wrexham,Urban Traffic,26.615708333333334,36.93020833333333,30.843237916666666,5,28.166666666666668,-1.5509583333333339
2025-03-25 00:00:00+00:00,CARD,Cardiff Centre,Urban Background,,,,6,11.75,
2025-03-25 00:00:00+00:00,CHP,Chepstow A48,Urban Traffic,14.666666666666666,31.280666666666665,36.72263125,5,10.333333333333334,4.333333333333332
2025-03-25 00:00:00+00:00,PEMB,Narberth,Rural Background,3.496375,5.5062500000000005,5.100491666666667,5,13.166666666666666,-9.670291666666666
2025-03-25 00:00:00+00:00,NPT3,Newport,Urban Background,13.433708333333334,21.03125,21.776295,5,10.333333333333334,3.1003749999999997
2025-03-25 00:00:00+00:00,PT4,Port Talbot Margam,Urban Industrial,10.333333333333334,17.995458333333335,10.868487083333333,5,13.166666666666666,-2.833333333333332
2025-03-25 00:00:00+00:00,SWA1,Swansea Roadside,Urban Traffic,13.166666666666666,24.114875,,5,10.333333333333334,2.833333333333332
2025-03-25 00:00:00+00:00,WREX,Wrexham,Urban Traffic,5.664375,9.205208333333333,15.474580416666667,5,13.166666666666666,-7.502291666666666
2025-03-26 00:00:00+00:00,CARD,Cardiff Centre,Urban Background,,,,6,7.792583333333333,
2025-03-26 00:00:00+00:00,CHP,Chepstow A48,Urban Traffic,7.125,17.955125,30.318820416666668,5,8.460166666666666,-1.335166666666666
2025-03-26 00:00:00+00:00,PEMB,Narberth,Rural Background,5.289958333333334,11.961458333333333,3.57909875,5,8.460166666666666,-3.170208333333332
2025-03-26 00:00:00+00:00,NPT3,Newport,Urban Background,8.460166666666666,16.635416666666668,16.6374825,5,7.125,1.335166666666666
2025-03-26 00:00:00+00:00,PT4,Port Talbot Margam,Urban Industrial,8.652173913043478,19.082333333333334,12.601510833333334,5,7.125,1.5271739130434785
2025-03-26 00:00:00+00:00,SWA1,Swansea Roadside,Urban Traffic,8.583333333333334,13.929375,,5,7.125,1.458333333333334
2025-03-26 00:00:00+00:00,WREX,Wrexham,Urban Traffic,5.829458333333334,10.242708333333335,15.969334583333334,5,8.460166666666666,-2.630708333333332
2025-03-27 00:00:00+00:00,CARD,Cardiff Centre,Urban Background,,,,6,3.011354166666667,
2025-03-27 00:00:00+00:00,CHP,Chepstow A48,Urban Traffic,4.75,13.406125000000001,28.898934999999998,5,3.0,1.75
2025-03-27 00:00:00+00:00,PEMB,Narberth,Rural Background,0.917875,1.7125000000000001,2.352735,5,3.0227083333333336,-2.1048333333333336
2025-03-27 00:00:00+00:00,NPT3,Newport,Urban Background,3.0227083333333336,6.407291666666667,9.238965,5,3.0,0.022708333333333552
2025-03-27 00:00:00+00:00,PT4,Port Talbot Margam,Urban Industrial,3.0,5.032291666666667,6.988757083333334,5,3.0227083333333336,-0.022708333333333552
2025-03-27 00:00:00+00:00,SWA1,Swansea Roadside,Urban Traffic,3.5416666666666665,5.555583333333334,,5,3.0,0.5416666666666665
2025-03-27 00:00:00+00:00,WREX,Wrexham,Urban Traffic,1.15075,3.6364583333333336,6.64396875,5,3.0227083333333336,-1.8719583333333336
2025-03-28 00:00:00+00:00,CARD,Cardiff Centre,Urban Background,,,,6,4.984854166666667,
2025-03-28 00:00:00+00:00,CHP,Chepstow A48,Urban Traffic,4.916666666666667,17.753875,28.633065217391305,5,5.053041666666666,-0.13637499999999925
2025-03-28 00:00:00+00:00,PEMB,Narberth,Rural Background,5.053041666666666,11.230208333333332,1.6524266666666667,5,4.916666666666667,0.13637499999999925
2025-03-28 00:00:00+00:00,NPT3,Newport,Urban Background,3.8335833333333333,8.395833333333334,7.616779166666667,5,5.053041666666666,-1.2194583333333329
2025-03-28 00:00:00+00:00,PT4,Port Talbot Margam,Urban Industrial,5.375,15.378666666666668,11.149167083333333,5,4.916666666666667,0.45833333333333304
2025-03-28 00:00:00+00:00,SWA1,Swansea Roadside,Urban Traffic,5.125,16.425375,,5,4.916666666666667,0.20833333333333304
2025-03-28 00:00:00+00:00,WREX,Wrexham,Urban Traffic,3.3589583333333333,6.867708333333333,4.667267083333333,5,5.053041666666666,-1.694083333333333
2025-03-29 00:00:00+00:00,CARD,Cardiff Centre,Urban Background,,,,6,4.2983822463768115,
2025-03-29 00:00:00+00:00,CHP,Chepstow A48,Urban Traffic,6.5,16.425416666666667,23.69630375,5,4.292416666666667,2.207583333333333
2025-03-29 00:00:00+00:00,PEMB,Narberth,Rural Background,4.279625,9.548958333333333,1.6903991666666667,5,4.304347826086956,-0.024722826086955862
2025-03-29 00:00:00+00:00,NPT3,Newport,Urban Background,4.292416666666667,9.246875000000001,9.507530833333332,5,4.304347826086956,-0.011931159420289106
2025-03-29 00:00:00+00:00,PT4,Port Talbot Margam,Urban Industrial,4.304347826086956,10.748916666666666,8.07322875,5,4.292416666666667,0.011931159420289106
2025-03-29 00:00:00+00:00,SWA1,Swansea Roadside,Urban Traffic,5.958333333333333,14.412458333333333,,5,4.292416666666667,1.665916666666666
2025-03-29 00:00:00+00:00,WREX,Wrexham,Urban Traffic,4.104833333333334,8.231250000000001,4.309003333333333,5,4.304347826086956,-0.19951449275362254
2025-03-30 00:00:00+00:00,CARD,Cardiff Centre,Urban Background,,,,6,8.936791666666668,
2025-03-30 00:00:00+00:00,CHP,Chepstow A48,Urban Traffic,8.75,18.720166666666668,18.876409583333334,5,8.958333333333334,-0.20833333333333393
2025-03-30 00:00:00+00:00,PEMB,Narberth,Rural Background,10.32525,20.329166666666666,1.6962662499999999,5,8.91525,1.4100000000000001
2025-03-30 00:00:00+00:00,NPT3,Newport,Urban Background,7.389916666666667,14.0,6.865839166666667,5,8.958333333333334,-1.5684166666666668
2025-03-30 00:00:00+00:00,PT4,Port Talbot Margam,Urban Industrial,9.458333333333334,19.122625,4.5280175,5,8.91525,0.5430833333333336
2025-03-30 00:00:00+00:00,SWA1,Swansea Roadside,Urban Traffic,8.958333333333334,22.021291666666666,,5,8.91525,0.043083333333333584
2025-03-30 00:00:00+00:00,WREX,Wrexham,Urban Traffic,8.91525,16.997916666666665,8.22648,5,8.958333333333334,-0.043083333333333584
2025-03-31 00:00:00+00:00,CARD,Cardiff Centre,Urban Background,,,,6,8.314729166666666,
2025-03-31 00:00:00+00:00,CHP,Chepstow A48,Urban Traffic,9.25,22.222458333333336,26.59476375,5,8.216458333333334,1.0335416666666664
2025-03-31 00:00:00+00:00,PEMB,Narberth,Rural Background,7.8096250000000005,15.195833333333333,4.129205416666667,5,8.413,-0.6033749999999998
2025-03-31 00:00:00+00:00,NPT3,Newport,Urban Background,8.216458333333334,16.754166666666666,15.197706521739129,5,8.413,-0.19654166666666661
2025-03-31 00:00:00+00:00,PT4,Port Talbot Margam,Urban Industrial,8.0,17.794291666666666,13.824604166666667,5,8.413,-0.41300000000000026
2025-03-31 00:00:00+00:00,SWA1,Swansea Roadside,Urban Traffic,8.833333333333334,24.477083333333336,,5,8.216458333333334,0.6168750000000003
2025-03-31 00:00:00+00:00,WREX,Wrexham,Urban Traffic,8.413,17.838541666666668,23.46420375,5,8.216458333333334,0.19654166666666661
2025-04-01 00:00:00+00:00,CARD,Cardiff Centre,Urban Background,,,,6,9.1239375,
2025-04-01 00:00:00+00:00,CHP,Chepstow A48,Urban Traffic,11.727272727272727,20.41617391304348,16.137055,5,8.664541666666667,3.06273106060606
2025-04-01 00:00:00+00:00,PEMB,Narberth,Rural Background,8.664541666666667,17.011458333333334,6.081925833333333,5,9.583333333333334,-0.9187916666666673
2025-04-01 00:00:00+00:00,NPT3,Newport,Urban Background,8.491666666666667,16.160416666666666,14.303908333333332,5,9.583333333333334,-1.0916666666666668
2025-04-01 00:00:00+00:00,PT4,Port Talbot Margam,Urban Industrial,10.041666666666666,18.639541666666666,6.573732083333333,5,8.664541666666667,1.3771249999999995
2025-04-01 00:00:00+00:00,SWA1,Swansea Roadside,Urban Traffic,9.583333333333334,21.940875000000002,,5,8.664541666666667,0.9187916666666673
2025-04-01 00:00:00+00:00,WREX,Wrexham,Urban Traffic,7.622791666666667,15.915625,17.460762499999998,5,9.583333333333334,-1.9605416666666668
2025-04-02 00:00:00+00:00,CARD,Cardiff Centre,Urban Background,,,,6,9.382541666666667,
2025-04-02 00:00:00+00:00,CHP,Chepstow A48,Urban Traffic,10.166666666666666,19.968083333333336,16.183782083333334,5,9.05675,1.1099166666666669
2025-04-02 00:00:00+00:00,PEMB,Narberth,Rural Background,8.035583333333333,12.903125000000001,5.457677916666667,5,9.708333333333334,-1.6727500000000006
2025-04-02 00:00:00+00:00,NPT3,Newport,Urban Background,9.05675,17.164583333333333,11.754172083333332,5,9.708333333333334,-0.6515833333333347
2025-04-02 00:00:00+00:00,PT4,Port Talbot Margam,Urban Industrial,9.954545454545455,14.053772727272728,4.755588636363637,5,9.05675,0.8977954545454558
2025-04-02 00:00:00+00:00,SWA1,Swansea Roadside,Urban Traffic,9.708333333333334,18.800625,,5,9.05675,0.6515833333333347
2025-04-02 00:00:00+00:00,WREX,Wrexham,Urban Traffic,8.128916666666667,17.290625000000002,20.52295375,5,9.708333333333334,-1.579416666666667
2025-04-03 00:00:00+00:00,CARD,Cardiff Centre,Urban Background,,,,6,14.540760869565219,
2025-04-03 00:00:00+00:00,CHP,Chepstow A48,Urban Traffic,15.125,27.21466666666667,20.523035833333335,5,13.956521739130435,1.1684782608695645
2025-04-03 00:00:00+00:00,PEMB,Narberth,Rural Background,12.459833333333334,19.060416666666665,6.551100416666667,5,15.125,-2.665166666666666
2025-04-03 00:00:00+00:00,NPT3,Newport,Urban Background,16.206916666666668,27.0125,17.375993333333334,5,13.956521739130435,2.2503949275362327
2025-04-03 00:00:00+00:00,PT4,Port Talbot Margam,Urban Industrial,13.083333333333334,21.216041666666666,6.9677074999999995,5,15.125,-2.041666666666666
2025-04-03 00:00:00+00:00,SWA1,Swansea Roadside,Urban Traffic,13.956521739130435,24.86917391304348,,5,15.125,-1.1684782608695645
2025-04-03 00:00:00+00:00,WREX,Wrexham,Urban Traffic,20.061041666666664,31.589583333333334,20.488926666666668,5,13.956521739130435,6.104519927536229
2025-04-04 00:00:00+00:00,CARD,Cardiff Centre,Urban Background,,,,6,16.041666666666668,
2025-04-04 00:00:00+00:00,CHP,Chepstow A48,Urban Traffic,18.166666666666668,34.219625,24.416095217391305,5,13.916666666666666,4.250000000000002
2025-04-04 00:00:00+00:00,PEMB,Narberth,Rural Background,13.57725,18.510416666666668,7.510577916666667,5,18.166666666666668,-4.5894166666666685
2025-04-04 00:00:00+00:00,NPT3,Newport,Urban Background,21.726708333333335,32.68333333333333,19.34745125,5,13.916666666666666,7.8100416666666685
2025-04-04 00:00:00+00:00,PT4,Port Talbot Margam,Urban Industrial,13.125,19.605791666666665,8.436702916666666,5,18.166666666666668,-5.041666666666668
2025-04-04 00:00:00+00:00,SWA1,Swansea Roadside,Urban Traffic,13.916666666666666,22.464125,,5,18.166666666666668,-4.250000000000002
2025-04-04 00:00:00+00:00,WREX,Wrexham,Urban Traffic,20.350916666666667,34.62708333333333,22.643334999999997,5,13.916666666666666,6.4342500000000005
2025-04-05 00:00:00+00:00,CARD,Cardiff Centre,Urban Background,,,,6,7.875,
2025-04-05 00:00:00+00:00,CHP,Chepstow A48,Urban Traffic,7.875,19.364250000000002,13.15925875,5,7.875,0.0
2025-04-05 00:00:00+00:00,PEMB,Narberth,Rural Background,6.332583333333333,10.190624999999999,4.54331875,5,7.875,-1.542416666666667
2025-04-05 00:00:00+00:00,NPT3,Newport,Urban Background,7.568791666666667,13.706249999999999,7.757015416666667,5,7.875,-0.3062083333333332
2025-04-05 00:00:00+00:00,PT4,Port Talbot Margam,Urban Industrial,9.833333333333334,16.908416666666668,3.5145316666666666,5,7.875,1.958333333333334
2025-04-05 00:00:00+00:00,SWA1,Swansea Roadside,Urban Traffic,7.875,15.861791666666667,,5,7.875,0.0
2025-04-05 00:00:00+00:00,WREX,Wrexham,Urban Traffic,8.526,17.5625,15.461760416666666,5,7.875,0.6509999999999998
2025-04-06 00:00:00+00:00,CARD,Cardiff Centre,Urban Background,,,,6,5.854166666666667,
2025-04-06 00:00:00+00:00,CHP,Chepstow A48,Urban Traffic,5.916666666666667,15.781333333333334,16.618407083333334,5,5.791666666666667,0.125
2025-04-06 00:00:00+00:00,PEMB,Narberth,Rural Background,5.653416666666666,10.231250000000001,5.071362916666667,5,5.916666666666667,-0.2632500000000011
2025-04-06 00:00:00+00:00,NPT3,Newport,Urban Background,5.504166666666666,10.828125,10.394697916666667,5,5.916666666666667,-0.41250000000000053
2025-04-06 00:00:00+00:00,PT4,Port Talbot Margam,Urban Industrial,5.791666666666667,11.312624999999999,3.842726666666666,5,5.916666666666667,-0.125
2025-04-06 00:00:00+00:00,SWA1,Swansea Roadside,Urban Traffic,7.958333333333333,16.385208333333335,,5,5.791666666666667,2.166666666666666
2025-04-06 00:00:00+00:00,WREX,Wrexham,Urban Traffic,6.651041666666667,13.785416666666668,12.251052916666666,5,5.791666666666667,0.859375
2025-04-07 00:00:00+00:00,CARD,Cardiff Centre,Urban Background,,,,6,8.477895833333333,
2025-04-07 00:00:00+00:00,CHP,Chepstow A48,Urban Traffic,8.041666666666666,18.760458333333332,25.756955652173914,5,8.914125,-0.8724583333333342
2025-04-07 00:00:00+00:00,PEMB,Narberth,Rural Background,8.914125,22.539583333333336,6.633656666666667,5,8.041666666666666,0.8724583333333342
2025-04-07 00:00:00+00:00,NPT3,Newport,Urban Background,7.43425,14.808333333333332,16.96829375,5,8.914125,-1.4798750000000007
2025-04-07 00:00:00+00:00,PT4,Port Talbot Margam,Urban Industrial,8.958333333333334,13.486416666666665,9.699836249999999,5,8.041666666666666,0.9166666666666679
2025-04-07 00:00:00+00:00,SWA1,Swansea Roadside,Urban Traffic,9.958333333333334,20.169375,,5,8.041666666666666,1.9166666666666679
2025-04-07 00:00:00+00:00,WREX,Wrexham,Urban Traffic,7.325125,17.04375,18.369383333333335,5,8.914125,-1.5890000000000004
2025-04-08 00:00:00+00:00,CARD,Cardiff Centre,Urban Background,,,,6,12.556041666666665,
2025-04-08 00:00:00+00:00,CHP,Chepstow A48,Urban Traffic,10.958333333333334,21.176,26.326509565217393,5,13.237083333333333,-2.2787499999999987
2025-04-08 00:00:00+00:00,PEMB,Narberth,Rural Background,13.237083333333333,21.311458333333334,7.3297675,5,11.875,1.3620833333333326
2025-04-08 00:00:00+00:00,NPT3,Newport,Urban Background,10.748958333333334,20.805208333333333,21.765703333333335,5,13.237083333333333,-2.4881249999999984
2025-04-08 00:00:00+00:00,PT4,Port Talbot Margam,Urban Industrial,11.875,25.241958333333333,17.22616916666667,5,13.237083333333333,-1.3620833333333326
2025-04-08 00:00:00+00:00,SWA1,Swansea Roadside,Urban Traffic,14.666666666666666,27.617166666666666,,5,11.875,2.791666666666666
2025-04-08 00:00:00+00:00,WREX,Wrexham,Urban Traffic,13.241083333333334,24.751041666666666,,5,11.875,1.366083333333334
2025-04-09 00:00:00+00:00,CARD,Cardiff Centre,Urban Background,,,,6,13.75,
2025-04-09 00:00:00+00:00,CHP,Chepstow A48,Urban Traffic,9.875,21.538124999999997,23.05447291666667,5,14.0,-4.125
2025-04-09 00:00:00+00:00,PEMB,Narberth,Rural Background,23.121166666666667,32.61770833333333,8.541626666666668,5,13.5,9.621166666666667
2025-04-09 00:00:00+00:00,NPT3,Newport,Urban Background,12.63375,22.676041666666666,18.15629625,5,14.0,-1.3662500000000009
2025-04-09 00:00:00+00:00,PT4,Port Talbot Margam,Urban Industrial,13.5,28.78475,13.03644625,5,14.0,-0.5
2025-04-09 00:00:00+00:00,SWA1,Swansea Roadside,Urban Traffic,14.0,27.617208333333334,,5,13.5,0.5
2025-04-09 00:00:00+00:00,WREX,Wrexham,Urban Traffic,18.050416666666667,30.131249999999998,24.461040434782607,5,13.5,4.550416666666667
2025-04-10 00:00:00+00:00,CARD,Cardiff Centre,Urban Background,,,,6,14.913125,
2025-04-10 00:00:00+00:00,CHP,Chepstow A48,Urban Traffic,11.791666666666666,22.866625,29.014070833333335,5,15.95125,-4.159583333333334
2025-04-10 00:00:00+00:00,PEMB,Narberth,Rural Background,13.39925,20.194791666666667,6.960828333333333,5,15.95125,-2.5519999999999996
2025-04-10 00:00:00+00:00,NPT3,Newport,Urban Background,15.95125,26.34583333333333,19.49363875,5,13.875,2.07625
2025-04-10 00:00:00+00:00,PT4,Port Talbot Margam,Urban Industrial,13.875,26.167833333333334,12.973170000000001,5,15.95125,-2.07625
2025-04-10 00:00:00+00:00,SWA1,Swansea Roadside,Urban Traffic,16.083333333333332,27.134041666666665,,5,13.875,2.208333333333332
2025-04-10 00:00:00+00:00,WREX,Wrexham,Urban Traffic,17.051125000000003,28.756249999999998,23.867516249999998,5,13.875,3.1761250000000025
2025-04-11 00:00:00+00:00,CARD,Cardiff Centre,Urban Background,,,,6,17.331791666666668,
2025-04-11 00:00:00+00:00,CHP,Chepstow A48,Urban Traffic,12.583333333333334,24.91995833333333,30.926170416666668,5,17.621916666666667,-5.038583333333333
2025-04-11 00:00:00+00:00,PEMB,Narberth,Rural Background,17.624875,27.829166666666666,7.132190416666667,5,17.041666666666668,0.5832083333333316
2025-04-11 00:00:00+00:00,NPT3,Newport,Urban Background,17.621916666666667,29.223958333333332,25.06432875,5,17.041666666666668,0.5802499999999995
2025-04-11 00:00:00+00:00,PT4,Port Talbot Margam,Urban Industrial,17.041666666666668,37.198625,19.7147675,5,17.621916666666667,-0.5802499999999995
2025-04-11 00:00:00+00:00,SWA1,Swansea Roadside,Urban Traffic,20.208333333333332,32.68983333333333,,5,17.041666666666668,3.1666666666666643
2025-04-11 00:00:00+00:00,WREX,Wrexham,Urban Traffic,13.597708333333335,26.797916666666666,29.186141666666668,5,17.621916666666667,-4.024208333333332
2025-04-12 00:00:00+00:00,CARD,Cardiff Centre,Urban Background,,,,6,12.786666666666667,
2025-04-12 00:00:00+00:00,CHP,Chepstow A48,Urban Traffic,12.125,26.36929166666667,36.33252458333333,5,13.24,-1.1150000000000002
2025-04-12 00:00:00+00:00,PEMB,Narberth,Rural Background,11.574208333333333,21.490624999999998,9.46533125,5,13.24,-1.6657916666666672
2025-04-12 00:00:00+00:00,NPT3,Newport,Urban Background,13.24,24.0625,14.194899999999999,5,12.333333333333334,0.9066666666666663
2025-04-12 00:00:00+00:00,PT4,Port Talbot Margam,Urban Industrial,12.333333333333334,21.29670833333333,10.593355833333334,5,13.24,-0.9066666666666663
2025-04-12 00:00:00+00:00,SWA1,Swansea Roadside,Urban Traffic,13.958333333333334,24.436833333333336,,5,12.333333333333334,1.625
2025-04-12 00:00:00+00:00,WREX,Wrexham,Urban Traffic,13.357041666666667,25.527083333333334,16.298375416666666,5,12.333333333333334,1.0237083333333334
2025-04-13 00:00:00+00:00,CARD,Cardiff Centre,Urban Background,,,,6,5.6875,
2025-04-13 00:00:00+00:00,CHP,Chepstow A48,Urban Traffic,7.291666666666667,14.130749999999999,23.9311125,5,5.666666666666667,1.625
2025-04-13 00:00:00+00:00,PEMB,Narberth,Rural Background,3.5004166666666667,7.479166666666667,3.1916508333333335,5,5.708333333333333,-2.2079166666666663
2025-04-13 00:00:00+00:00,NPT3,Newport,Urban Background,6.34825,10.165625,6.496999583333333,5,5.666666666666667,0.6815833333333332
2025-04-13 00:00:00+00:00,PT4,Port Talbot Margam,Urban Industrial,5.666666666666667,12.2385,5.071985416666666,5,5.708333333333333,-0.041666666666666075
2025-04-13 00:00:00+00:00,SWA1,Swansea Roadside,Urban Traffic,5.708333333333333,11.674916666666666,,5,5.666666666666667,0.041666666666666075
2025-04-13 00:00:00+00:00,WREX,Wrexham,Urban Traffic,4.682666666666667,7.670833333333333,6.563429166666666,5,5.708333333333333,-1.025666666666666
2025-04-14 00:00:00+00:00,CARD,Cardiff Centre,Urban Background,,,,6,4.578708333333333,
2025-04-14 00:00:00+00:00,CHP,Chepstow A48,Urban Traffic,4.333333333333333,13.889083333333334,27.91415166666667,5,4.824083333333333,-0.49075000000000024
2025-04-14 00:00:00+00:00,PEMB,Narberth,Rural Background,3.56425,7.578125,2.30816375,5,4.824083333333333,-1.2598333333333334
2025-04-14 00:00:00+00:00,NPT3,Newport,Urban Background,4.824083333333333,13.386458333333332,6.7878091666666664,5,4.333333333333333,0.49075000000000024
2025-04-14 00:00:00+00:00,PT4,Port Talbot Margam,Urban Industrial,4.916666666666667,14.855208333333332,8.964658333333334,5,4.333333333333333,0.5833333333333339
2025-04-14 00:00:00+00:00,SWA1,Swansea Roadside,Urban Traffic,5.125,14.653958333333334,,5,4.333333333333333,0.791666666666667
2025-04-14 00:00:00+00:00,WREX,Wrexham,Urban Traffic,3.825708333333333,8.594791666666667,9.438487916666666,5,4.824083333333333,-0.9983750000000002
2025-04-15 00:00:00+00:00,CARD,Cardiff Centre,Urban Background,,,,6,6.235166666666666,
2025-04-15 00:00:00+00:00,CHP,Chepstow A48,Urban Traffic,7.875,15.298124999999999,23.212893750000003,5,5.5120000000000005,2.3629999999999995
2025-04-15 00:00:00+00:00,PEMB,Narberth,Rural Background,1.5682083333333334,3.3937500000000003,1.21966125,5,6.958333333333333,-5.390124999999999
2025-04-15 00:00:00+00:00,NPT3,Newport,Urban Background,8.006208333333333,12.697916666666666,14.159833749999999,5,5.5120000000000005,2.494208333333333
2025-04-15 00:00:00+00:00,PT4,Port Talbot Margam,Urban Industrial,6.958333333333333,7.326958333333334,13.961299583333334,5,5.5120000000000005,1.4463333333333326
2025-04-15 00:00:00+00:00,SWA1,Swansea Roadside,Urban Traffic,4.25,6.562125000000001,,5,6.958333333333333,-2.708333333333333
2025-04-15 00:00:00+00:00,WREX,Wrexham,Urban Traffic,5.5120000000000005,9.230208333333334,15.812580416666668,5,6.958333333333333,-1.4463333333333326
2025-04-16 00:00:00+00:00,CARD,Cardiff Centre,Urban Background,,,,5,3.380952380952381,
2025-04-16 00:00:00+00:00,CHP,Chepstow A48,Urban Traffic,,14.156956521739131,21.49318227272727,5,3.380952380952381,
2025-04-16 00:00:00+00:00,PEMB,Narberth,Rural Background,2.254375,5.439583333333334,1.14271375,4,3.429434523809524,-1.1750595238095238
2025-04-16 00:00:00+00:00,NPT3,Newport,Urban Background,3.4779166666666668,8.973958333333334,5.08921125,4,3.200372023809524,0.27754464285714286
2025-04-16 00:00:00+00:00,PT4,Port Talbot Margam,Urban Industrial,5.916666666666667,13.244916666666667,4.3663791666666665,4,3.200372023809524,2.716294642857143
2025-04-16 00:00:00+00:00,SWA1,Swansea Roadside,Urban Traffic,3.380952380952381,10.796173913043479,,4,3.248854166666667,0.1320982142857141
2025-04-16 00:00:00+00:00,WREX,Wrexham,Urban Traffic,3.0197916666666664,4.820833333333334,8.853089583333334,4,3.429434523809524,-0.4096428571428574
2025-04-17 00:00:00+00:00,CARD,Cardiff Centre,Urban Background,,,,6,5.22666856060606,
2025-04-17 00:00:00+00:00,CHP,Chepstow A48,Urban Traffic,8.666666666666666,15.781166666666666,35.05998041666667,5,4.4987916666666665,4.1678749999999996
2025-04-17 00:00:00+00:00,PEMB,Narberth,Rural Background,2.994347826086957,7.079695652173913,3.1181877272727276,5,5.954545454545454,-2.960197628458497
2025-04-17 00:00:00+00:00,NPT3,Newport,Urban Background,4.4987916666666665,9.418750000000001,15.378870833333332,5,5.954545454545454,-1.4557537878787876
2025-04-17 00:00:00+00:00,PT4,Port Talbot Margam,Urban Industrial,5.954545454545454,10.214095238095238,8.196485714285714,5,4.4987916666666665,1.4557537878787876
2025-04-17 00:00:00+00:00,SWA1,Swansea Roadside,Urban Traffic,6.375,15.338416666666667,,5,4.4987916666666665,1.8762083333333335
2025-04-17 00:00:00+00:00,WREX,Wrexham,Urban Traffic,4.2560416666666665,9.025,20.69686,5,5.954545454545454,-1.6985037878787876
2025-04-18 00:00:00+00:00,CARD,Cardiff Centre,Urban Background,,,,6,4.965541666666667,
2025-04-18 00:00:00+00:00,CHP,Chepstow A48,Urban Traffic,6.208333333333333,12.842416666666667,20.355265833333334,5,4.666666666666667,1.541666666666666
2025-04-18 00:00:00+00:00,PEMB,Narberth,Rural Background,2.4627083333333335,3.876041666666667,3.7308970833333333,5,5.2644166666666665,-2.801708333333333
2025-04-18 00:00:00+00:00,NPT3,Newport,Urban Background,5.2644166666666665,9.682291666666666,14.437475833333332,5,4.666666666666667,0.5977499999999996
2025-04-18 00:00:00+00:00,PT4,Port Talbot Margam,Urban Industrial,4.666666666666667,7.0855,5.129373333333334,5,5.2644166666666665,-0.5977499999999996
2025-04-18 00:00:00+00:00,SWA1,Swansea Roadside,Urban Traffic,4.666666666666667,8.212708333333333,,5,5.2644166666666665,-0.5977499999999996
2025-04-18 00:00:00+00:00,WREX,Wrexham,Urban Traffic,6.483791666666666,10.273958333333333,14.048246666666666,5,4.666666666666667,1.817124999999999
2025-04-19 00:00:00+00:00,CARD,Cardiff Centre,Urban Background,,,,6,8.75,
2025-04-19 00:00:00+00:00,CHP,Chepstow A48,Urban Traffic,8.791666666666666,16.666916666666665,17.16221583333333,5,8.708333333333334,0.08333333333333215
2025-04-19 00:00:00+00:00,PEMB,Narberth,Rural Background,5.812625000000001,8.066666666666666,4.50988125,5,8.791666666666666,-2.9790416666666655
2025-04-19 00:00:00+00:00,NPT3,Newport,Urban Background,8.804083333333333,13.760416666666666,14.222754583333334,5,8.708333333333334,0.09574999999999889
2025-04-19 00:00:00+00:00,PT4,Port Talbot Margam,Urban Industrial,8.708333333333334,10.749,5.8840329166666665,5,8.791666666666666,-0.08333333333333215
2025-04-19 00:00:00+00:00,SWA1,Swansea Roadside,Urban Traffic,7.916666666666667,12.278833333333333,,5,8.791666666666666,-0.8749999999999991
2025-04-19 00:00:00+00:00,WREX,Wrexham,Urban Traffic,11.196958333333333,15.924999999999999,12.401235833333333,5,8.708333333333334,2.488624999999999
2025-04-20 00:00:00+00:00,CARD,Cardiff Centre,Urban Background,,,,6,7.988333333333333,
2025-04-20 00:00:00+00:00,CHP,Chepstow A48,Urban Traffic,8.583333333333334,14.573500000000001,16.15242,5,7.976666666666667,0.6066666666666674
2025-04-20 00:00:00+00:00,PEMB,Narberth,Rural Background,5.90125,8.895833333333334,3.6558320833333333,5,8.0,-2.09875
2025-04-20 00:00:00+00:00,NPT3,Newport,Urban Background,7.976666666666667,11.748958333333334,6.400264166666666,5,8.0,-0.023333333333333428
2025-04-20 00:00:00+00:00,PT4,Port Talbot Margam,Urban Industrial,8.0,13.28525,7.012959583333333,5,7.976666666666667,0.023333333333333428
2025-04-20 00:00:00+00:00,SWA1,Swansea Roadside,Urban Traffic,7.458333333333333,14.372291666666667,,5,8.0,-0.541666666666667
2025-04-20 00:00:00+00:00,WREX,Wrexham,Urban Traffic,10.790083333333333,15.414583333333333,10.623380416666667,5,7.976666666666667,2.813416666666667
2025-04-21 00:00:00+00:00,CARD,Cardiff Centre,Urban Background,,,,6,6.490458333333333,
2025-04-21 00:00:00+00:00,CHP,Chepstow A48,Urban Traffic,7.208333333333333,14.815,23.3737325,5,6.083333333333333,1.125
2025-04-21 00:00:00+00:00,PEMB,Narberth,Rural Background,3.841458333333333,8.503124999999999,2.2463975,5,6.897583333333333,-3.056125
2025-04-21 00:00:00+00:00,NPT3,Newport,Urban Background,6.897583333333333,10.639583333333333,6.3820775,5,6.083333333333333,0.8142500000000004
2025-04-21 00:00:00+00:00,PT4,Port Talbot Margam,Urban Industrial,7.75,14.734541666666667,4.501002083333334,5,6.083333333333333,1.666666666666667
2025-04-21 00:00:00+00:00,SWA1,Swansea Roadside,Urban Traffic,6.083333333333333,12.600875,,5,6.897583333333333,-0.8142500000000004
2025-04-21 00:00:00+00:00,WREX,Wrexham,Urban Traffic,5.999458333333333,9.025,9.647693333333333,5,6.897583333333333,-0.8981250000000003
2025-04-22 00:00:00+00:00,CARD,Cardiff Centre,Urban Background,,,,6,4.926729166666666,
2025-04-22 00:00:00+00:00,CHP,Chepstow A48,Urban Traffic,5.791666666666667,15.942250000000001,21.88736,5,4.875,0.916666666666667
2025-04-22 00:00:00+00:00,PEMB,Narberth,Rural Background,4.541041666666667,9.911458333333334,2.020262916666667,5,4.978458333333333,-0.43741666666666656
2025-04-22 00:00:00+00:00,NPT3,Newport,Urban Background,4.978458333333333,10.863541666666668,6.83862,5,4.875,0.10345833333333321
2025-04-22 00:00:00+00:00,PT4,Port Talbot Margam,Urban Industrial,4.875,16.787708333333335,10.125091249999999,5,4.978458333333333,-0.10345833333333321
2025-04-22 00:00:00+00:00,SWA1,Swansea Roadside,Urban Traffic,6.041666666666667,14.935833333333333,,5,4.875,1.166666666666667
2025-04-22 00:00:00+00:00,WREX,Wrexham,Urban Traffic,4.26975,8.898958333333333,10.27886347826087,5,4.978458333333333,-0.708708333333333
2025-04-23 00:00:00+00:00,CARD,Cardiff Centre,Urban Background,,,,6,4.916666666666667,
2025-04-23 00:00:00+00:00,CHP,Chepstow A48,Urban Traffic,5.75,11.513875,22.983445652173913,5,4.291666666666667,1.458333333333333
2025-04-23 00:00:00+00:00,PEMB,Narberth,Rural Background,2.8842499999999998,7.233333333333333,2.0913779166666666,5,5.541666666666667,-2.657416666666667
2025-04-23 00:00:00+00:00,NPT3,Newport,Urban Background,3.748041666666667,7.001041666666667,12.986323333333333,5,5.541666666666667,-1.793625
2025-04-23 00:00:00+00:00,PT4,Port Talbot Margam,Urban Industrial,4.291666666666667,11.030666666666667,8.378275,5,5.541666666666667,-1.25
2025-04-23 00:00:00+00:00,SWA1,Swansea Roadside,Urban Traffic,5.541666666666667,11.393125,,5,4.291666666666667,1.25
2025-04-23 00:00:00+00:00,WREX,Wrexham,Urban Traffic,6.7450833333333335,15.474666666666666,13.081133333333334,5,4.291666666666667,2.4534166666666666
2025-04-24 00:00:00+00:00,CARD,Cardiff Centre,Urban Background,,,,6,12.870020833333335,
2025-04-24 00:00:00+00:00,CHP,Chepstow A48,Urban Traffic,11.5,20.088916666666666,23.47472125,5,13.125,-1.625
2025-04-24 00:00:00+00:00,PEMB,Narberth,Rural Background,9.356250000000001,13.65,5.027189166666667,5,13.125,-3.768749999999999
2025-04-24 00:00:00+00:00,NPT3,Newport,Urban Background,12.615041666666668,17.716666666666665,14.651390416666667,5,13.125,-0.5099583333333317
2025-04-24 00:00:00+00:00,PT4,Port Talbot Margam,Urban Industrial,13.416666666666666,21.538124999999997,12.17672375,5,12.615041666666668,0.8016249999999978
2025-04-24 00:00:00+00:00,SWA1,Swansea Roadside,Urban Traffic,13.125,23.873166666666666,,5,12.615041666666668,0.5099583333333317
2025-04-24 00:00:00+00:00,WREX,Wrexham,Urban Traffic,18.161458333333332,24.215625,13.843230416666666,5,12.615041666666668,5.546416666666664
2025-04-25 00:00:00+00:00,CARD,Cardiff Centre,Urban Background,,,,6,13.459312500000001,
2025-04-25 00:00:00+00:00,CHP,Chepstow A48,Urban Traffic,14.625,24.799083333333332,33.35160041666666,5,12.958333333333334,1.666666666666666
2025-04-25 00:00:00+00:00,PEMB,Narberth,Rural Background,11.716916666666668,21.702083333333334,7.1909175,5,13.960291666666668,-2.2433750000000003
2025-04-25 00:00:00+00:00,NPT3,Newport,Urban Background,13.960291666666668,19.271874999999998,13.484715,5,12.958333333333334,1.0019583333333344
2025-04-25 00:00:00+00:00,PT4,Port Talbot Margam,Urban Industrial,12.958333333333334,19.525333333333332,9.400535833333334,5,13.960291666666668,-1.0019583333333344
2025-04-25 00:00:00+00:00,SWA1,Swansea Roadside,Urban Traffic,11.541666666666666,20.85375,,5,13.960291666666668,-2.4186250000000022
2025-04-25 00:00:00+00:00,WREX,Wrexham,Urban Traffic,15.964208333333334,22.210416666666664,16.62835875,5,12.958333333333334,3.0058749999999996
2025-04-26 00:00:00+00:00,CARD,Cardiff Centre,Urban Background,,,,6,12.479166666666668,
2025-04-26 00:00:00+00:00,CHP,Chepstow A48,Urban Traffic,14.833333333333334,24.718625,26.086985416666664,5,10.125,4.708333333333334
2025-04-26 00:00:00+00:00,PEMB,Narberth,Rural Background,5.362583333333333,7.788541666666667,3.3608508333333336,5,14.833333333333334,-9.47075
2025-04-26 00:00:00+00:00,NPT3,Newport,Urban Background,16.730625,21.238541666666666,12.628202083333333,5,10.125,6.605625
2025-04-26 00:00:00+00:00,PT4,Port Talbot Margam,Urban Industrial,10.125,13.164458333333334,6.9898645833333335,5,14.833333333333334,-4.708333333333334
2025-04-26 00:00:00+00:00,SWA1,Swansea Roadside,Urban Traffic,8.75,13.486583333333334,,5,14.833333333333334,-6.083333333333334
2025-04-26 00:00:00+00:00,WREX,Wrexham,Urban Traffic,17.021416666666667,21.707291666666666,15.107765,5,10.125,6.896416666666667
2025-04-27 00:00:00+00:00,CARD,Cardiff Centre,Urban Background,,,,6,5.412416666666667,
2025-04-27 00:00:00+00:00,CHP,Chepstow A48,Urban Traffic,6.458333333333333,13.003375,27.342212083333333,5,4.949833333333333,1.5084999999999997
2025-04-27 00:00:00+00:00,PEMB,Narberth,Rural Background,3.7147916666666667,6.5718749999999995,1.59931375,5,5.875,-2.1602083333333333
2025-04-27 00:00:00+00:00,NPT3,Newport,Urban Background,4.949833333333333,7.632291666666667,7.162445833333333,5,5.875,-0.9251666666666667
2025-04-27 00:00:00+00:00,PT4,Port Talbot Margam,Urban Industrial,5.875,9.78275,6.167525,5,4.949833333333333,0.9251666666666667
2025-04-27 00:00:00+00:00,SWA1,Swansea Roadside,Urban Traffic,6.375,12.802208333333333,,5,4.949833333333333,1.4251666666666667
2025-04-27 00:00:00+00:00,WREX,Wrexham,Urban Traffic,4.231416666666667,7.292708333333334,8.53116625,5,5.875,-1.643583333333333
2025-04-28 00:00:00+00:00,CARD,Cardiff Centre,Urban Background,,,,6,6.626208333333333,
2025-04-28 00:00:00+00:00,CHP,Chepstow A48,Urban Traffic,6.625,15.257875,30.043720869565217,5,6.627416666666666,-0.0024166666666660674
2025-04-28 00:00:00+00:00,PEMB,Narberth,Rural Background,5.8520416666666675,9.961458333333333,4.24075875,5,6.627416666666666,-0.7753749999999986
2025-04-28 00:00:00+00:00,NPT3,Newport,Urban Background,6.627416666666666,12.501041666666666,16.03501041666667,5,6.625,0.0024166666666660674
2025-04-28 00:00:00+00:00,PT4,Port Talbot Margam,Urban Industrial,6.833333333333333,17.150041666666667,12.455429166666667,5,6.625,0.20833333333333304
2025-04-28 00:00:00+00:00,SWA1,Swansea Roadside,Urban Traffic,9.125,14.855333333333334,,5,6.625,2.5
2025-04-28 00:00:00+00:00,WREX,Wrexham,Urban Traffic,4.7022916666666665,9.579166666666667,17.157014166666666,5,6.627416666666666,-1.9251249999999995
2025-04-29 00:00:00+00:00,CARD,Cardiff Centre,Urban Background,,,,6,12.3929375,
2025-04-29 00:00:00+00:00,CHP,Chepstow A48,Urban Traffic,11.166666666666666,20.853833333333334,28.94835875,5,12.426333333333334,-1.2596666666666678
2025-04-29 00:00:00+00:00,PEMB,Narberth,Rural Background,12.359541666666667,21.772916666666664,7.212142083333333,5,12.426333333333334,-0.06679166666666703
2025-04-29 00:00:00+00:00,NPT3,Newport,Urban Background,12.426333333333334,20.714583333333334,17.569588333333332,5,12.359541666666667,0.06679166666666703
2025-04-29 00:00:00+00:00,PT4,Port Talbot Margam,Urban Industrial,14.5,20.77329166666667,10.486695,5,12.359541666666667,2.140458333333333
2025-04-29 00:00:00+00:00,SWA1,Swansea Roadside,Urban Traffic,15.333333333333334,24.517291666666665,,5,12.359541666666667,2.973791666666667
2025-04-29 00:00:00+00:00,WREX,Wrexham,Urban Traffic,10.511041666666666,19.003125,20.426863333333333,5,12.426333333333334,-1.9152916666666684
2025-04-30 00:00:00+00:00,CARD,Cardiff Centre,Urban Background,,,,6,13.488470108695651,
2025-04-30 00:00:00+00:00,CHP,Chepstow A48,Urban Traffic,12.0,21.592521739130433,29.85725043478261,5,13.869565217391305,-1.8695652173913047
2025-04-30 00:00:00+00:00,PEMB,Narberth,Rural Background,11.870125,19.722916666666666,7.47053,5,13.869565217391305,-1.9994402173913048
2025-04-30 00:00:00+00:00,NPT3,Newport,Urban Background,14.892958333333333,24.905208333333334,18.874713333333336,5,13.107375,1.7855833333333333
2025-04-30 00:00:00+00:00,PT4,Port Talbot Margam,Urban Industrial,13.869565217391305,24.02886956521739,15.292767272727273,5,13.107375,0.7621902173913053
2025-04-30 00:00:00+00:00,SWA1,Swansea Roadside,Urban Traffic,16.583333333333332,27.778208333333335,,5,13.107375,3.475958333333333
2025-04-30 00:00:00+00:00,WREX,Wrexham,Urban Traffic,13.107375,22.577083333333334,20.37940958333333,5,13.869565217391305,-0.7621902173913053
2025-05-01 00:00:00+00:00,CARD,Cardiff Centre,Urban Background,,,22.637431666666668,6,11.786354166666666,
2025-05-01 00:00:00+00:00,CHP,Chepstow A48,Urban Traffic,13.541666666666666,21.175958333333334,34.345353333333335,5,11.531041666666667,2.010624999999999
2025-05-01 00:00:00+00:00,PEMB,Narberth,Rural Background,8.692041666666666,14.439583333333333,5.04220875,5,12.041666666666666,-3.3496249999999996
2025-05-01 00:00:00+00:00,NPT3,Newport,Urban Background,11.531041666666667,22.555208333333336,15.88950875,5,12.041666666666666,-0.5106249999999992
2025-05-01 00:00:00+00:00,PT4,Port Talbot Margam,Urban Industrial,12.041666666666666,20.612291666666668,14.670437916666666,5,11.531041666666667,0.5106249999999992
2025-05-01 00:00:00+00:00,SWA1,Swansea Roadside,Urban Traffic,13.833333333333334,24.35625,,5,11.531041666666667,2.302291666666667
2025-05-01 00:00:00+00:00,WREX,Wrexham,Urban Traffic,11.247041666666668,20.64166666666667,16.196765833333334,5,12.041666666666666,-0.7946249999999981
2025-05-02 00:00:00+00:00,CARD,Cardiff Centre,Urban Background,8.91304347826087,,11.235647499999999,6,8.306770833333333,0.606272644927536
2025-05-02 00:00:00+00:00,CHP,Chepstow A48,Urban Traffic,8.958333333333334,19.12275,23.64040125,6,8.2841259057971,0.6742074275362331
2025-05-02 00:00:00+00:00,PEMB,Narberth,Rural Background,5.924791666666667,10.522916666666667,2.87635,6,8.935688405797102,-3.010896739130435
2025-05-02 00:00:00+00:00,NPT3,Newport,Urban Background,7.655208333333333,14.791666666666666,9.699806666666667,6,8.935688405797102,-1.2804800724637682
2025-05-02 00:00:00+00:00,PT4,Port Talbot Margam,Urban Industrial,15.041666666666666,26.369208333333333,12.946382916666666,6,8.2841259057971,6.757540760869565
2025-05-02 00:00:00+00:00,SWA1,Swansea Roadside,Urban Traffic,12.958333333333334,21.417416666666668,,6,8.2841259057971,4.674207427536233
2025-05-02 00:00:00+00:00,WREX,Wrexham,Urban Traffic,4.176458333333334,9.919791666666667,8.956030833333333,6,8.935688405797102,-4.759230072463768
2025-05-03 00:00:00+00:00,CARD,Cardiff Centre,Urban Background,5.958333333333333,,7.680531666666667,6,5.278520833333333,0.6798124999999997
2025-05-03 00:00:00+00:00,CHP,Chepstow A48,Urban Traffic,5.636363636363637,14.009875000000001,17.055543333333333,6,5.278520833333333,0.35784280303030336
2025-05-03 00:00:00+00:00,PEMB,Narberth,Rural Background,4.582375,10.225,1.9693387500000001,6,5.568181818181818,-0.9858068181818185
2025-05-03 00:00:00+00:00,NPT3,Newport,Urban Background,4.173583333333333,9.267708333333333,7.57217125,6,5.568181818181818,-1.3945984848484851
2025-05-03 00:00:00+00:00,PT4,Port Talbot Margam,Urban Industrial,6.375,13.567,6.195109583333333,6,5.278520833333333,1.0964791666666667
2025-05-03 00:00:00+00:00,SWA1,Swansea Roadside,Urban Traffic,5.5,11.95675,,6,5.346702651515152,0.15329734848484833
2025-05-03 00:00:00+00:00,WREX,Wrexham,Urban Traffic,5.057041666666667,11.853125,7.203446666666667,6,5.568181818181818,-0.5111401515151517
2025-05-04 00:00:00+00:00,CARD,Cardiff Centre,Urban Background,5.708333333333333,,5.54413375,6,4.922958333333334,0.7853749999999993
2025-05-04 00:00:00+00:00,CHP,Chepstow A48,Urban Traffic,5.958333333333333,12.359291666666666,15.963353750000001,6,4.797958333333334,1.1603749999999993
2025-05-04 00:00:00+00:00,PEMB,Narberth,Rural Background,3.4011666666666667,7.828125,2.6661804166666667,6,5.833333333333333,-2.4321666666666664
2025-05-04 00:00:00+00:00,NPT3,Newport,Urban Background,3.6683333333333334,8.026041666666666,7.568896249999999,6,5.833333333333333,-2.1649999999999996
2025-05-04 00:00:00+00:00,PT4,Port Talbot Margam,Urban Industrial,6.541666666666667,11.956791666666668,3.6559062499999997,6,4.797958333333334,1.7437083333333332
2025-05-04 00:00:00+00:00,SWA1,Swansea Roadside,Urban Traffic,6.083333333333333,13.325458333333332,,6,4.797958333333334,1.2853749999999993
2025-05-04 00:00:00+00:00,WREX,Wrexham,Urban Traffic,3.8875833333333336,8.309375000000001,8.882934583333332,6,5.833333333333333,-1.9457499999999994
2025-05-05 00:00:00+00:00,CARD,Cardiff Centre,Urban Background,5.958333333333333,,6.38810375,6,5.144187499999999,0.8141458333333338
2025-05-05 00:00:00+00:00,CHP,Chepstow A48,Urban Traffic,5.875,14.573500000000001,12.047584583333332,6,5.144187499999999,0.7308125000000008
2025-05-05 00:00:00+00:00,PEMB,Narberth,Rural Background,3.4640416666666667,6.960416666666667,1.98191625,6,5.458333333333333,-1.9942916666666664
2025-05-05 00:00:00+00:00,NPT3,Newport,Urban Background,3.8679583333333336,9.116666666666667,7.402622916666666,6,5.458333333333333,-1.5903749999999994
2025-05-05 00:00:00+00:00,PT4,Port Talbot Margam,Urban Industrial,5.458333333333333,10.708625,3.370506666666667,6,5.144187499999999,0.3141458333333338
2025-05-05 00:00:00+00:00,SWA1,Swansea Roadside,Urban Traffic,5.458333333333333,14.85525,,6,5.144187499999999,0.3141458333333338
2025-05-05 00:00:00+00:00,WREX,Wrexham,Urban Traffic,4.830041666666666,10.177083333333334,10.686377916666666,6,5.458333333333333,-0.6282916666666667
2025-05-06 00:00:00+00:00,CARD,Cardiff Centre,Urban Background,7.083333333333333,,9.937740833333335,6,6.7329791666666665,0.3503541666666665
2025-05-06 00:00:00+00:00,CHP,Chepstow A48,Urban Traffic,7.125,16.143541666666668,18.07336875,6,6.7329791666666665,0.3920208333333335
2025-05-06 00:00:00+00:00,PEMB,Narberth,Rural Background,4.3228333333333335,8.160416666666666,2.581852083333333,6,6.9236249999999995,-2.600791666666666
2025-05-06 00:00:00+00:00,NPT3,Newport,Urban Background,6.702041666666666,15.003124999999999,12.577570833333333,6,6.9236249999999995,-0.22158333333333324
2025-05-06 00:00:00+00:00,PT4,Port Talbot Margam,Urban Industrial,6.166666666666667,14.533166666666666,5.874032499999999,6,6.9236249999999995,-0.7569583333333325
2025-05-06 00:00:00+00:00,SWA1,Swansea Roadside,Urban Traffic,9.583333333333334,17.069583333333334,,6,6.7329791666666665,2.8503541666666674
2025-05-06 00:00:00+00:00,WREX,Wrexham,Urban Traffic,6.763916666666667,12.75,13.063758695652174,6,6.892687499999999,-0.1287708333333324
2025-05-07 00:00:00+00:00,CARD,Cardiff Centre,Urban Background,10.043478260869565,,13.668778499999998,6,7.464604166666667,2.578874094202898
2025-05-07 00:00:00+00:00,CHP,Chepstow A48,Urban Traffic,8.541666666666666,18.076,21.180399130434783,6,7.464604166666667,1.0770624999999994
2025-05-07 00:00:00+00:00,PEMB,Narberth,Rural Background,5.410791666666667,9.606250000000001,2.9286678260869565,6,8.166666666666666,-2.7558749999999987
2025-05-07 00:00:00+00:00,NPT3,Newport,Urban Background,7.1375416666666665,14.805208333333333,11.818106666666667,6,8.166666666666666,-1.0291249999999996
2025-05-07 00:00:00+00:00,PT4,Port Talbot Margam,Urban Industrial,7.791666666666667,20.733083333333333,8.78302875,6,7.839604166666666,-0.047937499999998856
2025-05-07 00:00:00+00:00,SWA1,Swansea Roadside,Urban Traffic,9.73913043478261,17.055608695652175,,6,7.464604166666667,2.2745262681159426
2025-05-07 00:00:00+00:00,WREX,Wrexham,Urban Traffic,5.171083333333333,10.44375,10.657762916666666,6,8.166666666666666,-2.9955833333333333
2025-05-08 00:00:00+00:00,CARD,Cardiff Centre,Urban Background,5.666666666666667,,8.880271666666667,6,5.3125,0.35416666666666696
2025-05-08 00:00:00+00:00,CHP,Chepstow A48,Urban Traffic,5.25,11.997,20.717455833333332,6,5.520833333333334,-0.2708333333333339
2025-05-08 00:00:00+00:00,PEMB,Narberth,Rural Background,4.39275,8.75,2.852029130434783,6,5.520833333333334,-1.1280833333333335
2025-05-08 00:00:00+00:00,NPT3,Newport,Urban Background,4.3562916666666665,10.571875,9.66742625,6,5.520833333333334,-1.1645416666666675
2025-05-08 00:00:00+00:00,PT4,Port Talbot Margam,Urban Industrial,5.375,10.426875,4.60331875,6,5.458333333333334,-0.08333333333333393
2025-05-08 00:00:00+00:00,SWA1,Swansea Roadside,Urban Traffic,6.166666666666667,13.647583333333332,,6,5.3125,0.854166666666667
2025-05-08 00:00:00+00:00,WREX,Wrexham,Urban Traffic,8.338333333333333,15.703125,15.578475833333334,6,5.3125,3.025833333333333
2025-05-09 00:00:00+00:00,CARD,Cardiff Centre,Urban Background,7.833333333333333,,10.55118375,6,7.150874999999999,0.6824583333333338
2025-05-09 00:00:00+00:00,CHP,Chepstow A48,Urban Traffic,6.041666666666667,16.425375,24.05547,6,8.0,-1.958333333333333
2025-05-09 00:00:00+00:00,PEMB,Narberth,Rural Background,5.824541666666666,13.512500000000001,3.86058375,6,8.0,-2.175458333333334
2025-05-09 00:00:00+00:00,NPT3,Newport,Urban Background,6.135083333333333,13.934375000000001,12.602749166666667,6,8.0,-1.8649166666666668
2025-05-09 00:00:00+00:00,PT4,Port Talbot Margam,Urban Industrial,8.166666666666666,21.377291666666668,9.182630416666667,6,6.984208333333333,1.182458333333333
2025-05-09 00:00:00+00:00,SWA1,Swansea Roadside,Urban Traffic,10.875,22.262833333333333,,6,6.984208333333333,3.890791666666667
2025-05-09 00:00:00+00:00,WREX,Wrexham,Urban Traffic,9.886958333333334,18.110416666666666,18.453509583333332,6,6.984208333333333,2.902750000000001
2025-05-10 00:00:00+00:00,CARD,Cardiff Centre,Urban Background,9.75,,15.9584025,6,8.113,1.6370000000000005
2025-05-10 00:00:00+00:00,CHP,Chepstow A48,Urban Traffic,7.666666666666667,17.753791666666668,26.560971666666664,6,9.154666666666667,-1.4880000000000004
2025-05-10 00:00:00+00:00,PEMB,Narberth,Rural Background,6.235375,16.381249999999998,4.713265416666666,6,9.154666666666667,-2.919291666666667
2025-05-10 00:00:00+00:00,NPT3,Newport,Urban Background,6.8574166666666665,14.813541666666666,14.2082275,6,9.154666666666667,-2.297250000000001
2025-05-10 00:00:00+00:00,PT4,Port Talbot Margam,Urban Industrial,10.75,19.605791666666665,13.166101249999999,6,8.113,2.6370000000000005
2025-05-10 00:00:00+00:00,SWA1,Swansea Roadside,Urban Traffic,11.625,22.101791666666667,,6,8.113,3.5120000000000005
2025-05-10 00:00:00+00:00,WREX,Wrexham,Urban Traffic,8.559333333333333,17.625,16.173570416666667,6,8.708333333333334,-0.1490000000000009
2025-05-11 00:00:00+00:00,CARD,Cardiff Centre,Urban Background,8.125,,11.61813125,6,7.594374999999999,0.5306250000000006
2025-05-11 00:00:00+00:00,CHP,Chepstow A48,Urban Traffic,7.333333333333333,15.016333333333334,22.668458333333334,6,7.904916666666667,-0.5715833333333338
2025-05-11 00:00:00+00:00,PEMB,Narberth,Rural Background,5.541541666666667,10.417708333333334,4.222264166666666,6,7.904916666666667,-2.3633749999999996
2025-05-11 00:00:00+00:00,NPT3,Newport,Urban Background,7.684833333333334,15.945833333333333,16.515770416666665,6,7.814458333333333,-0.129624999999999
2025-05-11 00:00:00+00:00,PT4,Port Talbot Margam,Urban Industrial,9.875,16.183916666666665,7.87397,6,7.594374999999999,2.2806250000000006
2025-05-11 00:00:00+00:00,SWA1,Swansea Roadside,Urban Traffic,12.583333333333334,18.800625,,6,7.594374999999999,4.9889583333333345
2025-05-11 00:00:00+00:00,WREX,Wrexham,Urban Traffic,7.503916666666666,15.091666666666667,12.36068375,6,7.904916666666667,-0.4010000000000007
2025-05-12 00:00:00+00:00,CARD,Cardiff Centre,Urban Background,8.625,,12.730934166666666,6,7.520833333333334,1.104166666666666
2025-05-12 00:00:00+00:00,CHP,Chepstow A48,Urban Traffic,6.541666666666667,11.956708333333333,26.149267499999997,6,8.5625,-2.020833333333333
2025-05-12 00:00:00+00:00,PEMB,Narberth,Rural Background,5.674125,8.5625,5.4467225,6,8.5625,-2.888375
2025-05-12 00:00:00+00:00,NPT3,Newport,Urban Background,6.324625,10.575000000000001,13.317867916666666,6,8.5625,-2.237875
2025-05-12 00:00:00+00:00,PT4,Port Talbot Margam,Urban Industrial,8.5,13.52675,9.509550416666666,6,7.583333333333334,0.9166666666666661
2025-05-12 00:00:00+00:00,SWA1,Swansea Roadside,Urban Traffic,11.375,17.9955,,6,7.520833333333334,3.854166666666666
2025-05-12 00:00:00+00:00,WREX,Wrexham,Urban Traffic,10.785166666666667,17.991666666666667,19.76489304347826,6,7.520833333333334,3.264333333333333
2025-05-13 00:00:00+00:00,CARD,Cardiff Centre,Urban Background,8.708333333333334,18.357791666666667,15.573269583333333,5,8.159458333333333,0.5488750000000007
2025-05-13 00:00:00+00:00,CHP,Chepstow A48,Urban Traffic,8.416666666666666,17.311041666666664,25.10616,5,8.159458333333333,0.2572083333333328
2025-05-13 00:00:00+00:00,PEMB,Narberth,Rural Background,,,5.431652083333333,6,8.288062499999999,
2025-05-13 00:00:00+00:00,NPT3,Newport,Urban Background,8.159458333333333,15.602083333333333,14.780872500000001,5,8.416666666666666,-0.2572083333333328
2025-05-13 00:00:00+00:00,PT4,Port Talbot Margam,Urban Industrial,8.041666666666666,11.232,7.228067500000001,5,8.416666666666666,-0.375
2025-05-13 00:00:00+00:00,SWA1,Swansea Roadside,Urban Traffic,11.125,18.679916666666667,,5,8.159458333333333,2.9655416666666667
2025-05-13 00:00:00+00:00,WREX,Wrexham,Urban Traffic,7.725124999999999,18.088541666666668,17.604075833333333,5,8.416666666666666,-0.6915416666666667
2025-05-14 00:00:00+00:00,CARD,Cardiff Centre,Urban Background,8.375,17.150125,9.930525416666667,5,9.125,-0.75
2025-05-14 00:00:00+00:00,CHP,Chepstow A48,Urban Traffic,9.125,18.035833333333333,22.394005833333335,5,8.782608695652174,0.34239130434782616
2025-05-14 00:00:00+00:00,PEMB,Narberth,Rural Background,,,4.1899775,6,8.953804347826086,
2025-05-14 00:00:00+00:00,NPT3,Newport,Urban Background,7.40675,14.630208333333334,11.758481304347825,5,9.125,-1.7182500000000003
2025-05-14 00:00:00+00:00,PT4,Port Talbot Margam,Urban Industrial,8.782608695652174,13.90491304347826,6.388006818181818,5,9.125,-0.34239130434782616
2025-05-14 00:00:00+00:00,SWA1,Swansea Roadside,Urban Traffic,10.0,18.7605,,5,8.782608695652174,1.2173913043478262
2025-05-14 00:00:00+00:00,WREX,Wrexham,Urban Traffic,10.475541666666667,18.818749999999998,16.019209583333332,5,8.782608695652174,1.6929329710144927
2025-05-15 00:00:00+00:00,CARD,Cardiff Centre,Urban Background,9.666666666666666,24.758916666666668,8.97310875,5,10.625,-0.9583333333333339
2025-05-15 00:00:00+00:00,CHP,Chepstow A48,Urban Traffic,10.625,27.013375,18.504841250000002,5,10.362625,0.26237500000000047
2025-05-15 00:00:00+00:00,PEMB,Narberth,Rural Background,,,3.767442916666667,6,10.4938125,
2025-05-15 00:00:00+00:00,NPT3,Newport,Urban Background,10.362625,19.953125,11.778619166666667,5,10.625,-0.26237500000000047
2025-05-15 00:00:00+00:00,PT4,Port Talbot Margam,Urban Industrial,11.0,27.456125,10.924850833333332,5,10.362625,0.6373750000000005
2025-05-15 00:00:00+00:00,SWA1,Swansea Roadside,Urban Traffic,13.708333333333334,25.282208333333333,,5,10.362625,3.3457083333333344
2025-05-15 00:00:00+00:00,WREX,Wrexham,Urban Traffic,9.720125000000001,20.590625,15.777029166666667,5,10.625,-0.9048749999999988
2025-05-16 00:00:00+00:00,CARD,Cardiff Centre,Urban Background,9.458333333333334,23.349875,11.106907916666666,4,9.844479166666666,-0.3861458333333321
2025-05-16 00:00:00+00:00,CHP,Chepstow A48,Urban Traffic,,21.760608695652174,22.392848260869567,5,9.458333333333334,
2025-05-16 00:00:00+00:00,PEMB,Narberth,Rural Background,,,3.356407916666667,5,9.458333333333334,
2025-05-16 00:00:00+00:00,NPT3,Newport,Urban Background,8.813958333333334,17.474999999999998,11.712549166666667,4,10.166666666666668,-1.352708333333334
2025-05-16 00:00:00+00:00,PT4,Port Talbot Margam,Urban Industrial,10.875,24.11475,6.994225416666667,4,9.136145833333334,1.7388541666666661
2025-05-16 00:00:00+00:00,SWA1,Swansea Roadside,Urban Traffic,10.875,22.826541666666667,,4,9.136145833333334,1.7388541666666661
2025-05-16 00:00:00+00:00,WREX,Wrexham,Urban Traffic,8.475833333333334,17.015625,16.867894782608694,4,10.166666666666668,-1.6908333333333339
2025-05-17 00:00:00+00:00,CARD,Cardiff Centre,Urban Background,10.458333333333334,21.29675,9.382541666666667,5,10.666666666666666,-0.20833333333333215
2025-05-17 00:00:00+00:00,CHP,Chepstow A48,Urban Traffic,9.833333333333334,19.20325,17.25616125,5,10.666666666666666,-0.8333333333333321
2025-05-17 00:00:00+00:00,PEMB,Narberth,Rural Background,,,3.7562537500000004,6,10.5625,
2025-05-17 00:00:00+00:00,NPT3,Newport,Urban Background,11.411166666666666,18.354166666666668,9.980925833333332,5,10.458333333333334,0.9528333333333325
2025-05-17 00:00:00+00:00,PT4,Port Talbot Margam,Urban Industrial,10.666666666666666,21.216125,7.201819166666667,5,10.458333333333334,0.20833333333333215
2025-05-17 00:00:00+00:00,SWA1,Swansea Roadside,Urban Traffic,11.875,21.014916666666668,,5,10.458333333333334,1.416666666666666
2025-05-17 00:00:00+00:00,WREX,Wrexham,Urban Traffic,10.017750000000001,16.963541666666668,12.598909999999998,5,10.666666666666666,-0.6489166666666648
2025-05-18 00:00:00+00:00,CARD,Cardiff Centre,Urban Background,9.875,20.129125,12.0590575,5,10.412833333333333,-0.5378333333333334
2025-05-18 00:00:00+00:00,CHP,Chepstow A48,Urban Traffic,10.541666666666666,18.881041666666665,15.206219130434784,5,10.0,0.5416666666666661
2025-05-18 00:00:00+00:00,PEMB,Narberth,Rural Background,,,3.2123791666666666,6,10.206416666666666,
2025-05-18 00:00:00+00:00,NPT3,Newport,Urban Background,10.412833333333333,16.311458333333334,10.33314125,5,10.0,0.4128333333333334
2025-05-18 00:00:00+00:00,PT4,Port Talbot Margam,Urban Industrial,10.0,19.645958333333333,7.24539875,5,10.412833333333333,-0.4128333333333334
2025-05-18 00:00:00+00:00,SWA1,Swansea Roadside,Urban Traffic,12.333333333333334,22.423833333333334,,5,10.0,2.333333333333334
2025-05-18 00:00:00+00:00,WREX,Wrexham,Urban Traffic,9.955791666666666,16.412499999999998,9.646861666666666,5,10.412833333333333,-0.457041666666667
2025-05-19 00:00:00+00:00,CARD,Cardiff Centre,Urban Background,9.916666666666666,22.464041666666663,8.70834,5,10.958333333333334,-1.0416666666666679
2025-05-19 00:00:00+00:00,CHP,Chepstow A48,Urban Traffic,8.75,20.531833333333335,17.121380416666668,5,10.958333333333334,-2.208333333333334
2025-05-19 00:00:00+00:00,PEMB,Narberth,Rural Background,,,3.1663717391304345,6,10.4375,
2025-05-19 00:00:00+00:00,NPT3,Newport,Urban Background,9.687624999999999,17.694791666666667,10.37232375,5,10.958333333333334,-1.270708333333335
2025-05-19 00:00:00+00:00,PT4,Port Talbot Margam,Urban Industrial,12.0,21.497958333333333,5.12741375,5,9.916666666666666,2.083333333333334
2025-05-19 00:00:00+00:00,SWA1,Swansea Roadside,Urban Traffic,10.958333333333334,22.464125,,5,9.916666666666666,1.0416666666666679
2025-05-19 00:00:00+00:00,WREX,Wrexham,Urban Traffic,11.373958333333334,20.179166666666667,16.05278875,5,9.916666666666666,1.4572916666666682
2025-05-20 00:00:00+00:00,CARD,Cardiff Centre,Urban Background,8.375,20.330375,10.881540833333332,6,9.235979166666667,-0.8609791666666666
2025-05-20 00:00:00+00:00,CHP,Chepstow A48,Urban Traffic,6.0,16.989,19.29257,6,9.235979166666667,-3.2359791666666666
2025-05-20 00:00:00+00:00,PEMB,Narberth,Rural Background,9.049791666666666,13.520833333333334,2.8749704166666668,6,8.911104166666668,0.13868749999999785
2025-05-20 00:00:00+00:00,NPT3,Newport,Urban Background,8.400041666666667,16.961458333333333,10.013912916666667,6,9.235979166666667,-0.8359375
2025-05-20 00:00:00+00:00,PT4,Port Talbot Margam,Urban Industrial,9.875,23.30966666666667,8.732159166666667,6,8.724916666666665,1.1500833333333347
2025-05-20 00:00:00+00:00,SWA1,Swansea Roadside,Urban Traffic,10.318181818181818,18.441782608695654,,6,8.724916666666665,1.593265151515153
2025-05-20 00:00:00+00:00,WREX,Wrexham,Urban Traffic,9.422166666666667,14.822916666666666,14.767386086956522,6,8.724916666666665,0.6972500000000021
2025-05-21 00:00:00+00:00,CARD,Cardiff Centre,Urban Background,7.625,13.848916666666668,10.918000416666667,6,7.731979166666667,-0.10697916666666707
2025-05-21 00:00:00+00:00,CHP,Chepstow A48,Urban Traffic,7.625,15.861833333333331,21.676560000000002,6,7.731979166666667,-0.10697916666666707
2025-05-21 00:00:00+00:00,PEMB,Narberth,Rural Background,7.838958333333333,10.927083333333334,3.1853775,6,7.625,0.21395833333333325
2025-05-21 00:00:00+00:00,NPT3,Newport,Urban Background,8.17325,14.727083333333333,15.3569425,6,7.625,0.5482499999999995
2025-05-21 00:00:00+00:00,PT4,Port Talbot Margam,Urban Industrial,7.375,,6.259736666666666,6,7.731979166666667,-0.35697916666666707
2025-05-21 00:00:00+00:00,SWA1,Swansea Roadside,Urban Traffic,7.041666666666667,12.238541666666668,,6,7.731979166666667,-0.6903125000000001
2025-05-21 00:00:00+00:00,WREX,Wrexham,Urban Traffic,8.410124999999999,16.216666666666665,9.165112083333334,6,7.625,0.785124999999999
2025-05-22 00:00:00+00:00,CARD,Cardiff Centre,Urban Background,8.833333333333334,22.8265,12.139478333333335,5,8.785375,0.04795833333333377
2025-05-22 00:00:00+00:00,CHP,Chepstow A48,Urban Traffic,8.25,19.968166666666665,19.834878333333332,5,8.833333333333334,-0.5833333333333339
2025-05-22 00:00:00+00:00,PEMB,Narberth,Rural Background,8.441541666666668,13.635416666666666,2.8938208333333333,5,8.833333333333334,-0.3917916666666663
2025-05-22 00:00:00+00:00,NPT3,Newport,Urban Background,8.785375,16.054166666666667,13.592320833333334,5,8.833333333333334,-0.04795833333333377
2025-05-22 00:00:00+00:00,PT4,Port Talbot Margam,Urban Industrial,,,8.546250416666666,6,8.809354166666667,
2025-05-22 00:00:00+00:00,SWA1,Swansea Roadside,Urban Traffic,28.041666666666668,38.08433333333333,,5,8.785375,19.25629166666667
2025-05-22 00:00:00+00:00,WREX,Wrexham,Urban Traffic,9.475333333333333,18.215625,12.62837625,5,8.785375,0.6899583333333332
2025-05-23 00:00:00+00:00,CARD,Cardiff Centre,Urban Background,9.5,20.370791666666666,9.916337083333334,6,8.198104166666667,1.301895833333333
2025-05-23 00:00:00+00:00,CHP,Chepstow A48,Urban Traffic,7.791666666666667,19.364250000000002,21.670872916666667,6,8.906437500000001,-1.114770833333334
2025-05-23 00:00:00+00:00,PEMB,Narberth,Rural Background,5.8097916666666665,10.011458333333334,2.72472,6,8.906437500000001,-3.0966458333333344
2025-05-23 00:00:00+00:00,NPT3,Newport,Urban Background,8.604541666666668,17.340625,8.866237083333333,6,8.5,0.10454166666666787
2025-05-23 00:00:00+00:00,PT4,Port Talbot Margam,Urban Industrial,10.541666666666666,19.122708333333332,9.211017083333333,6,8.198104166666667,2.343562499999999
2025-05-23 00:00:00+00:00,SWA1,Swansea Roadside,Urban Traffic,9.208333333333334,16.505791666666667,,6,8.198104166666667,1.010229166666667
2025-05-23 00:00:00+00:00,WREX,Wrexham,Urban Traffic,4.950833333333334,10.052083333333334,7.73516125,6,8.906437500000001,-3.9556041666666673
2025-05-24 00:00:00+00:00,CARD,Cardiff Centre,Urban Background,7.166666666666667,15.016416666666666,4.596155416666667,6,5.414333333333333,1.7523333333333335
2025-05-24 00:00:00+00:00,CHP,Chepstow A48,Urban Traffic,4.625,13.969708333333335,11.416407916666666,6,6.628916666666666,-2.003916666666666
2025-05-24 00:00:00+00:00,PEMB,Narberth,Rural Background,6.174499999999999,10.081249999999999,1.3715404166666667,6,5.86875,0.30574999999999886
2025-05-24 00:00:00+00:00,NPT3,Newport,Urban Background,4.654166666666667,8.918750000000001,2.973141666666667,6,6.628916666666666,-1.9747499999999993
2025-05-24 00:00:00+00:00,PT4,Port Talbot Margam,Urban Industrial,7.291666666666667,15.660458333333333,5.1976625,6,5.414333333333333,1.8773333333333335
2025-05-24 00:00:00+00:00,SWA1,Swansea Roadside,Urban Traffic,7.083333333333333,13.124208333333334,,6,5.414333333333333,1.6689999999999996
2025-05-24 00:00:00+00:00,WREX,Wrexham,Urban Traffic,4.123458333333333,7.148958333333333,4.866269166666666,6,6.628916666666666,-2.5054583333333333
2025-05-25 00:00:00+00:00,CARD,Cardiff Centre,Urban Background,6.5,21.779791666666668,3.134726666666667,6,5.518041666666667,0.981958333333333
2025-05-25 00:00:00+00:00,CHP,Chepstow A48,Urban Traffic,4.708333333333333,15.821458333333332,11.404096956521737,6,6.172416666666667,-1.4640833333333338
2025-05-25 00:00:00+00:00,PEMB,Narberth,Rural Background,6.119416666666667,13.084375,1.327745,6,5.571041666666667,0.5483750000000001
2025-05-25 00:00:00+00:00,NPT3,Newport,Urban Background,6.225416666666667,17.383333333333333,1.8136452173913042,6,5.518041666666667,0.7073749999999999
2025-05-25 00:00:00+00:00,PT4,Port Talbot Margam,Urban Industrial,7.708333333333333,27.134083333333333,4.185838749999999,6,5.518041666666667,2.190291666666666
2025-05-25 00:00:00+00:00,SWA1,Swansea Roadside,Urban Traffic,4.916666666666667,19.807125,,6,6.172416666666667,-1.25575
2025-05-25 00:00:00+00:00,WREX,Wrexham,Urban Traffic,3.724458333333333,7.836458333333333,3.08566375,6,6.172416666666667,-2.4479583333333337
2025-05-26 00:00:00+00:00,CARD,Cardiff Centre,Urban Background,5.916666666666667,18.3175,4.074675833333333,6,6.061291666666667,-0.14462500000000045
2025-05-26 00:00:00+00:00,CHP,Chepstow A48,Urban Traffic,4.166666666666667,14.291666666666666,11.094896956521739,6,6.061291666666667,-1.8946250000000004
2025-05-26 00:00:00+00:00,PEMB,Narberth,Rural Background,6.004333333333334,11.314583333333333,0.8990770833333334,6,6.017458333333334,-0.01312499999999961
2025-05-26 00:00:00+00:00,NPT3,Newport,Urban Background,6.11825,16.23125,2.6755154166666664,6,5.960500000000001,0.15774999999999917
2025-05-26 00:00:00+00:00,PT4,Port Talbot Margam,Urban Industrial,6.5,21.61883333333333,5.319560833333333,6,5.960500000000001,0.5394999999999994
2025-05-26 00:00:00+00:00,SWA1,Swansea Roadside,Urban Traffic,6.541666666666667,16.667041666666666,,6,5.960500000000001,0.5811666666666664
2025-05-26 00:00:00+00:00,WREX,Wrexham,Urban Traffic,3.158375,6.3968750000000005,4.611432916666667,6,6.061291666666667,-2.9029166666666675
2025-05-27 00:00:00+00:00,CARD,Cardiff Centre,Urban Background,5.958333333333333,18.639583333333334,4.628920833333333,6,5.679666666666666,0.27866666666666706
2025-05-27 00:00:00+00:00,CHP,Chepstow A48,Urban Traffic,2.9583333333333335,13.728083333333332,15.028510416666668,6,5.992166666666666,-3.0338333333333325
2025-05-27 00:00:00+00:00,PEMB,Narberth,Rural Background,6.606791666666667,11.764583333333334,1.5308925,6,5.645833333333333,0.960958333333334
2025-05-27 00:00:00+00:00,NPT3,Newport,Urban Background,6.026,14.828125,2.94375125,6,5.645833333333333,0.38016666666666676
2025-05-27 00:00:00+00:00,PT4,Port Talbot Margam,Urban Industrial,7.208333333333333,21.900499999999997,6.039014166666667,6,5.645833333333333,1.5625
2025-05-27 00:00:00+00:00,SWA1,Swansea Roadside,Urban Traffic,5.333333333333333,17.02925,,6,5.992166666666666,-0.6588333333333329
2025-05-27 00:00:00+00:00,WREX,Wrexham,Urban Traffic,2.1108333333333333,4.022916666666666,12.923638333333335,6,5.992166666666666,-3.8813333333333326
2025-05-28 00:00:00+00:00,CARD,Cardiff Centre,Urban Background,7.708333333333333,20.853708333333334,5.6334695833333335,6,6.317854166666667,1.3904791666666663
2025-05-28 00:00:00+00:00,CHP,Chepstow A48,Urban Traffic,4.666666666666667,16.062958333333334,18.19754347826087,6,6.824520833333333,-2.1578541666666657
2025-05-28 00:00:00+00:00,PEMB,Narberth,Rural Background,6.440708333333333,11.910416666666668,1.2446291666666667,6,6.701666666666666,-0.26095833333333296
2025-05-28 00:00:00+00:00,NPT3,Newport,Urban Background,6.195,15.685416666666667,3.241024583333333,6,6.824520833333333,-0.6295208333333324
2025-05-28 00:00:00+00:00,PT4,Port Talbot Margam,Urban Industrial,8.304347826086957,23.104739130434783,4.0401808695652175,6,6.317854166666667,1.9864936594202902
2025-05-28 00:00:00+00:00,SWA1,Swansea Roadside,Urban Traffic,7.208333333333333,18.559041666666666,,6,6.317854166666667,0.8904791666666663
2025-05-28 00:00:00+00:00,WREX,Wrexham,Urban Traffic,2.5805833333333337,4.56875,7.452442916666667,6,6.824520833333333,-4.2439374999999995
2025-05-29 00:00:00+00:00,CARD,Cardiff Centre,Urban Background,4.304347826086956,9.242,5.044002173913044,6,4.656589285714285,-0.35224145962732933
2025-05-29 00:00:00+00:00,CHP,Chepstow A48,Urban Traffic,4.571428571428571,8.827636363636364,11.316551666666667,6,4.523048913043478,0.04837965838509284
2025-05-29 00:00:00+00:00,PEMB,Narberth,Rural Background,4.74175,7.432291666666667,1.0210616666666665,6,4.437888198757763,0.3038618012422365
2025-05-29 00:00:00+00:00,NPT3,Newport,Urban Background,3.1605000000000003,6.297916666666667,2.64691375,6,4.656589285714285,-1.4960892857142851
2025-05-29 00:00:00+00:00,PT4,Port Talbot Margam,Urban Industrial,6.208333333333333,12.278833333333333,3.624670416666667,6,4.437888198757763,1.7704451345755698
2025-05-29 00:00:00+00:00,SWA1,Swansea Roadside,Urban Traffic,5.625,10.265875,,6,4.437888198757763,1.1871118012422368
2025-05-29 00:00:00+00:00,WREX,Wrexham,Urban Traffic,1.8937083333333333,4.0718749999999995,4.54144875,6,4.656589285714285,-2.762880952380952
2025-05-30 00:00:00+00:00,CARD,Cardiff Centre,Urban Background,5.75,11.594458333333334,6.61709875,6,4.4794583333333335,1.2705416666666665
2025-05-30 00:00:00+00:00,CHP,Chepstow A48,Urban Traffic,4.75,10.225624999999999,15.806453333333335,6,4.812791666666667,-0.06279166666666658
2025-05-30 00:00:00+00:00,PEMB,Narberth,Rural Background,3.310833333333333,5.079166666666667,2.19252375,6,5.083333333333334,-1.7725000000000009
2025-05-30 00:00:00+00:00,NPT3,Newport,Urban Background,4.208916666666666,9.222916666666666,4.085680833333334,6,5.083333333333334,-0.8744166666666677
2025-05-30 00:00:00+00:00,PT4,Port Talbot Margam,Urban Industrial,7.708333333333333,17.995458333333332,5.453624583333333,6,4.4794583333333335,3.2288749999999995
2025-05-30 00:00:00+00:00,SWA1,Swansea Roadside,Urban Traffic,5.416666666666667,14.009916666666667,,6,4.4794583333333335,0.9372083333333334
2025-05-30 00:00:00+00:00,WREX,Wrexham,Urban Traffic,1.3394583333333332,3.2885416666666667,5.188472083333333,6,5.083333333333334,-3.743875000000001
2025-05-31 00:00:00+00:00,CARD,Cardiff Centre,Urban Background,6.875,15.579916666666668,6.597905,6,5.05258152173913,1.82241847826087
2025-05-31 00:00:00+00:00,CHP,Chepstow A48,Urban Traffic,5.173913043478261,10.547708333333334,14.31181625,6,5.104729166666667,0.06918387681159377
2025-05-31 00:00:00+00:00,PEMB,Narberth,Rural Background,5.278208333333334,9.013541666666667,2.353342083333333,6,5.05258152173913,0.2256268115942035
2025-05-31 00:00:00+00:00,NPT3,Newport,Urban Background,4.9312499999999995,9.88125,3.159524782608696,6,5.226060688405797,-0.29481068840579727
2025-05-31 00:00:00+00:00,PT4,Port Talbot Margam,Urban Industrial,6.333333333333333,12.037291666666667,4.739144583333333,6,5.05258152173913,1.280751811594203
2025-05-31 00:00:00+00:00,SWA1,Swansea Roadside,Urban Traffic,4.083333333333333,12.68125,,6,5.226060688405797,-1.1427273550724637
2025-05-31 00:00:00+00:00,WREX,Wrexham,Urban Traffic,3.373625,6.626041666666667,6.913009583333333,6,5.226060688405797,-1.8524356884057966
2025-06-01 00:00:00+00:00,CARD,Cardiff Centre,Urban Background,7.25,20.652458333333332,5.48624125,6,6.0810625,1.1689375000000002
2025-06-01 00:00:00+00:00,CHP,Chepstow A48,Urban Traffic,8.208333333333334,15.700791666666667,13.859541666666667,6,6.0810625,2.127270833333334
2025-06-01 00:00:00+00:00,PEMB,Narberth,Rural Background,5.61625,12.183333333333332,2.1152241666666667,6,6.897937499999999,-1.2816874999999994
2025-06-01 00:00:00+00:00,NPT3,Newport,Urban Background,6.545875,17.335416666666667,2.5426470833333332,6,6.433125,0.11274999999999924
2025-06-01 00:00:00+00:00,PT4,Port Talbot Margam,Urban Industrial,7.333333333333333,20.20958333333333,2.43606375,6,6.0810625,1.2522708333333332
2025-06-01 00:00:00+00:00,SWA1,Swansea Roadside,Urban Traffic,5.208333333333333,17.391625,,6,6.897937499999999,-1.6896041666666664
2025-06-01 00:00:00+00:00,WREX,Wrexham,Urban Traffic,4.684583333333333,9.402083333333334,4.4599175,6,6.897937499999999,-2.213354166666666
2025-06-02 00:00:00+00:00,CARD,Cardiff Centre,Urban Background,6.083333333333333,15.902041666666667,5.99571,6,5.4196875,0.6636458333333328
2025-06-02 00:00:00+00:00,CHP,Chepstow A48,Urban Traffic,6.958333333333333,15.0565,16.030715,6,5.4196875,1.5386458333333328
2025-06-02 00:00:00+00:00,PEMB,Narberth,Rural Background,5.604416666666666,11.923958333333333,1.5485829166666667,6,5.6591458333333335,-0.05472916666666716
2025-06-02 00:00:00+00:00,NPT3,Newport,Urban Background,5.234958333333333,13.65,6.777211666666667,6,5.843875,-0.6089166666666666
2025-06-02 00:00:00+00:00,PT4,Port Talbot Margam,Urban Industrial,6.166666666666667,17.069625,4.826460833333333,6,5.4196875,0.7469791666666667
2025-06-02 00:00:00+00:00,SWA1,Swansea Roadside,Urban Traffic,4.666666666666667,15.459208333333335,,6,5.843875,-1.1772083333333327
2025-06-02 00:00:00+00:00,WREX,Wrexham,Urban Traffic,4.828125,10.340625000000001,5.151238333333333,6,5.843875,-1.0157499999999997
2025-06-03 00:00:00+00:00,CARD,Cardiff Centre,Urban Background,6.458333333333333,15.740958333333333,5.614237500000001,6,5.563104166666667,0.8952291666666659
2025-06-03 00:00:00+00:00,CHP,Chepstow A48,Urban Traffic,5.5,14.412541666666668,14.60876625,6,5.697520833333334,-0.1975208333333338
2025-06-03 00:00:00+00:00,PEMB,Narberth,Rural Background,5.522833333333334,11.520833333333334,1.0366575,6,5.697520833333334,-0.1746875000000001
2025-06-03 00:00:00+00:00,NPT3,Newport,Urban Background,5.603375,16.676041666666666,3.103426666666667,6,5.65725,-0.05387500000000056
2025-06-03 00:00:00+00:00,PT4,Port Talbot Margam,Urban Industrial,5.791666666666667,20.652583333333332,4.949631666666667,6,5.563104166666667,0.22856249999999978
2025-06-03 00:00:00+00:00,SWA1,Swansea Roadside,Urban Traffic,6.043478260869565,17.61118181818182,,6,5.563104166666667,0.4803740942028982
2025-06-03 00:00:00+00:00,WREX,Wrexham,Urban Traffic,3.6459166666666665,7.520833333333333,4.589113478260869,6,5.697520833333334,-2.0516041666666673
2025-06-04 00:00:00+00:00,CARD,Cardiff Centre,Urban Background,5.666666666666667,15.579958333333332,7.238417916666666,6,6.148520833333333,-0.4818541666666665
2025-06-04 00:00:00+00:00,CHP,Chepstow A48,Urban Traffic,7.291666666666667,16.586375,19.135553913043477,6,5.9680625,1.3236041666666667
2025-06-04 00:00:00+00:00,PEMB,Narberth,Rural Background,5.93075,13.430208333333333,1.6545291666666666,6,6.148520833333333,-0.2177708333333337
2025-06-04 00:00:00+00:00,NPT3,Newport,Urban Background,6.005375,16.349999999999998,4.0031454166666665,6,6.111208333333334,-0.10583333333333389
2025-06-04 00:00:00+00:00,PT4,Port Talbot Margam,Urban Industrial,6.375,18.76033333333333,6.210649166666666,6,5.9680625,0.40693749999999973
2025-06-04 00:00:00+00:00,SWA1,Swansea Roadside,Urban Traffic,6.291666666666667,16.747458333333334,,6,5.9680625,0.3236041666666667
2025-06-04 00:00:00+00:00,WREX,Wrexham,Urban Traffic,4.816166666666667,10.30625,2.787131666666667,6,6.148520833333333,-1.3323541666666667
2025-06-05 00:00:00+00:00,CARD,Cardiff Centre,Urban Background,5.25,9.621708333333332,7.300724583333333,6,3.6210416666666667,1.6289583333333333
2025-06-05 00:00:00+00:00,CHP,Chepstow A48,Urban Traffic,3.9166666666666665,8.735999999999999,16.806310869565216,6,3.6210416666666667,0.2956249999999998
2025-06-05 00:00:00+00:00,PEMB,Narberth,Rural Background,2.9304583333333336,6.107291666666666,1.1586554166666667,6,3.9166666666666665,-0.9862083333333329
2025-06-05 00:00:00+00:00,NPT3,Newport,Urban Background,3.325416666666667,8.605208333333334,5.00411,6,3.9166666666666665,-0.5912499999999996
2025-06-05 00:00:00+00:00,PT4,Port Talbot Margam,Urban Industrial,4.166666666666667,10.789250000000001,5.4087275,6,3.6210416666666667,0.5456250000000002
2025-06-05 00:00:00+00:00,SWA1,Swansea Roadside,Urban Traffic,3.9166666666666665,11.1515,,6,3.6210416666666667,0.2956249999999998
2025-06-05 00:00:00+00:00,WREX,Wrexham,Urban Traffic,1.5821666666666667,2.9135416666666667,7.364289583333334,6,3.9166666666666665,-2.3345
2025-06-06 00:00:00+00:00,CARD,Cardiff Centre,Urban Background,4.791666666666667,12.721666666666666,7.98950375,6,4.2799375,0.511729166666667
2025-06-06 00:00:00+00:00,CHP,Chepstow A48,Urban Traffic,5.583333333333333,12.278833333333333,18.591719583333333,6,4.196604166666667,1.3867291666666661
2025-06-06 00:00:00+00:00,PEMB,Narberth,Rural Background,3.4748750000000004,8.160416666666666,1.750155652173913,6,4.875,-1.4001249999999996
2025-06-06 00:00:00+00:00,NPT3,Newport,Urban Background,3.6015416666666664,11.135416666666666,3.9577033333333334,6,4.875,-1.2734583333333336
2025-06-06 00:00:00+00:00,PT4,Port Talbot Margam,Urban Industrial,5.083333333333333,12.117708333333333,5.942199166666666,6,4.196604166666667,0.8867291666666661
2025-06-06 00:00:00+00:00,SWA1,Swansea Roadside,Urban Traffic,4.958333333333333,11.111416666666665,7.487901666666667,6,4.196604166666667,0.7617291666666661
2025-06-06 00:00:00+00:00,WREX,Wrexham,Urban Traffic,2.785083333333333,6.40625,4.93666875,6,4.875,-2.089916666666667
2025-06-07 00:00:00+00:00,CARD,Cardiff Centre,Urban Background,4.083333333333333,6.199750000000001,7.92125875,6,2.25675,1.8265833333333332
2025-06-07 00:00:00+00:00,CHP,Chepstow A48,Urban Traffic,4.0,7.125666666666667,19.338022916666667,6,2.25675,1.7432500000000002
2025-06-07 00:00:00+00:00,PEMB,Narberth,Rural Background,1.4968333333333332,3.283333333333333,1.316278181818182,6,2.7775833333333333,-1.28075
2025-06-07 00:00:00+00:00,NPT3,Newport,Urban Background,1.9035,3.8989583333333333,4.7542,6,2.7775833333333333,-0.8740833333333333
2025-06-07 00:00:00+00:00,PT4,Port Talbot Margam,Urban Industrial,3.2083333333333335,4.629708333333333,6.996979583333332,6,2.25675,0.9515833333333337
2025-06-07 00:00:00+00:00,SWA1,Swansea Roadside,Urban Traffic,2.1666666666666665,4.227125,9.021551666666666,6,2.7775833333333333,-0.6109166666666668
2025-06-07 00:00:00+00:00,WREX,Wrexham,Urban Traffic,2.346833333333333,4.660416666666666,6.120608333333333,6,2.6875,-0.3406666666666669
2025-06-08 00:00:00+00:00,CARD,Cardiff Centre,Urban Background,6.166666666666667,12.600833333333334,5.5699974999999995,6,6.9389375,-0.7722708333333328
2025-06-08 00:00:00+00:00,CHP,Chepstow A48,Urban Traffic,6.875,13.003416666666666,16.19773125,6,6.631872282608695,0.2431277173913049
2025-06-08 00:00:00+00:00,PEMB,Narberth,Rural Background,7.9383333333333335,12.1,1.25893,6,6.567934782608695,1.3703985507246381
2025-06-08 00:00:00+00:00,NPT3,Newport,Urban Background,5.947375,11.205208333333333,2.198765416666667,6,6.9389375,-0.9915624999999997
2025-06-08 00:00:00+00:00,PT4,Port Talbot Margam,Urban Industrial,7.333333333333333,12.037208333333334,4.081731304347826,6,6.567934782608695,0.7653985507246377
2025-06-08 00:00:00+00:00,SWA1,Swansea Roadside,Urban Traffic,6.260869565217392,13.647625,6.19067,6,6.9389375,-0.6780679347826082
2025-06-08 00:00:00+00:00,WREX,Wrexham,Urban Traffic,7.0028749999999995,10.419791666666667,2.6965325,6,6.567934782608695,0.4349402173913042
2025-06-09 00:00:00+00:00,CARD,Cardiff Centre,Urban Background,15.375,21.216,6.555905,6,16.444895833333334,-1.0698958333333337
2025-06-09 00:00:00+00:00,CHP,Chepstow A48,Urban Traffic,16.625,22.74591666666667,18.92917458333333,6,15.819895833333334,0.8051041666666663
2025-06-09 00:00:00+00:00,PEMB,Narberth,Rural Background,16.264791666666667,20.99895833333333,1.76059125,6,16.0,0.2647916666666674
2025-06-09 00:00:00+00:00,NPT3,Newport,Urban Background,17.853791666666666,23.915625000000002,3.8244787500000004,6,15.819895833333334,2.0338958333333323
2025-06-09 00:00:00+00:00,PT4,Port Talbot Margam,Urban Industrial,14.583333333333334,23.269333333333332,6.108976666666667,6,16.444895833333334,-1.8615624999999998
2025-06-09 00:00:00+00:00,SWA1,Swansea Roadside,Urban Traffic,14.083333333333334,20.330458333333333,6.758980833333333,6,16.444895833333334,-2.3615625
2025-06-09 00:00:00+00:00,WREX,Wrexham,Urban Traffic,19.16870833333333,23.2625,7.456240833333333,6,15.819895833333334,3.3488124999999975
2025-06-10 00:00:00+00:00,CARD,Cardiff Centre,Urban Background,4.583333333333333,8.897041666666667,7.566325416666667,6,4.3125,0.27083333333333304
2025-06-10 00:00:00+00:00,CHP,Chepstow A48,Urban Traffic,4.0,8.023521739130434,15.493096086956522,6,4.604166666666666,-0.6041666666666661
2025-06-10 00:00:00+00:00,PEMB,Narberth,Rural Background,3.8425,5.470833333333334,1.4458983333333333,6,4.604166666666666,-0.7616666666666663
2025-06-10 00:00:00+00:00,NPT3,Newport,Urban Background,2.4469583333333333,5.257291666666666,5.42507625,6,4.604166666666666,-2.1572083333333327
2025-06-10 00:00:00+00:00,PT4,Port Talbot Margam,Urban Industrial,5.583333333333333,8.333416666666666,6.215688750000001,6,4.291666666666666,1.291666666666667
2025-06-10 00:00:00+00:00,SWA1,Swansea Roadside,Urban Traffic,4.625,7.045208333333334,8.173300833333334,6,4.291666666666666,0.3333333333333339
2025-06-10 00:00:00+00:00,WREX,Wrexham,Urban Traffic,6.134083333333333,8.707291666666666,7.829433478260869,6,4.291666666666666,1.8424166666666668
2025-06-11 00:00:00+00:00,CARD,Cardiff Centre,Urban Background,7.625,15.096874999999999,14.048507916666667,6,6.867270833333334,0.7577291666666657
2025-06-11 00:00:00+00:00,CHP,Chepstow A48,Urban Traffic,7.541666666666667,13.768291666666668,20.98211739130435,6,6.867270833333334,0.6743958333333326
2025-06-11 00:00:00+00:00,PEMB,Narberth,Rural Background,6.734541666666668,11.077083333333334,2.61439125,6,7.270833333333334,-0.5362916666666662
2025-06-11 00:00:00+00:00,NPT3,Newport,Urban Background,5.818541666666667,12.183333333333332,9.449052083333333,6,7.270833333333334,-1.4522916666666665
2025-06-11 00:00:00+00:00,PT4,Port Talbot Margam,Urban Industrial,6.416666666666667,28.865333333333336,7.336972916666667,6,7.270833333333334,-0.854166666666667
2025-06-11 00:00:00+00:00,SWA1,Swansea Roadside,Urban Traffic,7.0,13.929416666666667,15.868764166666667,6,7.138104166666667,-0.13810416666666736
2025-06-11 00:00:00+00:00,WREX,Wrexham,Urban Traffic,9.561708333333334,14.668750000000001,13.189549166666666,6,6.867270833333334,2.6944374999999994
2025-06-12 00:00:00+00:00,CARD,Cardiff Centre,Urban Background,10.416666666666666,17.673458333333333,13.1858425,6,9.703187499999999,0.7134791666666676
2025-06-12 00:00:00+00:00,CHP,Chepstow A48,Urban Traffic,9.666666666666666,19.404458333333334,23.03773,6,10.078187499999999,-0.41152083333333245
2025-06-12 00:00:00+00:00,PEMB,Narberth,Rural Background,8.871875000000001,12.621875000000001,4.43966375,6,10.078187499999999,-1.2063124999999975
2025-06-12 00:00:00+00:00,NPT3,Newport,Urban Background,9.229541666666666,16.462500000000002,13.862861666666667,6,10.078187499999999,-0.8486458333333324
2025-06-12 00:00:00+00:00,PT4,Port Talbot Margam,Urban Industrial,10.958333333333334,14.251458333333334,10.583011666666666,6,9.703187499999999,1.2551458333333354
2025-06-12 00:00:00+00:00,SWA1,Swansea Roadside,Urban Traffic,10.458333333333334,14.895583333333335,21.277061666666665,6,9.703187499999999,0.7551458333333354
2025-06-12 00:00:00+00:00,WREX,Wrexham,Urban Traffic,9.739708333333333,14.889583333333334,15.665087083333333,6,10.041666666666666,-0.30195833333333333
2025-06-13 00:00:00+00:00,CARD,Cardiff Centre,Urban Background,8.166666666666666,16.385166666666667,8.411712916666668,6,7.4357291666666665,0.7309374999999996
2025-06-13 00:00:00+00:00,CHP,Chepstow A48,Urban Traffic,7.625,16.586458333333333,14.216475833333334,6,7.7065624999999995,-0.08156249999999954
2025-06-13 00:00:00+00:00,PEMB,Narberth,Rural Background,7.063791666666667,11.205208333333333,1.8868079166666665,6,7.895833333333333,-0.8320416666666661
2025-06-13 00:00:00+00:00,NPT3,Newport,Urban Background,7.2112083333333326,13.552083333333334,5.615817916666667,6,7.895833333333333,-0.6846250000000005
2025-06-13 00:00:00+00:00,PT4,Port Talbot Margam,Urban Industrial,8.791666666666666,15.62025,9.705420416666668,6,7.4357291666666665,1.3559374999999996
2025-06-13 00:00:00+00:00,SWA1,Swansea Roadside,Urban Traffic,9.041666666666666,15.298250000000001,15.941171249999998,6,7.4357291666666665,1.6059374999999996
2025-06-13 00:00:00+00:00,WREX,Wrexham,Urban Traffic,7.246458333333333,11.432291666666666,10.714680833333333,6,7.895833333333333,-0.649375
2025-06-14 00:00:00+00:00,CARD,Cardiff Centre,Urban Background,5.791666666666667,10.587916666666667,6.831271304347825,6,5.660083333333333,0.13158333333333427
2025-06-14 00:00:00+00:00,CHP,Chepstow A48,Urban Traffic,6.5,12.077541666666667,15.132588750000002,6,5.305916666666667,1.1940833333333334
2025-06-14 00:00:00+00:00,PEMB,Narberth,Rural Background,4.820166666666666,7.502083333333334,1.67186875,6,6.145833333333334,-1.3256666666666677
2025-06-14 00:00:00+00:00,NPT3,Newport,Urban Background,4.732708333333333,8.160416666666666,3.038365,6,6.145833333333334,-1.4131250000000009
2025-06-14 00:00:00+00:00,PT4,Port Talbot Margam,Urban Industrial,8.0,21.014833333333332,4.977069166666666,6,5.305916666666667,2.6940833333333334
2025-06-14 00:00:00+00:00,SWA1,Swansea Roadside,Urban Traffic,6.875,10.990541666666667,6.794055,6,5.305916666666667,1.5690833333333334
2025-06-14 00:00:00+00:00,WREX,Wrexham,Urban Traffic,4.577458333333333,7.173958333333334,6.9064975,6,6.145833333333334,-1.5683750000000005
2025-06-15 00:00:00+00:00,CARD,Cardiff Centre,Urban Background,8.041666666666666,14.774708333333335,5.699678333333334,6,6.204479166666667,1.8371874999999989
2025-06-15 00:00:00+00:00,CHP,Chepstow A48,Urban Traffic,6.291666666666667,13.043750000000001,14.232645217391305,6,6.454479166666667,-0.16281250000000025
2025-06-15 00:00:00+00:00,PEMB,Narberth,Rural Background,5.244666666666666,8.979166666666666,1.1670133333333335,6,6.541666666666667,-1.2970000000000006
2025-06-15 00:00:00+00:00,NPT3,Newport,Urban Background,6.117291666666667,11.034374999999999,2.187755,6,6.541666666666667,-0.4243750000000004
2025-06-15 00:00:00+00:00,PT4,Port Talbot Margam,Urban Industrial,8.708333333333334,15.257916666666667,3.834362083333333,6,6.204479166666667,2.5038541666666667
2025-06-15 00:00:00+00:00,SWA1,Swansea Roadside,Urban Traffic,6.791666666666667,13.164541666666667,5.453361666666667,6,6.204479166666667,0.5871874999999998
2025-06-15 00:00:00+00:00,WREX,Wrexham,Urban Traffic,3.6113750000000002,5.442708333333333,3.7236612499999997,6,6.541666666666667,-2.9302916666666667
2025-06-16 00:00:00+00:00,CARD,Cardiff Centre,Urban Background,7.869565217391305,13.526727272727273,5.9889020833333335,6,7.357041666666667,0.5125235507246373
2025-06-16 00:00:00+00:00,CHP,Chepstow A48,Urban Traffic,6.416666666666667,14.895625,20.978119166666666,6,7.777136775362319,-1.3604701086956519
2025-06-16 00:00:00+00:00,PEMB,Narberth,Rural Background,7.029375000000001,10.291666666666666,2.214487083333333,6,7.777136775362319,-0.747761775362318
2025-06-16 00:00:00+00:00,NPT3,Newport,Urban Background,7.684708333333333,12.44375,4.620532083333333,6,7.449470108695653,0.23523822463767985
2025-06-16 00:00:00+00:00,PT4,Port Talbot Margam,Urban Industrial,8.041666666666666,14.533291666666665,5.43083125,6,7.357041666666667,0.6846249999999987
2025-06-16 00:00:00+00:00,SWA1,Swansea Roadside,Urban Traffic,8.208333333333334,14.291708333333332,8.2102225,6,7.357041666666667,0.8512916666666666
2025-06-16 00:00:00+00:00,WREX,Wrexham,Urban Traffic,6.264666666666667,9.605208333333334,8.95043875,6,7.777136775362319,-1.512470108695652
2025-06-17 00:00:00+00:00,CARD,Cardiff Centre,Urban Background,5.916666666666667,10.306166666666668,6.4747441666666665,6,6.493751893939393,-0.5770852272727263
2025-06-17 00:00:00+00:00,CHP,Chepstow A48,Urban Traffic,6.125,13.526833333333334,19.214155416666667,6,6.493751893939393,-0.3687518939393932
2025-06-17 00:00:00+00:00,PEMB,Narberth,Rural Background,6.532958333333333,9.308333333333334,1.3349933333333333,6,6.289772727272727,0.24318560606060657
2025-06-17 00:00:00+00:00,NPT3,Newport,Urban Background,5.108125,9.951041666666667,3.681735909090909,6,6.493751893939393,-1.385626893939393
2025-06-17 00:00:00+00:00,PT4,Port Talbot Margam,Urban Industrial,6.826086956521739,11.720391304347826,4.5130295652173915,6,6.289772727272727,0.5363142292490126
2025-06-17 00:00:00+00:00,SWA1,Swansea Roadside,Urban Traffic,6.454545454545454,10.910000000000002,8.537146666666667,6,6.328979166666667,0.12556628787878754
2025-06-17 00:00:00+00:00,WREX,Wrexham,Urban Traffic,7.37825,10.228125,4.381176086956522,6,6.289772727272727,1.0884772727272738
2025-06-18 00:00:00+00:00,CARD,Cardiff Centre,Urban Background,9.083333333333334,13.647583333333335,9.313150833333333,6,7.367875,1.7154583333333342
2025-06-18 00:00:00+00:00,CHP,Chepstow A48,Urban Traffic,6.208333333333333,15.338416666666667,20.97611086956522,6,8.466604166666666,-2.2582708333333334
2025-06-18 00:00:00+00:00,PEMB,Narberth,Rural Background,6.8858749999999995,9.757291666666667,3.0875420833333336,6,8.466604166666666,-1.580729166666667
2025-06-18 00:00:00+00:00,NPT3,Newport,Urban Background,7.849875,16.364583333333332,9.43010875,6,7.984604166666667,-0.13472916666666723
2025-06-18 00:00:00+00:00,PT4,Port Talbot Margam,Urban Industrial,11.75,13.889083333333334,6.780767916666666,6,7.367875,4.382125
2025-06-18 00:00:00+00:00,SWA1,Swansea Roadside,Urban Traffic,9.333333333333334,15.590909090909092,14.210415416666669,6,7.367875,1.9654583333333342
2025-06-18 00:00:00+00:00,WREX,Wrexham,Urban Traffic,6.096666666666667,10.3375,8.231611666666668,6,8.466604166666666,-2.3699375
2025-06-19 00:00:00+00:00,CARD,Cardiff Centre,Urban Background,11.166666666666666,18.398041666666668,15.763772916666667,6,9.680708333333333,1.4859583333333326
2025-06-19 00:00:00+00:00,CHP,Chepstow A48,Urban Traffic,9.5,18.760291666666667,27.51886958333333,6,10.097375,-0.5973749999999995
2025-06-19 00:00:00+00:00,PEMB,Narberth,Rural Background,8.328458333333334,14.154166666666667,3.5661087499999997,6,10.097375,-1.7689166666666658
2025-06-19 00:00:00+00:00,NPT3,Newport,Urban Background,8.792375,17.384375000000002,11.65813,6,10.097375,-1.3049999999999997
2025-06-19 00:00:00+00:00,PT4,Port Talbot Margam,Urban Industrial,10.333333333333334,16.143583333333336,11.299389583333332,6,9.680708333333333,0.6526250000000005
2025-06-19 00:00:00+00:00,SWA1,Swansea Roadside,Urban Traffic,11.708333333333334,20.652583333333332,25.496610833333335,6,9.680708333333333,2.0276250000000005
2025-06-19 00:00:00+00:00,WREX,Wrexham,Urban Traffic,9.861416666666667,17.035416666666666,15.658720416666666,6,9.916666666666668,-0.05525000000000091
2025-06-20 00:00:00+00:00,CARD,Cardiff Centre,Urban Background,12.833333333333334,22.222624999999997,14.327858333333333,6,11.777770833333333,1.0555625000000006
2025-06-20 00:00:00+00:00,CHP,Chepstow A48,Urban Traffic,11.666666666666666,21.618708333333334,33.99353,6,12.152770833333333,-0.4861041666666672
2025-06-20 00:00:00+00:00,PEMB,Narberth,Rural Background,11.1165,24.448958333333334,4.369965,6,12.152770833333333,-1.036270833333333
2025-06-20 00:00:00+00:00,NPT3,Newport,Urban Background,10.626916666666666,21.217708333333334,14.37289391304348,6,12.152770833333333,-1.525854166666667
2025-06-20 00:00:00+00:00,PT4,Port Talbot Margam,Urban Industrial,12.416666666666666,21.739541666666668,6.419488333333334,6,11.777770833333333,0.6388958333333328
2025-06-20 00:00:00+00:00,SWA1,Swansea Roadside,Urban Traffic,12.958333333333334,26.248541666666668,26.73616625,6,11.777770833333333,1.1805625000000006
2025-06-20 00:00:00+00:00,WREX,Wrexham,Urban Traffic,11.888875,20.816666666666666,19.52044916666667,6,12.041666666666666,-0.15279166666666555
2025-06-21 00:00:00+00:00,CARD,Cardiff Centre,Urban Background,12.041666666666666,20.410958333333333,12.204696666666665,6,10.898333333333333,1.1433333333333326
2025-06-21 00:00:00+00:00,CHP,Chepstow A48,Urban Traffic,9.25,21.296541666666666,24.950829166666665,6,11.687645833333335,-2.4376458333333346
2025-06-21 00:00:00+00:00,PEMB,Narberth,Rural Background,10.254708333333333,15.738541666666668,3.873192083333333,6,11.687645833333335,-1.4329375000000013
2025-06-21 00:00:00+00:00,NPT3,Newport,Urban Background,10.247666666666666,18.676041666666666,12.52298125,6,11.687645833333335,-1.439979166666669
2025-06-21 00:00:00+00:00,PT4,Port Talbot Margam,Urban Industrial,12.208333333333334,19.001916666666666,6.691027500000001,6,10.898333333333333,1.3100000000000005
2025-06-21 00:00:00+00:00,SWA1,Swansea Roadside,Urban Traffic,11.833333333333334,21.53833333333333,16.816032083333333,6,10.898333333333333,0.9350000000000005
2025-06-21 00:00:00+00:00,WREX,Wrexham,Urban Traffic,11.541958333333334,19.565625,15.260322916666667,6,11.044020833333335,0.49793749999999903
2025-06-22 00:00:00+00:00,CARD,Cardiff Centre,Urban Background,5.625,11.473583333333332,5.569204583333334,6,5.134166666666667,0.4908333333333328
2025-06-22 00:00:00+00:00,CHP,Chepstow A48,Urban Traffic,2.9166666666666665,13.043625,9.410553333333333,6,5.399,-2.4823333333333335
2025-06-22 00:00:00+00:00,PEMB,Narberth,Rural Background,5.173,9.096874999999999,1.0562229166666668,6,5.360166666666666,-0.18716666666666626
2025-06-22 00:00:00+00:00,NPT3,Newport,Urban Background,5.0953333333333335,10.107291666666667,1.4675470833333335,6,5.399,-0.30366666666666653
2025-06-22 00:00:00+00:00,PT4,Port Talbot Margam,Urban Industrial,8.0,16.707125,1.5879329166666667,6,5.134166666666667,2.865833333333333
2025-06-22 00:00:00+00:00,SWA1,Swansea Roadside,Urban Traffic,6.583333333333333,14.613833333333334,2.6390204166666664,6,5.134166666666667,1.4491666666666658
2025-06-22 00:00:00+00:00,WREX,Wrexham,Urban Traffic,3.515125,5.7437499999999995,3.9229341666666664,6,5.399,-1.8838750000000002
2025-06-23 00:00:00+00:00,CARD,Cardiff Centre,Urban Background,5.458333333333333,14.935875000000001,4.78220625,6,5.066437499999999,0.3918958333333338
2025-06-23 00:00:00+00:00,CHP,Chepstow A48,Urban Traffic,5.333333333333333,14.855416666666665,14.373822083333335,6,5.128937499999999,0.20439583333333378
2025-06-23 00:00:00+00:00,PEMB,Narberth,Rural Background,4.683666666666666,10.223958333333334,0.8598016666666667,6,5.395833333333333,-0.7121666666666666
2025-06-23 00:00:00+00:00,NPT3,Newport,Urban Background,4.799541666666666,14.636458333333332,2.11251625,6,5.395833333333333,-0.5962916666666667
2025-06-23 00:00:00+00:00,PT4,Port Talbot Margam,Urban Industrial,7.041666666666667,18.921375,4.529661666666667,6,5.066437499999999,1.9752291666666677
2025-06-23 00:00:00+00:00,SWA1,Swansea Roadside,Urban Traffic,5.708333333333333,14.8955,5.333257083333334,6,5.066437499999999,0.6418958333333338
2025-06-23 00:00:00+00:00,WREX,Wrexham,Urban Traffic,3.7735416666666666,7.89375,3.414641666666667,6,5.395833333333333,-1.6222916666666665
2025-06-24 00:00:00+00:00,CARD,Cardiff Centre,Urban Background,5.416666666666667,9.62175,5.495394999999999,6,3.172145833333333,2.244520833333334
2025-06-24 00:00:00+00:00,CHP,Chepstow A48,Urban Traffic,1.625,8.61525,11.291355416666667,6,3.3594791666666666,-1.7344791666666666
2025-06-24 00:00:00+00:00,PEMB,Narberth,Rural Background,3.0836666666666663,5.432291666666667,1.1976816666666668,6,3.3594791666666666,-0.27581250000000024
2025-06-24 00:00:00+00:00,NPT3,Newport,Urban Background,3.2606249999999997,7.314583333333334,2.673019565217391,6,3.271,-0.010375000000000245
2025-06-24 00:00:00+00:00,PT4,Port Talbot Margam,Urban Industrial,5.541666666666667,10.024291666666667,4.05991375,6,3.172145833333333,2.369520833333334
2025-06-24 00:00:00+00:00,SWA1,Swansea Roadside,Urban Traffic,3.4583333333333335,7.045083333333333,5.146800416666667,6,3.172145833333333,0.2861875000000005
2025-06-24 00:00:00+00:00,WREX,Wrexham,Urban Traffic,1.7942916666666668,3.938541666666667,5.2415225,6,3.3594791666666666,-1.5651874999999997
2025-06-25 00:00:00+00:00,CARD,Cardiff Centre,Urban Background,2.8333333333333335,5.515375,7.2063275,6,1.9683333333333335,0.865
2025-06-25 00:00:00+00:00,CHP,Chepstow A48,Urban Traffic,1.5,6.562125000000001,14.349085416666666,6,2.469104166666667,-0.9691041666666669
2025-06-25 00:00:00+00:00,PEMB,Narberth,Rural Background,2.1048750000000003,4.3,1.0413283333333334,6,2.3325625,-0.2276874999999996
2025-06-25 00:00:00+00:00,NPT3,Newport,Urban Background,1.8317916666666667,7.167708333333334,4.4150583333333335,6,2.469104166666667,-0.6373125000000002
2025-06-25 00:00:00+00:00,PT4,Port Talbot Margam,Urban Industrial,4.913043478260869,4.1168695652173914,4.902576086956522,6,1.9683333333333335,2.9447101449275355
2025-06-25 00:00:00+00:00,SWA1,Swansea Roadside,Urban Traffic,3.375,5.072500000000001,7.195979583333333,6,1.9683333333333335,1.4066666666666665
2025-06-25 00:00:00+00:00,WREX,Wrexham,Urban Traffic,1.4022916666666667,3.1437500000000003,6.924765416666666,6,2.469104166666667,-1.0668125000000002
2025-06-26 00:00:00+00:00,CARD,Cardiff Centre,Urban Background,6.125,16.868083333333335,6.194252083333333,6,4.504791666666667,1.6202083333333333
2025-06-26 00:00:00+00:00,CHP,Chepstow A48,Urban Traffic,3.9583333333333335,13.245,14.332669130434782,6,4.5896875,-0.6313541666666667
2025-06-26 00:00:00+00:00,PEMB,Narberth,Rural Background,4.5095833333333335,9.545833333333333,0.7977108333333334,6,4.584895833333333,-0.0753124999999999
2025-06-26 00:00:00+00:00,NPT3,Newport,Urban Background,4.669791666666667,12.691666666666668,3.0932262500000003,6,4.504791666666667,0.16500000000000004
2025-06-26 00:00:00+00:00,PT4,Port Talbot Margam,Urban Industrial,6.833333333333333,16.304666666666666,3.6693,6,4.504791666666667,2.3285416666666663
2025-06-26 00:00:00+00:00,SWA1,Swansea Roadside,Urban Traffic,4.5,14.211208333333333,5.092153333333333,6,4.5896875,-0.08968750000000014
2025-06-26 00:00:00+00:00,WREX,Wrexham,Urban Traffic,2.9609166666666664,6.4624999999999995,5.159565416666667,6,4.5896875,-1.6287708333333337
2025-06-27 00:00:00+00:00,CARD,Cardiff Centre,Urban Background,4.875,12.359333333333334,6.389313333333334,6,4.702208333333333,0.1727916666666669
2025-06-27 00:00:00+00:00,CHP,Chepstow A48,Urban Traffic,3.9166666666666665,11.513791666666668,13.912068333333332,6,4.860333333333333,-0.9436666666666667
2025-06-27 00:00:00+00:00,PEMB,Narberth,Rural Background,4.55875,8.169791666666667,0.6428616666666667,6,4.860333333333333,-0.3015833333333333
2025-06-27 00:00:00+00:00,NPT3,Newport,Urban Background,4.845666666666666,10.63125,5.15731,6,4.716875,0.12879166666666642
2025-06-27 00:00:00+00:00,PT4,Port Talbot Margam,Urban Industrial,7.416666666666667,17.109750000000002,5.446095833333334,6,4.702208333333333,2.714458333333334
2025-06-27 00:00:00+00:00,SWA1,Swansea Roadside,Urban Traffic,5.625,13.405999999999999,5.19794,6,4.702208333333333,0.9227916666666669
2025-06-27 00:00:00+00:00,WREX,Wrexham,Urban Traffic,3.2134583333333335,6.6812499999999995,6.239655416666667,6,4.860333333333333,-1.6468749999999996
2025-06-28 00:00:00+00:00,CARD,Cardiff Centre,Urban Background,5.454545454545454,11.715125,5.676225,6,4.511645833333334,0.9428996212121206
2025-06-28 00:00:00+00:00,CHP,Chepstow A48,Urban Traffic,2.0,7.447791666666667,10.718752916666666,6,5.597751893939394,-3.597751893939394
2025-06-28 00:00:00+00:00,PEMB,Narberth,Rural Background,5.740958333333334,9.325000000000001,0.9630833333333334,6,4.3684393939393935,1.3725189393939408
2025-06-28 00:00:00+00:00,NPT3,Newport,Urban Background,3.2823333333333333,5.79375,1.9836075,6,5.597751893939394,-2.315418560606061
2025-06-28 00:00:00+00:00,PT4,Port Talbot Margam,Urban Industrial,7.0,9.500958333333335,3.11661,6,4.3684393939393935,2.6315606060606065
2025-06-28 00:00:00+00:00,SWA1,Swansea Roadside,Urban Traffic,6.25,10.024333333333333,4.214132083333333,6,4.3684393939393935,1.8815606060606065
2025-06-28 00:00:00+00:00,WREX,Wrexham,Urban Traffic,2.9442500000000003,5.0531250000000005,2.75827125,6,5.597751893939394,-2.653501893939394
2025-06-29 00:00:00+00:00,CARD,Cardiff Centre,Urban Background,5.541666666666667,11.876125,6.1121670833333335,6,3.4325833333333335,2.1090833333333334
2025-06-29 00:00:00+00:00,CHP,Chepstow A48,Urban Traffic,1.7916666666666667,8.655541666666666,12.1777425,6,4.272666666666666,-2.480999999999999
2025-06-29 00:00:00+00:00,PEMB,Narberth,Rural Background,3.403166666666667,6.105208333333334,1.18978625,6,4.272666666666666,-0.869499999999999
2025-06-29 00:00:00+00:00,NPT3,Newport,Urban Background,3.4619999999999997,6.129166666666666,3.6926062500000003,6,4.24325,-0.78125
2025-06-29 00:00:00+00:00,PT4,Port Talbot Margam,Urban Industrial,5.083333333333333,11.111375,3.5544241666666667,6,3.4325833333333335,1.6507499999999995
2025-06-29 00:00:00+00:00,SWA1,Swansea Roadside,Urban Traffic,6.541666666666667,9.86325,6.116195,6,3.4325833333333335,3.1090833333333334
2025-06-29 00:00:00+00:00,WREX,Wrexham,Urban Traffic,2.2769583333333334,3.8562499999999997,7.403690833333333,6,4.272666666666666,-1.9957083333333325
2025-06-30 00:00:00+00:00,CARD,Cardiff Centre,Urban Background,6.541666666666667,14.815041666666666,10.371301666666666,6,6.4451754385964914,0.09649122807017552
2025-06-30 00:00:00+00:00,CHP,Chepstow A48,Urban Traffic,6.473684210526316,12.955954545454546,17.27643347826087,6,6.479166666666667,-0.005482456140351033
2025-06-30 00:00:00+00:00,PEMB,Narberth,Rural Background,6.958583333333333,11.24375,2.8646583333333333,6,6.4451754385964914,0.5134078947368419
2025-06-30 00:00:00+00:00,NPT3,Newport,Urban Background,5.556208333333333,12.328125,9.642638333333332,6,6.5076754385964914,-0.9514671052631583
2025-06-30 00:00:00+00:00,PT4,Port Talbot Margam,Urban Industrial,6.916666666666667,14.211125000000001,7.0854470833333325,6,6.4451754385964914,0.4714912280701755
2025-06-30 00:00:00+00:00,SWA1,Swansea Roadside,Urban Traffic,6.416666666666667,12.761916666666666,10.497984583333333,6,6.5076754385964914,-0.09100877192982448
2025-06-30 00:00:00+00:00,WREX,Wrexham,Urban Traffic,5.693833333333333,10.005208333333334,12.057579583333334,6,6.5076754385964914,-0.8138421052631584
2025-07-01 00:00:00+00:00,CARD,Cardiff Centre,Urban Background,,15.33317391304348,7.094352608695652,6,5.4749375,
2025-07-01 00:00:00+00:00,CHP,Chepstow A48,Urban Traffic,5.791666666666667,12.882624999999999,16.93242375,5,5.1582083333333335,0.6334583333333335
2025-07-01 00:00:00+00:00,PEMB,Narberth,Rural Background,3.8876666666666666,6.890625,1.5781495833333334,5,5.791666666666667,-1.9040000000000004
2025-07-01 00:00:00+00:00,NPT3,Newport,Urban Background,5.1582083333333335,12.375,7.7703637500000005,5,5.791666666666667,-0.6334583333333335
2025-07-01 00:00:00+00:00,PT4,Port Talbot Margam,Urban Industrial,5.916666666666667,12.600875,5.867544166666666,5,5.1582083333333335,0.7584583333333335
2025-07-01 00:00:00+00:00,SWA1,Swansea Roadside,Urban Traffic,5.863636363636363,9.222818181818182,6.773700434782609,5,5.1582083333333335,0.7054280303030298
2025-07-01 00:00:00+00:00,WREX,Wrexham,Urban Traffic,3.4728333333333334,6.864583333333333,7.942187727272727,5,5.791666666666667,-2.3188333333333335
2025-07-02 00:00:00+00:00,CARD,Cardiff Centre,Urban Background,,9.88159090909091,7.5180775,6,3.7804583333333333,
2025-07-02 00:00:00+00:00,CHP,Chepstow A48,Urban Traffic,4.583333333333333,9.339958333333334,12.506531739130436,5,2.9775833333333335,1.6057499999999996
2025-07-02 00:00:00+00:00,PEMB,Narberth,Rural Background,2.9775833333333335,6.814583333333334,2.0349454166666665,5,4.583333333333333,-1.6057499999999996
2025-07-02 00:00:00+00:00,NPT3,Newport,Urban Background,2.143291666666667,6.195833333333333,7.253034166666667,5,4.583333333333333,-2.440041666666666
2025-07-02 00:00:00+00:00,PT4,Port Talbot Margam,Urban Industrial,5.75,11.352875,4.980744583333333,5,2.9775833333333335,2.7724166666666665
2025-07-02 00:00:00+00:00,SWA1,Swansea Roadside,Urban Traffic,4.833333333333333,9.541208333333334,5.330085416666667,5,2.9775833333333335,1.8557499999999996
2025-07-02 00:00:00+00:00,WREX,Wrexham,Urban Traffic,2.7447083333333335,8.677083333333334,3.842310416666667,5,4.583333333333333,-1.8386249999999995
2025-07-03 00:00:00+00:00,CARD,Cardiff Centre,Urban Background,,10.145125,8.034735416666667,6,3.203333333333333,
2025-07-03 00:00:00+00:00,CHP,Chepstow A48,Urban Traffic,3.6666666666666665,9.984041666666666,17.50174541666667,5,2.7399999999999998,0.9266666666666667
2025-07-03 00:00:00+00:00,PEMB,Narberth,Rural Background,2.724,5.76875,1.3334487499999998,5,3.6666666666666665,-0.9426666666666663
2025-07-03 00:00:00+00:00,NPT3,Newport,Urban Background,2.7399999999999998,9.165217391304349,7.90404625,5,3.6666666666666665,-0.9266666666666667
2025-07-03 00:00:00+00:00,PT4,Port Talbot Margam,Urban Industrial,5.208333333333333,9.058166666666667,5.050655,5,2.7399999999999998,2.4683333333333333
2025-07-03 00:00:00+00:00,SWA1,Swansea Roadside,Urban Traffic,5.25,9.501,10.072319166666666,5,2.7399999999999998,2.5100000000000002
2025-07-03 00:00:00+00:00,WREX,Wrexham,Urban Traffic,2.0518750000000003,4.385416666666667,3.5782875,5,3.6666666666666665,-1.6147916666666662
2025-07-04 00:00:00+00:00,CARD,Cardiff Centre,Urban Background,,15.781291666666666,7.336015833333334,6,5.8068541666666675,
2025-07-04 00:00:00+00:00,CHP,Chepstow A48,Urban Traffic,5.125,15.821541666666667,15.087438333333333,5,5.809833333333334,-0.6848333333333336
2025-07-04 00:00:00+00:00,PEMB,Narberth,Rural Background,5.803875000000001,11.085416666666667,1.1198795833333333,5,5.809833333333334,-0.005958333333333066
2025-07-04 00:00:00+00:00,NPT3,Newport,Urban Background,5.809833333333334,17.0625,4.506869583333333,5,5.803875000000001,0.005958333333333066
2025-07-04 00:00:00+00:00,PT4,Port Talbot Margam,Urban Industrial,8.291666666666666,17.391583333333333,4.1470025,5,5.803875000000001,2.4877916666666655
2025-07-04 00:00:00+00:00,SWA1,Swansea Roadside,Urban Traffic,6.25,15.539833333333334,7.551841666666667,5,5.803875000000001,0.44612499999999944
2025-07-04 00:00:00+00:00,WREX,Wrexham,Urban Traffic,5.102125,10.200000000000001,6.0993691666666665,5,5.809833333333334,-0.7077083333333336
2025-07-05 00:00:00+00:00,CARD,Cardiff Centre,Urban Background,,9.017791666666666,4.861274166666667,6,2.8894166666666665,
2025-07-05 00:00:00+00:00,CHP,Chepstow A48,Urban Traffic,1.3333333333333333,8.414041666666668,11.206387916666666,5,3.2916666666666665,-1.9583333333333333
2025-07-05 00:00:00+00:00,PEMB,Narberth,Rural Background,3.3874583333333335,5.6031249999999995,0.8683845833333333,5,2.4871666666666665,0.9002916666666669
2025-07-05 00:00:00+00:00,NPT3,Newport,Urban Background,2.4871666666666665,5.539583333333333,1.8928508333333334,5,3.2916666666666665,-0.8045
2025-07-05 00:00:00+00:00,PT4,Port Talbot Margam,Urban Industrial,3.3333333333333335,10.628124999999999,2.414126086956522,5,2.4871666666666665,0.846166666666667
2025-07-05 00:00:00+00:00,SWA1,Swansea Roadside,Urban Traffic,3.2916666666666665,6.360875,4.277047916666667,5,2.4871666666666665,0.8045
2025-07-05 00:00:00+00:00,WREX,Wrexham,Urban Traffic,2.162916666666667,4.3374999999999995,2.1290037500000003,5,3.2916666666666665,-1.1287499999999997
2025-07-06 00:00:00+00:00,CARD,Cardiff Centre,Urban Background,,8.172416666666667,4.74862875,6,2.7240833333333336,
2025-07-06 00:00:00+00:00,CHP,Chepstow A48,Urban Traffic,1.7083333333333333,6.8842083333333335,8.831595833333333,5,2.7938333333333336,-1.0855000000000004
2025-07-06 00:00:00+00:00,PEMB,Narberth,Rural Background,2.654333333333333,4.986458333333333,1.0636733333333332,5,2.7938333333333336,-0.1395000000000004
2025-07-06 00:00:00+00:00,NPT3,Newport,Urban Background,2.5658749999999997,4.822916666666667,2.7157416666666667,5,2.7938333333333336,-0.22795833333333393
2025-07-06 00:00:00+00:00,PT4,Port Talbot Margam,Urban Industrial,4.458333333333333,5.757000000000001,3.4460775,5,2.654333333333333,1.8039999999999998
2025-07-06 00:00:00+00:00,SWA1,Swansea Roadside,Urban Traffic,3.5,5.676458333333334,2.8984058333333333,5,2.654333333333333,0.8456666666666668
2025-07-06 00:00:00+00:00,WREX,Wrexham,Urban Traffic,2.7938333333333336,4.864583333333333,3.60573125,5,2.654333333333333,0.1395000000000004
2025-07-07 00:00:00+00:00,CARD,Cardiff Centre,Urban Background,,10.547625,5.4056283333333335,6,4.543535984848485,
2025-07-07 00:00:00+00:00,CHP,Chepstow A48,Urban Traffic,4.125,9.78275,11.3571325,5,4.636363636363637,-0.5113636363636367
2025-07-07 00:00:00+00:00,PEMB,Narberth,Rural Background,4.450708333333333,9.136458333333334,0.8461474999999999,5,4.636363636363637,-0.18565530303030364
2025-07-07 00:00:00+00:00,NPT3,Newport,Urban Background,3.562333333333333,7.481249999999999,4.38831625,5,4.636363636363637,-1.0740303030303036
2025-07-07 00:00:00+00:00,PT4,Port Talbot Margam,Urban Industrial,6.708333333333333,11.312624999999999,4.21086625,5,4.450708333333333,2.257625
2025-07-07 00:00:00+00:00,SWA1,Swansea Roadside,Urban Traffic,4.636363636363637,10.671999999999999,3.6435475,5,4.450708333333333,0.18565530303030364
2025-07-07 00:00:00+00:00,WREX,Wrexham,Urban Traffic,4.906583333333333,9.451041666666667,5.62803125,5,4.450708333333333,0.4558749999999998
2025-07-08 00:00:00+00:00,CARD,Cardiff Centre,Urban Background,,9.380208333333334,7.245066666666666,6,3.3629375,
2025-07-08 00:00:00+00:00,CHP,Chepstow A48,Urban Traffic,3.25,11.393083333333335,14.23263,5,3.4758750000000003,-0.22587500000000027
2025-07-08 00:00:00+00:00,PEMB,Narberth,Rural Background,2.532375,4.85625,0.9847008333333332,5,3.4758750000000003,-0.9435000000000002
2025-07-08 00:00:00+00:00,NPT3,Newport,Urban Background,3.4758750000000003,8.748958333333333,4.9133675,5,3.25,0.22587500000000027
2025-07-08 00:00:00+00:00,PT4,Port Talbot Margam,Urban Industrial,5.291666666666667,8.534708333333333,6.582436250000001,5,3.25,2.041666666666667
2025-07-08 00:00:00+00:00,SWA1,Swansea Roadside,Urban Traffic,3.7916666666666665,7.608791666666666,6.178122500000001,5,3.25,0.5416666666666665
2025-07-08 00:00:00+00:00,WREX,Wrexham,Urban Traffic,3.2144166666666667,8.043750000000001,5.4727275,5,3.4758750000000003,-0.26145833333333357
2025-07-09 00:00:00+00:00,CARD,Cardiff Centre,Urban Background,,9.903541666666667,10.060126666666667,6,3.6850132575757577,
2025-07-09 00:00:00+00:00,CHP,Chepstow A48,Urban Traffic,2.5416666666666665,8.695791666666667,16.999077500000002,5,3.6882083333333333,-1.1465416666666668
2025-07-09 00:00:00+00:00,PEMB,Narberth,Rural Background,3.6882083333333333,6.289583333333333,3.0395679166666665,5,3.6818181818181817,0.006390151515151654
2025-07-09 00:00:00+00:00,NPT3,Newport,Urban Background,4.322875,12.110416666666666,8.467694166666666,5,3.6818181818181817,0.6410568181818181
2025-07-09 00:00:00+00:00,PT4,Port Talbot Margam,Urban Industrial,3.6818181818181817,8.065652173913042,4.754171818181818,5,3.6882083333333333,-0.006390151515151654
2025-07-09 00:00:00+00:00,SWA1,Swansea Roadside,Urban Traffic,5.875,8.011416666666667,8.514314583333332,5,3.6818181818181817,2.1931818181818183
2025-07-09 00:00:00+00:00,WREX,Wrexham,Urban Traffic,3.011041666666667,5.610416666666667,8.811644166666666,5,3.6882083333333333,-0.6771666666666665
2025-07-10 00:00:00+00:00,CARD,Cardiff Centre,Urban Background,,13.083874999999999,12.919269166666666,6,4.452708333333334,
2025-07-10 00:00:00+00:00,CHP,Chepstow A48,Urban Traffic,2.869565217391304,10.346291666666668,18.8229475,5,4.540208333333333,-1.670643115942029
2025-07-10 00:00:00+00:00,PEMB,Narberth,Rural Background,3.3324166666666666,7.004166666666666,2.4049245833333335,5,4.540208333333333,-1.2077916666666666
2025-07-10 00:00:00+00:00,NPT3,Newport,Urban Background,4.365208333333333,12.366666666666667,8.554777916666668,5,4.540208333333333,-0.17499999999999982
2025-07-10 00:00:00+00:00,PT4,Port Talbot Margam,Urban Industrial,6.333333333333333,13.52675,7.717021666666667,5,4.365208333333333,1.9681249999999997
2025-07-10 00:00:00+00:00,SWA1,Swansea Roadside,Urban Traffic,6.25,11.95675,13.218967083333332,5,4.365208333333333,1.8847916666666666
2025-07-10 00:00:00+00:00,WREX,Wrexham,Urban Traffic,4.540208333333333,9.415625,12.128738749999998,5,4.365208333333333,0.17499999999999982
2025-07-11 00:00:00+00:00,CARD,Cardiff Centre,Urban Background,,19.968125,17.016220833333332,6,4.763,
2025-07-11 00:00:00+00:00,CHP,Chepstow A48,Urban Traffic,4.958333333333333,14.009916666666667,23.96843625,5,4.567666666666667,0.3906666666666663
2025-07-11 00:00:00+00:00,PEMB,Narberth,Rural Background,2.684833333333333,5.861458333333334,1.9155129166666667,5,4.958333333333333,-2.2735
2025-07-11 00:00:00+00:00,NPT3,Newport,Urban Background,4.567666666666667,12.7875,9.86642125,5,4.958333333333333,-0.3906666666666663
2025-07-11 00:00:00+00:00,PT4,Port Talbot Margam,Urban Industrial,10.125,17.753874999999997,13.285566666666666,5,4.567666666666667,5.557333333333333
2025-07-11 00:00:00+00:00,SWA1,Swansea Roadside,Urban Traffic,9.375,13.486541666666668,18.4653925,5,4.567666666666667,4.807333333333333
2025-07-11 00:00:00+00:00,WREX,Wrexham,Urban Traffic,4.535166666666667,9.415625,14.221546666666667,5,4.958333333333333,-0.423166666666666
2025-07-12 00:00:00+00:00,CARD,Cardiff Centre,Urban Background,,18.840833333333332,17.8551025,6,5.0285,
2025-07-12 00:00:00+00:00,CHP,Chepstow A48,Urban Traffic,3.9166666666666665,13.124208333333334,21.332800416666668,5,5.150333333333333,-1.2336666666666667
2025-07-12 00:00:00+00:00,PEMB,Narberth,Rural Background,3.749041666666667,8.753124999999999,2.7675516666666664,5,5.150333333333333,-1.4012916666666664
2025-07-12 00:00:00+00:00,NPT3,Newport,Urban Background,5.150333333333333,11.891666666666666,11.255784583333332,5,4.906666666666667,0.24366666666666603
2025-07-12 00:00:00+00:00,PT4,Port Talbot Margam,Urban Industrial,10.041666666666666,17.552666666666667,9.278007083333334,5,4.906666666666667,5.134999999999999
2025-07-12 00:00:00+00:00,SWA1,Swansea Roadside,Urban Traffic,10.625,16.94879166666667,18.43435416666667,5,4.906666666666667,5.718333333333333
2025-07-12 00:00:00+00:00,WREX,Wrexham,Urban Traffic,4.906666666666667,10.4625,14.08816875,5,5.150333333333333,-0.24366666666666603
2025-07-13 00:00:00+00:00,CARD,Cardiff Centre,Urban Background,,13.607208333333332,7.136090416666666,6,5.5261875,
2025-07-13 00:00:00+00:00,CHP,Chepstow A48,Urban Traffic,3.9166666666666665,11.594375,16.263734583333335,5,5.614208333333333,-1.6975416666666665
2025-07-13 00:00:00+00:00,PEMB,Narberth,Rural Background,5.438166666666667,12.225,3.545828333333333,5,5.614208333333333,-0.17604166666666643
2025-07-13 00:00:00+00:00,NPT3,Newport,Urban Background,4.968541666666667,10.739583333333334,6.827342916666667,5,5.614208333333333,-0.6456666666666662
2025-07-13 00:00:00+00:00,PT4,Port Talbot Margam,Urban Industrial,8.666666666666666,13.728083333333332,6.816735,5,5.438166666666667,3.2284999999999995
2025-07-13 00:00:00+00:00,SWA1,Swansea Roadside,Urban Traffic,7.083333333333333,13.204791666666667,13.21606875,5,5.438166666666667,1.6451666666666664
2025-07-13 00:00:00+00:00,WREX,Wrexham,Urban Traffic,5.614208333333333,10.114583333333334,7.331685416666667,5,5.438166666666667,0.17604166666666643
2025-07-14 00:00:00+00:00,CARD,Cardiff Centre,Urban Background,,19.686291666666666,5.817708695652174,5,6.4750000000000005,
2025-07-14 00:00:00+00:00,CHP,Chepstow A48,Urban Traffic,,,13.213804999999999,5,6.4750000000000005,
2025-07-14 00:00:00+00:00,PEMB,Narberth,Rural Background,5.285666666666667,11.788874999999999,1.2112874999999999,4,6.529166666666667,-1.2435
2025-07-14 00:00:00+00:00,NPT3,Newport,Urban Background,6.4750000000000005,21.625347826086955,2.754236666666667,4,6.068833333333333,0.40616666666666745
2025-07-14 00:00:00+00:00,PT4,Port Talbot Margam,Urban Industrial,8.375,28.543083333333332,3.8239370833333335,4,6.014666666666667,2.360333333333333
2025-07-14 00:00:00+00:00,SWA1,Swansea Roadside,Urban Traffic,6.583333333333333,20.129125,3.6850420833333337,4,6.014666666666667,0.5686666666666662
2025-07-14 00:00:00+00:00,WREX,Wrexham,Urban Traffic,5.554333333333333,11.7125,7.5565125,4,6.529166666666667,-0.9748333333333337
2025-07-15 00:00:00+00:00,CARD,Cardiff Centre,Urban Background,,17.069583333333334,4.861222916666667,5,6.5015833333333335,
2025-07-15 00:00:00+00:00,CHP,Chepstow A48,Urban Traffic,,,10.450626250000001,5,6.5015833333333335,
2025-07-15 00:00:00+00:00,PEMB,Narberth,Rural Background,6.5015833333333335,12.9625,1.036225,4,6.511833333333333,-0.010249999999999204
2025-07-15 00:00:00+00:00,NPT3,Newport,Urban Background,7.315333333333332,17.341666666666665,3.77211875,4,6.104958333333333,1.210374999999999
2025-07-15 00:00:00+00:00,PT4,Port Talbot Margam,Urban Industrial,10.166666666666666,22.705791666666666,2.476739166666667,4,6.104958333333333,4.061708333333333
2025-07-15 00:00:00+00:00,SWA1,Swansea Roadside,Urban Traffic,5.708333333333333,18.679916666666667,4.302797083333333,4,6.908458333333333,-1.2001249999999999
2025-07-15 00:00:00+00:00,WREX,Wrexham,Urban Traffic,3.268541666666667,6.519791666666666,6.673217826086957,4,6.908458333333333,-3.639916666666666
2025-07-16 00:00:00+00:00,CARD,Cardiff Centre,Urban Background,,12.077458333333333,7.88552,5,4.113625,
2025-07-16 00:00:00+00:00,CHP,Chepstow A48,Urban Traffic,,,20.953194166666666,5,4.113625,
2025-07-16 00:00:00+00:00,PEMB,Narberth,Rural Background,3.4029999999999996,6.805952380952381,1.7072325,4,5.5984791666666665,-2.195479166666667
2025-07-16 00:00:00+00:00,NPT3,Newport,Urban Background,3.9584166666666665,8.625,4.9363,4,5.5984791666666665,-1.6400625
2025-07-16 00:00:00+00:00,PT4,Port Talbot Margam,Urban Industrial,7.75,12.359375,7.058445833333334,4,4.036020833333334,3.7139791666666664
2025-07-16 00:00:00+00:00,SWA1,Swansea Roadside,Urban Traffic,7.083333333333333,11.674875,9.666396666666666,4,4.036020833333334,3.0473124999999994
2025-07-16 00:00:00+00:00,WREX,Wrexham,Urban Traffic,4.113625,7.534375,8.017032083333334,4,5.520875,-1.4072500000000003
2025-07-17 00:00:00+00:00,CARD,Cardiff Centre,Urban Background,,10.708666666666666,9.225956666666667,5,3.7916666666666665,
2025-07-17 00:00:00+00:00,CHP,Chepstow A48,Urban Traffic,,,16.029681739130435,5,3.7916666666666665,
2025-07-17 00:00:00+00:00,PEMB,Narberth,Rural Background,4.047791666666667,6.825,1.9441404166666667,4,3.385625,0.6621666666666668
2025-07-17 00:00:00+00:00,NPT3,Newport,Urban Background,2.7270416666666666,5.632291666666666,5.642644583333333,4,3.9197291666666665,-1.1926875
2025-07-17 00:00:00+00:00,PT4,Port Talbot Margam,Urban Industrial,3.7916666666666665,6.4816666666666665,6.28217625,4,3.5136875000000005,0.277979166666666
2025-07-17 00:00:00+00:00,SWA1,Swansea Roadside,Urban Traffic,4.416666666666667,6.843958333333333,9.077818333333333,4,3.385625,1.0310416666666669
2025-07-17 00:00:00+00:00,WREX,Wrexham,Urban Traffic,2.9795833333333337,5.052083333333333,10.523681666666667,4,3.9197291666666665,-0.9401458333333328
2025-07-18 00:00:00+00:00,CARD,Cardiff Centre,Urban Background,,10.306166666666668,10.964409166666668,6,3.3441666666666667,
2025-07-18 00:00:00+00:00,CHP,Chepstow A48,Urban Traffic,2.8333333333333335,7.488166666666667,18.516953333333333,5,3.525,-0.6916666666666664
2025-07-18 00:00:00+00:00,PEMB,Narberth,Rural Background,3.1633333333333336,6.7124999999999995,1.5535579166666666,5,3.525,-0.36166666666666636
2025-07-18 00:00:00+00:00,NPT3,Newport,Urban Background,3.525,8.31875,6.526576250000001,5,3.1633333333333336,0.36166666666666636
2025-07-18 00:00:00+00:00,PT4,Port Talbot Margam,Urban Industrial,5.75,8.735999999999999,6.8859666666666675,5,3.1633333333333336,2.5866666666666664
2025-07-18 00:00:00+00:00,SWA1,Swansea Roadside,Urban Traffic,5.583333333333333,9.78275,12.291247083333333,5,3.1633333333333336,2.4199999999999995
2025-07-18 00:00:00+00:00,WREX,Wrexham,Urban Traffic,3.1446666666666663,5.569791666666667,8.63752625,5,3.525,-0.38033333333333363
2025-07-19 00:00:00+00:00,CARD,Cardiff Centre,Urban Background,,12.238416666666666,10.23443125,6,4.64925,
2025-07-19 00:00:00+00:00,CHP,Chepstow A48,Urban Traffic,3.5833333333333335,9.058,14.8112525,5,5.390208333333334,-1.8068750000000002
2025-07-19 00:00:00+00:00,PEMB,Narberth,Rural Background,3.2310833333333338,9.203125,1.6419879166666667,5,5.390208333333334,-2.159125
2025-07-19 00:00:00+00:00,NPT3,Newport,Urban Background,3.908291666666667,7.294791666666666,6.839078333333333,5,5.390208333333334,-1.4819166666666668
2025-07-19 00:00:00+00:00,PT4,Port Talbot Margam,Urban Industrial,7.583333333333333,8.615291666666666,5.467609583333334,5,3.908291666666667,3.675041666666666
2025-07-19 00:00:00+00:00,SWA1,Swansea Roadside,Urban Traffic,6.375,9.823041666666667,11.276362083333334,5,3.908291666666667,2.466708333333333
2025-07-19 00:00:00+00:00,WREX,Wrexham,Urban Traffic,5.390208333333334,8.237499999999999,11.956290000000001,5,3.908291666666667,1.4819166666666668
2025-07-20 00:00:00+00:00,CARD,Cardiff Centre,Urban Background,,10.46725,9.444109583333333,6,3.5372500000000002,
2025-07-20 00:00:00+00:00,CHP,Chepstow A48,Urban Traffic,2.4583333333333335,8.293291666666667,14.688688260869565,5,3.838416666666667,-1.3800833333333333
2025-07-20 00:00:00+00:00,PEMB,Narberth,Rural Background,3.236083333333333,8.183333333333334,1.294705,5,3.838416666666667,-0.6023333333333336
2025-07-20 00:00:00+00:00,NPT3,Newport,Urban Background,2.765333333333333,6.247916666666666,5.075768695652173,5,3.838416666666667,-1.0730833333333338
2025-07-20 00:00:00+00:00,PT4,Port Talbot Margam,Urban Industrial,5.375,7.890625,5.253065416666667,5,3.236083333333333,2.138916666666667
2025-07-20 00:00:00+00:00,SWA1,Swansea Roadside,Urban Traffic,5.791666666666667,9.621791666666667,10.222067916666667,5,3.236083333333333,2.5555833333333338
2025-07-20 00:00:00+00:00,WREX,Wrexham,Urban Traffic,3.838416666666667,7.223958333333333,9.97563875,5,3.236083333333333,0.6023333333333336
2025-07-21 00:00:00+00:00,CARD,Cardiff Centre,Urban Background,,9.943833333333332,8.826412916666667,6,3.103375,
2025-07-21 00:00:00+00:00,CHP,Chepstow A48,Urban Traffic,3.3333333333333335,8.45425,15.99985,5,2.873416666666667,0.45991666666666653
2025-07-21 00:00:00+00:00,PEMB,Narberth,Rural Background,2.6277916666666665,6.436458333333333,1.6347316666666665,5,3.3333333333333335,-0.705541666666667
2025-07-21 00:00:00+00:00,NPT3,Newport,Urban Background,2.578136363636364,6.867045454545454,,5,3.3333333333333335,-0.7551969696969696
2025-07-21 00:00:00+00:00,PT4,Port Talbot Margam,Urban Industrial,6.083333333333333,10.5075,7.6261675,5,2.873416666666667,3.209916666666666
2025-07-21 00:00:00+00:00,SWA1,Swansea Roadside,Urban Traffic,4.0,8.90595652173913,9.978183913043479,5,2.873416666666667,1.126583333333333
2025-07-21 00:00:00+00:00,WREX,Wrexham,Urban Traffic,2.873416666666667,6.730208333333334,10.145775,5,3.3333333333333335,-0.45991666666666653
2025-07-22 00:00:00+00:00,CARD,Cardiff Centre,Urban Background,,8.4945,6.949462083333334,6,2.0494583333333334,
2025-07-22 00:00:00+00:00,CHP,Chepstow A48,Urban Traffic,0.9583333333333334,8.413874999999999,17.250441739130434,5,2.106,-1.1476666666666664
2025-07-22 00:00:00+00:00,PEMB,Narberth,Rural Background,1.9457916666666666,5.007291666666666,1.5119370833333334,5,2.106,-0.16020833333333329
2025-07-22 00:00:00+00:00,NPT3,Newport,Urban Background,2.106,4.39375,,5,1.9929166666666667,0.1130833333333332
2025-07-22 00:00:00+00:00,PT4,Port Talbot Margam,Urban Industrial,5.291666666666667,9.380083333333333,5.9901695833333335,5,1.9929166666666667,3.29875
2025-07-22 00:00:00+00:00,SWA1,Swansea Roadside,Urban Traffic,4.791666666666667,11.232083333333334,6.364484166666666,5,1.9929166666666667,2.79875
2025-07-22 00:00:00+00:00,WREX,Wrexham,Urban Traffic,1.9929166666666667,3.8020833333333335,5.6296541666666675,5,2.106,-0.1130833333333332
2025-07-23 00:00:00+00:00,CARD,Cardiff Centre,Urban Background,,11.996916666666666,7.15049375,6,9.78158630952381,
2025-07-23 00:00:00+00:00,CHP,Chepstow A48,Urban Traffic,9.541666666666666,13.164375,11.012974999999999,5,9.952380952380953,-0.4107142857142865
2025-07-23 00:00:00+00:00,PEMB,Narberth,Rural Background,9.610791666666666,13.077083333333334,1.51834125,5,9.952380952380953,-0.3415892857142868
2025-07-23 00:00:00+00:00,NPT3,Newport,Urban Background,8.605625,11.726041666666667,,5,9.952380952380953,-1.3467559523809527
2025-07-23 00:00:00+00:00,PT4,Port Talbot Margam,Urban Industrial,9.952380952380953,11.550454545454546,3.8777240909090906,5,9.610791666666666,0.3415892857142868
2025-07-23 00:00:00+00:00,SWA1,Swansea Roadside,Urban Traffic,10.875,14.090375,5.94565125,5,9.610791666666666,1.2642083333333343
2025-07-23 00:00:00+00:00,WREX,Wrexham,Urban Traffic,13.022916666666667,16.423958333333335,5.093129583333333,5,9.610791666666666,3.4121250000000014
2025-07-24 00:00:00+00:00,CARD,Cardiff Centre,Urban Background,,19.15604347826087,8.160198695652173,6,17.068645833333335,
2025-07-24 00:00:00+00:00,CHP,Chepstow A48,Urban Traffic,13.666666666666666,19.60591666666667,13.383662916666667,5,18.125,-4.458333333333334
2025-07-24 00:00:00+00:00,PEMB,Narberth,Rural Background,16.012291666666666,19.625,1.2753108333333334,5,18.125,-2.112708333333334
2025-07-24 00:00:00+00:00,NPT3,Newport,Urban Background,12.967833333333333,17.308333333333334,9.794086666666667,5,18.125,-5.157166666666667
2025-07-24 00:00:00+00:00,PT4,Port Talbot Margam,Urban Industrial,18.291666666666668,19.807125,4.62361,5,16.012291666666666,2.2793750000000017
2025-07-24 00:00:00+00:00,SWA1,Swansea Roadside,Urban Traffic,18.125,22.02133333333333,4.434445416666667,5,16.012291666666666,2.112708333333334
2025-07-24 00:00:00+00:00,WREX,Wrexham,Urban Traffic,19.561833333333333,24.023958333333336,6.168712916666667,5,16.012291666666666,3.5495416666666664
2025-07-25 00:00:00+00:00,CARD,Cardiff Centre,Urban Background,,21.578458333333334,9.364131666666667,6,13.137125,
2025-07-25 00:00:00+00:00,CHP,Chepstow A48,Urban Traffic,13.291666666666666,21.779749999999996,17.3842325,5,12.982583333333332,0.3090833333333336
2025-07-25 00:00:00+00:00,PEMB,Narberth,Rural Background,8.889666666666667,12.170833333333334,1.90274125,5,13.291666666666666,-4.401999999999999
2025-07-25 00:00:00+00:00,NPT3,Newport,Urban Background,12.982583333333332,17.296875,7.541144583333334,5,13.291666666666666,-0.3090833333333336
2025-07-25 00:00:00+00:00,PT4,Port Talbot Margam,Urban Industrial,14.833333333333334,17.391541666666665,6.1234270833333335,5,12.982583333333332,1.8507500000000014
2025-07-25 00:00:00+00:00,SWA1,Swansea Roadside,Urban Traffic,15.375,19.64591666666667,7.68947125,5,12.982583333333332,2.3924166666666675
2025-07-25 00:00:00+00:00,WREX,Wrexham,Urban Traffic,12.8165,15.697916666666666,6.307763333333333,5,13.291666666666666,-0.4751666666666665
2025-07-26 00:00:00+00:00,CARD,Cardiff Centre,Urban Background,,10.145166666666666,8.444202500000001,6,3.6089374999999997,
2025-07-26 00:00:00+00:00,CHP,Chepstow A48,Urban Traffic,2.7916666666666665,8.494541666666667,11.105955,5,3.7284166666666665,-0.93675
2025-07-26 00:00:00+00:00,PEMB,Narberth,Rural Background,3.7284166666666665,6.988541666666666,1.6635383333333333,5,3.4894583333333333,0.23895833333333316
2025-07-26 00:00:00+00:00,NPT3,Newport,Urban Background,2.860708333333333,5.164583333333334,4.60997125,5,3.7284166666666665,-0.8677083333333333
2025-07-26 00:00:00+00:00,PT4,Port Talbot Margam,Urban Industrial,6.0,7.729500000000001,5.264376666666666,5,3.4894583333333333,2.5105416666666667
2025-07-26 00:00:00+00:00,SWA1,Swansea Roadside,Urban Traffic,5.875,8.776375,4.556691666666667,5,3.4894583333333333,2.3855416666666667
2025-07-26 00:00:00+00:00,WREX,Wrexham,Urban Traffic,3.4894583333333333,5.827083333333333,6.4315387500000005,5,3.7284166666666665,-0.23895833333333316
2025-07-27 00:00:00+00:00,CARD,Cardiff Centre,Urban Background,,11.997,11.587686249999999,6,6.357645833333333,
2025-07-27 00:00:00+00:00,CHP,Chepstow A48,Urban Traffic,5.75,11.352958333333333,13.256410416666666,5,6.762041666666666,-1.0120416666666658
2025-07-27 00:00:00+00:00,PEMB,Narberth,Rural Background,6.762041666666666,10.727083333333333,2.0027991666666667,5,5.95325,0.8087916666666661
2025-07-27 00:00:00+00:00,NPT3,Newport,Urban Background,5.887375,8.637500000000001,10.111604999999999,5,6.762041666666666,-0.8746666666666663
2025-07-27 00:00:00+00:00,PT4,Port Talbot Margam,Urban Industrial,9.0,11.674916666666666,4.55594375,5,5.95325,3.0467500000000003
2025-07-27 00:00:00+00:00,SWA1,Swansea Roadside,Urban Traffic,9.625,15.298124999999999,9.075199583333333,5,5.95325,3.6717500000000003
2025-07-27 00:00:00+00:00,WREX,Wrexham,Urban Traffic,5.95325,8.877083333333333,5.001437500000001,5,6.762041666666666,-0.8087916666666661
2025-07-28 00:00:00+00:00,CARD,Cardiff Centre,Urban Background,,11.715208333333335,9.245969583333332,6,5.160453804347826,
2025-07-28 00:00:00+00:00,CHP,Chepstow A48,Urban Traffic,5.434782608695652,12.439833333333333,17.989053333333334,5,4.886125,0.5486576086956525
2025-07-28 00:00:00+00:00,PEMB,Narberth,Rural Background,3.496782608695652,5.849652173913044,,5,5.434782608695652,-1.9380000000000002
2025-07-28 00:00:00+00:00,NPT3,Newport,Urban Background,4.886125,7.733333333333333,9.071143333333334,5,5.434782608695652,-0.5486576086956525
2025-07-28 00:00:00+00:00,PT4,Port Talbot Margam,Urban Industrial,6.791666666666667,9.541125,6.83412125,5,4.886125,1.9055416666666671
2025-07-28 00:00:00+00:00,SWA1,Swansea Roadside,Urban Traffic,10.952380952380953,14.493,10.9692075,5,4.886125,6.066255952380953
2025-07-28 00:00:00+00:00,WREX,Wrexham,Urban Traffic,3.674375,6.295833333333333,6.314241249999999,5,5.434782608695652,-1.7604076086956524
2025-07-29 00:00:00+00:00,CARD,Cardiff Centre,Urban Background,,6.481541666666668,9.202652916666667,5,2.4125833333333335,
2025-07-29 00:00:00+00:00,CHP,Chepstow A48,Urban Traffic,1.875,8.45425,15.146100416666668,4,2.6612083333333336,-0.7862083333333336
2025-07-29 00:00:00+00:00,PEMB,Narberth,Rural Background,2.185541666666667,4.1125,,4,2.6612083333333336,-0.4756666666666667
2025-07-29 00:00:00+00:00,NPT3,Newport,Urban Background,2.4125833333333335,4.90625,10.210589166666667,4,2.5476875000000003,-0.1351041666666668
2025-07-29 00:00:00+00:00,PT4,Port Talbot Margam,Urban Industrial,4.625,3.8245833333333334,8.286077083333334,4,2.2990625000000002,2.3259374999999998
2025-07-29 00:00:00+00:00,SWA1,Swansea Roadside,Urban Traffic,,,6.7671835,5,2.4125833333333335,
2025-07-29 00:00:00+00:00,WREX,Wrexham,Urban Traffic,2.9098333333333333,4.558333333333334,8.329696086956522,4,2.2990625000000002,0.610770833333333
2025-07-30 00:00:00+00:00,CARD,Cardiff Centre,Urban Background,,10.990499999999999,8.981345833333334,4,3.5396666666666663,
2025-07-30 00:00:00+00:00,CHP,Chepstow A48,Urban Traffic,4.75,10.584272727272726,19.713400869565216,3,,
2025-07-30 00:00:00+00:00,PEMB,Narberth,Rural Background,3.2477916666666666,5.3843749999999995,,3,,
2025-07-30 00:00:00+00:00,NPT3,Newport,Urban Background,3.8315416666666664,7.811458333333333,7.972191249999999,3,,
2025-07-30 00:00:00+00:00,PT4,Port Talbot Margam,Urban Industrial,,,4.943252105263158,4,3.5396666666666663,
2025-07-30 00:00:00+00:00,SWA1,Swansea Roadside,Urban Traffic,,,8.171502916666666,4,3.5396666666666663,
2025-07-30 00:00:00+00:00,WREX,Wrexham,Urban Traffic,2.1965,3.8635416666666664,3.565197083333333,3,,
2025-07-31 00:00:00+00:00,CARD,Cardiff Centre,Urban Background,,,7.332048,4,4.027104166666667,
2025-07-31 00:00:00+00:00,CHP,Chepstow A48,Urban Traffic,5.45,8.1161,12.626904,3,,
2025-07-31 00:00:00+00:00,PEMB,Narberth,Rural Background,3.25475,6.305208333333333,,3,,
2025-07-31 00:00:00+00:00,NPT3,Newport,Urban Background,3.2144166666666667,5.567708333333333,4.615104583333333,3,,
2025-07-31 00:00:00+00:00,PT4,Port Talbot Margam,Urban Industrial,,,4.685340416666667,4,4.027104166666667,
2025-07-31 00:00:00+00:00,SWA1,Swansea Roadside,Urban Traffic,,,4.133610833333333,4,4.027104166666667,
2025-07-31 00:00:00+00:00,WREX,Wrexham,Urban Traffic,4.799458333333333,7.830208333333334,4.3205975,3,,
2025-08-01 00:00:00+00:00,CARD,Cardiff Centre,Urban Background,,,6.958589583333333,4,2.7584999999999997,
2025-08-01 00:00:00+00:00,CHP,Chepstow A48,Urban Traffic,5.583333333333333,9.661916666666666,14.542023913043478,3,,
2025-08-01 00:00:00+00:00,PEMB,Narberth,Rural Background,2.140375,4.910416666666666,,3,,
2025-08-01 00:00:00+00:00,NPT3,Newport,Urban Background,2.525583333333333,6.1625000000000005,6.175535,3,,
2025-08-01 00:00:00+00:00,PT4,Port Talbot Margam,Urban Industrial,,,5.2440299999999995,4,2.7584999999999997,
2025-08-01 00:00:00+00:00,SWA1,Swansea Roadside,Urban Traffic,,,4.6383720833333335,4,2.7584999999999997,
2025-08-01 00:00:00+00:00,WREX,Wrexham,Urban Traffic,2.9914166666666664,7.623958333333333,4.012309583333333,3,,
2025-08-02 00:00:00+00:00,CARD,Cardiff Centre,Urban Background,,,7.594320416666666,5,3.6153750000000002,
2025-08-02 00:00:00+00:00,CHP,Chepstow A48,Urban Traffic,6.916666666666667,9.782833333333334,14.68754,4,3.5391874999999997,3.3774791666666673
2025-08-02 00:00:00+00:00,PEMB,Narberth,Rural Background,3.3529583333333335,6.351041666666667,,4,4.599354166666666,-1.2463958333333327
2025-08-02 00:00:00+00:00,NPT3,Newport,Urban Background,3.4629999999999996,6.280208333333333,6.010164583333332,4,4.599354166666666,-1.1363541666666666
2025-08-02 00:00:00+00:00,PT4,Port Talbot Margam,Urban Industrial,,,4.604897916666666,5,3.6153750000000002,
2025-08-02 00:00:00+00:00,SWA1,Swansea Roadside,Urban Traffic,5.583333333333333,9.380166666666666,9.51321875,4,3.5391874999999997,2.0441458333333333
2025-08-02 00:00:00+00:00,WREX,Wrexham,Urban Traffic,3.6153750000000002,6.2093750000000005,3.7681283333333333,4,4.523166666666667,-0.9077916666666663
2025-08-03 00:00:00+00:00,CARD,Cardiff Centre,Urban Background,,,4.844105416666666,5,4.013416666666667,
2025-08-03 00:00:00+00:00,CHP,Chepstow A48,Urban Traffic,7.869565217391305,10.544173913043478,13.184139565217391,4,3.498479166666667,4.371086050724638
2025-08-03 00:00:00+00:00,PEMB,Narberth,Rural Background,2.983541666666667,4.644791666666666,,4,5.941490942028986,-2.9579492753623193
2025-08-03 00:00:00+00:00,NPT3,Newport,Urban Background,4.013416666666667,6.388541666666666,3.276828333333333,4,5.426553442028986,-1.413136775362319
2025-08-03 00:00:00+00:00,PT4,Port Talbot Margam,Urban Industrial,,,3.404045,5,4.013416666666667,
2025-08-03 00:00:00+00:00,SWA1,Swansea Roadside,Urban Traffic,9.375,10.910000000000002,6.292704166666667,4,3.498479166666667,5.876520833333333
2025-08-03 00:00:00+00:00,WREX,Wrexham,Urban Traffic,2.7594583333333333,4.589583333333334,3.4447325,4,5.941490942028986,-3.182032608695653
2025-08-04 00:00:00+00:00,CARD,Cardiff Centre,Urban Background,,,5.1338575,4,4.211791666666667,
2025-08-04 00:00:00+00:00,CHP,Chepstow A48,Urban Traffic,4.875,10.829458333333333,12.040296086956522,3,,
2025-08-04 00:00:00+00:00,PEMB,Narberth,Rural Background,,,,4,4.211791666666667,
2025-08-04 00:00:00+00:00,NPT3,Newport,Urban Background,3.548583333333333,7.359375,3.685082083333333,3,,
2025-08-04 00:00:00+00:00,PT4,Port Talbot Margam,Urban Industrial,,,5.493493333333333,4,4.211791666666667,
2025-08-04 00:00:00+00:00,SWA1,Swansea Roadside,Urban Traffic,5.625,9.702208333333333,4.923945416666666,3,,
2025-08-04 00:00:00+00:00,WREX,Wrexham,Urban Traffic,3.5122916666666666,6.954166666666667,4.661330416666666,3,,
2025-08-05 00:00:00+00:00,CARD,Cardiff Centre,Urban Background,,,6.089102916666666,5,6.125,
2025-08-05 00:00:00+00:00,CHP,Chepstow A48,Urban Traffic,8.666666666666666,13.969708333333335,14.835423749999999,4,5.515354166666667,3.1513124999999995
2025-08-05 00:00:00+00:00,PEMB,Narberth,Rural Background,,,,5,6.125,
2025-08-05 00:00:00+00:00,NPT3,Newport,Urban Background,4.905708333333333,10.470833333333333,5.99731,4,6.729166666666666,-1.823458333333333
2025-08-05 00:00:00+00:00,PT4,Port Talbot Margam,Urban Industrial,6.125,16.747416666666666,7.095181666666666,4,6.119520833333333,0.005479166666667368
2025-08-05 00:00:00+00:00,SWA1,Swansea Roadside,Urban Traffic,7.333333333333333,,8.117410416666667,4,5.515354166666667,1.8179791666666665
2025-08-05 00:00:00+00:00,WREX,Wrexham,Urban Traffic,4.473636363636364,9.157954545454546,4.007832857142857,4,6.729166666666666,-2.2555303030303024
2025-08-06 00:00:00+00:00,CARD,Cardiff Centre,Urban Background,,,12.613313750000001,5,7.0765416666666665,
2025-08-06 00:00:00+00:00,CHP,Chepstow A48,Urban Traffic,9.416666666666666,16.828041666666667,18.346233333333334,4,7.036229166666667,2.3804374999999993
2025-08-06 00:00:00+00:00,PEMB,Narberth,Rural Background,7.311333333333334,14.342708333333334,1.5989924999999998,4,7.036229166666667,0.2751041666666669
2025-08-06 00:00:00+00:00,NPT3,Newport,Urban Background,7.0765416666666665,13.74375,8.59482875,4,7.153625,-0.07708333333333339
2025-08-06 00:00:00+00:00,PT4,Port Talbot Margam,Urban Industrial,6.782608695652174,19.368,6.006987826086957,4,7.1939375000000005,-0.4113288043478267
2025-08-06 00:00:00+00:00,SWA1,Swansea Roadside,Urban Traffic,,,10.252291666666666,5,7.0765416666666665,
2025-08-06 00:00:00+00:00,WREX,Wrexham,Urban Traffic,6.995916666666666,12.123958333333334,7.239741666666667,4,7.1939375000000005,-0.19802083333333442
2025-08-07 00:00:00+00:00,CARD,Cardiff Centre,Urban Background,,,8.2761425,5,6.780666666666666,
2025-08-07 00:00:00+00:00,CHP,Chepstow A48,Urban Traffic,6.083333333333333,14.855333333333334,17.153598260869565,4,6.922208333333333,-0.8388749999999998
2025-08-07 00:00:00+00:00,PEMB,Narberth,Rural Background,5.324208333333333,9.294791666666667,0.95646,4,6.922208333333333,-1.5979999999999999
2025-08-07 00:00:00+00:00,NPT3,Newport,Urban Background,6.780666666666666,12.267708333333333,5.946417916666667,4,6.573541666666666,0.20712499999999956
2025-08-07 00:00:00+00:00,PT4,Port Talbot Margam,Urban Industrial,7.375,22.38370833333333,,4,6.4319999999999995,0.9430000000000005
2025-08-07 00:00:00+00:00,SWA1,Swansea Roadside,Urban Traffic,,,4.580450434782609,5,6.780666666666666,
2025-08-07 00:00:00+00:00,WREX,Wrexham,Urban Traffic,7.06375,10.402083333333334,5.999879583333333,4,6.4319999999999995,0.6317500000000003
2025-08-08 00:00:00+00:00,CARD,Cardiff Centre,Urban Background,,,7.678800833333334,5,4.416666666666667,
2025-08-08 00:00:00+00:00,CHP,Chepstow A48,Urban Traffic,6.666666666666667,13.4865,19.187528333333333,4,3.9584791666666668,2.7081875
2025-08-08 00:00:00+00:00,PEMB,Narberth,Rural Background,3.3185000000000002,6.891666666666667,2.065706666666667,4,4.675895833333334,-1.3573958333333334
2025-08-08 00:00:00+00:00,NPT3,Newport,Urban Background,4.935125,9.334375,6.904687083333333,4,3.9584791666666668,0.9766458333333334
2025-08-08 00:00:00+00:00,PT4,Port Talbot Margam,Urban Industrial,4.416666666666667,12.439791666666666,,4,4.217708333333333,0.19895833333333357
2025-08-08 00:00:00+00:00,SWA1,Swansea Roadside,Urban Traffic,,8.653739130434783,8.792161666666667,5,4.416666666666667,
2025-08-08 00:00:00+00:00,WREX,Wrexham,Urban Traffic,3.500291666666667,6.5093749999999995,5.510291666666666,4,4.675895833333334,-1.1756041666666666
2025-08-09 00:00:00+00:00,CARD,Cardiff Centre,Urban Background,5.416666666666667,,6.470430416666667,6,7.4587916666666665,-2.0421249999999995
2025-08-09 00:00:00+00:00,CHP,Chepstow A48,Urban Traffic,8.291666666666666,16.103375,16.946530833333334,6,7.024895833333334,1.2667708333333323
2025-08-09 00:00:00+00:00,PEMB,Narberth,Rural Background,7.174791666666667,13.390625,1.7662045833333335,6,7.308895833333333,-0.13410416666666602
2025-08-09 00:00:00+00:00,NPT3,Newport,Urban Background,6.35325,12.572916666666666,3.944367916666667,6,7.4587916666666665,-1.1055416666666664
2025-08-09 00:00:00+00:00,PT4,Port Talbot Margam,Urban Industrial,6.875,19.203083333333336,4.710337391304348,6,7.4587916666666665,-0.5837916666666665
2025-08-09 00:00:00+00:00,SWA1,Swansea Roadside,Urban Traffic,8.25,15.539833333333334,5.227306666666666,6,7.024895833333334,1.2251041666666662
2025-08-09 00:00:00+00:00,WREX,Wrexham,Urban Traffic,7.742791666666666,12.857291666666667,4.316867916666667,6,7.024895833333334,0.7178958333333325
2025-08-10 00:00:00+00:00,CARD,Cardiff Centre,Urban Background,12.041666666666666,,9.170909583333334,6,13.113541666666666,-1.0718750000000004
2025-08-10 00:00:00+00:00,CHP,Chepstow A48,Urban Traffic,15.125,19.968125,16.955408333333335,6,12.25,2.875
2025-08-10 00:00:00+00:00,PEMB,Narberth,Rural Background,8.94375,13.732291666666667,2.9612641666666666,6,13.113541666666666,-4.169791666666667
2025-08-10 00:00:00+00:00,NPT3,Newport,Urban Background,13.768749999999999,19.421875,11.162655416666666,6,12.25,1.518749999999999
2025-08-10 00:00:00+00:00,PT4,Port Talbot Margam,Urban Industrial,12.458333333333334,19.565458333333336,4.81799,6,12.905208333333333,-0.4468749999999986
2025-08-10 00:00:00+00:00,SWA1,Swansea Roadside,Urban Traffic,14.416666666666666,18.840833333333332,11.240466666666668,6,12.25,2.166666666666666
2025-08-10 00:00:00+00:00,WREX,Wrexham,Urban Traffic,8.400291666666666,11.830208333333333,5.761138333333332,6,13.113541666666666,-4.71325
2025-08-11 00:00:00+00:00,CARD,Cardiff Centre,Urban Background,13.875,,17.46822,6,14.3884375,-0.5134375000000002
2025-08-11 00:00:00+00:00,CHP,Chepstow A48,Urban Traffic,16.625,24.316041666666667,23.285609583333336,6,13.659270833333334,2.965729166666666
2025-08-11 00:00:00+00:00,PEMB,Narberth,Rural Background,13.443541666666667,22.37708333333333,4.8159925,6,14.604166666666668,-1.1606250000000014
2025-08-11 00:00:00+00:00,NPT3,Newport,Urban Background,15.374375,23.08020833333333,15.664072916666667,6,13.659270833333334,1.7151041666666664
2025-08-11 00:00:00+00:00,PT4,Port Talbot Margam,Urban Industrial,11.875,19.887541666666667,10.275279583333333,6,14.604166666666668,-2.729166666666668
2025-08-11 00:00:00+00:00,SWA1,Swansea Roadside,Urban Traffic,15.333333333333334,21.095375,20.662732916666666,6,13.659270833333334,1.6740624999999998
2025-08-11 00:00:00+00:00,WREX,Wrexham,Urban Traffic,6.870125000000001,11.976041666666667,15.432453333333333,6,14.604166666666668,-7.734041666666667
2025-08-12 00:00:00+00:00,CARD,Cardiff Centre,Urban Background,14.478260869565217,,10.044704166666667,5,14.171625,0.30663586956521627
2025-08-12 00:00:00+00:00,CHP,Chepstow A48,Urban Traffic,14.5,23.873166666666666,30.303254782608697,5,14.171625,0.3283749999999994
2025-08-12 00:00:00+00:00,PEMB,Narberth,Rural Background,13.757875,22.52916666666667,4.786962083333333,5,14.208333333333334,-0.4504583333333336
2025-08-12 00:00:00+00:00,NPT3,Newport,Urban Background,14.171625,23.816666666666666,11.091279583333334,5,14.208333333333334,-0.03670833333333334
2025-08-12 00:00:00+00:00,PT4,Port Talbot Margam,Urban Industrial,14.208333333333334,24.597916666666666,10.315397916666667,5,14.171625,0.03670833333333334
2025-08-12 00:00:00+00:00,SWA1,Swansea Roadside,Urban Traffic,,,,6,14.189979166666667,
2025-08-12 00:00:00+00:00,WREX,Wrexham,Urban Traffic,13.278374999999999,22.2,21.48465695652174,5,14.208333333333334,-0.9299583333333352
2025-08-13 00:00:00+00:00,CARD,Cardiff Centre,Urban Background,12.375,21.457624999999997,7.922390833333334,5,13.173913043478262,-0.7989130434782616
2025-08-13 00:00:00+00:00,CHP,Chepstow A48,Urban Traffic,13.173913043478262,23.608782608695652,20.441058181818182,5,12.375,0.7989130434782616
2025-08-13 00:00:00+00:00,PEMB,Narberth,Rural Background,10.214125000000001,14.932291666666666,2.3029325000000003,5,13.173913043478262,-2.9597880434782606
2025-08-13 00:00:00+00:00,NPT3,Newport,Urban Background,14.083083333333335,22.519791666666666,8.063048333333333,5,12.375,1.7080833333333345
2025-08-13 00:00:00+00:00,PT4,Port Talbot Margam,Urban Industrial,11.666666666666666,22.866666666666664,6.309779166666666,5,13.173913043478262,-1.5072463768115956
2025-08-13 00:00:00+00:00,SWA1,Swansea Roadside,Urban Traffic,,,,6,12.77445652173913,
2025-08-13 00:00:00+00:00,WREX,Wrexham,Urban Traffic,13.455,27.912833333333335,15.0193425,5,12.375,1.08
2025-08-14 00:00:00+00:00,CARD,Cardiff Centre,Urban Background,4.5,9.098458333333333,9.587518333333334,6,3.733416666666667,0.7665833333333332
2025-08-14 00:00:00+00:00,CHP,Chepstow A48,Urban Traffic,4.083333333333333,9.782666666666666,17.377715217391305,6,3.75425,0.3290833333333332
2025-08-14 00:00:00+00:00,PEMB,Narberth,Rural Background,2.7524583333333332,5.3812500000000005,1.5613829166666668,6,4.104166666666666,-1.3517083333333328
2025-08-14 00:00:00+00:00,NPT3,Newport,Urban Background,3.3835,6.530208333333333,8.7608175,6,4.104166666666666,-0.7206666666666659
2025-08-14 00:00:00+00:00,PT4,Port Talbot Margam,Urban Industrial,4.125,10.467041666666667,5.5863605,6,3.733416666666667,0.3915833333333332
2025-08-14 00:00:00+00:00,SWA1,Swansea Roadside,Urban Traffic,5.708333333333333,5.595916666666667,7.570971666666666,6,3.733416666666667,1.9749166666666662
2025-08-14 00:00:00+00:00,WREX,Wrexham,Urban Traffic,2.2877083333333332,5.430208333333333,8.579655833333334,6,4.104166666666666,-1.8164583333333328
2025-08-15 00:00:00+00:00,CARD,Cardiff Centre,Urban Background,6.375,12.922833333333335,11.074832608695653,6,4.6064375,1.7685624999999998
2025-08-15 00:00:00+00:00,CHP,Chepstow A48,Urban Traffic,5.791666666666667,11.634666666666666,18.436736666666665,6,4.6064375,1.1852291666666668
2025-08-15 00:00:00+00:00,PEMB,Narberth,Rural Background,4.102791666666667,6.808333333333334,2.4317129166666667,6,5.450875,-1.3480833333333333
2025-08-15 00:00:00+00:00,NPT3,Newport,Urban Background,5.110083333333333,10.123958333333333,9.379188749999999,6,4.947229166666666,0.16285416666666652
2025-08-15 00:00:00+00:00,PT4,Port Talbot Margam,Urban Industrial,3.4583333333333335,11.755333333333333,7.607032857142857,6,5.450875,-1.9925416666666664
2025-08-15 00:00:00+00:00,SWA1,Swansea Roadside,Urban Traffic,7.0,9.501,13.01481625,6,4.6064375,2.3935625
2025-08-15 00:00:00+00:00,WREX,Wrexham,Urban Traffic,3.765833333333333,8.206249999999999,11.790415000000001,6,5.450875,-1.6850416666666668
2025-08-16 00:00:00+00:00,CARD,Cardiff Centre,Urban Background,9.5,16.95240909090909,6.171421666666667,6,9.540708333333335,-0.04070833333333468
2025-08-16 00:00:00+00:00,CHP,Chepstow A48,Urban Traffic,8.875,17.794166666666666,13.886385416666668,6,9.853208333333335,-0.9782083333333347
2025-08-16 00:00:00+00:00,PEMB,Narberth,Rural Background,10.206416666666668,16.552083333333332,3.88835875,6,9.1875,1.0189166666666676
2025-08-16 00:00:00+00:00,NPT3,Newport,Urban Background,8.85425,14.852083333333333,7.994680416666667,6,9.853208333333335,-0.9989583333333343
2025-08-16 00:00:00+00:00,PT4,Port Talbot Margam,Urban Industrial,8.875,18.438208333333332,4.616245416666667,6,9.853208333333335,-0.9782083333333347
2025-08-16 00:00:00+00:00,SWA1,Swansea Roadside,Urban Traffic,10.583333333333334,15.177291666666667,16.707551666666667,6,9.1875,1.395833333333334
2025-08-16 00:00:00+00:00,WREX,Wrexham,Urban Traffic,12.824291666666667,18.420833333333334,10.180948333333333,6,9.1875,3.6367916666666673
2025-08-17 00:00:00+00:00,CARD,Cardiff Centre,Urban Background,5.291666666666667,11.956708333333333,5.017073333333333,6,5.7975208333333335,-0.5058541666666665
2025-08-17 00:00:00+00:00,CHP,Chepstow A48,Urban Traffic,4.956521739130435,14.774791666666667,12.812119583333333,6,5.7975208333333335,-0.8409990942028989
2025-08-17 00:00:00+00:00,PEMB,Narberth,Rural Background,5.970041666666667,13.901041666666666,4.48746875,6,5.458333333333334,0.511708333333333
2025-08-17 00:00:00+00:00,NPT3,Newport,Urban Background,5.219166666666667,10.610416666666667,8.3896125,6,5.7975208333333335,-0.5783541666666663
2025-08-17 00:00:00+00:00,PT4,Port Talbot Margam,Urban Industrial,5.625,12.922958333333334,3.5672804166666663,6,5.630854166666667,-0.005854166666667382
2025-08-17 00:00:00+00:00,SWA1,Swansea Roadside,Urban Traffic,7.583333333333333,13.526791666666666,14.693302916666667,6,5.458333333333334,2.124999999999999
2025-08-17 00:00:00+00:00,WREX,Wrexham,Urban Traffic,7.6375416666666665,12.78125,7.13781875,6,5.458333333333334,2.1792083333333325
2025-08-18 00:00:00+00:00,CARD,Cardiff Centre,Urban Background,5.125,11.996958333333334,7.2998225,6,6.791604166666667,-1.6666041666666667
2025-08-18 00:00:00+00:00,CHP,Chepstow A48,Urban Traffic,4.583333333333333,15.620291666666667,13.895125833333333,6,6.791604166666667,-2.2082708333333336
2025-08-18 00:00:00+00:00,PEMB,Narberth,Rural Background,8.185958333333334,14.494791666666666,5.183190833333334,6,5.78275,2.4032083333333336
2025-08-18 00:00:00+00:00,NPT3,Newport,Urban Background,5.190625,11.435416666666667,9.320120416666667,6,6.791604166666667,-1.6009791666666668
2025-08-18 00:00:00+00:00,PT4,Port Talbot Margam,Urban Industrial,7.208333333333333,13.245,6.466481666666667,6,5.78275,1.425583333333333
2025-08-18 00:00:00+00:00,SWA1,Swansea Roadside,Urban Traffic,10.041666666666666,15.096833333333334,18.101800416666666,6,5.78275,4.258916666666666
2025-08-18 00:00:00+00:00,WREX,Wrexham,Urban Traffic,6.374875,12.035416666666668,8.740046666666666,6,6.199479166666666,0.17539583333333386
2025-08-19 00:00:00+00:00,CARD,Cardiff Centre,Urban Background,,,7.483076666666666,6,6.645833333333334,
2025-08-19 00:00:00+00:00,CHP,Chepstow A48,Urban Traffic,6.375,15.298166666666667,15.415642173913044,5,6.916666666666667,-0.541666666666667
2025-08-19 00:00:00+00:00,PEMB,Narberth,Rural Background,7.727083333333333,12.010416666666666,4.596007916666667,5,6.375,1.3520833333333329
2025-08-19 00:00:00+00:00,NPT3,Newport,Urban Background,5.3468333333333335,12.942708333333334,7.989306666666667,5,6.916666666666667,-1.5698333333333334
2025-08-19 00:00:00+00:00,PT4,Port Talbot Margam,Urban Industrial,6.916666666666667,13.083958333333333,5.3285575,5,6.375,0.541666666666667
2025-08-19 00:00:00+00:00,SWA1,Swansea Roadside,Urban Traffic,8.043478260869565,12.812652173913042,15.214904347826087,5,6.375,1.6684782608695645
2025-08-19 00:00:00+00:00,WREX,Wrexham,Urban Traffic,4.2757499999999995,7.8500000000000005,12.142813333333335,5,6.916666666666667,-2.6409166666666675
2025-08-20 00:00:00+00:00,CARD,Cardiff Centre,Urban Background,,,,6,4.432617424242425,
2025-08-20 00:00:00+00:00,CHP,Chepstow A48,Urban Traffic,6.833333333333333,11.312624999999999,14.886764782608697,5,4.183416666666667,2.649916666666666
2025-08-20 00:00:00+00:00,PEMB,Narberth,Rural Background,3.229125,5.871875,3.885475,5,4.681818181818182,-1.4526931818181819
2025-08-20 00:00:00+00:00,NPT3,Newport,Urban Background,4.183416666666667,9.583333333333334,10.166767916666666,5,4.681818181818182,-0.49840151515151465
2025-08-20 00:00:00+00:00,PT4,Port Talbot Margam,Urban Industrial,4.681818181818182,8.080863636363636,6.012736818181819,5,4.183416666666667,0.49840151515151465
2025-08-20 00:00:00+00:00,SWA1,Swansea Roadside,Urban Traffic,6.208333333333333,8.253,14.783055,5,4.183416666666667,2.024916666666666
2025-08-20 00:00:00+00:00,WREX,Wrexham,Urban Traffic,4.179541666666666,9.197916666666666,14.209407083333334,5,4.681818181818182,-0.5022765151515154
2025-08-21 00:00:00+00:00,CARD,Cardiff Centre,Urban Background,8.590909090909092,17.601608695652175,,6,6.1889166666666675,2.401992424242424
2025-08-21 00:00:00+00:00,CHP,Chepstow A48,Urban Traffic,7.875,15.499416666666667,17.266017916666666,6,6.1889166666666675,1.6860833333333325
2025-08-21 00:00:00+00:00,PEMB,Narberth,Rural Background,5.752833333333334,10.995833333333332,4.210395833333333,6,7.25,-1.4971666666666659
2025-08-21 00:00:00+00:00,NPT3,Newport,Urban Background,5.553333333333334,13.666666666666666,13.100269583333334,6,7.25,-1.6966666666666663
2025-08-21 00:00:00+00:00,PT4,Port Talbot Margam,Urban Industrial,6.625,15.741,4.90765625,6,6.8139166666666675,-0.1889166666666675
2025-08-21 00:00:00+00:00,SWA1,Swansea Roadside,Urban Traffic,10.25,15.8215,14.944544166666667,6,6.1889166666666675,4.0610833333333325
2025-08-21 00:00:00+00:00,WREX,Wrexham,Urban Traffic,4.049833333333333,9.393749999999999,12.875520416666667,6,7.25,-3.200166666666667
2025-08-22 00:00:00+00:00,CARD,Cardiff Centre,Urban Background,8.791666666666666,17.391625,20.431497916666668,6,6.793374999999999,1.9982916666666668
2025-08-22 00:00:00+00:00,CHP,Chepstow A48,Urban Traffic,6.958333333333333,15.016375000000002,21.773140416666667,6,7.001708333333333,-0.04337500000000016
2025-08-22 00:00:00+00:00,PEMB,Narberth,Rural Background,4.949916666666667,10.997916666666667,4.0845787499999995,6,7.166666666666666,-2.2167499999999993
2025-08-22 00:00:00+00:00,NPT3,Newport,Urban Background,6.628416666666666,16.945833333333333,10.806154583333333,6,7.166666666666666,-0.5382499999999997
2025-08-22 00:00:00+00:00,PT4,Port Talbot Margam,Urban Industrial,7.375,15.942291666666668,9.409588333333334,6,6.793374999999999,0.5816250000000007
2025-08-22 00:00:00+00:00,SWA1,Swansea Roadside,Urban Traffic,7.416666666666667,15.177375,16.89614125,6,6.793374999999999,0.6232916666666677
2025-08-22 00:00:00+00:00,WREX,Wrexham,Urban Traffic,4.7956666666666665,10.101041666666667,12.577152916666668,6,7.166666666666666,-2.3709999999999996
2025-08-23 00:00:00+00:00,CARD,Cardiff Centre,Urban Background,9.5,14.976125000000001,14.545565833333333,6,7.8585416666666665,1.6414583333333335
2025-08-23 00:00:00+00:00,CHP,Chepstow A48,Urban Traffic,8.291666666666666,13.325458333333332,18.2931675,6,7.9210416666666665,0.37062499999999954
2025-08-23 00:00:00+00:00,PEMB,Narberth,Rural Background,6.269749999999999,10.402083333333334,3.7242037499999996,6,8.354166666666666,-2.084416666666667
2025-08-23 00:00:00+00:00,NPT3,Newport,Urban Background,6.532041666666667,12.066666666666668,11.597241666666667,6,8.354166666666666,-1.8221249999999989
2025-08-23 00:00:00+00:00,PT4,Port Talbot Margam,Urban Industrial,8.916666666666666,12.641041666666666,8.671365416666667,6,7.8585416666666665,1.0581249999999995
2025-08-23 00:00:00+00:00,SWA1,Swansea Roadside,Urban Traffic,8.416666666666666,13.043708333333333,19.932862083333333,6,7.8585416666666665,0.5581249999999995
2025-08-23 00:00:00+00:00,WREX,Wrexham,Urban Traffic,7.425416666666667,13.2875,16.753172083333332,6,8.354166666666666,-0.9287499999999991
2025-08-24 00:00:00+00:00,CARD,Cardiff Centre,Urban Background,8.041666666666666,17.552583333333335,13.059279583333334,6,8.566416666666667,-0.5247500000000009
2025-08-24 00:00:00+00:00,CHP,Chepstow A48,Urban Traffic,8.583333333333334,16.58641666666667,19.994831739130433,6,8.295583333333333,0.28775000000000084
2025-08-24 00:00:00+00:00,PEMB,Narberth,Rural Background,7.075500000000001,13.668750000000001,4.045969583333333,6,8.566416666666667,-1.4909166666666662
2025-08-24 00:00:00+00:00,NPT3,Newport,Urban Background,7.378125,15.136458333333332,6.959378333333333,6,8.566416666666667,-1.1882916666666672
2025-08-24 00:00:00+00:00,PT4,Port Talbot Margam,Urban Industrial,9.583333333333334,17.673458333333333,6.312222916666666,6,8.295583333333333,1.2877500000000008
2025-08-24 00:00:00+00:00,SWA1,Swansea Roadside,Urban Traffic,10.25,16.344958333333334,17.262797083333336,6,8.295583333333333,1.954416666666667
2025-08-24 00:00:00+00:00,WREX,Wrexham,Urban Traffic,8.5495,16.782291666666666,12.222841666666667,6,8.3125,0.2370000000000001
2025-08-25 00:00:00+00:00,CARD,Cardiff Centre,Urban Background,6.208333333333333,16.26429166666667,17.30067875,6,6.354166666666666,-0.14583333333333304
2025-08-25 00:00:00+00:00,CHP,Chepstow A48,Urban Traffic,6.083333333333333,13.164458333333334,20.60507875,6,6.416666666666666,-0.33333333333333304
2025-08-25 00:00:00+00:00,PEMB,Narberth,Rural Background,6.082958333333334,13.884375,3.6803112500000004,6,6.416666666666666,-0.33370833333333216
2025-08-25 00:00:00+00:00,NPT3,Newport,Urban Background,5.624,13.491666666666667,10.170650833333333,6,6.416666666666666,-0.7926666666666664
2025-08-25 00:00:00+00:00,PT4,Port Talbot Margam,Urban Industrial,6.625,15.418875,8.253985416666668,6,6.145833333333333,0.47916666666666696
2025-08-25 00:00:00+00:00,SWA1,Swansea Roadside,Urban Traffic,9.0,15.660458333333333,13.482122500000001,6,6.145833333333333,2.854166666666667
2025-08-25 00:00:00+00:00,WREX,Wrexham,Urban Traffic,9.481208333333333,18.751041666666666,11.132154166666666,6,6.145833333333333,3.335375
2025-08-26 00:00:00+00:00,CARD,Cardiff Centre,Urban Background,5.956521739130435,15.239545454545453,8.242575652173914,6,5.956687499999999,-0.0001657608695646573
2025-08-26 00:00:00+00:00,CHP,Chepstow A48,Urban Traffic,6.708333333333333,22.98754166666667,16.22360739130435,6,5.906698369565217,0.8016349637681159
2025-08-26 00:00:00+00:00,PEMB,Narberth,Rural Background,5.514875,11.930208333333333,2.1237754166666667,6,6.006510869565217,-0.49163586956521677
2025-08-26 00:00:00+00:00,NPT3,Newport,Urban Background,6.0565,13.158333333333333,4.9175683333333335,6,5.906698369565217,0.14980163043478267
2025-08-26 00:00:00+00:00,PT4,Port Talbot Margam,Urban Industrial,4.708333333333333,19.485208333333333,3.6006062500000002,6,6.006510869565217,-1.2981775362318837
2025-08-26 00:00:00+00:00,SWA1,Swansea Roadside,Urban Traffic,7.041666666666667,14.694250000000002,6.0638117391304345,6,5.906698369565217,1.1349682971014499
2025-08-26 00:00:00+00:00,WREX,Wrexham,Urban Traffic,5.856875,10.920833333333334,7.23788,6,6.006510869565217,-0.14963586956521713
2025-08-27 00:00:00+00:00,CARD,Cardiff Centre,Urban Background,5.333333333333333,15.056541666666666,9.782934583333333,6,4.992062499999999,0.34127083333333363
2025-08-27 00:00:00+00:00,CHP,Chepstow A48,Urban Traffic,6.3478260869565215,14.787,19.515648636363636,6,4.992062499999999,1.355763586956522
2025-08-27 00:00:00+00:00,PEMB,Narberth,Rural Background,4.900791666666667,10.704166666666666,1.78284125,6,5.208333333333333,-0.3075416666666664
2025-08-27 00:00:00+00:00,NPT3,Newport,Urban Background,4.8977916666666665,12.434375000000001,5.488718333333334,6,5.208333333333333,-0.3105416666666665
2025-08-27 00:00:00+00:00,PT4,Port Talbot Margam,Urban Industrial,5.083333333333333,16.666958333333334,5.756892916666668,6,5.117062499999999,-0.033729166666666366
2025-08-27 00:00:00+00:00,SWA1,Swansea Roadside,Urban Traffic,6.0,14.613833333333334,6.585007826086957,6,4.992062499999999,1.0079375000000006
2025-08-27 00:00:00+00:00,WREX,Wrexham,Urban Traffic,3.843227272727273,8.161363636363637,,6,5.208333333333333,-1.36510606060606
2025-08-28 00:00:00+00:00,CARD,Cardiff Centre,Urban Background,4.458333333333333,13.405958333333333,8.776487916666666,6,4.325458333333334,0.1328749999999994
2025-08-28 00:00:00+00:00,CHP,Chepstow A48,Urban Traffic,6.0,12.399583333333332,14.879831666666666,6,4.325458333333334,1.6745416666666664
2025-08-28 00:00:00+00:00,PEMB,Narberth,Rural Background,4.3289583333333335,9.078125,1.4968820833333334,6,4.390145833333333,-0.06118749999999995
2025-08-28 00:00:00+00:00,NPT3,Newport,Urban Background,4.321958333333334,11.424999999999999,7.010427916666667,6,4.393645833333333,-0.07168749999999946
2025-08-28 00:00:00+00:00,PT4,Port Talbot Margam,Urban Industrial,4.25,16.626583333333333,4.066857083333333,6,4.393645833333333,-0.14364583333333325
2025-08-28 00:00:00+00:00,SWA1,Swansea Roadside,Urban Traffic,4.958333333333333,11.634666666666668,6.188041666666667,6,4.325458333333334,0.6328749999999994
2025-08-28 00:00:00+00:00,WREX,Wrexham,Urban Traffic,3.071875,6.91875,,6,4.393645833333333,-1.3217708333333333
2025-08-29 00:00:00+00:00,CARD,Cardiff Centre,Urban Background,5.0,10.104791666666666,9.612433913043478,6,3.66725,1.3327499999999999
2025-08-29 00:00:00+00:00,CHP,Chepstow A48,Urban Traffic,5.416666666666667,10.225541666666667,17.838432916666665,6,3.66725,1.7494166666666668
2025-08-29 00:00:00+00:00,PEMB,Narberth,Rural Background,2.844,6.852083333333333,1.5504545833333332,6,4.5625,-1.7185000000000001
2025-08-29 00:00:00+00:00,NPT3,Newport,Urban Background,3.2095000000000002,7.26875,5.4759125,6,4.5625,-1.3529999999999998
2025-08-29 00:00:00+00:00,PT4,Port Talbot Margam,Urban Industrial,5.045454545454546,13.746363636363638,8.471219166666666,6,3.66725,1.3782045454545457
2025-08-29 00:00:00+00:00,SWA1,Swansea Roadside,Urban Traffic,4.125,8.091916666666668,7.507967916666666,6,4.10475,0.02024999999999988
2025-08-29 00:00:00+00:00,WREX,Wrexham,Urban Traffic,2.6080416666666664,5.0218750000000005,8.431814583333333,6,4.5625,-1.9544583333333336
2025-08-30 00:00:00+00:00,CARD,Cardiff Centre,Urban Background,5.0,13.365666666666668,12.358520416666666,6,4.458333333333333,0.541666666666667
2025-08-30 00:00:00+00:00,CHP,Chepstow A48,Urban Traffic,4.458333333333333,11.111291666666666,14.577448695652174,6,4.729166666666666,-0.27083333333333304
2025-08-30 00:00:00+00:00,PEMB,Narberth,Rural Background,5.0757916666666665,11.022916666666667,1.7799633333333331,6,4.458333333333333,0.6174583333333334
2025-08-30 00:00:00+00:00,NPT3,Newport,Urban Background,4.398583333333334,10.905208333333334,5.014342500000001,6,4.729166666666666,-0.33058333333333234
2025-08-30 00:00:00+00:00,PT4,Port Talbot Margam,Urban Industrial,4.458333333333333,15.378666666666668,5.15329,6,4.729166666666666,-0.27083333333333304
2025-08-30 00:00:00+00:00,SWA1,Swansea Roadside,Urban Traffic,6.041666666666667,12.801958333333333,8.297204166666667,6,4.458333333333333,1.583333333333334
2025-08-30 00:00:00+00:00,WREX,Wrexham,Urban Traffic,2.67,5.780208333333333,9.156664166666667,6,4.729166666666666,-2.059166666666666
2025-08-31 00:00:00+00:00,CARD,Cardiff Centre,Urban Background,5.041666666666667,15.580041666666666,5.566296666666666,6,6.530125,-1.488458333333333
2025-08-31 00:00:00+00:00,CHP,Chepstow A48,Urban Traffic,6.25,15.982583333333332,8.665163333333334,6,6.530125,-0.28012499999999996
2025-08-31 00:00:00+00:00,PEMB,Narberth,Rural Background,6.803375,14.110416666666666,0.7553116666666666,6,6.2534375,0.5499374999999995
2025-08-31 00:00:00+00:00,NPT3,Newport,Urban Background,6.256875,16.397916666666667,2.87034,6,6.5266874999999995,-0.26981249999999957
2025-08-31 00:00:00+00:00,PT4,Port Talbot Margam,Urban Industrial,7.583333333333333,25.523833333333332,2.316875,6,6.2534375,1.3298958333333326
2025-08-31 00:00:00+00:00,SWA1,Swansea Roadside,Urban Traffic,7.708333333333333,21.578458333333334,2.71997,6,6.2534375,1.4548958333333326
2025-08-31 00:00:00+00:00,WREX,Wrexham,Urban Traffic,4.857458333333333,10.369791666666666,5.20780625,6,6.530125,-1.6726666666666672
2025-09-01 00:00:00+00:00,CARD,Cardiff Centre,Urban Background,5.916666666666667,13.969708333333335,5.797934583333333,6,5.5772916666666665,0.3393750000000004
2025-09-01 00:00:00+00:00,CHP,Chepstow A48,Urban Traffic,6.75,13.889166666666668,13.569343333333334,6,5.5772916666666665,1.1727083333333335
2025-09-01 00:00:00+00:00,PEMB,Narberth,Rural Background,4.859541666666667,10.176041666666666,1.0336029166666667,6,5.916666666666667,-1.057125
2025-09-01 00:00:00+00:00,NPT3,Newport,Urban Background,5.237916666666666,11.815624999999999,4.094426250000001,6,5.916666666666667,-0.6787500000000009
2025-09-01 00:00:00+00:00,PT4,Port Talbot Margam,Urban Industrial,5.916666666666667,18.317458333333335,2.980798333333333,6,5.5772916666666665,0.3393750000000004
2025-09-01 00:00:00+00:00,SWA1,Swansea Roadside,Urban Traffic,6.541666666666667,13.245041666666667,5.382983333333333,6,5.5772916666666665,0.9643750000000004
2025-09-01 00:00:00+00:00,WREX,Wrexham,Urban Traffic,2.9382916666666667,5.73125,7.146146666666667,6,5.916666666666667,-2.978375
2025-09-02 00:00:00+00:00,CARD,Cardiff Centre,Urban Background,5.0,9.29975,11.752016666666668,6,3.4925416666666664,1.5074583333333336
2025-09-02 00:00:00+00:00,CHP,Chepstow A48,Urban Traffic,4.5,10.426875,22.964490833333333,6,3.4925416666666664,1.0074583333333336
2025-09-02 00:00:00+00:00,PEMB,Narberth,Rural Background,2.4754583333333335,5.783333333333334,2.313042916666667,6,4.038541666666666,-1.5630833333333327
2025-09-02 00:00:00+00:00,NPT3,Newport,Urban Background,3.577083333333333,7.876041666666667,12.659413333333333,6,3.9539999999999997,-0.3769166666666668
2025-09-02 00:00:00+00:00,PT4,Port Talbot Margam,Urban Industrial,2.7083333333333335,8.856833333333332,6.268812083333334,6,4.038541666666666,-1.3302083333333328
2025-09-02 00:00:00+00:00,SWA1,Swansea Roadside,Urban Traffic,5.208333333333333,8.172458333333333,14.293943749999999,6,3.4925416666666664,1.7157916666666666
2025-09-02 00:00:00+00:00,WREX,Wrexham,Urban Traffic,3.408,7.248958333333333,12.829057916666669,6,4.038541666666666,-0.6305416666666663
2025-09-03 00:00:00+00:00,CARD,Cardiff Centre,Urban Background,3.5833333333333335,8.107608695652173,9.043389166666666,6,3.15725,0.4260833333333336
2025-09-03 00:00:00+00:00,CHP,Chepstow A48,Urban Traffic,3.9166666666666665,8.373791666666667,14.974135833333333,6,2.9905833333333334,0.9260833333333331
2025-09-03 00:00:00+00:00,PEMB,Narberth,Rural Background,1.891875,5.145125,1.2769745833333332,6,3.75,-1.858125
2025-09-03 00:00:00+00:00,NPT3,Newport,Urban Background,2.3978333333333333,6.4593750000000005,6.61879875,6,3.75,-1.3521666666666667
2025-09-03 00:00:00+00:00,PT4,Port Talbot Margam,Urban Industrial,3.9565217391304346,8.2609,4.217705714285715,6,2.9905833333333334,0.9659384057971012
2025-09-03 00:00:00+00:00,SWA1,Swansea Roadside,Urban Traffic,4.318181818181818,6.060681818181819,9.415545217391303,6,2.9905833333333334,1.327598484848485
2025-09-03 00:00:00+00:00,WREX,Wrexham,Urban Traffic,1.8789583333333333,3.655208333333333,7.796425833333334,6,3.75,-1.8710416666666667
2025-09-04 00:00:00+00:00,CARD,Cardiff Centre,Urban Background,4.166666666666667,8.534708333333333,9.408830833333333,6,3.7776875,0.3889791666666671
2025-09-04 00:00:00+00:00,CHP,Chepstow A48,Urban Traffic,4.708333333333333,9.380291666666666,21.310365416666667,6,3.548520833333334,1.1598124999999992
2025-09-04 00:00:00+00:00,PEMB,Narberth,Rural Background,2.3104583333333335,5.7124999999999995,1.772335,6,4.395833333333334,-2.0853750000000004
2025-09-04 00:00:00+00:00,NPT3,Newport,Urban Background,2.930375,7.3812500000000005,8.772441666666667,6,4.395833333333334,-1.4654583333333338
2025-09-04 00:00:00+00:00,PT4,Port Talbot Margam,Urban Industrial,4.958333333333333,9.621708333333332,7.9689375,6,3.548520833333334,1.4098124999999992
2025-09-04 00:00:00+00:00,SWA1,Swansea Roadside,Urban Traffic,4.625,7.850375,12.4798725,6,3.548520833333334,1.0764791666666662
2025-09-04 00:00:00+00:00,WREX,Wrexham,Urban Traffic,1.608625,3.923958333333333,9.53609125,6,4.395833333333334,-2.787208333333334
2025-09-05 00:00:00+00:00,CARD,Cardiff Centre,Urban Background,4.916666666666667,9.259375,14.458320833333334,6,3.9037708333333336,1.0128958333333333
2025-09-05 00:00:00+00:00,CHP,Chepstow A48,Urban Traffic,4.791666666666667,11.634666666666666,26.965725833333334,6,3.9662708333333336,0.8253958333333333
2025-09-05 00:00:00+00:00,PEMB,Narberth,Rural Background,2.46275,6.621875,1.6932462499999998,6,4.854166666666667,-2.3914166666666667
2025-09-05 00:00:00+00:00,NPT3,Newport,Urban Background,3.015875,8.018749999999999,11.26994125,6,4.854166666666667,-1.838291666666667
2025-09-05 00:00:00+00:00,PT4,Port Talbot Margam,Urban Industrial,4.958333333333333,8.77625,8.752947083333334,6,3.9037708333333336,1.0545624999999994
2025-09-05 00:00:00+00:00,SWA1,Swansea Roadside,Urban Traffic,6.666666666666667,10.426916666666667,16.791002916666667,6,3.9037708333333336,2.7628958333333333
2025-09-05 00:00:00+00:00,WREX,Wrexham,Urban Traffic,1.8672916666666666,4.3218749999999995,10.168245416666666,6,4.854166666666667,-2.9868750000000004
2025-09-06 00:00:00+00:00,CARD,Cardiff Centre,Urban Background,5.041666666666667,14.77475,11.642278750000001,6,4.193229166666667,0.8484375000000002
2025-09-06 00:00:00+00:00,CHP,Chepstow A48,Urban Traffic,5.791666666666667,11.393083333333335,18.698823333333333,6,4.193229166666667,1.5984375000000002
2025-09-06 00:00:00+00:00,PEMB,Narberth,Rural Background,4.543125,13.647916666666667,2.439947083333333,6,4.3175,0.22562499999999996
2025-09-06 00:00:00+00:00,NPT3,Newport,Urban Background,3.8433333333333333,9.88125,10.439809166666667,6,4.667395833333334,-0.8240625000000006
2025-09-06 00:00:00+00:00,PT4,Port Talbot Margam,Urban Industrial,3.7916666666666665,12.681333333333333,5.032263333333334,6,4.667395833333334,-0.8757291666666673
2025-09-06 00:00:00+00:00,SWA1,Swansea Roadside,Urban Traffic,4.791666666666667,13.768333333333333,15.40473375,6,4.193229166666667,0.5984375000000002
2025-09-06 00:00:00+00:00,WREX,Wrexham,Urban Traffic,3.5023750000000002,8.213541666666666,12.575474583333333,6,4.667395833333334,-1.1650208333333336
2025-09-07 00:00:00+00:00,CARD,Cardiff Centre,Urban Background,5.208333333333333,12.158083333333332,10.062533333333333,6,5.140833333333333,0.0674999999999999
2025-09-07 00:00:00+00:00,CHP,Chepstow A48,Urban Traffic,4.791666666666667,11.111333333333334,19.27515,6,5.291666666666666,-0.4999999999999991
2025-09-07 00:00:00+00:00,PEMB,Narberth,Rural Background,6.270708333333334,13.261458333333332,2.0312175,6,5.0575,1.213208333333334
2025-09-07 00:00:00+00:00,NPT3,Newport,Urban Background,4.906666666666667,10.619791666666666,11.356699583333333,6,5.291666666666666,-0.3849999999999989
2025-09-07 00:00:00+00:00,PT4,Port Talbot Margam,Urban Industrial,5.375,12.520333333333333,4.397124166666667,6,5.0575,0.3174999999999999
2025-09-07 00:00:00+00:00,SWA1,Swansea Roadside,Urban Traffic,8.208333333333334,11.956625,12.953843749999999,6,5.0575,3.150833333333334
2025-09-07 00:00:00+00:00,WREX,Wrexham,Urban Traffic,3.4130000000000003,7.0,11.5955475,6,5.291666666666666,-1.8786666666666658
2025-09-08 00:00:00+00:00,CARD,Cardiff Centre,Urban Background,5.125,11.35275,10.917014166666666,6,3.6824166666666667,1.4425833333333333
2025-09-08 00:00:00+00:00,CHP,Chepstow A48,Urban Traffic,4.625,11.1515,23.438775652173916,6,3.6824166666666667,0.9425833333333333
2025-09-08 00:00:00+00:00,PEMB,Narberth,Rural Background,3.1623750000000004,7.951041666666666,1.4693616666666667,6,4.208333333333333,-1.0459583333333327
2025-09-08 00:00:00+00:00,NPT3,Newport,Urban Background,3.573166666666667,8.805208333333333,11.138408750000002,6,4.208333333333333,-0.6351666666666662
2025-09-08 00:00:00+00:00,PT4,Port Talbot Margam,Urban Industrial,3.7916666666666665,13.44625,9.655134166666667,6,4.099083333333334,-0.3074166666666671
2025-09-08 00:00:00+00:00,SWA1,Swansea Roadside,Urban Traffic,5.521739130434782,9.94375,13.980579583333332,6,3.6824166666666667,1.8393224637681156
2025-09-08 00:00:00+00:00,WREX,Wrexham,Urban Traffic,2.8882083333333335,6.9937499999999995,13.5833475,6,4.208333333333333,-1.3201249999999995
2025-09-09 00:00:00+00:00,CARD,Cardiff Centre,Urban Background,3.875,12.480041666666667,13.139827083333332,6,3.3781041666666667,0.4968958333333333
2025-09-09 00:00:00+00:00,CHP,Chepstow A48,Urban Traffic,5.916666666666667,10.064625000000001,21.421177916666664,6,3.3781041666666667,2.5385625000000003
2025-09-09 00:00:00+00:00,PEMB,Narberth,Rural Background,3.297875,7.947916666666667,1.18538375,6,3.600729166666667,-0.3028541666666671
2025-09-09 00:00:00+00:00,NPT3,Newport,Urban Background,3.7431250000000005,9.99375,9.83956875,6,3.3781041666666667,0.3650208333333338
2025-09-09 00:00:00+00:00,PT4,Port Talbot Margam,Urban Industrial,3.4583333333333335,9.380208333333334,7.186529166666666,6,3.5205,-0.0621666666666667
2025-09-09 00:00:00+00:00,SWA1,Swansea Roadside,Urban Traffic,2.2083333333333335,11.513875,11.46386625,6,3.600729166666667,-1.3923958333333335
2025-09-09 00:00:00+00:00,WREX,Wrexham,Urban Traffic,2.9756250000000004,6.8812500000000005,11.669843913043477,6,3.600729166666667,-0.6251041666666666
2025-09-10 00:00:00+00:00,CARD,Cardiff Centre,Urban Background,5.25,8.937375000000001,13.36448,6,3.540708333333333,1.709291666666667
2025-09-10 00:00:00+00:00,CHP,Chepstow A48,Urban Traffic,5.869565217391305,9.62013043478261,22.09503260869565,6,3.540708333333333,2.3288568840579718
2025-09-10 00:00:00+00:00,PEMB,Narberth,Rural Background,3.136875,7.436458333333333,1.1067608333333332,6,3.583333333333333,-0.4464583333333332
2025-09-10 00:00:00+00:00,NPT3,Newport,Urban Background,3.5397499999999997,7.986458333333334,6.365850833333333,6,3.583333333333333,-0.04358333333333331
2025-09-10 00:00:00+00:00,PT4,Port Talbot Margam,Urban Industrial,3.625,9.702333333333334,7.054312500000001,6,3.540708333333333,0.0842916666666671
2025-09-10 00:00:00+00:00,SWA1,Swansea Roadside,Urban Traffic,3.5416666666666665,9.219166666666666,10.138395000000001,6,3.582375,-0.040708333333333346
2025-09-10 00:00:00+00:00,WREX,Wrexham,Urban Traffic,2.6660833333333334,5.208333333333333,10.488515,6,3.583333333333333,-0.9172499999999997
2025-09-11 00:00:00+00:00,CARD,Cardiff Centre,Urban Background,6.333333333333333,13.406,8.5886075,6,4.9037291666666665,1.4296041666666666
2025-09-11 00:00:00+00:00,CHP,Chepstow A48,Urban Traffic,7.291666666666667,12.157916666666667,19.252224583333334,6,4.9037291666666665,2.3879375000000005
2025-09-11 00:00:00+00:00,PEMB,Narberth,Rural Background,4.598166666666667,9.566666666666666,0.7487079166666667,6,5.25,-0.6518333333333333
2025-09-11 00:00:00+00:00,NPT3,Newport,Urban Background,4.807458333333334,11.027083333333332,6.415166521739131,6,5.25,-0.44254166666666617
2025-09-11 00:00:00+00:00,PT4,Port Talbot Margam,Urban Industrial,5.5,17.351375,5.194977083333334,6,4.9037291666666665,0.5962708333333335
2025-09-11 00:00:00+00:00,SWA1,Swansea Roadside,Urban Traffic,5.0,13.768291666666668,8.918293333333333,6,5.1537291666666665,-0.15372916666666647
2025-09-11 00:00:00+00:00,WREX,Wrexham,Urban Traffic,2.6415416666666665,5.422916666666667,9.729800833333334,6,5.25,-2.6084583333333335
2025-09-12 00:00:00+00:00,CARD,Cardiff Centre,Urban Background,5.25,10.54775,8.085578333333332,6,4.007395833333334,1.2426041666666663
2025-09-12 00:00:00+00:00,CHP,Chepstow A48,Urban Traffic,5.708333333333333,9.098333333333333,22.01632875,6,4.007395833333334,1.7009374999999993
2025-09-12 00:00:00+00:00,PEMB,Narberth,Rural Background,4.262875,9.422916666666667,0.7872470833333334,6,4.417624999999999,-0.15474999999999905
2025-09-12 00:00:00+00:00,NPT3,Newport,Urban Background,3.7519166666666663,8.915625,10.150600416666666,6,4.673104166666667,-0.9211875000000003
2025-09-12 00:00:00+00:00,PT4,Port Talbot Margam,Urban Industrial,5.083333333333333,15.942208333333333,4.79461,6,4.007395833333334,1.0759374999999993
2025-09-12 00:00:00+00:00,SWA1,Swansea Roadside,Urban Traffic,3.3333333333333335,11.996958333333334,7.269100833333333,6,4.673104166666667,-1.3397708333333331
2025-09-12 00:00:00+00:00,WREX,Wrexham,Urban Traffic,2.842875,6.0406249999999995,9.087980833333333,6,4.673104166666667,-1.8302291666666668
2025-09-13 00:00:00+00:00,CARD,Cardiff Centre,Urban Background,5.875,12.238541666666668,9.931655416666667,6,4.340708333333334,1.5342916666666664
2025-09-13 00:00:00+00:00,CHP,Chepstow A48,Urban Traffic,8.0,11.997083333333334,20.073895416666666,6,4.340708333333334,3.6592916666666664
2025-09-13 00:00:00+00:00,PEMB,Narberth,Rural Background,4.38975,10.083333333333334,0.9278983333333334,6,4.541666666666667,-0.1519166666666667
2025-09-13 00:00:00+00:00,NPT3,Newport,Urban Background,4.117541666666667,9.733333333333333,7.637698333333334,6,4.590708333333334,-0.47316666666666674
2025-09-13 00:00:00+00:00,PT4,Port Talbot Margam,Urban Industrial,4.291666666666667,16.10325,3.9168379166666667,6,4.590708333333334,-0.29904166666666665
2025-09-13 00:00:00+00:00,SWA1,Swansea Roadside,Urban Traffic,4.791666666666667,13.929375,13.096816666666667,6,4.340708333333334,0.45095833333333335
2025-09-13 00:00:00+00:00,WREX,Wrexham,Urban Traffic,2.4410833333333333,5.060416666666667,7.454086666666666,6,4.590708333333334,-2.1496250000000003
2025-09-14 00:00:00+00:00,CARD,Cardiff Centre,Urban Background,5.875,13.965909090909092,12.263603333333334,6,5.916666666666667,-0.04166666666666696
2025-09-14 00:00:00+00:00,CHP,Chepstow A48,Urban Traffic,7.375,13.325458333333335,17.34614125,6,5.895833333333334,1.479166666666666
2025-09-14 00:00:00+00:00,PEMB,Narberth,Rural Background,6.104583333333333,12.369791666666666,0.9975241666666667,6,5.895833333333334,0.20874999999999932
2025-09-14 00:00:00+00:00,NPT3,Newport,Urban Background,5.536541666666667,12.301041666666668,7.674569583333334,6,5.916666666666667,-0.3801249999999996
2025-09-14 00:00:00+00:00,PT4,Port Talbot Margam,Urban Industrial,5.916666666666667,16.344875,4.123114166666666,6,5.895833333333334,0.020833333333333037
2025-09-14 00:00:00+00:00,SWA1,Swansea Roadside,Urban Traffic,5.916666666666667,14.533291666666665,10.757775833333334,6,5.895833333333334,0.020833333333333037
2025-09-14 00:00:00+00:00,WREX,Wrexham,Urban Traffic,3.109208333333333,6.020833333333333,8.9773625,6,5.916666666666667,-2.807458333333334
2025-09-15 00:00:00+00:00,CARD,Cardiff Centre,Urban Background,9.5,22.222708333333333,3.5179520833333338,6,8.724854166666667,0.7751458333333332
2025-09-15 00:00:00+00:00,CHP,Chepstow A48,Urban Traffic,9.291666666666666,19.444791666666667,10.690742916666666,6,8.724854166666667,0.5668124999999993
2025-09-15 00:00:00+00:00,PEMB,Narberth,Rural Background,7.848916666666667,14.686458333333334,0.4712929166666667,6,9.166666666666666,-1.3177499999999993
2025-09-15 00:00:00+00:00,NPT3,Newport,Urban Background,8.408041666666668,18.917708333333334,1.7773916666666667,6,9.166666666666666,-0.7586249999999986
2025-09-15 00:00:00+00:00,PT4,Port Talbot Margam,Urban Industrial,9.666666666666666,30.274291666666667,2.536063043478261,6,8.724854166666667,0.9418124999999993
2025-09-15 00:00:00+00:00,SWA1,Swansea Roadside,Urban Traffic,9.041666666666666,23.712166666666665,2.7078366666666667,6,8.849854166666667,0.19181249999999928
2025-09-15 00:00:00+00:00,WREX,Wrexham,Urban Traffic,2.7359166666666668,5.363541666666666,1.7079095833333333,6,9.166666666666666,-6.43075
2025-09-16 00:00:00+00:00,CARD,Cardiff Centre,Urban Background,6.791666666666667,12.922875,7.348210000000001,6,4.032541666666667,2.759125
2025-09-16 00:00:00+00:00,CHP,Chepstow A48,Urban Traffic,6.291666666666667,12.359333333333334,17.676981666666666,6,4.032541666666667,2.259125
2025-09-16 00:00:00+00:00,PEMB,Narberth,Rural Background,3.8679166666666664,8.578125,1.0073404166666666,6,5.244416666666667,-1.3765000000000005
2025-09-16 00:00:00+00:00,NPT3,Newport,Urban Background,4.197166666666667,10.764583333333334,5.071413333333333,6,5.079791666666667,-0.882625
2025-09-16 00:00:00+00:00,PT4,Port Talbot Margam,Urban Industrial,6.333333333333333,15.781291666666666,4.916101666666667,6,4.032541666666667,2.300791666666666
2025-09-16 00:00:00+00:00,SWA1,Swansea Roadside,Urban Traffic,3.1739130434782608,12.560541666666667,5.8920337499999995,6,5.244416666666667,-2.070503623188406
2025-09-16 00:00:00+00:00,WREX,Wrexham,Urban Traffic,2.719125,5.8656250000000005,3.5131795833333332,6,5.244416666666667,-2.525291666666667
2025-09-17 00:00:00+00:00,CARD,Cardiff Centre,Urban Background,2.7083333333333335,3.908772727272727,8.261906250000001,6,2.05525,0.6530833333333335
2025-09-17 00:00:00+00:00,CHP,Chepstow A48,Urban Traffic,2.7083333333333335,2.6973750000000005,10.144021666666667,6,2.05525,0.6530833333333335
2025-09-17 00:00:00+00:00,PEMB,Narberth,Rural Background,1.4524166666666665,2.810416666666667,0.9780983333333334,6,2.6458333333333335,-1.193416666666667
2025-09-17 00:00:00+00:00,NPT3,Newport,Urban Background,1.4160833333333336,3.2458333333333336,6.002303333333334,6,2.6458333333333335,-1.22975
2025-09-17 00:00:00+00:00,PT4,Port Talbot Margam,Urban Industrial,2.5833333333333335,7.8101666666666665,3.585729166666667,6,2.11775,0.46558333333333346
2025-09-17 00:00:00+00:00,SWA1,Swansea Roadside,Urban Traffic,2.8333333333333335,3.9452083333333334,3.3534854166666666,6,2.05525,0.7780833333333335
2025-09-17 00:00:00+00:00,WREX,Wrexham,Urban Traffic,1.5271666666666668,3.228125,8.154383333333334,6,2.6458333333333335,-1.1186666666666667
2025-09-18 00:00:00+00:00,CARD,Cardiff Centre,Urban Background,4.708333333333333,8.023652173913042,9.63479875,6,2.7731458333333334,1.9351874999999996
2025-09-18 00:00:00+00:00,CHP,Chepstow A48,Urban Traffic,1.8333333333333333,5.676416666666667,12.18285260869565,6,3.7667916666666663,-1.933458333333333
2025-09-18 00:00:00+00:00,PEMB,Narberth,Rural Background,2.7210416666666664,4.630208333333333,1.1560930434782608,6,3.7667916666666663,-1.04575
2025-09-18 00:00:00+00:00,NPT3,Newport,Urban Background,2.82525,5.827083333333333,,6,3.7146874999999997,-0.8894374999999997
2025-09-18 00:00:00+00:00,PT4,Port Talbot Margam,Urban Industrial,4.739130434782608,14.844318181818181,6.934315000000001,6,2.7731458333333334,1.965984601449275
2025-09-18 00:00:00+00:00,SWA1,Swansea Roadside,Urban Traffic,5.130434782608695,7.771478260869565,3.83192375,6,2.7731458333333334,2.357288949275362
2025-09-18 00:00:00+00:00,WREX,Wrexham,Urban Traffic,2.625833333333333,5.41875,9.15591375,6,3.7667916666666663,-1.1409583333333333
2025-09-19 00:00:00+00:00,CARD,Cardiff Centre,Urban Background,5.958333333333333,9.94375,16.47974375,6,5.739333333333333,0.2190000000000003
2025-09-19 00:00:00+00:00,CHP,Chepstow A48,Urban Traffic,6.5,10.668458333333334,22.006493333333335,6,5.7185,0.7815000000000003
2025-09-19 00:00:00+00:00,PEMB,Narberth,Rural Background,4.740583333333333,8.3375,1.4313691666666666,6,5.979166666666666,-1.2385833333333327
2025-09-19 00:00:00+00:00,NPT3,Newport,Urban Background,5.478666666666666,10.748958333333334,,6,5.979166666666666,-0.5004999999999997
2025-09-19 00:00:00+00:00,PT4,Port Talbot Margam,Urban Industrial,6.0,19.847333333333335,12.151745416666666,6,5.7185,0.2815000000000003
2025-09-19 00:00:00+00:00,SWA1,Swansea Roadside,Urban Traffic,6.208333333333333,9.903541666666667,12.48933,6,5.7185,0.48983333333333334
2025-09-19 00:00:00+00:00,WREX,Wrexham,Urban Traffic,2.2887083333333336,4.45625,9.659629583333333,6,5.979166666666666,-3.6904583333333325
2025-09-20 00:00:00+00:00,CARD,Cardiff Centre,Urban Background,6.5,11.594291666666665,13.340804583333332,6,3.8740942028985508,2.6259057971014492
2025-09-20 00:00:00+00:00,CHP,Chepstow A48,Urban Traffic,7.625,9.299625,16.5477175,6,3.8740942028985508,3.7509057971014492
2025-09-20 00:00:00+00:00,PEMB,Narberth,Rural Background,1.5497083333333332,3.765625,1.0527970833333333,6,4.541677536231884,-2.9919692028985505
2025-09-20 00:00:00+00:00,NPT3,Newport,Urban Background,5.126833333333333,9.296875,,6,3.8740942028985508,1.2527391304347821
2025-09-20 00:00:00+00:00,PT4,Port Talbot Margam,Urban Industrial,3.7916666666666665,10.748916666666666,7.6721,6,4.541677536231884,-0.7500108695652172
2025-09-20 00:00:00+00:00,SWA1,Swansea Roadside,Urban Traffic,3.9565217391304346,6.6425833333333335,8.935656666666667,6,4.45925,-0.5027282608695653
2025-09-20 00:00:00+00:00,WREX,Wrexham,Urban Traffic,1.3699166666666667,2.7864583333333335,7.64324125,6,4.541677536231884,-3.171760869565217
2025-09-21 00:00:00+00:00,CARD,Cardiff Centre,Urban Background,5.583333333333333,8.333375,8.790655833333334,6,2.6242916666666662,2.959041666666667
2025-09-21 00:00:00+00:00,CHP,Chepstow A48,Urban Traffic,5.75,7.608833333333333,12.01630043478261,6,2.6242916666666662,3.1257083333333338
2025-09-21 00:00:00+00:00,PEMB,Narberth,Rural Background,2.361458333333333,6.067708333333333,0.6841075,6,3.2742916666666666,-0.9128333333333334
2025-09-21 00:00:00+00:00,NPT3,Newport,Urban Background,2.114875,5.538541666666667,8.051715,6,3.2742916666666666,-1.1594166666666665
2025-09-21 00:00:00+00:00,PT4,Port Talbot Margam,Urban Industrial,2.5,8.253083333333334,3.966085,6,3.2742916666666666,-0.7742916666666666
2025-09-21 00:00:00+00:00,SWA1,Swansea Roadside,Urban Traffic,3.8,6.199750000000001,7.098906666666667,6,2.6242916666666662,1.1757083333333336
2025-09-21 00:00:00+00:00,WREX,Wrexham,Urban Traffic,2.748583333333333,5.714583333333334,7.661432083333334,6,3.15,-0.401416666666667
2025-09-22 00:00:00+00:00,CARD,Cardiff Centre,Urban Background,5.333333333333333,10.024333333333333,17.13487625,6,3.1875,2.145833333333333
2025-09-22 00:00:00+00:00,CHP,Chepstow A48,Urban Traffic,6.708333333333333,8.655583333333334,15.997624347826086,6,3.1875,3.520833333333333
2025-09-22 00:00:00+00:00,PEMB,Narberth,Rural Background,2.1265416666666668,4.486458333333333,1.3692333333333335,6,3.268604166666667,-1.1420625000000002
2025-09-22 00:00:00+00:00,NPT3,Newport,Urban Background,3.2872083333333335,7.40625,14.83276875,6,3.1875,0.09970833333333351
2025-09-22 00:00:00+00:00,PT4,Port Talbot Margam,Urban Industrial,3.125,5.3140833333333335,5.274818333333333,6,3.268604166666667,-0.14360416666666698
2025-09-22 00:00:00+00:00,SWA1,Swansea Roadside,Urban Traffic,3.25,5.515416666666667,13.510903749999999,6,3.206104166666667,0.04389583333333302
2025-09-22 00:00:00+00:00,WREX,Wrexham,Urban Traffic,2.3093749999999997,4.963541666666667,13.885317083333334,6,3.268604166666667,-0.9592291666666672
2025-09-23 00:00:00+00:00,CARD,Cardiff Centre,Urban Background,7.125,11.191708333333333,18.036469999999998,6,4.648833333333333,2.476166666666667
2025-09-23 00:00:00+00:00,CHP,Chepstow A48,Urban Traffic,7.833333333333333,11.836041666666667,17.882975416666667,6,4.648833333333333,3.1845
2025-09-23 00:00:00+00:00,PEMB,Narberth,Rural Background,2.76825,5.270833333333333,2.437124583333333,6,5.875,-3.10675
2025-09-23 00:00:00+00:00,NPT3,Newport,Urban Background,4.464333333333333,10.436458333333333,17.881934166666667,6,5.875,-1.4106666666666667
2025-09-23 00:00:00+00:00,PT4,Port Talbot Margam,Urban Industrial,4.833333333333333,10.547708333333334,9.369585416666666,6,5.6905,-0.8571666666666671
2025-09-23 00:00:00+00:00,SWA1,Swansea Roadside,Urban Traffic,6.916666666666667,10.869750000000002,21.733942499999998,6,4.648833333333333,2.267833333333334
2025-09-23 00:00:00+00:00,WREX,Wrexham,Urban Traffic,2.335833333333333,5.347208333333334,16.434394347826085,6,5.875,-3.539166666666667
2025-09-24 00:00:00+00:00,CARD,Cardiff Centre,Urban Background,6.478260869565218,12.392565217391304,15.681799130434783,6,5.135125,1.3431358695652174
2025-09-24 00:00:00+00:00,CHP,Chepstow A48,Urban Traffic,6.25,11.715125,17.37698652173913,6,5.135125,1.1148749999999996
2025-09-24 00:00:00+00:00,PEMB,Narberth,Rural Background,3.6300833333333333,7.1000000000000005,5.015765833333333,6,6.021041666666667,-2.3909583333333337
2025-09-24 00:00:00+00:00,NPT3,Newport,Urban Background,5.792083333333333,12.272916666666667,14.514611666666667,6,5.364083333333333,0.42799999999999994
2025-09-24 00:00:00+00:00,PT4,Port Talbot Margam,Urban Industrial,3.0833333333333335,8.253041666666666,10.556822083333333,6,6.021041666666667,-2.9377083333333336
2025-09-24 00:00:00+00:00,SWA1,Swansea Roadside,Urban Traffic,14.166666666666666,17.592875,23.03631916666667,6,5.135125,9.031541666666666
2025-09-24 00:00:00+00:00,WREX,Wrexham,Urban Traffic,4.478166666666667,8.647916666666667,21.419345833333335,6,6.021041666666667,-1.5428750000000004
2025-09-25 00:00:00+00:00,CARD,Cardiff Centre,Urban Background,6.375,12.8425,15.580924583333333,6,4.430354166666667,1.9446458333333334
2025-09-25 00:00:00+00:00,CHP,Chepstow A48,Urban Traffic,5.454545454545454,14.03086956521739,20.95967086956522,6,4.430354166666667,1.0241912878787875
2025-09-25 00:00:00+00:00,PEMB,Narberth,Rural Background,2.923541666666667,7.032291666666667,4.161825,6,5.102272727272727,-2.1787310606060597
2025-09-25 00:00:00+00:00,NPT3,Newport,Urban Background,4.110708333333333,12.130208333333334,15.403587916666666,6,5.102272727272727,-0.9915643939393934
2025-09-25 00:00:00+00:00,PT4,Port Talbot Margam,Urban Industrial,4.75,9.782833333333334,8.622838333333332,6,4.782626893939394,-0.03262689393939411
2025-09-25 00:00:00+00:00,SWA1,Swansea Roadside,Urban Traffic,7.375,12.520375000000001,29.1666025,6,4.430354166666667,2.9446458333333334
2025-09-25 00:00:00+00:00,WREX,Wrexham,Urban Traffic,4.005375,8.903125000000001,24.555835833333333,6,5.102272727272727,-1.0968977272727267
2025-09-26 00:00:00+00:00,CARD,Cardiff Centre,Urban Background,6.791666666666667,17.914875,15.548560833333333,6,5.589645833333334,1.202020833333333
2025-09-26 00:00:00+00:00,CHP,Chepstow A48,Urban Traffic,7.875,17.914958333333335,27.50520695652174,6,5.589645833333334,2.285354166666666
2025-09-26 00:00:00+00:00,PEMB,Narberth,Rural Background,3.87275,13.24375,3.76985,6,6.214229166666668,-2.3414791666666677
2025-09-26 00:00:00+00:00,NPT3,Newport,Urban Background,5.636791666666667,16.779166666666665,17.433079583333335,6,6.167083333333334,-0.5302916666666668
2025-09-26 00:00:00+00:00,PT4,Port Talbot Margam,Urban Industrial,4.833333333333333,18.840875,10.745199999999999,6,6.214229166666668,-1.3808958333333345
2025-09-26 00:00:00+00:00,SWA1,Swansea Roadside,Urban Traffic,7.041666666666667,16.58641666666667,23.955514583333336,6,5.589645833333334,1.452020833333333
2025-09-26 00:00:00+00:00,WREX,Wrexham,Urban Traffic,5.5425,13.201041666666667,20.2658025,6,6.214229166666668,-0.6717291666666672
2025-09-27 00:00:00+00:00,CARD,Cardiff Centre,Urban Background,8.625,16.46558333333333,16.04857375,6,8.612145833333333,0.012854166666667055
2025-09-27 00:00:00+00:00,CHP,Chepstow A48,Urban Traffic,10.416666666666666,16.063083333333335,21.023768333333333,6,8.5,1.916666666666666
2025-09-27 00:00:00+00:00,PEMB,Narberth,Rural Background,3.981875,8.942708333333334,,6,8.737145833333333,-4.7552708333333324
2025-09-27 00:00:00+00:00,NPT3,Newport,Urban Background,8.849291666666668,15.358333333333334,12.789350416666666,6,8.5,0.34929166666666767
2025-09-27 00:00:00+00:00,PT4,Port Talbot Margam,Urban Industrial,8.375,14.090375,9.306432083333332,6,8.737145833333333,-0.36214583333333294
2025-09-27 00:00:00+00:00,SWA1,Swansea Roadside,Urban Traffic,7.791666666666667,14.291666666666666,17.5456775,6,8.737145833333333,-0.945479166666666
2025-09-27 00:00:00+00:00,WREX,Wrexham,Urban Traffic,9.842875,14.528125000000001,14.477127083333334,6,8.5,1.3428749999999994
2025-09-28 00:00:00+00:00,CARD,Cardiff Centre,Urban Background,5.375,7.568583333333334,10.356419583333333,6,3.7818333333333336,1.5931666666666664
2025-09-28 00:00:00+00:00,CHP,Chepstow A48,Urban Traffic,8.291666666666666,10.668416666666667,21.587554583333333,6,3.7818333333333336,4.509833333333333
2025-09-28 00:00:00+00:00,PEMB,Narberth,Rural Background,3.233125,6.703125,1.5069066666666666,6,4.104166666666667,-0.8710416666666672
2025-09-28 00:00:00+00:00,NPT3,Newport,Urban Background,3.7303333333333337,7.659375,13.04415375,6,4.104166666666667,-0.37383333333333324
2025-09-28 00:00:00+00:00,PT4,Port Talbot Margam,Urban Industrial,3.8333333333333335,8.252958333333334,5.721864583333333,6,4.052666666666667,-0.2193333333333336
2025-09-28 00:00:00+00:00,SWA1,Swansea Roadside,Urban Traffic,4.375,6.602416666666667,11.64999875,6,3.7818333333333336,0.5931666666666664
2025-09-28 00:00:00+00:00,WREX,Wrexham,Urban Traffic,3.1624166666666667,5.811458333333333,9.496398749999999,6,4.104166666666667,-0.9417500000000003
2025-09-29 00:00:00+00:00,CARD,Cardiff Centre,Urban Background,7.791666666666667,13.647583333333332,19.8575675,6,6.236833333333333,1.5548333333333337
2025-09-29 00:00:00+00:00,CHP,Chepstow A48,Urban Traffic,6.875,11.996833333333333,25.04295958333333,6,6.236833333333333,0.6381666666666668
2025-09-29 00:00:00+00:00,PEMB,Narberth,Rural Background,4.515541666666667,10.740625,5.8456133333333336,6,6.695166666666667,-2.1796250000000006
2025-09-29 00:00:00+00:00,NPT3,Newport,Urban Background,6.515333333333333,14.711458333333333,16.793584166666665,6,6.416666666666666,0.09866666666666735
2025-09-29 00:00:00+00:00,PT4,Port Talbot Margam,Urban Industrial,5.958333333333333,12.439875,11.562354999999998,6,6.695166666666667,-0.7368333333333341
2025-09-29 00:00:00+00:00,SWA1,Swansea Roadside,Urban Traffic,7.125,12.319166666666668,22.296403333333334,6,6.236833333333333,0.8881666666666668
2025-09-29 00:00:00+00:00,WREX,Wrexham,Urban Traffic,4.2700000000000005,8.020833333333334,20.62004,6,6.695166666666667,-2.4251666666666667
2025-09-30 00:00:00+00:00,CARD,Cardiff Centre,Urban Background,8.958333333333334,18.639625,19.78543375,6,7.0709583333333335,1.8873750000000005
2025-09-30 00:00:00+00:00,CHP,Chepstow A48,Urban Traffic,8.208333333333334,14.815041666666666,28.099028333333333,6,7.0709583333333335,1.1373750000000005
2025-09-30 00:00:00+00:00,PEMB,Narberth,Rural Background,5.1475,10.776041666666666,2.79039875,6,7.800125,-2.6526250000000005
2025-09-30 00:00:00+00:00,NPT3,Newport,Urban Background,7.391916666666667,13.555208333333333,16.684729166666667,6,7.479166666666667,-0.08725000000000005
2025-09-30 00:00:00+00:00,PT4,Port Talbot Margam,Urban Industrial,6.75,15.378708333333334,11.941717916666667,6,7.800125,-1.0501250000000004
2025-09-30 00:00:00+00:00,SWA1,Swansea Roadside,Urban Traffic,8.91304347826087,13.652826086956521,21.254246956521737,6,7.0709583333333335,1.8420851449275357
2025-09-30 00:00:00+00:00,WREX,Wrexham,Urban Traffic,5.181916666666667,9.021875,19.949753333333334,6,7.800125,-2.6182083333333335
2025-10-01 00:00:00+00:00,CARD,Cardiff Centre,Urban Background,8.875,15.137166666666666,19.870277916666666,6,7.420453804347827,1.4545461956521732
2025-10-01 00:00:00+00:00,CHP,Chepstow A48,Urban Traffic,8.916666666666666,15.741083333333334,31.832137083333333,6,7.420453804347827,1.4962128623188393
2025-10-01 00:00:00+00:00,PEMB,Narberth,Rural Background,5.319333333333334,9.390625,1.5415083333333335,6,8.640562500000001,-3.321229166666668
2025-10-01 00:00:00+00:00,NPT3,Newport,Urban Background,8.406125000000001,15.322916666666666,15.638566249999998,6,7.654891304347826,0.751233695652175
2025-10-01 00:00:00+00:00,PT4,Port Talbot Margam,Urban Industrial,6.434782608695652,22.222590909090908,13.935006086956522,6,8.640562500000001,-2.205779891304349
2025-10-01 00:00:00+00:00,SWA1,Swansea Roadside,Urban Traffic,9.0,14.009916666666667,18.841087916666666,6,7.420453804347827,1.5795461956521732
2025-10-01 00:00:00+00:00,WREX,Wrexham,Urban Traffic,4.9370416666666666,8.352083333333333,13.665756666666667,6,8.640562500000001,-3.703520833333335
2025-10-02 00:00:00+00:00,CARD,Cardiff Centre,Urban Background,,20.129166666666666,24.10052958333333,6,8.1875,
2025-10-02 00:00:00+00:00,CHP,Chepstow A48,Urban Traffic,12.916666666666666,18.84091666666667,28.445922916666664,5,8.041666666666666,4.875
2025-10-02 00:00:00+00:00,PEMB,Narberth,Rural Background,7.477434782608696,12.652173913043478,2.8409626086956523,5,8.333333333333334,-0.8558985507246382
2025-10-02 00:00:00+00:00,NPT3,Newport,Urban Background,12.312375000000001,23.242708333333336,13.1736875,5,8.041666666666666,4.270708333333335
2025-10-02 00:00:00+00:00,PT4,Port Talbot Margam,Urban Industrial,8.333333333333334,21.659000000000002,14.41725625,5,8.041666666666666,0.29166666666666785
2025-10-02 00:00:00+00:00,SWA1,Swansea Roadside,Urban Traffic,8.041666666666666,13.768208333333334,12.880022916666666,5,8.333333333333334,-0.29166666666666785
2025-10-02 00:00:00+00:00,WREX,Wrexham,Urban Traffic,7.178666666666667,11.167708333333332,12.966350416666666,5,8.333333333333334,-1.1546666666666665
2025-10-03 00:00:00+00:00,CARD,Cardiff Centre,Urban Background,,9.098374999999999,10.563719583333333,5,4.170541666666667,
2025-10-03 00:00:00+00:00,CHP,Chepstow A48,Urban Traffic,4.333333333333333,7.9309166666666675,13.621542916666668,4,4.106104166666666,0.2272291666666666
2025-10-03 00:00:00+00:00,PEMB,Narberth,Rural Background,,,1.356929,5,4.170541666666667,
2025-10-03 00:00:00+00:00,NPT3,Newport,Urban Background,4.170541666666667,8.969791666666667,7.030015416666667,4,4.1875,-0.016958333333333186
2025-10-03 00:00:00+00:00,PT4,Port Talbot Margam,Urban Industrial,4.041666666666667,15.0565,6.642429565217391,4,4.2519375,-0.2102708333333334
2025-10-03 00:00:00+00:00,SWA1,Swansea Roadside,Urban Traffic,4.666666666666667,8.37375,6.1569666666666665,4,4.106104166666666,0.5605625000000005
2025-10-03 00:00:00+00:00,WREX,Wrexham,Urban Traffic,2.05025,4.456583333333334,11.27344625,4,4.2519375,-2.2016875000000002
2025-10-04 00:00:00+00:00,CARD,Cardiff Centre,Urban Background,,20.85375,4.317454166666667,5,6.75,
2025-10-04 00:00:00+00:00,CHP,Chepstow A48,Urban Traffic,7.125,15.781333333333334,11.206766250000001,4,6.458208333333333,0.6667916666666667
2025-10-04 00:00:00+00:00,PEMB,Narberth,Rural Background,,,0.51109375,5,6.75,
2025-10-04 00:00:00+00:00,NPT3,Newport,Urban Background,6.166416666666667,14.696875,1.4920604166666667,4,6.9375,-0.7710833333333333
2025-10-04 00:00:00+00:00,PT4,Port Talbot Margam,Urban Industrial,6.75,28.945625000000003,3.6012458333333335,4,6.645708333333333,0.10429166666666667
2025-10-04 00:00:00+00:00,SWA1,Swansea Roadside,Urban Traffic,7.875,22.22266666666667,3.6865725,4,6.458208333333333,1.4167916666666667
2025-10-04 00:00:00+00:00,WREX,Wrexham,Urban Traffic,4.026166666666667,7.60625,1.5624970833333334,4,6.9375,-2.9113333333333333
2025-10-05 00:00:00+00:00,CARD,Cardiff Centre,Urban Background,,15.338500000000002,6.064327826086956,5,5.342,
2025-10-05 00:00:00+00:00,CHP,Chepstow A48,Urban Traffic,8.791666666666666,15.459166666666667,21.049447826086954,4,5.3189166666666665,3.4727499999999996
2025-10-05 00:00:00+00:00,PEMB,Narberth,Rural Background,,,0.6722158333333333,5,5.342,
2025-10-05 00:00:00+00:00,NPT3,Newport,Urban Background,5.295833333333333,11.811458333333334,4.352078333333334,4,6.004333333333333,-0.7084999999999999
2025-10-05 00:00:00+00:00,PT4,Port Talbot Margam,Urban Industrial,6.666666666666667,20.69279166666667,8.072459583333332,4,5.3189166666666665,1.3477500000000004
2025-10-05 00:00:00+00:00,SWA1,Swansea Roadside,Urban Traffic,5.291666666666667,15.257958333333335,8.732144166666666,4,6.004333333333333,-0.7126666666666663
2025-10-05 00:00:00+00:00,WREX,Wrexham,Urban Traffic,5.342,10.605208333333334,2.0854675,4,5.98125,-0.6392500000000005
2025-10-06 00:00:00+00:00,CARD,Cardiff Centre,Urban Background,,15.700708333333333,11.405889565217391,5,5.738083333333333,
2025-10-06 00:00:00+00:00,CHP,Chepstow A48,Urban Traffic,8.458333333333334,16.143541666666668,25.366149583333335,4,5.681541666666666,2.776791666666668
2025-10-06 00:00:00+00:00,PEMB,Narberth,Rural Background,,,0.9734124999999999,5,5.738083333333333,
2025-10-06 00:00:00+00:00,NPT3,Newport,Urban Background,5.738083333333333,13.454166666666666,7.9250525,4,5.708333333333334,0.029749999999999055
2025-10-06 00:00:00+00:00,PT4,Port Talbot Margam,Urban Industrial,5.625,18.679750000000002,8.55182375,4,5.764875,-0.13987499999999997
2025-10-06 00:00:00+00:00,SWA1,Swansea Roadside,Urban Traffic,5.791666666666667,14.815041666666666,14.126934166666667,4,5.681541666666666,0.11012500000000092
2025-10-06 00:00:00+00:00,WREX,Wrexham,Urban Traffic,4.476249999999999,10.684375000000001,10.016012916666666,4,5.764875,-1.2886250000000006
2025-10-07 00:00:00+00:00,CARD,Cardiff Centre,Urban Background,,13.969541666666666,10.558978333333334,6,4.490958333333333,
2025-10-07 00:00:00+00:00,CHP,Chepstow A48,Urban Traffic,6.2727272727272725,13.946826086956522,24.885212499999998,5,4.398583333333334,1.8741439393939388
2025-10-07 00:00:00+00:00,PEMB,Narberth,Rural Background,3.3048333333333333,6.997916666666666,1.6878166666666667,5,4.583333333333333,-1.2784999999999997
2025-10-07 00:00:00+00:00,NPT3,Newport,Urban Background,4.398583333333334,11.444791666666667,9.91985875,5,4.583333333333333,-0.1847499999999993
2025-10-07 00:00:00+00:00,PT4,Port Talbot Margam,Urban Industrial,5.041666666666667,14.976041666666667,12.229580869565217,5,4.398583333333334,0.6430833333333332
2025-10-07 00:00:00+00:00,SWA1,Swansea Roadside,Urban Traffic,4.583333333333333,11.191791666666667,14.075351666666668,5,4.398583333333334,0.1847499999999993
2025-10-07 00:00:00+00:00,WREX,Wrexham,Urban Traffic,1.9702916666666666,4.435416666666667,9.062837391304347,5,4.583333333333333,-2.6130416666666667
2025-10-08 00:00:00+00:00,CARD,Cardiff Centre,Urban Background,3.8333333333333335,9.098416666666667,13.590082916666667,6,4.226125,-0.3927916666666662
2025-10-08 00:00:00+00:00,CHP,Chepstow A48,Urban Traffic,7.25,12.922958333333334,21.304078695652173,6,4.001479166666667,3.248520833333333
2025-10-08 00:00:00+00:00,PEMB,Narberth,Rural Background,3.378541666666667,7.339583333333334,1.2429504166666667,6,4.226125,-0.8475833333333327
2025-10-08 00:00:00+00:00,NPT3,Newport,Urban Background,4.282625,10.297916666666667,13.672967916666666,6,4.001479166666667,0.28114583333333343
2025-10-08 00:00:00+00:00,PT4,Port Talbot Margam,Urban Industrial,2.8333333333333335,8.776416666666666,9.343883333333332,6,4.226125,-1.3927916666666662
2025-10-08 00:00:00+00:00,SWA1,Swansea Roadside,Urban Traffic,4.833333333333333,8.937333333333333,8.337927083333334,6,4.001479166666667,0.8318541666666661
2025-10-08 00:00:00+00:00,WREX,Wrexham,Urban Traffic,4.169625,8.332291666666666,9.122541304347825,6,4.057979166666667,0.11164583333333322
2025-10-09 00:00:00+00:00,CARD,Cardiff Centre,Urban Background,5.25,11.393041666666667,11.518840833333334,6,5.5173749999999995,-0.2673749999999995
2025-10-09 00:00:00+00:00,CHP,Chepstow A48,Urban Traffic,8.583333333333334,14.251458333333334,23.494329583333336,6,5.229166666666666,3.354166666666668
2025-10-09 00:00:00+00:00,PEMB,Narberth,Rural Background,4.396625,9.703125,1.6142716666666665,6,5.538208333333333,-1.1415833333333332
2025-10-09 00:00:00+00:00,NPT3,Newport,Urban Background,5.826416666666667,14.0625,15.990043333333332,6,5.229166666666666,0.5972500000000007
2025-10-09 00:00:00+00:00,PT4,Port Talbot Margam,Urban Industrial,5.208333333333333,13.969541666666666,13.504363750000001,6,5.538208333333333,-0.32987500000000036
2025-10-09 00:00:00+00:00,SWA1,Swansea Roadside,Urban Traffic,6.833333333333333,13.3255,16.488799166666666,6,5.229166666666666,1.604166666666667
2025-10-09 00:00:00+00:00,WREX,Wrexham,Urban Traffic,4.124375,8.229166666666666,9.835675416666666,6,5.538208333333333,-1.4138333333333337
2025-10-10 00:00:00+00:00,CARD,Cardiff Centre,Urban Background,6.708333333333333,10.507416666666666,18.367114166666667,6,4.308354166666667,2.3999791666666663
2025-10-10 00:00:00+00:00,CHP,Chepstow A48,Urban Traffic,6.583333333333333,9.299666666666667,25.595031666666667,6,4.308354166666667,2.2749791666666663
2025-10-10 00:00:00+00:00,PEMB,Narberth,Rural Background,3.1947083333333333,6.092708333333333,2.2982608333333334,6,4.870854166666667,-1.6761458333333334
2025-10-10 00:00:00+00:00,NPT3,Newport,Urban Background,4.8250416666666665,10.589583333333334,15.39685875,6,4.354166666666667,0.4708749999999995
2025-10-10 00:00:00+00:00,PT4,Port Talbot Margam,Urban Industrial,3.7916666666666665,9.742541666666666,14.773249999999999,6,4.870854166666667,-1.0791875000000002
2025-10-10 00:00:00+00:00,SWA1,Swansea Roadside,Urban Traffic,4.916666666666667,9.380125,22.933902500000002,6,4.308354166666667,0.6083125000000003
2025-10-10 00:00:00+00:00,WREX,Wrexham,Urban Traffic,3.7137083333333334,6.95,12.835288333333333,6,4.870854166666667,-1.1571458333333333
2025-10-11 00:00:00+00:00,CARD,Cardiff Centre,Urban Background,11.0,15.781041666666667,17.284044583333333,6,7.458333333333334,3.541666666666666
2025-10-11 00:00:00+00:00,CHP,Chepstow A48,Urban Traffic,12.541666666666666,16.224166666666665,20.853571249999998,6,7.458333333333334,5.083333333333332
2025-10-11 00:00:00+00:00,PEMB,Narberth,Rural Background,4.876291666666667,7.914583333333333,1.8404258333333334,6,8.620020833333333,-3.7437291666666663
2025-10-11 00:00:00+00:00,NPT3,Newport,Urban Background,9.698375,14.302083333333334,11.598867916666668,6,7.458333333333334,2.2400416666666665
2025-10-11 00:00:00+00:00,PT4,Port Talbot Margam,Urban Industrial,7.541666666666667,12.60075,10.522292083333333,6,8.5366875,-0.9950208333333324
2025-10-11 00:00:00+00:00,SWA1,Swansea Roadside,Urban Traffic,7.375,14.493,20.771428750000002,6,8.620020833333333,-1.2450208333333332
2025-10-11 00:00:00+00:00,WREX,Wrexham,Urban Traffic,7.2444999999999995,10.809375000000001,11.342714583333333,6,8.620020833333333,-1.3755208333333337
2025-10-12 00:00:00+00:00,CARD,Cardiff Centre,Urban Background,18.333333333333332,23.945,13.168550416666667,6,16.9699375,1.3633958333333318
2025-10-12 00:00:00+00:00,CHP,Chepstow A48,Urban Traffic,20.5,25.242,18.500869166666668,6,16.7665,3.7334999999999994
2025-10-12 00:00:00+00:00,PEMB,Narberth,Rural Background,15.199666666666666,19.76875,5.123364166666667,6,18.536770833333332,-3.3371041666666663
2025-10-12 00:00:00+00:00,NPT3,Newport,Urban Background,20.213416666666667,25.308333333333334,11.525599166666666,6,16.7665,3.4469166666666666
2025-10-12 00:00:00+00:00,PT4,Port Talbot Margam,Urban Industrial,14.083333333333334,19.2435,8.626887083333333,6,18.536770833333332,-4.453437499999998
2025-10-12 00:00:00+00:00,SWA1,Swansea Roadside,Urban Traffic,14.333333333333334,17.995458333333335,20.361528333333336,6,18.536770833333332,-4.203437499999998
2025-10-12 00:00:00+00:00,WREX,Wrexham,Urban Traffic,18.74020833333333,22.390625,13.735652916666666,6,16.7665,1.973708333333331
2025-10-13 00:00:00+00:00,CARD,Cardiff Centre,Urban Background,9.333333333333334,12.359333333333334,14.43327875,6,8.506812499999999,0.8265208333333351
2025-10-13 00:00:00+00:00,CHP,Chepstow A48,Urban Traffic,9.5,12.399541666666666,20.966658333333335,6,8.506812499999999,0.9931875000000012
2025-10-13 00:00:00+00:00,PEMB,Narberth,Rural Background,8.575125,10.961458333333333,5.145693333333333,6,8.885916666666667,-0.3107916666666668
2025-10-13 00:00:00+00:00,NPT3,Newport,Urban Background,12.103083333333332,15.535416666666668,13.208751666666666,6,8.506812499999999,3.5962708333333335
2025-10-13 00:00:00+00:00,PT4,Port Talbot Margam,Urban Industrial,4.291666666666667,5.636,5.577724583333333,6,8.954229166666668,-4.662562500000001
2025-10-13 00:00:00+00:00,SWA1,Swansea Roadside,Urban Traffic,8.041666666666666,9.058041666666666,23.76338208333333,6,8.954229166666668,-0.9125625000000017
2025-10-13 00:00:00+00:00,WREX,Wrexham,Urban Traffic,8.4385,10.633333333333333,18.04572333333333,6,8.954229166666668,-0.5157291666666683
2025-10-14 00:00:00+00:00,CARD,Cardiff Centre,Urban Background,5.708333333333333,8.856833333333332,13.409982083333333,6,6.472020833333333,-0.7636874999999996
2025-10-14 00:00:00+00:00,CHP,Chepstow A48,Urban Traffic,6.833333333333333,10.467291666666666,20.3600025,6,6.020833333333333,0.8125
2025-10-14 00:00:00+00:00,PEMB,Narberth,Rural Background,3.7542500000000003,5.719083333333334,2.728806818181818,6,6.472020833333333,-2.7177708333333324
2025-10-14 00:00:00+00:00,NPT3,Newport,Urban Background,6.610708333333332,10.215625000000001,11.7613775,6,6.020833333333333,0.5898749999999993
2025-10-14 00:00:00+00:00,PT4,Port Talbot Margam,Urban Industrial,4.375,9.984083333333333,9.29976125,6,6.472020833333333,-2.0970208333333327
2025-10-14 00:00:00+00:00,SWA1,Swansea Roadside,Urban Traffic,6.333333333333333,7.810041666666667,21.486281666666667,6,6.159520833333333,0.17381250000000037
2025-10-14 00:00:00+00:00,WREX,Wrexham,Urban Traffic,14.915625,19.04375,24.020960000000002,6,6.020833333333333,8.894791666666666
2025-10-15 00:00:00+00:00,CARD,Cardiff Centre,Urban Background,10.130434782608695,14.613791666666666,14.24473375,6,11.977154891304348,-1.8467201086956528
2025-10-15 00:00:00+00:00,CHP,Chepstow A48,Urban Traffic,9.958333333333334,14.493041666666668,24.105986666666666,6,11.977154891304348,-2.0188215579710143
2025-10-15 00:00:00+00:00,PEMB,Narberth,Rural Background,16.812166666666666,21.85729166666667,7.54440125,6,11.75976358695652,5.052403079710146
2025-10-15 00:00:00+00:00,NPT3,Newport,Urban Background,11.823875,17.534375,13.038534583333332,6,11.91304347826087,-0.08916847826086993
2025-10-15 00:00:00+00:00,PT4,Port Talbot Margam,Urban Industrial,12.130434782608695,15.795217391304348,8.433774347826088,6,11.75976358695652,0.3706711956521751
2025-10-15 00:00:00+00:00,SWA1,Swansea Roadside,Urban Traffic,11.695652173913043,16.383434782608695,25.11630608695652,6,11.977154891304348,-0.28150271739130517
2025-10-15 00:00:00+00:00,WREX,Wrexham,Urban Traffic,19.8075,24.676041666666666,22.204575833333333,6,11.75976358695652,8.04773641304348
2025-10-16 00:00:00+00:00,CARD,Cardiff Centre,Urban Background,6.125,9.621583333333334,15.690361304347826,6,6.153020833333333,-0.028020833333332718
2025-10-16 00:00:00+00:00,CHP,Chepstow A48,Urban Traffic,6.833333333333333,9.380166666666666,24.518070416666664,6,5.798854166666667,1.0344791666666664
2025-10-16 00:00:00+00:00,PEMB,Narberth,Rural Background,8.548583333333333,11.928125,5.9787766666666675,6,5.798854166666667,2.7497291666666666
2025-10-16 00:00:00+00:00,NPT3,Newport,Urban Background,5.472708333333333,13.403125000000001,15.576196666666666,6,6.479166666666666,-1.0064583333333328
2025-10-16 00:00:00+00:00,PT4,Port Talbot Margam,Urban Industrial,5.333333333333333,7.045208333333334,14.131504166666666,6,6.479166666666666,-1.145833333333333
2025-10-16 00:00:00+00:00,SWA1,Swansea Roadside,Urban Traffic,4.833333333333333,10.467125,29.14081416666667,6,6.479166666666666,-1.645833333333333
2025-10-16 00:00:00+00:00,WREX,Wrexham,Urban Traffic,11.901666666666666,17.400000000000002,28.790187500000002,6,5.798854166666667,6.102812499999999
2025-10-17 00:00:00+00:00,CARD,Cardiff Centre,Urban Background,7.75,17.150125,18.8969575,6,7.622249999999999,0.1277500000000007
2025-10-17 00:00:00+00:00,CHP,Chepstow A48,Urban Traffic,11.208333333333334,15.982458333333334,27.874499166666666,6,7.354166666666666,3.854166666666668
2025-10-17 00:00:00+00:00,PEMB,Narberth,Rural Background,4.748458333333333,8.530208333333333,6.1624825,6,8.018083333333333,-3.2696250000000004
2025-10-17 00:00:00+00:00,NPT3,Newport,Urban Background,8.286166666666666,17.252083333333335,15.411101666666667,6,7.354166666666666,0.9320000000000004
2025-10-17 00:00:00+00:00,PT4,Port Talbot Margam,Urban Industrial,5.833333333333333,8.695791666666667,10.706202083333332,6,8.018083333333333,-2.18475
2025-10-17 00:00:00+00:00,SWA1,Swansea Roadside,Urban Traffic,6.958333333333333,12.721625000000001,30.14373833333333,6,8.018083333333333,-1.0597500000000002
2025-10-17 00:00:00+00:00,WREX,Wrexham,Urban Traffic,11.825916666666666,18.039583333333333,28.4931775,6,7.354166666666666,4.47175
2025-10-18 00:00:00+00:00,CARD,Cardiff Centre,Urban Background,8.291666666666666,16.948666666666668,13.166420416666668,6,7.270833333333334,1.0208333333333321
2025-10-18 00:00:00+00:00,CHP,Chepstow A48,Urban Traffic,10.375,16.223958333333332,25.835125652173915,6,7.270833333333334,3.104166666666666
2025-10-18 00:00:00+00:00,PEMB,Narberth,Rural Background,6.6883333333333335,18.881249999999998,5.343229166666667,6,7.833333333333333,-1.1449999999999996
2025-10-18 00:00:00+00:00,NPT3,Newport,Urban Background,6.739458333333332,12.122916666666667,11.483340833333335,6,7.833333333333333,-1.0938750000000006
2025-10-18 00:00:00+00:00,PT4,Port Talbot Margam,Urban Industrial,7.375,13.52675,6.875007083333333,6,7.729166666666666,-0.3541666666666661
2025-10-18 00:00:00+00:00,SWA1,Swansea Roadside,Urban Traffic,7.166666666666667,14.493,19.71613125,6,7.833333333333333,-0.6666666666666661
2025-10-18 00:00:00+00:00,WREX,Wrexham,Urban Traffic,10.781208333333334,15.370833333333332,19.05077208333333,6,7.270833333333334,3.510375
2025-10-19 00:00:00+00:00,CARD,Cardiff Centre,Urban Background,6.666666666666667,13.768291666666668,12.342986250000001,6,5.840208333333333,0.826458333333334
2025-10-19 00:00:00+00:00,CHP,Chepstow A48,Urban Traffic,9.208333333333334,11.956708333333333,20.505033333333333,6,5.840208333333333,3.368125000000001
2025-10-19 00:00:00+00:00,PEMB,Narberth,Rural Background,5.429458333333333,9.755208333333334,2.198407083333333,6,6.256875000000001,-0.827416666666668
2025-10-19 00:00:00+00:00,NPT3,Newport,Urban Background,5.473708333333334,10.020833333333334,9.36168375,6,6.256875000000001,-0.7831666666666672
2025-10-19 00:00:00+00:00,PT4,Port Talbot Margam,Urban Industrial,7.375,13.929333333333334,6.794612083333334,6,5.840208333333333,1.534791666666667
2025-10-19 00:00:00+00:00,SWA1,Swansea Roadside,Urban Traffic,5.833333333333333,13.043583333333332,16.929853333333334,6,6.256875000000001,-0.4235416666666678
2025-10-19 00:00:00+00:00,WREX,Wrexham,Urban Traffic,5.847083333333334,8.622916666666667,12.741983333333332,6,6.25,-0.40291666666666615
2025-10-20 00:00:00+00:00,CARD,Cardiff Centre,Urban Background,3.9583333333333335,11.996958333333334,13.509704166666666,6,4.116875,-0.1585416666666668
2025-10-20 00:00:00+00:00,CHP,Chepstow A48,Urban Traffic,7.333333333333333,9.903625,25.403105,6,4.033541666666666,3.2997916666666667
2025-10-20 00:00:00+00:00,PEMB,Narberth,Rural Background,2.6768750000000003,5.8,1.8425975,6,4.116875,-1.44
2025-10-20 00:00:00+00:00,NPT3,Newport,Urban Background,3.4492499999999997,7.065625000000001,7.904896666666667,6,4.116875,-0.6676250000000006
2025-10-20 00:00:00+00:00,PT4,Port Talbot Margam,Urban Industrial,4.375,7.528333333333333,10.131530833333334,6,4.033541666666666,0.34145833333333364
2025-10-20 00:00:00+00:00,SWA1,Swansea Roadside,Urban Traffic,4.125,8.4945,14.14551,6,4.033541666666666,0.09145833333333364
2025-10-20 00:00:00+00:00,WREX,Wrexham,Urban Traffic,4.10875,6.797916666666667,19.506554166666668,6,4.041666666666667,0.06708333333333272
2025-10-21 00:00:00+00:00,CARD,Cardiff Centre,Urban Background,5.545454545454546,12.077454545454545,13.409826956521739,6,3.7154166666666666,1.8300378787878793
2025-10-21 00:00:00+00:00,CHP,Chepstow A48,Urban Traffic,5.25,12.721625000000001,28.1464725,6,3.7154166666666666,1.5345833333333334
2025-10-21 00:00:00+00:00,PEMB,Narberth,Rural Background,2.5925,6.111458333333334,1.7950662499999999,6,4.791666666666666,-2.1991666666666663
2025-10-21 00:00:00+00:00,NPT3,Newport,Urban Background,3.0975,7.129166666666666,13.828855416666668,6,4.791666666666666,-1.694166666666666
2025-10-21 00:00:00+00:00,PT4,Port Talbot Margam,Urban Industrial,5.25,12.439791666666666,11.292475416666667,6,3.7154166666666666,1.5345833333333334
2025-10-21 00:00:00+00:00,SWA1,Swansea Roadside,Urban Traffic,4.333333333333333,9.62175,18.044633333333334,6,4.17375,0.15958333333333297
2025-10-21 00:00:00+00:00,WREX,Wrexham,Urban Traffic,2.056791666666667,4.204166666666667,9.952143913043479,6,4.791666666666666,-2.7348749999999993
2025-10-22 00:00:00+00:00,CARD,Cardiff Centre,Urban Background,6.166666666666667,10.829500000000001,18.6134775,6,4.210583333333334,1.956083333333333
2025-10-22 00:00:00+00:00,CHP,Chepstow A48,Urban Traffic,6.958333333333333,12.077541666666667,30.44373625,6,4.210583333333334,2.747749999999999
2025-10-22 00:00:00+00:00,PEMB,Narberth,Rural Background,3.5633478260869564,7.576086956521739,2.728665416666667,6,4.2935,-0.7301521739130434
2025-10-22 00:00:00+00:00,NPT3,Newport,Urban Background,4.295333333333333,10.011458333333334,20.88798458333333,6,4.210583333333334,0.08474999999999877
2025-10-22 00:00:00+00:00,PT4,Port Talbot Margam,Urban Industrial,4.291666666666667,8.21275,11.69999625,6,4.212416666666666,0.07925000000000093
2025-10-22 00:00:00+00:00,SWA1,Swansea Roadside,Urban Traffic,4.083333333333333,11.272416666666667,27.799585833333335,6,4.2935,-0.21016666666666683
2025-10-22 00:00:00+00:00,WREX,Wrexham,Urban Traffic,4.1295,7.590625,23.315511666666666,6,4.2935,-0.1639999999999997
2025-10-23 00:00:00+00:00,CARD,Cardiff Centre,Urban Background,6.291666666666667,8.333458333333335,9.9929,6,3.2861931818181818,3.005473484848485
2025-10-23 00:00:00+00:00,CHP,Chepstow A48,Urban Traffic,6.739130434782608,8.107695652173913,20.45269,6,3.2861931818181818,3.4529372529644267
2025-10-23 00:00:00+00:00,PEMB,Narberth,Rural Background,2.8636250000000003,6.919791666666666,1.4026616666666667,6,4.583541666666667,-1.7199166666666668
2025-10-23 00:00:00+00:00,NPT3,Newport,Urban Background,2.333041666666667,4.5249999999999995,8.1314175,6,4.583541666666667,-2.2505
2025-10-23 00:00:00+00:00,PT4,Port Talbot Margam,Urban Industrial,5.458333333333333,6.401125,13.400127083333333,6,3.2861931818181818,2.1721401515151513
2025-10-23 00:00:00+00:00,SWA1,Swansea Roadside,Urban Traffic,2.8636363636363638,6.924375,13.925474166666667,6,4.583541666666667,-1.7199053030303033
2025-10-23 00:00:00+00:00,WREX,Wrexham,Urban Traffic,3.70875,6.8500000000000005,12.070625,6,4.160984848484849,-0.4522348484848484
2025-10-24 00:00:00+00:00,CARD,Cardiff Centre,Urban Background,6.958333333333333,13.164541666666667,15.876175833333333,6,4.841104166666667,2.1172291666666663
2025-10-24 00:00:00+00:00,CHP,Chepstow A48,Urban Traffic,6.958333333333333,13.929416666666667,32.64099875,6,4.841104166666667,2.1172291666666663
2025-10-24 00:00:00+00:00,PEMB,Narberth,Rural Background,3.690125,8.183333333333334,1.1589708333333333,6,5.382770833333334,-1.6926458333333336
2025-10-24 00:00:00+00:00,NPT3,Newport,Urban Background,4.9322083333333335,10.794791666666667,14.76373,6,5.291666666666666,-0.35945833333333255
2025-10-24 00:00:00+00:00,PT4,Port Talbot Margam,Urban Industrial,4.75,13.285208333333335,10.614828333333334,6,5.382770833333334,-0.6327708333333337
2025-10-24 00:00:00+00:00,SWA1,Swansea Roadside,Urban Traffic,5.833333333333333,,22.726805416666664,6,4.841104166666667,0.9922291666666663
2025-10-24 00:00:00+00:00,WREX,Wrexham,Urban Traffic,2.52075,5.176041666666666,8.377764166666667,6,5.382770833333334,-2.8620208333333337
2025-10-25 00:00:00+00:00,CARD,Cardiff Centre,Urban Background,5.833333333333333,9.460666666666667,9.84940875,5,3.5643333333333334,2.2689999999999997
2025-10-25 00:00:00+00:00,CHP,Chepstow A48,Urban Traffic,7.458333333333333,10.225708333333333,22.816291666666668,5,3.5643333333333334,3.8939999999999997
2025-10-25 00:00:00+00:00,PEMB,Narberth,Rural Background,3.5643333333333334,8.296875,0.86023375,5,5.208333333333333,-1.6439999999999997
2025-10-25 00:00:00+00:00,NPT3,Newport,Urban Background,2.7388333333333335,5.932291666666667,7.732235416666666,5,5.208333333333333,-2.4694999999999996
2025-10-25 00:00:00+00:00,PT4,Port Talbot Margam,Urban Industrial,5.208333333333333,8.53475,11.19761375,5,3.5643333333333334,1.6439999999999997
2025-10-25 00:00:00+00:00,SWA1,Swansea Roadside,Urban Traffic,,,6.979500000000001,6,4.386333333333333,
2025-10-25 00:00:00+00:00,WREX,Wrexham,Urban Traffic,2.5648750000000002,5.875,4.342948333333333,5,5.208333333333333,-2.643458333333333
2025-10-26 00:00:00+00:00,CARD,Cardiff Centre,Urban Background,4.458333333333333,9.138625,7.544672083333334,5,2.8066666666666666,1.6516666666666664
2025-10-26 00:00:00+00:00,CHP,Chepstow A48,Urban Traffic,6.208333333333333,8.77625,18.142209166666667,5,2.8066666666666666,3.4016666666666664
2025-10-26 00:00:00+00:00,PEMB,Narberth,Rural Background,2.8066666666666666,6.823958333333334,0.6678741666666667,5,3.9583333333333335,-1.1516666666666668
2025-10-26 00:00:00+00:00,NPT3,Newport,Urban Background,1.9800833333333332,5.042708333333333,3.828085833333333,5,3.9583333333333335,-1.9782500000000003
2025-10-26 00:00:00+00:00,PT4,Port Talbot Margam,Urban Industrial,3.9583333333333335,6.642625,4.5257129166666665,5,2.8066666666666666,1.1516666666666668
2025-10-26 00:00:00+00:00,SWA1,Swansea Roadside,Urban Traffic,,,6.007382083333333,6,3.3825000000000003,
2025-10-26 00:00:00+00:00,WREX,Wrexham,Urban Traffic,2.545166666666667,5.094791666666667,2.66939375,5,3.9583333333333335,-1.4131666666666667
2025-10-27 00:00:00+00:00,CARD,Cardiff Centre,Urban Background,7.75,16.264333333333333,7.0230966666666665,5,6.201875,1.5481249999999998
2025-10-27 00:00:00+00:00,CHP,Chepstow A48,Urban Traffic,8.5,15.821541666666667,20.981724347826088,5,6.201875,2.2981249999999998
2025-10-27 00:00:00+00:00,PEMB,Narberth,Rural Background,6.201875,13.919791666666667,0.8032147826086956,5,6.458333333333333,-0.2564583333333328
2025-10-27 00:00:00+00:00,NPT3,Newport,Urban Background,5.69875,12.211458333333333,5.32532375,5,6.458333333333333,-0.7595833333333326
2025-10-27 00:00:00+00:00,PT4,Port Talbot Margam,Urban Industrial,6.458333333333333,19.444791666666667,8.51996,5,6.201875,0.2564583333333328
2025-10-27 00:00:00+00:00,SWA1,Swansea Roadside,Urban Traffic,,,8.818523333333333,6,6.330104166666667,
2025-10-27 00:00:00+00:00,WREX,Wrexham,Urban Traffic,4.657041666666667,8.754166666666666,5.654707500000001,5,6.458333333333333,-1.8012916666666658
2025-10-28 00:00:00+00:00,CARD,Cardiff Centre,Urban Background,6.625,19.324,7.905584166666667,6,6.180854166666666,0.4441458333333337
2025-10-28 00:00:00+00:00,CHP,Chepstow A48,Urban Traffic,7.458333333333333,16.22404166666667,22.68101916666667,6,6.180854166666666,1.2774791666666667
2025-10-28 00:00:00+00:00,PEMB,Narberth,Rural Background,6.3617083333333335,15.292,1.3444983333333334,6,6.3125,0.04920833333333352
2025-10-28 00:00:00+00:00,NPT3,Newport,Urban Background,5.931625,13.388541666666667,6.492494166666667,6,6.493354166666666,-0.561729166666666
2025-10-28 00:00:00+00:00,PT4,Port Talbot Margam,Urban Industrial,6.833333333333333,20.813541666666666,3.5925837499999997,6,6.180854166666666,0.6524791666666667
2025-10-28 00:00:00+00:00,SWA1,Swansea Roadside,Urban Traffic,6.0,16.586458333333333,8.783421666666667,6,6.493354166666666,-0.4933541666666663
2025-10-28 00:00:00+00:00,WREX,Wrexham,Urban Traffic,5.464652173913043,10.435869565217391,11.252360454545455,6,6.493354166666666,-1.0287019927536232
2025-10-29 00:00:00+00:00,CARD,Cardiff Centre,Urban Background,6.565217391304348,10.320772727272727,22.44827875,6,3.919625,2.6455923913043478
2025-10-29 00:00:00+00:00,CHP,Chepstow A48,Urban Traffic,7.458333333333333,10.748875,31.968079583333335,6,3.919625,3.538708333333333
2025-10-29 00:00:00+00:00,PEMB,Narberth,Rural Background,3.194304347826087,8.065217391304348,1.23166,6,4.522727272727273,-1.3284229249011865
2025-10-29 00:00:00+00:00,NPT3,Newport,Urban Background,3.33925,6.429166666666667,16.197230434782607,6,4.522727272727273,-1.1834772727272735
2025-10-29 00:00:00+00:00,PT4,Port Talbot Margam,Urban Industrial,4.545454545454546,9.15795652173913,18.128050434782608,6,3.919625,0.6258295454545459
2025-10-29 00:00:00+00:00,SWA1,Swansea Roadside,Urban Traffic,4.5,9.872043478260869,27.599877083333336,6,3.942352272727273,0.5576477272727272
2025-10-29 00:00:00+00:00,WREX,Wrexham,Urban Traffic,3.2919583333333335,6.469791666666667,10.564643043478261,6,4.522727272727273,-1.2307689393939398
2025-10-30 00:00:00+00:00,CARD,Cardiff Centre,Urban Background,5.045454545454546,11.876125,19.113628333333335,6,4.924791666666667,0.12066287878787918
2025-10-30 00:00:00+00:00,CHP,Chepstow A48,Urban Traffic,7.458333333333333,15.418875,25.295635,6,4.843352272727273,2.61498106060606
2025-10-30 00:00:00+00:00,PEMB,Narberth,Rural Background,4.64125,10.405208333333333,1.6651320833333332,6,5.1268939393939394,-0.48564393939393913
2025-10-30 00:00:00+00:00,NPT3,Newport,Urban Background,4.459739130434783,10.027173913043478,12.95727652173913,6,5.1268939393939394,-0.6671548089591566
2025-10-30 00:00:00+00:00,PT4,Port Talbot Margam,Urban Industrial,5.208333333333333,11.191833333333333,10.189807083333333,6,4.843352272727273,0.36498106060605995
2025-10-30 00:00:00+00:00,SWA1,Swansea Roadside,Urban Traffic,6.625,13.285333333333334,18.714652916666665,6,4.843352272727273,1.781647727272727
2025-10-30 00:00:00+00:00,WREX,Wrexham,Urban Traffic,3.6015833333333336,7.003125,14.393029583333332,6,5.1268939393939394,-1.5253106060606059
2025-10-31 00:00:00+00:00,CARD,Cardiff Centre,Urban Background,7.125,15.499541666666667,22.109953333333333,6,8.1395625,-1.0145625000000003
2025-10-31 00:00:00+00:00,CHP,Chepstow A48,Urban Traffic,7.083333333333333,16.948833333333333,17.178819166666667,6,8.1395625,-1.0562291666666672
2025-10-31 00:00:00+00:00,PEMB,Narberth,Rural Background,10.3155,19.536458333333332,0.9898566666666667,6,7.347895833333332,2.9676041666666677
2025-10-31 00:00:00+00:00,NPT3,Newport,Urban Background,7.570791666666666,15.886458333333332,5.500157083333334,6,7.916666666666667,-0.34587500000000126
2025-10-31 00:00:00+00:00,PT4,Port Talbot Margam,Urban Industrial,9.375,24.155041666666666,9.589425,6,7.347895833333332,2.0271041666666676
2025-10-31 00:00:00+00:00,SWA1,Swansea Roadside,Urban Traffic,8.708333333333334,21.860249999999997,11.346342083333333,6,7.347895833333332,1.3604375000000015
2025-10-31 00:00:00+00:00,WREX,Wrexham,Urban Traffic,4.946083333333333,8.727083333333333,12.604376666666667,6,8.1395625,-3.193479166666667
2025-11-01 00:00:00+00:00,CARD,Cardiff Centre,Urban Background,6.041666666666667,13.526708333333334,8.070255,6,6.0220416666666665,0.019625000000000448
2025-11-01 00:00:00+00:00,CHP,Chepstow A48,Urban Traffic,7.333333333333333,13.285375,19.93621086956522,6,5.605375,1.7279583333333326
2025-11-01 00:00:00+00:00,PEMB,Narberth,Rural Background,4.594166666666667,9.8125,0.7869395833333334,6,6.458333333333334,-1.8641666666666667
2025-11-01 00:00:00+00:00,NPT3,Newport,Urban Background,5.169083333333333,11.633333333333333,7.3484025,6,6.458333333333334,-1.289250000000001
2025-11-01 00:00:00+00:00,PT4,Port Talbot Margam,Urban Industrial,7.25,21.699291666666667,4.0249475,6,5.605375,1.6446249999999996
2025-11-01 00:00:00+00:00,SWA1,Swansea Roadside,Urban Traffic,6.875,15.217625,8.976055833333334,6,5.605375,1.2696249999999996
2025-11-01 00:00:00+00:00,WREX,Wrexham,Urban Traffic,3.343083333333333,6.026041666666667,8.641800833333333,6,6.458333333333334,-3.115250000000001
2025-11-02 00:00:00+00:00,CARD,Cardiff Centre,Urban Background,5.333333333333333,11.393166666666666,13.152630416666668,6,6.229166666666666,-0.895833333333333
2025-11-02 00:00:00+00:00,CHP,Chepstow A48,Urban Traffic,7.708333333333333,14.1305,27.348848333333333,6,5.604166666666666,2.104166666666667
2025-11-02 00:00:00+00:00,PEMB,Narberth,Rural Background,4.781833333333333,11.955208333333333,0.6594008333333333,6,6.229166666666666,-1.447333333333333
2025-11-02 00:00:00+00:00,NPT3,Newport,Urban Background,6.797458333333334,12.198958333333332,10.144162083333333,6,5.604166666666666,1.193291666666668
2025-11-02 00:00:00+00:00,PT4,Port Talbot Margam,Urban Industrial,6.583333333333333,16.264333333333333,5.678637083333334,6,5.604166666666666,0.979166666666667
2025-11-02 00:00:00+00:00,SWA1,Swansea Roadside,Urban Traffic,5.875,13.204833333333333,11.288720416666665,6,5.958333333333333,-0.08333333333333304
2025-11-02 00:00:00+00:00,WREX,Wrexham,Urban Traffic,4.136291666666667,7.822916666666667,7.757822916666666,6,6.229166666666666,-2.0928749999999994
2025-11-03 00:00:00+00:00,CARD,Cardiff Centre,Urban Background,5.208333333333333,13.083916666666667,6.4302325,6,6.9087708333333335,-1.7004375000000005
2025-11-03 00:00:00+00:00,CHP,Chepstow A48,Urban Traffic,6.5,13.6475,13.369582608695653,6,6.486020833333333,0.013979166666667098
2025-11-03 00:00:00+00:00,PEMB,Narberth,Rural Background,7.317541666666667,13.345833333333333,0.5843220833333334,6,6.077249999999999,1.2402916666666677
2025-11-03 00:00:00+00:00,NPT3,Newport,Urban Background,5.6545,12.259375,6.648749565217392,6,6.9087708333333335,-1.254270833333334
2025-11-03 00:00:00+00:00,PT4,Port Talbot Margam,Urban Industrial,9.791666666666666,28.301625,7.309525416666666,6,6.077249999999999,3.7144166666666667
2025-11-03 00:00:00+00:00,SWA1,Swansea Roadside,Urban Traffic,7.333333333333333,20.410999999999998,4.987452916666666,6,6.077249999999999,1.2560833333333337
2025-11-03 00:00:00+00:00,WREX,Wrexham,Urban Traffic,1.3238333333333332,2.3916666666666666,10.347260833333333,6,6.9087708333333335,-5.5849375000000006
2025-11-04 00:00:00+00:00,CARD,Cardiff Centre,Urban Background,5.25,12.641083333333334,14.742086666666665,6,5.785979166666667,-0.5359791666666673
2025-11-04 00:00:00+00:00,CHP,Chepstow A48,Urban Traffic,7.25,13.325541666666666,17.463679583333334,6,5.202645833333333,2.0473541666666666
2025-11-04 00:00:00+00:00,PEMB,Narberth,Rural Background,1.5743749999999999,2.790625,1.7135770833333333,6,5.833333333333334,-4.258958333333334
2025-11-04 00:00:00+00:00,NPT3,Newport,Urban Background,5.155291666666667,10.764583333333334,,6,5.833333333333334,-0.6780416666666671
2025-11-04 00:00:00+00:00,PT4,Port Talbot Margam,Urban Industrial,6.416666666666667,14.211166666666665,11.982729583333333,6,5.202645833333333,1.2140208333333335
2025-11-04 00:00:00+00:00,SWA1,Swansea Roadside,Urban Traffic,6.476190476190476,13.572904761904763,17.04837142857143,6,5.202645833333333,1.2735446428571429
2025-11-04 00:00:00+00:00,WREX,Wrexham,Urban Traffic,1.6990833333333333,3.0124999999999997,13.43348304347826,6,5.833333333333334,-4.134250000000001
2025-11-05 00:00:00+00:00,CARD,Cardiff Centre,Urban Background,12.833333333333334,22.62516666666667,16.377495,6,10.84963768115942,1.983695652173914
2025-11-05 00:00:00+00:00,CHP,Chepstow A48,Urban Traffic,10.782608695652174,21.676434782608695,27.322708260869565,6,11.875,-1.0923913043478262
2025-11-05 00:00:00+00:00,PEMB,Narberth,Rural Background,8.303875,16.626041666666666,4.530636666666667,6,11.875,-3.5711250000000003
2025-11-05 00:00:00+00:00,NPT3,Newport,Urban Background,14.515583333333334,23.444791666666664,,6,10.84963768115942,3.6659456521739138
2025-11-05 00:00:00+00:00,PT4,Port Talbot Margam,Urban Industrial,10.916666666666666,19.20325,7.750720416666667,6,11.807971014492754,-0.8913043478260878
2025-11-05 00:00:00+00:00,SWA1,Swansea Roadside,Urban Traffic,13.818181818181818,23.65095652173913,18.75290409090909,6,10.84963768115942,2.9685441370223984
2025-11-05 00:00:00+00:00,WREX,Wrexham,Urban Traffic,6.573,11.487499999999999,14.928557499999998,6,11.875,-5.302
2025-11-06 00:00:00+00:00,CARD,Cardiff Centre,Urban Background,12.041666666666666,22.826541666666667,23.971276666666668,6,11.875,0.16666666666666607
2025-11-06 00:00:00+00:00,CHP,Chepstow A48,Urban Traffic,11.916666666666666,21.216166666666666,34.034095217391304,6,11.9375,-0.020833333333333925
2025-11-06 00:00:00+00:00,PEMB,Narberth,Rural Background,8.804045454545454,15.654909090909092,5.889765833333333,6,11.979166666666666,-3.175121212121212
2025-11-06 00:00:00+00:00,NPT3,Newport,Urban Background,10.757708333333333,19.473958333333332,,6,11.979166666666666,-1.2214583333333326
2025-11-06 00:00:00+00:00,PT4,Port Talbot Margam,Urban Industrial,11.833333333333334,18.92141666666667,17.89536125,6,11.979166666666666,-0.14583333333333215
2025-11-06 00:00:00+00:00,SWA1,Swansea Roadside,Urban Traffic,15.041666666666666,22.504333333333335,32.20082125,6,11.875,3.166666666666666
2025-11-06 00:00:00+00:00,WREX,Wrexham,Urban Traffic,13.367791666666667,21.190625,21.09556458333333,6,11.875,1.4927916666666672
2025-11-07 00:00:00+00:00,CARD,Cardiff Centre,Urban Background,7.875,12.842333333333334,19.022278333333333,5,7.185458333333333,0.6895416666666669
2025-11-07 00:00:00+00:00,CHP,Chepstow A48,Urban Traffic,9.416666666666666,13.087636363636364,27.686880416666668,5,7.185458333333333,2.231208333333333
2025-11-07 00:00:00+00:00,PEMB,Narberth,Rural Background,,,2.78393125,6,7.309333333333333,
2025-11-07 00:00:00+00:00,NPT3,Newport,Urban Background,7.185458333333333,11.002083333333333,,5,7.433208333333333,-0.24774999999999991
2025-11-07 00:00:00+00:00,PT4,Port Talbot Margam,Urban Industrial,6.333333333333333,9.541333333333334,8.352699166666666,5,7.433208333333333,-1.099875
2025-11-07 00:00:00+00:00,SWA1,Swansea Roadside,Urban Traffic,6.666666666666667,12.439833333333333,24.38128125,5,7.433208333333333,-0.766541666666666
2025-11-07 00:00:00+00:00,WREX,Wrexham,Urban Traffic,7.433208333333333,10.839583333333332,19.12947875,5,7.185458333333333,0.24774999999999991
2025-11-08 00:00:00+00:00,CARD,Cardiff Centre,Urban Background,9.916666666666666,18.35775,19.600068333333333,5,7.541666666666667,2.374999999999999
2025-11-08 00:00:00+00:00,CHP,Chepstow A48,Urban Traffic,9.416666666666666,18.438416666666665,31.487784166666668,5,7.541666666666667,1.8749999999999991
2025-11-08 00:00:00+00:00,PEMB,Narberth,Rural Background,,,1.4365975000000002,6,8.283479166666666,
2025-11-08 00:00:00+00:00,NPT3,Newport,Urban Background,9.025291666666666,15.076041666666667,,5,7.541666666666667,1.483624999999999
2025-11-08 00:00:00+00:00,PT4,Port Talbot Margam,Urban Industrial,7.541666666666667,17.270875,10.509840416666666,5,9.025291666666666,-1.483624999999999
2025-11-08 00:00:00+00:00,SWA1,Swansea Roadside,Urban Traffic,6.583333333333333,15.579958333333332,23.288095416666664,5,9.025291666666666,-2.441958333333333
2025-11-08 00:00:00+00:00,WREX,Wrexham,Urban Traffic,5.719375,9.230208333333334,15.26704125,5,9.025291666666666,-3.3059166666666657
2025-11-09 00:00:00+00:00,CARD,Cardiff Centre,Urban Background,7.833333333333333,14.734666666666667,18.76409375,5,6.708333333333333,1.125
2025-11-09 00:00:00+00:00,CHP,Chepstow A48,Urban Traffic,9.0,12.5605,19.873597826086957,5,6.708333333333333,2.291666666666667
2025-11-09 00:00:00+00:00,PEMB,Narberth,Rural Background,,,,6,6.8555625,
2025-11-09 00:00:00+00:00,NPT3,Newport,Urban Background,7.002791666666667,11.820833333333333,,5,6.708333333333333,0.29445833333333393
2025-11-09 00:00:00+00:00,PT4,Port Talbot Margam,Urban Industrial,6.708333333333333,15.700791666666667,6.63108125,5,7.002791666666667,-0.29445833333333393
2025-11-09 00:00:00+00:00,SWA1,Swansea Roadside,Urban Traffic,6.583333333333333,16.103333333333335,16.617465416666665,5,7.002791666666667,-0.41945833333333393
2025-11-09 00:00:00+00:00,WREX,Wrexham,Urban Traffic,5.664416666666667,8.929166666666667,10.858897916666665,5,7.002791666666667,-1.338375
2025-11-10 00:00:00+00:00,CARD,Cardiff Centre,Urban Background,4.958333333333333,9.54125,17.817710434782608,5,4.875,0.08333333333333304
2025-11-10 00:00:00+00:00,CHP,Chepstow A48,Urban Traffic,7.666666666666667,10.789333333333333,30.746372500000003,5,4.875,2.791666666666667
2025-11-10 00:00:00+00:00,PEMB,Narberth,Rural Background,,,,6,4.916666666666666,
2025-11-10 00:00:00+00:00,NPT3,Newport,Urban Background,4.148125,8.360416666666667,,5,4.958333333333333,-0.8102083333333328
2025-11-10 00:00:00+00:00,PT4,Port Talbot Margam,Urban Industrial,4.958333333333333,13.6475,14.240974999999999,5,4.875,0.08333333333333304
2025-11-10 00:00:00+00:00,SWA1,Swansea Roadside,Urban Traffic,4.875,8.695791666666667,15.464318749999999,5,4.958333333333333,-0.08333333333333304
2025-11-10 00:00:00+00:00,WREX,Wrexham,Urban Traffic,3.9446666666666665,6.809375,24.109066249999998,5,4.958333333333333,-1.0136666666666665
2025-11-11 00:00:00+00:00,CARD,Cardiff Centre,Urban Background,6.291666666666667,13.083874999999999,15.359450833333334,6,7.1875,-0.895833333333333
2025-11-11 00:00:00+00:00,CHP,Chepstow A48,Urban Traffic,7.083333333333333,12.842374999999999,18.97287375,6,6.791666666666667,0.2916666666666661
2025-11-11 00:00:00+00:00,PEMB,Narberth,Rural Background,7.980583333333333,13.647916666666667,1.0249108333333334,6,6.6875,1.2930833333333327
2025-11-11 00:00:00+00:00,NPT3,Newport,Urban Background,5.537541666666667,11.917708333333332,,6,7.1875,-1.6499583333333332
2025-11-11 00:00:00+00:00,PT4,Port Talbot Margam,Urban Industrial,7.291666666666667,17.391583333333333,12.533975833333335,6,6.6875,0.604166666666667
2025-11-11 00:00:00+00:00,SWA1,Swansea Roadside,Urban Traffic,7.375,19.082541666666668,9.720658333333335,6,6.6875,0.6875
2025-11-11 00:00:00+00:00,WREX,Wrexham,Urban Traffic,2.906875,5.191666666666666,13.491663333333333,6,7.1875,-4.280625000000001
2025-11-12 00:00:00+00:00,CARD,Cardiff Centre,Urban Background,8.333333333333334,18.357791666666667,21.783585000000002,6,7.686130952380952,0.6472023809523817
2025-11-12 00:00:00+00:00,CHP,Chepstow A48,Urban Traffic,8.5,17.190375,23.7032375,6,7.686130952380952,0.8138690476190478
2025-11-12 00:00:00+00:00,PEMB,Narberth,Rural Background,5.225958333333334,9.164583333333333,1.7299320833333331,6,7.879583333333333,-2.653624999999999
2025-11-12 00:00:00+00:00,NPT3,Newport,Urban Background,7.800833333333333,15.40625,,6,7.7648809523809526,0.035952380952380736
2025-11-12 00:00:00+00:00,PT4,Port Talbot Margam,Urban Industrial,7.571428571428571,14.768952380952381,11.270949090909092,6,7.879583333333333,-0.30815476190476154
2025-11-12 00:00:00+00:00,SWA1,Swansea Roadside,Urban Traffic,7.958333333333333,16.666999999999998,25.18267333333333,6,7.686130952380952,0.2722023809523808
2025-11-12 00:00:00+00:00,WREX,Wrexham,Urban Traffic,5.185666666666667,8.198958333333334,,6,7.879583333333333,-2.6939166666666656
2025-11-13 00:00:00+00:00,CARD,Cardiff Centre,Urban Background,7.25,15.217666666666666,20.949740833333333,6,6.469208333333333,0.7807916666666674
2025-11-13 00:00:00+00:00,CHP,Chepstow A48,Urban Traffic,8.25,17.109750000000002,28.051426250000002,6,6.469208333333333,1.7807916666666674
2025-11-13 00:00:00+00:00,PEMB,Narberth,Rural Background,6.341458333333333,12.045833333333334,2.83630625,6,6.902645833333333,-0.5611875
2025-11-13 00:00:00+00:00,NPT3,Newport,Urban Background,5.715333333333334,11.519791666666668,,6,6.902645833333333,-1.187312499999999
2025-11-13 00:00:00+00:00,PT4,Port Talbot Margam,Urban Industrial,6.083333333333333,16.868333333333332,11.974662083333333,6,6.902645833333333,-0.8193124999999997
2025-11-13 00:00:00+00:00,SWA1,Swansea Roadside,Urban Traffic,7.208333333333333,14.573583333333334,24.56298,6,6.469208333333333,0.7391250000000005
2025-11-13 00:00:00+00:00,WREX,Wrexham,Urban Traffic,6.596958333333333,11.670833333333334,26.872684347826088,6,6.774895833333333,-0.17793749999999964
2025-11-14 00:00:00+00:00,CARD,Cardiff Centre,Urban Background,1.75,2.174,8.710092083333334,6,2.6351458333333335,-0.8851458333333335
2025-11-14 00:00:00+00:00,CHP,Chepstow A48,Urban Traffic,4.375,5.797166666666667,15.807613043478261,6,2.1559791666666666,2.2190208333333334
2025-11-14 00:00:00+00:00,PEMB,Narberth,Rural Background,0.8343333333333334,1.390625,2.61068625,6,2.6351458333333335,-1.8008125000000001
2025-11-14 00:00:00+00:00,NPT3,Newport,Urban Background,0.9660833333333333,2.122916666666667,,6,2.6351458333333335,-1.6690625000000003
2025-11-14 00:00:00+00:00,PT4,Port Talbot Margam,Urban Industrial,2.8333333333333335,1.0466666666666666,4.1138586956521745,6,2.1559791666666666,0.6773541666666669
2025-11-14 00:00:00+00:00,SWA1,Swansea Roadside,Urban Traffic,2.7083333333333335,0.9259166666666667,12.634828749999999,6,2.1559791666666666,0.5523541666666669
2025-11-14 00:00:00+00:00,WREX,Wrexham,Urban Traffic,2.5619583333333336,3.678125,19.378264583333333,6,2.229166666666667,0.3327916666666666
2025-11-15 00:00:00+00:00,CARD,Cardiff Centre,Urban Background,4.0,5.461086956521739,10.92358125,5,3.3166666666666664,0.6833333333333336
2025-11-15 00:00:00+00:00,CHP,Chepstow A48,Urban Traffic,5.25,8.252958333333334,15.007690416666668,5,3.3166666666666664,1.9333333333333336
2025-11-15 00:00:00+00:00,PEMB,Narberth,Rural Background,1.8808749999999999,2.891666666666667,2.71796625,5,4.0,-2.1191250000000004
2025-11-15 00:00:00+00:00,NPT3,Newport,Urban Background,2.7308749999999997,4.3687499999999995,,5,4.0,-1.2691250000000003
2025-11-15 00:00:00+00:00,PT4,Port Talbot Margam,Urban Industrial,5.25,6.964708333333333,9.079721666666666,5,3.3166666666666664,1.9333333333333336
2025-11-15 00:00:00+00:00,SWA1,Swansea Roadside,Urban Traffic,,4.025833333333334,19.1979675,6,3.658333333333333,
2025-11-15 00:00:00+00:00,WREX,Wrexham,Urban Traffic,3.3166666666666664,4.753125,27.99572541666667,5,4.0,-0.6833333333333336
2025-11-16 00:00:00+00:00,CARD,Cardiff Centre,Urban Background,4.833333333333333,8.816458333333333,7.3526075,5,4.291458333333334,0.5418749999999992
2025-11-16 00:00:00+00:00,CHP,Chepstow A48,Urban Traffic,6.083333333333333,11.030791666666666,12.516421666666666,5,4.291458333333334,1.7918749999999992
2025-11-16 00:00:00+00:00,PEMB,Narberth,Rural Background,2.7447083333333335,4.367708333333334,1.98309375,5,4.833333333333333,-2.0886249999999995
2025-11-16 00:00:00+00:00,NPT3,Newport,Urban Background,3.479875,7.0625,,5,4.833333333333333,-1.3534583333333332
2025-11-16 00:00:00+00:00,PT4,Port Talbot Margam,Urban Industrial,5.333333333333333,7.0049166666666665,5.5106975,5,4.291458333333334,1.0418749999999992
2025-11-16 00:00:00+00:00,SWA1,Swansea Roadside,Urban Traffic,,6.924416666666667,7.808213333333334,6,4.562395833333333,
2025-11-16 00:00:00+00:00,WREX,Wrexham,Urban Traffic,4.291458333333334,8.492708333333333,17.575922916666666,5,4.833333333333333,-0.5418749999999992
2025-11-17 00:00:00+00:00,CARD,Cardiff Centre,Urban Background,8.166666666666666,14.050083333333333,25.32647125,5,5.512083333333333,2.654583333333333
2025-11-17 00:00:00+00:00,CHP,Chepstow A48,Urban Traffic,8.0,13.406,20.55357818181818,5,5.512083333333333,2.487916666666667
2025-11-17 00:00:00+00:00,PEMB,Narberth,Rural Background,3.3913333333333333,6.363541666666666,1.7295145833333334,5,5.859791666666666,-2.468458333333333
2025-11-17 00:00:00+00:00,NPT3,Newport,Urban Background,5.859791666666666,10.805208333333333,20.911396666666665,5,5.512083333333333,0.3477083333333333
2025-11-17 00:00:00+00:00,PT4,Port Talbot Margam,Urban Industrial,5.416666666666667,8.172500000000001,11.109415833333335,5,5.859791666666666,-0.4431249999999993
2025-11-17 00:00:00+00:00,SWA1,Swansea Roadside,Urban Traffic,,13.325416666666667,26.988870416666668,6,5.6859375,
2025-11-17 00:00:00+00:00,WREX,Wrexham,Urban Traffic,5.512083333333333,10.578125,21.234706666666668,5,5.859791666666666,-0.3477083333333333
2025-11-18 00:00:00+00:00,CARD,Cardiff Centre,Urban Background,8.041666666666666,10.386666666666667,29.771412916666666,5,3.25,4.791666666666666
2025-11-18 00:00:00+00:00,CHP,Chepstow A48,Urban Traffic,7.958333333333333,13.889125,36.23609,5,3.25,4.708333333333333
2025-11-18 00:00:00+00:00,PEMB,Narberth,Rural Background,2.3124166666666666,4.963541666666667,2.21947625,5,4.9106250000000005,-2.598208333333334
2025-11-18 00:00:00+00:00,NPT3,Newport,Urban Background,4.9106250000000005,8.31875,19.0436125,5,3.25,1.6606250000000005
2025-11-18 00:00:00+00:00,PT4,Port Talbot Margam,Urban Industrial,3.25,6.119291666666666,18.910999166666667,5,4.9106250000000005,-1.6606250000000005
2025-11-18 00:00:00+00:00,SWA1,Swansea Roadside,Urban Traffic,,11.836,26.66503541666667,6,4.0803125,
2025-11-18 00:00:00+00:00,WREX,Wrexham,Urban Traffic,1.8091249999999999,3.485416666666667,8.49554043478261,5,4.9106250000000005,-3.1015000000000006
2025-11-19 00:00:00+00:00,CARD,Cardiff Centre,Urban Background,3.7916666666666665,6.723083333333334,16.88323958333333,5,2.7652916666666667,1.0263749999999998
2025-11-19 00:00:00+00:00,CHP,Chepstow A48,Urban Traffic,6.25,11.393083333333335,15.337946666666667,5,2.7652916666666667,3.4847083333333333
2025-11-19 00:00:00+00:00,PEMB,Narberth,Rural Background,1.855,3.8228260869565216,0.7538504166666667,5,3.7916666666666665,-1.9366666666666665
2025-11-19 00:00:00+00:00,NPT3,Newport,Urban Background,2.11875,5.289583333333334,8.058630416666666,5,3.7916666666666665,-1.6729166666666666
2025-11-19 00:00:00+00:00,PT4,Port Talbot Margam,Urban Industrial,6.333333333333333,5.998458333333333,10.896419583333333,5,2.7652916666666667,3.5680416666666663
2025-11-19 00:00:00+00:00,SWA1,Swansea Roadside,Urban Traffic,,6.553434782608695,14.286846250000002,6,3.2784791666666666,
2025-11-19 00:00:00+00:00,WREX,Wrexham,Urban Traffic,2.7652916666666667,5.958333333333333,18.120187916666666,5,3.7916666666666665,-1.0263749999999998
2025-11-20 00:00:00+00:00,CARD,Cardiff Centre,Urban Background,6.458333333333333,11.836,28.046935833333333,3,,
2025-11-20 00:00:00+00:00,CHP,Chepstow A48,Urban Traffic,7.583333333333333,16.063083333333335,23.90603708333333,3,,
2025-11-20 00:00:00+00:00,PEMB,Narberth,Rural Background,,,,4,5.916666666666666,
2025-11-20 00:00:00+00:00,NPT3,Newport,Urban Background,3.783375,9.204166666666667,22.894491666666667,3,,
2025-11-20 00:00:00+00:00,PT4,Port Talbot Margam,Urban Industrial,5.375,7.8101666666666665,22.796684583333334,3,,
2025-11-20 00:00:00+00:00,SWA1,Swansea Roadside,Urban Traffic,,7.0855,23.927714166666664,4,5.916666666666666,
2025-11-20 00:00:00+00:00,WREX,Wrexham,Urban Traffic,,,20.162350833333335,4,5.916666666666666,
2025-11-21 00:00:00+00:00,CARD,Cardiff Centre,Urban Background,9.875,14.815083333333334,39.09107041666667,4,5.6472291666666665,4.2277708333333335
2025-11-21 00:00:00+00:00,CHP,Chepstow A48,Urban Traffic,10.782608695652174,12.434608695652173,39.22106363636363,4,5.6472291666666665,5.135379528985507
2025-11-21 00:00:00+00:00,PEMB,Narberth,Rural Background,2.009625,4.5375000000000005,3.0491295652173913,4,8.2305625,-6.2209375
2025-11-21 00:00:00+00:00,NPT3,Newport,Urban Background,6.586125,10.347916666666666,35.85220125,4,7.291666666666666,-0.7055416666666661
2025-11-21 00:00:00+00:00,PT4,Port Talbot Margam,Urban Industrial,4.708333333333333,8.172458333333333,17.976372083333334,4,8.2305625,-3.5222291666666665
2025-11-21 00:00:00+00:00,SWA1,Swansea Roadside,Urban Traffic,,13.768291666666668,33.71594416666667,5,6.586125,
2025-11-21 00:00:00+00:00,WREX,Wrexham,Urban Traffic,,,32.374195416666666,5,6.586125,
2025-11-22 00:00:00+00:00,CARD,Cardiff Centre,Urban Background,6.375,9.460583333333334,23.441138750000004,4,5.487770833333333,0.8872291666666667
2025-11-22 00:00:00+00:00,CHP,Chepstow A48,Urban Traffic,6.458333333333333,8.816541666666668,25.73938875,4,5.487770833333333,0.9705624999999998
2025-11-22 00:00:00+00:00,PEMB,Narberth,Rural Background,2.4802916666666666,5.010416666666667,1.7069256521739131,4,6.291666666666666,-3.8113749999999995
2025-11-22 00:00:00+00:00,NPT3,Newport,Urban Background,4.7672083333333335,8.275,17.007002916666668,4,6.291666666666666,-1.5244583333333326
2025-11-22 00:00:00+00:00,PT4,Port Talbot Margam,Urban Industrial,6.208333333333333,8.856875,16.965492916666665,4,5.571104166666666,0.6372291666666667
2025-11-22 00:00:00+00:00,SWA1,Swansea Roadside,Urban Traffic,,11.433333333333332,21.337405416666666,5,6.208333333333333,
2025-11-22 00:00:00+00:00,WREX,Wrexham,Urban Traffic,,,23.856256666666667,5,6.208333333333333,
2025-11-23 00:00:00+00:00,CARD,Cardiff Centre,Urban Background,5.625,12.359208333333333,16.556760416666666,4,5.006875,0.618125
2025-11-23 00:00:00+00:00,CHP,Chepstow A48,Urban Traffic,6.458333333333333,12.842374999999999,21.942845416666668,4,5.006875,1.451458333333333
2025-11-23 00:00:00+00:00,PEMB,Narberth,Rural Background,3.671416666666667,7.411458333333333,0.6727816666666667,4,5.625,-1.953583333333333
2025-11-23 00:00:00+00:00,NPT3,Newport,Urban Background,4.38875,9.055208333333333,6.9529266666666665,4,5.625,-1.23625
2025-11-23 00:00:00+00:00,PT4,Port Talbot Margam,Urban Industrial,5.625,15.217625,5.885984583333333,4,5.006875,0.618125
2025-11-23 00:00:00+00:00,SWA1,Swansea Roadside,Urban Traffic,,11.634541666666665,11.637475416666668,5,5.625,
2025-11-23 00:00:00+00:00,WREX,Wrexham,Urban Traffic,,,4.6108045833333335,5,5.625,
2025-11-24 00:00:00+00:00,CARD,Cardiff Centre,Urban Background,3.6666666666666665,6.562208333333333,19.80115041666667,4,3.6262083333333335,0.04045833333333304
2025-11-24 00:00:00+00:00,CHP,Chepstow A48,Urban Traffic,6.416666666666667,8.011208333333334,17.270520434782608,4,3.0637083333333335,3.3529583333333335
2025-11-24 00:00:00+00:00,PEMB,Narberth,Rural Background,2.46075,4.959375,1.0660391666666666,4,4.229166666666667,-1.768416666666667
2025-11-24 00:00:00+00:00,NPT3,Newport,Urban Background,2.0312916666666667,4.0218750000000005,9.767018333333333,4,4.229166666666667,-2.1978750000000002
2025-11-24 00:00:00+00:00,PT4,Port Talbot Margam,Urban Industrial,4.791666666666667,7.0049166666666665,11.531730869565218,4,3.0637083333333335,1.7279583333333335
2025-11-24 00:00:00+00:00,SWA1,Swansea Roadside,Urban Traffic,,5.555666666666667,7.691517083333333,5,3.6666666666666665,
2025-11-24 00:00:00+00:00,WREX,Wrexham,Urban Traffic,,,13.047427083333332,5,3.6666666666666665,
2025-11-25 00:00:00+00:00,CARD,Cardiff Centre,Urban Background,5.208333333333333,8.897041666666667,26.549979583333336,4,4.260125,0.9482083333333327
2025-11-25 00:00:00+00:00,CHP,Chepstow A48,Urban Traffic,7.375,10.547708333333334,18.863398333333333,4,4.093458333333333,3.2815416666666666
2025-11-25 00:00:00+00:00,PEMB,Narberth,Rural Background,1.7482916666666668,3.922916666666667,1.5400025,4,5.375,-3.626708333333333
2025-11-25 00:00:00+00:00,NPT3,Newport,Urban Background,2.9785833333333334,5.367708333333333,19.765665,4,5.375,-2.3964166666666666
2025-11-25 00:00:00+00:00,PT4,Port Talbot Margam,Urban Industrial,5.541666666666667,4.227125,12.747649166666667,4,4.093458333333333,1.4482083333333335
2025-11-25 00:00:00+00:00,SWA1,Swansea Roadside,Urban Traffic,,12.761874999999998,29.436816250000003,5,5.208333333333333,
2025-11-25 00:00:00+00:00,WREX,Wrexham,Urban Traffic,,,22.648453333333332,5,5.208333333333333,
2025-11-26 00:00:00+00:00,CARD,Cardiff Centre,Urban Background,7.75,10.064583333333333,27.100305833333334,5,4.3478260869565215,3.4021739130434785
2025-11-26 00:00:00+00:00,CHP,Chepstow A48,Urban Traffic,9.666666666666666,11.151583333333333,33.61894791666666,5,4.3478260869565215,5.318840579710145
2025-11-26 00:00:00+00:00,PEMB,Narberth,Rural Background,1.7089583333333334,3.3708333333333336,2.1361478260869564,5,5.910958333333333,-4.202
2025-11-26 00:00:00+00:00,NPT3,Newport,Urban Background,5.910958333333333,9.138541666666667,19.400077826086957,5,4.3478260869565215,1.5631322463768118
2025-11-26 00:00:00+00:00,PT4,Port Talbot Margam,Urban Industrial,4.3478260869565215,5.335173913043478,21.516354347826088,5,5.910958333333333,-1.5631322463768118
2025-11-26 00:00:00+00:00,SWA1,Swansea Roadside,Urban Traffic,,14.372166666666667,23.67178,6,5.129392210144927,
2025-11-26 00:00:00+00:00,WREX,Wrexham,Urban Traffic,3.7088750000000004,5.652083333333334,23.056565000000003,5,5.910958333333333,-2.202083333333333
2025-11-27 00:00:00+00:00,CARD,Cardiff Centre,Urban Background,5.416666666666667,12.641166666666665,10.998375416666667,5,4.177458333333333,1.239208333333334
2025-11-27 00:00:00+00:00,CHP,Chepstow A48,Urban Traffic,5.291666666666667,9.178791666666667,22.122895416666665,5,4.177458333333333,1.114208333333334
2025-11-27 00:00:00+00:00,PEMB,Narberth,Rural Background,4.177458333333333,7.339583333333334,1.1953291666666666,5,5.291666666666667,-1.114208333333334
2025-11-27 00:00:00+00:00,NPT3,Newport,Urban Background,3.906333333333333,8.49375,,5,5.291666666666667,-1.385333333333334
2025-11-27 00:00:00+00:00,PT4,Port Talbot Margam,Urban Industrial,6.375,16.063125,5.903991666666666,5,4.177458333333333,2.197541666666667
2025-11-27 00:00:00+00:00,SWA1,Swansea Roadside,Urban Traffic,,9.94375,5.593582916666667,6,4.7345625,
2025-11-27 00:00:00+00:00,WREX,Wrexham,Urban Traffic,2.6110416666666665,5.017708333333333,7.938050833333333,5,5.291666666666667,-2.6806250000000005
2025-11-28 00:00:00+00:00,CARD,Cardiff Centre,Urban Background,8.5,23.02779166666667,11.091791666666666,5,8.166666666666666,0.3333333333333339
2025-11-28 00:00:00+00:00,CHP,Chepstow A48,Urban Traffic,8.833333333333334,20.571916666666667,24.660913333333337,5,8.166666666666666,0.6666666666666679
2025-11-28 00:00:00+00:00,PEMB,Narberth,Rural Background,7.738791666666667,14.7125,1.1323670833333332,5,8.5,-0.7612083333333333
2025-11-28 00:00:00+00:00,NPT3,Newport,Urban Background,9.393791666666667,20.735416666666666,,5,8.166666666666666,1.227125000000001
2025-11-28 00:00:00+00:00,PT4,Port Talbot Margam,Urban Industrial,8.166666666666666,26.40941666666667,4.726376666666667,5,8.5,-0.3333333333333339
2025-11-28 00:00:00+00:00,SWA1,Swansea Roadside,Urban Traffic,,22.464083333333335,10.462520833333333,6,8.333333333333332,
2025-11-28 00:00:00+00:00,WREX,Wrexham,Urban Traffic,6.712791666666667,12.709375,6.160139583333333,5,8.5,-1.787208333333333
2025-11-29 00:00:00+00:00,CARD,Cardiff Centre,Urban Background,5.583333333333333,8.897041666666667,15.55118,5,2.8655416666666667,2.7177916666666664
2025-11-29 00:00:00+00:00,CHP,Chepstow A48,Urban Traffic,5.75,10.265916666666667,22.5259975,5,2.8655416666666667,2.8844583333333333
2025-11-29 00:00:00+00:00,PEMB,Narberth,Rural Background,2.190541666666667,4.658333333333333,1.54568625,5,3.5416666666666665,-1.3511249999999997
2025-11-29 00:00:00+00:00,NPT3,Newport,Urban Background,2.8331666666666666,5.419791666666668,,5,3.5416666666666665,-0.7084999999999999
2025-11-29 00:00:00+00:00,PT4,Port Talbot Margam,Urban Industrial,3.5416666666666665,7.327041666666666,11.763655416666666,5,2.8655416666666667,0.6761249999999999
2025-11-29 00:00:00+00:00,SWA1,Swansea Roadside,Urban Traffic,,6.521791666666666,11.393327916666665,6,3.2036041666666666,
2025-11-29 00:00:00+00:00,WREX,Wrexham,Urban Traffic,2.8655416666666667,4.625,12.62497,5,3.5416666666666665,-0.6761249999999999
2025-11-30 00:00:00+00:00,CARD,Cardiff Centre,Urban Background,6.166666666666667,10.467208333333334,16.81325875,5,4.721,1.4456666666666669
2025-11-30 00:00:00+00:00,CHP,Chepstow A48,Urban Traffic,6.791666666666667,11.191749999999999,25.032622916666668,5,4.721,2.070666666666667
2025-11-30 00:00:00+00:00,PEMB,Narberth,Rural Background,3.05725,6.961458333333333,1.0474808333333334,5,6.083333333333333,-3.0260833333333332
2025-11-30 00:00:00+00:00,NPT3,Newport,Urban Background,3.529875,8.28125,,5,6.083333333333333,-2.553458333333333
2025-11-30 00:00:00+00:00,PT4,Port Talbot Margam,Urban Industrial,6.083333333333333,10.668583333333332,9.016341666666667,5,4.721,1.362333333333333
2025-11-30 00:00:00+00:00,SWA1,Swansea Roadside,Urban Traffic,,10.70875,15.967694583333333,6,5.402166666666666,
2025-11-30 00:00:00+00:00,WREX,Wrexham,Urban Traffic,4.721,7.210416666666667,10.7327325,5,6.083333333333333,-1.362333333333333
2025-12-01 00:00:00+00:00,CARD,Cardiff Centre,Urban Background,3.5416666666666665,8.051666666666668,11.089073749999999,5,4.620708333333334,-1.0790416666666673
2025-12-01 00:00:00+00:00,CHP,Chepstow A48,Urban Traffic,5.208333333333333,8.977541666666667,14.21250125,5,3.733333333333333,1.475
2025-12-01 00:00:00+00:00,PEMB,Narberth,Rural Background,4.620708333333334,7.29375,0.8245741666666667,5,3.733333333333333,0.8873750000000009
2025-12-01 00:00:00+00:00,NPT3,Newport,Urban Background,3.733333333333333,8.30625,,5,4.620708333333334,-0.8873750000000009
2025-12-01 00:00:00+00:00,PT4,Port Talbot Margam,Urban Industrial,5.75,18.27725,7.088995833333333,5,3.733333333333333,2.016666666666667
2025-12-01 00:00:00+00:00,SWA1,Swansea Roadside,Urban Traffic,,12.198333333333332,5.333410416666666,6,4.177020833333334,
2025-12-01 00:00:00+00:00,WREX,Wrexham,Urban Traffic,0.9356249999999999,1.7104166666666665,8.345505833333334,5,4.620708333333334,-3.685083333333334
2025-12-02 00:00:00+00:00,CARD,Cardiff Centre,Urban Background,5.875,11.191791666666667,24.864850833333335,5,6.207833333333333,-0.3328333333333333
2025-12-02 00:00:00+00:00,CHP,Chepstow A48,Urban Traffic,9.041666666666666,16.022791666666667,42.55270708333333,5,5.875,3.166666666666666
2025-12-02 00:00:00+00:00,PEMB,Narberth,Rural Background,2.7172083333333332,5.727083333333334,2.2299775,5,6.207833333333333,-3.490625
2025-12-02 00:00:00+00:00,NPT3,Newport,Urban Background,6.207833333333333,11.371875000000001,,5,5.875,0.3328333333333333
2025-12-02 00:00:00+00:00,PT4,Port Talbot Margam,Urban Industrial,6.458333333333333,13.566916666666666,14.606694583333335,5,5.875,0.583333333333333
2025-12-02 00:00:00+00:00,SWA1,Swansea Roadside,Urban Traffic,,10.668333333333335,26.653510416666666,6,6.041416666666667,
2025-12-02 00:00:00+00:00,WREX,Wrexham,Urban Traffic,4.3101666666666665,7.2749999999999995,22.206428260869565,5,6.207833333333333,-1.8976666666666668
2025-12-03 00:00:00+00:00,CARD,Cardiff Centre,Urban Background,8.916666666666666,12.681291666666667,35.384815,5,5.083333333333333,3.833333333333333
2025-12-03 00:00:00+00:00,CHP,Chepstow A48,Urban Traffic,11.434782608695652,12.938695652173912,47.459392173913045,5,5.083333333333333,6.351449275362319
2025-12-03 00:00:00+00:00,PEMB,Narberth,Rural Background,3.42775,8.020833333333334,1.5643229166666668,5,5.724333333333333,-2.296583333333333
2025-12-03 00:00:00+00:00,NPT3,Newport,Urban Background,5.724333333333333,8.595833333333333,,5,5.083333333333333,0.641
2025-12-03 00:00:00+00:00,PT4,Port Talbot Margam,Urban Industrial,5.083333333333333,12.560583333333334,20.556414583333332,5,5.724333333333333,-0.641
2025-12-03 00:00:00+00:00,SWA1,Swansea Roadside,Urban Traffic,,9.058166666666667,29.672805416666666,6,5.403833333333333,
2025-12-03 00:00:00+00:00,WREX,Wrexham,Urban Traffic,5.063916666666667,7.121875,23.867144999999997,5,5.724333333333333,-0.6604166666666664
2025-12-04 00:00:00+00:00,CARD,Cardiff Centre,Urban Background,9.090909090909092,14.580772727272727,32.36107863636364,5,5.626,3.4649090909090914
2025-12-04 00:00:00+00:00,CHP,Chepstow A48,Urban Traffic,9.75,14.130666666666668,42.666951250000004,5,5.626,4.124
2025-12-04 00:00:00+00:00,PEMB,Narberth,Rural Background,3.93675,8.495833333333334,2.1323025,5,9.090909090909092,-5.154159090909092
2025-12-04 00:00:00+00:00,NPT3,Newport,Urban Background,5.626,9.735416666666667,,5,9.090909090909092,-3.4649090909090914
2025-12-04 00:00:00+00:00,PT4,Port Talbot Margam,Urban Industrial,10.291666666666666,15.740958333333333,22.687424583333335,5,5.626,4.665666666666666
2025-12-04 00:00:00+00:00,SWA1,Swansea Roadside,Urban Traffic,,17.270791666666668,34.36070875,6,7.358454545454546,
2025-12-04 00:00:00+00:00,WREX,Wrexham,Urban Traffic,5.067916666666666,7.526041666666667,17.218656666666664,5,9.090909090909092,-4.0229924242424255
2025-12-05 00:00:00+00:00,CARD,Cardiff Centre,Urban Background,7.833333333333333,15.821541666666667,22.49830125,5,6.352250000000001,1.4810833333333324
2025-12-05 00:00:00+00:00,CHP,Chepstow A48,Urban Traffic,8.083333333333334,13.446208333333333,30.2034625,5,6.352250000000001,1.7310833333333333
2025-12-05 00:00:00+00:00,PEMB,Narberth,Rural Background,6.5075,12.038541666666667,1.41585875,5,6.352250000000001,0.15524999999999967
2025-12-05 00:00:00+00:00,NPT3,Newport,Urban Background,6.352250000000001,11.551041666666668,,5,6.5075,-0.15524999999999967
2025-12-05 00:00:00+00:00,PT4,Port Talbot Margam,Urban Industrial,5.791666666666667,17.512333333333334,11.643085416666667,5,6.5075,-0.7158333333333333
2025-12-05 00:00:00+00:00,SWA1,Swansea Roadside,Urban Traffic,,18.639625,17.936122916666665,6,6.429875000000001,
2025-12-05 00:00:00+00:00,WREX,Wrexham,Urban Traffic,3.9062916666666667,6.260416666666667,17.638605000000002,5,6.5075,-2.6012083333333336
2025-12-06 00:00:00+00:00,CARD,Cardiff Centre,Urban Background,10.833333333333334,25.684791666666666,9.196176666666666,5,9.944041666666667,0.8892916666666668
2025-12-06 00:00:00+00:00,CHP,Chepstow A48,Urban Traffic,9.416666666666666,20.330416666666668,17.131314166666666,5,9.99225,-0.5755833333333342
2025-12-06 00:00:00+00:00,PEMB,Narberth,Rural Background,9.99225,16.889583333333334,1.0204,5,9.944041666666667,0.048208333333333186
2025-12-06 00:00:00+00:00,NPT3,Newport,Urban Background,9.944041666666667,18.963541666666668,,5,9.99225,-0.048208333333333186
2025-12-06 00:00:00+00:00,PT4,Port Talbot Margam,Urban Industrial,11.833333333333334,32.24691666666667,2.34621875,5,9.944041666666667,1.8892916666666668
2025-12-06 00:00:00+00:00,SWA1,Swansea Roadside,Urban Traffic,,26.168000000000003,4.633224583333333,6,9.968145833333335,
2025-12-06 00:00:00+00:00,WREX,Wrexham,Urban Traffic,3.4315833333333337,5.41875,7.317365416666667,5,9.99225,-6.560666666666666
2025-12-07 00:00:00+00:00,CARD,Cardiff Centre,Urban Background,6.708333333333333,11.071125,11.371303750000001,5,4.442958333333333,2.2653749999999997
2025-12-07 00:00:00+00:00,CHP,Chepstow A48,Urban Traffic,7.208333333333333,10.708708333333334,20.558275833333333,5,4.442958333333333,2.7653749999999997
2025-12-07 00:00:00+00:00,PEMB,Narberth,Rural Background,3.249916666666667,5.619791666666667,0.9068062499999999,5,5.0,-1.750083333333333
2025-12-07 00:00:00+00:00,NPT3,Newport,Urban Background,4.442958333333333,8.460416666666667,,5,5.0,-0.5570416666666667
2025-12-07 00:00:00+00:00,PT4,Port Talbot Margam,Urban Industrial,5.0,13.768375,5.28396125,5,4.442958333333333,0.5570416666666667
2025-12-07 00:00:00+00:00,SWA1,Swansea Roadside,Urban Traffic,,11.876291666666667,13.381975416666668,6,4.721479166666667,
2025-12-07 00:00:00+00:00,WREX,Wrexham,Urban Traffic,3.582875,6.216666666666666,8.914738333333334,5,5.0,-1.417125
2025-12-08 00:00:00+00:00,CARD,Cardiff Centre,Urban Background,6.833333333333333,11.151458333333332,14.182859166666667,5,7.833333333333333,-1.0
2025-12-08 00:00:00+00:00,CHP,Chepstow A48,Urban Traffic,7.958333333333333,13.365791666666667,20.382549166666667,5,6.833333333333333,1.125
2025-12-08 00:00:00+00:00,PEMB,Narberth,Rural Background,8.711708333333332,14.371875000000001,1.3612404166666667,5,6.833333333333333,1.8783749999999992
2025-12-08 00:00:00+00:00,NPT3,Newport,Urban Background,5.66525,10.303125,,5,7.833333333333333,-2.1680833333333327
2025-12-08 00:00:00+00:00,PT4,Port Talbot Margam,Urban Industrial,7.833333333333333,20.451291666666666,12.655923333333334,5,6.833333333333333,1.0
2025-12-08 00:00:00+00:00,SWA1,Swansea Roadside,Urban Traffic,,19.847375,17.801384583333334,6,7.333333333333333,
2025-12-08 00:00:00+00:00,WREX,Wrexham,Urban Traffic,6.5084583333333335,10.628124999999999,15.643910833333335,5,7.833333333333333,-1.3248749999999996
2025-12-09 00:00:00+00:00,CARD,Cardiff Centre,Urban Background,6.041666666666667,14.694250000000002,9.408509583333332,5,7.791666666666667,-1.75
2025-12-09 00:00:00+00:00,CHP,Chepstow A48,Urban Traffic,7.791666666666667,13.889083333333334,11.856079583333333,5,6.171499999999999,1.6201666666666679
2025-12-09 00:00:00+00:00,PEMB,Narberth,Rural Background,8.69390909090909,14.090909090909092,0.8042857142857143,5,6.171499999999999,2.5224090909090906
2025-12-09 00:00:00+00:00,NPT3,Newport,Urban Background,6.171499999999999,13.740625,,5,7.791666666666667,-1.6201666666666679
2025-12-09 00:00:00+00:00,PT4,Port Talbot Margam,Urban Industrial,8.625,27.69775,9.484913333333333,5,6.171499999999999,2.453500000000001
2025-12-09 00:00:00+00:00,SWA1,Swansea Roadside,Urban Traffic,,24.449,5.964392608695652,6,6.981583333333333,
2025-12-09 00:00:00+00:00,WREX,Wrexham,Urban Traffic,3.1515,5.461458333333333,8.017792083333333,5,7.791666666666667,-4.640166666666667
2025-12-10 00:00:00+00:00,CARD,Cardiff Centre,Urban Background,10.25,26.489958333333334,10.302567916666666,5,10.225083333333332,0.02491666666666781
2025-12-10 00:00:00+00:00,CHP,Chepstow A48,Urban Traffic,11.208333333333334,23.591458333333335,22.971705416666666,5,10.225083333333332,0.9832500000000017
2025-12-10 00:00:00+00:00,PEMB,Narberth,Rural Background,10.225083333333332,18.875,1.254755,5,10.25,-0.02491666666666781
2025-12-10 00:00:00+00:00,NPT3,Newport,Urban Background,10.555166666666667,22.735416666666666,,5,10.225083333333332,0.3300833333333344
2025-12-10 00:00:00+00:00,PT4,Port Talbot Margam,Urban Industrial,10.0,36.67360869565218,6.522527826086957,5,10.25,-0.25
2025-12-10 00:00:00+00:00,SWA1,Swansea Roadside,Urban Traffic,,31.159916666666664,9.607179166666667,6,10.237541666666665,
2025-12-10 00:00:00+00:00,WREX,Wrexham,Urban Traffic,7.397875,13.538541666666667,8.298601666666666,5,10.25,-2.852125
2025-12-11 00:00:00+00:00,CARD,Cardiff Centre,Urban Background,7.875,17.592875,18.67444791666667,5,7.125,0.75
2025-12-11 00:00:00+00:00,CHP,Chepstow A48,Urban Traffic,9.791666666666666,17.713583333333332,23.99389958333333,5,7.125,2.666666666666666
2025-12-11 00:00:00+00:00,PEMB,Narberth,Rural Background,7.579625,13.901041666666666,2.2432975,5,7.125,0.45462500000000006
2025-12-11 00:00:00+00:00,NPT3,Newport,Urban Background,6.9448333333333325,14.0,,5,7.579625,-0.6347916666666675
2025-12-11 00:00:00+00:00,PT4,Port Talbot Margam,Urban Industrial,7.125,16.828,11.626162916666667,5,7.579625,-0.45462500000000006
2025-12-11 00:00:00+00:00,SWA1,Swansea Roadside,Urban Traffic,,21.860333333333333,20.193045833333333,6,7.3523125,
2025-12-11 00:00:00+00:00,WREX,Wrexham,Urban Traffic,5.3970416666666665,9.731250000000001,15.28598375,5,7.579625,-2.1825833333333335
2025-12-12 00:00:00+00:00,CARD,Cardiff Centre,Urban Background,10.541666666666666,16.747541666666667,29.97734375,5,7.600333333333334,2.941333333333332
2025-12-12 00:00:00+00:00,CHP,Chepstow A48,Urban Traffic,8.625,13.325541666666666,33.32049833333333,5,7.600333333333334,1.0246666666666657
2025-12-12 00:00:00+00:00,PEMB,Narberth,Rural Background,3.8532500000000005,9.182291666666666,4.216004166666667,5,8.625,-4.771749999999999
2025-12-12 00:00:00+00:00,NPT3,Newport,Urban Background,7.600333333333334,11.971874999999999,,5,8.625,-1.0246666666666657
2025-12-12 00:00:00+00:00,PT4,Port Talbot Margam,Urban Industrial,15.666666666666666,21.53825,23.76225666666667,5,7.600333333333334,8.066333333333333
2025-12-12 00:00:00+00:00,SWA1,Swansea Roadside,Urban Traffic,,17.51245833333333,35.87085125,6,8.112666666666668,
2025-12-12 00:00:00+00:00,WREX,Wrexham,Urban Traffic,4.266791666666667,7.203125,25.2140175,5,8.625,-4.358208333333333
2025-12-13 00:00:00+00:00,CARD,Cardiff Centre,Urban Background,11.5,15.17725,26.907414583333335,5,4.791666666666667,6.708333333333333
2025-12-13 00:00:00+00:00,CHP,Chepstow A48,Urban Traffic,8.375,12.158,28.763267916666667,5,4.791666666666667,3.583333333333333
2025-12-13 00:00:00+00:00,PEMB,Narberth,Rural Background,4.1302916666666665,8.815624999999999,0.9068578260869565,5,7.3624583333333335,-3.232166666666667
2025-12-13 00:00:00+00:00,NPT3,Newport,Urban Background,7.3624583333333335,11.302083333333334,,5,4.791666666666667,2.5707916666666666
2025-12-13 00:00:00+00:00,PT4,Port Talbot Margam,Urban Industrial,4.791666666666667,18.357833333333335,11.523025833333334,5,7.3624583333333335,-2.5707916666666666
2025-12-13 00:00:00+00:00,SWA1,Swansea Roadside,Urban Traffic,,17.150000000000002,22.06613,6,6.0770625,
2025-12-13 00:00:00+00:00,WREX,Wrexham,Urban Traffic,3.671375,6.59375,14.202313333333334,5,7.3624583333333335,-3.6910833333333337
2025-12-14 00:00:00+00:00,CARD,Cardiff Centre,Urban Background,6.958333333333333,13.687791666666667,14.002127083333333,5,6.196000000000001,0.7623333333333324
2025-12-14 00:00:00+00:00,CHP,Chepstow A48,Urban Traffic,7.416666666666667,15.8215,12.911130833333333,5,6.196000000000001,1.2206666666666663
2025-12-14 00:00:00+00:00,PEMB,Narberth,Rural Background,6.196000000000001,10.067708333333334,1.4737766666666667,5,6.958333333333333,-0.7623333333333324
2025-12-14 00:00:00+00:00,NPT3,Newport,Urban Background,5.511125,11.317708333333334,,5,6.958333333333333,-1.4472083333333332
2025-12-14 00:00:00+00:00,PT4,Port Talbot Margam,Urban Industrial,7.166666666666667,19.404500000000002,9.891435,5,6.196000000000001,0.9706666666666663
2025-12-14 00:00:00+00:00,SWA1,Swansea Roadside,Urban Traffic,,16.546208333333333,10.906429166666667,6,6.577166666666667,
2025-12-14 00:00:00+00:00,WREX,Wrexham,Urban Traffic,3.189791666666667,5.614583333333333,5.672039166666667,5,6.958333333333333,-3.7685416666666662
2025-12-15 00:00:00+00:00,CARD,Cardiff Centre,Urban Background,8.173913043478262,11.675041666666667,25.44230208333333,5,5.041666666666667,3.1322463768115947
2025-12-15 00:00:00+00:00,CHP,Chepstow A48,Urban Traffic,8.916666666666666,10.54775,,5,5.041666666666667,3.874999999999999
2025-12-15 00:00:00+00:00,PEMB,Narberth,Rural Background,2.228217391304348,3.909782608695652,2.6015866666666665,5,6.609708333333334,-4.381490942028986
2025-12-15 00:00:00+00:00,NPT3,Newport,Urban Background,6.609708333333334,10.655208333333333,,5,5.041666666666667,1.5680416666666668
2025-12-15 00:00:00+00:00,PT4,Port Talbot Margam,Urban Industrial,5.041666666666667,8.011375,19.692457916666665,5,6.609708333333334,-1.5680416666666668
2025-12-15 00:00:00+00:00,SWA1,Swansea Roadside,Urban Traffic,,8.574958333333333,27.9511675,6,5.825687500000001,
2025-12-15 00:00:00+00:00,WREX,Wrexham,Urban Traffic,3.16625,4.809375,28.396867916666668,5,6.609708333333334,-3.443458333333334
2025-12-16 00:00:00+00:00,CARD,Cardiff Centre,Urban Background,8.375,11.030666666666667,30.2074925,5,6.286416666666667,2.0885833333333332
2025-12-16 00:00:00+00:00,CHP,Chepstow A48,Urban Traffic,8.272727272727273,11.594380952380952,,5,6.286416666666667,1.9863106060606066
2025-12-16 00:00:00+00:00,PEMB,Narberth,Rural Background,3.515125,7.413541666666667,3.6880520833333335,5,7.68875,-4.1736249999999995
2025-12-16 00:00:00+00:00,NPT3,Newport,Urban Background,7.68875,11.429166666666667,,5,6.286416666666667,1.402333333333333
2025-12-16 00:00:00+00:00,PT4,Port Talbot Margam,Urban Industrial,6.136363636363637,8.534791666666667,16.087159583333335,5,7.68875,-1.552386363636363
2025-12-16 00:00:00+00:00,SWA1,Swansea Roadside,Urban Traffic,,14.734499999999999,28.875116666666667,6,6.987583333333333,
2025-12-16 00:00:00+00:00,WREX,Wrexham,Urban Traffic,6.286416666666667,9.761458333333334,25.488415217391307,5,7.68875,-1.402333333333333
2025-12-17 00:00:00+00:00,CARD,Cardiff Centre,Urban Background,5.875,10.950249999999999,16.080174166666666,5,5.375,0.5
2025-12-17 00:00:00+00:00,CHP,Chepstow A48,Urban Traffic,6.25,10.547625,,5,5.375,0.875
2025-12-17 00:00:00+00:00,PEMB,Narberth,Rural Background,2.687791666666667,4.891666666666667,1.3575470833333334,5,5.875,-3.187208333333333
2025-12-17 00:00:00+00:00,NPT3,Newport,Urban Background,12.071583333333335,17.666666666666668,,5,5.375,6.696583333333335
2025-12-17 00:00:00+00:00,PT4,Port Talbot Margam,Urban Industrial,5.375,11.795708333333332,14.458159166666666,5,5.875,-0.5
2025-12-17 00:00:00+00:00,SWA1,Swansea Roadside,Urban Traffic,,16.626749999999998,12.66268625,6,5.625,
2025-12-17 00:00:00+00:00,WREX,Wrexham,Urban Traffic,2.3251666666666666,3.579166666666667,11.960337500000001,5,5.875,-3.5498333333333334
2025-12-18 00:00:00+00:00,CARD,Cardiff Centre,Urban Background,6.9523809523809526,11.342434782608695,23.941955217391307,5,5.279083333333333,1.6732976190476192
2025-12-18 00:00:00+00:00,CHP,Chepstow A48,Urban Traffic,4.863636363636363,10.97959090909091,,5,6.12625,-1.2626136363636364
2025-12-18 00:00:00+00:00,PEMB,Narberth,Rural Background,6.12625,10.973958333333334,1.23271625,5,5.279083333333333,0.8471666666666664
2025-12-18 00:00:00+00:00,NPT3,Newport,Urban Background,4.964625,9.892708333333333,,5,6.12625,-1.161625
2025-12-18 00:00:00+00:00,PT4,Port Talbot Margam,Urban Industrial,6.208333333333333,17.109791666666666,13.2216875,5,5.279083333333333,0.9292499999999997
2025-12-18 00:00:00+00:00,SWA1,Swansea Roadside,Urban Traffic,,15.86175,24.593802083333333,6,5.7026666666666666,
2025-12-18 00:00:00+00:00,WREX,Wrexham,Urban Traffic,5.279083333333333,8.592708333333333,20.550117916666668,5,6.12625,-0.8471666666666664
2025-12-19 00:00:00+00:00,CARD,Cardiff Centre,Urban Background,9.0,15.740958333333333,13.835792916666668,5,6.708333333333333,2.291666666666667
2025-12-19 00:00:00+00:00,CHP,Chepstow A48,Urban Traffic,6.708333333333333,17.02925,32.71749833333333,5,6.791666666666667,-0.08333333333333393
2025-12-19 00:00:00+00:00,PEMB,Narberth,Rural Background,5.2555000000000005,10.553125,1.4576216666666666,5,6.791666666666667,-1.5361666666666665
2025-12-19 00:00:00+00:00,NPT3,Newport,Urban Background,6.913333333333333,14.161458333333334,,5,6.708333333333333,0.20500000000000007
2025-12-19 00:00:00+00:00,PT4,Port Talbot Margam,Urban Industrial,6.791666666666667,21.377166666666668,8.656554583333333,5,6.708333333333333,0.08333333333333393
2025-12-19 00:00:00+00:00,SWA1,Swansea Roadside,Urban Traffic,,16.385166666666667,19.07390375,6,6.75,
2025-12-19 00:00:00+00:00,WREX,Wrexham,Urban Traffic,5.385375,9.215625000000001,15.073970416666667,5,6.791666666666667,-1.4062916666666672
2025-12-20 00:00:00+00:00,CARD,Cardiff Centre,Urban Background,7.708333333333333,12.681375000000001,14.549900416666667,5,5.367625,2.3407083333333327
2025-12-20 00:00:00+00:00,CHP,Chepstow A48,Urban Traffic,6.5,12.76175,24.683427500000004,5,5.367625,1.1323749999999997
2025-12-20 00:00:00+00:00,PEMB,Narberth,Rural Background,5.237916666666667,10.280208333333333,1.5264158333333333,5,6.5,-1.262083333333333
2025-12-20 00:00:00+00:00,NPT3,Newport,Urban Background,5.367625,8.707291666666666,,5,6.5,-1.1323749999999997
2025-12-20 00:00:00+00:00,PT4,Port Talbot Margam,Urban Industrial,5.291666666666667,10.145125,4.933477083333334,5,6.5,-1.208333333333333
2025-12-20 00:00:00+00:00,SWA1,Swansea Roadside,Urban Traffic,,13.36575,17.964727916666664,6,5.9338125,
2025-12-20 00:00:00+00:00,WREX,Wrexham,Urban Traffic,6.964541666666666,9.819791666666667,15.8011575,5,5.367625,1.596916666666666
2025-12-21 00:00:00+00:00,CARD,Cardiff Centre,Urban Background,6.458333333333333,6.803666666666667,13.947463333333333,5,6.385625,0.07270833333333293
2025-12-21 00:00:00+00:00,CHP,Chepstow A48,Urban Traffic,6.958333333333333,11.151375,16.221037499999998,5,6.385625,0.5727083333333329
2025-12-21 00:00:00+00:00,PEMB,Narberth,Rural Background,3.8157083333333333,5.964583333333334,2.6360604166666666,5,6.458333333333333,-2.642625
2025-12-21 00:00:00+00:00,NPT3,Newport,Urban Background,6.385625,8.846874999999999,,5,6.458333333333333,-0.07270833333333293
2025-12-21 00:00:00+00:00,PT4,Port Talbot Margam,Urban Industrial,3.75,4.428416666666666,5.261021666666667,5,6.458333333333333,-2.708333333333333
2025-12-21 00:00:00+00:00,SWA1,Swansea Roadside,Urban Traffic,,6.803583333333333,27.598525416666664,6,6.421979166666667,
2025-12-21 00:00:00+00:00,WREX,Wrexham,Urban Traffic,11.323916666666667,13.233333333333334,20.661100833333332,5,6.385625,4.938291666666667
2025-12-22 00:00:00+00:00,CARD,Cardiff Centre,Urban Background,7.5,10.024333333333333,17.017985416666665,5,7.93925,-0.43925000000000036
2025-12-22 00:00:00+00:00,CHP,Chepstow A48,Urban Traffic,10.333333333333334,17.472125000000002,25.974621666666664,5,7.5,2.833333333333334
2025-12-22 00:00:00+00:00,PEMB,Narberth,Rural Background,3.36375,5.401041666666667,4.18995125,5,7.93925,-4.5755
2025-12-22 00:00:00+00:00,NPT3,Newport,Urban Background,7.93925,11.975,,5,7.5,0.43925000000000036
2025-12-22 00:00:00+00:00,PT4,Port Talbot Margam,Urban Industrial,5.333333333333333,6.884166666666666,8.485768333333334,5,7.93925,-2.6059166666666673
2025-12-22 00:00:00+00:00,SWA1,Swansea Roadside,Urban Traffic,,7.6490833333333335,23.367790416666665,6,7.719625000000001,
2025-12-22 00:00:00+00:00,WREX,Wrexham,Urban Traffic,18.330458333333333,22.62708333333333,21.521016250000002,5,7.5,10.830458333333333
2025-12-23 00:00:00+00:00,CARD,Cardiff Centre,Urban Background,17.291666666666668,18.599291666666666,15.694448260869565,5,16.458333333333332,0.8333333333333357
2025-12-23 00:00:00+00:00,CHP,Chepstow A48,Urban Traffic,16.458333333333332,22.705708333333334,19.20913583333333,5,17.106916666666667,-0.6485833333333346
2025-12-23 00:00:00+00:00,PEMB,Narberth,Rural Background,12.966916666666668,14.887500000000001,8.113526666666667,5,17.106916666666667,-4.139999999999999
2025-12-23 00:00:00+00:00,NPT3,Newport,Urban Background,17.158125000000002,20.90625,,5,16.458333333333332,0.6997916666666697
2025-12-23 00:00:00+00:00,PT4,Port Talbot Margam,Urban Industrial,9.782608695652174,12.472772727272728,10.451644090909092,5,17.106916666666667,-7.324307971014493
2025-12-23 00:00:00+00:00,SWA1,Swansea Roadside,Urban Traffic,,13.395181818181818,21.27217347826087,6,16.782625,
2025-12-23 00:00:00+00:00,WREX,Wrexham,Urban Traffic,17.106916666666667,21.636458333333334,25.908903478260868,5,16.458333333333332,0.6485833333333346
2025-12-24 00:00:00+00:00,CARD,Cardiff Centre,Urban Background,7.333333333333333,9.500958333333333,7.863898333333334,5,6.6766250000000005,0.6567083333333326
2025-12-24 00:00:00+00:00,CHP,Chepstow A48,Urban Traffic,8.708333333333334,14.009958333333332,10.867959583333333,5,6.6766250000000005,2.0317083333333334
2025-12-24 00:00:00+00:00,PEMB,Narberth,Rural Background,5.782374999999999,7.611458333333334,2.946881904761905,5,7.333333333333333,-1.5509583333333339
2025-12-24 00:00:00+00:00,NPT3,Newport,Urban Background,6.5605416666666665,9.771875,,5,7.333333333333333,-0.7727916666666665
2025-12-24 00:00:00+00:00,PT4,Port Talbot Margam,Urban Industrial,7.625,7.327000000000001,6.029913333333333,5,6.6766250000000005,0.9483749999999995
2025-12-24 00:00:00+00:00,SWA1,Swansea Roadside,Urban Traffic,,9.138666666666667,13.380057083333334,6,7.004979166666667,
2025-12-24 00:00:00+00:00,WREX,Wrexham,Urban Traffic,6.6766250000000005,12.115625,23.039495000000002,5,7.333333333333333,-0.6567083333333326
2025-12-25 00:00:00+00:00,CARD,Cardiff Centre,Urban Background,5.208333333333333,11.51375,3.847265833333333,5,5.2683333333333335,-0.0600000000000005
2025-12-25 00:00:00+00:00,CHP,Chepstow A48,Urban Traffic,8.045454545454545,15.539666666666667,5.056909130434782,5,5.208333333333333,2.837121212121212
2025-12-25 00:00:00+00:00,PEMB,Narberth,Rural Background,3.2055833333333332,5.419791666666666,,5,5.2683333333333335,-2.0627500000000003
2025-12-25 00:00:00+00:00,NPT3,Newport,Urban Background,4.909791666666666,10.522916666666667,3.6252421739130436,5,5.2683333333333335,-0.3585416666666674
2025-12-25 00:00:00+00:00,PT4,Port Talbot Margam,Urban Industrial,5.916666666666667,7.3269166666666665,1.6568566666666664,5,5.208333333333333,0.7083333333333339
2025-12-25 00:00:00+00:00,SWA1,Swansea Roadside,Urban Traffic,,9.822916666666666,4.99017,6,5.238333333333333,
2025-12-25 00:00:00+00:00,WREX,Wrexham,Urban Traffic,5.2683333333333335,9.75625,12.468014583333334,5,5.208333333333333,0.0600000000000005
2025-12-26 00:00:00+00:00,CARD,Cardiff Centre,Urban Background,8.458333333333334,14.493,8.172825833333333,5,8.260708333333334,0.19762500000000038
2025-12-26 00:00:00+00:00,CHP,Chepstow A48,Urban Traffic,8.75,18.35775,9.9889625,5,8.260708333333334,0.48929166666666646
2025-12-26 00:00:00+00:00,PEMB,Narberth,Rural Background,5.979708333333334,9.232291666666667,,5,8.458333333333334,-2.478625
2025-12-26 00:00:00+00:00,NPT3,Newport,Urban Background,8.260708333333334,14.367708333333333,7.139037916666666,5,8.458333333333334,-0.19762500000000038
2025-12-26 00:00:00+00:00,PT4,Port Talbot Margam,Urban Industrial,10.166666666666666,12.399583333333334,12.192475416666667,5,8.260708333333334,1.9059583333333325
2025-12-26 00:00:00+00:00,SWA1,Swansea Roadside,Urban Traffic,,12.560625,14.912401666666668,6,8.359520833333335,
2025-12-26 00:00:00+00:00,WREX,Wrexham,Urban Traffic,7.440041666666667,12.652083333333332,30.008321666666664,5,8.458333333333334,-1.0182916666666673
2025-12-27 00:00:00+00:00,CARD,Cardiff Centre,Urban Background,6.166666666666667,9.063857142857144,7.0040175,5,5.391304347826087,0.77536231884058
2025-12-27 00:00:00+00:00,CHP,Chepstow A48,Urban Traffic,5.391304347826087,10.829583333333334,9.615724583333334,5,5.416666666666667,-0.025362318840580045
2025-12-27 00:00:00+00:00,PEMB,Narberth,Rural Background,3.6734166666666668,5.094791666666667,,5,5.416666666666667,-1.7432500000000002
2025-12-27 00:00:00+00:00,NPT3,Newport,Urban Background,4.314041666666667,7.378125,6.575717916666666,5,5.416666666666667,-1.1026249999999997
2025-12-27 00:00:00+00:00,PT4,Port Talbot Margam,Urban Industrial,5.416666666666667,6.4411249999999995,8.95965125,5,5.391304347826087,0.025362318840580045
2025-12-27 00:00:00+00:00,SWA1,Swansea Roadside,Urban Traffic,,8.736125,12.065552916666666,6,5.403985507246377,
2025-12-27 00:00:00+00:00,WREX,Wrexham,Urban Traffic,6.184208333333333,8.2125,37.96146125,5,5.391304347826087,0.7929039855072464
2025-12-28 00:00:00+00:00,CARD,Cardiff Centre,Urban Background,7.0,13.687833333333332,5.447841666666666,5,6.208333333333333,0.791666666666667
2025-12-28 00:00:00+00:00,CHP,Chepstow A48,Urban Traffic,6.208333333333333,17.794208333333334,11.507699583333334,5,6.756208333333333,-0.5478750000000003
2025-12-28 00:00:00+00:00,PEMB,Narberth,Rural Background,5.6437083333333335,9.505208333333334,,5,6.756208333333333,-1.1124999999999998
2025-12-28 00:00:00+00:00,NPT3,Newport,Urban Background,6.756208333333333,13.397916666666667,6.727560833333334,5,6.208333333333333,0.5478750000000003
2025-12-28 00:00:00+00:00,PT4,Port Talbot Margam,Urban Industrial,5.458333333333333,10.668583333333332,4.709092083333333,5,6.756208333333333,-1.2978750000000003
2025-12-28 00:00:00+00:00,SWA1,Swansea Roadside,Urban Traffic,,15.01625,26.9872075,6,6.482270833333333,
2025-12-28 00:00:00+00:00,WREX,Wrexham,Urban Traffic,10.603416666666666,18.287499999999998,14.938721666666666,5,6.208333333333333,4.395083333333333
2025-12-29 00:00:00+00:00,CARD,Cardiff Centre,Urban Background,7.708333333333333,14.895583333333335,9.47499,5,6.437791666666667,1.2705416666666665
2025-12-29 00:00:00+00:00,CHP,Chepstow A48,Urban Traffic,6.708333333333333,19.646041666666665,15.256323333333334,5,6.437791666666667,0.27054166666666646
2025-12-29 00:00:00+00:00,PEMB,Narberth,Rural Background,6.437791666666667,9.608333333333333,,5,6.708333333333333,-0.27054166666666646
2025-12-29 00:00:00+00:00,NPT3,Newport,Urban Background,5.91,11.345833333333333,8.344490416666668,5,6.708333333333333,-0.7983333333333329
2025-12-29 00:00:00+00:00,PT4,Port Talbot Margam,Urban Industrial,6.0,9.621708333333332,5.8416958333333335,5,6.708333333333333,-0.708333333333333
2025-12-29 00:00:00+00:00,SWA1,Swansea Roadside,Urban Traffic,,19.525291666666668,28.92431125,6,6.5730625,
2025-12-29 00:00:00+00:00,WREX,Wrexham,Urban Traffic,10.012875,16.877083333333335,28.394301666666667,5,6.437791666666667,3.5750833333333327
2025-12-30 00:00:00+00:00,CARD,Cardiff Centre,Urban Background,8.166666666666666,12.761958333333332,15.246197826086958,5,6.540875,1.6257916666666663
2025-12-30 00:00:00+00:00,CHP,Chepstow A48,Urban Traffic,8.043478260869565,19.57608695652174,18.566363181818183,5,6.540875,1.5026032608695647
2025-12-30 00:00:00+00:00,PEMB,Narberth,Rural Background,4.502791666666667,6.848958333333333,,5,8.043478260869565,-3.5406865942028976
2025-12-30 00:00:00+00:00,NPT3,Newport,Urban Background,6.540875,11.301041666666668,13.110539583333333,5,8.043478260869565,-1.5026032608695647
2025-12-30 00:00:00+00:00,PT4,Port Talbot Margam,Urban Industrial,5.541666666666667,8.092,7.87371375,5,8.043478260869565,-2.5018115942028976
2025-12-30 00:00:00+00:00,SWA1,Swansea Roadside,Urban Traffic,,15.821458333333332,29.246792083333332,6,7.292176630434782,
2025-12-30 00:00:00+00:00,WREX,Wrexham,Urban Traffic,9.050708333333333,14.880208333333334,40.87146958333333,5,6.540875,2.509833333333333
2025-12-31 00:00:00+00:00,CARD,Cardiff Centre,Urban Background,15.75,18.800583333333332,37.08925833333333,5,7.75,8.0
2025-12-31 00:00:00+00:00,CHP,Chepstow A48,Urban Traffic,13.791666666666666,17.311041666666664,38.88926304347826,5,7.75,6.041666666666666
2025-12-31 00:00:00+00:00,PEMB,Narberth,Rural Background,3.8158333333333334,5.8031250000000005,,5,11.160708333333332,-7.344874999999998
2025-12-31 00:00:00+00:00,NPT3,Newport,Urban Background,11.160708333333332,14.71875,25.3996125,5,7.75,3.410708333333332
2025-12-31 00:00:00+00:00,PT4,Port Talbot Margam,Urban Industrial,7.75,10.426916666666667,22.020805416666665,5,11.160708333333332,-3.410708333333332
2025-12-31 00:00:00+00:00,SWA1,Swansea Roadside,Urban Traffic,,16.103333333333335,46.93967125,6,9.455354166666666,
2025-12-31 00:00:00+00:00,WREX,Wrexham,Urban Traffic,4.590083333333333,7.322916666666667,11.527110416666666,5,11.160708333333332,-6.570624999999999
2026-01-01 00:00:00+00:00,CARD,Cardiff Centre,Urban Background,9.166666666666666,11.232083333333334,14.116817916666667,5,5.361833333333333,3.804833333333333
2026-01-01 00:00:00+00:00,CHP,Chepstow A48,Urban Traffic,7.166666666666667,11.433416666666666,21.109382916666664,5,5.361833333333333,1.8048333333333337
2026-01-01 00:00:00+00:00,PEMB,Narberth,Rural Background,3.8109583333333332,7.514583333333333,1.4019718181818182,5,6.791666666666667,-2.9807083333333337
2026-01-01 00:00:00+00:00,NPT3,Newport,Urban Background,5.361833333333333,9.423958333333333,6.179254583333333,5,6.791666666666667,-1.4298333333333337
2026-01-01 00:00:00+00:00,PT4,Port Talbot Margam,Urban Industrial,6.791666666666667,9.7425,8.145167083333334,5,5.361833333333333,1.4298333333333337
2026-01-01 00:00:00+00:00,SWA1,Swansea Roadside,Urban Traffic,,9.782791666666666,10.681244583333333,6,6.0767500000000005,
2026-01-01 00:00:00+00:00,WREX,Wrexham,Urban Traffic,3.7775,6.78125,3.62889875,5,6.791666666666667,-3.014166666666667
2026-01-02 00:00:00+00:00,CARD,Cardiff Centre,Urban Background,6.541666666666667,10.54775,16.24648125,5,4.73275,1.8089166666666667
2026-01-02 00:00:00+00:00,CHP,Chepstow A48,Urban Traffic,6.291666666666667,16.022875,25.40763739130435,5,4.73275,1.5589166666666667
2026-01-02 00:00:00+00:00,PEMB,Narberth,Rural Background,4.323875,9.467708333333333,1.2785145833333333,5,4.916666666666667,-0.5927916666666668
2026-01-02 00:00:00+00:00,NPT3,Newport,Urban Background,4.73275,10.926041666666668,14.75392125,5,4.916666666666667,-0.18391666666666673
2026-01-02 00:00:00+00:00,PT4,Port Talbot Margam,Urban Industrial,4.916666666666667,10.628208333333333,15.755667083333334,5,4.73275,0.18391666666666673
2026-01-02 00:00:00+00:00,SWA1,Swansea Roadside,Urban Traffic,,10.507375,15.122074166666666,6,4.824708333333334,
2026-01-02 00:00:00+00:00,WREX,Wrexham,Urban Traffic,3.2931666666666666,6.8656250000000005,8.288831666666667,5,4.916666666666667,-1.6235000000000004
2026-01-03 00:00:00+00:00,CARD,Cardiff Centre,Urban Background,7.041666666666667,8.413958333333333,19.10628125,5,4.609875,2.4317916666666672
2026-01-03 00:00:00+00:00,CHP,Chepstow A48,Urban Traffic,5.958333333333333,15.459208333333335,18.956795416666665,5,4.609875,1.3484583333333333
2026-01-03 00:00:00+00:00,PEMB,Narberth,Rural Background,3.0208333333333335,6.007291666666667,1.1996170833333333,5,5.958333333333333,-2.9374999999999996
2026-01-03 00:00:00+00:00,NPT3,Newport,Urban Background,4.609875,11.695833333333333,15.520890416666667,5,5.958333333333333,-1.3484583333333333
2026-01-03 00:00:00+00:00,PT4,Port Talbot Margam,Urban Industrial,7.625,9.78275,12.636973750000001,5,4.609875,3.0151250000000003
2026-01-03 00:00:00+00:00,SWA1,Swansea Roadside,Urban Traffic,,7.89075,15.977323750000002,6,5.284104166666666,
2026-01-03 00:00:00+00:00,WREX,Wrexham,Urban Traffic,3.807916666666667,7.3812500000000005,15.618058750000001,5,5.958333333333333,-2.150416666666666
2026-01-04 00:00:00+00:00,CARD,Cardiff Centre,Urban Background,7.666666666666667,9.017916666666666,24.966842083333333,5,4.625,3.041666666666667
2026-01-04 00:00:00+00:00,CHP,Chepstow A48,Urban Traffic,10.25,11.352875,34.56935,5,4.625,5.625
2026-01-04 00:00:00+00:00,PEMB,Narberth,Rural Background,2.5658333333333334,5.29375,1.5355754166666669,5,5.599541666666667,-3.0337083333333337
2026-01-04 00:00:00+00:00,NPT3,Newport,Urban Background,5.599541666666667,9.088541666666666,21.529738749999996,5,4.625,0.9745416666666671
2026-01-04 00:00:00+00:00,PT4,Port Talbot Margam,Urban Industrial,4.625,5.998375,14.26892,5,5.599541666666667,-0.9745416666666671
2026-01-04 00:00:00+00:00,SWA1,Swansea Roadside,Urban Traffic,,7.810041666666667,24.80043541666667,6,5.1122708333333335,
2026-01-04 00:00:00+00:00,WREX,Wrexham,Urban Traffic,1.945875,3.561458333333333,6.994122916666666,5,5.599541666666667,-3.653666666666667
2026-01-05 00:00:00+00:00,CARD,Cardiff Centre,Urban Background,8.458333333333334,8.695791666666667,30.512532500000002,5,5.416666666666667,3.041666666666667
2026-01-05 00:00:00+00:00,CHP,Chepstow A48,Urban Traffic,8.458333333333334,10.588,40.38986041666667,5,5.416666666666667,3.041666666666667
2026-01-05 00:00:00+00:00,PEMB,Narberth,Rural Background,2.1020833333333333,3.4656249999999997,1.5822975,5,7.853791666666666,-5.751708333333333
2026-01-05 00:00:00+00:00,NPT3,Newport,Urban Background,7.853791666666666,14.869791666666666,41.185210833333336,5,5.416666666666667,2.437124999999999
2026-01-05 00:00:00+00:00,PT4,Port Talbot Margam,Urban Industrial,5.416666666666667,4.871333333333333,15.234682916666666,5,7.853791666666666,-2.437124999999999
2026-01-05 00:00:00+00:00,SWA1,Swansea Roadside,Urban Traffic,,6.441375000000001,27.398017499999998,6,6.635229166666667,
2026-01-05 00:00:00+00:00,WREX,Wrexham,Urban Traffic,3.8020416666666663,6.7124999999999995,24.90046375,5,7.853791666666666,-4.05175
2026-01-06 00:00:00+00:00,CARD,Cardiff Centre,Urban Background,8.333333333333334,9.017875,22.91174666666667,5,4.416666666666667,3.916666666666667
2026-01-06 00:00:00+00:00,CHP,Chepstow A48,Urban Traffic,6.833333333333333,11.795583333333333,33.93930708333333,5,4.416666666666667,2.416666666666666
2026-01-06 00:00:00+00:00,PEMB,Narberth,Rural Background,2.796791666666667,5.816666666666666,1.8633391666666668,5,5.067833333333334,-2.2710416666666666
2026-01-06 00:00:00+00:00,NPT3,Newport,Urban Background,5.067833333333334,8.778125000000001,30.32632,5,4.416666666666667,0.6511666666666667
2026-01-06 00:00:00+00:00,PT4,Port Talbot Margam,Urban Industrial,4.416666666666667,8.856708333333334,16.089757826086956,5,5.067833333333334,-0.6511666666666667
2026-01-06 00:00:00+00:00,SWA1,Swansea Roadside,Urban Traffic,,11.191875000000001,27.2887325,6,4.74225,
2026-01-06 00:00:00+00:00,WREX,Wrexham,Urban Traffic,2.8193750000000004,5.078125,21.825642916666666,5,5.067833333333334,-2.2484583333333332
2026-01-07 00:00:00+00:00,CARD,Cardiff Centre,Urban Background,9.791666666666666,14.492916666666666,28.09790666666667,5,6.739130434782608,3.0525362318840576
2026-01-07 00:00:00+00:00,CHP,Chepstow A48,Urban Traffic,8.708333333333334,15.056541666666668,45.12218041666667,5,6.739130434782608,1.9692028985507255
2026-01-07 00:00:00+00:00,PEMB,Narberth,Rural Background,4.0566249999999995,8.638541666666667,2.2362491666666666,5,7.670000000000001,-3.6133750000000013
2026-01-07 00:00:00+00:00,NPT3,Newport,Urban Background,7.670000000000001,14.271875,25.402808333333336,5,6.739130434782608,0.9308695652173924
2026-01-07 00:00:00+00:00,PT4,Port Talbot Margam,Urban Industrial,6.739130434782608,11.594434782608698,18.003290434782606,5,7.670000000000001,-0.9308695652173924
2026-01-07 00:00:00+00:00,SWA1,Swansea Roadside,Urban Traffic,,12.476478260869566,,6,7.204565217391305,
2026-01-07 00:00:00+00:00,WREX,Wrexham,Urban Traffic,5.8814166666666665,10.6,12.539904166666666,5,7.670000000000001,-1.7885833333333343
2026-01-08 00:00:00+00:00,CARD,Cardiff Centre,Urban Background,7.791666666666667,9.984166666666667,27.726984583333333,6,5.874625,1.917041666666667
2026-01-08 00:00:00+00:00,CHP,Chepstow A48,Urban Traffic,8.625,13.190826086956521,34.541667499999996,6,5.874625,2.750375
2026-01-08 00:00:00+00:00,PEMB,Narberth,Rural Background,4.362333333333333,8.831249999999999,4.187412083333333,6,6.8873125,-2.524979166666667
2026-01-08 00:00:00+00:00,NPT3,Newport,Urban Background,6.332583333333333,10.346874999999999,24.599140416666668,6,6.429354166666667,-0.09677083333333414
2026-01-08 00:00:00+00:00,PT4,Port Talbot Margam,Urban Industrial,5.416666666666667,8.897083333333333,19.796904583333333,6,6.8873125,-1.4706458333333332
2026-01-08 00:00:00+00:00,SWA1,Swansea Roadside,Urban Traffic,3.0,11.956625,34.41026304347826,6,6.8873125,-3.8873125
2026-01-08 00:00:00+00:00,WREX,Wrexham,Urban Traffic,7.442041666666667,8.805208333333333,24.761669166666668,6,5.874625,1.5674166666666673
2026-01-09 00:00:00+00:00,CARD,Cardiff Centre,Urban Background,3.875,4.267333333333333,10.692272916666667,6,3.9764166666666663,-0.10141666666666627
2026-01-09 00:00:00+00:00,CHP,Chepstow A48,Urban Traffic,5.458333333333333,6.884250000000001,23.271499583333334,6,3.854166666666667,1.604166666666666
2026-01-09 00:00:00+00:00,PEMB,Narberth,Rural Background,2.7279999999999998,5.4156249999999995,1.8408083333333334,6,3.9972499999999997,-1.26925
2026-01-09 00:00:00+00:00,NPT3,Newport,Urban Background,1.7827083333333331,3.290625,15.09217125,6,3.9972499999999997,-2.2145416666666664
2026-01-09 00:00:00+00:00,PT4,Port Talbot Margam,Urban Industrial,6.0,4.629666666666666,17.606659166666667,6,3.854166666666667,2.145833333333333
2026-01-09 00:00:00+00:00,SWA1,Swansea Roadside,Urban Traffic,3.8333333333333335,4.186791666666667,15.665861666666666,6,3.9972499999999997,-0.16391666666666627
2026-01-09 00:00:00+00:00,WREX,Wrexham,Urban Traffic,4.1194999999999995,6.323958333333334,17.911833333333334,6,3.854166666666667,0.26533333333333253
2026-01-10 00:00:00+00:00,CARD,Cardiff Centre,Urban Background,12.666666666666666,12.842458333333333,34.13569833333333,6,9.571145833333333,3.0955208333333335
2026-01-10 00:00:00+00:00,CHP,Chepstow A48,Urban Traffic,13.833333333333334,17.150041666666667,36.40604583333333,6,9.571145833333333,4.262187500000001
2026-01-10 00:00:00+00:00,PEMB,Narberth,Rural Background,3.0699583333333336,6.7875000000000005,2.19848375,6,11.071791666666666,-8.001833333333332
2026-01-10 00:00:00+00:00,NPT3,Newport,Urban Background,9.93525,11.889583333333334,37.11203166666667,6,10.7076875,-0.7724375000000006
2026-01-10 00:00:00+00:00,PT4,Port Talbot Margam,Urban Industrial,6.458333333333333,11.433375,21.79550958333333,6,11.071791666666666,-4.613458333333333
2026-01-10 00:00:00+00:00,SWA1,Swansea Roadside,Urban Traffic,12.208333333333334,14.492958333333334,45.044563333333336,6,9.571145833333333,2.6371875000000014
2026-01-10 00:00:00+00:00,WREX,Wrexham,Urban Traffic,9.207041666666667,12.495833333333332,28.704642916666668,6,11.071791666666666,-1.864749999999999
2026-01-11 00:00:00+00:00,CARD,Cardiff Centre,Urban Background,6.541666666666667,,10.979191666666667,6,5.729166666666666,0.8125000000000009
2026-01-11 00:00:00+00:00,CHP,Chepstow A48,Urban Traffic,6.125,10.869625,16.97600375,6,5.9375,0.1875
2026-01-11 00:00:00+00:00,PEMB,Narberth,Rural Background,5.244791666666667,8.870833333333334,1.8114999999999999,6,6.333333333333334,-1.088541666666667
2026-01-11 00:00:00+00:00,NPT3,Newport,Urban Background,12.718208333333335,18.801041666666666,12.250216666666667,6,5.729166666666666,6.989041666666669
2026-01-11 00:00:00+00:00,PT4,Port Talbot Margam,Urban Industrial,5.333333333333333,12.842416666666667,5.72812125,6,6.333333333333334,-1.0000000000000009
2026-01-11 00:00:00+00:00,SWA1,Swansea Roadside,Urban Traffic,8.291666666666666,15.982624999999999,14.892205833333334,6,5.729166666666666,2.5625
2026-01-11 00:00:00+00:00,WREX,Wrexham,Urban Traffic,4.913666666666667,6.594791666666667,8.596245833333333,6,6.333333333333334,-1.419666666666667
2026-01-12 00:00:00+00:00,CARD,Cardiff Centre,Urban Background,10.5,,12.998153913043478,6,10.519854166666667,-0.019854166666666728
2026-01-12 00:00:00+00:00,CHP,Chepstow A48,Urban Traffic,7.083333333333333,17.9955,23.58368043478261,6,10.979166666666668,-3.895833333333335
2026-01-12 00:00:00+00:00,PEMB,Narberth,Rural Background,11.793416666666666,19.385416666666668,0.9117233333333333,6,10.0406875,1.752729166666665
2026-01-12 00:00:00+00:00,NPT3,Newport,Urban Background,9.581375,18.271875,10.621459166666666,6,10.979166666666668,-1.3977916666666683
2026-01-12 00:00:00+00:00,PT4,Port Talbot Margam,Urban Industrial,11.458333333333334,39.251958333333334,10.50274125,6,10.0406875,1.4176458333333333
2026-01-12 00:00:00+00:00,SWA1,Swansea Roadside,Urban Traffic,12.875,31.160041666666668,7.04848875,6,10.0406875,2.8343124999999993
2026-01-12 00:00:00+00:00,WREX,Wrexham,Urban Traffic,6.2764999999999995,10.416666666666666,24.255497083333335,6,10.979166666666668,-4.702666666666668
2026-01-13 00:00:00+00:00,CARD,Cardiff Centre,Urban Background,5.791666666666667,,27.772592916666667,6,4.998895833333334,0.792770833333333
2026-01-13 00:00:00+00:00,CHP,Chepstow A48,Urban Traffic,6.130434782608695,10.25,29.914631304347825,6,4.998895833333334,1.1315389492753614
2026-01-13 00:00:00+00:00,PEMB,Narberth,Rural Background,4.598041666666666,8.553125,1.8810779166666667,6,5.541666666666667,-0.9436250000000008
2026-01-13 00:00:00+00:00,NPT3,Newport,Urban Background,4.706125,9.026041666666666,21.245359583333336,6,5.541666666666667,-0.8355416666666668
2026-01-13 00:00:00+00:00,PT4,Port Talbot Margam,Urban Industrial,5.291666666666667,11.9165,15.075259583333334,6,5.248895833333334,0.04277083333333298
2026-01-13 00:00:00+00:00,SWA1,Swansea Roadside,Urban Traffic,6.333333333333333,11.392958333333333,23.215189999999996,6,4.998895833333334,1.334437499999999
2026-01-13 00:00:00+00:00,WREX,Wrexham,Urban Traffic,4.5804583333333335,8.089583333333334,18.61694208333333,6,5.541666666666667,-0.9612083333333334
2026-01-14 00:00:00+00:00,CARD,Cardiff Centre,Urban Background,10.291666666666666,13.526833333333334,34.013529166666665,6,7.375,2.916666666666666
2026-01-14 00:00:00+00:00,CHP,Chepstow A48,Urban Traffic,10.083333333333334,15.016458333333333,39.741710000000005,6,7.375,2.708333333333334
2026-01-14 00:00:00+00:00,PEMB,Narberth,Rural Background,4.387833333333334,9.132291666666667,2.716455416666667,6,8.949979166666667,-4.562145833333333
2026-01-14 00:00:00+00:00,NPT3,Newport,Urban Background,9.566625,13.898958333333333,38.748121250000004,6,7.375,2.191625
2026-01-14 00:00:00+00:00,PT4,Port Talbot Margam,Urban Industrial,6.416666666666667,9.742458333333333,21.775411666666667,6,8.949979166666667,-2.5333125
2026-01-14 00:00:00+00:00,SWA1,Swansea Roadside,Urban Traffic,8.333333333333334,11.755375,35.994857083333336,6,7.991645833333333,0.3416875000000008
2026-01-14 00:00:00+00:00,WREX,Wrexham,Urban Traffic,6.056458333333333,9.334375,30.688976666666665,6,8.949979166666667,-2.8935208333333344
2026-01-15 00:00:00+00:00,CARD,Cardiff Centre,Urban Background,9.458333333333334,10.869791666666666,45.15300166666666,6,7.774020833333333,1.6843125000000008
2026-01-15 00:00:00+00:00,CHP,Chepstow A48,Urban Traffic,6.875,9.863291666666667,36.72349333333333,6,8.979166666666668,-2.104166666666668
2026-01-15 00:00:00+00:00,PEMB,Narberth,Rural Background,7.048041666666666,12.790625,3.7544754166666667,6,8.979166666666668,-1.9311250000000015
2026-01-15 00:00:00+00:00,NPT3,Newport,Urban Background,6.5575,10.610416666666667,35.19180791666667,6,8.979166666666668,-2.4216666666666677
2026-01-15 00:00:00+00:00,PT4,Port Talbot Margam,Urban Industrial,8.5,17.995416666666667,31.21323166666667,6,8.2531875,0.24681250000000077
2026-01-15 00:00:00+00:00,SWA1,Swansea Roadside,Urban Traffic,9.666666666666666,19.807166666666667,44.132463333333334,6,7.774020833333333,1.892645833333333
2026-01-15 00:00:00+00:00,WREX,Wrexham,Urban Traffic,10.795,14.232291666666667,38.9643225,6,7.774020833333333,3.0209791666666668
2026-01-16 00:00:00+00:00,CARD,Cardiff Centre,Urban Background,6.375,8.69575,23.12076958333333,6,5.932125,0.4428749999999999
2026-01-16 00:00:00+00:00,CHP,Chepstow A48,Urban Traffic,7.208333333333333,13.607333333333335,42.16945625,6,5.932125,1.276208333333333
2026-01-16 00:00:00+00:00,PEMB,Narberth,Rural Background,3.543625,7.929166666666667,1.3349866666666665,6,6.312541666666666,-2.7689166666666662
2026-01-16 00:00:00+00:00,NPT3,Newport,Urban Background,6.250083333333333,10.013541666666667,22.282308333333333,6,5.994583333333333,0.2555000000000005
2026-01-16 00:00:00+00:00,PT4,Port Talbot Margam,Urban Industrial,3.8333333333333335,9.299666666666667,11.872692083333334,6,6.312541666666666,-2.479208333333333
2026-01-16 00:00:00+00:00,SWA1,Swansea Roadside,Urban Traffic,6.541666666666667,12.319,34.17413916666667,6,5.932125,0.6095416666666669
2026-01-16 00:00:00+00:00,WREX,Wrexham,Urban Traffic,5.614166666666667,7.8062499999999995,21.219096666666665,6,6.312541666666666,-0.6983749999999995
2026-01-17 00:00:00+00:00,CARD,Cardiff Centre,Urban Background,6.041666666666667,11.835916666666668,20.721149999999998,6,5.82175,0.2199166666666672
2026-01-17 00:00:00+00:00,CHP,Chepstow A48,Urban Traffic,8.208333333333334,12.560625,33.73655458333334,6,5.82175,2.386583333333334
2026-01-17 00:00:00+00:00,PEMB,Narberth,Rural Background,4.457541666666667,9.268749999999999,2.8027154166666666,6,5.958333333333334,-1.5007916666666672
2026-01-17 00:00:00+00:00,NPT3,Newport,Urban Background,5.7684999999999995,8.827083333333333,32.524165833333335,6,5.958333333333334,-0.1898333333333344
2026-01-17 00:00:00+00:00,PT4,Port Talbot Margam,Urban Industrial,3.9166666666666665,10.708708333333334,5.979598333333333,6,5.958333333333334,-2.0416666666666674
2026-01-17 00:00:00+00:00,SWA1,Swansea Roadside,Urban Traffic,5.875,12.681416666666665,34.5392825,6,5.905083333333334,-0.030083333333333684
2026-01-17 00:00:00+00:00,WREX,Wrexham,Urban Traffic,8.081708333333333,10.338541666666666,26.35072375,6,5.82175,2.2599583333333335
2026-01-18 00:00:00+00:00,CARD,Cardiff Centre,Urban Background,13.583333333333334,13.889041666666666,22.843586666666667,6,10.796895833333334,2.7864375
2026-01-18 00:00:00+00:00,CHP,Chepstow A48,Urban Traffic,14.333333333333334,15.902125,22.147840000000002,6,10.796895833333334,3.5364375
2026-01-18 00:00:00+00:00,PEMB,Narberth,Rural Background,8.342166666666666,10.344791666666667,5.377235833333334,6,12.358041666666669,-4.015875000000003
2026-01-18 00:00:00+00:00,NPT3,Newport,Urban Background,11.302125000000002,14.332291666666668,19.788363333333333,6,11.852812499999999,-0.5506874999999969
2026-01-18 00:00:00+00:00,PT4,Port Talbot Margam,Urban Industrial,9.791666666666666,10.024291666666667,22.506013749999997,6,12.358041666666669,-2.5663750000000025
2026-01-18 00:00:00+00:00,SWA1,Swansea Roadside,Urban Traffic,10.291666666666666,10.346333333333334,31.52037833333333,6,12.358041666666669,-2.0663750000000025
2026-01-18 00:00:00+00:00,WREX,Wrexham,Urban Traffic,13.413958333333333,15.210416666666667,22.559037500000002,6,10.796895833333334,2.6170624999999994
2026-01-19 00:00:00+00:00,CARD,Cardiff Centre,Urban Background,7.666666666666667,9.5815,23.951521666666668,5,9.02125,-1.3545833333333333
2026-01-19 00:00:00+00:00,CHP,Chepstow A48,Urban Traffic,,,30.802268095238095,6,8.343958333333333,
2026-01-19 00:00:00+00:00,PEMB,Narberth,Rural Background,5.117,6.529166666666666,5.800170416666667,5,9.02125,-3.90425
2026-01-19 00:00:00+00:00,NPT3,Newport,Urban Background,7.376681818181819,9.721954545454546,22.656886363636364,5,9.02125,-1.6445681818181814
2026-01-19 00:00:00+00:00,PT4,Port Talbot Margam,Urban Industrial,9.083333333333334,8.53475,18.109909583333334,5,7.666666666666667,1.416666666666667
2026-01-19 00:00:00+00:00,SWA1,Swansea Roadside,Urban Traffic,9.416666666666666,13.848791666666665,34.2345025,5,7.666666666666667,1.7499999999999991
2026-01-19 00:00:00+00:00,WREX,Wrexham,Urban Traffic,9.02125,11.035416666666668,28.885241249999996,5,7.666666666666667,1.3545833333333333
2026-01-20 00:00:00+00:00,CARD,Cardiff Centre,Urban Background,5.0,10.426916666666667,17.596234166666665,5,3.8129166666666667,1.1870833333333333
2026-01-20 00:00:00+00:00,CHP,Chepstow A48,Urban Traffic,,,19.25063875,6,4.067458333333334,
2026-01-20 00:00:00+00:00,PEMB,Narberth,Rural Background,3.7470416666666666,7.2562500000000005,1.8846666666666667,5,4.322,-0.5749583333333335
2026-01-20 00:00:00+00:00,NPT3,Newport,Urban Background,3.8129166666666667,7.192708333333333,8.557900416666667,5,4.322,-0.5090833333333333
2026-01-20 00:00:00+00:00,PT4,Port Talbot Margam,Urban Industrial,3.5,6.360916666666667,8.619322083333333,5,4.322,-0.8220000000000001
2026-01-20 00:00:00+00:00,SWA1,Swansea Roadside,Urban Traffic,4.625,9.70225,27.890343333333334,5,3.8129166666666667,0.8120833333333333
2026-01-20 00:00:00+00:00,WREX,Wrexham,Urban Traffic,4.322,5.9156249999999995,11.761372916666666,5,3.8129166666666667,0.5090833333333333
2026-01-21 00:00:00+00:00,CARD,Cardiff Centre,Urban Background,3.9166666666666665,9.380208333333334,12.44046125,5,4.521739130434782,-0.6050724637681157
2026-01-21 00:00:00+00:00,CHP,Chepstow A48,Urban Traffic,,,18.344032083333335,6,4.219202898550725,
2026-01-21 00:00:00+00:00,PEMB,Narberth,Rural Background,4.598166666666667,8.684375000000001,2.50998375,5,3.9166666666666665,0.6815000000000002
2026-01-21 00:00:00+00:00,NPT3,Newport,Urban Background,3.004125,5.891666666666667,11.499853333333334,5,4.521739130434782,-1.517614130434782
2026-01-21 00:00:00+00:00,PT4,Port Talbot Margam,Urban Industrial,4.521739130434782,6.469434782608696,4.843934782608696,5,3.9166666666666665,0.6050724637681157
2026-01-21 00:00:00+00:00,SWA1,Swansea Roadside,Urban Traffic,5.875,9.058083333333334,21.742385416666668,5,3.9166666666666665,1.9583333333333335
2026-01-21 00:00:00+00:00,WREX,Wrexham,Urban Traffic,2.7957916666666667,3.884375,12.444500833333334,5,4.521739130434782,-1.7259474637681156
2026-01-22 00:00:00+00:00,CARD,Cardiff Centre,Urban Background,5.958333333333333,9.621666666666666,20.49200347826087,5,4.666666666666667,1.291666666666666
2026-01-22 00:00:00+00:00,CHP,Chepstow A48,Urban Traffic,,,28.115490833333336,6,5.3125,
2026-01-22 00:00:00+00:00,PEMB,Narberth,Rural Background,3.85425,6.6499999999999995,3.793468333333333,5,5.958333333333333,-2.104083333333333
2026-01-22 00:00:00+00:00,NPT3,Newport,Urban Background,4.508666666666667,7.641666666666667,17.947224583333334,5,5.958333333333333,-1.4496666666666664
2026-01-22 00:00:00+00:00,PT4,Port Talbot Margam,Urban Industrial,4.666666666666667,8.011416666666667,11.473420833333334,5,5.958333333333333,-1.291666666666666
2026-01-22 00:00:00+00:00,SWA1,Swansea Roadside,Urban Traffic,7.478260869565218,10.964260869565218,32.55563347826087,5,4.666666666666667,2.8115942028985508
2026-01-22 00:00:00+00:00,WREX,Wrexham,Urban Traffic,7.572791666666667,9.255208333333334,15.358250416666666,5,4.666666666666667,2.9061250000000003
2026-01-23 00:00:00+00:00,CARD,Cardiff Centre,Urban Background,6.916666666666667,13.647541666666667,8.874007083333334,5,5.208333333333333,1.708333333333334
2026-01-23 00:00:00+00:00,CHP,Chepstow A48,Urban Traffic,,,12.692749583333333,6,5.246166666666666,
2026-01-23 00:00:00+00:00,PEMB,Narberth,Rural Background,4.050708333333334,6.738541666666666,2.0159445833333334,5,5.284,-1.2332916666666662
2026-01-23 00:00:00+00:00,NPT3,Newport,Urban Background,5.284,11.040625,9.511541666666668,5,5.208333333333333,0.07566666666666677
2026-01-23 00:00:00+00:00,PT4,Port Talbot Margam,Urban Industrial,5.208333333333333,10.587916666666667,4.396718333333333,5,5.284,-0.07566666666666677
2026-01-23 00:00:00+00:00,SWA1,Swansea Roadside,Urban Traffic,6.416666666666667,11.352958333333333,14.151169583333333,5,5.208333333333333,1.208333333333334
2026-01-23 00:00:00+00:00,WREX,Wrexham,Urban Traffic,4.624666666666667,6.878125,12.618015833333333,5,5.284,-0.6593333333333327
2026-01-24 00:00:00+00:00,CARD,Cardiff Centre,Urban Background,6.5,10.869666666666667,10.152675,6,4.8223125,1.6776875000000002
2026-01-24 00:00:00+00:00,CHP,Chepstow A48,Urban Traffic,5.791666666666667,12.27875,11.284314166666666,6,4.8223125,0.9693541666666672
2026-01-24 00:00:00+00:00,PEMB,Narberth,Rural Background,4.8112916666666665,7.805208333333333,1.1083675,6,5.3125,-0.5012083333333335
2026-01-24 00:00:00+00:00,NPT3,Newport,Urban Background,4.52925,8.680208333333333,4.031210833333334,6,5.3125,-0.7832499999999998
2026-01-24 00:00:00+00:00,PT4,Port Talbot Margam,Urban Industrial,4.833333333333333,10.064583333333333,5.006921666666667,6,5.301479166666667,-0.4681458333333337
2026-01-24 00:00:00+00:00,SWA1,Swansea Roadside,Urban Traffic,6.916666666666667,10.950249999999999,10.065609583333334,6,4.8223125,2.094354166666667
2026-01-24 00:00:00+00:00,WREX,Wrexham,Urban Traffic,4.2601249999999995,7.128125,8.26056,6,5.3125,-1.0523750000000005
2026-01-25 00:00:00+00:00,CARD,Cardiff Centre,Urban Background,7.083333333333333,13.003458333333333,10.3658925,6,6.8739791666666665,0.2093541666666665
2026-01-25 00:00:00+00:00,CHP,Chepstow A48,Urban Traffic,6.541666666666667,15.177458333333334,13.860023750000002,6,7.1448125,-0.6031458333333326
2026-01-25 00:00:00+00:00,PEMB,Narberth,Rural Background,6.048583333333333,11.415625,2.516304583333333,6,7.1448125,-1.0962291666666664
2026-01-25 00:00:00+00:00,NPT3,Newport,Urban Background,7.206291666666666,12.683333333333332,13.9918975,6,6.8125,0.3937916666666661
2026-01-25 00:00:00+00:00,PT4,Port Talbot Margam,Urban Industrial,5.416666666666667,13.164458333333334,6.061509166666667,6,7.1448125,-1.7281458333333326
2026-01-25 00:00:00+00:00,SWA1,Swansea Roadside,Urban Traffic,7.25,15.217625,17.85635375,6,6.8125,0.4375
2026-01-25 00:00:00+00:00,WREX,Wrexham,Urban Traffic,8.129958333333333,9.834375,10.7608875,6,6.8125,1.3174583333333327
2026-01-26 00:00:00+00:00,CARD,Cardiff Centre,Urban Background,10.666666666666666,13.647625,16.554891666666666,5,15.101260869565218,-4.434594202898552
2026-01-26 00:00:00+00:00,CHP,Chepstow A48,Urban Traffic,15.958333333333334,25.926333333333332,18.71885875,5,10.666666666666666,5.291666666666668
2026-01-26 00:00:00+00:00,PEMB,Narberth,Rural Background,8.819416666666667,12.700333333333333,4.822747619047619,5,15.101260869565218,-6.281844202898551
2026-01-26 00:00:00+00:00,NPT3,Newport,Urban Background,15.101260869565218,18.150739130434783,,5,10.666666666666666,4.434594202898552
2026-01-26 00:00:00+00:00,PT4,Port Talbot Margam,Urban Industrial,,10.628166666666667,6.933232916666667,6,12.883963768115942,
2026-01-26 00:00:00+00:00,SWA1,Swansea Roadside,Urban Traffic,8.625,12.278791666666669,16.273633333333333,5,15.101260869565218,-6.476260869565218
2026-01-26 00:00:00+00:00,WREX,Wrexham,Urban Traffic,25.761791666666667,30.019791666666666,19.387974583333335,5,10.666666666666666,15.095125000000001
2026-01-27 00:00:00+00:00,CARD,Cardiff Centre,Urban Background,7.083333333333333,10.104750000000001,12.791074583333334,4,5.294625,1.7887083333333331
2026-01-27 00:00:00+00:00,CHP,Chepstow A48,Urban Traffic,4.75,13.36575,18.4735425,4,6.0220416666666665,-1.2720416666666665
2026-01-27 00:00:00+00:00,PEMB,Narberth,Rural Background,6.204833333333333,11.731250000000001,2.603873333333333,4,5.294625,0.9102083333333333
2026-01-27 00:00:00+00:00,NPT3,Newport,Urban Background,4.687583333333333,9.929166666666667,,4,6.0220416666666665,-1.334458333333333
2026-01-27 00:00:00+00:00,PT4,Port Talbot Margam,Urban Industrial,,13.084000000000001,9.198306666666667,5,5.83925,
2026-01-27 00:00:00+00:00,SWA1,Swansea Roadside,Urban Traffic,,,11.111844545454545,5,5.83925,
2026-01-27 00:00:00+00:00,WREX,Wrexham,Urban Traffic,5.83925,7.366666666666667,13.564378750000001,4,5.477416666666667,0.36183333333333323
2026-01-28 00:00:00+00:00,CARD,Cardiff Centre,Urban Background,8.375,10.708833333333333,26.691699166666666,4,6.6790416666666665,1.6959583333333335
2026-01-28 00:00:00+00:00,CHP,Chepstow A48,Urban Traffic,6.791666666666667,12.802083333333334,31.054552083333334,4,6.882395833333333,-0.09072916666666586
2026-01-28 00:00:00+00:00,PEMB,Narberth,Rural Background,6.566416666666666,16.857291666666665,5.289232083333333,4,6.995020833333333,-0.4286041666666671
2026-01-28 00:00:00+00:00,NPT3,Newport,Urban Background,4.668833333333333,8.161458333333334,,4,6.995020833333333,-2.3261875000000005
2026-01-28 00:00:00+00:00,PT4,Port Talbot Margam,Urban Industrial,,,,5,6.791666666666667,
2026-01-28 00:00:00+00:00,SWA1,Swansea Roadside,Urban Traffic,,,28.40096708333333,5,6.791666666666667,
2026-01-28 00:00:00+00:00,WREX,Wrexham,Urban Traffic,7.1983749999999995,11.029166666666667,31.430757916666668,4,6.6790416666666665,0.519333333333333
2026-01-29 00:00:00+00:00,CARD,Cardiff Centre,Urban Background,,,15.266711904761905,4,8.467083333333333,
2026-01-29 00:00:00+00:00,CHP,Chepstow A48,Urban Traffic,8.25,14.452791666666668,17.526482916666666,3,,
2026-01-29 00:00:00+00:00,PEMB,Narberth,Rural Background,7.043125,11.283333333333333,4.918107083333333,3,,
2026-01-29 00:00:00+00:00,NPT3,Newport,Urban Background,8.684166666666666,12.834375,,3,,
2026-01-29 00:00:00+00:00,PT4,Port Talbot Margam,Urban Industrial,,,7.603363333333333,4,8.467083333333333,
2026-01-29 00:00:00+00:00,SWA1,Swansea Roadside,Urban Traffic,,,12.509351666666667,4,8.467083333333333,
2026-01-29 00:00:00+00:00,WREX,Wrexham,Urban Traffic,17.06866666666667,19.679166666666667,21.512182916666664,3,,
2026-01-30 00:00:00+00:00,CARD,Cardiff Centre,Urban Background,,,15.647540833333332,4,6.080044642857143,
2026-01-30 00:00:00+00:00,CHP,Chepstow A48,Urban Traffic,5.9523809523809526,10.858190476190476,,3,,
2026-01-30 00:00:00+00:00,PEMB,Narberth,Rural Background,6.207708333333334,11.683333333333332,3.1794662499999995,3,,
2026-01-30 00:00:00+00:00,NPT3,Newport,Urban Background,5.0785833333333334,10.111458333333333,,3,,
2026-01-30 00:00:00+00:00,PT4,Port Talbot Margam,Urban Industrial,,,8.261762083333332,4,6.080044642857143,
2026-01-30 00:00:00+00:00,SWA1,Swansea Roadside,Urban Traffic,,,18.10750875,4,6.080044642857143,
2026-01-30 00:00:00+00:00,WREX,Wrexham,Urban Traffic,8.849291666666668,10.729166666666666,21.493108333333335,3,,
2026-01-31 00:00:00+00:00,CARD,Cardiff Centre,Urban Background,,,18.418982083333333,6,5.770833333333333,
2026-01-31 00:00:00+00:00,CHP,Chepstow A48,Urban Traffic,5.958333333333333,12.802124999999998,,5,5.583333333333333,0.375
2026-01-31 00:00:00+00:00,PEMB,Narberth,Rural Background,4.449833333333333,7.467708333333333,4.255523478260869,5,5.958333333333333,-1.5084999999999997
2026-01-31 00:00:00+00:00,NPT3,Newport,Urban Background,6.273541666666667,12.185416666666667,,5,5.583333333333333,0.6902083333333335
2026-01-31 00:00:00+00:00,PT4,Port Talbot Margam,Urban Industrial,5.583333333333333,17.794291666666666,10.271534166666667,5,5.958333333333333,-0.375
2026-01-31 00:00:00+00:00,SWA1,Swansea Roadside,Urban Traffic,8.375,16.465625,22.035729166666666,5,5.583333333333333,2.791666666666667
2026-01-31 00:00:00+00:00,WREX,Wrexham,Urban Traffic,2.7397916666666666,3.8635416666666664,16.95623875,5,5.958333333333333,-3.2185416666666664
2026-02-01 00:00:00+00:00,CARD,Cardiff Centre,Urban Background,,,14.626041304347826,6,4.1875,
2026-02-01 00:00:00+00:00,CHP,Chepstow A48,Urban Traffic,4.791666666666667,8.212708333333333,,5,4.0,0.791666666666667
2026-02-01 00:00:00+00:00,PEMB,Narberth,Rural Background,3.6242916666666667,6.589583333333334,2.545562916666667,5,4.375,-0.7507083333333333
2026-02-01 00:00:00+00:00,NPT3,Newport,Urban Background,3.616375,5.510416666666667,,5,4.375,-0.7586249999999999
2026-02-01 00:00:00+00:00,PT4,Port Talbot Margam,Urban Industrial,4.0,7.0049166666666665,7.736974583333333,5,4.375,-0.375
2026-02-01 00:00:00+00:00,SWA1,Swansea Roadside,Urban Traffic,4.375,5.555625,16.81483625,5,4.0,0.375
2026-02-01 00:00:00+00:00,WREX,Wrexham,Urban Traffic,5.186708333333333,7.054166666666667,21.503078333333335,5,4.0,1.1867083333333328
2026-02-02 00:00:00+00:00,CARD,Cardiff Centre,Urban Background,,,11.046139583333334,6,5.074583333333334,
2026-02-02 00:00:00+00:00,CHP,Chepstow A48,Urban Traffic,7.375,11.312541666666666,,5,4.666666666666667,2.708333333333333
2026-02-02 00:00:00+00:00,PEMB,Narberth,Rural Background,3.332416666666667,4.360416666666667,3.829125833333333,5,5.482500000000001,-2.150083333333334
2026-02-02 00:00:00+00:00,NPT3,Newport,Urban Background,5.482500000000001,7.171875,,5,4.666666666666667,0.8158333333333339
2026-02-02 00:00:00+00:00,PT4,Port Talbot Margam,Urban Industrial,4.666666666666667,3.623125,8.15410875,5,5.482500000000001,-0.8158333333333339
2026-02-02 00:00:00+00:00,SWA1,Swansea Roadside,Urban Traffic,4.25,5.676458333333334,13.145871249999999,5,5.482500000000001,-1.2325000000000008
2026-02-02 00:00:00+00:00,WREX,Wrexham,Urban Traffic,12.585583333333332,14.7875,17.944332083333332,5,4.666666666666667,7.918916666666665
2026-02-03 00:00:00+00:00,CARD,Cardiff Centre,Urban Background,9.291666666666666,10.346333333333334,18.4480875,6,7.936895833333333,1.3547708333333333
2026-02-03 00:00:00+00:00,CHP,Chepstow A48,Urban Traffic,11.083333333333334,14.976125000000001,,6,7.5458333333333325,3.5375000000000014
2026-02-03 00:00:00+00:00,PEMB,Narberth,Rural Background,3.98875,5.416666666666667,8.15383875,6,9.682729166666666,-5.693979166666667
2026-02-03 00:00:00+00:00,NPT3,Newport,Urban Background,10.073791666666667,12.192708333333334,,6,7.5458333333333325,2.527958333333334
2026-02-03 00:00:00+00:00,PT4,Port Talbot Margam,Urban Industrial,5.521739130434782,3.9855416666666668,8.198560416666666,6,9.682729166666666,-4.160990036231884
2026-02-03 00:00:00+00:00,SWA1,Swansea Roadside,Urban Traffic,5.8,5.209130434782609,15.12605695652174,6,9.682729166666666,-3.8827291666666666
2026-02-03 00:00:00+00:00,WREX,Wrexham,Urban Traffic,22.82825,26.329166666666666,21.26845956521739,6,7.5458333333333325,15.282416666666668
2026-02-04 00:00:00+00:00,CARD,Cardiff Centre,Urban Background,,,,6,7.7260625,
2026-02-04 00:00:00+00:00,CHP,Chepstow A48,Urban Traffic,9.875,15.660458333333333,,5,6.25,3.625
2026-02-04 00:00:00+00:00,PEMB,Narberth,Rural Background,5.629041666666667,8.643749999999999,7.02269,5,9.202125,-3.573083333333334
2026-02-04 00:00:00+00:00,NPT3,Newport,Urban Background,9.202125,12.361458333333333,,5,6.25,2.9521250000000006
2026-02-04 00:00:00+00:00,PT4,Port Talbot Margam,Urban Industrial,5.35,8.787761904761904,,5,9.202125,-3.852125000000001
2026-02-04 00:00:00+00:00,SWA1,Swansea Roadside,Urban Traffic,6.25,11.393208333333334,14.25382125,5,9.202125,-2.9521250000000006
2026-02-04 00:00:00+00:00,WREX,Wrexham,Urban Traffic,15.007958333333335,17.306250000000002,26.573122916666666,5,6.25,8.757958333333335
2026-02-05 00:00:00+00:00,CARD,Cardiff Centre,Urban Background,,,,5,6.177291666666666,
2026-02-05 00:00:00+00:00,CHP,Chepstow A48,Urban Traffic,8.208333333333334,9.7425,,4,5.651145833333333,2.5571875000000013
2026-02-05 00:00:00+00:00,PEMB,Narberth,Rural Background,2.9147499999999997,3.497916666666667,8.338211666666666,4,7.1928125000000005,-4.278062500000001
2026-02-05 00:00:00+00:00,NPT3,Newport,Urban Background,6.177291666666666,8.18125,,4,6.666666666666667,-0.4893750000000008
2026-02-05 00:00:00+00:00,PT4,Port Talbot Margam,Urban Industrial,,3.3012083333333333,,5,6.177291666666666,
2026-02-05 00:00:00+00:00,SWA1,Swansea Roadside,Urban Traffic,5.125,5.595916666666667,17.022882916666667,4,7.1928125000000005,-2.0678125000000005
2026-02-05 00:00:00+00:00,WREX,Wrexham,Urban Traffic,13.511249999999999,15.316666666666668,19.123317916666668,4,5.651145833333333,7.860104166666666
2026-02-06 00:00:00+00:00,CARD,Cardiff Centre,Urban Background,7.0,9.058,,6,5.154791666666666,1.8452083333333338
2026-02-06 00:00:00+00:00,CHP,Chepstow A48,Urban Traffic,7.291666666666667,11.191916666666666,,6,5.154791666666666,2.1368750000000007
2026-02-06 00:00:00+00:00,PEMB,Narberth,Rural Background,4.082333333333334,6.7593749999999995,8.157555833333333,6,5.422375,-1.3400416666666661
2026-02-06 00:00:00+00:00,NPT3,Newport,Urban Background,5.048166666666666,7.772916666666667,21.655625217391304,6,5.422375,-0.3742083333333337
2026-02-06 00:00:00+00:00,PT4,Port Talbot Margam,Urban Industrial,4.722222222222222,6.2400416666666665,,6,5.422375,-0.7001527777777774
2026-02-06 00:00:00+00:00,SWA1,Swansea Roadside,Urban Traffic,5.583333333333333,9.662041666666667,32.4322675,6,5.154791666666666,0.4285416666666668
2026-02-06 00:00:00+00:00,WREX,Wrexham,Urban Traffic,5.261416666666666,6.316666666666666,30.629243333333335,6,5.3157499999999995,-0.05433333333333312
2026-02-07 00:00:00+00:00,CARD,Cardiff Centre,Urban Background,6.583333333333333,10.668541666666668,,6,4.383479166666667,2.1998541666666664
2026-02-07 00:00:00+00:00,CHP,Chepstow A48,Urban Traffic,4.5,9.541291666666668,21.397123333333337,6,5.195979166666667,-0.6959791666666666
2026-02-07 00:00:00+00:00,PEMB,Narberth,Rural Background,3.5879166666666666,6.40625,5.018822083333333,6,5.3125,-1.7245833333333334
2026-02-07 00:00:00+00:00,NPT3,Newport,Urban Background,4.266958333333333,8.017708333333333,8.404680416666666,6,5.3125,-1.0455416666666668
2026-02-07 00:00:00+00:00,PT4,Port Talbot Margam,Urban Industrial,4.222222222222222,9.5815,,6,5.3125,-1.0902777777777777
2026-02-07 00:00:00+00:00,SWA1,Swansea Roadside,Urban Traffic,6.125,10.467166666666666,21.782105833333333,6,4.383479166666667,1.7415208333333334
2026-02-07 00:00:00+00:00,WREX,Wrexham,Urban Traffic,7.3300833333333335,9.547916666666667,21.428503333333335,6,4.383479166666667,2.946604166666667
2026-02-08 00:00:00+00:00,CARD,Cardiff Centre,Urban Background,4.5,6.763375,,6,3.7387798913043477,0.7612201086956523
2026-02-08 00:00:00+00:00,CHP,Chepstow A48,Urban Traffic,5.333333333333333,10.5075,25.538125416666663,6,3.7387798913043477,1.5945534420289853
2026-02-08 00:00:00+00:00,PEMB,Narberth,Rural Background,3.0818333333333334,5.45,2.450641666666667,6,4.315217391304348,-1.2333840579710142
2026-02-08 00:00:00+00:00,NPT3,Newport,Urban Background,3.347125,6.089583333333334,10.898430416666665,6,4.315217391304348,-0.9680923913043475
2026-02-08 00:00:00+00:00,PT4,Port Talbot Margam,Urban Industrial,4.130434782608695,7.850416666666667,,6,3.9235625,0.20687228260869528
2026-02-08 00:00:00+00:00,SWA1,Swansea Roadside,Urban Traffic,6.166666666666667,11.674833333333334,14.213292083333334,6,3.7387798913043477,2.4278867753623192
2026-02-08 00:00:00+00:00,WREX,Wrexham,Urban Traffic,3.2537083333333334,5.235416666666667,16.98456,6,4.315217391304348,-1.0615090579710142
2026-02-09 00:00:00+00:00,CARD,Cardiff Centre,Urban Background,6.0,10.386541666666666,,6,5.520645833333333,0.47935416666666697
2026-02-09 00:00:00+00:00,CHP,Chepstow A48,Urban Traffic,6.458333333333333,12.842458333333333,19.63146875,6,5.520645833333333,0.9376875
2026-02-09 00:00:00+00:00,PEMB,Narberth,Rural Background,3.931791666666667,6.5375000000000005,3.70343125,6,5.833145833333333,-1.9013541666666662
2026-02-09 00:00:00+00:00,NPT3,Newport,Urban Background,4.457583333333333,7.541666666666667,13.6663475,6,5.833145833333333,-1.3755625
2026-02-09 00:00:00+00:00,PT4,Port Talbot Margam,Urban Industrial,5.375,7.4879999999999995,,6,5.833145833333333,-0.45814583333333303
2026-02-09 00:00:00+00:00,SWA1,Swansea Roadside,Urban Traffic,6.041666666666667,10.306166666666668,17.781127916666666,6,5.520645833333333,0.5210208333333339
2026-02-09 00:00:00+00:00,WREX,Wrexham,Urban Traffic,5.666291666666666,7.644791666666666,14.666966666666667,6,5.6875,-0.02120833333333394
2026-02-10 00:00:00+00:00,CARD,Cardiff Centre,Urban Background,5.666666666666667,7.971166666666666,,6,5.070583333333333,0.5960833333333335
2026-02-10 00:00:00+00:00,CHP,Chepstow A48,Urban Traffic,6.380952380952381,9.109857142857143,29.429546363636362,6,5.070583333333333,1.310369047619048
2026-02-10 00:00:00+00:00,PEMB,Narberth,Rural Background,2.7132916666666667,3.78125,3.0810204166666666,6,5.528916666666667,-2.8156250000000007
2026-02-10 00:00:00+00:00,NPT3,Newport,Urban Background,5.391166666666667,7.967708333333333,19.069357083333333,6,5.208333333333334,0.18283333333333296
2026-02-10 00:00:00+00:00,PT4,Port Talbot Margam,Urban Industrial,3.85,8.065652173913042,,6,5.528916666666667,-1.6789166666666673
2026-02-10 00:00:00+00:00,SWA1,Swansea Roadside,Urban Traffic,4.75,6.441291666666667,24.95122125,6,5.528916666666667,-0.7789166666666674
2026-02-10 00:00:00+00:00,WREX,Wrexham,Urban Traffic,10.349958333333333,11.863541666666668,18.213790833333334,6,5.070583333333333,5.279375
2026-02-11 00:00:00+00:00,CARD,Cardiff Centre,Urban Background,10.125,19.927958333333333,,6,9.286145833333332,0.8388541666666676
2026-02-11 00:00:00+00:00,CHP,Chepstow A48,Urban Traffic,9.166666666666666,20.773375,29.74118208333333,6,9.510208333333335,-0.34354166666666863
2026-02-11 00:00:00+00:00,PEMB,Narberth,Rural Background,9.405625,16.563541666666666,3.31336625,6,9.390729166666667,0.014895833333333997
2026-02-11 00:00:00+00:00,NPT3,Newport,Urban Background,9.614791666666667,18.0125,15.364490833333333,6,9.286145833333332,0.32864583333333464
2026-02-11 00:00:00+00:00,PT4,Port Talbot Margam,Urban Industrial,9.166666666666666,29.308125,,6,9.510208333333335,-0.34354166666666863
2026-02-11 00:00:00+00:00,SWA1,Swansea Roadside,Urban Traffic,10.958333333333334,27.69775,21.851585416666666,6,9.286145833333332,1.6721875000000015
2026-02-11 00:00:00+00:00,WREX,Wrexham,Urban Traffic,5.3175,7.203125,21.9021575,6,9.510208333333335,-4.192708333333335
2026-02-12 00:00:00+00:00,CARD,Cardiff Centre,Urban Background,8.75,18.277208333333334,,6,6.944333333333334,1.8056666666666663
2026-02-12 00:00:00+00:00,CHP,Chepstow A48,Urban Traffic,8.666666666666666,16.58641666666667,33.96275541666667,6,6.944333333333334,1.7223333333333324
2026-02-12 00:00:00+00:00,PEMB,Narberth,Rural Background,5.38325,9.966666666666667,2.618477083333333,6,7.527666666666667,-2.1444166666666664
2026-02-12 00:00:00+00:00,NPT3,Newport,Urban Background,7.097,13.797916666666666,12.732540416666666,6,7.375,-0.2779999999999996
2026-02-12 00:00:00+00:00,PT4,Port Talbot Margam,Urban Industrial,7.958333333333333,21.578458333333334,,6,6.944333333333334,1.0139999999999993
2026-02-12 00:00:00+00:00,SWA1,Swansea Roadside,Urban Traffic,6.791666666666667,17.633125,11.691845833333332,6,7.527666666666667,-0.7359999999999998
2026-02-12 00:00:00+00:00,WREX,Wrexham,Urban Traffic,5.138625,6.989583333333333,22.268146666666667,6,7.527666666666667,-2.3890416666666665
2026-02-13 00:00:00+00:00,CARD,Cardiff Centre,Urban Background,6.833333333333333,8.897125,,6,3.8173125,3.016020833333333
2026-02-13 00:00:00+00:00,CHP,Chepstow A48,Urban Traffic,6.166666666666667,9.460666666666667,20.445077916666666,6,3.8173125,2.349354166666667
2026-02-13 00:00:00+00:00,PEMB,Narberth,Rural Background,3.199666666666667,6.620833333333334,3.8798554166666666,6,4.213145833333334,-1.013479166666667
2026-02-13 00:00:00+00:00,NPT3,Newport,Urban Background,3.8846249999999998,6.486458333333334,13.495821249999999,6,4.145833333333334,-0.26120833333333415
2026-02-13 00:00:00+00:00,PT4,Port Talbot Margam,Urban Industrial,4.541666666666667,8.454208333333334,,6,3.8173125,0.7243541666666671
2026-02-13 00:00:00+00:00,SWA1,Swansea Roadside,Urban Traffic,3.75,10.024208333333332,16.81344875,6,4.213145833333334,-0.4631458333333338
2026-02-13 00:00:00+00:00,WREX,Wrexham,Urban Traffic,2.614,3.7739583333333333,25.3805125,6,4.213145833333334,-1.599145833333334
2026-02-14 00:00:00+00:00,CARD,Cardiff Centre,Urban Background,7.916666666666667,12.03725,,6,3.47975,4.436916666666667
2026-02-14 00:00:00+00:00,CHP,Chepstow A48,Urban Traffic,7.375,14.573625,22.30478375,6,3.47975,3.89525
2026-02-14 00:00:00+00:00,PEMB,Narberth,Rural Background,1.8839166666666667,4.277083333333334,2.1822204166666666,6,3.688083333333333,-1.8041666666666665
2026-02-14 00:00:00+00:00,NPT3,Newport,Urban Background,3.6261666666666668,6.447916666666667,10.862279583333333,6,3.541666666666667,0.0844999999999998
2026-02-14 00:00:00+00:00,PT4,Port Talbot Margam,Urban Industrial,3.3333333333333335,6.3205,,6,3.688083333333333,-0.3547499999999997
2026-02-14 00:00:00+00:00,SWA1,Swansea Roadside,Urban Traffic,3.75,10.708666666666666,17.127367916666667,6,3.47975,0.2702499999999999
2026-02-14 00:00:00+00:00,WREX,Wrexham,Urban Traffic,3.014,5.961458333333333,15.411015416666666,6,3.688083333333333,-0.6740833333333334
2026-02-15 00:00:00+00:00,CARD,Cardiff Centre,Urban Background,5.25,8.776333333333334,,6,4.267895833333333,0.9821041666666668
2026-02-15 00:00:00+00:00,CHP,Chepstow A48,Urban Traffic,5.166666666666667,7.20625,23.066241666666667,6,4.267895833333333,0.8987708333333337
2026-02-15 00:00:00+00:00,PEMB,Narberth,Rural Background,3.5357916666666664,6.2093750000000005,2.215125,6,5.041666666666666,-1.5058749999999996
2026-02-15 00:00:00+00:00,NPT3,Newport,Urban Background,2.990458333333333,5.876041666666667,4.72068625,6,5.041666666666666,-2.051208333333333
2026-02-15 00:00:00+00:00,PT4,Port Talbot Margam,Urban Industrial,5.0,8.494458333333332,,6,4.3095625,0.6904374999999998
2026-02-15 00:00:00+00:00,SWA1,Swansea Roadside,Urban Traffic,5.083333333333333,8.695708333333334,10.900538333333332,6,4.267895833333333,0.8154374999999998
2026-02-15 00:00:00+00:00,WREX,Wrexham,Urban Traffic,1.9487916666666667,3.178125,8.707849583333333,6,5.041666666666666,-3.0928749999999994
2026-02-16 00:00:00+00:00,CARD,Cardiff Centre,Urban Background,6.958333333333333,12.319,,5,5.002,1.9563333333333333
2026-02-16 00:00:00+00:00,CHP,Chepstow A48,Urban Traffic,5.5,15.62025,19.307799166666666,5,5.002,0.4980000000000002
2026-02-16 00:00:00+00:00,PEMB,Narberth,Rural Background,5.002,9.569791666666667,1.61588,5,5.5,-0.4980000000000002
2026-02-16 00:00:00+00:00,NPT3,Newport,Urban Background,4.107708333333334,8.453125,5.096183333333333,5,5.5,-1.392291666666666
2026-02-16 00:00:00+00:00,PT4,Port Talbot Margam,Urban Industrial,5.666666666666667,17.834458333333334,,5,5.002,0.6646666666666672
2026-02-16 00:00:00+00:00,SWA1,Swansea Roadside,Urban Traffic,,,,6,5.2509999999999994,
2026-02-16 00:00:00+00:00,WREX,Wrexham,Urban Traffic,2.601818181818182,4.9363636363636365,4.038830952380953,5,5.5,-2.898181818181818
2026-02-17 00:00:00+00:00,CARD,Cardiff Centre,Urban Background,8.75,15.942208333333333,,5,6.178249999999999,2.5717500000000006
2026-02-17 00:00:00+00:00,CHP,Chepstow A48,Urban Traffic,7.666666666666667,20.773208333333333,26.143820416666667,5,6.178249999999999,1.4884166666666676
2026-02-17 00:00:00+00:00,PEMB,Narberth,Rural Background,5.648583333333334,12.869791666666666,4.465505833333333,5,7.416666666666667,-1.7680833333333332
2026-02-17 00:00:00+00:00,NPT3,Newport,Urban Background,5.344916666666666,12.245833333333332,19.1565075,5,7.416666666666667,-2.0717500000000006
2026-02-17 00:00:00+00:00,PT4,Port Talbot Margam,Urban Industrial,7.416666666666667,13.003375,,5,6.178249999999999,1.2384166666666676
2026-02-17 00:00:00+00:00,SWA1,Swansea Roadside,Urban Traffic,,,,6,6.797458333333333,
2026-02-17 00:00:00+00:00,WREX,Wrexham,Urban Traffic,6.178249999999999,14.980208333333332,20.167224782608695,5,7.416666666666667,-1.2384166666666676
2026-02-18 00:00:00+00:00,CARD,Cardiff Centre,Urban Background,7.416666666666667,8.69575,,6,4.08275,3.333916666666667
2026-02-18 00:00:00+00:00,CHP,Chepstow A48,Urban Traffic,7.916666666666667,10.909999999999998,14.666766086956523,6,4.08275,3.833916666666667
2026-02-18 00:00:00+00:00,PEMB,Narberth,Rural Background,3.4029999999999996,4.764285714285714,,6,5.853583333333333,-2.4505833333333333
2026-02-18 00:00:00+00:00,NPT3,Newport,Urban Background,4.2905,6.648958333333333,14.307810416666667,6,5.645833333333334,-1.3553333333333342
2026-02-18 00:00:00+00:00,PT4,Port Talbot Margam,Urban Industrial,3.5652173913043477,2.7305652173913044,,6,5.853583333333333,-2.2883659420289852
2026-02-18 00:00:00+00:00,SWA1,Swansea Roadside,Urban Traffic,3.875,3.8647916666666666,13.413005416666666,6,5.853583333333333,-1.978583333333333
2026-02-18 00:00:00+00:00,WREX,Wrexham,Urban Traffic,8.698958333333334,14.703125,13.627208750000001,6,4.08275,4.616208333333334
2026-02-19 00:00:00+00:00,CARD,Cardiff Centre,Urban Background,7.083333333333333,7.689208333333333,,6,6.666666666666666,0.41666666666666696
2026-02-19 00:00:00+00:00,CHP,Chepstow A48,Urban Traffic,8.958333333333334,10.507416666666666,22.356438260869567,6,6.645833333333333,2.312500000000001
2026-02-19 00:00:00+00:00,PEMB,Narberth,Rural Background,5.6894347826086955,7.759782608695652,,6,7.104166666666666,-1.4147318840579706
2026-02-19 00:00:00+00:00,NPT3,Newport,Urban Background,5.653458333333333,6.91875,16.11837375,6,7.104166666666666,-1.450708333333333
2026-02-19 00:00:00+00:00,PT4,Port Talbot Margam,Urban Industrial,6.208333333333333,7.12575,,6,7.104166666666666,-0.895833333333333
2026-02-19 00:00:00+00:00,SWA1,Swansea Roadside,Urban Traffic,7.125,10.145208333333333,18.95286125,6,6.645833333333333,0.47916666666666696
2026-02-19 00:00:00+00:00,WREX,Wrexham,Urban Traffic,10.872625,12.517708333333333,19.775132916666667,6,6.645833333333333,4.226791666666666
2026-02-20 00:00:00+00:00,CARD,Cardiff Centre,Urban Background,12.125,27.05366666666667,,6,10.916666666666668,1.2083333333333321
2026-02-20 00:00:00+00:00,CHP,Chepstow A48,Urban Traffic,10.208333333333334,19.887583333333335,27.193527826086957,6,11.767291666666665,-1.5589583333333312
2026-02-20 00:00:00+00:00,PEMB,Narberth,Rural Background,9.075333333333333,15.166666666666666,2.977229166666667,6,11.767291666666665,-2.691958333333332
2026-02-20 00:00:00+00:00,NPT3,Newport,Urban Background,11.909583333333332,22.289583333333336,10.650832083333333,6,10.916666666666668,0.9929166666666642
2026-02-20 00:00:00+00:00,PT4,Port Talbot Margam,Urban Industrial,11.625,35.22604166666667,,6,11.058958333333333,0.566041666666667
2026-02-20 00:00:00+00:00,SWA1,Swansea Roadside,Urban Traffic,12.375,28.221041666666665,13.193007916666666,6,10.916666666666668,1.4583333333333321
2026-02-20 00:00:00+00:00,WREX,Wrexham,Urban Traffic,4.6306666666666665,8.154166666666667,8.426244583333334,6,11.767291666666665,-7.136624999999999
2026-02-21 00:00:00+00:00,CARD,Cardiff Centre,Urban Background,8.375,13.124166666666667,,6,4.830833333333333,3.5441666666666674
2026-02-21 00:00:00+00:00,CHP,Chepstow A48,Urban Traffic,5.083333333333333,10.708708333333334,17.785405833333332,6,5.705833333333333,-0.6224999999999996
2026-02-21 00:00:00+00:00,PEMB,Narberth,Rural Background,2.9914583333333336,4.416666666666667,3.603364583333333,6,5.958333333333333,-2.9668749999999995
2026-02-21 00:00:00+00:00,NPT3,Newport,Urban Background,4.578333333333333,7.984375,4.3743375,6,5.958333333333333,-1.38
2026-02-21 00:00:00+00:00,PT4,Port Talbot Margam,Urban Industrial,6.833333333333333,16.183833333333332,,6,4.830833333333333,2.0025000000000004
2026-02-21 00:00:00+00:00,SWA1,Swansea Roadside,Urban Traffic,6.916666666666667,9.380208333333334,6.625159166666666,6,4.830833333333333,2.0858333333333343
2026-02-21 00:00:00+00:00,WREX,Wrexham,Urban Traffic,3.5457083333333332,5.777083333333334,5.566972083333333,6,5.958333333333333,-2.412625
2026-02-22 00:00:00+00:00,CARD,Cardiff Centre,Urban Background,7.708333333333333,14.814916666666667,,6,6.792770833333333,0.9155625000000001
2026-02-22 00:00:00+00:00,CHP,Chepstow A48,Urban Traffic,6.833333333333333,15.459166666666667,16.117673333333332,6,7.230270833333333,-0.39693749999999994
2026-02-22 00:00:00+00:00,PEMB,Narberth,Rural Background,6.752208333333333,11.28125,4.0533720833333335,6,7.270833333333333,-0.5186250000000001
2026-02-22 00:00:00+00:00,NPT3,Newport,Urban Background,6.521208333333333,12.189583333333333,2.684405,6,7.270833333333333,-0.749625
2026-02-22 00:00:00+00:00,PT4,Port Talbot Margam,Urban Industrial,8.166666666666666,21.336916666666667,,6,6.792770833333333,1.373895833333333
2026-02-22 00:00:00+00:00,SWA1,Swansea Roadside,Urban Traffic,8.916666666666666,17.633166666666668,4.222297083333333,6,6.792770833333333,2.123895833333333
2026-02-22 00:00:00+00:00,WREX,Wrexham,Urban Traffic,4.44275,7.273958333333333,2.28880625,6,7.270833333333333,-2.828083333333333
2026-02-23 00:00:00+00:00,CARD,Cardiff Centre,Urban Background,9.416666666666666,18.196791666666666,,6,7.950770833333333,1.4658958333333327
2026-02-23 00:00:00+00:00,CHP,Chepstow A48,Urban Traffic,8.5,17.633083333333335,22.375107826086957,6,7.950770833333333,0.5492291666666667
2026-02-23 00:00:00+00:00,PEMB,Narberth,Rural Background,6.625333333333334,10.8375,3.928327083333333,6,8.416666666666668,-1.791333333333334
2026-02-23 00:00:00+00:00,NPT3,Newport,Urban Background,7.568208333333334,14.56075,5.6979025000000005,6,8.416666666666668,-0.8484583333333342
2026-02-23 00:00:00+00:00,PT4,Port Talbot Margam,Urban Industrial,9.333333333333334,23.390041666666665,,6,7.950770833333333,1.3825625000000006
2026-02-23 00:00:00+00:00,SWA1,Swansea Roadside,Urban Traffic,8.333333333333334,19.364208333333334,7.1649079166666665,6,8.034104166666667,0.29922916666666666
2026-02-23 00:00:00+00:00,WREX,Wrexham,Urban Traffic,5.109083333333333,8.576041666666667,6.9107875000000005,6,8.416666666666668,-3.3075833333333344
2026-02-24 00:00:00+00:00,CARD,Cardiff Centre,Urban Background,9.608695652173912,18.399782608695652,,6,8.625,0.9836956521739122
2026-02-24 00:00:00+00:00,CHP,Chepstow A48,Urban Traffic,10.916666666666666,21.417416666666668,29.83674086956522,6,8.625,2.291666666666666
2026-02-24 00:00:00+00:00,PEMB,Narberth,Rural Background,6.107583333333333,10.592708333333333,3.1845145833333333,6,9.194812500000001,-3.087229166666668
2026-02-24 00:00:00+00:00,NPT3,Newport,Urban Background,9.306291666666667,19.485416666666666,10.086829166666666,6,8.625,0.6812916666666666
2026-02-24 00:00:00+00:00,PT4,Port Talbot Margam,Urban Industrial,8.166666666666666,21.618750000000002,,6,9.194812500000001,-1.028145833333335
2026-02-24 00:00:00+00:00,SWA1,Swansea Roadside,Urban Traffic,9.083333333333334,22.02125,18.0764225,6,8.736479166666665,0.34685416666666846
2026-02-24 00:00:00+00:00,WREX,Wrexham,Urban Traffic,6.040875,15.151041666666666,13.732985416666667,6,9.194812500000001,-3.1539375000000014
2026-02-25 00:00:00+00:00,CARD,Cardiff Centre,Urban Background,10.791666666666666,19.243458333333333,17.563152916666667,5,8.916666666666666,1.875
2026-02-25 00:00:00+00:00,CHP,Chepstow A48,Urban Traffic,10.416666666666666,21.296666666666667,25.571769583333335,5,8.916666666666666,1.5
2026-02-25 00:00:00+00:00,PEMB,Narberth,Rural Background,5.703625,8.305208333333333,4.106695416666667,5,10.416666666666666,-4.713041666666666
2026-02-25 00:00:00+00:00,NPT3,Newport,Urban Background,11.146875,18.636458333333334,16.967875833333334,5,8.916666666666666,2.2302083333333336
2026-02-25 00:00:00+00:00,PT4,Port Talbot Margam,Urban Industrial,8.916666666666666,21.57841666666667,,5,10.416666666666666,-1.5
2026-02-25 00:00:00+00:00,SWA1,Swansea Roadside,Urban Traffic,,23.027708333333333,22.287947916666667,6,9.666666666666666,
2026-02-25 00:00:00+00:00,WREX,Wrexham,Urban Traffic,6.375473684210526,11.532894736842104,,5,10.416666666666666,-4.04119298245614
2026-02-26 00:00:00+00:00,CARD,Cardiff Centre,Urban Background,4.333333333333333,7.649,10.629184545454546,5,4.208333333333333,0.125
2026-02-26 00:00:00+00:00,CHP,Chepstow A48,Urban Traffic,4.208333333333333,11.312541666666666,17.79730208333333,5,4.333333333333333,-0.125
2026-02-26 00:00:00+00:00,PEMB,Narberth,Rural Background,,,1.964435,6,4.270833333333333,
2026-02-26 00:00:00+00:00,NPT3,Newport,Urban Background,4.148000000000001,8.161458333333334,9.325149166666668,5,4.333333333333333,-0.18533333333333246
2026-02-26 00:00:00+00:00,PT4,Port Talbot Margam,Urban Industrial,6.041666666666667,18.277291666666667,,5,4.208333333333333,1.833333333333334
2026-02-26 00:00:00+00:00,SWA1,Swansea Roadside,Urban Traffic,5.375,11.876125,6.89274,5,4.208333333333333,1.166666666666667
2026-02-26 00:00:00+00:00,WREX,Wrexham,Urban Traffic,1.3748333333333334,2.3520833333333333,,5,4.333333333333333,-2.9585
2026-02-27 00:00:00+00:00,CARD,Cardiff Centre,Urban Background,3.0416666666666665,3.0596666666666668,11.54567125,5,3.7916666666666665,-0.75
2026-02-27 00:00:00+00:00,CHP,Chepstow A48,Urban Traffic,3.6666666666666665,7.045208333333334,21.100380416666667,5,3.7916666666666665,-0.125
2026-02-27 00:00:00+00:00,PEMB,Narberth,Rural Background,,,1.8206304166666667,6,3.7291666666666665,
2026-02-27 00:00:00+00:00,NPT3,Newport,Urban Background,2.306416666666667,4.072916666666667,9.070814166666667,5,3.7916666666666665,-1.4852499999999997
2026-02-27 00:00:00+00:00,PT4,Port Talbot Margam,Urban Industrial,3.7916666666666665,4.307666666666667,,5,3.6666666666666665,0.125
2026-02-27 00:00:00+00:00,SWA1,Swansea Roadside,Urban Traffic,3.7916666666666665,5.1531666666666665,17.8517625,5,3.6666666666666665,0.125
2026-02-27 00:00:00+00:00,WREX,Wrexham,Urban Traffic,4.851541666666667,8.626041666666667,15.833598333333335,5,3.6666666666666665,1.1848750000000003
2026-02-28 00:00:00+00:00,CARD,Cardiff Centre,Urban Background,5.75,9.460708333333335,11.091756666666667,5,4.666666666666667,1.083333333333333
2026-02-28 00:00:00+00:00,CHP,Chepstow A48,Urban Traffic,7.916666666666667,,28.446587500000003,5,4.666666666666667,3.25
2026-02-28 00:00:00+00:00,PEMB,Narberth,Rural Background,,,1.8786045833333331,6,5.208333333333334,
2026-02-28 00:00:00+00:00,NPT3,Newport,Urban Background,4.495875,8.461458333333333,5.912489166666667,5,5.75,-1.2541250000000002
2026-02-28 00:00:00+00:00,PT4,Port Talbot Margam,Urban Industrial,4.666666666666667,12.560666666666668,,5,5.75,-1.083333333333333
2026-02-28 00:00:00+00:00,SWA1,Swansea Roadside,Urban Traffic,6.375,13.647583333333335,12.897970416666666,5,4.666666666666667,1.708333333333333
2026-02-28 00:00:00+00:00,WREX,Wrexham,Urban Traffic,4.1165,7.9781249999999995,8.195472083333334,5,5.75,-1.6334999999999997
2026-03-01 00:00:00+00:00,CARD,Cardiff Centre,Urban Background,4.958333333333333,8.373666666666667,13.1561525,5,5.458333333333333,-0.5
2026-03-01 00:00:00+00:00,CHP,Chepstow A48,Urban Traffic,6.166666666666667,,13.467004166666667,5,4.958333333333333,1.208333333333334
2026-03-01 00:00:00+00:00,PEMB,Narberth,Rural Background,,,1.6342550000000002,6,5.208333333333333,
2026-03-01 00:00:00+00:00,NPT3,Newport,Urban Background,4.215791666666667,8.3375,4.280175416666666,5,5.458333333333333,-1.242541666666666
2026-03-01 00:00:00+00:00,PT4,Port Talbot Margam,Urban Industrial,5.458333333333333,14.654083333333332,,5,4.958333333333333,0.5
2026-03-01 00:00:00+00:00,SWA1,Swansea Roadside,Urban Traffic,5.916666666666667,13.084000000000001,7.95132375,5,4.958333333333333,0.9583333333333339
2026-03-01 00:00:00+00:00,WREX,Wrexham,Urban Traffic,3.2045833333333333,6.072916666666667,7.573552083333333,5,5.458333333333333,-2.2537499999999997
2026-03-02 00:00:00+00:00,CARD,Cardiff Centre,Urban Background,6.958333333333333,15.177416666666666,13.970954583333333,5,7.269083333333334,-0.3107500000000005
2026-03-02 00:00:00+00:00,CHP,Chepstow A48,Urban Traffic,8.541666666666666,,23.376045416666667,5,6.958333333333333,1.583333333333333
2026-03-02 00:00:00+00:00,PEMB,Narberth,Rural Background,,,2.87243125,6,7.113708333333333,
2026-03-02 00:00:00+00:00,NPT3,Newport,Urban Background,7.269083333333334,15.15,11.081059545454545,5,6.958333333333333,0.3107500000000005
2026-03-02 00:00:00+00:00,PT4,Port Talbot Margam,Urban Industrial,6.625,15.459208333333335,,5,7.269083333333334,-0.6440833333333336
2026-03-02 00:00:00+00:00,SWA1,Swansea Roadside,Urban Traffic,8.0,15.963347826086956,15.684617391304347,5,6.958333333333333,1.041666666666667
2026-03-02 00:00:00+00:00,WREX,Wrexham,Urban Traffic,3.3186666666666667,7.472916666666666,8.415728333333332,5,7.269083333333334,-3.950416666666667
2026-03-03 00:00:00+00:00,CARD,Cardiff Centre,Urban Background,8.791666666666666,14.533416666666668,17.475474166666668,5,8.541666666666666,0.25
2026-03-03 00:00:00+00:00,CHP,Chepstow A48,Urban Traffic,,,23.29180956521739,6,8.666666666666666,
2026-03-03 00:00:00+00:00,PEMB,Narberth,Rural Background,8.094583333333334,14.330208333333333,5.254297083333333,5,8.791666666666666,-0.6970833333333317
2026-03-03 00:00:00+00:00,NPT3,Newport,Urban Background,8.472833333333334,14.648958333333333,15.048358333333333,5,8.791666666666666,-0.3188333333333322
2026-03-03 00:00:00+00:00,PT4,Port Talbot Margam,Urban Industrial,8.541666666666666,11.916583333333334,,5,8.791666666666666,-0.25
2026-03-03 00:00:00+00:00,SWA1,Swansea Roadside,Urban Traffic,10.041666666666666,17.19025,33.16627916666666,5,8.541666666666666,1.5
2026-03-03 00:00:00+00:00,WREX,Wrexham,Urban Traffic,10.815791666666668,25.011458333333334,20.14288347826087,5,8.541666666666666,2.2741250000000015
2026-03-04 00:00:00+00:00,CARD,Cardiff Centre,Urban Background,16.291666666666668,25.04070833333333,20.917081904761904,6,15.828479166666668,0.4631875000000001
2026-03-04 00:00:00+00:00,CHP,Chepstow A48,Urban Traffic,16.666666666666668,24.557541666666665,26.462632083333332,6,15.640979166666668,1.0256875
2026-03-04 00:00:00+00:00,PEMB,Narberth,Rural Background,17.473583333333334,24.001041666666666,8.575772083333334,6,15.640979166666668,1.8326041666666661
2026-03-04 00:00:00+00:00,NPT3,Newport,Urban Background,17.875416666666666,25.353125000000002,26.078559583333334,6,15.640979166666668,2.2344374999999985
2026-03-04 00:00:00+00:00,PT4,Port Talbot Margam,Urban Industrial,14.08695652173913,21.676565217391303,,6,16.479166666666668,-2.392210144927537
2026-03-04 00:00:00+00:00,SWA1,Swansea Roadside,Urban Traffic,12.958333333333334,25.241958333333333,36.75394166666667,6,16.479166666666668,-3.520833333333334
2026-03-04 00:00:00+00:00,WREX,Wrexham,Urban Traffic,14.990291666666666,25.733333333333334,19.34445875,6,16.479166666666668,-1.488875000000002
2026-03-05 00:00:00+00:00,CARD,Cardiff Centre,Urban Background,26.041666666666668,36.87670833333333,31.688436666666664,6,20.344958333333334,5.6967083333333335
2026-03-05 00:00:00+00:00,CHP,Chepstow A48,Urban Traffic,23.916666666666668,34.420833333333334,35.014991304347824,6,20.344958333333334,3.5717083333333335
2026-03-05 00:00:00+00:00,PEMB,Narberth,Rural Background,19.084083333333336,26.840625,10.202813333333333,6,22.76125,-3.6771666666666647
2026-03-05 00:00:00+00:00,NPT3,Newport,Urban Background,21.605833333333333,31.911458333333332,26.952385833333334,6,21.500375000000002,0.10545833333333121
2026-03-05 00:00:00+00:00,PT4,Port Talbot Margam,Urban Industrial,16.0,22.142041666666668,,6,22.76125,-6.76125
2026-03-05 00:00:00+00:00,SWA1,Swansea Roadside,Urban Traffic,16.083333333333332,24.316041666666667,32.799841666666666,6,22.76125,-6.677916666666668
2026-03-05 00:00:00+00:00,WREX,Wrexham,Urban Traffic,26.738541666666666,33.959375,20.813015416666666,6,20.344958333333334,6.393583333333332
2026-03-06 00:00:00+00:00,CARD,Cardiff Centre,Urban Background,7.25,9.017875,14.582581249999999,6,3.8569375,3.3930625
2026-03-06 00:00:00+00:00,CHP,Chepstow A48,Urban Traffic,9.666666666666666,13.28525,20.641043333333332,6,3.8569375,5.809729166666666
2026-03-06 00:00:00+00:00,PEMB,Narberth,Rural Background,4.005541666666667,9.237499999999999,2.740343636363636,6,4.498166666666667,-0.4926250000000003
2026-03-06 00:00:00+00:00,NPT3,Newport,Urban Background,5.288,8.294791666666667,10.654064166666666,6,3.8569375,1.4310625000000003
2026-03-06 00:00:00+00:00,PT4,Port Talbot Margam,Urban Industrial,3.7083333333333335,1.9324166666666667,,6,4.646770833333333,-0.9384374999999996
2026-03-06 00:00:00+00:00,SWA1,Swansea Roadside,Urban Traffic,2.25,4.951708333333333,6.88214125,6,4.646770833333333,-2.396770833333333
2026-03-06 00:00:00+00:00,WREX,Wrexham,Urban Traffic,2.9462083333333333,5.248958333333333,11.904860416666667,6,4.646770833333333,-1.7005624999999998
2026-03-07 00:00:00+00:00,CARD,Cardiff Centre,Urban Background,15.666666666666666,19.082375000000003,15.085302083333334,6,11.822979166666666,3.8436874999999997
2026-03-07 00:00:00+00:00,CHP,Chepstow A48,Urban Traffic,21.041666666666668,23.993958333333335,19.65604125,6,11.822979166666666,9.218687500000001
2026-03-07 00:00:00+00:00,PEMB,Narberth,Rural Background,11.575291666666667,16.313541666666666,8.144191666666666,6,13.868666666666666,-2.2933749999999993
2026-03-07 00:00:00+00:00,NPT3,Newport,Urban Background,16.685416666666665,21.253125,13.922030833333332,6,11.822979166666666,4.862437499999999
2026-03-07 00:00:00+00:00,PT4,Port Talbot Margam,Urban Industrial,10.958333333333334,9.702250000000001,,6,13.868666666666666,-2.910333333333332
2026-03-07 00:00:00+00:00,SWA1,Swansea Roadside,Urban Traffic,11.375,15.217666666666666,25.774313333333335,6,13.868666666666666,-2.493666666666666
2026-03-07 00:00:00+00:00,WREX,Wrexham,Urban Traffic,12.070666666666668,18.515625,18.661702083333335,6,13.620979166666666,-1.5503124999999986
2026-03-08 00:00:00+00:00,CARD,Cardiff Centre,Urban Background,25.458333333333332,29.38854166666667,14.9508875,6,22.124520833333335,3.333812499999997
2026-03-08 00:00:00+00:00,CHP,Chepstow A48,Urban Traffic,27.416666666666668,31.643083333333333,21.167549166666667,6,22.124520833333335,5.292145833333333
2026-03-08 00:00:00+00:00,PEMB,Narberth,Rural Background,17.99825,20.353125,9.150723333333334,6,22.675520833333334,-4.677270833333335
2026-03-08 00:00:00+00:00,NPT3,Newport,Urban Background,22.852,29.488541666666666,12.501512083333333,6,22.124520833333335,0.7274791666666651
2026-03-08 00:00:00+00:00,PT4,Port Talbot Margam,Urban Industrial,21.75,21.819999999999997,,6,22.675520833333334,-0.9255208333333336
2026-03-08 00:00:00+00:00,SWA1,Swansea Roadside,Urban Traffic,19.583333333333332,22.10183333333333,22.49806166666667,6,22.675520833333334,-3.0921875000000014
2026-03-08 00:00:00+00:00,WREX,Wrexham,Urban Traffic,22.499041666666667,30.383333333333336,15.087178333333334,6,22.301000000000002,0.1980416666666649
2026-03-09 00:00:00+00:00,CARD,Cardiff Centre,Urban Background,24.541666666666668,26.932875,20.13472625,6,15.4445,9.097166666666668
2026-03-09 00:00:00+00:00,CHP,Chepstow A48,Urban Traffic,27.625,32.00541666666667,28.92745652173913,6,15.4445,12.1805
2026-03-09 00:00:00+00:00,PEMB,Narberth,Rural Background,12.852958333333333,15.613541666666668,9.348609999999999,6,19.637916666666666,-6.784958333333332
2026-03-09 00:00:00+00:00,NPT3,Newport,Urban Background,23.5535,28.454166666666666,22.569927500000002,6,15.4445,8.109
2026-03-09 00:00:00+00:00,PT4,Port Talbot Margam,Urban Industrial,13.791666666666666,14.452791666666668,,6,19.637916666666666,-5.8462499999999995
2026-03-09 00:00:00+00:00,SWA1,Swansea Roadside,Urban Traffic,15.166666666666666,18.237,25.604867083333332,6,19.637916666666666,-4.4712499999999995
2026-03-09 00:00:00+00:00,WREX,Wrexham,Urban Traffic,15.722333333333333,21.7,17.98004583333333,6,19.360083333333332,-3.6377499999999987
2026-03-10 00:00:00+00:00,CARD,Cardiff Centre,Urban Background,3.4583333333333335,6.6425833333333335,15.280596666666668,6,3.7684166666666665,-0.31008333333333304
2026-03-10 00:00:00+00:00,CHP,Chepstow A48,Urban Traffic,6.083333333333333,10.829458333333333,22.764385,6,3.393416666666667,2.689916666666666
2026-03-10 00:00:00+00:00,PEMB,Narberth,Rural Background,3.3285,6.983333333333333,3.2656420833333333,6,3.833333333333333,-0.504833333333333
2026-03-10 00:00:00+00:00,NPT3,Newport,Urban Background,3.3215416666666666,8.273958333333333,11.858600869565217,6,3.833333333333333,-0.5117916666666664
2026-03-10 00:00:00+00:00,PT4,Port Talbot Margam,Urban Industrial,4.666666666666667,14.291666666666666,,6,3.393416666666667,1.27325
2026-03-10 00:00:00+00:00,SWA1,Swansea Roadside,Urban Traffic,4.208333333333333,10.628375,13.007093333333332,6,3.393416666666667,0.8149166666666661
2026-03-10 00:00:00+00:00,WREX,Wrexham,Urban Traffic,2.181625,6.605208333333334,12.648757916666668,6,3.833333333333333,-1.6517083333333331
2026-03-11 00:00:00+00:00,CARD,Cardiff Centre,Urban Background,9.416666666666666,24.59783333333333,7.988566250000001,6,8.736895833333334,0.6797708333333325
2026-03-11 00:00:00+00:00,CHP,Chepstow A48,Urban Traffic,9.375,20.209708333333335,25.835298750000003,6,8.736895833333334,0.6381041666666665
2026-03-11 00:00:00+00:00,PEMB,Narberth,Rural Background,9.637500000000001,18.485416666666666,2.310357916666667,6,8.736895833333334,0.9006041666666675
2026-03-11 00:00:00+00:00,NPT3,Newport,Urban Background,9.015458333333333,20.313541666666666,5.556910416666667,6,8.916666666666668,0.09879166666666528
2026-03-11 00:00:00+00:00,PT4,Port Talbot Margam,Urban Industrial,8.375,26.61075,,6,9.195229166666667,-0.8202291666666675
2026-03-11 00:00:00+00:00,SWA1,Swansea Roadside,Urban Traffic,8.458333333333334,24.517375,7.2707325,6,9.195229166666667,-0.7368958333333335
2026-03-11 00:00:00+00:00,WREX,Wrexham,Urban Traffic,6.4239999999999995,12.457291666666668,5.0356258333333335,6,9.195229166666667,-2.771229166666668
2026-03-12 00:00:00+00:00,CARD,Cardiff Centre,Urban Background,4.708333333333333,10.104916666666666,6.458007916666666,6,5.939,-1.230666666666667
2026-03-12 00:00:00+00:00,CHP,Chepstow A48,Urban Traffic,6.458333333333333,11.393083333333335,10.928125,6,5.399520833333334,1.0588124999999993
2026-03-12 00:00:00+00:00,PEMB,Narberth,Rural Background,5.1710416666666665,8.614583333333334,1.4669283333333334,6,5.939,-0.7679583333333335
2026-03-12 00:00:00+00:00,NPT3,Newport,Urban Background,5.628,13.088541666666666,5.626493750000001,6,5.710520833333334,-0.0825208333333336
2026-03-12 00:00:00+00:00,PT4,Port Talbot Margam,Urban Industrial,8.25,27.818375,,6,5.399520833333334,2.8504791666666662
2026-03-12 00:00:00+00:00,SWA1,Swansea Roadside,Urban Traffic,6.25,18.92141666666667,4.132377916666667,6,5.399520833333334,0.8504791666666662
2026-03-12 00:00:00+00:00,WREX,Wrexham,Urban Traffic,2.6100833333333333,5.020833333333333,4.9986629166666665,6,5.939,-3.3289166666666667
2026-03-13 00:00:00+00:00,CARD,Cardiff Centre,Urban Background,6.041666666666667,12.641166666666665,11.197468333333333,6,4.75525,1.2864166666666668
2026-03-13 00:00:00+00:00,CHP,Chepstow A48,Urban Traffic,9.083333333333334,15.016374999999998,28.49817333333333,6,4.75525,4.328083333333334
2026-03-13 00:00:00+00:00,PEMB,Narberth,Rural Background,3.3814583333333332,5.816666666666666,1.5391841666666668,6,5.651083333333333,-2.269625
2026-03-13 00:00:00+00:00,NPT3,Newport,Urban Background,5.2604999999999995,11.383333333333333,9.325888695652173,6,5.145833333333334,0.11466666666666558
2026-03-13 00:00:00+00:00,PT4,Port Talbot Margam,Urban Industrial,6.875,15.781333333333334,,6,4.75525,2.11975
2026-03-13 00:00:00+00:00,SWA1,Swansea Roadside,Urban Traffic,4.25,14.815041666666666,10.544300833333333,6,5.651083333333333,-1.4010833333333332
2026-03-13 00:00:00+00:00,WREX,Wrexham,Urban Traffic,2.955,5.401041666666667,3.9411125000000005,6,5.651083333333333,-2.696083333333333
2026-03-14 00:00:00+00:00,CARD,Cardiff Centre,Urban Background,8.541666666666666,14.77475,13.510757499999999,6,6.262708333333334,2.278958333333332
2026-03-14 00:00:00+00:00,CHP,Chepstow A48,Urban Traffic,10.208333333333334,19.927916666666665,30.368627500000002,6,6.262708333333334,3.9456249999999997
2026-03-14 00:00:00+00:00,PEMB,Narberth,Rural Background,3.81875,8.375,2.0724095833333336,6,7.541666666666666,-3.722916666666666
2026-03-14 00:00:00+00:00,NPT3,Newport,Urban Background,5.983750000000001,10.887500000000001,18.397997083333333,6,7.541666666666666,-1.5579166666666655
2026-03-14 00:00:00+00:00,PT4,Port Talbot Margam,Urban Industrial,6.541666666666667,12.480125000000001,11.779844583333334,6,7.262708333333333,-0.7210416666666664
2026-03-14 00:00:00+00:00,SWA1,Swansea Roadside,Urban Traffic,10.0,17.673416666666668,19.04485375,6,6.262708333333334,3.737291666666666
2026-03-14 00:00:00+00:00,WREX,Wrexham,Urban Traffic,5.108125,10.328125,10.133272083333333,6,7.541666666666666,-2.433541666666666
2026-03-15 00:00:00+00:00,CARD,Cardiff Centre,Urban Background,7.625,12.479999999999999,12.44181125,6,6.233229166666666,1.391770833333334
2026-03-15 00:00:00+00:00,CHP,Chepstow A48,Urban Traffic,7.958333333333333,11.594375,18.471204583333332,6,6.233229166666666,1.725104166666667
2026-03-15 00:00:00+00:00,PEMB,Narberth,Rural Background,4.6963333333333335,8.772916666666667,1.340552608695652,6,7.1875,-2.4911666666666665
2026-03-15 00:00:00+00:00,NPT3,Newport,Urban Background,5.716458333333333,10.609375,7.6704904166666665,6,7.1875,-1.4710416666666672
2026-03-15 00:00:00+00:00,PT4,Port Talbot Margam,Urban Industrial,6.75,16.586333333333332,4.8442575,6,6.670729166666666,0.07927083333333407
2026-03-15 00:00:00+00:00,SWA1,Swansea Roadside,Urban Traffic,8.666666666666666,18.196791666666666,10.3361425,6,6.233229166666666,2.4334375
2026-03-15 00:00:00+00:00,WREX,Wrexham,Urban Traffic,3.260521739130435,5.744217391304347,4.041487916666667,6,7.1875,-3.926978260869565
2026-03-16 00:00:00+00:00,CARD,Cardiff Centre,Urban Background,6.916666666666667,14.291583333333334,9.683972083333334,6,7.9014375,-0.9847708333333332
2026-03-16 00:00:00+00:00,CHP,Chepstow A48,Urban Traffic,7.2272727272727275,16.205772727272727,25.02097541666667,6,7.9014375,-0.6741647727272726
2026-03-16 00:00:00+00:00,PEMB,Narberth,Rural Background,8.981916666666667,15.09375,1.6410816666666665,6,7.24424053030303,1.7376761363636364
2026-03-16 00:00:00+00:00,NPT3,Newport,Urban Background,7.261208333333333,14.890625,8.914102083333333,6,7.884469696969697,-0.623261363636364
2026-03-16 00:00:00+00:00,PT4,Port Talbot Margam,Urban Industrial,8.541666666666666,22.18241666666667,6.662097916666667,6,7.24424053030303,1.2974261363636357
2026-03-16 00:00:00+00:00,SWA1,Swansea Roadside,Urban Traffic,9.0,20.330458333333333,7.678502083333334,6,7.24424053030303,1.7557594696969696
2026-03-16 00:00:00+00:00,WREX,Wrexham,Urban Traffic,3.760875,6.75,6.683964583333334,6,7.9014375,-4.1405625
2026-03-17 00:00:00+00:00,CARD,Cardiff Centre,Urban Background,10.416666666666666,21.377208333333332,15.13566,6,10.168678030303031,0.247988636363635
2026-03-17 00:00:00+00:00,CHP,Chepstow A48,Urban Traffic,10.227272727272727,23.309625,26.593647083333334,6,10.242541666666668,-0.015268939393941139
2026-03-17 00:00:00+00:00,PEMB,Narberth,Rural Background,10.110083333333334,17.119791666666668,2.31251,6,10.301136363636363,-0.19105303030302956
2026-03-17 00:00:00+00:00,NPT3,Newport,Urban Background,10.555291666666667,18.988541666666666,13.14474875,6,10.168678030303031,0.3866136363636361
2026-03-17 00:00:00+00:00,PT4,Port Talbot Margam,Urban Industrial,9.956521739130435,21.844521739130435,10.353056818181818,6,10.301136363636363,-0.34461462450592784
2026-03-17 00:00:00+00:00,SWA1,Swansea Roadside,Urban Traffic,10.375,27.335416666666664,19.043883333333333,6,10.168678030303031,0.20632196969696892
2026-03-17 00:00:00+00:00,WREX,Wrexham,Urban Traffic,6.377791666666667,12.057291666666666,10.79768,6,10.301136363636363,-3.9233446969696963
2026-03-18 00:00:00+00:00,CARD,Cardiff Centre,Urban Background,10.875,18.800625,24.385749166666667,6,9.515827651515153,1.3591723484848472
2026-03-18 00:00:00+00:00,CHP,Chepstow A48,Urban Traffic,11.304347826086957,17.109875,22.456807083333334,6,9.515827651515153,1.7885201745718042
2026-03-18 00:00:00+00:00,PEMB,Narberth,Rural Background,7.319291666666667,13.375,5.183267916666667,6,10.755681818181818,-3.436390151515151
2026-03-18 00:00:00+00:00,NPT3,Newport,Urban Background,8.395291666666667,14.057291666666666,20.187884583333332,6,10.755681818181818,-2.3603901515151513
2026-03-18 00:00:00+00:00,PT4,Port Talbot Margam,Urban Industrial,8.208333333333334,12.842333333333334,12.71018625,6,10.755681818181818,-2.5473484848484844
2026-03-18 00:00:00+00:00,SWA1,Swansea Roadside,Urban Traffic,10.636363636363637,21.466434782608697,31.703342173913043,6,9.635145833333333,1.001217803030304
2026-03-18 00:00:00+00:00,WREX,Wrexham,Urban Traffic,12.111916666666666,22.08125,29.364410000000003,6,9.515827651515153,2.596089015151513
2026-03-19 00:00:00+00:00,CARD,Cardiff Centre,Urban Background,16.958333333333332,24.960125,22.645482916666666,6,15.5058125,1.4525208333333328
2026-03-19 00:00:00+00:00,CHP,Chepstow A48,Urban Traffic,17.125,25.725041666666666,26.73093833333333,6,15.5058125,1.6191875000000007
2026-03-19 00:00:00+00:00,PEMB,Narberth,Rural Background,13.51025,20.20208333333333,8.3345525,6,16.222520833333334,-2.712270833333335
2026-03-19 00:00:00+00:00,NPT3,Newport,Urban Background,16.475083333333334,25.506249999999998,21.87468625,6,15.5058125,0.9692708333333346
2026-03-19 00:00:00+00:00,PT4,Port Talbot Margam,Urban Industrial,12.619047619047619,19.364291666666666,13.443665416666667,6,16.222520833333334,-3.6034732142857155
2026-03-19 00:00:00+00:00,SWA1,Swansea Roadside,Urban Traffic,15.041666666666666,25.44333333333333,39.91293916666667,6,16.222520833333334,-1.180854166666668
2026-03-19 00:00:00+00:00,WREX,Wrexham,Urban Traffic,15.969958333333333,26.208333333333332,31.358988333333333,6,15.758375000000001,0.21158333333333168
2026-03-20 00:00:00+00:00,CARD,Cardiff Centre,Urban Background,23.0,32.730125,24.844104782608696,6,25.145249999999997,-2.145249999999997
2026-03-20 00:00:00+00:00,CHP,Chepstow A48,Urban Traffic,24.958333333333332,30.556124999999998,24.874042916666667,6,24.728583333333333,0.22974999999999923
2026-03-20 00:00:00+00:00,PEMB,Narberth,Rural Background,25.623125,34.333333333333336,9.637068333333334,6,24.541666666666664,1.0814583333333374
2026-03-20 00:00:00+00:00,NPT3,Newport,Urban Background,25.332166666666666,33.89270833333333,24.512024999999998,6,24.541666666666664,0.7905000000000015
2026-03-20 00:00:00+00:00,PT4,Port Talbot Margam,Urban Industrial,20.166666666666668,37.762458333333335,24.160277500000003,6,25.145249999999997,-4.978583333333329
2026-03-20 00:00:00+00:00,SWA1,Swansea Roadside,Urban Traffic,24.125,34.179291666666664,38.09437333333333,6,25.145249999999997,-1.0202499999999972
2026-03-20 00:00:00+00:00,WREX,Wrexham,Urban Traffic,28.350166666666667,37.42916666666667,26.736874583333332,6,24.541666666666664,3.808500000000002
2026-03-21 00:00:00+00:00,CARD,Cardiff Centre,Urban Background,28.833333333333332,35.789625,29.816855652173913,6,25.271229166666664,3.5621041666666677
2026-03-21 00:00:00+00:00,CHP,Chepstow A48,Urban Traffic,25.208333333333332,30.31441666666667,24.030661666666663,6,26.5375,-1.3291666666666693
2026-03-21 00:00:00+00:00,PEMB,Narberth,Rural Background,30.695791666666665,38.87291666666667,10.154269583333333,6,25.271229166666664,5.4245625
2026-03-21 00:00:00+00:00,NPT3,Newport,Urban Background,25.334125,31.444791666666664,23.416596666666667,6,26.474604166666666,-1.1404791666666654
2026-03-21 00:00:00+00:00,PT4,Port Talbot Margam,Urban Industrial,24.166666666666668,28.663916666666665,14.9304975,6,26.5375,-2.3708333333333336
2026-03-21 00:00:00+00:00,SWA1,Swansea Roadside,Urban Traffic,23.541666666666668,31.441875,33.611457916666666,6,26.5375,-2.9958333333333336
2026-03-21 00:00:00+00:00,WREX,Wrexham,Urban Traffic,27.740875,37.50416666666667,29.796130416666667,6,25.271229166666664,2.4696458333333347
2026-03-22 00:00:00+00:00,CARD,Cardiff Centre,Urban Background,29.458333333333332,33.937875,21.5264725,6,21.291666666666668,8.166666666666664
2026-03-22 00:00:00+00:00,CHP,Chepstow A48,Urban Traffic,19.625,25.121125000000003,26.962652916666666,6,22.181583333333336,-2.556583333333336
2026-03-22 00:00:00+00:00,PEMB,Narberth,Rural Background,22.8215,28.349999999999998,7.1298125,6,21.291666666666668,1.5298333333333325
2026-03-22 00:00:00+00:00,NPT3,Newport,Urban Background,26.368041666666667,33.06458333333333,19.893953333333332,6,21.291666666666668,5.076374999999999
2026-03-22 00:00:00+00:00,PT4,Port Talbot Margam,Urban Industrial,21.041666666666668,24.960250000000002,10.071496250000001,6,22.181583333333336,-1.139916666666668
2026-03-22 00:00:00+00:00,SWA1,Swansea Roadside,Urban Traffic,21.541666666666668,26.651041666666668,19.186671666666665,6,21.931583333333336,-0.389916666666668
2026-03-22 00:00:00+00:00,WREX,Wrexham,Urban Traffic,19.29254166666667,26.40416666666667,18.09216041666667,6,22.181583333333336,-2.8890416666666674
2026-03-23 00:00:00+00:00,CARD,Cardiff Centre,Urban Background,14.458333333333334,22.303208333333334,18.856437500000002,6,12.770833333333332,1.6875000000000018
2026-03-23 00:00:00+00:00,CHP,Chepstow A48,Urban Traffic,13.041666666666666,23.430374999999998,27.11231375,6,13.104166666666668,-0.06250000000000178
2026-03-23 00:00:00+00:00,PEMB,Narberth,Rural Background,11.210791666666667,16.855208333333334,6.108575416666667,6,13.375,-2.164208333333333
2026-03-23 00:00:00+00:00,NPT3,Newport,Urban Background,14.07425,24.304166666666664,17.457470833333335,6,12.770833333333332,1.3034166666666671
2026-03-23 00:00:00+00:00,PT4,Port Talbot Margam,Urban Industrial,13.708333333333334,26.00679166666667,15.295209583333333,6,12.770833333333332,0.9375000000000018
2026-03-23 00:00:00+00:00,SWA1,Swansea Roadside,Urban Traffic,12.5,19.60575,20.21744,6,13.375,-0.875
2026-03-23 00:00:00+00:00,WREX,Wrexham,Urban Traffic,7.485333333333333,16.234375,18.620442083333334,6,13.375,-5.889666666666667
2026-03-24 00:00:00+00:00,CARD,Cardiff Centre,Urban Background,4.75,9.38025,8.679630833333333,6,3.2277708333333335,1.5222291666666665
2026-03-24 00:00:00+00:00,CHP,Chepstow A48,Urban Traffic,3.9166666666666665,10.628124999999999,15.440313333333334,6,3.2277708333333335,0.688895833333333
2026-03-24 00:00:00+00:00,PEMB,Narberth,Rural Background,2.6199166666666667,4.361458333333333,3.22912625,6,3.625,-1.0050833333333333
2026-03-24 00:00:00+00:00,NPT3,Newport,Urban Background,3.1222083333333335,6.448958333333334,6.129890434782609,6,3.625,-0.5027916666666665
2026-03-24 00:00:00+00:00,PT4,Port Talbot Margam,Urban Industrial,5.416666666666667,11.79575,5.948465217391304,6,3.2277708333333335,2.1888958333333335
2026-03-24 00:00:00+00:00,SWA1,Swansea Roadside,Urban Traffic,3.3333333333333335,8.776291666666667,5.6396533333333325,6,3.5194375,-0.18610416666666652
2026-03-24 00:00:00+00:00,WREX,Wrexham,Urban Traffic,1.38275,5.922916666666667,4.822829583333333,6,3.625,-2.2422500000000003
2026-03-25 00:00:00+00:00,CARD,Cardiff Centre,Urban Background,4.681818181818182,9.8,5.717236086956522,5,4.769125,-0.08730681818181818
2026-03-25 00:00:00+00:00,CHP,Chepstow A48,Urban Traffic,7.166666666666667,12.0775,13.353632916666667,5,4.681818181818182,2.4848484848484853
2026-03-25 00:00:00+00:00,PEMB,Narberth,Rural Background,4.769125,9.610416666666667,1.7316170833333333,5,4.681818181818182,0.08730681818181818
2026-03-25 00:00:00+00:00,NPT3,Newport,Urban Background,3.3215416666666666,7.497916666666666,5.115487083333333,5,4.769125,-1.4475833333333332
2026-03-25 00:00:00+00:00,PT4,Port Talbot Margam,Urban Industrial,5.708333333333333,13.44625,7.476535416666667,5,4.681818181818182,1.0265151515151514
2026-03-25 00:00:00+00:00,SWA1,Swansea Roadside,Urban Traffic,,11.95675,5.2434425,6,4.725471590909091,
2026-03-25 00:00:00+00:00,WREX,Wrexham,Urban Traffic,3.775541666666667,7.589583333333334,3.9448216666666664,5,4.769125,-0.993583333333333
2026-03-26 00:00:00+00:00,CARD,Cardiff Centre,Urban Background,5.875,12.359333333333334,9.7786575,5,5.853041666666667,0.02195833333333308
2026-03-26 00:00:00+00:00,CHP,Chepstow A48,Urban Traffic,6.791666666666667,11.674916666666666,23.16977375,5,5.853041666666667,0.938625
2026-03-26 00:00:00+00:00,PEMB,Narberth,Rural Background,5.853041666666667,11.890625,2.024892916666667,5,5.875,-0.02195833333333308
2026-03-26 00:00:00+00:00,NPT3,Newport,Urban Background,4.095916666666667,8.907291666666667,8.450546521739131,5,5.875,-1.7790833333333333
2026-03-26 00:00:00+00:00,PT4,Port Talbot Margam,Urban Industrial,7.636363636363637,14.090291666666666,10.450642083333333,5,5.853041666666667,1.7833219696969698
2026-03-26 00:00:00+00:00,SWA1,Swansea Roadside,Urban Traffic,,,9.20662875,6,5.864020833333333,
2026-03-26 00:00:00+00:00,WREX,Wrexham,Urban Traffic,3.156541666666667,7.288541666666667,6.651755416666667,5,5.875,-2.718458333333333
2026-03-27 00:00:00+00:00,CARD,Cardiff Centre,Urban Background,7.125,11.272291666666668,11.406444583333332,6,5.4255625,1.6994375000000002
2026-03-27 00:00:00+00:00,CHP,Chepstow A48,Urban Traffic,7.333333333333333,13.406125000000001,21.170535217391304,6,5.4255625,1.9077708333333332
2026-03-27 00:00:00+00:00,PEMB,Narberth,Rural Background,5.517791666666667,9.908333333333333,3.0193812500000003,6,5.75,-0.23220833333333335
2026-03-27 00:00:00+00:00,NPT3,Newport,Urban Background,5.167,10.293750000000001,9.112776250000001,6,5.842229166666667,-0.675229166666667
2026-03-27 00:00:00+00:00,PT4,Port Talbot Margam,Urban Industrial,6.166666666666667,14.01,9.536924166666667,6,5.4255625,0.7411041666666671
2026-03-27 00:00:00+00:00,SWA1,Swansea Roadside,Urban Traffic,5.333333333333333,14.090333333333334,9.376044583333334,6,5.842229166666667,-0.5088958333333338
2026-03-27 00:00:00+00:00,WREX,Wrexham,Urban Traffic,4.5125,8.826041666666667,7.520770833333334,6,5.842229166666667,-1.3297291666666666
2026-03-28 00:00:00+00:00,CARD,Cardiff Centre,Urban Background,6.833333333333333,12.560708333333332,8.960425,5,5.446166666666667,1.3871666666666664
2026-03-28 00:00:00+00:00,CHP,Chepstow A48,Urban Traffic,7.5,17.02929166666667,,5,5.446166666666667,2.0538333333333334
2026-03-28 00:00:00+00:00,PEMB,Narberth,Rural Background,5.043333333333334,10.732291666666667,1.6725966666666665,5,6.375,-1.331666666666666
2026-03-28 00:00:00+00:00,NPT3,Newport,Urban Background,5.446166666666667,11.807291666666666,7.3223287500000005,5,6.375,-0.9288333333333334
2026-03-28 00:00:00+00:00,PT4,Port Talbot Margam,Urban Industrial,,14.452791666666668,8.186896666666668,6,5.910583333333333,
2026-03-28 00:00:00+00:00,SWA1,Swansea Roadside,Urban Traffic,6.375,15.298083333333333,13.151635833333332,5,5.446166666666667,0.9288333333333334
2026-03-28 00:00:00+00:00,WREX,Wrexham,Urban Traffic,4.852541666666666,10.512500000000001,4.12121125,5,6.375,-1.5224583333333337
2026-03-29 00:00:00+00:00,CARD,Cardiff Centre,Urban Background,8.333333333333334,14.372124999999999,12.507328333333334,5,5.914958333333334,2.418375
2026-03-29 00:00:00+00:00,CHP,Chepstow A48,Urban Traffic,7.416666666666667,19.364208333333334,,5,5.914958333333334,1.5017083333333332
2026-03-29 00:00:00+00:00,PEMB,Narberth,Rural Background,5.914958333333334,10.834375,1.9352329166666669,5,7.041666666666667,-1.1267083333333332
2026-03-29 00:00:00+00:00,NPT3,Newport,Urban Background,5.814708333333333,11.060416666666667,10.403449166666666,5,7.041666666666667,-1.226958333333334
2026-03-29 00:00:00+00:00,PT4,Port Talbot Margam,Urban Industrial,,16.9085,5.0029579166666664,6,6.4783125,
2026-03-29 00:00:00+00:00,SWA1,Swansea Roadside,Urban Traffic,7.041666666666667,14.573500000000001,10.941033333333332,5,5.914958333333334,1.1267083333333332
2026-03-29 00:00:00+00:00,WREX,Wrexham,Urban Traffic,5.022625000000001,9.184375000000001,3.4792629166666664,5,7.041666666666667,-2.0190416666666664
2026-03-30 00:00:00+00:00,CARD,Cardiff Centre,Urban Background,10.625,21.940875000000002,9.264164583333333,5,11.619047619047619,-0.9940476190476186
2026-03-30 00:00:00+00:00,CHP,Chepstow A48,Urban Traffic,12.80952380952381,24.911217391304348,,5,10.625,2.18452380952381
2026-03-30 00:00:00+00:00,PEMB,Narberth,Rural Background,11.628458333333334,20.565625,1.9932004166666666,5,10.625,1.0034583333333345
2026-03-30 00:00:00+00:00,NPT3,Newport,Urban Background,10.507166666666667,20.175,7.3930879166666665,5,11.619047619047619,-1.111880952380952
2026-03-30 00:00:00+00:00,PT4,Port Talbot Margam,Urban Industrial,,24.155041666666666,11.624464166666668,6,11.12202380952381,
2026-03-30 00:00:00+00:00,SWA1,Swansea Roadside,Urban Traffic,11.619047619047619,25.296909090909093,7.584477391304348,5,10.625,0.9940476190476186
2026-03-30 00:00:00+00:00,WREX,Wrexham,Urban Traffic,10.539583333333333,19.355208333333334,3.8546975,5,11.619047619047619,-1.0794642857142858
2026-03-31 00:00:00+00:00,CARD,Cardiff Centre,Urban Background,8.458333333333334,13.768291666666668,11.187191666666665,5,4.485041666666667,3.9732916666666673
2026-03-31 00:00:00+00:00,CHP,Chepstow A48,Urban Traffic,9.916666666666666,16.586375,,5,4.485041666666667,5.4316249999999995
2026-03-31 00:00:00+00:00,PEMB,Narberth,Rural Background,3.9456249999999997,6.663541666666667,2.494137916666667,5,8.458333333333334,-4.512708333333334
2026-03-31 00:00:00+00:00,NPT3,Newport,Urban Background,4.485041666666667,8.409374999999999,9.370081666666666,5,8.458333333333334,-3.9732916666666673
2026-03-31 00:00:00+00:00,PT4,Port Talbot Margam,Urban Industrial,,16.74752380952381,15.1413025,6,6.4716875,
2026-03-31 00:00:00+00:00,SWA1,Swansea Roadside,Urban Traffic,9.875,17.794208333333334,17.747010416666665,5,4.485041666666667,5.389958333333333
2026-03-31 00:00:00+00:00,WREX,Wrexham,Urban Traffic,3.5091666666666668,6.829166666666667,7.077403043478261,5,8.458333333333334,-4.949166666666667
2026-04-01 00:00:00+00:00,CARD,Cardiff Centre,Urban Background,8.375,18.599291666666666,9.805467391304347,6,5.984,2.391
2026-04-01 00:00:00+00:00,CHP,Chepstow A48,Urban Traffic,8.333333333333334,18.639583333333334,,6,5.984,2.349333333333334
2026-04-01 00:00:00+00:00,PEMB,Narberth,Rural Background,5.759666666666667,11.280208333333334,2.1901052173913045,6,6.430104166666666,-0.6704374999999994
2026-04-01 00:00:00+00:00,NPT3,Newport,Urban Background,6.651875,12.622916666666667,7.616890416666667,6,5.984,0.6678750000000004
2026-04-01 00:00:00+00:00,PT4,Port Talbot Margam,Urban Industrial,5.608695652173913,19.996086956521737,10.953494782608695,6,6.430104166666666,-0.8214085144927532
2026-04-01 00:00:00+00:00,SWA1,Swansea Roadside,Urban Traffic,6.208333333333333,17.955166666666667,10.399770416666668,6,6.205770833333334,0.002562499999998913
2026-04-01 00:00:00+00:00,WREX,Wrexham,Urban Traffic,3.489708333333333,6.776041666666667,5.352210833333333,6,6.430104166666666,-2.940395833333333
2026-04-02 00:00:00+00:00,CARD,Cardiff Centre,Urban Background,4.125,8.413958333333333,9.3249525,6,3.7258750000000003,0.39912499999999973
2026-04-02 00:00:00+00:00,CHP,Chepstow A48,Urban Traffic,6.625,11.352875,,6,3.7258750000000003,2.8991249999999997
2026-04-02 00:00:00+00:00,PEMB,Narberth,Rural Background,3.5239999999999996,7.882291666666667,2.501265,6,3.8958333333333335,-0.3718333333333339
2026-04-02 00:00:00+00:00,NPT3,Newport,Urban Background,3.6184166666666666,8.586458333333333,8.106630416666667,6,3.8958333333333335,-0.27741666666666687
2026-04-02 00:00:00+00:00,PT4,Port Talbot Margam,Urban Industrial,3.9583333333333335,10.950208333333334,8.419472083333334,6,3.7258750000000003,0.2324583333333332
2026-04-02 00:00:00+00:00,SWA1,Swansea Roadside,Urban Traffic,3.8333333333333335,10.990416666666667,9.178392916666667,6,3.7883750000000003,0.04495833333333321
2026-04-02 00:00:00+00:00,WREX,Wrexham,Urban Traffic,2.751625,5.6781250000000005,10.538472916666667,6,3.8958333333333335,-1.1442083333333333
2026-04-03 00:00:00+00:00,CARD,Cardiff Centre,Urban Background,6.916666666666667,12.681333333333333,5.80130375,6,5.731791666666667,1.184875
2026-04-03 00:00:00+00:00,CHP,Chepstow A48,Urban Traffic,6.166666666666667,12.963208333333334,,6,6.044291666666667,0.1223749999999999
2026-04-03 00:00:00+00:00,PEMB,Narberth,Rural Background,5.296916666666667,9.1875,2.628985,6,6.479166666666667,-1.1822499999999998
2026-04-03 00:00:00+00:00,NPT3,Newport,Urban Background,5.216291666666667,9.727083333333333,3.531776666666667,6,6.479166666666667,-1.2628750000000002
2026-04-03 00:00:00+00:00,PT4,Port Talbot Margam,Urban Industrial,6.791666666666667,18.59925,4.8895116666666665,6,5.731791666666667,1.059875
2026-04-03 00:00:00+00:00,SWA1,Swansea Roadside,Urban Traffic,6.916666666666667,13.607208333333332,4.751314166666667,6,5.731791666666667,1.184875
2026-04-03 00:00:00+00:00,WREX,Wrexham,Urban Traffic,1.6814166666666666,3.5593749999999997,6.6658599999999995,6,6.479166666666667,-4.797750000000001
2026-04-04 00:00:00+00:00,CARD,Cardiff Centre,Urban Background,7.625,17.190291666666667,7.703655416666667,6,7.383520833333334,0.24147916666666625
2026-04-04 00:00:00+00:00,CHP,Chepstow A48,Urban Traffic,8.25,16.586333333333332,,6,7.383520833333334,0.8664791666666662
2026-04-04 00:00:00+00:00,PEMB,Narberth,Rural Background,7.506833333333333,13.422916666666666,1.6549504166666666,6,7.442604166666667,0.06422916666666545
2026-04-04 00:00:00+00:00,NPT3,Newport,Urban Background,7.260208333333334,15.516666666666666,4.493319583333333,6,7.565916666666666,-0.3057083333333326
2026-04-04 00:00:00+00:00,PT4,Port Talbot Margam,Urban Industrial,12.166666666666666,32.20666666666667,7.78241125,6,7.383520833333334,4.783145833333332
2026-04-04 00:00:00+00:00,SWA1,Swansea Roadside,Urban Traffic,7.125,20.69279166666667,7.553126250000001,6,7.565916666666666,-0.4409166666666664
2026-04-04 00:00:00+00:00,WREX,Wrexham,Urban Traffic,3.8688333333333333,8.327083333333333,9.458408333333333,6,7.565916666666666,-3.697083333333333
2026-04-05 00:00:00+00:00,CARD,Cardiff Centre,Urban Background,6.291666666666667,13.768374999999999,8.766205416666667,6,4.866687499999999,1.4249791666666676
2026-04-05 00:00:00+00:00,CHP,Chepstow A48,Urban Traffic,6.791666666666667,13.325375000000001,,6,4.866687499999999,1.9249791666666676
2026-04-05 00:00:00+00:00,PEMB,Narberth,Rural Background,3.485708333333333,8.11875,1.3100570833333334,6,5.708333333333334,-2.2226250000000007
2026-04-05 00:00:00+00:00,NPT3,Newport,Urban Background,4.358375,10.177083333333334,4.306272916666667,6,5.708333333333334,-1.3499583333333343
2026-04-05 00:00:00+00:00,PT4,Port Talbot Margam,Urban Industrial,5.375,15.821458333333332,4.159990416666667,6,5.200020833333333,0.17497916666666669
2026-04-05 00:00:00+00:00,SWA1,Swansea Roadside,Urban Traffic,6.041666666666667,16.22404166666667,8.868295416666667,6,4.866687499999999,1.1749791666666676
2026-04-05 00:00:00+00:00,WREX,Wrexham,Urban Traffic,2.339875,4.870833333333334,4.888530416666667,6,5.708333333333334,-3.3684583333333338
2026-04-06 00:00:00+00:00,CARD,Cardiff Centre,Urban Background,8.0,,16.434326666666667,6,6.184229166666666,1.8157708333333336
2026-04-06 00:00:00+00:00,CHP,Chepstow A48,Urban Traffic,8.916666666666666,15.459166666666667,,6,6.184229166666666,2.7324374999999996
2026-04-06 00:00:00+00:00,PEMB,Narberth,Rural Background,5.993541666666666,17.616666666666667,2.4832483333333335,6,6.833291666666667,-0.8397500000000004
2026-04-06 00:00:00+00:00,NPT3,Newport,Urban Background,6.374916666666667,11.628124999999999,12.152045000000001,6,6.642604166666667,-0.2676875000000001
2026-04-06 00:00:00+00:00,PT4,Port Talbot Margam,Urban Industrial,5.0476190476190474,11.835958333333332,4.263850833333334,6,6.833291666666667,-1.7856726190476193
2026-04-06 00:00:00+00:00,SWA1,Swansea Roadside,Urban Traffic,7.291666666666667,15.821416666666666,14.403642499999998,6,6.184229166666666,1.1074375000000005
2026-04-06 00:00:00+00:00,WREX,Wrexham,Urban Traffic,4.2984583333333335,9.658333333333333,11.501397083333332,6,6.833291666666667,-2.5348333333333333
2026-04-07 00:00:00+00:00,CARD,Cardiff Centre,Urban Background,7.75,,20.282998333333335,6,7.131729166666666,0.6182708333333338
2026-04-07 00:00:00+00:00,CHP,Chepstow A48,Urban Traffic,7.875,15.177416666666666,,6,7.131729166666666,0.7432708333333338
2026-04-07 00:00:00+00:00,PEMB,Narberth,Rural Background,9.13325,18.844791666666666,5.84039,6,7.131729166666666,2.001520833333334
2026-04-07 00:00:00+00:00,NPT3,Newport,Urban Background,4.997125,11.509375,18.860882916666664,6,7.75,-2.7528750000000004
2026-04-07 00:00:00+00:00,PT4,Port Talbot Margam,Urban Industrial,5.3478260869565215,11.956791666666668,5.378173749999999,6,7.75,-2.4021739130434785
2026-04-07 00:00:00+00:00,SWA1,Swansea Roadside,Urban Traffic,7.75,21.417416666666668,21.833531249999997,6,7.131729166666666,0.6182708333333338
2026-04-07 00:00:00+00:00,WREX,Wrexham,Urban Traffic,6.513458333333333,14.877083333333333,18.652552916666668,6,7.75,-1.2365416666666667
2026-04-08 00:00:00+00:00,CARD,Cardiff Centre,Urban Background,11.91304347826087,,19.710098333333335,6,12.334833333333332,-0.421789855072463
2026-04-08 00:00:00+00:00,CHP,Chepstow A48,Urban Traffic,12.375,24.517375,,6,12.103855072463768,0.2711449275362323
2026-04-08 00:00:00+00:00,PEMB,Narberth,Rural Background,10.100333333333333,17.451041666666665,4.905204583333333,6,12.334833333333332,-2.234499999999999
2026-04-08 00:00:00+00:00,NPT3,Newport,Urban Background,9.537125,20.794791666666665,16.199041666666666,6,12.334833333333332,-2.7977083333333326
2026-04-08 00:00:00+00:00,PT4,Port Talbot Margam,Urban Industrial,13.590909090909092,33.85733333333334,18.571945833333334,6,12.103855072463768,1.487054018445324
2026-04-08 00:00:00+00:00,SWA1,Swansea Roadside,Urban Traffic,13.041666666666666,24.034208333333336,19.904629583333335,6,12.103855072463768,0.9378115942028984
2026-04-08 00:00:00+00:00,WREX,Wrexham,Urban Traffic,12.294666666666666,22.870833333333334,24.983027916666668,6,12.144021739130434,0.1506449275362325
2026-04-09 00:00:00+00:00,CARD,Cardiff Centre,Urban Background,8.5,12.399583333333332,8.298810416666667,6,6.145833333333333,2.354166666666667
2026-04-09 00:00:00+00:00,CHP,Chepstow A48,Urban Traffic,10.458333333333334,17.230583333333332,,6,6.145833333333333,4.312500000000001
2026-04-09 00:00:00+00:00,PEMB,Narberth,Rural Background,5.117999999999999,9.369791666666666,2.70952125,6,7.195791666666667,-2.077791666666667
2026-04-09 00:00:00+00:00,NPT3,Newport,Urban Background,8.05825,14.845833333333333,7.594345833333333,6,6.145833333333333,1.9124166666666662
2026-04-09 00:00:00+00:00,PT4,Port Talbot Margam,Urban Industrial,6.333333333333333,16.666875,9.882889166666667,6,7.008291666666667,-0.6749583333333335
2026-04-09 00:00:00+00:00,SWA1,Swansea Roadside,Urban Traffic,5.958333333333333,13.929333333333332,9.327057083333333,6,7.195791666666667,-1.2374583333333335
2026-04-09 00:00:00+00:00,WREX,Wrexham,Urban Traffic,3.9062916666666667,7.385416666666667,7.957892916666666,6,7.195791666666667,-3.2895
2026-04-10 00:00:00+00:00,CARD,Cardiff Centre,Urban Background,7.625,15.459166666666667,9.487564166666667,6,7.2450624999999995,0.3799375000000005
2026-04-10 00:00:00+00:00,CHP,Chepstow A48,Urban Traffic,8.958333333333334,17.633208333333332,,6,7.203395833333333,1.7549375000000005
2026-04-10 00:00:00+00:00,PEMB,Narberth,Rural Background,6.138000000000001,13.113541666666668,2.934658333333333,6,7.666666666666666,-1.5286666666666653
2026-04-10 00:00:00+00:00,NPT3,Newport,Urban Background,6.781791666666667,15.24375,6.253609166666667,6,7.666666666666666,-0.8848749999999992
2026-04-10 00:00:00+00:00,PT4,Port Talbot Margam,Urban Industrial,7.708333333333333,21.095375,11.1249375,6,7.203395833333333,0.5049374999999996
2026-04-10 00:00:00+00:00,SWA1,Swansea Roadside,Urban Traffic,8.291666666666666,20.008416666666665,16.010870454545454,6,7.203395833333333,1.0882708333333326
2026-04-10 00:00:00+00:00,WREX,Wrexham,Urban Traffic,5.672250000000001,12.047916666666666,12.647702916666667,6,7.666666666666666,-1.9944166666666652
2026-04-11 00:00:00+00:00,CARD,Cardiff Centre,Urban Background,7.458333333333333,16.58641666666667,5.2909879166666665,6,7.1578333333333335,0.30049999999999955
2026-04-11 00:00:00+00:00,CHP,Chepstow A48,Urban Traffic,7.875,15.378666666666666,14.375317083333334,6,7.0536666666666665,0.8213333333333335
2026-04-11 00:00:00+00:00,PEMB,Narberth,Rural Background,6.649,11.844791666666666,1.5693729166666666,6,7.5625,-0.9135
2026-04-11 00:00:00+00:00,NPT3,Newport,Urban Background,6.294291666666666,14.560416666666667,3.1276687499999998,6,7.5625,-1.2682083333333338
2026-04-11 00:00:00+00:00,PT4,Port Talbot Margam,Urban Industrial,7.666666666666667,26.288833333333333,3.712515,6,7.0536666666666665,0.6130000000000004
2026-04-11 00:00:00+00:00,SWA1,Swansea Roadside,Urban Traffic,8.416666666666666,23.470708333333334,3.759757083333333,6,7.0536666666666665,1.3629999999999995
2026-04-11 00:00:00+00:00,WREX,Wrexham,Urban Traffic,3.370625,6.5625,6.68817125,6,7.5625,-4.191875
2026-04-12 00:00:00+00:00,CARD,Cardiff Centre,Urban Background,7.416666666666667,16.667041666666666,6.222744166666668,6,7.986979166666666,-0.5703124999999991
2026-04-12 00:00:00+00:00,CHP,Chepstow A48,Urban Traffic,8.708333333333334,18.639625,17.153882499999998,6,7.633770833333333,1.0745625000000008
2026-04-12 00:00:00+00:00,PEMB,Narberth,Rural Background,8.123083333333334,15.607291666666667,2.4109925000000003,6,7.633770833333333,0.4893125000000005
2026-04-12 00:00:00+00:00,NPT3,Newport,Urban Background,7.850874999999999,16.162499999999998,4.4437475,6,7.769875000000001,0.08099999999999863
2026-04-12 00:00:00+00:00,PT4,Port Talbot Margam,Urban Industrial,7.125,22.947166666666664,4.102109166666667,6,7.986979166666666,-0.8619791666666661
2026-04-12 00:00:00+00:00,SWA1,Swansea Roadside,Urban Traffic,9.208333333333334,23.148583333333335,7.665240416666666,6,7.633770833333333,1.5745625000000008
2026-04-12 00:00:00+00:00,WREX,Wrexham,Urban Traffic,5.766625,10.242708333333333,6.084340833333333,6,7.986979166666666,-2.2203541666666657
2026-04-13 00:00:00+00:00,CARD,Cardiff Centre,Urban Background,7.75,15.378666666666668,14.157879583333333,6,6.794625,0.9553750000000001
2026-04-13 00:00:00+00:00,CHP,Chepstow A48,Urban Traffic,9.75,16.908458333333332,28.693187499999997,6,6.794625,2.955375
2026-04-13 00:00:00+00:00,PEMB,Narberth,Rural Background,4.827083333333333,10.815624999999999,2.1292033333333333,6,7.419625,-2.5925416666666665
2026-04-13 00:00:00+00:00,NPT3,Newport,Urban Background,7.08925,14.589583333333332,11.050890416666666,6,7.125,-0.03575000000000017
2026-04-13 00:00:00+00:00,PT4,Port Talbot Margam,Urban Industrial,6.5,15.660458333333333,12.171202083333334,6,7.419625,-0.9196249999999999
2026-04-13 00:00:00+00:00,SWA1,Swansea Roadside,Urban Traffic,8.08695652173913,18.357739130434783,20.21994666666667,6,6.794625,1.292331521739131
2026-04-13 00:00:00+00:00,WREX,Wrexham,Urban Traffic,4.7484166666666665,9.419791666666667,18.273240833333336,6,7.419625,-2.6712083333333334
2026-04-14 00:00:00+00:00,CARD,Cardiff Centre,Urban Background,5.958333333333333,12.117708333333333,9.811315416666668,6,5.593927536231884,0.3644057971014494
2026-04-14 00:00:00+00:00,CHP,Chepstow A48,Urban Traffic,6.545454545454546,11.814045454545454,24.84293304347826,6,5.457427536231884,1.088027009222662
2026-04-14 00:00:00+00:00,PEMB,Narberth,Rural Background,2.1738750000000002,3.65,2.5037875,6,6.094833333333333,-3.9209583333333327
2026-04-14 00:00:00+00:00,NPT3,Newport,Urban Background,6.231333333333333,11.140625,13.637485416666665,6,5.457427536231884,0.7739057971014489
2026-04-14 00:00:00+00:00,PT4,Port Talbot Margam,Urban Industrial,4.956521739130435,6.642666666666667,6.781650833333334,6,6.094833333333333,-1.1383115942028983
2026-04-14 00:00:00+00:00,SWA1,Swansea Roadside,Urban Traffic,6.833333333333333,13.084000000000001,19.21107,6,5.457427536231884,1.3759057971014492
2026-04-14 00:00:00+00:00,WREX,Wrexham,Urban Traffic,4.370041666666666,7.878125,14.009950434782608,6,6.094833333333333,-1.7247916666666665
2026-04-15 00:00:00+00:00,CARD,Cardiff Centre,Urban Background,6.666666666666667,13.405999999999999,8.198299583333332,6,6.532208333333333,0.1344583333333338
2026-04-15 00:00:00+00:00,CHP,Chepstow A48,Urban Traffic,6.916666666666667,13.406041666666667,18.346687083333332,6,6.407208333333333,0.5094583333333338
2026-04-15 00:00:00+00:00,PEMB,Narberth,Rural Background,1.7954166666666664,2.254166666666667,1.7990266666666666,6,6.791666666666667,-4.996250000000001
2026-04-15 00:00:00+00:00,NPT3,Newport,Urban Background,6.147749999999999,13.013541666666667,6.6331873913043475,6,6.791666666666667,-0.6439166666666676
2026-04-15 00:00:00+00:00,PT4,Port Talbot Margam,Urban Industrial,9.173913043478262,21.760565217391303,7.277860869565218,6,6.407208333333333,2.7667047101449285
2026-04-15 00:00:00+00:00,SWA1,Swansea Roadside,Urban Traffic,7.791666666666667,21.819958333333332,6.668370952380952,6,6.407208333333333,1.3844583333333338
2026-04-15 00:00:00+00:00,WREX,Wrexham,Urban Traffic,3.8935,6.757291666666667,7.916022916666667,6,6.791666666666667,-2.898166666666667
2026-04-16 00:00:00+00:00,CARD,Cardiff Centre,Urban Background,9.25,19.968125,11.617332083333332,6,8.946020833333334,0.30397916666666625
2026-04-16 00:00:00+00:00,CHP,Chepstow A48,Urban Traffic,8.958333333333334,20.69275,21.026088333333334,6,9.091854166666668,-0.13352083333333375
2026-04-16 00:00:00+00:00,PEMB,Narberth,Rural Background,4.351500000000001,6.0843750000000005,1.4246008333333335,6,9.104166666666668,-4.752666666666667
2026-04-16 00:00:00+00:00,NPT3,Newport,Urban Background,8.933708333333334,18.320833333333333,5.651935833333333,6,9.104166666666668,-0.17045833333333427
2026-04-16 00:00:00+00:00,PT4,Port Talbot Margam,Urban Industrial,12.625,28.100375,6.063703749999999,6,8.946020833333334,3.6789791666666662
2026-04-16 00:00:00+00:00,SWA1,Swansea Roadside,Urban Traffic,10.083333333333334,24.71858333333333,6.66584625,6,8.946020833333334,1.1373125000000002
2026-04-16 00:00:00+00:00,WREX,Wrexham,Urban Traffic,4.8605,9.291666666666666,7.7877462500000005,6,9.104166666666668,-4.243666666666668
2026-04-17 00:00:00+00:00,CARD,Cardiff Centre,Urban Background,7.958333333333333,16.586333333333332,11.367552173913044,6,7.119416666666666,0.838916666666667
2026-04-17 00:00:00+00:00,CHP,Chepstow A48,Urban Traffic,8.541666666666666,16.868166666666667,25.41348125,6,7.119416666666666,1.42225
2026-04-17 00:00:00+00:00,PEMB,Narberth,Rural Background,4.39175,6.523958333333333,1.7160170833333332,6,7.744416666666666,-3.352666666666666
2026-04-17 00:00:00+00:00,NPT3,Newport,Urban Background,7.5305,14.549999999999999,7.52751375,6,7.333333333333333,0.19716666666666693
2026-04-17 00:00:00+00:00,PT4,Port Talbot Margam,Urban Industrial,10.625,17.753833333333333,8.382704166666667,6,7.119416666666666,3.505583333333334
2026-04-17 00:00:00+00:00,SWA1,Swansea Roadside,Urban Traffic,6.708333333333333,18.720125,10.465817916666667,6,7.744416666666666,-1.036083333333333
2026-04-17 00:00:00+00:00,WREX,Wrexham,Urban Traffic,4.063541666666667,7.395833333333333,8.713424583333333,6,7.744416666666666,-3.6808749999999995
2026-04-18 00:00:00+00:00,CARD,Cardiff Centre,Urban Background,6.916666666666667,14.855291666666666,8.8703175,6,5.442854166666667,1.4738125000000002
2026-04-18 00:00:00+00:00,CHP,Chepstow A48,Urban Traffic,7.833333333333333,12.037291666666667,20.758701666666667,6,5.442854166666667,2.3904791666666663
2026-04-18 00:00:00+00:00,PEMB,Narberth,Rural Background,3.13575,5.722916666666666,1.8540620833333332,6,6.104166666666666,-2.9684166666666663
2026-04-18 00:00:00+00:00,NPT3,Newport,Urban Background,4.9273750000000005,10.205208333333333,6.904357916666666,6,6.104166666666666,-1.1767916666666656
2026-04-18 00:00:00+00:00,PT4,Port Talbot Margam,Urban Industrial,5.958333333333333,15.539708333333335,5.664940833333333,6,5.588687500000001,0.36964583333333234
2026-04-18 00:00:00+00:00,SWA1,Swansea Roadside,Urban Traffic,6.25,14.976083333333333,9.865870833333334,6,5.442854166666667,0.8071458333333332
2026-04-18 00:00:00+00:00,WREX,Wrexham,Urban Traffic,4.005458333333333,7.273958333333333,5.777889166666667,6,6.104166666666666,-2.0987083333333327
2026-04-19 00:00:00+00:00,CARD,Cardiff Centre,Urban Background,6.0,11.876208333333333,14.4250275,6,4.871708333333333,1.1282916666666667
2026-04-19 00:00:00+00:00,CHP,Chepstow A48,Urban Traffic,7.333333333333333,11.393208333333334,15.4271175,6,4.871708333333333,2.4616249999999997
2026-04-19 00:00:00+00:00,PEMB,Narberth,Rural Background,2.750541666666667,4.114583333333333,2.2442458333333333,6,5.8125,-3.061958333333333
2026-04-19 00:00:00+00:00,NPT3,Newport,Urban Background,4.118416666666667,7.733333333333333,9.933843333333334,6,5.8125,-1.6940833333333334
2026-04-19 00:00:00+00:00,PT4,Port Talbot Margam,Urban Industrial,5.625,8.172458333333333,7.073107916666667,6,5.059208333333333,0.5657916666666667
2026-04-19 00:00:00+00:00,SWA1,Swansea Roadside,Urban Traffic,6.125,9.460749999999999,11.534985833333332,6,4.871708333333333,1.2532916666666667
2026-04-19 00:00:00+00:00,WREX,Wrexham,Urban Traffic,3.045375,5.941666666666666,6.5600075,6,5.8125,-2.767125
2026-04-20 00:00:00+00:00,CARD,Cardiff Centre,Urban Background,5.708333333333333,10.628166666666667,10.238817916666667,6,6.405041666666667,-0.6967083333333344
2026-04-20 00:00:00+00:00,CHP,Chepstow A48,Urban Traffic,10.526315789473685,12.854739130434782,19.395021304347825,6,5.6342083333333335,4.8921074561403515
2026-04-20 00:00:00+00:00,PEMB,Narberth,Rural Background,3.629136363636363,6.025363636363636,2.7673473913043476,6,6.479166666666666,-2.850030303030303
2026-04-20 00:00:00+00:00,NPT3,Newport,Urban Background,4.27475,8.492708333333335,10.799084583333332,6,6.479166666666666,-2.204416666666666
2026-04-20 00:00:00+00:00,PT4,Port Talbot Margam,Urban Industrial,7.25,11.151541666666667,9.851226666666667,6,5.6342083333333335,1.6157916666666665
2026-04-20 00:00:00+00:00,SWA1,Swansea Roadside,Urban Traffic,8.458333333333334,14.372333333333332,22.628328749999998,6,5.6342083333333335,2.8241250000000004
2026-04-20 00:00:00+00:00,WREX,Wrexham,Urban Traffic,5.560083333333334,10.319791666666667,16.155351666666665,6,6.479166666666666,-0.9190833333333321
2026-04-21 00:00:00+00:00,CARD,Cardiff Centre,Urban Background,5.909090909090909,15.579916666666668,6.793248695652174,6,6.335416666666666,-0.4263257575757571
2026-04-21 00:00:00+00:00,CHP,Chepstow A48,Urban Traffic,9.833333333333334,16.183791666666668,13.429014583333334,6,6.314187499999999,3.5191458333333347
2026-04-21 00:00:00+00:00,PEMB,Narberth,Rural Background,4.7367083333333335,6.761458333333334,1.8546141666666667,6,6.335416666666666,-1.5987083333333327
2026-04-21 00:00:00+00:00,NPT3,Newport,Urban Background,6.3374999999999995,13.142708333333333,7.881094999999999,6,6.314187499999999,0.02331250000000029
2026-04-21 00:00:00+00:00,PT4,Port Talbot Margam,Urban Industrial,6.333333333333333,10.426833333333333,3.958065833333333,6,6.316270833333332,0.017062500000000647
2026-04-21 00:00:00+00:00,SWA1,Swansea Roadside,Urban Traffic,7.458333333333333,14.37225,17.224825833333334,6,6.314187499999999,1.1441458333333339
2026-04-21 00:00:00+00:00,WREX,Wrexham,Urban Traffic,6.295041666666666,14.195833333333333,15.13716625,6,6.335416666666666,-0.04037500000000005
2026-04-22 00:00:00+00:00,CARD,Cardiff Centre,Urban Background,9.375,22.142083333333332,9.867657916666667,6,9.069104166666667,0.3058958333333326
2026-04-22 00:00:00+00:00,CHP,Chepstow A48,Urban Traffic,13.25,22.02133333333333,14.622370833333333,6,8.839937500000001,4.410062499999999
2026-04-22 00:00:00+00:00,PEMB,Narberth,Rural Background,8.033954545454545,13.367045454545455,4.325632173913044,6,9.604166666666668,-1.5702121212121227
2026-04-22 00:00:00+00:00,NPT3,Newport,Urban Background,8.304875000000001,17.536458333333332,9.69939625,6,9.604166666666668,-1.299291666666667
2026-04-22 00:00:00+00:00,PT4,Port Talbot Margam,Urban Industrial,10.833333333333334,16.063125,5.855409166666667,6,8.839937500000001,1.9933958333333326
2026-04-22 00:00:00+00:00,SWA1,Swansea Roadside,Urban Traffic,9.833333333333334,20.652541666666668,13.484884583333333,6,8.839937500000001,0.9933958333333326
2026-04-22 00:00:00+00:00,WREX,Wrexham,Urban Traffic,7.881826086956522,16.320304347826088,15.039847083333333,6,9.604166666666668,-1.7223405797101456
2026-04-23 00:00:00+00:00,CARD,Cardiff Centre,Urban Background,10.166666666666666,18.438375,11.102244583333333,6,10.2978125,-0.13114583333333307
2026-04-23 00:00:00+00:00,CHP,Chepstow A48,Urban Traffic,11.416666666666666,21.739500000000003,17.221451363636366,6,10.018479166666665,1.3981875000000006
2026-04-23 00:00:00+00:00,PEMB,Narberth,Rural Background,10.725333333333333,24.974999999999998,3.5685795833333334,6,10.018479166666665,0.7068541666666679
2026-04-23 00:00:00+00:00,NPT3,Newport,Urban Background,9.870291666666667,18.51875,10.437104166666666,6,10.446,-0.575708333333333
2026-04-23 00:00:00+00:00,PT4,Port Talbot Margam,Urban Industrial,8.272727272727273,15.418875,6.160365416666667,6,10.446,-2.1732727272727264
2026-04-23 00:00:00+00:00,SWA1,Swansea Roadside,Urban Traffic,12.208333333333334,20.773374999999998,16.92122380952381,6,10.018479166666665,2.1898541666666684
2026-04-23 00:00:00+00:00,WREX,Wrexham,Urban Traffic,8.784541666666668,15.266666666666666,13.833458333333333,6,10.446,-1.6614583333333321
2026-04-24 00:00:00+00:00,CARD,Cardiff Centre,Urban Background,6.416666666666667,13.446166666666665,15.310608333333334,6,7.297020833333333,-0.8803541666666659
2026-04-24 00:00:00+00:00,CHP,Chepstow A48,Urban Traffic,8.541666666666666,12.399583333333332,21.288365217391306,6,6.3460833333333335,2.1955833333333326
2026-04-24 00:00:00+00:00,PEMB,Narberth,Rural Background,6.2755,18.506249999999998,4.029272916666667,6,7.367604166666666,-1.0921041666666662
2026-04-24 00:00:00+00:00,NPT3,Newport,Urban Background,6.202833333333333,13.0625,14.712902083333333,6,7.367604166666666,-1.1647708333333329
2026-04-24 00:00:00+00:00,PT4,Port Talbot Margam,Urban Industrial,5.25,8.172416666666667,7.6367433333333326,6,7.367604166666666,-2.1176041666666663
2026-04-24 00:00:00+00:00,SWA1,Swansea Roadside,Urban Traffic,9.416666666666666,17.270875,30.285434166666665,6,6.3460833333333335,3.0705833333333326
2026-04-24 00:00:00+00:00,WREX,Wrexham,Urban Traffic,8.318541666666667,14.559375000000001,17.295965416666665,6,6.3460833333333335,1.972458333333333
2026-04-25 00:00:00+00:00,CARD,Cardiff Centre,Urban Background,10.916666666666666,17.673333333333332,24.943941249999998,6,8.027541666666666,2.889125
2026-04-25 00:00:00+00:00,CHP,Chepstow A48,Urban Traffic,8.958333333333334,11.795541666666667,28.329091666666667,6,8.027541666666666,0.9307916666666678
2026-04-25 00:00:00+00:00,PEMB,Narberth,Rural Background,7.138416666666667,16.008333333333333,4.468637083333333,6,8.9375,-1.799083333333333
2026-04-25 00:00:00+00:00,NPT3,Newport,Urban Background,5.8137083333333335,10.909374999999999,17.20629166666667,6,8.9375,-3.1237916666666665
2026-04-25 00:00:00+00:00,PT4,Port Talbot Margam,Urban Industrial,8.916666666666666,12.359333333333334,12.7485025,6,8.048375,0.868291666666666
2026-04-25 00:00:00+00:00,SWA1,Swansea Roadside,Urban Traffic,12.291666666666666,19.726583333333334,24.366299583333333,6,8.027541666666666,4.264125
2026-04-25 00:00:00+00:00,WREX,Wrexham,Urban Traffic,6.60775,13.901041666666666,19.55127,6,8.9375,-2.3297499999999998
2026-04-26 00:00:00+00:00,CARD,Cardiff Centre,Urban Background,12.916666666666666,17.029083333333332,17.853045416666667,6,13.954999999999998,-1.0383333333333322
2026-04-26 00:00:00+00:00,CHP,Chepstow A48,Urban Traffic,12.625,14.533291666666665,22.310607083333334,6,14.100833333333332,-1.4758333333333322
2026-04-26 00:00:00+00:00,PEMB,Narberth,Rural Background,9.715125,16.928124999999998,4.6399454166666665,6,14.100833333333332,-4.385708333333332
2026-04-26 00:00:00+00:00,NPT3,Newport,Urban Background,9.694333333333333,14.596874999999999,12.81976,6,14.100833333333332,-4.406499999999999
2026-04-26 00:00:00+00:00,PT4,Port Talbot Margam,Urban Industrial,18.416666666666668,19.887583333333335,12.227673750000001,6,12.770833333333332,5.645833333333336
2026-04-26 00:00:00+00:00,SWA1,Swansea Roadside,Urban Traffic,15.5,22.544666666666668,27.60798708333333,6,12.770833333333332,2.729166666666668
2026-04-26 00:00:00+00:00,WREX,Wrexham,Urban Traffic,15.284999999999998,21.185416666666665,13.390781666666667,6,12.770833333333332,2.514166666666666
2026-04-27 00:00:00+00:00,CARD,Cardiff Centre,Urban Background,11.26086956521739,18.27382608695652,16.04075608695652,6,11.227870471014493,0.03299909420289815
2026-04-27 00:00:00+00:00,CHP,Chepstow A48,Urban Traffic,12.208333333333334,22.74591666666667,20.542595833333333,6,11.140913949275362,1.0674193840579722
2026-04-27 00:00:00+00:00,PEMB,Narberth,Rural Background,8.249791666666667,12.408333333333333,1.3878183333333334,6,11.347826086956522,-3.0980344202898547
2026-04-27 00:00:00+00:00,NPT3,Newport,Urban Background,11.020958333333333,18.663541666666667,13.091627083333334,6,11.347826086956522,-0.32686775362318876
2026-04-27 00:00:00+00:00,PT4,Port Talbot Margam,Urban Industrial,12.291666666666666,23.87308333333333,12.731779166666668,6,11.140913949275362,1.1507527173913044
2026-04-27 00:00:00+00:00,SWA1,Swansea Roadside,Urban Traffic,11.434782608695652,16.635434782608694,15.667837916666668,6,11.140913949275362,0.2938686594202906
2026-04-27 00:00:00+00:00,WREX,Wrexham,Urban Traffic,9.909541666666668,15.975,14.89469625,6,11.347826086956522,-1.438284420289854
2026-04-28 00:00:00+00:00,CARD,Cardiff Centre,Urban Background,7.454545454545454,12.560583333333334,6.514706666666666,6,8.13275,-0.6782045454545456
2026-04-28 00:00:00+00:00,CHP,Chepstow A48,Urban Traffic,8.458333333333334,15.459125,13.349183333333334,6,7.7994166666666676,0.6589166666666664
2026-04-28 00:00:00+00:00,PEMB,Narberth,Rural Background,9.874291666666666,12.898958333333333,1.326605,6,7.7994166666666676,2.0748749999999987
2026-04-28 00:00:00+00:00,NPT3,Newport,Urban Background,6.375916666666666,12.702083333333333,7.2518287500000005,6,8.13275,-1.7568333333333337
2026-04-28 00:00:00+00:00,PT4,Port Talbot Margam,Urban Industrial,7.75,13.043750000000001,5.263920833333334,6,8.13275,-0.3827499999999997
2026-04-28 00:00:00+00:00,SWA1,Swansea Roadside,Urban Traffic,8.416666666666666,15.298125,10.81359375,6,7.7994166666666676,0.6172499999999985
2026-04-28 00:00:00+00:00,WREX,Wrexham,Urban Traffic,7.848833333333334,14.340625000000001,,6,8.083333333333332,-0.23449999999999793
2026-04-29 00:00:00+00:00,CARD,Cardiff Centre,Urban Background,5.791666666666667,22.70566666666667,6.368862083333333,6,5.377854166666667,0.4138124999999997
2026-04-29 00:00:00+00:00,CHP,Chepstow A48,Urban Traffic,7.416666666666667,20.974625,10.86837875,6,5.377854166666667,2.0388124999999997
2026-04-29 00:00:00+00:00,PEMB,Narberth,Rural Background,4.089434782608696,11.991304347826087,0.5469816666666666,6,5.770729166666667,-1.6812943840579715
2026-04-29 00:00:00+00:00,NPT3,Newport,Urban Background,5.005916666666667,17.127083333333335,6.459900833333333,6,5.770729166666667,-0.7648125000000006
2026-04-29 00:00:00+00:00,PT4,Port Talbot Margam,Urban Industrial,4.391304347826087,17.139478260869563,4.976803181818182,6,5.770729166666667,-1.3794248188405804
2026-04-29 00:00:00+00:00,SWA1,Swansea Roadside,Urban Traffic,6.375,19.364166666666666,12.55078125,6,5.377854166666667,0.9971458333333327
2026-04-29 00:00:00+00:00,WREX,Wrexham,Urban Traffic,5.749791666666667,17.042708333333334,,6,5.398791666666667,0.351
2026-04-30 00:00:00+00:00,CARD,Cardiff Centre,Urban Background,7.25,24.436791666666664,12.375819565217391,6,8.291666666666666,-1.041666666666666
2026-04-30 00:00:00+00:00,CHP,Chepstow A48,Urban Traffic,9.958333333333334,21.90054166666667,23.616346250000003,6,6.958333333333334,3.0
2026-04-30 00:00:00+00:00,PEMB,Narberth,Rural Background,9.983375,36.56666666666667,3.431556666666667,6,6.958333333333334,3.0250416666666666
2026-04-30 00:00:00+00:00,NPT3,Newport,Urban Background,5.981791666666666,22.06458333333333,12.26304375,6,8.583333333333332,-2.601541666666666
2026-04-30 00:00:00+00:00,PT4,Port Talbot Margam,Urban Industrial,6.666666666666667,21.256416666666667,6.705530833333333,6,8.583333333333332,-1.9166666666666652
2026-04-30 00:00:00+00:00,SWA1,Swansea Roadside,Urban Traffic,9.916666666666666,29.066541666666666,21.069375,6,6.958333333333334,2.958333333333332
2026-04-30 00:00:00+00:00,WREX,Wrexham,Urban Traffic,5.548416666666667,16.787499999999998,13.515,6,8.583333333333332,-3.034916666666665
2026-05-01 00:00:00+00:00,CARD,Cardiff Centre,Urban Background,10.916666666666666,21.135583333333333,15.524808333333333,6,10.895833333333332,0.020833333333333925
2026-05-01 00:00:00+00:00,CHP,Chepstow A48,Urban Traffic,13.416666666666666,24.718625,34.1420125,6,10.833333333333332,2.583333333333334
2026-05-01 00:00:00+00:00,PEMB,Narberth,Rural Background,9.023541666666667,16.376041666666666,3.918992083333333,6,10.979166666666666,-1.9556249999999995
2026-05-01 00:00:00+00:00,NPT3,Newport,Urban Background,10.188666666666666,26.85208333333333,16.898532083333333,6,10.979166666666666,-0.7904999999999998
2026-05-01 00:00:00+00:00,PT4,Port Talbot Margam,Urban Industrial,10.75,19.887625,11.17314625,6,10.979166666666666,-0.22916666666666607
2026-05-01 00:00:00+00:00,SWA1,Swansea Roadside,Urban Traffic,11.041666666666666,20.853833333333334,18.97003666666667,6,10.833333333333332,0.20833333333333393
2026-05-01 00:00:00+00:00,WREX,Wrexham,Urban Traffic,12.148249999999999,23.540625000000002,20.84959625,6,10.833333333333332,1.314916666666667
2026-05-02 00:00:00+00:00,CARD,Cardiff Centre,Urban Background,13.166666666666666,19.04220833333333,15.177740416666666,6,10.409333333333333,2.7573333333333334
2026-05-02 00:00:00+00:00,CHP,Chepstow A48,Urban Traffic,11.5,16.86820833333333,17.62835875,6,10.409333333333333,1.0906666666666673
2026-05-02 00:00:00+00:00,PEMB,Narberth,Rural Background,10.118958333333333,14.4,2.7033191666666667,6,11.099854166666667,-0.9808958333333333
2026-05-02 00:00:00+00:00,NPT3,Newport,Urban Background,10.699708333333334,16.894791666666666,11.094624583333333,6,10.809479166666666,-0.10977083333333226
2026-05-02 00:00:00+00:00,PT4,Port Talbot Margam,Urban Industrial,9.25,14.935833333333333,11.959444583333335,6,11.099854166666667,-1.8498541666666668
2026-05-02 00:00:00+00:00,SWA1,Swansea Roadside,Urban Traffic,12.125,19.042125000000002,20.951092499999998,6,10.409333333333333,1.7156666666666673
2026-05-02 00:00:00+00:00,WREX,Wrexham,Urban Traffic,8.504375000000001,12.581249999999999,13.430750000000002,6,11.099854166666667,-2.5954791666666654
2026-05-03 00:00:00+00:00,CARD,Cardiff Centre,Urban Background,9.708333333333334,10.185291666666666,8.785705833333333,6,7.7844375,1.9238958333333338
2026-05-03 00:00:00+00:00,CHP,Chepstow A48,Urban Traffic,9.75,9.621833333333333,14.869194166666666,6,7.7844375,1.9655624999999999
2026-05-03 00:00:00+00:00,PEMB,Narberth,Rural Background,7.815416666666667,9.834375,2.7266475,6,8.730895833333333,-0.9154791666666666
2026-05-03 00:00:00+00:00,NPT3,Newport,Urban Background,7.753458333333334,10.2875,7.254119583333334,6,8.761875,-1.0084166666666663
2026-05-03 00:00:00+00:00,PT4,Port Talbot Margam,Urban Industrial,7.625,7.729583333333333,9.166342083333333,6,8.761875,-1.1368749999999999
2026-05-03 00:00:00+00:00,SWA1,Swansea Roadside,Urban Traffic,10.166666666666666,9.380208333333334,12.175268333333333,6,7.7844375,2.382229166666666
2026-05-03 00:00:00+00:00,WREX,Wrexham,Urban Traffic,5.925708333333334,7.522916666666667,9.997482173913044,6,8.761875,-2.8361666666666663
2026-05-04 00:00:00+00:00,CARD,Cardiff Centre,Urban Background,11.958333333333334,11.071083333333334,8.643925833333332,6,9.021583333333332,2.9367500000000017
2026-05-04 00:00:00+00:00,CHP,Chepstow A48,Urban Traffic,12.25,11.352791666666667,14.952677083333334,6,9.021583333333332,3.228416666666668
2026-05-04 00:00:00+00:00,PEMB,Narberth,Rural Background,7.825291666666666,9.792708333333334,2.8385954166666667,6,9.6379375,-1.8126458333333337
2026-05-04 00:00:00+00:00,NPT3,Newport,Urban Background,10.149375000000001,12.798958333333333,9.077005,6,9.021583333333332,1.1277916666666687
2026-05-04 00:00:00+00:00,PT4,Port Talbot Margam,Urban Industrial,7.75,7.769749999999999,9.12724625,6,9.6379375,-1.8879374999999996
2026-05-04 00:00:00+00:00,SWA1,Swansea Roadside,Urban Traffic,8.916666666666666,9.702333333333334,13.908737083333333,6,9.6379375,-0.7212708333333335
2026-05-04 00:00:00+00:00,WREX,Wrexham,Urban Traffic,9.1265,11.569791666666667,13.223264166666667,6,9.533020833333333,-0.40652083333333344
2026-05-05 00:00:00+00:00,CARD,Cardiff Centre,Urban Background,5.458333333333333,7.528333333333333,7.122020416666667,6,4.8071874999999995,0.6511458333333335
2026-05-05 00:00:00+00:00,CHP,Chepstow A48,Urban Traffic,6.181818181818182,10.101227272727273,17.010474545454546,6,4.8071874999999995,1.3746306818181822
2026-05-05 00:00:00+00:00,PEMB,Narberth,Rural Background,3.7942916666666666,6.632291666666667,1.7248033333333332,6,5.416666666666666,-1.6223749999999995
2026-05-05 00:00:00+00:00,NPT3,Newport,Urban Background,4.239375,8.036458333333334,7.162478750000001,6,5.416666666666666,-1.1772916666666662
2026-05-05 00:00:00+00:00,PT4,Port Talbot Margam,Urban Industrial,5.375,6.602291666666667,4.34768125,6,4.8488541666666665,0.5261458333333335
2026-05-05 00:00:00+00:00,SWA1,Swansea Roadside,Urban Traffic,6.25,7.810125,6.449164166666667,6,4.8071874999999995,1.4428125000000005
2026-05-05 00:00:00+00:00,WREX,Wrexham,Urban Traffic,2.443041666666667,4.926041666666666,10.073355833333332,6,5.416666666666666,-2.9736249999999993
2026-05-06 00:00:00+00:00,CARD,Cardiff Centre,Urban Background,5.875,10.265875,8.65321875,6,4.902458333333334,0.9725416666666664
2026-05-06 00:00:00+00:00,CHP,Chepstow A48,Urban Traffic,5.458333333333333,10.6685,17.984939166666667,6,4.999520833333333,0.4588124999999996
2026-05-06 00:00:00+00:00,PEMB,Narberth,Rural Background,5.652458333333333,10.085416666666667,3.1399004166666664,6,4.902458333333334,0.7499999999999991
2026-05-06 00:00:00+00:00,NPT3,Newport,Urban Background,4.346583333333333,9.313541666666667,8.753207916666666,6,5.555395833333333,-1.2088124999999996
2026-05-06 00:00:00+00:00,PT4,Port Talbot Margam,Urban Industrial,3.7916666666666665,7.4075,7.850996666666667,6,5.555395833333333,-1.7637291666666663
2026-05-06 00:00:00+00:00,SWA1,Swansea Roadside,Urban Traffic,6.625,10.950249999999999,16.356817083333333,6,4.902458333333334,1.7225416666666664
2026-05-06 00:00:00+00:00,WREX,Wrexham,Urban Traffic,4.126541666666667,7.8999999999999995,14.291859583333332,6,5.555395833333333,-1.4288541666666656
2026-05-07 00:00:00+00:00,CARD,Cardiff Centre,Urban Background,7.083333333333333,12.681375000000001,12.49607875,6,6.852520833333333,0.23081249999999986
2026-05-07 00:00:00+00:00,CHP,Chepstow A48,Urban Traffic,6.791666666666667,11.312541666666666,27.575512500000002,6,6.958583333333333,-0.16691666666666638
2026-05-07 00:00:00+00:00,PEMB,Narberth,Rural Background,5.263375,9.005208333333334,4.1805329166666665,6,6.958583333333333,-1.6952083333333334
2026-05-07 00:00:00+00:00,NPT3,Newport,Urban Background,6.913374999999999,14.567708333333334,12.136274166666666,6,6.897729166666667,0.01564583333333225
2026-05-07 00:00:00+00:00,PT4,Port Talbot Margam,Urban Industrial,5.791666666666667,9.500958333333333,10.351078333333334,6,6.958583333333333,-1.1669166666666664
2026-05-07 00:00:00+00:00,SWA1,Swansea Roadside,Urban Traffic,7.875,12.037291666666667,22.749267500000002,6,6.852520833333333,1.0224791666666668
2026-05-07 00:00:00+00:00,WREX,Wrexham,Urban Traffic,7.003791666666667,14.438541666666666,18.058090416666666,6,6.852520833333333,0.15127083333333413
2026-05-08 00:00:00+00:00,CARD,Cardiff Centre,Urban Background,10.833333333333334,14.935916666666666,,6,8.682270833333334,2.1510625
2026-05-08 00:00:00+00:00,CHP,Chepstow A48,Urban Traffic,8.666666666666666,14.452666666666666,25.478871666666667,6,9.343541666666667,-0.6768750000000008
2026-05-08 00:00:00+00:00,PEMB,Narberth,Rural Background,7.6120833333333335,11.014583333333334,4.366045833333334,6,9.343541666666667,-1.7314583333333333
2026-05-08 00:00:00+00:00,NPT3,Newport,Urban Background,9.989208333333332,17.238541666666666,15.189434166666667,6,8.682270833333334,1.3069374999999983
2026-05-08 00:00:00+00:00,PT4,Port Talbot Margam,Urban Industrial,8.333333333333334,12.037208333333332,9.44379375,6,9.343541666666667,-1.010208333333333
2026-05-08 00:00:00+00:00,SWA1,Swansea Roadside,Urban Traffic,10.041666666666666,14.291791666666667,22.973403333333334,6,8.682270833333334,1.3593958333333322
2026-05-08 00:00:00+00:00,WREX,Wrexham,Urban Traffic,8.697875,13.5875,20.579655833333334,6,9.327937499999999,-0.6300624999999993
2026-05-09 00:00:00+00:00,CARD,Cardiff Centre,Urban Background,13.333333333333334,17.472,,6,11.833333333333332,1.5000000000000018
2026-05-09 00:00:00+00:00,CHP,Chepstow A48,Urban Traffic,12.041666666666666,18.639666666666667,17.51219083333333,6,11.833333333333332,0.20833333333333393
2026-05-09 00:00:00+00:00,PEMB,Narberth,Rural Background,7.923583333333333,11.479166666666666,2.7281166666666667,6,12.020833333333332,-4.097249999999999
2026-05-09 00:00:00+00:00,NPT3,Newport,Urban Background,12.666166666666667,17.622916666666665,9.1717,6,11.833333333333332,0.8328333333333351
2026-05-09 00:00:00+00:00,PT4,Port Talbot Margam,Urban Industrial,11.666666666666666,15.660541666666667,7.08444125,6,12.020833333333332,-0.3541666666666661
2026-05-09 00:00:00+00:00,SWA1,Swansea Roadside,Urban Traffic,12.0,14.573541666666666,13.479673333333333,6,11.854166666666666,0.14583333333333393
2026-05-09 00:00:00+00:00,WREX,Wrexham,Urban Traffic,11.552791666666666,14.369791666666666,13.553635,6,12.020833333333332,-0.46804166666666625
2026-05-10 00:00:00+00:00,CARD,Cardiff Centre,Urban Background,7.416666666666667,11.111291666666666,,6,5.979166666666666,1.4375000000000009
2026-05-10 00:00:00+00:00,CHP,Chepstow A48,Urban Traffic,6.708333333333333,11.836041666666667,13.028348260869565,6,5.979166666666666,0.729166666666667
2026-05-10 00:00:00+00:00,PEMB,Narberth,Rural Background,5.254541666666666,7.7093750000000005,2.0985575,6,6.605895833333333,-1.3513541666666669
2026-05-10 00:00:00+00:00,NPT3,Newport,Urban Background,6.628458333333334,10.677083333333334,8.023901666666667,6,5.979166666666666,0.6492916666666675
2026-05-10 00:00:00+00:00,PT4,Port Talbot Margam,Urban Industrial,6.583333333333333,6.3205833333333326,3.8923141666666665,6,6.001729166666667,0.5816041666666658
2026-05-10 00:00:00+00:00,SWA1,Swansea Roadside,Urban Traffic,5.375,8.414,8.229436250000001,6,6.605895833333333,-1.2308958333333333
2026-05-10 00:00:00+00:00,WREX,Wrexham,Urban Traffic,2.732875,5.401041666666667,7.253535416666666,6,6.605895833333333,-3.8730208333333334
2026-05-11 00:00:00+00:00,CARD,Cardiff Centre,Urban Background,4.833333333333333,6.5533913043478265,,6,3.3251874999999997,1.5081458333333333
2026-05-11 00:00:00+00:00,CHP,Chepstow A48,Urban Traffic,3.1666666666666665,7.689333333333334,18.97811666666667,6,3.9918541666666663,-0.8251874999999997
2026-05-11 00:00:00+00:00,PEMB,Narberth,Rural Background,2.3034583333333334,5.3343750000000005,0.91856375,6,3.9918541666666663,-1.6883958333333329
2026-05-11 00:00:00+00:00,NPT3,Newport,Urban Background,3.483708333333333,7.6812499999999995,14.407433750000001,6,3.833333333333333,-0.3496250000000001
2026-05-11 00:00:00+00:00,PT4,Port Talbot Margam,Urban Industrial,5.125,7.327083333333333,7.575881249999999,6,3.3251874999999997,1.7998125000000003
2026-05-11 00:00:00+00:00,SWA1,Swansea Roadside,Urban Traffic,4.5,8.172416666666667,7.966864583333333,6,3.3251874999999997,1.1748125000000003
2026-05-11 00:00:00+00:00,WREX,Wrexham,Urban Traffic,2.0802916666666667,4.308333333333334,8.825277916666666,6,3.9918541666666663,-1.9115624999999996
2026-05-12 00:00:00+00:00,CARD,Cardiff Centre,Urban Background,6.583333333333333,11.191833333333333,,6,4.906916666666667,1.6764166666666664
2026-05-12 00:00:00+00:00,CHP,Chepstow A48,Urban Traffic,4.625,12.923,23.21127,6,5.305916666666667,-0.6809166666666666
2026-05-12 00:00:00+00:00,PEMB,Narberth,Rural Background,4.647166666666666,9.683333333333334,1.1328116666666668,6,5.305916666666667,-0.6587500000000004
2026-05-12 00:00:00+00:00,NPT3,Newport,Urban Background,5.445166666666666,12.846874999999999,8.94488875,6,4.906916666666667,0.5382499999999997
2026-05-12 00:00:00+00:00,PT4,Port Talbot Margam,Urban Industrial,5.166666666666667,11.916458333333333,8.04538625,6,5.046166666666666,0.12050000000000072
2026-05-12 00:00:00+00:00,SWA1,Swansea Roadside,Urban Traffic,6.5,14.13075,10.997008333333333,6,4.906916666666667,1.5930833333333334
2026-05-12 00:00:00+00:00,WREX,Wrexham,Urban Traffic,3.7175,7.582291666666666,6.245144782608696,6,5.305916666666667,-1.5884166666666668
2026-05-13 00:00:00+00:00,CARD,Cardiff Centre,Urban Background,5.958333333333333,10.789125,,6,5.074916666666667,0.8834166666666663
2026-05-13 00:00:00+00:00,CHP,Chepstow A48,Urban Traffic,5.041666666666667,14.251458333333332,14.94601956521739,6,5.184518115942029,-0.14285144927536209
2026-05-13 00:00:00+00:00,PEMB,Narberth,Rural Background,5.1081666666666665,9.960416666666667,0.38506291666666664,6,5.151268115942029,-0.043101449275362747
2026-05-13 00:00:00+00:00,NPT3,Newport,Urban Background,4.7612499999999995,11.228125,3.60661,6,5.184518115942029,-0.4232681159420295
2026-05-13 00:00:00+00:00,PT4,Port Talbot Margam,Urban Industrial,5.782608695652174,15.375217391304348,5.734211304347825,6,5.074916666666667,0.7076920289855071
2026-05-13 00:00:00+00:00,SWA1,Swansea Roadside,Urban Traffic,5.260869565217392,13.484782608695651,4.78048625,6,5.074916666666667,0.18595289855072483
2026-05-13 00:00:00+00:00,WREX,Wrexham,Urban Traffic,4.241375,8.376041666666667,4.616537083333333,6,5.184518115942029,-0.9431431159420294
2026-05-14 00:00:00+00:00,CARD,Cardiff Centre,Urban Background,4.25,6.320583333333334,,6,2.875,1.375
2026-05-14 00:00:00+00:00,CHP,Chepstow A48,Urban Traffic,2.6666666666666665,8.011375,17.180250416666667,6,3.104166666666667,-0.43750000000000044
2026-05-14 00:00:00+00:00,PEMB,Narberth,Rural Background,4.1302916666666665,8.757291666666667,0.27610375,6,2.875,1.2552916666666665
2026-05-14 00:00:00+00:00,NPT3,Newport,Urban Background,2.0971249999999997,5.404166666666666,6.4604445833333335,6,3.104166666666667,-1.0070416666666673
2026-05-14 00:00:00+00:00,PT4,Port Talbot Margam,Urban Industrial,3.0833333333333335,5.27375,5.75962875,6,2.895833333333333,0.18750000000000044
2026-05-14 00:00:00+00:00,SWA1,Swansea Roadside,Urban Traffic,3.125,7.649041666666666,5.57214875,6,2.875,0.25
2026-05-14 00:00:00+00:00,WREX,Wrexham,Urban Traffic,1.609625,3.625,8.743950416666667,6,3.104166666666667,-1.4945416666666669
2026-05-15 00:00:00+00:00,CARD,Cardiff Centre,Urban Background,4.083333333333333,8.37375,,6,3.351,0.7323333333333331
2026-05-15 00:00:00+00:00,CHP,Chepstow A48,Urban Traffic,3.7083333333333335,9.380166666666666,19.9112425,6,3.351,0.3573333333333335
2026-05-15 00:00:00+00:00,PEMB,Narberth,Rural Background,3.3686666666666665,7.496875,0.6211458333333333,6,3.5208333333333335,-0.152166666666667
2026-05-15 00:00:00+00:00,NPT3,Newport,Urban Background,2.1845416666666666,5.173958333333333,8.587425,6,3.5385,-1.3539583333333334
2026-05-15 00:00:00+00:00,PT4,Port Talbot Margam,Urban Industrial,3.3333333333333335,6.038708333333333,7.180644999999999,6,3.5385,-0.2051666666666665
2026-05-15 00:00:00+00:00,SWA1,Swansea Roadside,Urban Traffic,5.625,10.265916666666667,9.687994999999999,6,3.351,2.274
2026-05-15 00:00:00+00:00,WREX,Wrexham,Urban Traffic,2.324125,4.778125,7.98946875,6,3.5385,-1.214375
2026-05-16 00:00:00+00:00,CARD,Cardiff Centre,Urban Background,7.208333333333333,11.232041666666667,,6,3.8889583333333335,3.3193749999999995
2026-05-16 00:00:00+00:00,CHP,Chepstow A48,Urban Traffic,4.041666666666667,9.460749999999999,20.131940833333335,6,4.076458333333333,-0.03479166666666611
2026-05-16 00:00:00+00:00,PEMB,Narberth,Rural Background,2.8400833333333337,5.59375,1.3625912500000001,6,4.229166666666667,-1.3890833333333332
2026-05-16 00:00:00+00:00,NPT3,Newport,Urban Background,3.73625,7.434375,4.461025833333333,6,4.229166666666667,-0.4929166666666669
2026-05-16 00:00:00+00:00,PT4,Port Talbot Margam,Urban Industrial,4.416666666666667,7.689333333333334,6.347019583333334,6,3.8889583333333335,0.5277083333333334
2026-05-16 00:00:00+00:00,SWA1,Swansea Roadside,Urban Traffic,10.875,14.13075,12.799645833333335,6,3.8889583333333335,6.986041666666667
2026-05-16 00:00:00+00:00,WREX,Wrexham,Urban Traffic,2.0577083333333333,3.251041666666667,8.277779583333333,6,4.229166666666667,-2.1714583333333337
2026-05-17 00:00:00+00:00,CARD,Cardiff Centre,Urban Background,6.75,13.365791666666667,,6,4.2061875,2.5438124999999996
2026-05-17 00:00:00+00:00,CHP,Chepstow A48,Urban Traffic,4.208333333333333,10.386750000000001,14.540797083333333,6,4.6853541666666665,-0.47702083333333345
2026-05-17 00:00:00+00:00,PEMB,Narberth,Rural Background,4.098958333333333,8.487499999999999,0.54396,6,4.6875,-0.588541666666667
2026-05-17 00:00:00+00:00,NPT3,Newport,Urban Background,4.204041666666667,8.655208333333333,3.2695445833333334,6,4.6875,-0.4834583333333331
2026-05-17 00:00:00+00:00,PT4,Port Talbot Margam,Urban Industrial,5.541666666666667,10.547666666666666,3.3149175,6,4.2061875,1.3354791666666666
2026-05-17 00:00:00+00:00,SWA1,Swansea Roadside,Urban Traffic,5.166666666666667,11.715208333333335,4.863202916666666,6,4.2061875,0.9604791666666666
2026-05-17 00:00:00+00:00,WREX,Wrexham,Urban Traffic,2.5020416666666665,4.496875,2.246950416666667,6,4.6875,-2.1854583333333335
2026-05-18 00:00:00+00:00,CARD,Cardiff Centre,Urban Background,3.8333333333333335,6.079041666666666,,6,3.2537708333333333,0.5795625000000002
2026-05-18 00:00:00+00:00,CHP,Chepstow A48,Urban Traffic,5.4,6.6794782608695655,17.301844782608697,6,3.2537708333333333,2.146229166666667
2026-05-18 00:00:00+00:00,PEMB,Narberth,Rural Background,2.7575416666666666,4.979166666666667,0.6418970833333334,6,3.791666666666667,-1.0341250000000004
2026-05-18 00:00:00+00:00,NPT3,Newport,Urban Background,2.666125,5.639583333333333,5.5988175,6,3.791666666666667,-1.1255416666666669
2026-05-18 00:00:00+00:00,PT4,Port Talbot Margam,Urban Industrial,3.75,8.252833333333333,6.335825,6,3.2954375000000002,0.45456249999999976
2026-05-18 00:00:00+00:00,SWA1,Swansea Roadside,Urban Traffic,4.166666666666667,9.299708333333333,9.48133875,6,3.2537708333333333,0.9128958333333337
2026-05-18 00:00:00+00:00,WREX,Wrexham,Urban Traffic,2.1942916666666665,4.108333333333333,9.413088333333333,6,3.791666666666667,-1.5973750000000004
2026-05-19 00:00:00+00:00,CARD,Cardiff Centre,Urban Background,7.916666666666667,15.660375,,6,8.625,-0.708333333333333
2026-05-19 00:00:00+00:00,CHP,Chepstow A48,Urban Traffic,7.625,10.950208333333334,14.162113478260869,6,8.770833333333334,-1.145833333333334
2026-05-19 00:00:00+00:00,PEMB,Narberth,Rural Background,9.764249999999999,15.575000000000001,0.440215,6,7.770833333333334,1.9934166666666648
2026-05-19 00:00:00+00:00,NPT3,Newport,Urban Background,7.498166666666666,14.663541666666667,4.285348333333333,6,8.770833333333334,-1.2726666666666677
2026-05-19 00:00:00+00:00,PT4,Port Talbot Margam,Urban Industrial,9.625,28.543208333333336,7.337687083333333,6,7.770833333333334,1.854166666666666
2026-05-19 00:00:00+00:00,SWA1,Swansea Roadside,Urban Traffic,10.625,25.040666666666667,4.870308333333333,6,7.770833333333334,2.854166666666666
2026-05-19 00:00:00+00:00,WREX,Wrexham,Urban Traffic,2.985375,5.021875,8.277779583333333,6,8.770833333333334,-5.7854583333333345
2026-05-20 00:00:00+00:00,CARD,Cardiff Centre,Urban Background,11.583333333333334,22.584875,,6,10.436645833333333,1.1466875000000005
2026-05-20 00:00:00+00:00,CHP,Chepstow A48,Urban Traffic,10.583333333333334,19.847416666666668,14.171315,6,10.6658125,-0.08247916666666555
2026-05-20 00:00:00+00:00,PEMB,Narberth,Rural Background,10.289958333333333,16.878125,1.4114591666666667,6,10.8125,-0.5225416666666671
2026-05-20 00:00:00+00:00,NPT3,Newport,Urban Background,10.013708333333334,19.122916666666665,3.8731908333333336,6,10.8125,-0.7987916666666663
2026-05-20 00:00:00+00:00,PT4,Port Talbot Margam,Urban Industrial,11.041666666666666,,6.524577083333334,6,10.436645833333333,0.6050208333333327
2026-05-20 00:00:00+00:00,SWA1,Swansea Roadside,Urban Traffic,12.5,27.778208333333335,6.525423750000001,6,10.436645833333333,2.0633541666666666
2026-05-20 00:00:00+00:00,WREX,Wrexham,Urban Traffic,4.517458333333333,7.746875,3.0043004166666667,6,10.8125,-6.295041666666667
2026-05-21 00:00:00+00:00,CARD,Cardiff Centre,Urban Background,8.666666666666666,15.459181818181817,,6,8.592187500000001,0.07447916666666465
2026-05-21 00:00:00+00:00,CHP,Chepstow A48,Urban Traffic,9.125,14.45275,20.04069,6,8.508854166666666,0.6161458333333343
2026-05-21 00:00:00+00:00,PEMB,Narberth,Rural Background,5.915333333333333,9.702380952380953,1.3372055,6,8.75,-2.834666666666667
2026-05-21 00:00:00+00:00,NPT3,Newport,Urban Background,8.351041666666667,15.166666666666666,6.744856666666667,6,8.75,-0.39895833333333286
2026-05-21 00:00:00+00:00,PT4,Port Talbot Margam,Urban Industrial,8.833333333333334,,9.797387083333334,6,8.508854166666666,0.3244791666666682
2026-05-21 00:00:00+00:00,SWA1,Swansea Roadside,Urban Traffic,10.041666666666666,18.196916666666667,14.1290125,6,8.508854166666666,1.5328125000000004
2026-05-21 00:00:00+00:00,WREX,Wrexham,Urban Traffic,4.214833333333334,7.5874999999999995,10.589274166666668,6,8.75,-4.535166666666666
2026-05-22 00:00:00+00:00,CARD,Cardiff Centre,Urban Background,10.291666666666666,17.512416666666667,,6,10.115520833333333,0.176145833333333
2026-05-22 00:00:00+00:00,CHP,Chepstow A48,Urban Traffic,10.625,16.264374999999998,26.01922625,6,9.948854166666667,0.676145833333333
2026-05-22 00:00:00+00:00,PEMB,Narberth,Rural Background,6.72175,10.456249999999999,3.0502262499999997,6,10.458333333333332,-3.736583333333332
2026-05-22 00:00:00+00:00,NPT3,Newport,Urban Background,9.606041666666666,19.347916666666666,13.33199125,6,10.458333333333332,-0.852291666666666
2026-05-22 00:00:00+00:00,PT4,Port Talbot Margam,Urban Industrial,11.041666666666666,23.470541666666666,8.523363333333334,6,9.948854166666667,1.092812499999999
2026-05-22 00:00:00+00:00,SWA1,Swansea Roadside,Urban Traffic,11.833333333333334,18.961708333333334,16.396547083333335,6,9.948854166666667,1.884479166666667
2026-05-22 00:00:00+00:00,WREX,Wrexham,Urban Traffic,7.581625,12.938541666666666,15.376501666666668,6,10.458333333333332,-2.8767083333333323
2026-05-23 00:00:00+00:00,CARD,Cardiff Centre,Urban Background,7.0,12.681208333333332,,6,5.1375,1.8624999999999998
2026-05-23 00:00:00+00:00,CHP,Chepstow A48,Urban Traffic,8.0,10.104791666666666,17.20508166666667,6,5.1375,2.8625
2026-05-23 00:00:00+00:00,PEMB,Narberth,Rural Background,3.8492916666666663,6.1625000000000005,2.5941745833333334,6,6.304166666666667,-2.454875000000001
2026-05-23 00:00:00+00:00,NPT3,Newport,Urban Background,5.608333333333333,9.777083333333334,9.818422916666668,6,5.833333333333334,-0.22500000000000053
2026-05-23 00:00:00+00:00,PT4,Port Talbot Margam,Urban Industrial,4.666666666666667,8.735958333333334,4.496674166666667,6,6.304166666666667,-1.6375000000000002
2026-05-23 00:00:00+00:00,SWA1,Swansea Roadside,Urban Traffic,7.0,8.494458333333332,8.37433875,6,5.1375,1.8624999999999998
2026-05-23 00:00:00+00:00,WREX,Wrexham,Urban Traffic,3.1152083333333334,5.394791666666666,9.01504875,6,6.304166666666667,-3.188958333333334
2026-05-24 00:00:00+00:00,CARD,Cardiff Centre,Urban Background,10.833333333333334,17.109750000000002,,6,5.888895833333333,4.944437500000001
2026-05-24 00:00:00+00:00,CHP,Chepstow A48,Urban Traffic,6.875,8.977500000000001,15.351046666666667,6,5.909729166666667,0.9652708333333333
2026-05-24 00:00:00+00:00,PEMB,Narberth,Rural Background,2.3771666666666667,6.555208333333333,2.336915,6,6.895833333333334,-4.518666666666667
2026-05-24 00:00:00+00:00,NPT3,Newport,Urban Background,4.902791666666666,13.036458333333334,11.27972,6,6.895833333333334,-1.9930416666666675
2026-05-24 00:00:00+00:00,PT4,Port Talbot Margam,Urban Industrial,6.916666666666667,14.170958333333333,12.628101666666666,6,5.888895833333333,1.0277708333333342
2026-05-24 00:00:00+00:00,SWA1,Swansea Roadside,Urban Traffic,10.625,11.513916666666667,14.443194166666666,6,5.888895833333333,4.736104166666667
2026-05-24 00:00:00+00:00,WREX,Wrexham,Urban Traffic,3.078791666666667,6.180208333333333,10.280167083333334,6,6.895833333333334,-3.817041666666667
2026-05-25 00:00:00+00:00,CARD,Cardiff Centre,Urban Background,16.458333333333332,38.16491666666666,,6,13.567291666666666,2.8910416666666663
2026-05-25 00:00:00+00:00,CHP,Chepstow A48,Urban Traffic,13.666666666666666,30.757375,23.99839304347826,6,14.046458333333334,-0.37979166666666764
2026-05-25 00:00:00+00:00,PEMB,Narberth,Rural Background,11.455374999999998,36.65,5.409664583333334,6,14.145833333333332,-2.690458333333334
2026-05-25 00:00:00+00:00,NPT3,Newport,Urban Background,13.467916666666667,45.65208333333334,11.87203625,6,14.145833333333332,-0.6779166666666647
2026-05-25 00:00:00+00:00,PT4,Port Talbot Margam,Urban Industrial,14.625,37.19866666666667,11.973767083333334,6,13.567291666666666,1.0577083333333341
2026-05-25 00:00:00+00:00,SWA1,Swansea Roadside,Urban Traffic,18.208333333333332,36.393499999999996,18.24001708333333,6,13.567291666666666,4.641041666666666
2026-05-25 00:00:00+00:00,WREX,Wrexham,Urban Traffic,7.475541666666667,23.63854166666667,13.200554166666668,6,14.145833333333332,-6.670291666666665
2026-05-26 00:00:00+00:00,CARD,Cardiff Centre,Urban Background,18.208333333333332,37.60120833333333,,6,15.267333333333333,2.940999999999999
2026-05-26 00:00:00+00:00,CHP,Chepstow A48,Urban Traffic,13.833333333333334,28.301541666666665,29.81751739130435,6,17.1019375,-3.2686041666666643
2026-05-26 00:00:00+00:00,PEMB,Narberth,Rural Background,14.539125,41.23229166666667,3.793324166666667,6,17.1019375,-2.562812499999998
2026-05-26 00:00:00+00:00,NPT3,Newport,Urban Background,15.995541666666668,41.800000000000004,13.003651666666668,6,16.373729166666667,-0.37818749999999923
2026-05-26 00:00:00+00:00,PT4,Port Talbot Margam,Urban Industrial,19.166666666666668,54.912416666666665,13.250461666666666,6,15.267333333333333,3.8993333333333347
2026-05-26 00:00:00+00:00,SWA1,Swansea Roadside,Urban Traffic,21.541666666666668,39.05070833333333,23.01195,6,15.267333333333333,6.274333333333335
2026-05-26 00:00:00+00:00,WREX,Wrexham,Urban Traffic,10.972875,28.618750000000002,17.53217,6,17.1019375,-6.129062499999998
2026-05-27 00:00:00+00:00,CARD,Cardiff Centre,Urban Background,14.083333333333334,28.301541666666665,,6,13.237729166666668,0.845604166666666
2026-05-27 00:00:00+00:00,CHP,Chepstow A48,Urban Traffic,14.208333333333334,25.926333333333332,22.08649652173913,6,13.175229166666668,1.033104166666666
2026-05-27 00:00:00+00:00,PEMB,Narberth,Rural Background,11.978208333333333,26.551041666666666,4.663900434782609,6,14.145833333333334,-2.167625000000001
2026-05-27 00:00:00+00:00,NPT3,Newport,Urban Background,12.267125,28.965625,10.578582916666667,6,14.145833333333334,-1.8787083333333339
2026-05-27 00:00:00+00:00,PT4,Port Talbot Margam,Urban Industrial,15.826086956521738,34.02708695652174,10.100984782608696,6,13.175229166666668,2.6508577898550705
2026-05-27 00:00:00+00:00,SWA1,Swansea Roadside,Urban Traffic,18.304347826086957,32.26273913043478,20.74160875,6,13.175229166666668,5.129118659420289
2026-05-27 00:00:00+00:00,WREX,Wrexham,Urban Traffic,7.383125,15.373958333333333,9.103586250000001,6,14.145833333333334,-6.762708333333334
2026-05-28 00:00:00+00:00,CARD,Cardiff Centre,Urban Background,12.958333333333334,24.27570833333333,,6,10.6641875,2.2941458333333333
2026-05-28 00:00:00+00:00,CHP,Chepstow A48,Urban Traffic,10.791666666666666,24.557625,20.09927608695652,6,11.747520833333333,-0.9558541666666667
2026-05-28 00:00:00+00:00,PEMB,Narberth,Rural Background,10.536708333333333,19.717708333333334,4.8554466666666665,6,11.875,-1.3382916666666667
2026-05-28 00:00:00+00:00,NPT3,Newport,Urban Background,10.446166666666667,25.491666666666664,8.099623333333334,6,11.875,-1.4288333333333334
2026-05-28 00:00:00+00:00,PT4,Port Talbot Margam,Urban Industrial,14.125,31.0795,6.883982499999999,6,10.6641875,3.4608124999999994
2026-05-28 00:00:00+00:00,SWA1,Swansea Roadside,Urban Traffic,15.625,26.48991666666667,14.49177,6,10.6641875,4.960812499999999
2026-05-28 00:00:00+00:00,WREX,Wrexham,Urban Traffic,8.795166666666667,17.346875,8.822016249999999,6,11.875,-3.079833333333333
2026-05-29 00:00:00+00:00,CARD,Cardiff Centre,Urban Background,7.458333333333333,15.861666666666666,6.9020754166666665,6,7.4616875,-0.003354166666666991
2026-05-29 00:00:00+00:00,CHP,Chepstow A48,Urban Traffic,8.333333333333334,17.592958333333332,23.26487217391304,6,7.0241875,1.309145833333334
2026-05-29 00:00:00+00:00,PEMB,Narberth,Rural Background,6.304083333333334,11.673958333333333,2.34944,6,7.895833333333334,-1.5917500000000002
2026-05-29 00:00:00+00:00,NPT3,Newport,Urban Background,6.590041666666667,13.907291666666666,5.150324166666667,6,7.895833333333334,-1.305791666666667
2026-05-29 00:00:00+00:00,PT4,Port Talbot Margam,Urban Industrial,9.541666666666666,24.799125,5.317950416666666,6,7.0241875,2.517479166666666
2026-05-29 00:00:00+00:00,SWA1,Swansea Roadside,Urban Traffic,9.0,16.908541666666668,8.230843333333334,6,7.0241875,1.9758125
2026-05-29 00:00:00+00:00,WREX,Wrexham,Urban Traffic,3.546583333333333,6.984708333333334,4.662176666666666,6,7.895833333333334,-4.349250000000001
2026-05-30 00:00:00+00:00,CARD,Cardiff Centre,Urban Background,7.166666666666667,14.4125,9.07108875,6,5.895229166666667,1.2714375000000002
2026-05-30 00:00:00+00:00,CHP,Chepstow A48,Urban Traffic,7.333333333333333,11.916583333333334,18.876290869565217,6,5.895229166666667,1.4381041666666663
2026-05-30 00:00:00+00:00,PEMB,Narberth,Rural Background,4.850625,7.836458333333333,2.0876,6,7.020833333333334,-2.170208333333334
2026-05-30 00:00:00+00:00,NPT3,Newport,Urban Background,4.9154583333333335,10.366666666666667,6.348836666666667,6,7.020833333333334,-2.1053750000000004
2026-05-30 00:00:00+00:00,PT4,Port Talbot Margam,Urban Industrial,6.875,16.264208333333332,4.3834462499999995,6,6.041062500000001,0.8339374999999993
2026-05-30 00:00:00+00:00,SWA1,Swansea Roadside,Urban Traffic,10.041666666666666,14.573458333333333,8.87608625,6,5.895229166666667,4.146437499999999
2026-05-30 00:00:00+00:00,WREX,Wrexham,Urban Traffic,3.3000000000000003,6.432291666666667,7.713112916666667,6,7.020833333333334,-3.7208333333333337
2026-05-31 00:00:00+00:00,CARD,Cardiff Centre,Urban Background,6.583333333333333,14.332041666666667,3.9980358333333332,6,5.978854166666666,0.6044791666666667
2026-05-31 00:00:00+00:00,CHP,Chepstow A48,Urban Traffic,5.625,10.346458333333333,12.736617916666667,6,6.458020833333333,-0.8330208333333333
2026-05-31 00:00:00+00:00,PEMB,Narberth,Rural Background,6.332708333333334,10.830208333333333,1.613885,6,6.104166666666666,0.22854166666666753
2026-05-31 00:00:00+00:00,NPT3,Newport,Urban Background,5.141541666666667,9.370833333333334,1.6920791666666668,6,6.458020833333333,-1.3164791666666664
2026-05-31 00:00:00+00:00,PT4,Port Talbot Margam,Urban Industrial,7.541666666666667,18.599375,2.4379745833333333,6,5.978854166666666,1.5628125000000006
2026-05-31 00:00:00+00:00,SWA1,Swansea Roadside,Urban Traffic,9.458333333333334,14.815083333333334,3.8296216666666667,6,5.978854166666666,3.4794791666666676
2026-05-31 00:00:00+00:00,WREX,Wrexham,Urban Traffic,3.3500833333333335,5.683333333333334,2.5399129166666667,6,6.458020833333333,-3.1079375
2026-06-01 00:00:00+00:00,CARD,Cardiff Centre,Urban Background,4.625,9.661916666666666,11.207425416666666,6,4.80625,-0.18125000000000036
2026-06-01 00:00:00+00:00,CHP,Chepstow A48,Urban Traffic,6.041666666666667,9.984041666666666,13.832502499999999,6,4.6875,1.354166666666667
2026-06-01 00:00:00+00:00,PEMB,Narberth,Rural Background,2.1668749999999997,4.241666666666666,1.1734054166666665,6,4.80625,-2.6393750000000007
2026-06-01 00:00:00+00:00,NPT3,Newport,Urban Background,4.8625,12.252083333333333,5.68210375,6,4.6875,0.17499999999999982
2026-06-01 00:00:00+00:00,PT4,Port Talbot Margam,Urban Industrial,4.75,14.613750000000001,8.9404875,6,4.74375,0.006249999999999645
2026-06-01 00:00:00+00:00,SWA1,Swansea Roadside,Urban Traffic,6.041666666666667,8.253,5.34917,6,4.6875,1.354166666666667
2026-06-01 00:00:00+00:00,WREX,Wrexham,Urban Traffic,2.606125,5.307291666666667,6.762002916666667,6,4.80625,-2.2001250000000003
2026-06-02 00:00:00+00:00,CARD,Cardiff Centre,Urban Background,5.833333333333333,11.916458333333333,6.177999166666667,6,4.184041666666666,1.6492916666666666
2026-06-02 00:00:00+00:00,CHP,Chepstow A48,Urban Traffic,4.208333333333333,11.191875000000001,14.923097916666668,6,4.9548749999999995,-0.7465416666666664
2026-06-02 00:00:00+00:00,PEMB,Narberth,Rural Background,3.7009166666666666,7.641666666666667,1.5459320833333334,6,4.979166666666666,-1.2782499999999994
2026-06-02 00:00:00+00:00,NPT3,Newport,Urban Background,4.15975,9.642708333333333,2.78669875,6,4.979166666666666,-0.8194166666666662
2026-06-02 00:00:00+00:00,PT4,Port Talbot Margam,Urban Industrial,6.083333333333333,14.976208333333334,3.6353791666666666,6,4.184041666666666,1.8992916666666666
2026-06-02 00:00:00+00:00,SWA1,Swansea Roadside,Urban Traffic,5.75,11.795708333333332,5.409985416666667,6,4.184041666666666,1.5659583333333336
2026-06-02 00:00:00+00:00,WREX,Wrexham,Urban Traffic,1.3462083333333332,2.970833333333333,5.33027125,6,4.979166666666666,-3.632958333333333
2026-06-03 00:00:00+00:00,CARD,Cardiff Centre,Urban Background,4.0,10.829541666666666,6.550517916666667,6,5.508897644927536,-1.5088976449275364
2026-06-03 00:00:00+00:00,CHP,Chepstow A48,Urban Traffic,5.826086956521739,10.418130434782608,10.53045625,6,4.869375,0.9567119565217395
2026-06-03 00:00:00+00:00,PEMB,Narberth,Rural Background,5.191708333333334,9.786458333333334,0.5684179166666666,6,5.1865643115942035,0.005144021739130089
2026-06-03 00:00:00+00:00,NPT3,Newport,Urban Background,4.547041666666667,10.726041666666667,2.6776666666666666,6,5.508897644927536,-0.9618559782608695
2026-06-03 00:00:00+00:00,PT4,Port Talbot Margam,Urban Industrial,7.583333333333333,22.222583333333333,4.402475,6,4.869375,2.7139583333333333
2026-06-03 00:00:00+00:00,SWA1,Swansea Roadside,Urban Traffic,6.083333333333333,15.056541666666668,3.70430125,6,4.869375,1.2139583333333333
2026-06-03 00:00:00+00:00,WREX,Wrexham,Urban Traffic,2.7211250000000002,5.777083333333334,5.471416666666666,6,5.508897644927536,-2.787772644927536
2026-06-04 00:00:00+00:00,CARD,Cardiff Centre,Urban Background,5.583333333333333,13.365833333333335,5.38576625,6,5.356416666666666,0.22691666666666688
2026-06-04 00:00:00+00:00,CHP,Chepstow A48,Urban Traffic,6.083333333333333,11.634708333333334,13.401647500000001,6,5.106416666666666,0.9769166666666669
2026-06-04 00:00:00+00:00,PEMB,Narberth,Rural Background,4.0683750000000005,8.088541666666666,1.350748181818182,6,5.833333333333333,-1.7649583333333325
2026-06-04 00:00:00+00:00,NPT3,Newport,Urban Background,4.6295,10.920833333333334,2.1176954166666664,6,5.833333333333333,-1.2038333333333329
2026-06-04 00:00:00+00:00,PT4,Port Talbot Margam,Urban Industrial,7.458333333333333,22.584999999999997,2.8156354166666664,6,5.106416666666666,2.351916666666667
2026-06-04 00:00:00+00:00,SWA1,Swansea Roadside,Urban Traffic,7.5,14.935916666666666,4.4505083333333335,6,5.106416666666666,2.393583333333334
2026-06-04 00:00:00+00:00,WREX,Wrexham,Urban Traffic,1.6981666666666666,3.678125,2.3734325,6,5.833333333333333,-4.135166666666667
2026-06-05 00:00:00+00:00,CARD,Cardiff Centre,Urban Background,5.458333333333333,13.245,8.639360416666667,6,5.448041666666667,0.010291666666666366
2026-06-05 00:00:00+00:00,CHP,Chepstow A48,Urban Traffic,7.208333333333333,11.634625,17.67447043478261,6,5.010541666666667,2.1977916666666664
2026-06-05 00:00:00+00:00,PEMB,Narberth,Rural Background,4.56275,10.208333333333334,1.8249421739130434,6,5.895833333333333,-1.3330833333333327
2026-06-05 00:00:00+00:00,NPT3,Newport,Urban Background,4.107708333333333,10.44375,3.2383016666666666,6,5.895833333333333,-1.788125
2026-06-05 00:00:00+00:00,PT4,Port Talbot Margam,Urban Industrial,6.333333333333333,18.921375,7.5025579166666665,6,5.010541666666667,1.3227916666666664
2026-06-05 00:00:00+00:00,SWA1,Swansea Roadside,Urban Traffic,6.625,14.170916666666665,8.456942916666668,6,5.010541666666667,1.6144583333333333
2026-06-05 00:00:00+00:00,WREX,Wrexham,Urban Traffic,3.2782916666666666,6.917708333333334,6.52893,6,5.895833333333333,-2.6175416666666664
2026-06-06 00:00:00+00:00,CARD,Cardiff Centre,Urban Background,5.083333333333333,12.600916666666668,6.0236504166666665,6,4.982270833333333,0.10106250000000028
2026-06-06 00:00:00+00:00,CHP,Chepstow A48,Urban Traffic,6.083333333333333,10.748916666666666,11.209874166666665,6,4.669770833333333,1.4135625000000003
2026-06-06 00:00:00+00:00,PEMB,Narberth,Rural Background,4.2128749999999995,8.317708333333334,1.0261775,6,5.395833333333333,-1.1829583333333336
2026-06-06 00:00:00+00:00,NPT3,Newport,Urban Background,4.256208333333333,9.894791666666666,1.67138625,6,5.395833333333333,-1.1396249999999997
2026-06-06 00:00:00+00:00,PT4,Port Talbot Margam,Urban Industrial,5.708333333333333,15.660458333333333,3.4558850000000003,6,4.669770833333333,1.0385625000000003
2026-06-06 00:00:00+00:00,SWA1,Swansea Roadside,Urban Traffic,6.916666666666667,14.654041666666666,6.2341925,6,4.669770833333333,2.246895833333334
2026-06-06 00:00:00+00:00,WREX,Wrexham,Urban Traffic,1.9643750000000002,3.6645833333333333,4.7425225,6,5.395833333333333,-3.4314583333333326
2026-06-07 00:00:00+00:00,CARD,Cardiff Centre,Urban Background,9.791666666666666,19.605833333333333,6.712335416666666,6,9.382479166666666,0.4091874999999998
2026-06-07 00:00:00+00:00,CHP,Chepstow A48,Urban Traffic,8.833333333333334,17.270708333333335,9.6237625,6,9.799125,-0.9657916666666662
2026-06-07 00:00:00+00:00,PEMB,Narberth,Rural Background,9.806583333333334,16.495833333333334,0.8656462500000001,6,9.375020833333334,0.43156250000000007
2026-06-07 00:00:00+00:00,NPT3,Newport,Urban Background,8.958375,18.332291666666666,2.2432445833333334,6,9.799125,-0.8407499999999999
2026-06-07 00:00:00+00:00,PT4,Port Talbot Margam,Urban Industrial,11.166666666666666,28.261333333333337,3.78831375,6,9.375020833333334,1.791645833333332
2026-06-07 00:00:00+00:00,SWA1,Swansea Roadside,Urban Traffic,10.666666666666666,24.879541666666668,3.365575833333333,6,9.375020833333334,1.291645833333332
2026-06-07 00:00:00+00:00,WREX,Wrexham,Urban Traffic,5.608291666666666,9.920833333333333,3.3737629166666667,6,9.799125,-4.190833333333334
2026-06-08 00:00:00+00:00,CARD,Cardiff Centre,Urban Background,5.708333333333333,11.286863636363636,7.17277,6,4.7406277173913045,0.9677056159420285
2026-06-08 00:00:00+00:00,CHP,Chepstow A48,Urban Traffic,6.375,10.829458333333333,15.828704166666666,6,4.725229166666667,1.6497708333333332
2026-06-08 00:00:00+00:00,PEMB,Narberth,Rural Background,3.3952500000000003,7.619791666666667,0.8256833333333334,6,5.723731884057971,-2.3284818840579704
2026-06-08 00:00:00+00:00,NPT3,Newport,Urban Background,3.742125,8.547916666666667,3.6312795833333333,6,5.723731884057971,-1.9816068840579706
2026-06-08 00:00:00+00:00,PT4,Port Talbot Margam,Urban Industrial,6.0,17.955208333333335,9.33621,6,4.725229166666667,1.2747708333333332
2026-06-08 00:00:00+00:00,SWA1,Swansea Roadside,Urban Traffic,5.739130434782608,12.812652173913042,5.720412608695653,6,4.725229166666667,1.0139012681159416
2026-06-08 00:00:00+00:00,WREX,Wrexham,Urban Traffic,2.283916666666667,4.686458333333333,3.2760470833333333,6,5.723731884057971,-3.439815217391304
2026-06-09 00:00:00+00:00,CARD,Cardiff Centre,Urban Background,6.5,13.728083333333332,5.35464375,6,6.199823369565217,0.30017663043478304
2026-06-09 00:00:00+00:00,CHP,Chepstow A48,Urban Traffic,6.956521739130435,11.426304347826088,13.557736666666665,6,5.971562499999999,0.9849592391304354
2026-06-09 00:00:00+00:00,PEMB,Narberth,Rural Background,5.443124999999999,11.246875000000001,0.35289624999999997,6,6.728260869565217,-1.2851358695652175
2026-06-09 00:00:00+00:00,NPT3,Newport,Urban Background,4.3515,10.157291666666667,2.5539645833333333,6,6.728260869565217,-2.376760869565217
2026-06-09 00:00:00+00:00,PT4,Port Talbot Margam,Urban Industrial,7.25,26.12754166666667,6.116291666666666,6,5.971562499999999,1.2784375000000008
2026-06-09 00:00:00+00:00,SWA1,Swansea Roadside,Urban Traffic,7.333333333333333,17.51245833333333,4.3680562499999995,6,5.971562499999999,1.3617708333333338
2026-06-09 00:00:00+00:00,WREX,Wrexham,Urban Traffic,2.5058333333333334,5.1656249999999995,2.712798695652174,6,6.728260869565217,-4.2224275362318835
2026-06-10 00:00:00+00:00,CARD,Cardiff Centre,Urban Background,6.416666666666667,10.628124999999999,8.029199583333334,6,4.8681875,1.5484791666666666
2026-06-10 00:00:00+00:00,CHP,Chepstow A48,Urban Traffic,7.25,8.575083333333334,15.659843333333333,6,4.8681875,2.3818124999999997
2026-06-10 00:00:00+00:00,PEMB,Narberth,Rural Background,3.4561666666666664,7.8531249999999995,0.797235,6,6.270833333333334,-2.8146666666666675
2026-06-10 00:00:00+00:00,NPT3,Newport,Urban Background,3.6113750000000002,7.78125,3.4591154166666667,6,6.270833333333334,-2.6594583333333337
2026-06-10 00:00:00+00:00,PT4,Port Talbot Margam,Urban Industrial,7.043478260869565,23.234714285714283,5.245838260869565,6,4.8681875,2.175290760869565
2026-06-10 00:00:00+00:00,SWA1,Swansea Roadside,Urban Traffic,6.125,13.285291666666666,5.751657916666667,6,5.014020833333333,1.1109791666666666
2026-06-10 00:00:00+00:00,WREX,Wrexham,Urban Traffic,1.6548749999999999,3.669791666666667,2.7966320833333334,6,6.270833333333334,-4.615958333333334
2026-06-11 00:00:00+00:00,CARD,Cardiff Centre,Urban Background,4.0,8.172458333333333,9.031705,6,3.9577291666666667,0.04227083333333326
2026-06-11 00:00:00+00:00,CHP,Chepstow A48,Urban Traffic,4.041666666666667,7.769875,13.103909166666668,6,3.9368958333333337,0.10477083333333326
2026-06-11 00:00:00+00:00,PEMB,Narberth,Rural Background,3.873791666666667,6.661458333333333,0.5682920833333334,6,4.020833333333334,-0.14704166666666696
2026-06-11 00:00:00+00:00,NPT3,Newport,Urban Background,3.16925,6.292708333333334,4.38693625,6,4.020833333333334,-0.851583333333334
2026-06-11 00:00:00+00:00,PT4,Port Talbot Margam,Urban Industrial,6.583333333333333,16.385083333333334,6.751725833333334,6,3.9368958333333337,2.6464374999999993
2026-06-11 00:00:00+00:00,SWA1,Swansea Roadside,Urban Traffic,8.541666666666666,11.755416666666667,5.546741666666667,6,3.9368958333333337,4.604770833333332
2026-06-11 00:00:00+00:00,WREX,Wrexham,Urban Traffic,1.9220833333333334,3.74375,4.830257083333334,6,4.020833333333334,-2.098750000000001
2026-06-12 00:00:00+00:00,CARD,Cardiff Centre,Urban Background,3.4166666666666665,6.401,4.28596,6,3.8992708333333335,-0.48260416666666694
2026-06-12 00:00:00+00:00,CHP,Chepstow A48,Urban Traffic,4.041666666666667,4.911583333333334,9.37727347826087,6,3.5867708333333335,0.4548958333333335
2026-06-12 00:00:00+00:00,PEMB,Narberth,Rural Background,3.7568750000000004,7.194791666666667,0.4280825,6,3.729166666666667,0.027708333333333446
2026-06-12 00:00:00+00:00,NPT3,Newport,Urban Background,2.3240416666666666,5.477083333333333,1.2723108333333333,6,3.8992708333333335,-1.575229166666667
2026-06-12 00:00:00+00:00,PT4,Port Talbot Margam,Urban Industrial,5.375,11.433375,1.9121499999999998,6,3.5867708333333335,1.7882291666666665
2026-06-12 00:00:00+00:00,SWA1,Swansea Roadside,Urban Traffic,6.416666666666667,11.151541666666667,3.5039116666666668,6,3.5867708333333335,2.8298958333333335
2026-06-12 00:00:00+00:00,WREX,Wrexham,Urban Traffic,2.8558749999999997,6.108333333333333,2.1221783333333333,6,3.8992708333333335,-1.0433958333333337
2026-06-13 00:00:00+00:00,CARD,Cardiff Centre,Urban Background,7.583333333333333,15.942375,6.8579179166666675,6,5.978125,1.6052083333333327
2026-06-13 00:00:00+00:00,CHP,Chepstow A48,Urban Traffic,6.833333333333333,11.513875,12.92116956521739,6,6.353125,0.4802083333333327
2026-06-13 00:00:00+00:00,PEMB,Narberth,Rural Background,5.111083333333333,10.592708333333333,1.2131233333333333,6,7.208333333333333,-2.09725
2026-06-13 00:00:00+00:00,NPT3,Newport,Urban Background,5.122916666666667,10.856250000000001,4.23566375,6,7.208333333333333,-2.0854166666666663
2026-06-13 00:00:00+00:00,PT4,Port Talbot Margam,Urban Industrial,7.75,17.834416666666666,5.267345416666667,6,5.978125,1.7718749999999996
2026-06-13 00:00:00+00:00,SWA1,Swansea Roadside,Urban Traffic,9.0,14.774791666666667,6.342055833333333,6,5.978125,3.0218749999999996
2026-06-13 00:00:00+00:00,WREX,Wrexham,Urban Traffic,2.9088333333333334,5.570833333333333,1.7841379166666667,6,7.208333333333333,-4.2995
2026-06-14 00:00:00+00:00,CARD,Cardiff Centre,Urban Background,6.958333333333333,12.520208333333334,9.898909999999999,6,5.893666666666666,1.0646666666666667
2026-06-14 00:00:00+00:00,CHP,Chepstow A48,Urban Traffic,6.75,9.29975,13.0944375,6,5.997833333333333,0.7521666666666667
2026-06-14 00:00:00+00:00,PEMB,Narberth,Rural Background,5.037333333333334,11.020833333333334,1.7685458333333333,6,6.854166666666666,-1.8168333333333324
2026-06-14 00:00:00+00:00,NPT3,Newport,Urban Background,4.761166666666667,8.859375,6.429353333333334,6,6.854166666666666,-2.092999999999999
2026-06-14 00:00:00+00:00,PT4,Port Talbot Margam,Urban Industrial,8.125,15.217625,6.07917,6,5.893666666666666,2.2313333333333336
2026-06-14 00:00:00+00:00,SWA1,Swansea Roadside,Urban Traffic,11.625,17.471999999999998,14.294152083333332,6,5.893666666666666,5.731333333333334
2026-06-14 00:00:00+00:00,WREX,Wrexham,Urban Traffic,3.580916666666667,6.190625,6.501191666666667,6,6.854166666666666,-3.273249999999999
2026-06-15 00:00:00+00:00,CARD,Cardiff Centre,Urban Background,6.125,11.835958333333332,7.7143813043478255,6,7.651515151515152,-1.5265151515151523
2026-06-15 00:00:00+00:00,CHP,Chepstow A48,Urban Traffic,7.636363636363637,12.770652173913044,17.724026818181816,6,6.895833333333334,0.7405303030303028
2026-06-15 00:00:00+00:00,PEMB,Narberth,Rural Background,5.360625,14.049999999999999,2.8759430434782614,6,7.651515151515152,-2.2908901515151525
2026-06-15 00:00:00+00:00,NPT3,Newport,Urban Background,5.470666666666666,12.026041666666666,7.3686766666666665,6,7.651515151515152,-2.180848484848486
2026-06-15 00:00:00+00:00,PT4,Port Talbot Margam,Urban Industrial,7.666666666666667,13.929375,5.28717,6,6.880681818181818,0.7859848484848486
2026-06-15 00:00:00+00:00,SWA1,Swansea Roadside,Urban Traffic,8.958333333333334,14.976166666666666,11.653507083333333,6,6.880681818181818,2.0776515151515156
2026-06-15 00:00:00+00:00,WREX,Wrexham,Urban Traffic,7.903874999999999,11.914583333333333,11.4080025,6,6.880681818181818,1.023193181818181
2026-06-16 00:00:00+00:00,CARD,Cardiff Centre,Urban Background,4.833333333333333,6.481583333333333,8.481646666666666,6,4.164416666666666,0.668916666666667
2026-06-16 00:00:00+00:00,CHP,Chepstow A48,Urban Traffic,4.833333333333333,7.447791666666667,15.320377916666667,6,4.164416666666666,0.668916666666667
2026-06-16 00:00:00+00:00,PEMB,Narberth,Rural Background,2.5247083333333333,3.9125,1.7163891666666666,6,4.833333333333333,-2.3086249999999997
2026-06-16 00:00:00+00:00,NPT3,Newport,Urban Background,3.4955,7.542708333333334,3.930593333333333,6,4.833333333333333,-1.3378333333333332
2026-06-16 00:00:00+00:00,PT4,Port Talbot Margam,Urban Industrial,6.875,13.446333333333333,5.95514875,6,4.164416666666666,2.710583333333334
2026-06-16 00:00:00+00:00,SWA1,Swansea Roadside,Urban Traffic,5.666666666666667,7.930833333333333,6.209522499999999,6,4.164416666666666,1.502250000000001
2026-06-16 00:00:00+00:00,WREX,Wrexham,Urban Traffic,2.5766666666666667,5.0718749999999995,6.5732025,6,4.833333333333333,-2.2566666666666664
2026-06-17 00:00:00+00:00,CARD,Cardiff Centre,Urban Background,3.625,5.555666666666667,10.729622083333334,6,3.3434791666666666,0.28152083333333344
2026-06-17 00:00:00+00:00,CHP,Chepstow A48,Urban Traffic,3.7083333333333335,6.11925,12.91096125,6,3.3018124999999996,0.4065208333333339
2026-06-17 00:00:00+00:00,PEMB,Narberth,Rural Background,2.8519583333333336,7.679166666666666,1.28898625,6,3.666666666666667,-0.8147083333333334
2026-06-17 00:00:00+00:00,NPT3,Newport,Urban Background,2.9786249999999996,5.204166666666667,5.331439166666667,6,3.666666666666667,-0.6880416666666673
2026-06-17 00:00:00+00:00,PT4,Port Talbot Margam,Urban Industrial,6.416666666666667,10.145125,8.024035833333334,6,3.3018124999999996,3.1148541666666674
2026-06-17 00:00:00+00:00,SWA1,Swansea Roadside,Urban Traffic,6.5,6.481583333333333,5.736391666666666,6,3.3018124999999996,3.1981875000000004
2026-06-17 00:00:00+00:00,WREX,Wrexham,Urban Traffic,2.31325,4.309375,4.031410416666667,6,3.666666666666667,-1.353416666666667
2026-06-18 00:00:00+00:00,CARD,Cardiff Centre,Urban Background,2.9583333333333335,5.716666666666666,9.683717916666668,6,3.2631875,-0.3048541666666664
2026-06-18 00:00:00+00:00,CHP,Chepstow A48,Urban Traffic,3.25,6.320458333333334,14.238014166666666,6,3.117354166666667,0.13264583333333313
2026-06-18 00:00:00+00:00,PEMB,Narberth,Rural Background,2.551083333333333,6.716666666666666,1.1311654166666667,6,3.2631875,-0.7121041666666668
2026-06-18 00:00:00+00:00,NPT3,Newport,Urban Background,3.276375,7.4281250000000005,4.823365833333333,6,3.104166666666667,0.17220833333333285
2026-06-18 00:00:00+00:00,PT4,Port Talbot Margam,Urban Industrial,5.5,9.259375,6.874738333333333,6,3.104166666666667,2.395833333333333
2026-06-18 00:00:00+00:00,SWA1,Swansea Roadside,Urban Traffic,5.666666666666667,8.736083333333333,9.453680416666666,6,3.104166666666667,2.5625
2026-06-18 00:00:00+00:00,WREX,Wrexham,Urban Traffic,2.5157083333333334,5.385416666666667,6.6147012499999995,6,3.2631875,-0.7474791666666665
2026-06-19 00:00:00+00:00,CARD,Cardiff Centre,Urban Background,3.4166666666666665,5.958125,10.004176666666668,6,2.8544166666666664,0.5622500000000001
2026-06-19 00:00:00+00:00,CHP,Chepstow A48,Urban Traffic,2.4166666666666665,5.273875,14.277704166666666,6,3.3544166666666664,-0.9377499999999999
2026-06-19 00:00:00+00:00,PEMB,Narberth,Rural Background,1.8062500000000001,7.4125000000000005,1.6171114285714285,6,3.3544166666666664,-1.5481666666666662
2026-06-19 00:00:00+00:00,NPT3,Newport,Urban Background,3.2921666666666667,7.860416666666667,4.176547083333333,6,2.9166666666666665,0.37550000000000017
2026-06-19 00:00:00+00:00,PT4,Port Talbot Margam,Urban Industrial,5.666666666666667,10.587875,6.84571875,6,2.8544166666666664,2.8122500000000006
2026-06-19 00:00:00+00:00,SWA1,Swansea Roadside,Urban Traffic,6.333333333333333,7.890666666666667,8.542440416666667,6,2.8544166666666664,3.4789166666666667
2026-06-19 00:00:00+00:00,WREX,Wrexham,Urban Traffic,1.328625,4.171875,6.360516666666666,6,3.3544166666666664,-2.0257916666666667
2026-06-20 00:00:00+00:00,CARD,Cardiff Centre,Urban Background,4.208333333333333,5.917916666666667,10.89669,5,2.563875,1.6444583333333331
2026-06-20 00:00:00+00:00,CHP,Chepstow A48,Urban Traffic,3.4583333333333335,4.6297500000000005,15.283045833333333,5,2.563875,0.8944583333333336
2026-06-20 00:00:00+00:00,PEMB,Narberth,Rural Background,1.7275833333333335,5.351041666666667,,5,3.4583333333333335,-1.73075
2026-06-20 00:00:00+00:00,NPT3,Newport,Urban Background,2.563875,5.026041666666667,5.4547349999999994,5,3.4583333333333335,-0.8944583333333336
2026-06-20 00:00:00+00:00,PT4,Port Talbot Margam,Urban Industrial,,,,6,3.0111041666666667,
2026-06-20 00:00:00+00:00,SWA1,Swansea Roadside,Urban Traffic,8.083333333333334,8.252958333333334,8.69498125,5,2.563875,5.5194583333333345
2026-06-20 00:00:00+00:00,WREX,Wrexham,Urban Traffic,2.0450833333333334,3.834375,5.8496275,5,3.4583333333333335,-1.4132500000000001
2026-06-21 00:00:00+00:00,CARD,Cardiff Centre,Urban Background,5.791666666666667,9.259375,11.425704166666668,5,2.8026666666666666,2.9890000000000003
2026-06-21 00:00:00+00:00,CHP,Chepstow A48,Urban Traffic,4.375,6.119291666666666,14.331223333333334,5,2.8026666666666666,1.5723333333333334
2026-06-21 00:00:00+00:00,PEMB,Narberth,Rural Background,2.029375,4.5375000000000005,,5,4.375,-2.345625
2026-06-21 00:00:00+00:00,NPT3,Newport,Urban Background,2.8026666666666666,6.004166666666666,6.866844583333333,5,4.375,-1.5723333333333334
2026-06-21 00:00:00+00:00,PT4,Port Talbot Margam,Urban Industrial,,,,6,3.5888333333333335,
2026-06-21 00:00:00+00:00,SWA1,Swansea Roadside,Urban Traffic,8.291666666666666,10.306083333333333,11.956299583333333,5,2.8026666666666666,5.488999999999999
2026-06-21 00:00:00+00:00,WREX,Wrexham,Urban Traffic,2.6670833333333337,4.832291666666667,8.464320416666666,5,4.375,-1.7079166666666663
2026-06-22 00:00:00+00:00,CARD,Cardiff Centre,Urban Background,6.166666666666667,12.761916666666666,9.608617826086956,5,6.0612916666666665,0.10537500000000044
2026-06-22 00:00:00+00:00,CHP,Chepstow A48,Urban Traffic,6.375,11.674958333333334,19.137931666666667,5,6.0612916666666665,0.3137083333333335
2026-06-22 00:00:00+00:00,PEMB,Narberth,Rural Background,5.445166666666666,14.555208333333333,,5,6.166666666666667,-0.7215000000000007
2026-06-22 00:00:00+00:00,NPT3,Newport,Urban Background,6.0612916666666665,12.317708333333334,11.808247083333333,5,6.166666666666667,-0.10537500000000044
2026-06-22 00:00:00+00:00,PT4,Port Talbot Margam,Urban Industrial,,,,6,6.113979166666667,
2026-06-22 00:00:00+00:00,SWA1,Swansea Roadside,Urban Traffic,13.304347826086957,16.719434782608694,20.23441,5,6.0612916666666665,7.2430561594202905
2026-06-22 00:00:00+00:00,WREX,Wrexham,Urban Traffic,3.7883750000000003,9.125,9.18330125,5,6.166666666666667,-2.3782916666666667
2026-06-23 00:00:00+00:00,CARD,Cardiff Centre,Urban Background,13.708333333333334,23.22908333333333,10.804387391304347,6,11.605812499999999,2.102520833333335
2026-06-23 00:00:00+00:00,CHP,Chepstow A48,Urban Traffic,10.583333333333334,20.330416666666668,24.27160375,6,13.140083333333333,-2.556749999999999
2026-06-23 00:00:00+00:00,PEMB,Narberth,Rural Background,10.639791666666666,19.177083333333332,4.3878337499999995,6,13.140083333333333,-2.5002916666666675
2026-06-23 00:00:00+00:00,NPT3,Newport,Urban Background,12.571833333333332,25.680208333333336,10.157732916666667,6,12.1740625,0.3977708333333325
2026-06-23 00:00:00+00:00,PT4,Port Talbot Margam,Urban Industrial,15.0,28.775913043478262,13.164758181818183,6,11.605812499999999,3.394187500000001
2026-06-23 00:00:00+00:00,SWA1,Swansea Roadside,Urban Traffic,18.875,26.288625,16.631770416666665,6,11.605812499999999,7.269187500000001
2026-06-23 00:00:00+00:00,WREX,Wrexham,Urban Traffic,9.285583333333333,16.770833333333332,13.439491304347825,6,13.140083333333333,-3.8545
2026-06-24 00:00:00+00:00,CARD,Cardiff Centre,Urban Background,13.782608695652174,25.362666666666666,13.319213913043479,6,11.828708333333333,1.9539003623188407
2026-06-24 00:00:00+00:00,CHP,Chepstow A48,Urban Traffic,11.541666666666666,17.109875,20.186295,6,12.949179347826087,-1.407512681159421
2026-06-24 00:00:00+00:00,PEMB,Narberth,Rural Background,11.444625,23.05,3.4016208333333338,6,12.949179347826087,-1.5045543478260868
2026-06-24 00:00:00+00:00,NPT3,Newport,Urban Background,12.11575,23.046875,9.046881666666666,6,12.66213768115942,-0.5463876811594197
2026-06-24 00:00:00+00:00,PT4,Port Talbot Margam,Urban Industrial,20.291666666666668,47.58533333333333,14.070032916666667,6,11.828708333333333,8.462958333333335
2026-06-24 00:00:00+00:00,SWA1,Swansea Roadside,Urban Traffic,23.666666666666668,30.717125,18.995361666666668,6,11.828708333333333,11.837958333333335
2026-06-24 00:00:00+00:00,WREX,Wrexham,Urban Traffic,7.724166666666666,13.133333333333333,12.404077083333334,6,12.949179347826087,-5.225012681159421
2026-06-25 00:00:00+00:00,CARD,Cardiff Centre,Urban Background,13.666666666666666,27.738,10.607867391304348,6,14.501863095238093,-0.8351964285714271
2026-06-25 00:00:00+00:00,CHP,Chepstow A48,Urban Traffic,14.19047619047619,27.361,22.007115454545456,6,14.239958333333332,-0.049482142857142364
2026-06-25 00:00:00+00:00,PEMB,Narberth,Rural Background,13.521727272727274,31.108695652173914,4.906432727272727,6,14.501863095238093,-0.9801358225108192
2026-06-25 00:00:00+00:00,NPT3,Newport,Urban Background,14.813249999999998,31.70625,10.744007083333335,6,13.928571428571427,0.8846785714285712
2026-06-25 00:00:00+00:00,PT4,Port Talbot Margam,Urban Industrial,17.0,32.81045833333334,6.9487145833333335,6,13.928571428571427,3.071428571428573
2026-06-25 00:00:00+00:00,SWA1,Swansea Roadside,Urban Traffic,22.125,35.70908333333333,22.389179166666665,6,13.928571428571427,8.196428571428573
2026-06-25 00:00:00+00:00,WREX,Wrexham,Urban Traffic,8.447333333333333,18.238541666666666,12.257292083333333,6,14.501863095238093,-6.05452976190476
2026-06-26 00:00:00+00:00,CARD,Cardiff Centre,Urban Background,12.291666666666666,22.18225,9.962940434782608,6,12.897916666666667,-0.6062500000000011
2026-06-26 00:00:00+00:00,CHP,Chepstow A48,Urban Traffic,12.583333333333334,19.525208333333335,22.9021875,6,12.752083333333333,-0.1687499999999993
2026-06-26 00:00:00+00:00,PEMB,Narberth,Rural Background,9.628541666666667,17.930208333333333,3.4795149999999997,6,12.897916666666667,-3.269375
2026-06-26 00:00:00+00:00,NPT3,Newport,Urban Background,13.2125,25.729166666666668,8.877100833333333,6,12.4375,0.7750000000000004
2026-06-26 00:00:00+00:00,PT4,Port Talbot Margam,Urban Industrial,13.916666666666666,26.5705,7.880657500000001,6,12.4375,1.479166666666666
2026-06-26 00:00:00+00:00,SWA1,Swansea Roadside,Urban Traffic,15.041666666666666,22.142041666666668,10.536925833333333,6,12.4375,2.604166666666666
2026-06-26 00:00:00+00:00,WREX,Wrexham,Urban Traffic,11.202833333333333,20.123958333333334,12.873391304347827,6,12.897916666666667,-1.6950833333333346
2026-06-27 00:00:00+00:00,CARD,Cardiff Centre,Urban Background,5.25,9.742666666666667,7.334472608695652,6,4.672958333333334,0.5770416666666662
2026-06-27 00:00:00+00:00,CHP,Chepstow A48,Urban Traffic,4.416666666666667,8.172541666666666,15.419364166666668,6,5.089625,-0.6729583333333329
2026-06-27 00:00:00+00:00,PEMB,Narberth,Rural Background,4.929250000000001,8.776041666666666,2.5474912499999998,6,4.833333333333334,0.09591666666666665
2026-06-27 00:00:00+00:00,NPT3,Newport,Urban Background,4.330875,9.671875,6.27839875,6,5.089625,-0.75875
2026-06-27 00:00:00+00:00,PT4,Port Talbot Margam,Urban Industrial,6.25,14.050208333333332,6.8351670833333324,6,4.672958333333334,1.5770416666666662
2026-06-27 00:00:00+00:00,SWA1,Swansea Roadside,Urban Traffic,8.333333333333334,13.365708333333332,9.186700833333333,6,4.672958333333334,3.660375
2026-06-27 00:00:00+00:00,WREX,Wrexham,Urban Traffic,3.657625,8.405208333333333,5.737659166666667,6,5.089625,-1.432
2026-06-28 00:00:00+00:00,CARD,Cardiff Centre,Urban Background,5.208333333333333,11.876249999999999,5.897504782608695,6,4.618729166666666,0.5896041666666667
2026-06-28 00:00:00+00:00,CHP,Chepstow A48,Urban Traffic,5.416666666666667,7.608875,11.27976875,6,4.5145625,0.9021041666666667
2026-06-28 00:00:00+00:00,PEMB,Narberth,Rural Background,3.8207916666666666,8.942708333333334,2.07131875,6,5.3125,-1.4917083333333334
2026-06-28 00:00:00+00:00,NPT3,Newport,Urban Background,3.436541666666667,7.954166666666667,1.5369325,6,5.3125,-1.8759583333333332
2026-06-28 00:00:00+00:00,PT4,Port Talbot Margam,Urban Industrial,5.708333333333333,16.385166666666667,2.659050833333333,6,4.5145625,1.1937708333333328
2026-06-28 00:00:00+00:00,SWA1,Swansea Roadside,Urban Traffic,7.458333333333333,13.36575,3.4652708333333333,6,4.5145625,2.943770833333333
2026-06-28 00:00:00+00:00,WREX,Wrexham,Urban Traffic,2.2847916666666666,5.005208333333333,2.3388483333333334,6,5.3125,-3.0277083333333334
2026-06-29 00:00:00+00:00,CARD,Cardiff Centre,Urban Background,5.409090909090909,12.34109090909091,8.017182608695652,6,6.072395833333333,-0.663304924242424
2026-06-29 00:00:00+00:00,CHP,Chepstow A48,Urban Traffic,7.041666666666667,10.547666666666666,17.288703478260867,6,5.256107954545454,1.7855587121212126
2026-06-29 00:00:00+00:00,PEMB,Narberth,Rural Background,5.1031249999999995,10.8125,2.0211945833333336,6,6.225378787878788,-1.1222537878787886
2026-06-29 00:00:00+00:00,NPT3,Newport,Urban Background,4.25325,10.44375,3.7179854166666666,6,6.225378787878788,-1.9721287878787876
2026-06-29 00:00:00+00:00,PT4,Port Talbot Margam,Urban Industrial,7.166666666666667,17.431833333333334,5.117241666666667,6,5.256107954545454,1.9105587121212126
2026-06-29 00:00:00+00:00,SWA1,Swansea Roadside,Urban Traffic,8.25,16.183916666666665,6.871613333333333,6,5.256107954545454,2.9938920454545457
2026-06-29 00:00:00+00:00,WREX,Wrexham,Urban Traffic,3.753,7.802083333333333,4.249436666666667,6,6.225378787878788,-2.472378787878788
2026-06-30 00:00:00+00:00,CARD,Cardiff Centre,Urban Background,5.583333333333333,8.816583333333332,6.459569999999999,6,4.8559375,0.7273958333333335
2026-06-30 00:00:00+00:00,CHP,Chepstow A48,Urban Traffic,5.375,8.432318181818182,16.734994166666667,6,4.9601041666666665,0.41489583333333346
2026-06-30 00:00:00+00:00,PEMB,Narberth,Rural Background,3.5672083333333333,7.528125,2.18646625,6,5.479166666666666,-1.9119583333333328
2026-06-30 00:00:00+00:00,NPT3,Newport,Urban Background,4.336875,10.026041666666666,4.1401975,6,5.479166666666666,-1.142291666666666
2026-06-30 00:00:00+00:00,PT4,Port Talbot Margam,Urban Industrial,7.25,17.5125,5.877213333333334,6,4.8559375,2.3940625000000004
2026-06-30 00:00:00+00:00,SWA1,Swansea Roadside,Urban Traffic,7.625,12.359250000000001,5.511725416666667,6,4.8559375,2.7690625000000004
2026-06-30 00:00:00+00:00,WREX,Wrexham,Urban Traffic,3.608541666666667,7.9125000000000005,7.464706666666667,6,5.479166666666666,-1.870624999999999
2026-07-01 00:00:00+00:00,CARD,Cardiff Centre,Urban Background,3.4583333333333335,9.742458333333333,6.28945625,6,3.9956875,-0.5373541666666664
2026-07-01 00:00:00+00:00,CHP,Chepstow A48,Urban Traffic,4.583333333333333,8.414,15.15857375,6,3.4331875000000003,1.1501458333333328
2026-07-01 00:00:00+00:00,PEMB,Narberth,Rural Background,2.1530833333333335,5.83125,2.385605,6,4.020833333333333,-1.8677499999999996
2026-07-01 00:00:00+00:00,NPT3,Newport,Urban Background,3.408041666666667,7.6499999999999995,5.099535416666667,6,4.020833333333333,-0.612791666666666
2026-07-01 00:00:00+00:00,PT4,Port Talbot Margam,Urban Industrial,9.166666666666666,15.86175,4.066095,6,3.4331875000000003,5.733479166666665
2026-07-01 00:00:00+00:00,SWA1,Swansea Roadside,Urban Traffic,7.913043478260869,9.11595652173913,5.2418313043478255,6,3.4331875000000003,4.4798559782608685
2026-07-01 00:00:00+00:00,WREX,Wrexham,Urban Traffic,1.9949583333333332,4.145833333333333,4.441084583333333,6,4.020833333333333,-2.025875
2026-07-02 00:00:00+00:00,CARD,Cardiff Centre,Urban Background,4.166666666666667,5.273833333333333,5.23760125,6,4.169541666666667,-0.002875000000000405
2026-07-02 00:00:00+00:00,CHP,Chepstow A48,Urban Traffic,5.291666666666667,6.360875,10.13927875,6,3.607041666666667,1.684625
2026-07-02 00:00:00+00:00,PEMB,Narberth,Rural Background,3.047416666666667,6.580208333333334,1.6202066666666666,6,4.729166666666667,-1.68175
2026-07-02 00:00:00+00:00,NPT3,Newport,Urban Background,2.8842083333333335,5.7625,3.3074704166666664,6,4.729166666666667,-1.8449583333333335
2026-07-02 00:00:00+00:00,PT4,Port Talbot Margam,Urban Industrial,8.541666666666666,9.822958333333334,3.703038333333333,6,3.607041666666667,4.934624999999999
2026-07-02 00:00:00+00:00,SWA1,Swansea Roadside,Urban Traffic,7.416666666666667,9.621666666666668,3.7762320833333334,6,3.607041666666667,3.809625
2026-07-02 00:00:00+00:00,WREX,Wrexham,Urban Traffic,2.7161666666666666,6.166666666666667,4.65042375,6,4.729166666666667,-2.0130000000000003
2026-07-03 00:00:00+00:00,CARD,Cardiff Centre,Urban Background,5.833333333333333,8.736,7.7291687499999995,5,5.75,0.08333333333333304
2026-07-03 00:00:00+00:00,CHP,Chepstow A48,Urban Traffic,5.75,8.735999999999999,17.385682083333332,5,5.833333333333333,-0.08333333333333304
2026-07-03 00:00:00+00:00,PEMB,Narberth,Rural Background,,,2.512330909090909,6,5.791666666666666,
2026-07-03 00:00:00+00:00,NPT3,Newport,Urban Background,5.0540416666666665,9.981250000000001,6.606964583333333,5,5.833333333333333,-0.7792916666666665
2026-07-03 00:00:00+00:00,PT4,Port Talbot Margam,Urban Industrial,8.916666666666666,14.493041666666668,5.456005416666667,5,5.75,3.166666666666666
2026-07-03 00:00:00+00:00,SWA1,Swansea Roadside,Urban Traffic,8.625,11.513833333333332,9.327913333333333,5,5.75,2.875
2026-07-03 00:00:00+00:00,WREX,Wrexham,Urban Traffic,3.236,6.2625,4.217002083333333,5,5.833333333333333,-2.597333333333333
2026-07-04 00:00:00+00:00,CARD,Cardiff Centre,Urban Background,3.6666666666666665,7.004874999999999,3.959387916666667,5,3.875,-0.20833333333333348
2026-07-04 00:00:00+00:00,CHP,Chepstow A48,Urban Traffic,3.875,6.360791666666667,11.879626666666667,5,3.6666666666666665,0.20833333333333348
2026-07-04 00:00:00+00:00,PEMB,Narberth,Rural Background,,,,6,3.770833333333333,
2026-07-04 00:00:00+00:00,NPT3,Newport,Urban Background,2.54225,5.045833333333333,1.7315699999999998,5,3.875,-1.3327499999999999
2026-07-04 00:00:00+00:00,PT4,Port Talbot Margam,Urban Industrial,6.833333333333333,9.702250000000001,2.2447179166666666,5,3.6666666666666665,3.1666666666666665
2026-07-04 00:00:00+00:00,SWA1,Swansea Roadside,Urban Traffic,8.333333333333334,9.662041666666667,4.661838333333333,5,3.6666666666666665,4.666666666666668
2026-07-04 00:00:00+00:00,WREX,Wrexham,Urban Traffic,2.0009166666666665,4.2,0.3036875,5,3.875,-1.8740833333333335
2026-07-05 00:00:00+00:00,CARD,Cardiff Centre,Urban Background,4.208333333333333,7.649125000000001,3.8821549999999996,6,4.971395833333333,-0.7630625000000002
2026-07-05 00:00:00+00:00,CHP,Chepstow A48,Urban Traffic,6.208333333333333,6.964625000000001,12.230404583333334,6,4.117229166666666,2.0911041666666668
2026-07-05 00:00:00+00:00,PEMB,Narberth,Rural Background,2.5786666666666664,4.54375,,6,5.0625,-2.4838333333333336
2026-07-05 00:00:00+00:00,NPT3,Newport,Urban Background,4.0261249999999995,6.891666666666667,2.773781666666667,6,5.0625,-1.0363750000000005
2026-07-05 00:00:00+00:00,PT4,Port Talbot Margam,Urban Industrial,8.5,9.098458333333333,2.0178083333333334,6,4.117229166666666,4.382770833333334
2026-07-05 00:00:00+00:00,SWA1,Swansea Roadside,Urban Traffic,5.916666666666667,8.816625,3.2915991666666664,6,4.117229166666666,1.7994375000000007
2026-07-05 00:00:00+00:00,WREX,Wrexham,Urban Traffic,1.2264782608695652,2.733695652173913,1.87152125,6,5.0625,-3.8360217391304348
2026-07-06 00:00:00+00:00,CARD,Cardiff Centre,Urban Background,1.2083333333333333,4.025833333333334,4.35206625,6,3.947625,-2.7392916666666665
2026-07-06 00:00:00+00:00,CHP,Chepstow A48,Urban Traffic,5.333333333333333,7.971125,16.514702916666668,6,2.4306875000000003,2.9026458333333327
2026-07-06 00:00:00+00:00,PEMB,Narberth,Rural Background,2.561916666666667,4.903458333333334,,6,3.816395833333333,-1.2544791666666661
2026-07-06 00:00:00+00:00,NPT3,Newport,Urban Background,2.2994583333333334,6.710416666666667,4.48681875,6,3.947625,-1.6481666666666666
2026-07-06 00:00:00+00:00,PT4,Port Talbot Margam,Urban Industrial,7.708333333333333,9.098291666666666,3.0480474999999996,6,2.4306875000000003,5.277645833333333
2026-07-06 00:00:00+00:00,SWA1,Swansea Roadside,Urban Traffic,6.434782608695652,7.057434782608696,6.8148229166666665,6,2.4306875000000003,4.004095108695652
2026-07-06 00:00:00+00:00,WREX,Wrexham,Urban Traffic,1.8307916666666666,4.167708333333334,3.2536008333333335,6,3.947625,-2.116833333333333
2026-07-07 00:00:00+00:00,CARD,Cardiff Centre,Urban Background,5.0,9.380125,6.3308875,6,6.100687499999999,-1.1006874999999994
2026-07-07 00:00:00+00:00,CHP,Chepstow A48,Urban Traffic,5.708333333333333,10.104875,18.222672083333332,6,6.100687499999999,-0.39235416666666634
2026-07-07 00:00:00+00:00,PEMB,Narberth,Rural Background,3.359916666666667,6.372916666666666,,6,6.100687499999999,-2.7407708333333325
2026-07-07 00:00:00+00:00,NPT3,Newport,Urban Background,5.8609583333333335,12.766666666666666,5.175092916666666,6,6.024374999999999,-0.16341666666666566
2026-07-07 00:00:00+00:00,PT4,Port Talbot Margam,Urban Industrial,9.916666666666666,11.433333333333332,3.9272395833333333,6,5.784645833333333,4.132020833333333
2026-07-07 00:00:00+00:00,SWA1,Swansea Roadside,Urban Traffic,9.791666666666666,11.393125,7.56435,6,5.784645833333333,4.007020833333333
2026-07-07 00:00:00+00:00,WREX,Wrexham,Urban Traffic,6.340416666666666,10.891666666666666,9.285007826086956,6,5.784645833333333,0.5557708333333329
2026-07-08 00:00:00+00:00,CARD,Cardiff Centre,Urban Background,9.916666666666666,14.734499999999999,11.27343,6,13.0,-3.083333333333334
2026-07-08 00:00:00+00:00,CHP,Chepstow A48,Urban Traffic,12.208333333333334,14.935749999999999,25.525001666666668,6,12.578375,-0.3700416666666655
2026-07-08 00:00:00+00:00,PEMB,Narberth,Rural Background,5.232318181818182,8.443181818181818,,6,13.0,-7.767681818181818
2026-07-08 00:00:00+00:00,NPT3,Newport,Urban Background,15.762625,25.684375,11.46590375,6,11.786708333333333,3.9759166666666665
2026-07-08 00:00:00+00:00,PT4,Port Talbot Margam,Urban Industrial,15.08695652173913,23.02073913043478,7.69710652173913,6,11.786708333333333,3.3002481884057975
2026-07-08 00:00:00+00:00,SWA1,Swansea Roadside,Urban Traffic,13.791666666666666,15.499416666666667,13.074580416666668,6,11.786708333333333,2.0049583333333327
2026-07-08 00:00:00+00:00,WREX,Wrexham,Urban Traffic,11.365083333333333,17.059375,12.14357125,6,13.0,-1.6349166666666672
2026-07-09 00:00:00+00:00,CARD,Cardiff Centre,Urban Background,8.291666666666666,15.177458333333334,15.858390833333333,6,11.119875,-2.8282083333333343
2026-07-09 00:00:00+00:00,CHP,Chepstow A48,Urban Traffic,7.541666666666667,12.077458333333333,26.017199583333333,6,11.119875,-3.5782083333333334
2026-07-09 00:00:00+00:00,PEMB,Narberth,Rural Background,3.18,5.954166666666667,2.984083043478261,6,11.119875,-7.939875000000001
2026-07-09 00:00:00+00:00,NPT3,Newport,Urban Background,12.112916666666665,23.791666666666668,13.911285833333332,6,9.20925,2.9036666666666644
2026-07-09 00:00:00+00:00,PT4,Port Talbot Margam,Urban Industrial,16.333333333333332,30.757375,10.441507083333333,6,9.20925,7.124083333333331
2026-07-09 00:00:00+00:00,SWA1,Swansea Roadside,Urban Traffic,13.625,14.976041666666667,17.385767916666666,6,9.20925,4.415749999999999
2026-07-09 00:00:00+00:00,WREX,Wrexham,Urban Traffic,10.126833333333334,16.280208333333334,15.852002083333334,6,10.202291666666666,-0.07545833333333185
2026-07-10 00:00:00+00:00,CARD,Cardiff Centre,Urban Background,11.291666666666666,23.18875,15.781711666666666,6,10.454145833333333,0.8375208333333326
2026-07-10 00:00:00+00:00,CHP,Chepstow A48,Urban Traffic,9.958333333333334,17.753916666666665,30.734749130434782,6,11.011458333333334,-1.0531249999999996
2026-07-10 00:00:00+00:00,PEMB,Narberth,Rural Background,6.0151666666666666,11.311458333333334,3.5848578260869566,6,11.011458333333334,-4.996291666666667
2026-07-10 00:00:00+00:00,NPT3,Newport,Urban Background,10.177041666666666,20.973958333333332,11.9498325,6,11.011458333333334,-0.8344166666666677
2026-07-10 00:00:00+00:00,PT4,Port Talbot Margam,Urban Industrial,14.708333333333334,27.9795,10.658143333333333,6,10.454145833333333,4.2541875000000005
2026-07-10 00:00:00+00:00,SWA1,Swansea Roadside,Urban Traffic,14.75,20.974625,19.258703333333333,6,10.454145833333333,4.2958541666666665
2026-07-10 00:00:00+00:00,WREX,Wrexham,Urban Traffic,10.731250000000001,18.007291666666667,14.835223333333333,6,10.734354166666666,-0.0031041666666649093
2026-07-11 00:00:00+00:00,CARD,Cardiff Centre,Urban Background,9.041666666666666,15.861875,9.381031666666667,6,8.577083333333334,0.4645833333333318
2026-07-11 00:00:00+00:00,CHP,Chepstow A48,Urban Traffic,7.913043478260869,12.721625000000001,16.30498625,6,9.102208333333333,-1.1891648550724643
2026-07-11 00:00:00+00:00,PEMB,Narberth,Rural Background,7.991416666666667,13.859375,3.9446156521739133,6,9.102208333333333,-1.1107916666666666
2026-07-11 00:00:00+00:00,NPT3,Newport,Urban Background,9.16275,16.01875,8.334357500000001,6,8.516541666666667,0.6462083333333339
2026-07-11 00:00:00+00:00,PT4,Port Talbot Margam,Urban Industrial,12.625,16.425416666666667,4.809611250000001,6,8.516541666666667,4.108458333333333
2026-07-11 00:00:00+00:00,SWA1,Swansea Roadside,Urban Traffic,15.291666666666666,17.834333333333333,16.822643333333335,6,8.516541666666667,6.775124999999999
2026-07-11 00:00:00+00:00,WREX,Wrexham,Urban Traffic,7.729958333333333,13.305208333333333,9.777589583333333,6,9.102208333333333,-1.3722500000000002
2026-07-12 00:00:00+00:00,CARD,Cardiff Centre,Urban Background,7.416666666666667,17.069541666666666,4.960474166666667,6,6.688165760869565,0.7285009057971017
2026-07-12 00:00:00+00:00,CHP,Chepstow A48,Urban Traffic,7.086956521739131,16.988958333333333,9.0476725,6,6.853020833333334,0.23393568840579704
2026-07-12 00:00:00+00:00,PEMB,Narberth,Rural Background,3.9268750000000003,9.585416666666667,2.0096804166666664,6,7.2518115942028984,-3.324936594202898
2026-07-12 00:00:00+00:00,NPT3,Newport,Urban Background,6.289375,16.4375,4.159860833333333,6,7.2518115942028984,-0.9624365942028987
2026-07-12 00:00:00+00:00,PT4,Port Talbot Margam,Urban Industrial,10.166666666666666,16.908458333333332,2.53727125,6,6.688165760869565,3.478500905797101
2026-07-12 00:00:00+00:00,SWA1,Swansea Roadside,Urban Traffic,10.083333333333334,17.995541666666668,6.9389899999999995,6,6.688165760869565,3.3951675724637687
2026-07-12 00:00:00+00:00,WREX,Wrexham,Urban Traffic,5.167041666666667,11.963541666666666,4.88504375,6,7.2518115942028984,-2.0847699275362315
2026-07-13 00:00:00+00:00,CARD,Cardiff Centre,Urban Background,7.25,20.330458333333333,4.087593913043478,5,7.104260869565217,0.14573913043478282
2026-07-13 00:00:00+00:00,CHP,Chepstow A48,Urban Traffic,,,10.835739047619048,6,7.177130434782608,
2026-07-13 00:00:00+00:00,PEMB,Narberth,Rural Background,4.4359166666666665,9.889583333333333,2.1993354166666665,5,7.25,-2.8140833333333335
2026-07-13 00:00:00+00:00,NPT3,Newport,Urban Background,7.104260869565217,17.950739130434783,3.9529714285714284,5,7.25,-0.14573913043478282
2026-07-13 00:00:00+00:00,PT4,Port Talbot Margam,Urban Industrial,9.791666666666666,17.311125,3.2777266666666667,5,7.104260869565217,2.687405797101449
2026-07-13 00:00:00+00:00,SWA1,Swansea Roadside,Urban Traffic,10.625,18.760375,10.222857916666667,5,7.104260869565217,3.520739130434783
2026-07-13 00:00:00+00:00,WREX,Wrexham,Urban Traffic,5.738916666666667,13.878124999999999,9.027950416666666,5,7.25,-1.5110833333333327
2026-07-14 00:00:00+00:00,CARD,Cardiff Centre,Urban Background,9.958333333333334,20.41091666666667,5.807970833333333,5,12.409090909090908,-2.4507575757575744
2026-07-14 00:00:00+00:00,CHP,Chepstow A48,Urban Traffic,,,14.020039583333334,6,11.183712121212121,
2026-07-14 00:00:00+00:00,PEMB,Narberth,Rural Background,6.3690454545454545,12.581818181818182,3.6786541666666666,5,12.409090909090908,-6.040045454545454
2026-07-14 00:00:00+00:00,NPT3,Newport,Urban Background,9.523375,19.98125,5.169567916666667,5,12.409090909090908,-2.8857159090909086
2026-07-14 00:00:00+00:00,PT4,Port Talbot Margam,Urban Industrial,12.916666666666666,17.391583333333333,3.5480195833333332,5,9.958333333333334,2.958333333333332
2026-07-14 00:00:00+00:00,SWA1,Swansea Roadside,Urban Traffic,12.409090909090908,19.57608695652174,14.481270434782607,5,9.958333333333334,2.4507575757575744
2026-07-14 00:00:00+00:00,WREX,Wrexham,Urban Traffic,18.00916666666667,26.684375,11.061508333333334,5,9.958333333333334,8.050833333333335
2026-07-15 00:00:00+00:00,CARD,Cardiff Centre,Urban Background,10.666666666666666,20.088916666666666,6.684546666666667,5,12.736958333333334,-2.0702916666666678
2026-07-15 00:00:00+00:00,CHP,Chepstow A48,Urban Traffic,,,15.125027083333334,6,11.701812499999999,
2026-07-15 00:00:00+00:00,PEMB,Narberth,Rural Background,8.309791666666667,17.201041666666665,5.694429583333334,5,12.736958333333334,-4.4271666666666665
2026-07-15 00:00:00+00:00,NPT3,Newport,Urban Background,10.263458333333334,19.66875,6.132617916666667,5,12.736958333333334,-2.4734999999999996
2026-07-15 00:00:00+00:00,PT4,Port Talbot Margam,Urban Industrial,14.25,18.720166666666668,4.344815,5,10.666666666666666,3.583333333333334
2026-07-15 00:00:00+00:00,SWA1,Swansea Roadside,Urban Traffic,13.625,19.162916666666664,13.786229583333332,5,10.666666666666666,2.958333333333334
2026-07-15 00:00:00+00:00,WREX,Wrexham,Urban Traffic,12.736958333333334,19.716666666666665,10.929439583333334,5,10.666666666666666,2.0702916666666678
2026-07-16 00:00:00+00:00,CARD,Cardiff Centre,Urban Background,11.083333333333334,19.565541666666665,7.065192916666667,4,14.914291666666667,-3.8309583333333332
2026-07-16 00:00:00+00:00,CHP,Chepstow A48,Urban Traffic,,,22.7432125,5,13.411916666666668,
2026-07-16 00:00:00+00:00,PEMB,Narberth,Rural Background,,,,5,13.411916666666668,
2026-07-16 00:00:00+00:00,NPT3,Newport,Urban Background,12.069666666666665,21.659375,9.131510416666666,4,14.914291666666667,-2.8446250000000024
2026-07-16 00:00:00+00:00,PT4,Port Talbot Margam,Urban Industrial,16.416666666666668,30.153541666666666,7.778144583333334,4,12.740791666666667,3.6758750000000013
2026-07-16 00:00:00+00:00,SWA1,Swansea Roadside,Urban Traffic,17.375,23.833083333333335,16.17478375,4,12.740791666666667,4.6342083333333335
2026-07-16 00:00:00+00:00,WREX,Wrexham,Urban Traffic,13.411916666666668,20.779166666666665,11.934962083333334,4,14.243166666666667,-0.8312499999999989
2026-07-17 00:00:00+00:00,CARD,Cardiff Centre,Urban Background,13.5,22.9875,13.737758260869565,5,15.270375,-1.7703749999999996
2026-07-17 00:00:00+00:00,CHP,Chepstow A48,Urban Traffic,13.666666666666666,24.034166666666668,24.578999999999997,5,15.270375,-1.6037083333333335
2026-07-17 00:00:00+00:00,PEMB,Narberth,Rural Background,,,,6,14.840395833333334,
2026-07-17 00:00:00+00:00,NPT3,Newport,Urban Background,15.270375,27.68958333333333,11.809900833333332,5,14.410416666666668,0.8599583333333314
2026-07-17 00:00:00+00:00,PT4,Port Talbot Margam,Urban Industrial,18.083333333333332,29.308041666666668,8.38379,5,14.410416666666668,3.672916666666664
2026-07-17 00:00:00+00:00,SWA1,Swansea Roadside,Urban Traffic,17.583333333333332,24.436791666666664,11.428530833333333,5,14.410416666666668,3.172916666666664
2026-07-17 00:00:00+00:00,WREX,Wrexham,Urban Traffic,14.410416666666668,21.662499999999998,13.753910833333334,5,15.270375,-0.8599583333333314
2026-07-18 00:00:00+00:00,CARD,Cardiff Centre,Urban Background,16.208333333333332,27.093875,8.536490416666666,6,16.947333333333333,-0.7390000000000008
2026-07-18 00:00:00+00:00,CHP,Chepstow A48,Urban Traffic,16.375,23.953791666666664,16.680467500000002,6,16.863999999999997,-0.4889999999999972
2026-07-18 00:00:00+00:00,PEMB,Narberth,Rural Background,14.013375000000002,20.592708333333334,,6,16.947333333333333,-2.9339583333333312
2026-07-18 00:00:00+00:00,NPT3,Newport,Urban Background,17.519666666666666,25.008333333333336,8.044797916666667,6,16.291666666666664,1.2280000000000015
2026-07-18 00:00:00+00:00,PT4,Port Talbot Margam,Urban Industrial,20.583333333333332,27.77825,6.481004583333333,6,16.291666666666664,4.291666666666668
2026-07-18 00:00:00+00:00,SWA1,Swansea Roadside,Urban Traffic,18.208333333333332,25.000416666666666,9.245903333333333,6,16.291666666666664,1.9166666666666679
2026-07-18 00:00:00+00:00,WREX,Wrexham,Urban Traffic,14.970625,20.8125,9.387387916666666,6,16.947333333333333,-1.9767083333333328
2026-07-19 00:00:00+00:00,CARD,Cardiff Centre,Urban Background,8.083333333333334,14.734458333333334,6.8114091666666665,6,9.532083333333333,-1.4487499999999986
2026-07-19 00:00:00+00:00,CHP,Chepstow A48,Urban Traffic,8.291666666666666,14.694250000000002,12.639341666666667,6,9.427916666666668,-1.1362500000000022
2026-07-19 00:00:00+00:00,PEMB,Narberth,Rural Background,10.7725,20.436458333333334,,6,8.1875,2.585000000000001
2026-07-19 00:00:00+00:00,NPT3,Newport,Urban Background,6.989041666666666,12.853125,6.3023925,6,9.532083333333333,-2.5430416666666664
2026-07-19 00:00:00+00:00,PT4,Port Talbot Margam,Urban Industrial,12.0,18.47854166666667,3.35754,6,8.1875,3.8125
2026-07-19 00:00:00+00:00,SWA1,Swansea Roadside,Urban Traffic,14.791666666666666,19.927875,7.620968333333334,6,8.1875,6.604166666666666
2026-07-19 00:00:00+00:00,WREX,Wrexham,Urban Traffic,5.442208333333333,9.945833333333335,6.2132337500000006,6,9.532083333333333,-4.089874999999999
2026-07-20 00:00:00+00:00,CARD,Cardiff Centre,Urban Background,7.0,15.781208333333334,8.377301666666666,5,7.495125000000001,-0.4951250000000007
2026-07-20 00:00:00+00:00,CHP,Chepstow A48,Urban Traffic,9.625,17.19033333333333,18.512735833333334,5,7.0,2.625
2026-07-20 00:00:00+00:00,PEMB,Narberth,Rural Background,5.183736842105263,9.41578947368421,,5,7.495125000000001,-2.3113881578947373
2026-07-20 00:00:00+00:00,NPT3,Newport,Urban Background,7.495125000000001,15.270833333333334,8.085095,5,7.0,0.4951250000000007
2026-07-20 00:00:00+00:00,PT4,Port Talbot Margam,Urban Industrial,12.875,26.651041666666668,7.527302083333333,5,7.0,5.875
2026-07-20 00:00:00+00:00,SWA1,Swansea Roadside,Urban Traffic,,,10.329907,6,7.247562500000001,
2026-07-20 00:00:00+00:00,WREX,Wrexham,Urban Traffic,5.795041666666666,11.566666666666668,7.335068333333333,5,7.495125000000001,-1.7000833333333345
2026-07-21 00:00:00+00:00,CARD,Cardiff Centre,Urban Background,10.5,18.760458333333332,8.53429875,5,9.958333333333334,0.5416666666666661
2026-07-21 00:00:00+00:00,CHP,Chepstow A48,Urban Traffic,9.958333333333334,16.828041666666667,19.055446666666665,5,10.5,-0.5416666666666661
2026-07-21 00:00:00+00:00,PEMB,Narberth,Rural Background,6.733583333333333,11.304166666666667,,5,10.5,-3.766416666666667
2026-07-21 00:00:00+00:00,NPT3,Newport,Urban Background,16.331625,24.944791666666664,6.839976666666666,5,9.958333333333334,6.373291666666665
2026-07-21 00:00:00+00:00,PT4,Port Talbot Margam,Urban Industrial,14.523809523809524,22.728761904761903,7.117885238095239,5,9.958333333333334,4.56547619047619
2026-07-21 00:00:00+00:00,SWA1,Swansea Roadside,Urban Traffic,,,10.0876,6,10.229166666666668,
2026-07-21 00:00:00+00:00,WREX,Wrexham,Urban Traffic,5.706583333333334,12.503124999999999,7.432453478260869,5,10.5,-4.793416666666666
2026-07-22 00:00:00+00:00,CARD,Cardiff Centre,Urban Background,,,7.946395263157894,5,12.208333333333334,
2026-07-22 00:00:00+00:00,CHP,Chepstow A48,Urban Traffic,12.208333333333334,16.82795833333333,15.895611666666667,4,10.191166666666668,2.0171666666666663
2026-07-22 00:00:00+00:00,PEMB,Narberth,Rural Background,7.3762083333333335,12.15,,4,12.458333333333334,-5.0821250000000004
2026-07-22 00:00:00+00:00,NPT3,Newport,Urban Background,22.695666666666668,32.896875,7.999018333333333,4,9.941166666666668,12.7545
2026-07-22 00:00:00+00:00,PT4,Port Talbot Margam,Urban Industrial,12.708333333333334,21.940833333333334,7.091345416666667,4,9.941166666666668,2.7671666666666663
2026-07-22 00:00:00+00:00,SWA1,Swansea Roadside,Urban Traffic,,,6.479803333333333,5,12.208333333333334,
2026-07-22 00:00:00+00:00,WREX,Wrexham,Urban Traffic,7.6739999999999995,13.632291666666667,7.52216875,4,12.458333333333334,-4.784333333333334
2026-07-23 00:00:00+00:00,CARD,Cardiff Centre,Urban Background,,,9.468582083333333,5,10.083333333333334,
2026-07-23 00:00:00+00:00,CHP,Chepstow A48,Urban Traffic,10.083333333333334,19.485083333333332,20.980630833333333,4,10.177937499999999,-0.09460416666666482
2026-07-23 00:00:00+00:00,PEMB,Narberth,Rural Background,7.790875,12.182291666666666,,4,11.324166666666667,-3.533291666666667
2026-07-23 00:00:00+00:00,NPT3,Newport,Urban Background,12.565,21.37291666666667,7.3248875,4,8.937104166666668,3.6278958333333318
2026-07-23 00:00:00+00:00,PT4,Port Talbot Margam,Urban Industrial,14.565217391304348,30.582391304347826,8.227858181818181,4,8.937104166666668,5.62811322463768
2026-07-23 00:00:00+00:00,SWA1,Swansea Roadside,Urban Traffic,,,11.263404166666668,5,10.083333333333334,
2026-07-23 00:00:00+00:00,WREX,Wrexham,Urban Traffic,5.3832916666666675,9.685416666666667,3.9940037499999996,4,11.324166666666667,-5.940874999999999
2026-07-24 00:00:00+00:00,CARD,Cardiff Centre,Urban Background,,,7.676212083333334,4,7.081416666666668,
2026-07-24 00:00:00+00:00,CHP,Chepstow A48,Urban Traffic,8.125,13.567041666666666,18.266368333333332,3,,
2026-07-24 00:00:00+00:00,PEMB,Narberth,Rural Background,7.3713750000000005,11.204166666666666,,3,,
2026-07-24 00:00:00+00:00,NPT3,Newport,Urban Background,6.791458333333334,12.433333333333332,6.832353333333334,3,,
2026-07-24 00:00:00+00:00,PT4,Port Talbot Margam,Urban Industrial,,,9.020297368421053,4,7.081416666666668,
2026-07-24 00:00:00+00:00,SWA1,Swansea Roadside,Urban Traffic,,,9.400814166666667,4,7.081416666666668,
2026-07-24 00:00:00+00:00,WREX,Wrexham,Urban Traffic,4.743625000000001,9.234375,4.5522487499999995,3,,
2026-07-25 00:00:00+00:00,CARD,Cardiff Centre,Urban Background,,,8.981205833333334,5,6.9900416666666665,
2026-07-25 00:00:00+00:00,CHP,Chepstow A48,Urban Traffic,10.208333333333334,14.8955,14.16541,4,6.480020833333333,3.7283125000000013
2026-07-25 00:00:00+00:00,PEMB,Narberth,Rural Background,5.97,11.126041666666666,,4,8.0991875,-2.1291874999999996
2026-07-25 00:00:00+00:00,NPT3,Newport,Urban Background,6.9900416666666665,12.035416666666668,5.5247475,4,7.589166666666667,-0.5991250000000008
2026-07-25 00:00:00+00:00,PT4,Port Talbot Margam,Urban Industrial,,,7.40595875,5,6.9900416666666665,
2026-07-25 00:00:00+00:00,SWA1,Swansea Roadside,Urban Traffic,9.208333333333334,15.781166666666666,7.624155000000001,4,6.480020833333333,2.7283125000000013
2026-07-25 00:00:00+00:00,WREX,Wrexham,Urban Traffic,5.885416666666667,10.059375000000001,1.70604375,4,8.0991875,-2.2137708333333324
2026-07-26 00:00:00+00:00,CARD,Cardiff Centre,Urban Background,,,4.073945,5,6.469041666666667,
2026-07-26 00:00:00+00:00,CHP,Chepstow A48,Urban Traffic,7.291666666666667,9.178875,9.225396250000001,4,4.431020833333333,2.8606458333333338
2026-07-26 00:00:00+00:00,PEMB,Narberth,Rural Background,6.469041666666667,11.313541666666666,,4,4.842333333333333,1.6267083333333332
2026-07-26 00:00:00+00:00,NPT3,Newport,Urban Background,2.3930000000000002,5.225,2.1147875,4,6.880354166666667,-4.487354166666666
2026-07-26 00:00:00+00:00,PT4,Port Talbot Margam,Urban Industrial,,,6.812531666666666,5,6.469041666666667,
2026-07-26 00:00:00+00:00,SWA1,Swansea Roadside,Urban Traffic,8.125,12.238458333333334,3.41479625,4,4.431020833333333,3.693979166666667
2026-07-26 00:00:00+00:00,WREX,Wrexham,Urban Traffic,1.7629583333333334,3.765625,0.9721554166666667,4,6.880354166666667,-5.117395833333333
2026-07-27 00:00:00+00:00,CARD,Cardiff Centre,Urban Background,,,5.522343333333333,5,4.648125,
2026-07-27 00:00:00+00:00,CHP,Chepstow A48,Urban Traffic,6.545454545454546,10.013227272727272,13.710686666666668,4,4.048729166666667,2.496725378787879
2026-07-27 00:00:00+00:00,PEMB,Narberth,Rural Background,4.648125,8.622916666666667,,4,4.849666666666667,-0.2015416666666665
2026-07-27 00:00:00+00:00,NPT3,Newport,Urban Background,3.449333333333333,6.3531249999999995,3.236402083333333,4,5.4490625,-1.999729166666667
2026-07-27 00:00:00+00:00,PT4,Port Talbot Margam,Urban Industrial,,,7.708677826086956,5,4.648125,
2026-07-27 00:00:00+00:00,SWA1,Swansea Roadside,Urban Traffic,6.25,12.19825,5.862716666666667,4,4.048729166666667,2.201270833333333
2026-07-27 00:00:00+00:00,WREX,Wrexham,Urban Traffic,1.713,3.4802083333333336,1.1302333333333334,4,5.4490625,-3.7360625
2026-07-28 00:00:00+00:00,CARD,Cardiff Centre,Urban Background,6.291666666666667,10.789166666666667,6.97013375,6,5.373276785714285,0.9183898809523816
2026-07-28 00:00:00+00:00,CHP,Chepstow A48,Urban Traffic,5.904761904761905,10.013363636363637,13.634112631578947,6,5.566729166666667,0.33803273809523837
2026-07-28 00:00:00+00:00,PEMB,Narberth,Rural Background,4.3464583333333335,6.971875,3.3780866666666665,6,6.0982142857142865,-1.751755952380953
2026-07-28 00:00:00+00:00,NPT3,Newport,Urban Background,4.8417916666666665,8.377083333333333,4.838147500000001,6,6.0982142857142865,-1.25642261904762
2026-07-28 00:00:00+00:00,PT4,Port Talbot Margam,Urban Industrial,7.625,12.721666666666666,8.0574225,6,5.373276785714285,2.2517232142857146
2026-07-28 00:00:00+00:00,SWA1,Swansea Roadside,Urban Traffic,7.875,12.761833333333334,8.731146666666666,6,5.373276785714285,2.5017232142857146
2026-07-28 00:00:00+00:00,WREX,Wrexham,Urban Traffic,3.642916666666667,6.8875,3.81225,6,6.0982142857142865,-2.4552976190476197
2026-07-29 00:00:00+00:00,CARD,Cardiff Centre,Urban Background,4.5,10.346416666666666,7.246980416666666,6,6.057645833333334,-1.5576458333333338
2026-07-29 00:00:00+00:00,CHP,Chepstow A48,Urban Traffic,6.916666666666667,14.130708333333333,18.51729652173913,6,4.8493125,2.067354166666667
2026-07-29 00:00:00+00:00,PEMB,Narberth,Rural Background,4.2885,7.590625,2.88136875,6,6.057645833333334,-1.7691458333333339
2026-07-29 00:00:00+00:00,NPT3,Newport,Urban Background,5.198625,9.434375000000001,6.522143750000001,6,5.708333333333334,-0.5097083333333341
2026-07-29 00:00:00+00:00,PT4,Port Talbot Margam,Urban Industrial,9.958333333333334,15.70075,8.51751125,6,4.8493125,5.109020833333334
2026-07-29 00:00:00+00:00,SWA1,Swansea Roadside,Urban Traffic,12.304347826086957,16.719478260869565,10.85064875,6,4.8493125,7.455035326086957
2026-07-29 00:00:00+00:00,WREX,Wrexham,Urban Traffic,3.644833333333333,6.398958333333333,4.64007125,6,6.057645833333334,-2.4128125000000007
2026-07-30 00:00:00+00:00,CARD,Cardiff Centre,Urban Background,3.875,9.138583333333333,6.63996125,6,3.8029583333333337,0.07204166666666634
2026-07-30 00:00:00+00:00,CHP,Chepstow A48,Urban Traffic,4.666666666666667,8.897125,14.128594166666666,6,3.4071249999999997,1.2595416666666672
2026-07-30 00:00:00+00:00,PEMB,Narberth,Rural Background,2.8528749999999996,5.758333333333333,1.5578908333333334,6,4.270833333333334,-1.4179583333333343
2026-07-30 00:00:00+00:00,NPT3,Newport,Urban Background,2.93925,5.4750000000000005,2.5856475,6,4.270833333333334,-1.331583333333334
2026-07-30 00:00:00+00:00,PT4,Port Talbot Margam,Urban Industrial,7.583333333333333,13.889041666666666,7.725524166666666,6,3.4071249999999997,4.176208333333333
2026-07-30 00:00:00+00:00,SWA1,Swansea Roadside,Urban Traffic,7.458333333333333,9.460625,5.708692916666667,6,3.4071249999999997,4.051208333333333
2026-07-30 00:00:00+00:00,WREX,Wrexham,Urban Traffic,2.0765,4.663541666666666,5.7557945833333335,6,4.270833333333334,-2.194333333333334
2026-07-31 00:00:00+00:00,CARD,Cardiff Centre,Urban Background,5.333333333333333,14.53325,9.412090000000001,6,4.888999999999999,0.4443333333333337
2026-07-31 00:00:00+00:00,CHP,Chepstow A48,Urban Traffic,5.625,11.030833333333334,15.79539125,6,4.743166666666666,0.8818333333333337
2026-07-31 00:00:00+00:00,PEMB,Narberth,Rural Background,4.153,9.581249999999999,0.5007045833333333,6,5.479166666666666,-1.3261666666666665
2026-07-31 00:00:00+00:00,NPT3,Newport,Urban Background,3.6310000000000002,7.460416666666667,6.453891250000001,6,5.479166666666666,-1.8481666666666658
2026-07-31 00:00:00+00:00,PT4,Port Talbot Margam,Urban Industrial,7.0,24.275833333333335,8.350825416666668,6,4.743166666666666,2.2568333333333337
2026-07-31 00:00:00+00:00,SWA1,Swansea Roadside,Urban Traffic,8.666666666666666,14.613708333333333,9.128182916666667,6,4.743166666666666,3.9234999999999998
2026-07-31 00:00:00+00:00,WREX,Wrexham,Urban Traffic,3.5465416666666667,6.8656250000000005,5.334248333333334,6,5.479166666666666,-1.9326249999999994
2026-08-01 00:00:00+00:00,CARD,Cardiff Centre,Urban Background,7.125,14.130666666666668,12.61453125,5,4.25725,2.86775
2026-08-01 00:00:00+00:00,CHP,Chepstow A48,Urban Traffic,3.7916666666666665,10.225666666666667,13.45125,5,7.125,-3.3333333333333335
2026-08-01 00:00:00+00:00,PEMB,Narberth,Rural Background,4.25725,11.0,1.6575,5,7.125,-2.86775
2026-08-01 00:00:00+00:00,NPT3,Newport,Urban Background,11.006333333333332,15.512500000000001,7.32328125,5,4.25725,6.749083333333332
2026-08-01 00:00:00+00:00,PT4,Port Talbot Margam,Urban Industrial,,10.426833333333333,4.67765625,6,5.6911249999999995,
2026-08-01 00:00:00+00:00,SWA1,Swansea Roadside,Urban Traffic,8.541666666666666,13.083916666666667,7.745625,5,4.25725,4.284416666666666
2026-08-01 00:00:00+00:00,WREX,Wrexham,Urban Traffic,3.246958333333333,5.691666666666666,5.609999999999999,5,7.125,-3.878041666666667
2026-08-02 00:00:00+00:00,CARD,Cardiff Centre,Urban Background,7.166666666666667,13.204708333333334,14.21625,5,4.622708333333333,2.543958333333334
2026-08-02 00:00:00+00:00,CHP,Chepstow A48,Urban Traffic,5.541666666666667,12.842374999999999,20.10515625,5,4.622708333333333,0.9189583333333342
2026-08-02 00:00:00+00:00,PEMB,Narberth,Rural Background,4.445708333333333,8.533333333333333,1.9204687500000002,5,5.541666666666667,-1.0959583333333338
2026-08-02 00:00:00+00:00,NPT3,Newport,Urban Background,4.331875,8.387500000000001,8.717812499999999,5,5.541666666666667,-1.2097916666666668
2026-08-02 00:00:00+00:00,PT4,Port Talbot Margam,Urban Industrial,,14.694375,9.976875,6,5.0821875,
2026-08-02 00:00:00+00:00,SWA1,Swansea Roadside,Urban Traffic,8.791666666666666,15.8215,15.531093750000002,5,4.622708333333333,4.168958333333333
2026-08-02 00:00:00+00:00,WREX,Wrexham,Urban Traffic,4.622708333333333,8.879166666666666,13.283906250000001,5,5.541666666666667,-0.9189583333333342
2026-08-03 00:00:00+00:00,CARD,Cardiff Centre,Urban Background,10.833333333333334,23.06804166666667,14.439375,5,6.827791666666666,4.005541666666668
2026-08-03 00:00:00+00:00,CHP,Chepstow A48,Urban Traffic,6.625,17.834458333333334,26.233125,5,7.319208333333333,-0.6942083333333331
2026-08-03 00:00:00+00:00,PEMB,Narberth,Rural Background,6.745333333333334,16.470833333333335,5.2434375,5,7.319208333333333,-0.5738749999999992
2026-08-03 00:00:00+00:00,NPT3,Newport,Urban Background,7.319208333333333,15.479166666666666,11.86546875,5,6.827791666666666,0.49141666666666683
2026-08-03 00:00:00+00:00,PT4,Port Talbot Margam,Urban Industrial,,27.093875,,6,7.073499999999999,
2026-08-03 00:00:00+00:00,SWA1,Swansea Roadside,Urban Traffic,12.916666666666666,22.262874999999998,21.005625,5,6.827791666666666,6.088875
2026-08-03 00:00:00+00:00,WREX,Wrexham,Urban Traffic,6.827791666666666,14.15,15.116718749999999,5,7.319208333333333,-0.49141666666666683
2026-08-04 00:00:00+00:00,CARD,Cardiff Centre,Urban Background,5.25,10.185375,9.17203125,6,3.7421041666666666,1.5078958333333334
2026-08-04 00:00:00+00:00,CHP,Chepstow A48,Urban Traffic,2.2083333333333335,9.219041666666667,12.399375,6,4.531416666666667,-2.3230833333333334
2026-08-04 00:00:00+00:00,PEMB,Narberth,Rural Background,3.0895833333333336,5.820833333333333,2.60578125,6,4.531416666666667,-1.4418333333333333
2026-08-04 00:00:00+00:00,NPT3,Newport,Urban Background,3.671375,7.733333333333333,5.6976562500000005,6,4.531416666666667,-0.860041666666667
2026-08-04 00:00:00+00:00,PT4,Port Talbot Margam,Urban Industrial,5.458333333333333,18.237,,6,3.7421041666666666,1.7162291666666665
2026-08-04 00:00:00+00:00,SWA1,Swansea Roadside,Urban Traffic,8.291666666666666,13.244958333333335,2.98828125,6,3.7421041666666666,4.5495624999999995
2026-08-04 00:00:00+00:00,WREX,Wrexham,Urban Traffic,3.8128333333333333,8.479166666666666,8.814886363636363,6,4.4606875,-0.6478541666666664
2026-08-05 00:00:00+00:00,CARD,Cardiff Centre,Urban Background,7.25,12.882624999999999,6.2315625,6,4.489041666666667,2.760958333333333
2026-08-05 00:00:00+00:00,CHP,Chepstow A48,Urban Traffic,4.041666666666667,13.245,13.42734375,6,5.869562500000001,-1.8278958333333337
2026-08-05 00:00:00+00:00,PEMB,Narberth,Rural Background,4.4891250000000005,9.679166666666667,2.7253125,6,5.869479166666666,-1.3803541666666659
2026-08-05 00:00:00+00:00,NPT3,Newport,Urban Background,4.488958333333334,8.916666666666666,3.78515625,6,5.869562500000001,-1.380604166666667
2026-08-05 00:00:00+00:00,PT4,Port Talbot Margam,Urban Industrial,9.695652173913043,28.27182608695652,4.459602272727273,6,4.489041666666667,5.206610507246376
2026-08-05 00:00:00+00:00,SWA1,Swansea Roadside,Urban Traffic,7.916666666666667,15.257916666666667,5.21953125,6,4.489041666666667,3.427625
2026-08-05 00:00:00+00:00,WREX,Wrexham,Urban Traffic,1.8002500000000001,4.033333333333333,3.668522727272727,6,5.869562500000001,-4.0693125000000006
2026-08-06 00:00:00+00:00,CARD,Cardiff Centre,Urban Background,4.791666666666667,10.064625,7.299375,6,3.5295416666666664,1.2621250000000006
2026-08-06 00:00:00+00:00,CHP,Chepstow A48,Urban Traffic,3.6666666666666665,10.748875,14.08875,6,4.092041666666667,-0.4253750000000003
2026-08-06 00:00:00+00:00,PEMB,Narberth,Rural Background,2.3349166666666665,6.3875,1.8168749999999998,6,4.229166666666667,-1.8942500000000004
2026-08-06 00:00:00+00:00,NPT3,Newport,Urban Background,3.392416666666666,6.670833333333333,6.55828125,6,4.229166666666667,-0.8367500000000008
2026-08-06 00:00:00+00:00,PT4,Port Talbot Margam,Urban Industrial,6.416666666666667,14.855291666666666,5.21953125,6,3.5295416666666664,2.8871250000000006
2026-08-06 00:00:00+00:00,SWA1,Swansea Roadside,Urban Traffic,5.375,10.306083333333333,8.16,6,3.5295416666666664,1.8454583333333336
2026-08-06 00:00:00+00:00,WREX,Wrexham,Urban Traffic,2.8852499999999996,6.533333333333334,6.84515625,6,4.229166666666667,-1.3439166666666673
2026-08-07 00:00:00+00:00,CARD,Cardiff Centre,Urban Background,4.833333333333333,9.823041666666667,10.52671875,6,3.1798985507246376,1.6534347826086955
2026-08-07 00:00:00+00:00,CHP,Chepstow A48,Urban Traffic,3.5416666666666665,8.735999999999999,17.9934375,6,3.825731884057971,-0.2840652173913045
2026-08-07 00:00:00+00:00,PEMB,Narberth,Rural Background,2.091083333333333,5.029166666666667,2.57390625,6,4.1875,-2.096416666666667
2026-08-07 00:00:00+00:00,NPT3,Newport,Urban Background,2.8181304347826086,6.869565217391305,9.407678571428571,6,4.1875,-1.3693695652173914
2026-08-07 00:00:00+00:00,PT4,Port Talbot Margam,Urban Industrial,5.75,8.333458333333335,6.01640625,6,3.1798985507246376,2.5701014492753624
2026-08-07 00:00:00+00:00,SWA1,Swansea Roadside,Urban Traffic,6.5,10.265875,12.69421875,6,3.1798985507246376,3.3201014492753624
2026-08-07 00:00:00+00:00,WREX,Wrexham,Urban Traffic,2.40975,5.6375,13.738124999999998,6,4.1875,-1.7777500000000002
2026-08-08 00:00:00+00:00,CARD,Cardiff Centre,Urban Background,9.125,14.452791666666668,19.1090625,6,3.9257291666666667,5.199270833333333
2026-08-08 00:00:00+00:00,CHP,Chepstow A48,Urban Traffic,3.5,12.319,16.4475,6,5.779895833333333,-2.279895833333333
2026-08-08 00:00:00+00:00,PEMB,Narberth,Rural Background,2.857875,6.379166666666666,2.9324999999999997,6,5.779895833333333,-2.922020833333333
2026-08-08 00:00:00+00:00,NPT3,Newport,Urban Background,4.351458333333333,10.25,10.765781249999998,6,5.354166666666666,-1.0027083333333326
2026-08-08 00:00:00+00:00,PT4,Port Talbot Margam,Urban Industrial,7.208333333333333,9.823083333333333,7.71375,6,3.9257291666666667,3.2826041666666663
2026-08-08 00:00:00+00:00,SWA1,Swansea Roadside,Urban Traffic,10.416666666666666,15.016374999999998,17.435624999999998,6,3.9257291666666667,6.490937499999999
2026-08-08 00:00:00+00:00,WREX,Wrexham,Urban Traffic,2.908958333333333,6.441666666666666,13.929375,6,5.779895833333333,-2.8709374999999997
2026-08-09 00:00:00+00:00,CARD,Cardiff Centre,Urban Background,8.458333333333334,15.459208333333335,11.02875,6,5.428875,3.0294583333333343
2026-08-09 00:00:00+00:00,CHP,Chepstow A48,Urban Traffic,4.875,14.412416666666667,20.77453125,6,7.2205416666666675,-2.3455416666666675
2026-08-09 00:00:00+00:00,PEMB,Narberth,Rural Background,3.59675,8.975,2.35875,6,7.2205416666666675,-3.6237916666666674
2026-08-09 00:00:00+00:00,NPT3,Newport,Urban Background,5.98275,13.295833333333334,9.7696875,6,6.666666666666667,-0.6839166666666667
2026-08-09 00:00:00+00:00,PT4,Port Talbot Margam,Urban Industrial,10.333333333333334,15.338375,6.6140625,6,5.428875,4.904458333333334
2026-08-09 00:00:00+00:00,SWA1,Swansea Roadside,Urban Traffic,11.166666666666666,16.506041666666665,8.996718750000001,6,5.428875,5.737791666666666
2026-08-09 00:00:00+00:00,WREX,Wrexham,Urban Traffic,2.8185000000000002,6.1375,5.76140625,6,7.2205416666666675,-4.402041666666667
2026-08-10 00:00:00+00:00,CARD,Cardiff Centre,Urban Background,7.875,15.21775,,6,6.221729166666666,1.653270833333334
2026-08-10 00:00:00+00:00,CHP,Chepstow A48,Urban Traffic,4.208333333333333,12.399625,12.40734375,6,8.0550625,-3.846729166666667
2026-08-10 00:00:00+00:00,PEMB,Narberth,Rural Background,3.160458333333333,7.020833333333333,1.1235937500000002,6,8.0550625,-4.894604166666667
2026-08-10 00:00:00+00:00,NPT3,Newport,Urban Background,8.235125,15.9125,8.10421875,6,6.041666666666666,2.193458333333334
2026-08-10 00:00:00+00:00,PT4,Port Talbot Margam,Urban Industrial,10.166666666666666,15.137166666666667,6.43875,6,6.041666666666666,4.125
2026-08-10 00:00:00+00:00,SWA1,Swansea Roadside,Urban Traffic,8.521739130434783,15.123043478260868,10.369076086956522,6,6.041666666666666,2.480072463768117
2026-08-10 00:00:00+00:00,WREX,Wrexham,Urban Traffic,2.814583333333333,6.104166666666667,8.9728125,6,8.0550625,-5.240479166666667
2026-08-11 00:00:00+00:00,CARD,Cardiff Centre,Urban Background,6.9523809523809526,18.094272727272728,,5,5.805875,1.1465059523809522
2026-08-11 00:00:00+00:00,CHP,Chepstow A48,Urban Traffic,5.473684210526316,17.645947368421055,26.650687499999997,5,6.9523809523809526,-1.4786967418546366
2026-08-11 00:00:00+00:00,PEMB,Narberth,Rural Background,10.055166666666667,22.974999999999998,4.111875,5,5.805875,4.249291666666666
2026-08-11 00:00:00+00:00,NPT3,Newport,Urban Background,5.7703750000000005,17.995833333333334,7.84125,5,6.9523809523809526,-1.182005952380952
2026-08-11 00:00:00+00:00,PT4,Port Talbot Margam,Urban Industrial,13.791666666666666,23.229041666666664,12.399375,5,5.805875,7.985791666666666
2026-08-11 00:00:00+00:00,SWA1,Swansea Roadside,Urban Traffic,,,,6,6.3791279761904764,
2026-08-11 00:00:00+00:00,WREX,Wrexham,Urban Traffic,5.805875,13.441666666666668,18.95765625,5,6.9523809523809526,-1.1465059523809522
