station_code,station_name,site_type,latitude,longitude,date,pm25,pm25_hours,pm10,pm10_hours,no2,no2_hours,o3,o3_hours
CARD,Cardiff Centre,Urban Background,51.48178,-3.17625,2025-08-11 00:00:00+00:00,13.875,24,,0,17.46822,24,59.53977083333333,24
CHP,Chepstow A48,Urban Traffic,51.638094,-2.678731,2025-08-11 00:00:00+00:00,16.625,24,24.316041666666667,24,23.285609583333336,24,,0
NPT3,Newport,Urban Background,51.601203,-2.977281,2025-08-11 00:00:00+00:00,15.374375,24,23.08020833333333,24,15.664072916666667,24,,0
PEMB,Narberth,Rural Background,51.782616,-4.69237,2025-08-11 00:00:00+00:00,13.443541666666667,24,22.37708333333333,24,4.8159925,24,72.44044625,24
PT4,Port Talbot Margam,Urban Industrial,51.58395,-3.770822,2025-08-11 00:00:00+00:00,11.875,24,19.887541666666667,24,10.275279583333333,24,63.61016708333332,24
SWA1,Swansea Roadside,Urban Traffic,51.632696,-3.947374,2025-08-11 00:00:00+00:00,15.333333333333334,24,21.095375,24,20.662732916666666,24,,0
WREX,Wrexham,Urban Traffic,53.042282,-3.002829,2025-08-11 00:00:00+00:00,6.870125000000001,24,11.976041666666667,24,15.432453333333333,24,,0
CARD,Cardiff Centre,Urban Background,51.48178,-3.17625,2025-08-12 00:00:00+00:00,14.478260869565217,23,,12,10.044704166666667,24,114.55110208333333,24
CHP,Chepstow A48,Urban Traffic,51.638094,-2.678731,2025-08-12 00:00:00+00:00,14.5,24,23.873166666666666,24,30.303254782608697,23,,0
NPT3,Newport,Urban Background,51.601203,-2.977281,2025-08-12 00:00:00+00:00,14.171625,24,23.816666666666666,24,11.091279583333334,24,,0
PEMB,Narberth,Rural Background,51.782616,-4.69237,2025-08-12 00:00:00+00:00,13.757875,24,22.52916666666667,24,4.786962083333333,24,98.13647041666667,24
PT4,Port Talbot Margam,Urban Industrial,51.58395,-3.770822,2025-08-12 00:00:00+00:00,14.208333333333334,24,24.597916666666666,24,10.315397916666667,24,115.89612125000002,24
SWA1,Swansea Roadside,Urban Traffic,51.632696,-3.947374,2025-08-12 00:00:00+00:00,,6,,6,,6,,0
WREX,Wrexham,Urban Traffic,53.042282,-3.002829,2025-08-12 00:00:00+00:00,13.278374999999999,24,22.2,24,21.48465695652174,23,,0
CARD,Cardiff Centre,Urban Background,51.48178,-3.17625,2025-08-13 00:00:00+00:00,12.375,24,21.457624999999997,24,7.922390833333334,24,81.83963916666666,24
CHP,Chepstow A48,Urban Traffic,51.638094,-2.678731,2025-08-13 00:00:00+00:00,13.173913043478262,23,23.608782608695652,23,20.441058181818182,22,,0
NPT3,Newport,Urban Background,51.601203,-2.977281,2025-08-13 00:00:00+00:00,14.083083333333335,24,22.519791666666666,24,8.063048333333333,24,,0
PEMB,Narberth,Rural Background,51.782616,-4.69237,2025-08-13 00:00:00+00:00,10.214125000000001,24,14.932291666666666,24,2.3029325000000003,24,64.08137416666666,24
PT4,Port Talbot Margam,Urban Industrial,51.58395,-3.770822,2025-08-13 00:00:00+00:00,11.666666666666666,24,22.866666666666664,24,6.309779166666666,24,82.80699875,24
SWA1,Swansea Roadside,Urban Traffic,51.632696,-3.947374,2025-08-13 00:00:00+00:00,,15,,15,,14,,0
WREX,Wrexham,Urban Traffic,53.042282,-3.002829,2025-08-13 00:00:00+00:00,13.455,24,27.912833333333335,24,15.0193425,24,,0
CARD,Cardiff Centre,Urban Background,51.48178,-3.17625,2025-08-14 00:00:00+00:00,4.5,24,9.098458333333333,24,9.587518333333334,24,33.92274374999999,24
CHP,Chepstow A48,Urban Traffic,51.638094,-2.678731,2025-08-14 00:00:00+00:00,4.083333333333333,24,9.782666666666666,24,17.377715217391305,23,,0
NPT3,Newport,Urban Background,51.601203,-2.977281,2025-08-14 00:00:00+00:00,3.3835,24,6.530208333333333,24,8.7608175,24,,0
PEMB,Narberth,Rural Background,51.782616,-4.69237,2025-08-14 00:00:00+00:00,2.7524583333333332,24,5.3812500000000005,24,1.5613829166666668,24,33.2263275,24
PT4,Port Talbot Margam,Urban Industrial,51.58395,-3.770822,2025-08-14 00:00:00+00:00,4.125,24,10.467041666666667,24,5.5863605,20,38.972280416666656,24
SWA1,Swansea Roadside,Urban Traffic,51.632696,-3.947374,2025-08-14 00:00:00+00:00,5.708333333333333,24,5.595916666666667,24,7.570971666666666,24,,0
WREX,Wrexham,Urban Traffic,53.042282,-3.002829,2025-08-14 00:00:00+00:00,2.2877083333333332,24,5.430208333333333,24,8.579655833333334,24,,0
CARD,Cardiff Centre,Urban Background,51.48178,-3.17625,2025-08-15 00:00:00+00:00,6.375,24,12.922833333333335,24,11.074832608695653,23,47.89818791666667,24
CHP,Chepstow A48,Urban Traffic,51.638094,-2.678731,2025-08-15 00:00:00+00:00,5.791666666666667,24,11.634666666666666,24,18.436736666666665,24,,0
NPT3,Newport,Urban Background,51.601203,-2.977281,2025-08-15 00:00:00+00:00,5.110083333333333,24,10.123958333333333,24,9.379188749999999,24,,0
PEMB,Narberth,Rural Background,51.782616,-4.69237,2025-08-15 00:00:00+00:00,4.102791666666667,24,6.808333333333334,24,2.4317129166666667,24,44.09111166666668,24
PT4,Port Talbot Margam,Urban Industrial,51.58395,-3.770822,2025-08-15 00:00:00+00:00,3.4583333333333335,24,11.755333333333333,24,7.607032857142857,21,43.04129125,24
SWA1,Swansea Roadside,Urban Traffic,51.632696,-3.947374,2025-08-15 00:00:00+00:00,7.0,24,9.501,24,13.01481625,24,,0
WREX,Wrexham,Urban Traffic,53.042282,-3.002829,2025-08-15 00:00:00+00:00,3.765833333333333,24,8.206249999999999,24,11.790415000000001,24,,0
CARD,Cardiff Centre,Urban Background,51.48178,-3.17625,2025-08-16 00:00:00+00:00,9.5,24,16.95240909090909,22,6.171421666666667,24,69.00063583333333,24
CHP,Chepstow A48,Urban Traffic,51.638094,-2.678731,2025-08-16 00:00:00+00:00,8.875,24,17.794166666666666,24,13.886385416666668,24,,0
NPT3,Newport,Urban Background,51.601203,-2.977281,2025-08-16 00:00:00+00:00,8.85425,24,14.852083333333333,24,7.994680416666667,24,,0
PEMB,Narberth,Rural Background,51.782616,-4.69237,2025-08-16 00:00:00+00:00,10.206416666666668,24,16.552083333333332,24,3.88835875,24,68.35480624999998,24
PT4,Port Talbot Margam,Urban Industrial,51.58395,-3.770822,2025-08-16 00:00:00+00:00,8.875,24,18.438208333333332,24,4.616245416666667,24,74.27122374999999,24
SWA1,Swansea Roadside,Urban Traffic,51.632696,-3.947374,2025-08-16 00:00:00+00:00,10.583333333333334,24,15.177291666666667,24,16.707551666666667,24,,0
WREX,Wrexham,Urban Traffic,53.042282,-3.002829,2025-08-16 00:00:00+00:00,12.824291666666667,24,18.420833333333334,24,10.180948333333333,24,,0
CARD,Cardiff Centre,Urban Background,51.48178,-3.17625,2025-08-17 00:00:00+00:00,5.291666666666667,24,11.956708333333333,24,5.017073333333333,24,70.75865333333334,24
CHP,Chepstow A48,Urban Traffic,51.638094,-2.678731,2025-08-17 00:00:00+00:00,4.956521739130435,23,14.774791666666667,24,12.812119583333333,24,,0
NPT3,Newport,Urban Background,51.601203,-2.977281,2025-08-17 00:00:00+00:00,5.219166666666667,24,10.610416666666667,24,8.3896125,24,,0
PEMB,Narberth,Rural Background,51.782616,-4.69237,2025-08-17 00:00:00+00:00,5.970041666666667,24,13.901041666666666,24,4.48746875,24,68.73731291666667,24
PT4,Port Talbot Margam,Urban Industrial,51.58395,-3.770822,2025-08-17 00:00:00+00:00,5.625,24,12.922958333333334,24,3.5672804166666663,24,74.25251333333333,24
SWA1,Swansea Roadside,Urban Traffic,51.632696,-3.947374,2025-08-17 00:00:00+00:00,7.583333333333333,24,13.526791666666666,24,14.693302916666667,24,,0
WREX,Wrexham,Urban Traffic,53.042282,-3.002829,2025-08-17 00:00:00+00:00,7.6375416666666665,24,12.78125,24,7.13781875,24,,0
CARD,Cardiff Centre,Urban Background,51.48178,-3.17625,2025-08-18 00:00:00+00:00,5.125,24,11.996958333333334,24,7.2998225,24,58.26820500000002,24
CHP,Chepstow A48,Urban Traffic,51.638094,-2.678731,2025-08-18 00:00:00+00:00,4.583333333333333,24,15.620291666666667,24,13.895125833333333,24,,0
NPT3,Newport,Urban Background,51.601203,-2.977281,2025-08-18 00:00:00+00:00,5.190625,24,11.435416666666667,24,9.320120416666667,24,,0
PEMB,Narberth,Rural Background,51.782616,-4.69237,2025-08-18 00:00:00+00:00,8.185958333333334,24,14.494791666666666,24,5.183190833333334,24,45.246955833333345,24
PT4,Port Talbot Margam,Urban Industrial,51.58395,-3.770822,2025-08-18 00:00:00+00:00,7.208333333333333,24,13.245,24,6.466481666666667,24,55.499170416666665,24
SWA1,Swansea Roadside,Urban Traffic,51.632696,-3.947374,2025-08-18 00:00:00+00:00,10.041666666666666,24,15.096833333333334,24,18.101800416666666,24,,0
WREX,Wrexham,Urban Traffic,53.042282,-3.002829,2025-08-18 00:00:00+00:00,6.374875,24,12.035416666666668,24,8.740046666666666,24,,0
CARD,Cardiff Centre,Urban Background,51.48178,-3.17625,2025-08-19 00:00:00+00:00,,13,,13,7.483076666666666,24,65.16930666666666,24
CHP,Chepstow A48,Urban Traffic,51.638094,-2.678731,2025-08-19 00:00:00+00:00,6.375,24,15.298166666666667,24,15.415642173913044,23,,0
NPT3,Newport,Urban Background,51.601203,-2.977281,2025-08-19 00:00:00+00:00,5.3468333333333335,24,12.942708333333334,24,7.989306666666667,24,,0
PEMB,Narberth,Rural Background,51.782616,-4.69237,2025-08-19 00:00:00+00:00,7.727083333333333,24,12.010416666666666,24,4.596007916666667,24,59.21477624999999,24
PT4,Port Talbot Margam,Urban Industrial,51.58395,-3.770822,2025-08-19 00:00:00+00:00,6.916666666666667,24,13.083958333333333,24,5.3285575,24,65.78464874999999,24
SWA1,Swansea Roadside,Urban Traffic,51.632696,-3.947374,2025-08-19 00:00:00+00:00,8.043478260869565,23,12.812652173913042,23,15.214904347826087,23,,0
WREX,Wrexham,Urban Traffic,53.042282,-3.002829,2025-08-19 00:00:00+00:00,4.2757499999999995,24,7.8500000000000005,24,12.142813333333335,24,,0
CARD,Cardiff Centre,Urban Background,51.48178,-3.17625,2025-08-20 00:00:00+00:00,,16,,16,,10,,10
CHP,Chepstow A48,Urban Traffic,51.638094,-2.678731,2025-08-20 00:00:00+00:00,6.833333333333333,24,11.312624999999999,24,14.886764782608697,23,,0
NPT3,Newport,Urban Background,51.601203,-2.977281,2025-08-20 00:00:00+00:00,4.183416666666667,24,9.583333333333334,24,10.166767916666666,24,,0
PEMB,Narberth,Rural Background,51.782616,-4.69237,2025-08-20 00:00:00+00:00,3.229125,24,5.871875,24,3.885475,24,54.03981458333333,24
PT4,Port Talbot Margam,Urban Industrial,51.58395,-3.770822,2025-08-20 00:00:00+00:00,4.681818181818182,22,8.080863636363636,22,6.012736818181819,22,51.86023136363637,22
SWA1,Swansea Roadside,Urban Traffic,51.632696,-3.947374,2025-08-20 00:00:00+00:00,6.208333333333333,24,8.253,24,14.783055,24,,0
WREX,Wrexham,Urban Traffic,53.042282,-3.002829,2025-08-20 00:00:00+00:00,4.179541666666666,24,9.197916666666666,24,14.209407083333334,24,,0
CARD,Cardiff Centre,Urban Background,51.48178,-3.17625,2025-08-21 00:00:00+00:00,8.590909090909092,22,17.601608695652175,23,,11,,12
CHP,Chepstow A48,Urban Traffic,51.638094,-2.678731,2025-08-21 00:00:00+00:00,7.875,24,15.499416666666667,24,17.266017916666666,24,,0
NPT3,Newport,Urban Background,51.601203,-2.977281,2025-08-21 00:00:00+00:00,5.553333333333334,24,13.666666666666666,24,13.100269583333334,24,,0
PEMB,Narberth,Rural Background,51.782616,-4.69237,2025-08-21 00:00:00+00:00,5.752833333333334,24,10.995833333333332,24,4.210395833333333,24,59.88208958333334,24
PT4,Port Talbot Margam,Urban Industrial,51.58395,-3.770822,2025-08-21 00:00:00+00:00,6.625,24,15.741,24,4.90765625,24,60.758672916666676,24
SWA1,Swansea Roadside,Urban Traffic,51.632696,-3.947374,2025-08-21 00:00:00+00:00,10.25,24,15.8215,24,14.944544166666667,24,,0
WREX,Wrexham,Urban Traffic,53.042282,-3.002829,2025-08-21 00:00:00+00:00,4.049833333333333,24,9.393749999999999,24,12.875520416666667,24,,0
CARD,Cardiff Centre,Urban Background,51.48178,-3.17625,2025-08-22 00:00:00+00:00,8.791666666666666,24,17.391625,24,20.431497916666668,24,53.016325833333326,24
CHP,Chepstow A48,Urban Traffic,51.638094,-2.678731,2025-08-22 00:00:00+00:00,6.958333333333333,24,15.016375000000002,24,21.773140416666667,24,,0
NPT3,Newport,Urban Background,51.601203,-2.977281,2025-08-22 00:00:00+00:00,6.628416666666666,24,16.945833333333333,24,10.806154583333333,24,,0
PEMB,Narberth,Rural Background,51.782616,-4.69237,2025-08-22 00:00:00+00:00,4.949916666666667,24,10.997916666666667,24,4.0845787499999995,24,63.97234999999999,18
PT4,Port Talbot Margam,Urban Industrial,51.58395,-3.770822,2025-08-22 00:00:00+00:00,7.375,24,15.942291666666668,24,9.409588333333334,24,55.47768916666667,24
SWA1,Swansea Roadside,Urban Traffic,51.632696,-3.947374,2025-08-22 00:00:00+00:00,7.416666666666667,24,15.177375,24,16.89614125,24,,0
WREX,Wrexham,Urban Traffic,53.042282,-3.002829,2025-08-22 00:00:00+00:00,4.7956666666666665,24,10.101041666666667,24,12.577152916666668,24,,0
CARD,Cardiff Centre,Urban Background,51.48178,-3.17625,2025-08-23 00:00:00+00:00,9.5,24,14.976125000000001,24,14.545565833333333,24,61.46340375,24
CHP,Chepstow A48,Urban Traffic,51.638094,-2.678731,2025-08-23 00:00:00+00:00,8.291666666666666,24,13.325458333333332,24,18.2931675,24,,0
NPT3,Newport,Urban Background,51.601203,-2.977281,2025-08-23 00:00:00+00:00,6.532041666666667,24,12.066666666666668,24,11.597241666666667,24,,0
PEMB,Narberth,Rural Background,51.782616,-4.69237,2025-08-23 00:00:00+00:00,6.269749999999999,24,10.402083333333334,24,3.7242037499999996,24,62.64834958333333,24
PT4,Port Talbot Margam,Urban Industrial,51.58395,-3.770822,2025-08-23 00:00:00+00:00,8.916666666666666,24,12.641041666666666,24,8.671365416666667,24,52.44672041666667,24
SWA1,Swansea Roadside,Urban Traffic,51.632696,-3.947374,2025-08-23 00:00:00+00:00,8.416666666666666,24,13.043708333333333,24,19.932862083333333,24,,0
WREX,Wrexham,Urban Traffic,53.042282,-3.002829,2025-08-23 00:00:00+00:00,7.425416666666667,24,13.2875,24,16.753172083333332,24,,0
CARD,Cardiff Centre,Urban Background,51.48178,-3.17625,2025-08-24 00:00:00+00:00,8.041666666666666,24,17.552583333333335,24,13.059279583333334,24,83.31008166666666,24
CHP,Chepstow A48,Urban Traffic,51.638094,-2.678731,2025-08-24 00:00:00+00:00,8.583333333333334,24,16.58641666666667,24,19.994831739130433,23,,0
NPT3,Newport,Urban Background,51.601203,-2.977281,2025-08-24 00:00:00+00:00,7.378125,24,15.136458333333332,24,6.959378333333333,24,,0
PEMB,Narberth,Rural Background,51.782616,-4.69237,2025-08-24 00:00:00+00:00,7.075500000000001,24,13.668750000000001,24,4.045969583333333,24,81.02749874999999,24
PT4,Port Talbot Margam,Urban Industrial,51.58395,-3.770822,2025-08-24 00:00:00+00:00,9.583333333333334,24,17.673458333333333,24,6.312222916666666,24,83.23455083333333,24
SWA1,Swansea Roadside,Urban Traffic,51.632696,-3.947374,2025-08-24 00:00:00+00:00,10.25,24,16.344958333333334,24,17.262797083333336,24,,0
WREX,Wrexham,Urban Traffic,53.042282,-3.002829,2025-08-24 00:00:00+00:00,8.5495,24,16.782291666666666,24,12.222841666666667,24,,0
CARD,Cardiff Centre,Urban Background,51.48178,-3.17625,2025-08-25 00:00:00+00:00,6.208333333333333,24,16.26429166666667,24,17.30067875,24,76.19555041666665,24
CHP,Chepstow A48,Urban Traffic,51.638094,-2.678731,2025-08-25 00:00:00+00:00,6.083333333333333,24,13.164458333333334,24,20.60507875,24,,0
NPT3,Newport,Urban Background,51.601203,-2.977281,2025-08-25 00:00:00+00:00,5.624,24,13.491666666666667,24,10.170650833333333,24,,0
PEMB,Narberth,Rural Background,51.782616,-4.69237,2025-08-25 00:00:00+00:00,6.082958333333334,24,13.884375,24,3.6803112500000004,24,80.87089291666666,24
PT4,Port Talbot Margam,Urban Industrial,51.58395,-3.770822,2025-08-25 00:00:00+00:00,6.625,24,15.418875,24,8.253985416666668,24,83.90117083333332,24
SWA1,Swansea Roadside,Urban Traffic,51.632696,-3.947374,2025-08-25 00:00:00+00:00,9.0,24,15.660458333333333,24,13.482122500000001,24,,0
WREX,Wrexham,Urban Traffic,53.042282,-3.002829,2025-08-25 00:00:00+00:00,9.481208333333333,24,18.751041666666666,24,11.132154166666666,24,,0
CARD,Cardiff Centre,Urban Background,51.48178,-3.17625,2025-08-26 00:00:00+00:00,5.956521739130435,23,15.239545454545453,22,8.242575652173914,23,64.14373916666666,24
CHP,Chepstow A48,Urban Traffic,51.638094,-2.678731,2025-08-26 00:00:00+00:00,6.708333333333333,24,22.98754166666667,24,16.22360739130435,23,,0
NPT3,Newport,Urban Background,51.601203,-2.977281,2025-08-26 00:00:00+00:00,6.0565,24,13.158333333333333,24,4.9175683333333335,24,,0
PEMB,Narberth,Rural Background,51.782616,-4.69237,2025-08-26 00:00:00+00:00,5.514875,24,11.930208333333333,24,2.1237754166666667,24,52.27486833333333,24
PT4,Port Talbot Margam,Urban Industrial,51.58395,-3.770822,2025-08-26 00:00:00+00:00,4.708333333333333,24,19.485208333333333,24,3.6006062500000002,24,63.10223416666667,24
SWA1,Swansea Roadside,Urban Traffic,51.632696,-3.947374,2025-08-26 00:00:00+00:00,7.041666666666667,24,14.694250000000002,24,6.0638117391304345,23,,0
WREX,Wrexham,Urban Traffic,53.042282,-3.002829,2025-08-26 00:00:00+00:00,5.856875,24,10.920833333333334,24,7.23788,23,,0
CARD,Cardiff Centre,Urban Background,51.48178,-3.17625,2025-08-27 00:00:00+00:00,5.333333333333333,24,15.056541666666666,24,9.782934583333333,24,58.501728750000005,24
CHP,Chepstow A48,Urban Traffic,51.638094,-2.678731,2025-08-27 00:00:00+00:00,6.3478260869565215,23,14.787,23,19.515648636363636,22,,0
NPT3,Newport,Urban Background,51.601203,-2.977281,2025-08-27 00:00:00+00:00,4.8977916666666665,24,12.434375000000001,24,5.488718333333334,24,,0
PEMB,Narberth,Rural Background,51.782616,-4.69237,2025-08-27 00:00:00+00:00,4.900791666666667,24,10.704166666666666,24,1.78284125,24,55.14507249999999,24
PT4,Port Talbot Margam,Urban Industrial,51.58395,-3.770822,2025-08-27 00:00:00+00:00,5.083333333333333,24,16.666958333333334,24,5.756892916666668,24,59.370689999999996,24
SWA1,Swansea Roadside,Urban Traffic,51.632696,-3.947374,2025-08-27 00:00:00+00:00,6.0,24,14.613833333333334,24,6.585007826086957,23,,0
WREX,Wrexham,Urban Traffic,53.042282,-3.002829,2025-08-27 00:00:00+00:00,3.843227272727273,22,8.161363636363637,22,,10,,0
CARD,Cardiff Centre,Urban Background,51.48178,-3.17625,2025-08-28 00:00:00+00:00,4.458333333333333,24,13.405958333333333,24,8.776487916666666,24,53.75847583333333,24
CHP,Chepstow A48,Urban Traffic,51.638094,-2.678731,2025-08-28 00:00:00+00:00,6.0,24,12.399583333333332,24,14.879831666666666,24,,0
NPT3,Newport,Urban Background,51.601203,-2.977281,2025-08-28 00:00:00+00:00,4.321958333333334,24,11.424999999999999,24,7.010427916666667,24,,0
PEMB,Narberth,Rural Background,51.782616,-4.69237,2025-08-28 00:00:00+00:00,4.3289583333333335,24,9.078125,24,1.4968820833333334,24,50.42399416666666,24
PT4,Port Talbot Margam,Urban Industrial,51.58395,-3.770822,2025-08-28 00:00:00+00:00,4.25,24,16.626583333333333,24,4.066857083333333,24,56.32794083333332,24
SWA1,Swansea Roadside,Urban Traffic,51.632696,-3.947374,2025-08-28 00:00:00+00:00,4.958333333333333,24,11.634666666666668,24,6.188041666666667,24,,0
WREX,Wrexham,Urban Traffic,53.042282,-3.002829,2025-08-28 00:00:00+00:00,3.071875,24,6.91875,24,,14,,0
CARD,Cardiff Centre,Urban Background,51.48178,-3.17625,2025-08-29 00:00:00+00:00,5.0,24,10.104791666666666,24,9.612433913043478,23,46.74858125,24
CHP,Chepstow A48,Urban Traffic,51.638094,-2.678731,2025-08-29 00:00:00+00:00,5.416666666666667,24,10.225541666666667,24,17.838432916666665,24,,0
NPT3,Newport,Urban Background,51.601203,-2.977281,2025-08-29 00:00:00+00:00,3.2095000000000002,24,7.26875,24,5.4759125,24,,0
PEMB,Narberth,Rural Background,51.782616,-4.69237,2025-08-29 00:00:00+00:00,2.844,24,6.852083333333333,24,1.5504545833333332,24,43.00248583333333,24
PT4,Port Talbot Margam,Urban Industrial,51.58395,-3.770822,2025-08-29 00:00:00+00:00,5.045454545454546,22,13.746363636363638,22,8.471219166666666,24,47.823348333333335,24
SWA1,Swansea Roadside,Urban Traffic,51.632696,-3.947374,2025-08-29 00:00:00+00:00,4.125,24,8.091916666666668,24,7.507967916666666,24,,0
WREX,Wrexham,Urban Traffic,53.042282,-3.002829,2025-08-29 00:00:00+00:00,2.6080416666666664,24,5.0218750000000005,24,8.431814583333333,24,,0
CARD,Cardiff Centre,Urban Background,51.48178,-3.17625,2025-08-30 00:00:00+00:00,5.0,24,13.365666666666668,24,12.358520416666666,24,39.62226833333333,24
CHP,Chepstow A48,Urban Traffic,51.638094,-2.678731,2025-08-30 00:00:00+00:00,4.458333333333333,24,11.111291666666666,24,14.577448695652174,23,,0
NPT3,Newport,Urban Background,51.601203,-2.977281,2025-08-30 00:00:00+00:00,4.398583333333334,24,10.905208333333334,24,5.014342500000001,24,,0
PEMB,Narberth,Rural Background,51.782616,-4.69237,2025-08-30 00:00:00+00:00,5.0757916666666665,24,11.022916666666667,24,1.7799633333333331,24,43.68227166666666,24
PT4,Port Talbot Margam,Urban Industrial,51.58395,-3.770822,2025-08-30 00:00:00+00:00,4.458333333333333,24,15.378666666666668,24,5.15329,23,43.08356166666667,24
SWA1,Swansea Roadside,Urban Traffic,51.632696,-3.947374,2025-08-30 00:00:00+00:00,6.041666666666667,24,12.801958333333333,24,8.297204166666667,24,,0
WREX,Wrexham,Urban Traffic,53.042282,-3.002829,2025-08-30 00:00:00+00:00,2.67,24,5.780208333333333,24,9.156664166666667,24,,0
CARD,Cardiff Centre,Urban Background,51.48178,-3.17625,2025-08-31 00:00:00+00:00,5.041666666666667,24,15.580041666666666,24,5.566296666666666,24,58.48163416666665,24
CHP,Chepstow A48,Urban Traffic,51.638094,-2.678731,2025-08-31 00:00:00+00:00,6.25,24,15.982583333333332,24,8.665163333333334,24,,0
NPT3,Newport,Urban Background,51.601203,-2.977281,2025-08-31 00:00:00+00:00,6.256875,24,16.397916666666667,24,2.87034,24,,0
PEMB,Narberth,Rural Background,51.782616,-4.69237,2025-08-31 00:00:00+00:00,6.803375,24,14.110416666666666,24,0.7553116666666666,24,57.00287625000001,24
PT4,Port Talbot Margam,Urban Industrial,51.58395,-3.770822,2025-08-31 00:00:00+00:00,7.583333333333333,24,25.523833333333332,24,2.316875,24,58.423426249999984,24
SWA1,Swansea Roadside,Urban Traffic,51.632696,-3.947374,2025-08-31 00:00:00+00:00,7.708333333333333,24,21.578458333333334,24,2.71997,24,,0
WREX,Wrexham,Urban Traffic,53.042282,-3.002829,2025-08-31 00:00:00+00:00,4.857458333333333,24,10.369791666666666,24,5.20780625,24,,0
CARD,Cardiff Centre,Urban Background,51.48178,-3.17625,2025-09-01 00:00:00+00:00,5.916666666666667,24,13.969708333333335,24,5.797934583333333,24,58.43382,24
CHP,Chepstow A48,Urban Traffic,51.638094,-2.678731,2025-09-01 00:00:00+00:00,6.75,24,13.889166666666668,24,13.569343333333334,24,,0
NPT3,Newport,Urban Background,51.601203,-2.977281,2025-09-01 00:00:00+00:00,5.237916666666666,24,11.815624999999999,24,4.094426250000001,24,,0
PEMB,Narberth,Rural Background,51.782616,-4.69237,2025-09-01 00:00:00+00:00,4.859541666666667,24,10.176041666666666,24,1.0336029166666667,24,54.30937333333333,24
PT4,Port Talbot Margam,Urban Industrial,51.58395,-3.770822,2025-09-01 00:00:00+00:00,5.916666666666667,24,18.317458333333335,24,2.980798333333333,24,60.187680416666666,24
SWA1,Swansea Roadside,Urban Traffic,51.632696,-3.947374,2025-09-01 00:00:00+00:00,6.541666666666667,24,13.245041666666667,24,5.382983333333333,24,,0
WREX,Wrexham,Urban Traffic,53.042282,-3.002829,2025-09-01 00:00:00+00:00,2.9382916666666667,24,5.73125,24,7.146146666666667,24,,0
CARD,Cardiff Centre,Urban Background,51.48178,-3.17625,2025-09-02 00:00:00+00:00,5.0,24,9.29975,24,11.752016666666668,24,47.47063624999999,24
CHP,Chepstow A48,Urban Traffic,51.638094,-2.678731,2025-09-02 00:00:00+00:00,4.5,24,10.426875,24,22.964490833333333,24,,0
NPT3,Newport,Urban Background,51.601203,-2.977281,2025-09-02 00:00:00+00:00,3.577083333333333,24,7.876041666666667,24,12.659413333333333,24,,0
PEMB,Narberth,Rural Background,51.782616,-4.69237,2025-09-02 00:00:00+00:00,2.4754583333333335,24,5.783333333333334,24,2.313042916666667,24,50.36994416666666,24
PT4,Port Talbot Margam,Urban Industrial,51.58395,-3.770822,2025-09-02 00:00:00+00:00,2.7083333333333335,24,8.856833333333332,24,6.268812083333334,24,51.53895291666666,24
SWA1,Swansea Roadside,Urban Traffic,51.632696,-3.947374,2025-09-02 00:00:00+00:00,5.208333333333333,24,8.172458333333333,24,14.293943749999999,24,,0
WREX,Wrexham,Urban Traffic,53.042282,-3.002829,2025-09-02 00:00:00+00:00,3.408,24,7.248958333333333,24,12.829057916666669,24,,0
CARD,Cardiff Centre,Urban Background,51.48178,-3.17625,2025-09-03 00:00:00+00:00,3.5833333333333335,24,8.107608695652173,23,9.043389166666666,24,50.13572791666667,24
CHP,Chepstow A48,Urban Traffic,51.638094,-2.678731,2025-09-03 00:00:00+00:00,3.9166666666666665,24,8.373791666666667,24,14.974135833333333,24,,0
NPT3,Newport,Urban Background,51.601203,-2.977281,2025-09-03 00:00:00+00:00,2.3978333333333333,24,6.4593750000000005,24,6.61879875,24,,0
PEMB,Narberth,Rural Background,51.782616,-4.69237,2025-09-03 00:00:00+00:00,1.891875,24,5.145125,24,1.2769745833333332,24,49.78509291666666,24
PT4,Port Talbot Margam,Urban Industrial,51.58395,-3.770822,2025-09-03 00:00:00+00:00,3.9565217391304346,23,8.2609,20,4.217705714285715,21,53.95331782608696,23
SWA1,Swansea Roadside,Urban Traffic,51.632696,-3.947374,2025-09-03 00:00:00+00:00,4.318181818181818,22,6.060681818181819,22,9.415545217391303,23,,0
WREX,Wrexham,Urban Traffic,53.042282,-3.002829,2025-09-03 00:00:00+00:00,1.8789583333333333,24,3.655208333333333,24,7.796425833333334,24,,0
CARD,Cardiff Centre,Urban Background,51.48178,-3.17625,2025-09-04 00:00:00+00:00,4.166666666666667,24,8.534708333333333,24,9.408830833333333,24,54.038428333333336,24
CHP,Chepstow A48,Urban Traffic,51.638094,-2.678731,2025-09-04 00:00:00+00:00,4.708333333333333,24,9.380291666666666,24,21.310365416666667,24,,0
NPT3,Newport,Urban Background,51.601203,-2.977281,2025-09-04 00:00:00+00:00,2.930375,24,7.3812500000000005,24,8.772441666666667,24,,0
PEMB,Narberth,Rural Background,51.782616,-4.69237,2025-09-04 00:00:00+00:00,2.3104583333333335,24,5.7124999999999995,24,1.772335,24,46.29261833333334,24
PT4,Port Talbot Margam,Urban Industrial,51.58395,-3.770822,2025-09-04 00:00:00+00:00,4.958333333333333,24,9.621708333333332,24,7.9689375,24,51.88612166666667,24
SWA1,Swansea Roadside,Urban Traffic,51.632696,-3.947374,2025-09-04 00:00:00+00:00,4.625,24,7.850375,24,12.4798725,24,,0
WREX,Wrexham,Urban Traffic,53.042282,-3.002829,2025-09-04 00:00:00+00:00,1.608625,24,3.923958333333333,24,9.53609125,24,,0
CARD,Cardiff Centre,Urban Background,51.48178,-3.17625,2025-09-05 00:00:00+00:00,4.916666666666667,24,9.259375,24,14.458320833333334,24,35.383485,24
CHP,Chepstow A48,Urban Traffic,51.638094,-2.678731,2025-09-05 00:00:00+00:00,4.791666666666667,24,11.634666666666666,24,26.965725833333334,24,,0
NPT3,Newport,Urban Background,51.601203,-2.977281,2025-09-05 00:00:00+00:00,3.015875,24,8.018749999999999,24,11.26994125,24,,0
PEMB,Narberth,Rural Background,51.782616,-4.69237,2025-09-05 00:00:00+00:00,2.46275,24,6.621875,24,1.6932462499999998,24,45.27744500000001,24
PT4,Port Talbot Margam,Urban Industrial,51.58395,-3.770822,2025-09-05 00:00:00+00:00,4.958333333333333,24,8.77625,24,8.752947083333334,24,37.18723708333334,24
SWA1,Swansea Roadside,Urban Traffic,51.632696,-3.947374,2025-09-05 00:00:00+00:00,6.666666666666667,24,10.426916666666667,24,16.791002916666667,24,,0
WREX,Wrexham,Urban Traffic,53.042282,-3.002829,2025-09-05 00:00:00+00:00,1.8672916666666666,24,4.3218749999999995,24,10.168245416666666,24,,0
CARD,Cardiff Centre,Urban Background,51.48178,-3.17625,2025-09-06 00:00:00+00:00,5.041666666666667,24,14.77475,24,11.642278750000001,24,60.50990166666667,24
CHP,Chepstow A48,Urban Traffic,51.638094,-2.678731,2025-09-06 00:00:00+00:00,5.791666666666667,24,11.393083333333335,24,18.698823333333333,24,,0
NPT3,Newport,Urban Background,51.601203,-2.977281,2025-09-06 00:00:00+00:00,3.8433333333333333,24,9.88125,24,10.439809166666667,24,,0
PEMB,Narberth,Rural Background,51.782616,-4.69237,2025-09-06 00:00:00+00:00,4.543125,24,13.647916666666667,24,2.439947083333333,24,68.03604750000001,24
PT4,Port Talbot Margam,Urban Industrial,51.58395,-3.770822,2025-09-06 00:00:00+00:00,3.7916666666666665,24,12.681333333333333,24,5.032263333333334,24,63.19924791666667,24
SWA1,Swansea Roadside,Urban Traffic,51.632696,-3.947374,2025-09-06 00:00:00+00:00,4.791666666666667,24,13.768333333333333,24,15.40473375,24,,0
WREX,Wrexham,Urban Traffic,53.042282,-3.002829,2025-09-06 00:00:00+00:00,3.5023750000000002,24,8.213541666666666,24,12.575474583333333,24,,0
CARD,Cardiff Centre,Urban Background,51.48178,-3.17625,2025-09-07 00:00:00+00:00,5.208333333333333,24,12.158083333333332,24,10.062533333333333,24,60.14887458333333,24
CHP,Chepstow A48,Urban Traffic,51.638094,-2.678731,2025-09-07 00:00:00+00:00,4.791666666666667,24,11.111333333333334,24,19.27515,24,,0
NPT3,Newport,Urban Background,51.601203,-2.977281,2025-09-07 00:00:00+00:00,4.906666666666667,24,10.619791666666666,24,11.356699583333333,24,,0
PEMB,Narberth,Rural Background,51.782616,-4.69237,2025-09-07 00:00:00+00:00,6.270708333333334,24,13.261458333333332,24,2.0312175,24,61.11138458333335,24
PT4,Port Talbot Margam,Urban Industrial,51.58395,-3.770822,2025-09-07 00:00:00+00:00,5.375,24,12.520333333333333,24,4.397124166666667,24,65.80543666666668,24
SWA1,Swansea Roadside,Urban Traffic,51.632696,-3.947374,2025-09-07 00:00:00+00:00,8.208333333333334,24,11.956625,24,12.953843749999999,24,,0
WREX,Wrexham,Urban Traffic,53.042282,-3.002829,2025-09-07 00:00:00+00:00,3.4130000000000003,24,7.0,24,11.5955475,24,,0
CARD,Cardiff Centre,Urban Background,51.48178,-3.17625,2025-09-08 00:00:00+00:00,5.125,24,11.35275,24,10.917014166666666,24,50.54734083333332,24
CHP,Chepstow A48,Urban Traffic,51.638094,-2.678731,2025-09-08 00:00:00+00:00,4.625,24,11.1515,24,23.438775652173916,23,,0
NPT3,Newport,Urban Background,51.601203,-2.977281,2025-09-08 00:00:00+00:00,3.573166666666667,24,8.805208333333333,24,11.138408750000002,24,,0
PEMB,Narberth,Rural Background,51.782616,-4.69237,2025-09-08 00:00:00+00:00,3.1623750000000004,24,7.951041666666666,24,1.4693616666666667,24,50.378258749999986,24
PT4,Port Talbot Margam,Urban Industrial,51.58395,-3.770822,2025-09-08 00:00:00+00:00,3.7916666666666665,24,13.44625,24,9.655134166666667,24,47.16019416666668,24
SWA1,Swansea Roadside,Urban Traffic,51.632696,-3.947374,2025-09-08 00:00:00+00:00,5.521739130434782,23,9.94375,24,13.980579583333332,24,,0
WREX,Wrexham,Urban Traffic,53.042282,-3.002829,2025-09-08 00:00:00+00:00,2.8882083333333335,24,6.9937499999999995,24,13.5833475,24,,0
CARD,Cardiff Centre,Urban Background,51.48178,-3.17625,2025-09-09 00:00:00+00:00,3.875,24,12.480041666666667,24,13.139827083333332,24,47.19276291666667,24
CHP,Chepstow A48,Urban Traffic,51.638094,-2.678731,2025-09-09 00:00:00+00:00,5.916666666666667,24,10.064625000000001,24,21.421177916666664,24,,0
NPT3,Newport,Urban Background,51.601203,-2.977281,2025-09-09 00:00:00+00:00,3.7431250000000005,24,9.99375,24,9.83956875,24,,0
PEMB,Narberth,Rural Background,51.782616,-4.69237,2025-09-09 00:00:00+00:00,3.297875,24,7.947916666666667,24,1.18538375,24,57.45537291666668,24
PT4,Port Talbot Margam,Urban Industrial,51.58395,-3.770822,2025-09-09 00:00:00+00:00,3.4583333333333335,24,9.380208333333334,24,7.186529166666666,24,50.98043416666667,24
SWA1,Swansea Roadside,Urban Traffic,51.632696,-3.947374,2025-09-09 00:00:00+00:00,2.2083333333333335,24,11.513875,24,11.46386625,24,,0
WREX,Wrexham,Urban Traffic,53.042282,-3.002829,2025-09-09 00:00:00+00:00,2.9756250000000004,24,6.8812500000000005,24,11.669843913043477,23,,0
CARD,Cardiff Centre,Urban Background,51.48178,-3.17625,2025-09-10 00:00:00+00:00,5.25,24,8.937375000000001,24,13.36448,24,44.73624958333334,24
CHP,Chepstow A48,Urban Traffic,51.638094,-2.678731,2025-09-10 00:00:00+00:00,5.869565217391305,23,9.62013043478261,23,22.09503260869565,23,,0
NPT3,Newport,Urban Background,51.601203,-2.977281,2025-09-10 00:00:00+00:00,3.5397499999999997,24,7.986458333333334,24,6.365850833333333,24,,0
PEMB,Narberth,Rural Background,51.782616,-4.69237,2025-09-10 00:00:00+00:00,3.136875,24,7.436458333333333,24,1.1067608333333332,24,50.18700541666667,24
PT4,Port Talbot Margam,Urban Industrial,51.58395,-3.770822,2025-09-10 00:00:00+00:00,3.625,24,9.702333333333334,24,7.054312500000001,24,49.32428041666668,24
SWA1,Swansea Roadside,Urban Traffic,51.632696,-3.947374,2025-09-10 00:00:00+00:00,3.5416666666666665,24,9.219166666666666,24,10.138395000000001,24,,0
WREX,Wrexham,Urban Traffic,53.042282,-3.002829,2025-09-10 00:00:00+00:00,2.6660833333333334,24,5.208333333333333,24,10.488515,24,,0
CARD,Cardiff Centre,Urban Background,51.48178,-3.17625,2025-09-11 00:00:00+00:00,6.333333333333333,24,13.406,24,8.5886075,24,48.25990708333333,24
CHP,Chepstow A48,Urban Traffic,51.638094,-2.678731,2025-09-11 00:00:00+00:00,7.291666666666667,24,12.157916666666667,24,19.252224583333334,24,,0
NPT3,Newport,Urban Background,51.601203,-2.977281,2025-09-11 00:00:00+00:00,4.807458333333334,24,11.027083333333332,24,6.415166521739131,23,,0
PEMB,Narberth,Rural Background,51.782616,-4.69237,2025-09-11 00:00:00+00:00,4.598166666666667,24,9.566666666666666,24,0.7487079166666667,24,47.953622499999994,24
PT4,Port Talbot Margam,Urban Industrial,51.58395,-3.770822,2025-09-11 00:00:00+00:00,5.5,24,17.351375,24,5.194977083333334,24,51.43986250000001,24
SWA1,Swansea Roadside,Urban Traffic,51.632696,-3.947374,2025-09-11 00:00:00+00:00,5.0,24,13.768291666666668,24,8.918293333333333,24,,0
WREX,Wrexham,Urban Traffic,53.042282,-3.002829,2025-09-11 00:00:00+00:00,2.6415416666666665,24,5.422916666666667,24,9.729800833333334,24,,0
CARD,Cardiff Centre,Urban Background,51.48178,-3.17625,2025-09-12 00:00:00+00:00,5.25,24,10.54775,24,8.085578333333332,24,49.568199583333325,24
CHP,Chepstow A48,Urban Traffic,51.638094,-2.678731,2025-09-12 00:00:00+00:00,5.708333333333333,24,9.098333333333333,24,22.01632875,24,,0
NPT3,Newport,Urban Background,51.601203,-2.977281,2025-09-12 00:00:00+00:00,3.7519166666666663,24,8.915625,24,10.150600416666666,24,,0
PEMB,Narberth,Rural Background,51.782616,-4.69237,2025-09-12 00:00:00+00:00,4.262875,24,9.422916666666667,24,0.7872470833333334,24,51.91037583333334,24
PT4,Port Talbot Margam,Urban Industrial,51.58395,-3.770822,2025-09-12 00:00:00+00:00,5.083333333333333,24,15.942208333333333,24,4.79461,24,54.67663833333334,24
SWA1,Swansea Roadside,Urban Traffic,51.632696,-3.947374,2025-09-12 00:00:00+00:00,3.3333333333333335,24,11.996958333333334,24,7.269100833333333,24,,0
WREX,Wrexham,Urban Traffic,53.042282,-3.002829,2025-09-12 00:00:00+00:00,2.842875,24,6.0406249999999995,24,9.087980833333333,24,,0
CARD,Cardiff Centre,Urban Background,51.48178,-3.17625,2025-09-13 00:00:00+00:00,5.875,24,12.238541666666668,24,9.931655416666667,24,53.29212166666667,24
CHP,Chepstow A48,Urban Traffic,51.638094,-2.678731,2025-09-13 00:00:00+00:00,8.0,24,11.997083333333334,24,20.073895416666666,24,,0
NPT3,Newport,Urban Background,51.601203,-2.977281,2025-09-13 00:00:00+00:00,4.117541666666667,24,9.733333333333333,24,7.637698333333334,24,,0
PEMB,Narberth,Rural Background,51.782616,-4.69237,2025-09-13 00:00:00+00:00,4.38975,24,10.083333333333334,24,0.9278983333333334,24,55.81377125,24
PT4,Port Talbot Margam,Urban Industrial,51.58395,-3.770822,2025-09-13 00:00:00+00:00,4.291666666666667,24,16.10325,24,3.9168379166666667,24,58.88423958333334,24
SWA1,Swansea Roadside,Urban Traffic,51.632696,-3.947374,2025-09-13 00:00:00+00:00,4.791666666666667,24,13.929375,24,13.096816666666667,24,,0
WREX,Wrexham,Urban Traffic,53.042282,-3.002829,2025-09-13 00:00:00+00:00,2.4410833333333333,24,5.060416666666667,24,7.454086666666666,24,,0
CARD,Cardiff Centre,Urban Background,51.48178,-3.17625,2025-09-14 00:00:00+00:00,5.875,24,13.965909090909092,22,12.263603333333334,24,40.8252325,24
CHP,Chepstow A48,Urban Traffic,51.638094,-2.678731,2025-09-14 00:00:00+00:00,7.375,24,13.325458333333335,24,17.34614125,24,,0
NPT3,Newport,Urban Background,51.601203,-2.977281,2025-09-14 00:00:00+00:00,5.536541666666667,24,12.301041666666668,24,7.674569583333334,24,,0
PEMB,Narberth,Rural Background,51.782616,-4.69237,2025-09-14 00:00:00+00:00,6.104583333333333,24,12.369791666666666,24,0.9975241666666667,24,56.53929041666667,24
PT4,Port Talbot Margam,Urban Industrial,51.58395,-3.770822,2025-09-14 00:00:00+00:00,5.916666666666667,24,16.344875,24,4.123114166666666,24,48.42344458333333,24
SWA1,Swansea Roadside,Urban Traffic,51.632696,-3.947374,2025-09-14 00:00:00+00:00,5.916666666666667,24,14.533291666666665,24,10.757775833333334,24,,0
WREX,Wrexham,Urban Traffic,53.042282,-3.002829,2025-09-14 00:00:00+00:00,3.109208333333333,24,6.020833333333333,24,8.9773625,24,,0
CARD,Cardiff Centre,Urban Background,51.48178,-3.17625,2025-09-15 00:00:00+00:00,9.5,24,22.222708333333333,24,3.5179520833333338,24,65.18870999999997,24
CHP,Chepstow A48,Urban Traffic,51.638094,-2.678731,2025-09-15 00:00:00+00:00,9.291666666666666,24,19.444791666666667,24,10.690742916666666,24,,0
NPT3,Newport,Urban Background,51.601203,-2.977281,2025-09-15 00:00:00+00:00,8.408041666666668,24,18.917708333333334,24,1.7773916666666667,24,,0
PEMB,Narberth,Rural Background,51.782616,-4.69237,2025-09-15 00:00:00+00:00,7.848916666666667,24,14.686458333333334,24,0.4712929166666667,24,64.56158916666665,24
PT4,Port Talbot Margam,Urban Industrial,51.58395,-3.770822,2025-09-15 00:00:00+00:00,9.666666666666666,24,30.274291666666667,24,2.536063043478261,23,65.63912874999998,24
SWA1,Swansea Roadside,Urban Traffic,51.632696,-3.947374,2025-09-15 00:00:00+00:00,9.041666666666666,24,23.712166666666665,24,2.7078366666666667,24,,0
WREX,Wrexham,Urban Traffic,53.042282,-3.002829,2025-09-15 00:00:00+00:00,2.7359166666666668,24,5.363541666666666,24,1.7079095833333333,24,,0
CARD,Cardiff Centre,Urban Background,51.48178,-3.17625,2025-09-16 00:00:00+00:00,6.791666666666667,24,12.922875,24,7.348210000000001,24,57.07979333333333,24
CHP,Chepstow A48,Urban Traffic,51.638094,-2.678731,2025-09-16 00:00:00+00:00,6.291666666666667,24,12.359333333333334,24,17.676981666666666,24,,0
NPT3,Newport,Urban Background,51.601203,-2.977281,2025-09-16 00:00:00+00:00,4.197166666666667,24,10.764583333333334,24,5.071413333333333,24,,0
PEMB,Narberth,Rural Background,51.782616,-4.69237,2025-09-16 00:00:00+00:00,3.8679166666666664,24,8.578125,24,1.0073404166666666,24,57.64108375,24
PT4,Port Talbot Margam,Urban Industrial,51.58395,-3.770822,2025-09-16 00:00:00+00:00,6.333333333333333,24,15.781291666666666,24,4.916101666666667,24,60.32627041666667,24
SWA1,Swansea Roadside,Urban Traffic,51.632696,-3.947374,2025-09-16 00:00:00+00:00,3.1739130434782608,23,12.560541666666667,24,5.8920337499999995,24,,0
WREX,Wrexham,Urban Traffic,53.042282,-3.002829,2025-09-16 00:00:00+00:00,2.719125,24,5.8656250000000005,24,3.5131795833333332,24,,0
CARD,Cardiff Centre,Urban Background,51.48178,-3.17625,2025-09-17 00:00:00+00:00,2.7083333333333335,24,3.908772727272727,22,8.261906250000001,24,49.31180875000001,24
CHP,Chepstow A48,Urban Traffic,51.638094,-2.678731,2025-09-17 00:00:00+00:00,2.7083333333333335,24,2.6973750000000005,24,10.144021666666667,24,,0
NPT3,Newport,Urban Background,51.601203,-2.977281,2025-09-17 00:00:00+00:00,1.4160833333333336,24,3.2458333333333336,24,6.002303333333334,24,,0
PEMB,Narberth,Rural Background,51.782616,-4.69237,2025-09-17 00:00:00+00:00,1.4524166666666665,24,2.810416666666667,24,0.9780983333333334,24,54.837401666666665,24
PT4,Port Talbot Margam,Urban Industrial,51.58395,-3.770822,2025-09-17 00:00:00+00:00,2.5833333333333335,24,7.8101666666666665,24,3.585729166666667,24,57.49764333333334,24
SWA1,Swansea Roadside,Urban Traffic,51.632696,-3.947374,2025-09-17 00:00:00+00:00,2.8333333333333335,24,3.9452083333333334,24,3.3534854166666666,24,,0
WREX,Wrexham,Urban Traffic,53.042282,-3.002829,2025-09-17 00:00:00+00:00,1.5271666666666668,24,3.228125,24,8.154383333333334,24,,0
CARD,Cardiff Centre,Urban Background,51.48178,-3.17625,2025-09-18 00:00:00+00:00,4.708333333333333,24,8.023652173913042,23,9.63479875,24,39.033259583333326,24
CHP,Chepstow A48,Urban Traffic,51.638094,-2.678731,2025-09-18 00:00:00+00:00,1.8333333333333333,24,5.676416666666667,24,12.18285260869565,23,,0
NPT3,Newport,Urban Background,51.601203,-2.977281,2025-09-18 00:00:00+00:00,2.82525,24,5.827083333333333,24,,14,,0
PEMB,Narberth,Rural Background,51.782616,-4.69237,2025-09-18 00:00:00+00:00,2.7210416666666664,24,4.630208333333333,24,1.1560930434782608,23,46.10829375000001,24
PT4,Port Talbot Margam,Urban Industrial,51.58395,-3.770822,2025-09-18 00:00:00+00:00,4.739130434782608,23,14.844318181818181,22,6.934315000000001,22,41.945855217391305,23
SWA1,Swansea Roadside,Urban Traffic,51.632696,-3.947374,2025-09-18 00:00:00+00:00,5.130434782608695,23,7.771478260869565,23,3.83192375,24,,0
WREX,Wrexham,Urban Traffic,53.042282,-3.002829,2025-09-18 00:00:00+00:00,2.625833333333333,24,5.41875,24,9.15591375,24,,0
CARD,Cardiff Centre,Urban Background,51.48178,-3.17625,2025-09-19 00:00:00+00:00,5.958333333333333,24,9.94375,24,16.47974375,24,42.8784475,24
CHP,Chepstow A48,Urban Traffic,51.638094,-2.678731,2025-09-19 00:00:00+00:00,6.5,24,10.668458333333334,24,22.006493333333335,24,,0
NPT3,Newport,Urban Background,51.601203,-2.977281,2025-09-19 00:00:00+00:00,5.478666666666666,24,10.748958333333334,24,,0,,0
PEMB,Narberth,Rural Background,51.782616,-4.69237,2025-09-19 00:00:00+00:00,4.740583333333333,24,8.3375,24,1.4313691666666666,24,53.35532956521739,23
PT4,Port Talbot Margam,Urban Industrial,51.58395,-3.770822,2025-09-19 00:00:00+00:00,6.0,24,19.847333333333335,24,12.151745416666666,24,42.80707375,24
SWA1,Swansea Roadside,Urban Traffic,51.632696,-3.947374,2025-09-19 00:00:00+00:00,6.208333333333333,24,9.903541666666667,24,12.48933,24,,0
WREX,Wrexham,Urban Traffic,53.042282,-3.002829,2025-09-19 00:00:00+00:00,2.2887083333333336,24,4.45625,24,9.659629583333333,24,,0
CARD,Cardiff Centre,Urban Background,51.48178,-3.17625,2025-09-20 00:00:00+00:00,6.5,24,11.594291666666665,24,13.340804583333332,24,50.99290874999999,24
CHP,Chepstow A48,Urban Traffic,51.638094,-2.678731,2025-09-20 00:00:00+00:00,7.625,24,9.299625,24,16.5477175,24,,0
NPT3,Newport,Urban Background,51.601203,-2.977281,2025-09-20 00:00:00+00:00,5.126833333333333,24,9.296875,24,,5,,0
PEMB,Narberth,Rural Background,51.782616,-4.69237,2025-09-20 00:00:00+00:00,1.5497083333333332,24,3.765625,24,1.0527970833333333,24,60.39071625,24
PT4,Port Talbot Margam,Urban Industrial,51.58395,-3.770822,2025-09-20 00:00:00+00:00,3.7916666666666665,24,10.748916666666666,24,7.6721,24,49.48158041666667,24
SWA1,Swansea Roadside,Urban Traffic,51.632696,-3.947374,2025-09-20 00:00:00+00:00,3.9565217391304346,23,6.6425833333333335,24,8.935656666666667,24,,0
WREX,Wrexham,Urban Traffic,53.042282,-3.002829,2025-09-20 00:00:00+00:00,1.3699166666666667,24,2.7864583333333335,24,7.64324125,24,,0
CARD,Cardiff Centre,Urban Background,51.48178,-3.17625,2025-09-21 00:00:00+00:00,5.583333333333333,24,8.333375,24,8.790655833333334,24,49.33744833333332,24
CHP,Chepstow A48,Urban Traffic,51.638094,-2.678731,2025-09-21 00:00:00+00:00,5.75,24,7.608833333333333,24,12.01630043478261,23,,0
NPT3,Newport,Urban Background,51.601203,-2.977281,2025-09-21 00:00:00+00:00,2.114875,24,5.538541666666667,24,8.051715,24,,0
PEMB,Narberth,Rural Background,51.782616,-4.69237,2025-09-21 00:00:00+00:00,2.361458333333333,24,6.067708333333333,24,0.6841075,24,53.89290916666667,24
PT4,Port Talbot Margam,Urban Industrial,51.58395,-3.770822,2025-09-21 00:00:00+00:00,2.5,24,8.253083333333334,24,3.966085,24,42.35388291666667,24
SWA1,Swansea Roadside,Urban Traffic,51.632696,-3.947374,2025-09-21 00:00:00+00:00,3.8,20,6.199750000000001,24,7.098906666666667,24,,0
WREX,Wrexham,Urban Traffic,53.042282,-3.002829,2025-09-21 00:00:00+00:00,2.748583333333333,24,5.714583333333334,24,7.661432083333334,24,,0
CARD,Cardiff Centre,Urban Background,51.48178,-3.17625,2025-09-22 00:00:00+00:00,5.333333333333333,24,10.024333333333333,24,17.13487625,24,37.60439541666666,24
CHP,Chepstow A48,Urban Traffic,51.638094,-2.678731,2025-09-22 00:00:00+00:00,6.708333333333333,24,8.655583333333334,24,15.997624347826086,23,,0
NPT3,Newport,Urban Background,51.601203,-2.977281,2025-09-22 00:00:00+00:00,3.2872083333333335,24,7.40625,24,14.83276875,24,,0
PEMB,Narberth,Rural Background,51.782616,-4.69237,2025-09-22 00:00:00+00:00,2.1265416666666668,24,4.486458333333333,24,1.3692333333333335,24,53.85549041666666,24
PT4,Port Talbot Margam,Urban Industrial,51.58395,-3.770822,2025-09-22 00:00:00+00:00,3.125,24,5.3140833333333335,24,5.274818333333333,24,49.67907208333333,24
SWA1,Swansea Roadside,Urban Traffic,51.632696,-3.947374,2025-09-22 00:00:00+00:00,3.25,24,5.515416666666667,24,13.510903749999999,24,,0
WREX,Wrexham,Urban Traffic,53.042282,-3.002829,2025-09-22 00:00:00+00:00,2.3093749999999997,24,4.963541666666667,24,13.885317083333334,24,,0
CARD,Cardiff Centre,Urban Background,51.48178,-3.17625,2025-09-23 00:00:00+00:00,7.125,24,11.191708333333333,24,18.036469999999998,23,39.96666458333333,24
CHP,Chepstow A48,Urban Traffic,51.638094,-2.678731,2025-09-23 00:00:00+00:00,7.833333333333333,24,11.836041666666667,24,17.882975416666667,24,,0
NPT3,Newport,Urban Background,51.601203,-2.977281,2025-09-23 00:00:00+00:00,4.464333333333333,24,10.436458333333333,24,17.881934166666667,24,,0
PEMB,Narberth,Rural Background,51.782616,-4.69237,2025-09-23 00:00:00+00:00,2.76825,24,5.270833333333333,24,2.437124583333333,24,58.31255291666667,24
PT4,Port Talbot Margam,Urban Industrial,51.58395,-3.770822,2025-09-23 00:00:00+00:00,4.833333333333333,24,10.547708333333334,24,9.369585416666666,24,49.559885,24
SWA1,Swansea Roadside,Urban Traffic,51.632696,-3.947374,2025-09-23 00:00:00+00:00,6.916666666666667,24,10.869750000000002,24,21.733942499999998,24,,0
WREX,Wrexham,Urban Traffic,53.042282,-3.002829,2025-09-23 00:00:00+00:00,2.335833333333333,24,5.347208333333334,24,16.434394347826085,23,,0
CARD,Cardiff Centre,Urban Background,51.48178,-3.17625,2025-09-24 00:00:00+00:00,6.478260869565218,23,12.392565217391304,23,15.681799130434783,23,43.255412916666664,24
CHP,Chepstow A48,Urban Traffic,51.638094,-2.678731,2025-09-24 00:00:00+00:00,6.25,24,11.715125,24,17.37698652173913,23,,0
NPT3,Newport,Urban Background,51.601203,-2.977281,2025-09-24 00:00:00+00:00,5.792083333333333,24,12.272916666666667,24,14.514611666666667,24,,0
PEMB,Narberth,Rural Background,51.782616,-4.69237,2025-09-24 00:00:00+00:00,3.6300833333333333,24,7.1000000000000005,24,5.015765833333333,24,50.518236249999994,24
PT4,Port Talbot Margam,Urban Industrial,51.58395,-3.770822,2025-09-24 00:00:00+00:00,3.0833333333333335,24,8.253041666666666,24,10.556822083333333,24,44.17149416666668,24
SWA1,Swansea Roadside,Urban Traffic,51.632696,-3.947374,2025-09-24 00:00:00+00:00,14.166666666666666,24,17.592875,24,23.03631916666667,24,,0
WREX,Wrexham,Urban Traffic,53.042282,-3.002829,2025-09-24 00:00:00+00:00,4.478166666666667,24,8.647916666666667,24,21.419345833333335,24,,0
CARD,Cardiff Centre,Urban Background,51.48178,-3.17625,2025-09-25 00:00:00+00:00,6.375,24,12.8425,24,15.580924583333333,24,49.203015,24
CHP,Chepstow A48,Urban Traffic,51.638094,-2.678731,2025-09-25 00:00:00+00:00,5.454545454545454,22,14.03086956521739,23,20.95967086956522,23,,0
NPT3,Newport,Urban Background,51.601203,-2.977281,2025-09-25 00:00:00+00:00,4.110708333333333,24,12.130208333333334,24,15.403587916666666,24,,0
PEMB,Narberth,Rural Background,51.782616,-4.69237,2025-09-25 00:00:00+00:00,2.923541666666667,24,7.032291666666667,24,4.161825,24,57.198287916666665,24
PT4,Port Talbot Margam,Urban Industrial,51.58395,-3.770822,2025-09-25 00:00:00+00:00,4.75,24,9.782833333333334,24,8.622838333333332,24,57.68058125000001,24
SWA1,Swansea Roadside,Urban Traffic,51.632696,-3.947374,2025-09-25 00:00:00+00:00,7.375,24,12.520375000000001,24,29.1666025,24,,0
WREX,Wrexham,Urban Traffic,53.042282,-3.002829,2025-09-25 00:00:00+00:00,4.005375,24,8.903125000000001,24,24.555835833333333,24,,0
CARD,Cardiff Centre,Urban Background,51.48178,-3.17625,2025-09-26 00:00:00+00:00,6.791666666666667,24,17.914875,24,15.548560833333333,24,46.43328791666667,24
CHP,Chepstow A48,Urban Traffic,51.638094,-2.678731,2025-09-26 00:00:00+00:00,7.875,24,17.914958333333335,24,27.50520695652174,23,,0
NPT3,Newport,Urban Background,51.601203,-2.977281,2025-09-26 00:00:00+00:00,5.636791666666667,24,16.779166666666665,24,17.433079583333335,24,,0
PEMB,Narberth,Rural Background,51.782616,-4.69237,2025-09-26 00:00:00+00:00,3.87275,24,13.24375,24,3.76985,24,61.56665333333333,24
PT4,Port Talbot Margam,Urban Industrial,51.58395,-3.770822,2025-09-26 00:00:00+00:00,4.833333333333333,24,18.840875,24,10.745199999999999,24,51.488368750000014,24
SWA1,Swansea Roadside,Urban Traffic,51.632696,-3.947374,2025-09-26 00:00:00+00:00,7.041666666666667,24,16.58641666666667,24,23.955514583333336,24,,0
WREX,Wrexham,Urban Traffic,53.042282,-3.002829,2025-09-26 00:00:00+00:00,5.5425,24,13.201041666666667,24,20.2658025,24,,0
CARD,Cardiff Centre,Urban Background,51.48178,-3.17625,2025-09-27 00:00:00+00:00,8.625,24,16.46558333333333,24,16.04857375,24,46.16511541666666,24
CHP,Chepstow A48,Urban Traffic,51.638094,-2.678731,2025-09-27 00:00:00+00:00,10.416666666666666,24,16.063083333333335,24,21.023768333333333,24,,0
NPT3,Newport,Urban Background,51.601203,-2.977281,2025-09-27 00:00:00+00:00,8.849291666666668,24,15.358333333333334,24,12.789350416666666,24,,0
PEMB,Narberth,Rural Background,51.782616,-4.69237,2025-09-27 00:00:00+00:00,3.981875,24,8.942708333333334,24,,15,61.18345125,24
PT4,Port Talbot Margam,Urban Industrial,51.58395,-3.770822,2025-09-27 00:00:00+00:00,8.375,24,14.090375,24,9.306432083333332,24,48.00905916666667,24
SWA1,Swansea Roadside,Urban Traffic,51.632696,-3.947374,2025-09-27 00:00:00+00:00,7.791666666666667,24,14.291666666666666,24,17.5456775,24,,0
WREX,Wrexham,Urban Traffic,53.042282,-3.002829,2025-09-27 00:00:00+00:00,9.842875,24,14.528125000000001,24,14.477127083333334,24,,0
CARD,Cardiff Centre,Urban Background,51.48178,-3.17625,2025-09-28 00:00:00+00:00,5.375,24,7.568583333333334,24,10.356419583333333,24,44.274745,24
CHP,Chepstow A48,Urban Traffic,51.638094,-2.678731,2025-09-28 00:00:00+00:00,8.291666666666666,24,10.668416666666667,24,21.587554583333333,24,,0
NPT3,Newport,Urban Background,51.601203,-2.977281,2025-09-28 00:00:00+00:00,3.7303333333333337,24,7.659375,24,13.04415375,24,,0
PEMB,Narberth,Rural Background,51.782616,-4.69237,2025-09-28 00:00:00+00:00,3.233125,24,6.703125,24,1.5069066666666666,24,48.19754083333333,24
PT4,Port Talbot Margam,Urban Industrial,51.58395,-3.770822,2025-09-28 00:00:00+00:00,3.8333333333333335,24,8.252958333333334,24,5.721864583333333,24,43.85481541666666,24
SWA1,Swansea Roadside,Urban Traffic,51.632696,-3.947374,2025-09-28 00:00:00+00:00,4.375,24,6.602416666666667,24,11.64999875,24,,0
WREX,Wrexham,Urban Traffic,53.042282,-3.002829,2025-09-28 00:00:00+00:00,3.1624166666666667,24,5.811458333333333,24,9.496398749999999,24,,0
CARD,Cardiff Centre,Urban Background,51.48178,-3.17625,2025-09-29 00:00:00+00:00,7.791666666666667,24,13.647583333333332,24,19.8575675,24,24.58799541666667,24
CHP,Chepstow A48,Urban Traffic,51.638094,-2.678731,2025-09-29 00:00:00+00:00,6.875,24,11.996833333333333,24,25.04295958333333,24,,0
NPT3,Newport,Urban Background,51.601203,-2.977281,2025-09-29 00:00:00+00:00,6.515333333333333,24,14.711458333333333,24,16.793584166666665,24,,0
PEMB,Narberth,Rural Background,51.782616,-4.69237,2025-09-29 00:00:00+00:00,4.515541666666667,24,10.740625,24,5.8456133333333336,24,44.60597583333335,24
PT4,Port Talbot Margam,Urban Industrial,51.58395,-3.770822,2025-09-29 00:00:00+00:00,5.958333333333333,24,12.439875,24,11.562354999999998,24,27.66331333333333,24
SWA1,Swansea Roadside,Urban Traffic,51.632696,-3.947374,2025-09-29 00:00:00+00:00,7.125,24,12.319166666666668,24,22.296403333333334,24,,0
WREX,Wrexham,Urban Traffic,53.042282,-3.002829,2025-09-29 00:00:00+00:00,4.2700000000000005,24,8.020833333333334,24,20.62004,24,,0
CARD,Cardiff Centre,Urban Background,51.48178,-3.17625,2025-09-30 00:00:00+00:00,8.958333333333334,24,18.639625,24,19.78543375,24,25.166609999999995,24
CHP,Chepstow A48,Urban Traffic,51.638094,-2.678731,2025-09-30 00:00:00+00:00,8.208333333333334,24,14.815041666666666,24,28.099028333333333,24,,0
NPT3,Newport,Urban Background,51.601203,-2.977281,2025-09-30 00:00:00+00:00,7.391916666666667,24,13.555208333333333,24,16.684729166666667,24,,0
PEMB,Narberth,Rural Background,51.782616,-4.69237,2025-09-30 00:00:00+00:00,5.1475,24,10.776041666666666,24,2.79039875,24,49.3422975,24
PT4,Port Talbot Margam,Urban Industrial,51.58395,-3.770822,2025-09-30 00:00:00+00:00,6.75,24,15.378708333333334,24,11.941717916666667,24,26.659226666666665,24
SWA1,Swansea Roadside,Urban Traffic,51.632696,-3.947374,2025-09-30 00:00:00+00:00,8.91304347826087,23,13.652826086956521,23,21.254246956521737,23,,0
WREX,Wrexham,Urban Traffic,53.042282,-3.002829,2025-09-30 00:00:00+00:00,5.181916666666667,24,9.021875,24,19.949753333333334,24,,0
CARD,Cardiff Centre,Urban Background,51.48178,-3.17625,2025-10-01 00:00:00+00:00,8.875,24,15.137166666666666,24,19.870277916666666,24,34.8651575,24
CHP,Chepstow A48,Urban Traffic,51.638094,-2.678731,2025-10-01 00:00:00+00:00,8.916666666666666,24,15.741083333333334,24,31.832137083333333,24,,0
NPT3,Newport,Urban Background,51.601203,-2.977281,2025-10-01 00:00:00+00:00,8.406125000000001,24,15.322916666666666,24,15.638566249999998,24,,0
PEMB,Narberth,Rural Background,51.782616,-4.69237,2025-10-01 00:00:00+00:00,5.319333333333334,24,9.390625,24,1.5415083333333335,24,58.65764291666667,24
PT4,Port Talbot Margam,Urban Industrial,51.58395,-3.770822,2025-10-01 00:00:00+00:00,6.434782608695652,23,22.222590909090908,22,13.935006086956522,23,46.3269947826087,23
SWA1,Swansea Roadside,Urban Traffic,51.632696,-3.947374,2025-10-01 00:00:00+00:00,9.0,24,14.009916666666667,24,18.841087916666666,24,,0
WREX,Wrexham,Urban Traffic,53.042282,-3.002829,2025-10-01 00:00:00+00:00,4.9370416666666666,24,8.352083333333333,24,13.665756666666667,24,,0
CARD,Cardiff Centre,Urban Background,51.48178,-3.17625,2025-10-02 00:00:00+00:00,,17,20.129166666666666,24,24.10052958333333,24,48.37147166666666,24
CHP,Chepstow A48,Urban Traffic,51.638094,-2.678731,2025-10-02 00:00:00+00:00,12.916666666666666,24,18.84091666666667,24,28.445922916666664,24,,0
NPT3,Newport,Urban Background,51.601203,-2.977281,2025-10-02 00:00:00+00:00,12.312375000000001,24,23.242708333333336,24,13.1736875,24,,0
PEMB,Narberth,Rural Background,51.782616,-4.69237,2025-10-02 00:00:00+00:00,7.477434782608696,23,12.652173913043478,23,2.8409626086956523,23,75.85973956521738,23
PT4,Port Talbot Margam,Urban Industrial,51.58395,-3.770822,2025-10-02 00:00:00+00:00,8.333333333333334,24,21.659000000000002,24,14.41725625,24,62.07042958333333,24
SWA1,Swansea Roadside,Urban Traffic,51.632696,-3.947374,2025-10-02 00:00:00+00:00,8.041666666666666,24,13.768208333333334,24,12.880022916666666,24,,0
WREX,Wrexham,Urban Traffic,53.042282,-3.002829,2025-10-02 00:00:00+00:00,7.178666666666667,24,11.167708333333332,24,12.966350416666666,24,,0
CARD,Cardiff Centre,Urban Background,51.48178,-3.17625,2025-10-03 00:00:00+00:00,,0,9.098374999999999,24,10.563719583333333,24,46.669584166666674,24
CHP,Chepstow A48,Urban Traffic,51.638094,-2.678731,2025-10-03 00:00:00+00:00,4.333333333333333,24,7.9309166666666675,24,13.621542916666668,24,,0
NPT3,Newport,Urban Background,51.601203,-2.977281,2025-10-03 00:00:00+00:00,4.170541666666667,24,8.969791666666667,24,7.030015416666667,24,,0
PEMB,Narberth,Rural Background,51.782616,-4.69237,2025-10-03 00:00:00+00:00,,0,,0,1.356929,20,54.92730608695653,23
PT4,Port Talbot Margam,Urban Industrial,51.58395,-3.770822,2025-10-03 00:00:00+00:00,4.041666666666667,24,15.0565,24,6.642429565217391,23,53.98022124999999,24
SWA1,Swansea Roadside,Urban Traffic,51.632696,-3.947374,2025-10-03 00:00:00+00:00,4.666666666666667,24,8.37375,24,6.1569666666666665,24,,0
WREX,Wrexham,Urban Traffic,53.042282,-3.002829,2025-10-03 00:00:00+00:00,2.05025,24,4.456583333333334,24,11.27344625,24,,0
CARD,Cardiff Centre,Urban Background,51.48178,-3.17625,2025-10-04 00:00:00+00:00,,0,20.85375,24,4.317454166666667,24,65.49153,24
CHP,Chepstow A48,Urban Traffic,51.638094,-2.678731,2025-10-04 00:00:00+00:00,7.125,24,15.781333333333334,24,11.206766250000001,24,,0
NPT3,Newport,Urban Background,51.601203,-2.977281,2025-10-04 00:00:00+00:00,6.166416666666667,24,14.696875,24,1.4920604166666667,24,,0
PEMB,Narberth,Rural Background,51.782616,-4.69237,2025-10-04 00:00:00+00:00,,0,,0,0.51109375,24,67.55236749999999,24
PT4,Port Talbot Margam,Urban Industrial,51.58395,-3.770822,2025-10-04 00:00:00+00:00,6.75,24,28.945625000000003,24,3.6012458333333335,24,68.42756541666667,24
SWA1,Swansea Roadside,Urban Traffic,51.632696,-3.947374,2025-10-04 00:00:00+00:00,7.875,24,22.22266666666667,24,3.6865725,24,,0
WREX,Wrexham,Urban Traffic,53.042282,-3.002829,2025-10-04 00:00:00+00:00,4.026166666666667,24,7.60625,24,1.5624970833333334,24,,0
CARD,Cardiff Centre,Urban Background,51.48178,-3.17625,2025-10-05 00:00:00+00:00,,0,15.338500000000002,24,6.064327826086956,23,55.25247958333333,24
CHP,Chepstow A48,Urban Traffic,51.638094,-2.678731,2025-10-05 00:00:00+00:00,8.791666666666666,24,15.459166666666667,24,21.049447826086954,23,,0
NPT3,Newport,Urban Background,51.601203,-2.977281,2025-10-05 00:00:00+00:00,5.295833333333333,24,11.811458333333334,24,4.352078333333334,24,,0
PEMB,Narberth,Rural Background,51.782616,-4.69237,2025-10-05 00:00:00+00:00,,0,,0,0.6722158333333333,24,60.97625791666667,24
PT4,Port Talbot Margam,Urban Industrial,51.58395,-3.770822,2025-10-05 00:00:00+00:00,6.666666666666667,24,20.69279166666667,24,8.072459583333332,24,55.80406874999999,24
SWA1,Swansea Roadside,Urban Traffic,51.632696,-3.947374,2025-10-05 00:00:00+00:00,5.291666666666667,24,15.257958333333335,24,8.732144166666666,24,,0
WREX,Wrexham,Urban Traffic,53.042282,-3.002829,2025-10-05 00:00:00+00:00,5.342,24,10.605208333333334,24,2.0854675,24,,0
CARD,Cardiff Centre,Urban Background,51.48178,-3.17625,2025-10-06 00:00:00+00:00,,0,15.700708333333333,24,11.405889565217391,23,52.336540833333316,24
CHP,Chepstow A48,Urban Traffic,51.638094,-2.678731,2025-10-06 00:00:00+00:00,8.458333333333334,24,16.143541666666668,24,25.366149583333335,24,,0
NPT3,Newport,Urban Background,51.601203,-2.977281,2025-10-06 00:00:00+00:00,5.738083333333333,24,13.454166666666666,24,7.9250525,24,,0
PEMB,Narberth,Rural Background,51.782616,-4.69237,2025-10-06 00:00:00+00:00,,10,,10,0.9734124999999999,24,61.814729166666666,24
PT4,Port Talbot Margam,Urban Industrial,51.58395,-3.770822,2025-10-06 00:00:00+00:00,5.625,24,18.679750000000002,24,8.55182375,24,57.81847916666667,24
SWA1,Swansea Roadside,Urban Traffic,51.632696,-3.947374,2025-10-06 00:00:00+00:00,5.791666666666667,24,14.815041666666666,24,14.126934166666667,24,,0
WREX,Wrexham,Urban Traffic,53.042282,-3.002829,2025-10-06 00:00:00+00:00,4.476249999999999,24,10.684375000000001,24,10.016012916666666,24,,0
CARD,Cardiff Centre,Urban Background,51.48178,-3.17625,2025-10-07 00:00:00+00:00,,12,13.969541666666666,24,10.558978333333334,24,58.76712999999998,24
CHP,Chepstow A48,Urban Traffic,51.638094,-2.678731,2025-10-07 00:00:00+00:00,6.2727272727272725,22,13.946826086956522,23,24.885212499999998,24,,0
NPT3,Newport,Urban Background,51.601203,-2.977281,2025-10-07 00:00:00+00:00,4.398583333333334,24,11.444791666666667,24,9.91985875,24,,0
PEMB,Narberth,Rural Background,51.782616,-4.69237,2025-10-07 00:00:00+00:00,3.3048333333333333,24,6.997916666666666,24,1.6878166666666667,24,62.588063749999996,24
PT4,Port Talbot Margam,Urban Industrial,51.58395,-3.770822,2025-10-07 00:00:00+00:00,5.041666666666667,24,14.976041666666667,24,12.229580869565217,23,58.57033125000001,24
SWA1,Swansea Roadside,Urban Traffic,51.632696,-3.947374,2025-10-07 00:00:00+00:00,4.583333333333333,24,11.191791666666667,24,14.075351666666668,24,,0
WREX,Wrexham,Urban Traffic,53.042282,-3.002829,2025-10-07 00:00:00+00:00,1.9702916666666666,24,4.435416666666667,24,9.062837391304347,23,,0
CARD,Cardiff Centre,Urban Background,51.48178,-3.17625,2025-10-08 00:00:00+00:00,3.8333333333333335,24,9.098416666666667,24,13.590082916666667,24,45.43959541666666,24
CHP,Chepstow A48,Urban Traffic,51.638094,-2.678731,2025-10-08 00:00:00+00:00,7.25,24,12.922958333333334,24,21.304078695652173,23,,0
NPT3,Newport,Urban Background,51.601203,-2.977281,2025-10-08 00:00:00+00:00,4.282625,24,10.297916666666667,24,13.672967916666666,24,,0
PEMB,Narberth,Rural Background,51.782616,-4.69237,2025-10-08 00:00:00+00:00,3.378541666666667,24,7.339583333333334,24,1.2429504166666667,24,59.202302083333336,24
PT4,Port Talbot Margam,Urban Industrial,51.58395,-3.770822,2025-10-08 00:00:00+00:00,2.8333333333333335,24,8.776416666666666,24,9.343883333333332,24,48.656968750000004,24
SWA1,Swansea Roadside,Urban Traffic,51.632696,-3.947374,2025-10-08 00:00:00+00:00,4.833333333333333,24,8.937333333333333,24,8.337927083333334,24,,0
WREX,Wrexham,Urban Traffic,53.042282,-3.002829,2025-10-08 00:00:00+00:00,4.169625,24,8.332291666666666,24,9.122541304347825,23,,0
CARD,Cardiff Centre,Urban Background,51.48178,-3.17625,2025-10-09 00:00:00+00:00,5.25,24,11.393041666666667,24,11.518840833333334,24,45.073025,24
CHP,Chepstow A48,Urban Traffic,51.638094,-2.678731,2025-10-09 00:00:00+00:00,8.583333333333334,24,14.251458333333334,24,23.494329583333336,24,,0
NPT3,Newport,Urban Background,51.601203,-2.977281,2025-10-09 00:00:00+00:00,5.826416666666667,24,14.0625,24,15.990043333333332,24,,0
PEMB,Narberth,Rural Background,51.782616,-4.69237,2025-10-09 00:00:00+00:00,4.396625,24,9.703125,24,1.6142716666666665,24,58.77059499999999,24
PT4,Port Talbot Margam,Urban Industrial,51.58395,-3.770822,2025-10-09 00:00:00+00:00,5.208333333333333,24,13.969541666666666,24,13.504363750000001,24,41.589557500000005,24
SWA1,Swansea Roadside,Urban Traffic,51.632696,-3.947374,2025-10-09 00:00:00+00:00,6.833333333333333,24,13.3255,24,16.488799166666666,24,,0
WREX,Wrexham,Urban Traffic,53.042282,-3.002829,2025-10-09 00:00:00+00:00,4.124375,24,8.229166666666666,24,9.835675416666666,24,,0
CARD,Cardiff Centre,Urban Background,51.48178,-3.17625,2025-10-10 00:00:00+00:00,6.708333333333333,24,10.507416666666666,24,18.367114166666667,24,40.96797958333333,24
CHP,Chepstow A48,Urban Traffic,51.638094,-2.678731,2025-10-10 00:00:00+00:00,6.583333333333333,24,9.299666666666667,24,25.595031666666667,24,,0
NPT3,Newport,Urban Background,51.601203,-2.977281,2025-10-10 00:00:00+00:00,4.8250416666666665,24,10.589583333333334,24,15.39685875,24,,0
PEMB,Narberth,Rural Background,51.782616,-4.69237,2025-10-10 00:00:00+00:00,3.1947083333333333,24,6.092708333333333,24,2.2982608333333334,24,56.077785,24
PT4,Port Talbot Margam,Urban Industrial,51.58395,-3.770822,2025-10-10 00:00:00+00:00,3.7916666666666665,24,9.742541666666666,24,14.773249999999999,24,33.61022208333333,24
SWA1,Swansea Roadside,Urban Traffic,51.632696,-3.947374,2025-10-10 00:00:00+00:00,4.916666666666667,24,9.380125,24,22.933902500000002,24,,0
WREX,Wrexham,Urban Traffic,53.042282,-3.002829,2025-10-10 00:00:00+00:00,3.7137083333333334,24,6.95,24,12.835288333333333,24,,0
CARD,Cardiff Centre,Urban Background,51.48178,-3.17625,2025-10-11 00:00:00+00:00,11.0,24,15.781041666666667,24,17.284044583333333,24,33.33789083333333,24
CHP,Chepstow A48,Urban Traffic,51.638094,-2.678731,2025-10-11 00:00:00+00:00,12.541666666666666,24,16.224166666666665,24,20.853571249999998,24,,0
NPT3,Newport,Urban Background,51.601203,-2.977281,2025-10-11 00:00:00+00:00,9.698375,24,14.302083333333334,24,11.598867916666668,24,,0
PEMB,Narberth,Rural Background,51.782616,-4.69237,2025-10-11 00:00:00+00:00,4.876291666666667,24,7.914583333333333,24,1.8404258333333334,24,55.89276791666666,24
PT4,Port Talbot Margam,Urban Industrial,51.58395,-3.770822,2025-10-11 00:00:00+00:00,7.541666666666667,24,12.60075,24,10.522292083333333,24,34.81180083333334,24
SWA1,Swansea Roadside,Urban Traffic,51.632696,-3.947374,2025-10-11 00:00:00+00:00,7.375,24,14.493,24,20.771428750000002,24,,0
WREX,Wrexham,Urban Traffic,53.042282,-3.002829,2025-10-11 00:00:00+00:00,7.2444999999999995,24,10.809375000000001,24,11.342714583333333,24,,0
CARD,Cardiff Centre,Urban Background,51.48178,-3.17625,2025-10-12 00:00:00+00:00,18.333333333333332,24,23.945,23,13.168550416666667,24,40.77672541666667,24
CHP,Chepstow A48,Urban Traffic,51.638094,-2.678731,2025-10-12 00:00:00+00:00,20.5,24,25.242,24,18.500869166666668,24,,0
NPT3,Newport,Urban Background,51.601203,-2.977281,2025-10-12 00:00:00+00:00,20.213416666666667,24,25.308333333333334,24,11.525599166666666,24,,0
PEMB,Narberth,Rural Background,51.782616,-4.69237,2025-10-12 00:00:00+00:00,15.199666666666666,24,19.76875,24,5.123364166666667,24,44.57479291666667,24
PT4,Port Talbot Margam,Urban Industrial,51.58395,-3.770822,2025-10-12 00:00:00+00:00,14.083333333333334,24,19.2435,24,8.626887083333333,24,36.75067750000001,24
SWA1,Swansea Roadside,Urban Traffic,51.632696,-3.947374,2025-10-12 00:00:00+00:00,14.333333333333334,24,17.995458333333335,24,20.361528333333336,24,,0
WREX,Wrexham,Urban Traffic,53.042282,-3.002829,2025-10-12 00:00:00+00:00,18.74020833333333,24,22.390625,24,13.735652916666666,24,,0
CARD,Cardiff Centre,Urban Background,51.48178,-3.17625,2025-10-13 00:00:00+00:00,9.333333333333334,24,12.359333333333334,24,14.43327875,24,31.484247083333326,24
CHP,Chepstow A48,Urban Traffic,51.638094,-2.678731,2025-10-13 00:00:00+00:00,9.5,24,12.399541666666666,24,20.966658333333335,24,,0
NPT3,Newport,Urban Background,51.601203,-2.977281,2025-10-13 00:00:00+00:00,12.103083333333332,24,15.535416666666668,24,13.208751666666666,24,,0
PEMB,Narberth,Rural Background,51.782616,-4.69237,2025-10-13 00:00:00+00:00,8.575125,24,10.961458333333333,24,5.145693333333333,24,36.797799166666664,24
PT4,Port Talbot Margam,Urban Industrial,51.58395,-3.770822,2025-10-13 00:00:00+00:00,4.291666666666667,24,5.636,24,5.577724583333333,24,46.267055238095246,21
SWA1,Swansea Roadside,Urban Traffic,51.632696,-3.947374,2025-10-13 00:00:00+00:00,8.041666666666666,24,9.058041666666666,24,23.76338208333333,24,,0
WREX,Wrexham,Urban Traffic,53.042282,-3.002829,2025-10-13 00:00:00+00:00,8.4385,24,10.633333333333333,24,18.04572333333333,24,,0
CARD,Cardiff Centre,Urban Background,51.48178,-3.17625,2025-10-14 00:00:00+00:00,5.708333333333333,24,8.856833333333332,24,13.409982083333333,24,30.52173791666667,24
CHP,Chepstow A48,Urban Traffic,51.638094,-2.678731,2025-10-14 00:00:00+00:00,6.833333333333333,24,10.467291666666666,24,20.3600025,24,,0
NPT3,Newport,Urban Background,51.601203,-2.977281,2025-10-14 00:00:00+00:00,6.610708333333332,24,10.215625000000001,24,11.7613775,24,,0
PEMB,Narberth,Rural Background,51.782616,-4.69237,2025-10-14 00:00:00+00:00,3.7542500000000003,24,5.719083333333334,24,2.728806818181818,22,39.38656666666667,21
PT4,Port Talbot Margam,Urban Industrial,51.58395,-3.770822,2025-10-14 00:00:00+00:00,4.375,24,9.984083333333333,24,9.29976125,24,41.776858749999995,24
SWA1,Swansea Roadside,Urban Traffic,51.632696,-3.947374,2025-10-14 00:00:00+00:00,6.333333333333333,24,7.810041666666667,24,21.486281666666667,24,,0
WREX,Wrexham,Urban Traffic,53.042282,-3.002829,2025-10-14 00:00:00+00:00,14.915625,24,19.04375,24,24.020960000000002,24,,0
CARD,Cardiff Centre,Urban Background,51.48178,-3.17625,2025-10-15 00:00:00+00:00,10.130434782608695,23,14.613791666666666,24,14.24473375,24,43.263602272727276,22
CHP,Chepstow A48,Urban Traffic,51.638094,-2.678731,2025-10-15 00:00:00+00:00,9.958333333333334,24,14.493041666666668,24,24.105986666666666,24,,0
NPT3,Newport,Urban Background,51.601203,-2.977281,2025-10-15 00:00:00+00:00,11.823875,24,17.534375,24,13.038534583333332,24,,0
PEMB,Narberth,Rural Background,51.782616,-4.69237,2025-10-15 00:00:00+00:00,16.812166666666666,24,21.85729166666667,24,7.54440125,24,35.565730416666675,24
PT4,Port Talbot Margam,Urban Industrial,51.58395,-3.770822,2025-10-15 00:00:00+00:00,12.130434782608695,23,15.795217391304348,23,8.433774347826088,23,41.51695956521739,23
SWA1,Swansea Roadside,Urban Traffic,51.632696,-3.947374,2025-10-15 00:00:00+00:00,11.695652173913043,23,16.383434782608695,23,25.11630608695652,23,,0
WREX,Wrexham,Urban Traffic,53.042282,-3.002829,2025-10-15 00:00:00+00:00,19.8075,24,24.676041666666666,24,22.204575833333333,24,,0
CARD,Cardiff Centre,Urban Background,51.48178,-3.17625,2025-10-16 00:00:00+00:00,6.125,24,9.621583333333334,24,15.690361304347826,23,46.887865000000005,24
CHP,Chepstow A48,Urban Traffic,51.638094,-2.678731,2025-10-16 00:00:00+00:00,6.833333333333333,24,9.380166666666666,24,24.518070416666664,24,,0
NPT3,Newport,Urban Background,51.601203,-2.977281,2025-10-16 00:00:00+00:00,5.472708333333333,24,13.403125000000001,24,15.576196666666666,24,,0
PEMB,Narberth,Rural Background,51.782616,-4.69237,2025-10-16 00:00:00+00:00,8.548583333333333,24,11.928125,24,5.9787766666666675,24,43.331637083333334,24
PT4,Port Talbot Margam,Urban Industrial,51.58395,-3.770822,2025-10-16 00:00:00+00:00,5.333333333333333,24,7.045208333333334,24,14.131504166666666,24,41.16365749999999,24
SWA1,Swansea Roadside,Urban Traffic,51.632696,-3.947374,2025-10-16 00:00:00+00:00,4.833333333333333,24,10.467125,24,29.14081416666667,24,,0
WREX,Wrexham,Urban Traffic,53.042282,-3.002829,2025-10-16 00:00:00+00:00,11.901666666666666,24,17.400000000000002,24,28.790187500000002,24,,0
CARD,Cardiff Centre,Urban Background,51.48178,-3.17625,2025-10-17 00:00:00+00:00,7.75,24,17.150125,24,18.8969575,24,37.832375000000006,24
CHP,Chepstow A48,Urban Traffic,51.638094,-2.678731,2025-10-17 00:00:00+00:00,11.208333333333334,24,15.982458333333334,24,27.874499166666666,24,,0
NPT3,Newport,Urban Background,51.601203,-2.977281,2025-10-17 00:00:00+00:00,8.286166666666666,24,17.252083333333335,24,15.411101666666667,24,,0
PEMB,Narberth,Rural Background,51.782616,-4.69237,2025-10-17 00:00:00+00:00,4.748458333333333,24,8.530208333333333,24,6.1624825,24,53.614342083333334,24
PT4,Port Talbot Margam,Urban Industrial,51.58395,-3.770822,2025-10-17 00:00:00+00:00,5.833333333333333,24,8.695791666666667,24,10.706202083333332,24,54.49399625000001,24
SWA1,Swansea Roadside,Urban Traffic,51.632696,-3.947374,2025-10-17 00:00:00+00:00,6.958333333333333,24,12.721625000000001,24,30.14373833333333,24,,0
WREX,Wrexham,Urban Traffic,53.042282,-3.002829,2025-10-17 00:00:00+00:00,11.825916666666666,24,18.039583333333333,24,28.4931775,24,,0
CARD,Cardiff Centre,Urban Background,51.48178,-3.17625,2025-10-18 00:00:00+00:00,8.291666666666666,24,16.948666666666668,24,13.166420416666668,24,54.20404458333334,24
CHP,Chepstow A48,Urban Traffic,51.638094,-2.678731,2025-10-18 00:00:00+00:00,10.375,24,16.223958333333332,24,25.835125652173915,23,,0
NPT3,Newport,Urban Background,51.601203,-2.977281,2025-10-18 00:00:00+00:00,6.739458333333332,24,12.122916666666667,24,11.483340833333335,24,,0
PEMB,Narberth,Rural Background,51.782616,-4.69237,2025-10-18 00:00:00+00:00,6.6883333333333335,24,18.881249999999998,24,5.343229166666667,24,60.33666458333334,24
PT4,Port Talbot Margam,Urban Industrial,51.58395,-3.770822,2025-10-18 00:00:00+00:00,7.375,24,13.52675,24,6.875007083333333,24,59.807435,24
SWA1,Swansea Roadside,Urban Traffic,51.632696,-3.947374,2025-10-18 00:00:00+00:00,7.166666666666667,24,14.493,24,19.71613125,24,,0
WREX,Wrexham,Urban Traffic,53.042282,-3.002829,2025-10-18 00:00:00+00:00,10.781208333333334,24,15.370833333333332,24,19.05077208333333,24,,0
CARD,Cardiff Centre,Urban Background,51.48178,-3.17625,2025-10-19 00:00:00+00:00,6.666666666666667,24,13.768291666666668,24,12.342986250000001,24,53.16946833333335,24
CHP,Chepstow A48,Urban Traffic,51.638094,-2.678731,2025-10-19 00:00:00+00:00,9.208333333333334,24,11.956708333333333,24,20.505033333333333,24,,0
NPT3,Newport,Urban Background,51.601203,-2.977281,2025-10-19 00:00:00+00:00,5.473708333333334,24,10.020833333333334,24,9.36168375,24,,0
PEMB,Narberth,Rural Background,51.782616,-4.69237,2025-10-19 00:00:00+00:00,5.429458333333333,24,9.755208333333334,24,2.198407083333333,24,64.68632041666667,24
PT4,Port Talbot Margam,Urban Industrial,51.58395,-3.770822,2025-10-19 00:00:00+00:00,7.375,24,13.929333333333334,24,6.794612083333334,24,59.31578041666666,24
SWA1,Swansea Roadside,Urban Traffic,51.632696,-3.947374,2025-10-19 00:00:00+00:00,5.833333333333333,24,13.043583333333332,24,16.929853333333334,24,,0
WREX,Wrexham,Urban Traffic,53.042282,-3.002829,2025-10-19 00:00:00+00:00,5.847083333333334,24,8.622916666666667,24,12.741983333333332,24,,0
CARD,Cardiff Centre,Urban Background,51.48178,-3.17625,2025-10-20 00:00:00+00:00,3.9583333333333335,24,11.996958333333334,24,13.509704166666666,24,52.39821249999999,24
CHP,Chepstow A48,Urban Traffic,51.638094,-2.678731,2025-10-20 00:00:00+00:00,7.333333333333333,24,9.903625,24,25.403105,24,,0
NPT3,Newport,Urban Background,51.601203,-2.977281,2025-10-20 00:00:00+00:00,3.4492499999999997,24,7.065625000000001,24,7.904896666666667,24,,0
PEMB,Narberth,Rural Background,51.782616,-4.69237,2025-10-20 00:00:00+00:00,2.6768750000000003,24,5.8,24,1.8425975,24,63.86309458333333,24
PT4,Port Talbot Margam,Urban Industrial,51.58395,-3.770822,2025-10-20 00:00:00+00:00,4.375,24,7.528333333333333,24,10.131530833333334,24,54.37527166666666,24
SWA1,Swansea Roadside,Urban Traffic,51.632696,-3.947374,2025-10-20 00:00:00+00:00,4.125,24,8.4945,24,14.14551,24,,0
WREX,Wrexham,Urban Traffic,53.042282,-3.002829,2025-10-20 00:00:00+00:00,4.10875,24,6.797916666666667,24,19.506554166666668,24,,0
CARD,Cardiff Centre,Urban Background,51.48178,-3.17625,2025-10-21 00:00:00+00:00,5.545454545454546,22,12.077454545454545,22,13.409826956521739,23,44.742727826086956,23
CHP,Chepstow A48,Urban Traffic,51.638094,-2.678731,2025-10-21 00:00:00+00:00,5.25,24,12.721625000000001,24,28.1464725,24,,0
NPT3,Newport,Urban Background,51.601203,-2.977281,2025-10-21 00:00:00+00:00,3.0975,24,7.129166666666666,24,13.828855416666668,24,,0
PEMB,Narberth,Rural Background,51.782616,-4.69237,2025-10-21 00:00:00+00:00,2.5925,24,6.111458333333334,24,1.7950662499999999,24,53.49099791666668,24
PT4,Port Talbot Margam,Urban Industrial,51.58395,-3.770822,2025-10-21 00:00:00+00:00,5.25,24,12.439791666666666,24,11.292475416666667,24,49.541954583333336,24
SWA1,Swansea Roadside,Urban Traffic,51.632696,-3.947374,2025-10-21 00:00:00+00:00,4.333333333333333,24,9.62175,24,18.044633333333334,24,,0
WREX,Wrexham,Urban Traffic,53.042282,-3.002829,2025-10-21 00:00:00+00:00,2.056791666666667,24,4.204166666666667,24,9.952143913043479,23,,0
CARD,Cardiff Centre,Urban Background,51.48178,-3.17625,2025-10-22 00:00:00+00:00,6.166666666666667,24,10.829500000000001,24,18.6134775,24,37.56974625,24
CHP,Chepstow A48,Urban Traffic,51.638094,-2.678731,2025-10-22 00:00:00+00:00,6.958333333333333,24,12.077541666666667,24,30.44373625,24,,0
NPT3,Newport,Urban Background,51.601203,-2.977281,2025-10-22 00:00:00+00:00,4.295333333333333,24,10.011458333333334,24,20.88798458333333,24,,0
PEMB,Narberth,Rural Background,51.782616,-4.69237,2025-10-22 00:00:00+00:00,3.5633478260869564,23,7.576086956521739,23,2.728665416666667,24,56.47346041666666,24
PT4,Port Talbot Margam,Urban Industrial,51.58395,-3.770822,2025-10-22 00:00:00+00:00,4.291666666666667,24,8.21275,24,11.69999625,24,41.627168749999996,24
SWA1,Swansea Roadside,Urban Traffic,51.632696,-3.947374,2025-10-22 00:00:00+00:00,4.083333333333333,24,11.272416666666667,24,27.799585833333335,24,,0
WREX,Wrexham,Urban Traffic,53.042282,-3.002829,2025-10-22 00:00:00+00:00,4.1295,24,7.590625,24,23.315511666666666,24,,0
CARD,Cardiff Centre,Urban Background,51.48178,-3.17625,2025-10-23 00:00:00+00:00,6.291666666666667,24,8.333458333333335,24,9.9929,24,55.002324583333326,24
CHP,Chepstow A48,Urban Traffic,51.638094,-2.678731,2025-10-23 00:00:00+00:00,6.739130434782608,23,8.107695652173913,23,20.45269,22,,0
NPT3,Newport,Urban Background,51.601203,-2.977281,2025-10-23 00:00:00+00:00,2.333041666666667,24,4.5249999999999995,24,8.1314175,24,,0
PEMB,Narberth,Rural Background,51.782616,-4.69237,2025-10-23 00:00:00+00:00,2.8636250000000003,24,6.919791666666666,24,1.4026616666666667,24,57.69097625,24
PT4,Port Talbot Margam,Urban Industrial,51.58395,-3.770822,2025-10-23 00:00:00+00:00,5.458333333333333,24,6.401125,24,13.400127083333333,24,52.01933041666667,24
SWA1,Swansea Roadside,Urban Traffic,51.632696,-3.947374,2025-10-23 00:00:00+00:00,2.8636363636363638,22,6.924375,24,13.925474166666667,24,,0
WREX,Wrexham,Urban Traffic,53.042282,-3.002829,2025-10-23 00:00:00+00:00,3.70875,24,6.8500000000000005,24,12.070625,24,,0
CARD,Cardiff Centre,Urban Background,51.48178,-3.17625,2025-10-24 00:00:00+00:00,6.958333333333333,24,13.164541666666667,24,15.876175833333333,24,47.710397916666665,24
CHP,Chepstow A48,Urban Traffic,51.638094,-2.678731,2025-10-24 00:00:00+00:00,6.958333333333333,24,13.929416666666667,24,32.64099875,24,,0
NPT3,Newport,Urban Background,51.601203,-2.977281,2025-10-24 00:00:00+00:00,4.9322083333333335,24,10.794791666666667,24,14.76373,24,,0
PEMB,Narberth,Rural Background,51.782616,-4.69237,2025-10-24 00:00:00+00:00,3.690125,24,8.183333333333334,24,1.1589708333333333,24,62.15358291666667,24
PT4,Port Talbot Margam,Urban Industrial,51.58395,-3.770822,2025-10-24 00:00:00+00:00,4.75,24,13.285208333333335,24,10.614828333333334,24,54.868542083333324,24
SWA1,Swansea Roadside,Urban Traffic,51.632696,-3.947374,2025-10-24 00:00:00+00:00,5.833333333333333,18,,11,22.726805416666664,24,,0
WREX,Wrexham,Urban Traffic,53.042282,-3.002829,2025-10-24 00:00:00+00:00,2.52075,24,5.176041666666666,24,8.377764166666667,24,,0
CARD,Cardiff Centre,Urban Background,51.48178,-3.17625,2025-10-25 00:00:00+00:00,5.833333333333333,24,9.460666666666667,24,9.84940875,24,49.94516541666667,24
CHP,Chepstow A48,Urban Traffic,51.638094,-2.678731,2025-10-25 00:00:00+00:00,7.458333333333333,24,10.225708333333333,24,22.816291666666668,24,,0
NPT3,Newport,Urban Background,51.601203,-2.977281,2025-10-25 00:00:00+00:00,2.7388333333333335,24,5.932291666666667,24,7.732235416666666,24,,0
PEMB,Narberth,Rural Background,51.782616,-4.69237,2025-10-25 00:00:00+00:00,3.5643333333333334,24,8.296875,24,0.86023375,24,63.05719208333334,24
PT4,Port Talbot Margam,Urban Industrial,51.58395,-3.770822,2025-10-25 00:00:00+00:00,5.208333333333333,24,8.53475,24,11.19761375,24,52.2997675,24
SWA1,Swansea Roadside,Urban Traffic,51.632696,-3.947374,2025-10-25 00:00:00+00:00,,0,,0,6.979500000000001,24,,0
WREX,Wrexham,Urban Traffic,53.042282,-3.002829,2025-10-25 00:00:00+00:00,2.5648750000000002,24,5.875,24,4.342948333333333,24,,0
CARD,Cardiff Centre,Urban Background,51.48178,-3.17625,2025-10-26 00:00:00+00:00,4.458333333333333,24,9.138625,24,7.544672083333334,24,53.996159166666665,24
CHP,Chepstow A48,Urban Traffic,51.638094,-2.678731,2025-10-26 00:00:00+00:00,6.208333333333333,24,8.77625,24,18.142209166666667,24,,0
NPT3,Newport,Urban Background,51.601203,-2.977281,2025-10-26 00:00:00+00:00,1.9800833333333332,24,5.042708333333333,24,3.828085833333333,24,,0
PEMB,Narberth,Rural Background,51.782616,-4.69237,2025-10-26 00:00:00+00:00,2.8066666666666666,24,6.823958333333334,24,0.6678741666666667,24,63.238744999999994,24
PT4,Port Talbot Margam,Urban Industrial,51.58395,-3.770822,2025-10-26 00:00:00+00:00,3.9583333333333335,24,6.642625,24,4.5257129166666665,24,60.55494916666667,24
SWA1,Swansea Roadside,Urban Traffic,51.632696,-3.947374,2025-10-26 00:00:00+00:00,,0,,0,6.007382083333333,24,,0
WREX,Wrexham,Urban Traffic,53.042282,-3.002829,2025-10-26 00:00:00+00:00,2.545166666666667,24,5.094791666666667,24,2.66939375,24,,0
CARD,Cardiff Centre,Urban Background,51.48178,-3.17625,2025-10-27 00:00:00+00:00,7.75,24,16.264333333333333,24,7.0230966666666665,24,59.89594625000001,24
CHP,Chepstow A48,Urban Traffic,51.638094,-2.678731,2025-10-27 00:00:00+00:00,8.5,24,15.821541666666667,24,20.981724347826088,23,,0
NPT3,Newport,Urban Background,51.601203,-2.977281,2025-10-27 00:00:00+00:00,5.69875,24,12.211458333333333,24,5.32532375,24,,0
PEMB,Narberth,Rural Background,51.782616,-4.69237,2025-10-27 00:00:00+00:00,6.201875,24,13.919791666666667,24,0.8032147826086956,23,64.28648666666666,24
PT4,Port Talbot Margam,Urban Industrial,51.58395,-3.770822,2025-10-27 00:00:00+00:00,6.458333333333333,24,19.444791666666667,24,8.51996,24,61.049542083333336,24
SWA1,Swansea Roadside,Urban Traffic,51.632696,-3.947374,2025-10-27 00:00:00+00:00,,7,,12,8.818523333333333,24,,0
WREX,Wrexham,Urban Traffic,53.042282,-3.002829,2025-10-27 00:00:00+00:00,4.657041666666667,24,8.754166666666666,24,5.654707500000001,24,,0
CARD,Cardiff Centre,Urban Background,51.48178,-3.17625,2025-10-28 00:00:00+00:00,6.625,24,19.324,24,7.905584166666667,24,67.02918916666665,24
CHP,Chepstow A48,Urban Traffic,51.638094,-2.678731,2025-10-28 00:00:00+00:00,7.458333333333333,24,16.22404166666667,24,22.68101916666667,24,,0
NPT3,Newport,Urban Background,51.601203,-2.977281,2025-10-28 00:00:00+00:00,5.931625,24,13.388541666666667,24,6.492494166666667,24,,0
PEMB,Narberth,Rural Background,51.782616,-4.69237,2025-10-28 00:00:00+00:00,6.3617083333333335,24,15.292,24,1.3444983333333334,24,69.85643041666667,24
PT4,Port Talbot Margam,Urban Industrial,51.58395,-3.770822,2025-10-28 00:00:00+00:00,6.833333333333333,24,20.813541666666666,24,3.5925837499999997,24,73.69809708333334,24
SWA1,Swansea Roadside,Urban Traffic,51.632696,-3.947374,2025-10-28 00:00:00+00:00,6.0,24,16.586458333333333,24,8.783421666666667,24,,0
WREX,Wrexham,Urban Traffic,53.042282,-3.002829,2025-10-28 00:00:00+00:00,5.464652173913043,23,10.435869565217391,23,11.252360454545455,22,,0
CARD,Cardiff Centre,Urban Background,51.48178,-3.17625,2025-10-29 00:00:00+00:00,6.565217391304348,23,10.320772727272727,22,22.44827875,24,45.585808333333325,24
CHP,Chepstow A48,Urban Traffic,51.638094,-2.678731,2025-10-29 00:00:00+00:00,7.458333333333333,24,10.748875,24,31.968079583333335,24,,0
NPT3,Newport,Urban Background,51.601203,-2.977281,2025-10-29 00:00:00+00:00,3.33925,24,6.429166666666667,24,16.197230434782607,23,,0
PEMB,Narberth,Rural Background,51.782616,-4.69237,2025-10-29 00:00:00+00:00,3.194304347826087,23,8.065217391304348,23,1.23166,24,63.63719125000001,24
PT4,Port Talbot Margam,Urban Industrial,51.58395,-3.770822,2025-10-29 00:00:00+00:00,4.545454545454546,22,9.15795652173913,23,18.128050434782608,23,54.811383809523804,21
SWA1,Swansea Roadside,Urban Traffic,51.632696,-3.947374,2025-10-29 00:00:00+00:00,4.5,24,9.872043478260869,23,27.599877083333336,24,,0
WREX,Wrexham,Urban Traffic,53.042282,-3.002829,2025-10-29 00:00:00+00:00,3.2919583333333335,24,6.469791666666667,24,10.564643043478261,23,,0
CARD,Cardiff Centre,Urban Background,51.48178,-3.17625,2025-10-30 00:00:00+00:00,5.045454545454546,22,11.876125,24,19.113628333333335,24,44.92819791666667,24
CHP,Chepstow A48,Urban Traffic,51.638094,-2.678731,2025-10-30 00:00:00+00:00,7.458333333333333,24,15.418875,24,25.295635,24,,0
NPT3,Newport,Urban Background,51.601203,-2.977281,2025-10-30 00:00:00+00:00,4.459739130434783,23,10.027173913043478,23,12.95727652173913,23,,0
PEMB,Narberth,Rural Background,51.782616,-4.69237,2025-10-30 00:00:00+00:00,4.64125,24,10.405208333333333,24,1.6651320833333332,24,68.33970956521739,23
PT4,Port Talbot Margam,Urban Industrial,51.58395,-3.770822,2025-10-30 00:00:00+00:00,5.208333333333333,24,11.191833333333333,24,10.189807083333333,24,52.445786250000005,24
SWA1,Swansea Roadside,Urban Traffic,51.632696,-3.947374,2025-10-30 00:00:00+00:00,6.625,24,13.285333333333334,24,18.714652916666665,24,,0
WREX,Wrexham,Urban Traffic,53.042282,-3.002829,2025-10-30 00:00:00+00:00,3.6015833333333336,24,7.003125,24,14.393029583333332,24,,0
CARD,Cardiff Centre,Urban Background,51.48178,-3.17625,2025-10-31 00:00:00+00:00,7.125,24,15.499541666666667,24,22.109953333333333,21,58.77197999999999,24
CHP,Chepstow A48,Urban Traffic,51.638094,-2.678731,2025-10-31 00:00:00+00:00,7.083333333333333,24,16.948833333333333,24,17.178819166666667,24,,0
NPT3,Newport,Urban Background,51.601203,-2.977281,2025-10-31 00:00:00+00:00,7.570791666666666,24,15.886458333333332,24,5.500157083333334,24,,0
PEMB,Narberth,Rural Background,51.782616,-4.69237,2025-10-31 00:00:00+00:00,10.3155,24,19.536458333333332,24,0.9898566666666667,24,78.49268416666666,24
PT4,Port Talbot Margam,Urban Industrial,51.58395,-3.770822,2025-10-31 00:00:00+00:00,9.375,24,24.155041666666666,24,9.589425,24,71.86292958333333,24
SWA1,Swansea Roadside,Urban Traffic,51.632696,-3.947374,2025-10-31 00:00:00+00:00,8.708333333333334,24,21.860249999999997,24,11.346342083333333,24,,0
WREX,Wrexham,Urban Traffic,53.042282,-3.002829,2025-10-31 00:00:00+00:00,4.946083333333333,24,8.727083333333333,24,12.604376666666667,24,,0
CARD,Cardiff Centre,Urban Background,51.48178,-3.17625,2025-11-01 00:00:00+00:00,6.041666666666667,24,13.526708333333334,24,8.070255,24,65.96620166666666,24
CHP,Chepstow A48,Urban Traffic,51.638094,-2.678731,2025-11-01 00:00:00+00:00,7.333333333333333,24,13.285375,24,19.93621086956522,23,,0
NPT3,Newport,Urban Background,51.601203,-2.977281,2025-11-01 00:00:00+00:00,5.169083333333333,24,11.633333333333333,24,7.3484025,24,,0
PEMB,Narberth,Rural Background,51.782616,-4.69237,2025-11-01 00:00:00+00:00,4.594166666666667,24,9.8125,24,0.7869395833333334,24,,14
PT4,Port Talbot Margam,Urban Industrial,51.58395,-3.770822,2025-11-01 00:00:00+00:00,7.25,24,21.699291666666667,24,4.0249475,24,75.08299958333335,24
SWA1,Swansea Roadside,Urban Traffic,51.632696,-3.947374,2025-11-01 00:00:00+00:00,6.875,24,15.217625,24,8.976055833333334,24,,0
WREX,Wrexham,Urban Traffic,53.042282,-3.002829,2025-11-01 00:00:00+00:00,3.343083333333333,24,6.026041666666667,24,8.641800833333333,24,,0
CARD,Cardiff Centre,Urban Background,51.48178,-3.17625,2025-11-02 00:00:00+00:00,5.333333333333333,24,11.393166666666666,24,13.152630416666668,24,59.44899375,24
CHP,Chepstow A48,Urban Traffic,51.638094,-2.678731,2025-11-02 00:00:00+00:00,7.708333333333333,24,14.1305,24,27.348848333333333,24,,0
NPT3,Newport,Urban Background,51.601203,-2.977281,2025-11-02 00:00:00+00:00,6.797458333333334,24,12.198958333333332,24,10.144162083333333,24,,0
PEMB,Narberth,Rural Background,51.782616,-4.69237,2025-11-02 00:00:00+00:00,4.781833333333333,24,11.955208333333333,24,0.6594008333333333,24,69.89384875000003,24
PT4,Port Talbot Margam,Urban Industrial,51.58395,-3.770822,2025-11-02 00:00:00+00:00,6.583333333333333,24,16.264333333333333,24,5.678637083333334,24,73.69244916666666,24
SWA1,Swansea Roadside,Urban Traffic,51.632696,-3.947374,2025-11-02 00:00:00+00:00,5.875,24,13.204833333333333,24,11.288720416666665,24,,0
WREX,Wrexham,Urban Traffic,53.042282,-3.002829,2025-11-02 00:00:00+00:00,4.136291666666667,24,7.822916666666667,24,7.757822916666666,24,,0
CARD,Cardiff Centre,Urban Background,51.48178,-3.17625,2025-11-03 00:00:00+00:00,5.208333333333333,24,13.083916666666667,24,6.4302325,24,67.79905749999999,24
CHP,Chepstow A48,Urban Traffic,51.638094,-2.678731,2025-11-03 00:00:00+00:00,6.5,24,13.6475,24,13.369582608695653,23,,0
NPT3,Newport,Urban Background,51.601203,-2.977281,2025-11-03 00:00:00+00:00,5.6545,24,12.259375,24,6.648749565217392,23,,0
PEMB,Narberth,Rural Background,51.782616,-4.69237,2025-11-03 00:00:00+00:00,7.317541666666667,24,13.345833333333333,24,0.5843220833333334,24,76.30711583333336,24
PT4,Port Talbot Margam,Urban Industrial,51.58395,-3.770822,2025-11-03 00:00:00+00:00,9.791666666666666,24,28.301625,24,7.309525416666666,24,74.39661375,24
SWA1,Swansea Roadside,Urban Traffic,51.632696,-3.947374,2025-11-03 00:00:00+00:00,7.333333333333333,24,20.410999999999998,24,4.987452916666666,24,,0
WREX,Wrexham,Urban Traffic,53.042282,-3.002829,2025-11-03 00:00:00+00:00,1.3238333333333332,24,2.3916666666666666,24,10.347260833333333,24,,0
CARD,Cardiff Centre,Urban Background,51.48178,-3.17625,2025-11-04 00:00:00+00:00,5.25,24,12.641083333333334,24,14.742086666666665,24,54.85403374999999,24
CHP,Chepstow A48,Urban Traffic,51.638094,-2.678731,2025-11-04 00:00:00+00:00,7.25,24,13.325541666666666,24,17.463679583333334,24,,0
NPT3,Newport,Urban Background,51.601203,-2.977281,2025-11-04 00:00:00+00:00,5.155291666666667,24,10.764583333333334,24,,16,,0
PEMB,Narberth,Rural Background,51.782616,-4.69237,2025-11-04 00:00:00+00:00,1.5743749999999999,24,2.790625,24,1.7135770833333333,24,69.54363869565218,23
PT4,Port Talbot Margam,Urban Industrial,51.58395,-3.770822,2025-11-04 00:00:00+00:00,6.416666666666667,24,14.211166666666665,24,11.982729583333333,24,59.767412916666665,24
SWA1,Swansea Roadside,Urban Traffic,51.632696,-3.947374,2025-11-04 00:00:00+00:00,6.476190476190476,21,13.572904761904763,21,17.04837142857143,21,,0
WREX,Wrexham,Urban Traffic,53.042282,-3.002829,2025-11-04 00:00:00+00:00,1.6990833333333333,24,3.0124999999999997,24,13.43348304347826,23,,0
CARD,Cardiff Centre,Urban Background,51.48178,-3.17625,2025-11-05 00:00:00+00:00,12.833333333333334,24,22.62516666666667,24,16.377495,24,42.234694583333344,24
CHP,Chepstow A48,Urban Traffic,51.638094,-2.678731,2025-11-05 00:00:00+00:00,10.782608695652174,23,21.676434782608695,23,27.322708260869565,23,,0
NPT3,Newport,Urban Background,51.601203,-2.977281,2025-11-05 00:00:00+00:00,14.515583333333334,24,23.444791666666664,24,,0,,0
PEMB,Narberth,Rural Background,51.782616,-4.69237,2025-11-05 00:00:00+00:00,8.303875,24,16.626041666666666,24,4.530636666666667,24,57.12414208333333,24
PT4,Port Talbot Margam,Urban Industrial,51.58395,-3.770822,2025-11-05 00:00:00+00:00,10.916666666666666,24,19.20325,24,7.750720416666667,24,54.55636916666666,24
SWA1,Swansea Roadside,Urban Traffic,51.632696,-3.947374,2025-11-05 00:00:00+00:00,13.818181818181818,22,23.65095652173913,23,18.75290409090909,22,,0
WREX,Wrexham,Urban Traffic,53.042282,-3.002829,2025-11-05 00:00:00+00:00,6.573,24,11.487499999999999,24,14.928557499999998,24,,0
CARD,Cardiff Centre,Urban Background,51.48178,-3.17625,2025-11-06 00:00:00+00:00,12.041666666666666,24,22.826541666666667,24,23.971276666666668,24,23.757839583333336,24
CHP,Chepstow A48,Urban Traffic,51.638094,-2.678731,2025-11-06 00:00:00+00:00,11.916666666666666,24,21.216166666666666,24,34.034095217391304,23,,0
NPT3,Newport,Urban Background,51.601203,-2.977281,2025-11-06 00:00:00+00:00,10.757708333333333,24,19.473958333333332,24,,0,,0
PEMB,Narberth,Rural Background,51.782616,-4.69237,2025-11-06 00:00:00+00:00,8.804045454545454,22,15.654909090909092,22,5.889765833333333,24,40.22236499999999,24
PT4,Port Talbot Margam,Urban Industrial,51.58395,-3.770822,2025-11-06 00:00:00+00:00,11.833333333333334,24,18.92141666666667,24,17.89536125,24,32.63304374999999,24
SWA1,Swansea Roadside,Urban Traffic,51.632696,-3.947374,2025-11-06 00:00:00+00:00,15.041666666666666,24,22.504333333333335,24,32.20082125,24,,0
WREX,Wrexham,Urban Traffic,53.042282,-3.002829,2025-11-06 00:00:00+00:00,13.367791666666667,24,21.190625,24,21.09556458333333,24,,0
CARD,Cardiff Centre,Urban Background,51.48178,-3.17625,2025-11-07 00:00:00+00:00,7.875,24,12.842333333333334,24,19.022278333333333,24,42.178566249999996,24
CHP,Chepstow A48,Urban Traffic,51.638094,-2.678731,2025-11-07 00:00:00+00:00,9.416666666666666,24,13.087636363636364,22,27.686880416666668,24,,0
NPT3,Newport,Urban Background,51.601203,-2.977281,2025-11-07 00:00:00+00:00,7.185458333333333,24,11.002083333333333,24,,0,,0
PEMB,Narberth,Rural Background,51.782616,-4.69237,2025-11-07 00:00:00+00:00,,12,,12,2.78393125,24,61.35183750000001,24
PT4,Port Talbot Margam,Urban Industrial,51.58395,-3.770822,2025-11-07 00:00:00+00:00,6.333333333333333,24,9.541333333333334,24,8.352699166666666,24,60.98374708333335,24
SWA1,Swansea Roadside,Urban Traffic,51.632696,-3.947374,2025-11-07 00:00:00+00:00,6.666666666666667,24,12.439833333333333,24,24.38128125,24,,0
WREX,Wrexham,Urban Traffic,53.042282,-3.002829,2025-11-07 00:00:00+00:00,7.433208333333333,24,10.839583333333332,24,19.12947875,24,,0
CARD,Cardiff Centre,Urban Background,51.48178,-3.17625,2025-11-08 00:00:00+00:00,9.916666666666666,24,18.35775,24,19.600068333333333,24,40.63467083333333,24
CHP,Chepstow A48,Urban Traffic,51.638094,-2.678731,2025-11-08 00:00:00+00:00,9.416666666666666,24,18.438416666666665,24,31.487784166666668,24,,0
NPT3,Newport,Urban Background,51.601203,-2.977281,2025-11-08 00:00:00+00:00,9.025291666666666,24,15.076041666666667,24,,0,,0
PEMB,Narberth,Rural Background,51.782616,-4.69237,2025-11-08 00:00:00+00:00,,0,,0,1.4365975000000002,24,52.86526333333333,24
PT4,Port Talbot Margam,Urban Industrial,51.58395,-3.770822,2025-11-08 00:00:00+00:00,7.541666666666667,24,17.270875,24,10.509840416666666,24,51.06140666666668,24
SWA1,Swansea Roadside,Urban Traffic,51.632696,-3.947374,2025-11-08 00:00:00+00:00,6.583333333333333,24,15.579958333333332,24,23.288095416666664,24,,0
WREX,Wrexham,Urban Traffic,53.042282,-3.002829,2025-11-08 00:00:00+00:00,5.719375,24,9.230208333333334,24,15.26704125,24,,0
CARD,Cardiff Centre,Urban Background,51.48178,-3.17625,2025-11-09 00:00:00+00:00,7.833333333333333,24,14.734666666666667,24,18.76409375,24,36.69801291666667,24
CHP,Chepstow A48,Urban Traffic,51.638094,-2.678731,2025-11-09 00:00:00+00:00,9.0,24,12.5605,24,19.873597826086957,23,,0
NPT3,Newport,Urban Background,51.601203,-2.977281,2025-11-09 00:00:00+00:00,7.002791666666667,24,11.820833333333333,24,,0,,0
PEMB,Narberth,Rural Background,51.782616,-4.69237,2025-11-09 00:00:00+00:00,,0,,0,,5,61.71979583333333,24
PT4,Port Talbot Margam,Urban Industrial,51.58395,-3.770822,2025-11-09 00:00:00+00:00,6.708333333333333,24,15.700791666666667,24,6.63108125,24,57.91745791666667,24
SWA1,Swansea Roadside,Urban Traffic,51.632696,-3.947374,2025-11-09 00:00:00+00:00,6.583333333333333,24,16.103333333333335,24,16.617465416666665,24,,0
WREX,Wrexham,Urban Traffic,53.042282,-3.002829,2025-11-09 00:00:00+00:00,5.664416666666667,24,8.929166666666667,24,10.858897916666665,24,,0
CARD,Cardiff Centre,Urban Background,51.48178,-3.17625,2025-11-10 00:00:00+00:00,4.958333333333333,24,9.54125,24,17.817710434782608,23,52.14112958333333,24
CHP,Chepstow A48,Urban Traffic,51.638094,-2.678731,2025-11-10 00:00:00+00:00,7.666666666666667,24,10.789333333333333,24,30.746372500000003,24,,0
NPT3,Newport,Urban Background,51.601203,-2.977281,2025-11-10 00:00:00+00:00,4.148125,24,8.360416666666667,24,,0,,0
PEMB,Narberth,Rural Background,51.782616,-4.69237,2025-11-10 00:00:00+00:00,,9,,9,,8,62.10784916666666,24
PT4,Port Talbot Margam,Urban Industrial,51.58395,-3.770822,2025-11-10 00:00:00+00:00,4.958333333333333,24,13.6475,24,14.240974999999999,24,63.18883541666668,24
SWA1,Swansea Roadside,Urban Traffic,51.632696,-3.947374,2025-11-10 00:00:00+00:00,4.875,24,8.695791666666667,24,15.464318749999999,24,,0
WREX,Wrexham,Urban Traffic,53.042282,-3.002829,2025-11-10 00:00:00+00:00,3.9446666666666665,24,6.809375,24,24.109066249999998,24,,0
CARD,Cardiff Centre,Urban Background,51.48178,-3.17625,2025-11-11 00:00:00+00:00,6.291666666666667,24,13.083874999999999,24,15.359450833333334,24,56.837259166666676,24
CHP,Chepstow A48,Urban Traffic,51.638094,-2.678731,2025-11-11 00:00:00+00:00,7.083333333333333,24,12.842374999999999,24,18.97287375,24,,0
NPT3,Newport,Urban Background,51.601203,-2.977281,2025-11-11 00:00:00+00:00,5.537541666666667,24,11.917708333333332,24,,0,,0
PEMB,Narberth,Rural Background,51.782616,-4.69237,2025-11-11 00:00:00+00:00,7.980583333333333,24,13.647916666666667,24,1.0249108333333334,24,76.68546666666666,24
PT4,Port Talbot Margam,Urban Industrial,51.58395,-3.770822,2025-11-11 00:00:00+00:00,7.291666666666667,24,17.391583333333333,24,12.533975833333335,24,63.844401250000004,24
SWA1,Swansea Roadside,Urban Traffic,51.632696,-3.947374,2025-11-11 00:00:00+00:00,7.375,24,19.082541666666668,24,9.720658333333335,24,,0
WREX,Wrexham,Urban Traffic,53.042282,-3.002829,2025-11-11 00:00:00+00:00,2.906875,24,5.191666666666666,24,13.491663333333333,24,,0
CARD,Cardiff Centre,Urban Background,51.48178,-3.17625,2025-11-12 00:00:00+00:00,8.333333333333334,24,18.357791666666667,24,21.783585000000002,24,38.86625916666666,24
CHP,Chepstow A48,Urban Traffic,51.638094,-2.678731,2025-11-12 00:00:00+00:00,8.5,24,17.190375,24,23.7032375,24,,0
NPT3,Newport,Urban Background,51.601203,-2.977281,2025-11-12 00:00:00+00:00,7.800833333333333,24,15.40625,24,,0,,0
PEMB,Narberth,Rural Background,51.782616,-4.69237,2025-11-12 00:00:00+00:00,5.225958333333334,24,9.164583333333333,24,1.7299320833333331,24,72.13208374999999,24
PT4,Port Talbot Margam,Urban Industrial,51.58395,-3.770822,2025-11-12 00:00:00+00:00,7.571428571428571,21,14.768952380952381,21,11.270949090909092,22,60.19975636363636,22
SWA1,Swansea Roadside,Urban Traffic,51.632696,-3.947374,2025-11-12 00:00:00+00:00,7.958333333333333,24,16.666999999999998,24,25.18267333333333,24,,0
WREX,Wrexham,Urban Traffic,53.042282,-3.002829,2025-11-12 00:00:00+00:00,5.185666666666667,24,8.198958333333334,24,,10,,0
CARD,Cardiff Centre,Urban Background,51.48178,-3.17625,2025-11-13 00:00:00+00:00,7.25,24,15.217666666666666,24,20.949740833333333,24,49.6485825,24
CHP,Chepstow A48,Urban Traffic,51.638094,-2.678731,2025-11-13 00:00:00+00:00,8.25,24,17.109750000000002,24,28.051426250000002,24,,0
NPT3,Newport,Urban Background,51.601203,-2.977281,2025-11-13 00:00:00+00:00,5.715333333333334,24,11.519791666666668,24,,0,,0
PEMB,Narberth,Rural Background,51.782616,-4.69237,2025-11-13 00:00:00+00:00,6.341458333333333,24,12.045833333333334,24,2.83630625,24,62.58113416666666,24
PT4,Port Talbot Margam,Urban Industrial,51.58395,-3.770822,2025-11-13 00:00:00+00:00,6.083333333333333,24,16.868333333333332,24,11.974662083333333,24,62.5801925,24
SWA1,Swansea Roadside,Urban Traffic,51.632696,-3.947374,2025-11-13 00:00:00+00:00,7.208333333333333,24,14.573583333333334,24,24.56298,24,,0
WREX,Wrexham,Urban Traffic,53.042282,-3.002829,2025-11-13 00:00:00+00:00,6.596958333333333,24,11.670833333333334,24,26.872684347826088,23,,0
CARD,Cardiff Centre,Urban Background,51.48178,-3.17625,2025-11-14 00:00:00+00:00,1.75,24,2.174,24,8.710092083333334,24,60.55702250000001,24
CHP,Chepstow A48,Urban Traffic,51.638094,-2.678731,2025-11-14 00:00:00+00:00,4.375,24,5.797166666666667,24,15.807613043478261,23,,0
NPT3,Newport,Urban Background,51.601203,-2.977281,2025-11-14 00:00:00+00:00,0.9660833333333333,24,2.122916666666667,24,,0,,0
PEMB,Narberth,Rural Background,51.782616,-4.69237,2025-11-14 00:00:00+00:00,0.8343333333333334,24,1.390625,24,2.61068625,24,66.17270124999999,24
PT4,Port Talbot Margam,Urban Industrial,51.58395,-3.770822,2025-11-14 00:00:00+00:00,2.8333333333333335,24,1.0466666666666666,24,4.1138586956521745,23,67.55371333333333,24
SWA1,Swansea Roadside,Urban Traffic,51.632696,-3.947374,2025-11-14 00:00:00+00:00,2.7083333333333335,24,0.9259166666666667,24,12.634828749999999,24,,0
WREX,Wrexham,Urban Traffic,53.042282,-3.002829,2025-11-14 00:00:00+00:00,2.5619583333333336,24,3.678125,24,19.378264583333333,24,,0
CARD,Cardiff Centre,Urban Background,51.48178,-3.17625,2025-11-15 00:00:00+00:00,4.0,24,5.461086956521739,23,10.92358125,24,39.11849291666666,24
CHP,Chepstow A48,Urban Traffic,51.638094,-2.678731,2025-11-15 00:00:00+00:00,5.25,24,8.252958333333334,24,15.007690416666668,24,,0
NPT3,Newport,Urban Background,51.601203,-2.977281,2025-11-15 00:00:00+00:00,2.7308749999999997,24,4.3687499999999995,24,,0,,0
PEMB,Narberth,Rural Background,51.782616,-4.69237,2025-11-15 00:00:00+00:00,1.8808749999999999,24,2.891666666666667,24,2.71796625,24,49.84052958333333,24
PT4,Port Talbot Margam,Urban Industrial,51.58395,-3.770822,2025-11-15 00:00:00+00:00,5.25,24,6.964708333333333,24,9.079721666666666,24,53.158198750000004,24
SWA1,Swansea Roadside,Urban Traffic,51.632696,-3.947374,2025-11-15 00:00:00+00:00,,17,4.025833333333334,24,19.1979675,24,,0
WREX,Wrexham,Urban Traffic,53.042282,-3.002829,2025-11-15 00:00:00+00:00,3.3166666666666664,24,4.753125,24,27.99572541666667,24,,0
CARD,Cardiff Centre,Urban Background,51.48178,-3.17625,2025-11-16 00:00:00+00:00,4.833333333333333,24,8.816458333333333,24,7.3526075,24,52.4952275,24
CHP,Chepstow A48,Urban Traffic,51.638094,-2.678731,2025-11-16 00:00:00+00:00,6.083333333333333,24,11.030791666666666,24,12.516421666666666,24,,0
NPT3,Newport,Urban Background,51.601203,-2.977281,2025-11-16 00:00:00+00:00,3.479875,24,7.0625,24,,0,,0
PEMB,Narberth,Rural Background,51.782616,-4.69237,2025-11-16 00:00:00+00:00,2.7447083333333335,24,4.367708333333334,24,1.98309375,24,50.71572666666666,24
PT4,Port Talbot Margam,Urban Industrial,51.58395,-3.770822,2025-11-16 00:00:00+00:00,5.333333333333333,24,7.0049166666666665,24,5.5106975,24,53.03686125000001,24
SWA1,Swansea Roadside,Urban Traffic,51.632696,-3.947374,2025-11-16 00:00:00+00:00,,0,6.924416666666667,24,7.808213333333334,24,,0
WREX,Wrexham,Urban Traffic,53.042282,-3.002829,2025-11-16 00:00:00+00:00,4.291458333333334,24,8.492708333333333,24,17.575922916666666,24,,0
CARD,Cardiff Centre,Urban Background,51.48178,-3.17625,2025-11-17 00:00:00+00:00,8.166666666666666,24,14.050083333333333,24,25.32647125,24,37.041025,24
CHP,Chepstow A48,Urban Traffic,51.638094,-2.678731,2025-11-17 00:00:00+00:00,8.0,24,13.406,24,20.55357818181818,22,,0
NPT3,Newport,Urban Background,51.601203,-2.977281,2025-11-17 00:00:00+00:00,5.859791666666666,24,10.805208333333333,24,20.911396666666665,24,,0
PEMB,Narberth,Rural Background,51.782616,-4.69237,2025-11-17 00:00:00+00:00,3.3913333333333333,24,6.363541666666666,24,1.7295145833333334,24,59.8225547826087,23
PT4,Port Talbot Margam,Urban Industrial,51.58395,-3.770822,2025-11-17 00:00:00+00:00,5.416666666666667,24,8.172500000000001,24,11.109415833333335,24,37.26594416666668,24
SWA1,Swansea Roadside,Urban Traffic,51.632696,-3.947374,2025-11-17 00:00:00+00:00,,0,13.325416666666667,24,26.988870416666668,24,,0
WREX,Wrexham,Urban Traffic,53.042282,-3.002829,2025-11-17 00:00:00+00:00,5.512083333333333,24,10.578125,24,21.234706666666668,24,,0
CARD,Cardiff Centre,Urban Background,51.48178,-3.17625,2025-11-18 00:00:00+00:00,8.041666666666666,24,10.386666666666667,24,29.771412916666666,24,25.876884583333336,24
CHP,Chepstow A48,Urban Traffic,51.638094,-2.678731,2025-11-18 00:00:00+00:00,7.958333333333333,24,13.889125,24,36.23609,24,,0
NPT3,Newport,Urban Background,51.601203,-2.977281,2025-11-18 00:00:00+00:00,4.9106250000000005,24,8.31875,24,19.0436125,24,,0
PEMB,Narberth,Rural Background,51.782616,-4.69237,2025-11-18 00:00:00+00:00,2.3124166666666666,24,4.963541666666667,24,2.21947625,24,59.84328374999999,24
PT4,Port Talbot Margam,Urban Industrial,51.58395,-3.770822,2025-11-18 00:00:00+00:00,3.25,24,6.119291666666666,24,18.910999166666667,24,37.78160333333334,24
SWA1,Swansea Roadside,Urban Traffic,51.632696,-3.947374,2025-11-18 00:00:00+00:00,,0,11.836,24,26.66503541666667,24,,0
WREX,Wrexham,Urban Traffic,53.042282,-3.002829,2025-11-18 00:00:00+00:00,1.8091249999999999,24,3.485416666666667,24,8.49554043478261,23,,0
CARD,Cardiff Centre,Urban Background,51.48178,-3.17625,2025-11-19 00:00:00+00:00,3.7916666666666665,24,6.723083333333334,24,16.88323958333333,24,54.609421666666655,24
CHP,Chepstow A48,Urban Traffic,51.638094,-2.678731,2025-11-19 00:00:00+00:00,6.25,24,11.393083333333335,24,15.337946666666667,24,,0
NPT3,Newport,Urban Background,51.601203,-2.977281,2025-11-19 00:00:00+00:00,2.11875,24,5.289583333333334,24,8.058630416666666,24,,0
PEMB,Narberth,Rural Background,51.782616,-4.69237,2025-11-19 00:00:00+00:00,1.855,23,3.8228260869565216,23,0.7538504166666667,24,73.54223833333332,24
PT4,Port Talbot Margam,Urban Industrial,51.58395,-3.770822,2025-11-19 00:00:00+00:00,6.333333333333333,24,5.998458333333333,24,10.896419583333333,24,59.35101416666668,24
SWA1,Swansea Roadside,Urban Traffic,51.632696,-3.947374,2025-11-19 00:00:00+00:00,,0,6.553434782608695,23,14.286846250000002,24,,0
WREX,Wrexham,Urban Traffic,53.042282,-3.002829,2025-11-19 00:00:00+00:00,2.7652916666666667,24,5.958333333333333,24,18.120187916666666,24,,0
CARD,Cardiff Centre,Urban Background,51.48178,-3.17625,2025-11-20 00:00:00+00:00,6.458333333333333,24,11.836,24,28.046935833333333,24,35.50683,24
CHP,Chepstow A48,Urban Traffic,51.638094,-2.678731,2025-11-20 00:00:00+00:00,7.583333333333333,24,16.063083333333335,24,23.90603708333333,24,,0
NPT3,Newport,Urban Background,51.601203,-2.977281,2025-11-20 00:00:00+00:00,3.783375,24,9.204166666666667,24,22.894491666666667,24,,0
PEMB,Narberth,Rural Background,51.782616,-4.69237,2025-11-20 00:00:00+00:00,,4,,4,,1,,5
PT4,Port Talbot Margam,Urban Industrial,51.58395,-3.770822,2025-11-20 00:00:00+00:00,5.375,24,7.8101666666666665,24,22.796684583333334,24,36.389191249999996,24
SWA1,Swansea Roadside,Urban Traffic,51.632696,-3.947374,2025-11-20 00:00:00+00:00,,0,7.0855,24,23.927714166666664,24,,0
WREX,Wrexham,Urban Traffic,53.042282,-3.002829,2025-11-20 00:00:00+00:00,,10,,10,20.162350833333335,24,,0
CARD,Cardiff Centre,Urban Background,51.48178,-3.17625,2025-11-21 00:00:00+00:00,9.875,24,14.815083333333334,24,39.09107041666667,24,29.832944166666664,24
CHP,Chepstow A48,Urban Traffic,51.638094,-2.678731,2025-11-21 00:00:00+00:00,10.782608695652174,23,12.434608695652173,23,39.22106363636363,22,,0
NPT3,Newport,Urban Background,51.601203,-2.977281,2025-11-21 00:00:00+00:00,6.586125,24,10.347916666666666,24,35.85220125,24,,0
PEMB,Narberth,Rural Background,51.782616,-4.69237,2025-11-21 00:00:00+00:00,2.009625,24,4.5375000000000005,24,3.0491295652173913,23,64.63850666666667,24
PT4,Port Talbot Margam,Urban Industrial,51.58395,-3.770822,2025-11-21 00:00:00+00:00,4.708333333333333,24,8.172458333333333,24,17.976372083333334,24,45.31065416666666,24
SWA1,Swansea Roadside,Urban Traffic,51.632696,-3.947374,2025-11-21 00:00:00+00:00,,0,13.768291666666668,24,33.71594416666667,24,,0
WREX,Wrexham,Urban Traffic,53.042282,-3.002829,2025-11-21 00:00:00+00:00,,0,,0,32.374195416666666,24,,0
CARD,Cardiff Centre,Urban Background,51.48178,-3.17625,2025-11-22 00:00:00+00:00,6.375,24,9.460583333333334,24,23.441138750000004,24,45.31902250000001,24
CHP,Chepstow A48,Urban Traffic,51.638094,-2.678731,2025-11-22 00:00:00+00:00,6.458333333333333,24,8.816541666666668,24,25.73938875,24,,0
NPT3,Newport,Urban Background,51.601203,-2.977281,2025-11-22 00:00:00+00:00,4.7672083333333335,24,8.275,24,17.007002916666668,24,,0
PEMB,Narberth,Rural Background,51.782616,-4.69237,2025-11-22 00:00:00+00:00,2.4802916666666666,24,5.010416666666667,24,1.7069256521739131,23,64.97458791666666,24
PT4,Port Talbot Margam,Urban Industrial,51.58395,-3.770822,2025-11-22 00:00:00+00:00,6.208333333333333,24,8.856875,24,16.965492916666665,24,52.082509583333355,24
SWA1,Swansea Roadside,Urban Traffic,51.632696,-3.947374,2025-11-22 00:00:00+00:00,,0,11.433333333333332,24,21.337405416666666,24,,0
WREX,Wrexham,Urban Traffic,53.042282,-3.002829,2025-11-22 00:00:00+00:00,,0,,0,23.856256666666667,24,,0
CARD,Cardiff Centre,Urban Background,51.48178,-3.17625,2025-11-23 00:00:00+00:00,5.625,24,12.359208333333333,24,16.556760416666666,24,51.466888333333316,24
CHP,Chepstow A48,Urban Traffic,51.638094,-2.678731,2025-11-23 00:00:00+00:00,6.458333333333333,24,12.842374999999999,24,21.942845416666668,24,,0
NPT3,Newport,Urban Background,51.601203,-2.977281,2025-11-23 00:00:00+00:00,4.38875,24,9.055208333333333,24,6.9529266666666665,24,,0
PEMB,Narberth,Rural Background,51.782616,-4.69237,2025-11-23 00:00:00+00:00,3.671416666666667,24,7.411458333333333,24,0.6727816666666667,24,65.40352333333333,24
PT4,Port Talbot Margam,Urban Industrial,51.58395,-3.770822,2025-11-23 00:00:00+00:00,5.625,24,15.217625,24,5.885984583333333,24,65.98715541666667,24
SWA1,Swansea Roadside,Urban Traffic,51.632696,-3.947374,2025-11-23 00:00:00+00:00,,0,11.634541666666665,24,11.637475416666668,24,,0
WREX,Wrexham,Urban Traffic,53.042282,-3.002829,2025-11-23 00:00:00+00:00,,0,,0,4.6108045833333335,24,,0
CARD,Cardiff Centre,Urban Background,51.48178,-3.17625,2025-11-24 00:00:00+00:00,3.6666666666666665,24,6.562208333333333,24,19.80115041666667,24,43.83887833333333,24
CHP,Chepstow A48,Urban Traffic,51.638094,-2.678731,2025-11-24 00:00:00+00:00,6.416666666666667,24,8.011208333333334,24,17.270520434782608,23,,0
NPT3,Newport,Urban Background,51.601203,-2.977281,2025-11-24 00:00:00+00:00,2.0312916666666667,24,4.0218750000000005,24,9.767018333333333,24,,0
PEMB,Narberth,Rural Background,51.782616,-4.69237,2025-11-24 00:00:00+00:00,2.46075,24,4.959375,24,1.0660391666666666,24,62.93800208333334,24
PT4,Port Talbot Margam,Urban Industrial,51.58395,-3.770822,2025-11-24 00:00:00+00:00,4.791666666666667,24,7.0049166666666665,24,11.531730869565218,23,54.21196500000001,24
SWA1,Swansea Roadside,Urban Traffic,51.632696,-3.947374,2025-11-24 00:00:00+00:00,,0,5.555666666666667,24,7.691517083333333,24,,0
WREX,Wrexham,Urban Traffic,53.042282,-3.002829,2025-11-24 00:00:00+00:00,,0,,0,13.047427083333332,24,,0
CARD,Cardiff Centre,Urban Background,51.48178,-3.17625,2025-11-25 00:00:00+00:00,5.208333333333333,24,8.897041666666667,24,26.549979583333336,24,34.114690833333334,24
CHP,Chepstow A48,Urban Traffic,51.638094,-2.678731,2025-11-25 00:00:00+00:00,7.375,24,10.547708333333334,24,18.863398333333333,24,,0
NPT3,Newport,Urban Background,51.601203,-2.977281,2025-11-25 00:00:00+00:00,2.9785833333333334,24,5.367708333333333,24,19.765665,24,,0
PEMB,Narberth,Rural Background,51.782616,-4.69237,2025-11-25 00:00:00+00:00,1.7482916666666668,24,3.922916666666667,24,1.5400025,24,65.31759916666667,24
PT4,Port Talbot Margam,Urban Industrial,51.58395,-3.770822,2025-11-25 00:00:00+00:00,5.541666666666667,24,4.227125,24,12.747649166666667,24,39.663691250000014,24
SWA1,Swansea Roadside,Urban Traffic,51.632696,-3.947374,2025-11-25 00:00:00+00:00,,0,12.761874999999998,24,29.436816250000003,24,,0
WREX,Wrexham,Urban Traffic,53.042282,-3.002829,2025-11-25 00:00:00+00:00,,10,,10,22.648453333333332,24,,0
CARD,Cardiff Centre,Urban Background,51.48178,-3.17625,2025-11-26 00:00:00+00:00,7.75,24,10.064583333333333,24,27.100305833333334,24,25.837384999999998,24
CHP,Chepstow A48,Urban Traffic,51.638094,-2.678731,2025-11-26 00:00:00+00:00,9.666666666666666,24,11.151583333333333,24,33.61894791666666,24,,0
NPT3,Newport,Urban Background,51.601203,-2.977281,2025-11-26 00:00:00+00:00,5.910958333333333,24,9.138541666666667,24,19.400077826086957,23,,0
PEMB,Narberth,Rural Background,51.782616,-4.69237,2025-11-26 00:00:00+00:00,1.7089583333333334,24,3.3708333333333336,24,2.1361478260869564,23,63.61501791666666,24
PT4,Port Talbot Margam,Urban Industrial,51.58395,-3.770822,2025-11-26 00:00:00+00:00,4.3478260869565215,23,5.335173913043478,23,21.516354347826088,23,34.647218260869565,23
SWA1,Swansea Roadside,Urban Traffic,51.632696,-3.947374,2025-11-26 00:00:00+00:00,,0,14.372166666666667,24,23.67178,24,,0
WREX,Wrexham,Urban Traffic,53.042282,-3.002829,2025-11-26 00:00:00+00:00,3.7088750000000004,24,5.652083333333334,24,23.056565000000003,24,,0
CARD,Cardiff Centre,Urban Background,51.48178,-3.17625,2025-11-27 00:00:00+00:00,5.416666666666667,24,12.641166666666665,24,10.998375416666667,24,60.51821791666666,24
CHP,Chepstow A48,Urban Traffic,51.638094,-2.678731,2025-11-27 00:00:00+00:00,5.291666666666667,24,9.178791666666667,24,22.122895416666665,24,,0
NPT3,Newport,Urban Background,51.601203,-2.977281,2025-11-27 00:00:00+00:00,3.906333333333333,24,8.49375,24,,0,,0
PEMB,Narberth,Rural Background,51.782616,-4.69237,2025-11-27 00:00:00+00:00,4.177458333333333,24,7.339583333333334,24,1.1953291666666666,24,71.35112666666669,24
PT4,Port Talbot Margam,Urban Industrial,51.58395,-3.770822,2025-11-27 00:00:00+00:00,6.375,24,16.063125,24,5.903991666666666,24,71.6759,24
SWA1,Swansea Roadside,Urban Traffic,51.632696,-3.947374,2025-11-27 00:00:00+00:00,,0,9.94375,24,5.593582916666667,24,,0
WREX,Wrexham,Urban Traffic,53.042282,-3.002829,2025-11-27 00:00:00+00:00,2.6110416666666665,24,5.017708333333333,24,7.938050833333333,24,,0
CARD,Cardiff Centre,Urban Background,51.48178,-3.17625,2025-11-28 00:00:00+00:00,8.5,24,23.02779166666667,24,11.091791666666666,24,59.15934041666667,24
CHP,Chepstow A48,Urban Traffic,51.638094,-2.678731,2025-11-28 00:00:00+00:00,8.833333333333334,24,20.571916666666667,24,24.660913333333337,24,,0
NPT3,Newport,Urban Background,51.601203,-2.977281,2025-11-28 00:00:00+00:00,9.393791666666667,24,20.735416666666666,24,,0,,0
PEMB,Narberth,Rural Background,51.782616,-4.69237,2025-11-28 00:00:00+00:00,7.738791666666667,24,14.7125,24,1.1323670833333332,24,70.36228500000001,24
PT4,Port Talbot Margam,Urban Industrial,51.58395,-3.770822,2025-11-28 00:00:00+00:00,8.166666666666666,24,26.40941666666667,24,4.726376666666667,24,73.40997624999999,24
SWA1,Swansea Roadside,Urban Traffic,51.632696,-3.947374,2025-11-28 00:00:00+00:00,,0,22.464083333333335,24,10.462520833333333,24,,0
WREX,Wrexham,Urban Traffic,53.042282,-3.002829,2025-11-28 00:00:00+00:00,6.712791666666667,24,12.709375,24,6.160139583333333,24,,0
CARD,Cardiff Centre,Urban Background,51.48178,-3.17625,2025-11-29 00:00:00+00:00,5.583333333333333,24,8.897041666666667,24,15.55118,24,54.299671666666676,24
CHP,Chepstow A48,Urban Traffic,51.638094,-2.678731,2025-11-29 00:00:00+00:00,5.75,24,10.265916666666667,24,22.5259975,24,,0
NPT3,Newport,Urban Background,51.601203,-2.977281,2025-11-29 00:00:00+00:00,2.8331666666666666,24,5.419791666666668,24,,0,,0
PEMB,Narberth,Rural Background,51.782616,-4.69237,2025-11-29 00:00:00+00:00,2.190541666666667,24,4.658333333333333,24,1.54568625,24,62.423833333333334,24
PT4,Port Talbot Margam,Urban Industrial,51.58395,-3.770822,2025-11-29 00:00:00+00:00,3.5416666666666665,24,7.327041666666666,24,11.763655416666666,24,61.253742499999994,24
SWA1,Swansea Roadside,Urban Traffic,51.632696,-3.947374,2025-11-29 00:00:00+00:00,,0,6.521791666666666,24,11.393327916666665,24,,0
WREX,Wrexham,Urban Traffic,53.042282,-3.002829,2025-11-29 00:00:00+00:00,2.8655416666666667,24,4.625,24,12.62497,24,,0
CARD,Cardiff Centre,Urban Background,51.48178,-3.17625,2025-11-30 00:00:00+00:00,6.166666666666667,24,10.467208333333334,24,16.81325875,24,51.80435375000001,24
CHP,Chepstow A48,Urban Traffic,51.638094,-2.678731,2025-11-30 00:00:00+00:00,6.791666666666667,24,11.191749999999999,24,25.032622916666668,24,,0
NPT3,Newport,Urban Background,51.601203,-2.977281,2025-11-30 00:00:00+00:00,3.529875,24,8.28125,24,,0,,0
PEMB,Narberth,Rural Background,51.782616,-4.69237,2025-11-30 00:00:00+00:00,3.05725,24,6.961458333333333,24,1.0474808333333334,24,68.44835333333334,24
PT4,Port Talbot Margam,Urban Industrial,51.58395,-3.770822,2025-11-30 00:00:00+00:00,6.083333333333333,24,10.668583333333332,24,9.016341666666667,24,60.34583666666666,24
SWA1,Swansea Roadside,Urban Traffic,51.632696,-3.947374,2025-11-30 00:00:00+00:00,,0,10.70875,24,15.967694583333333,24,,0
WREX,Wrexham,Urban Traffic,53.042282,-3.002829,2025-11-30 00:00:00+00:00,4.721,24,7.210416666666667,24,10.7327325,24,,0
CARD,Cardiff Centre,Urban Background,51.48178,-3.17625,2025-12-01 00:00:00+00:00,3.5416666666666665,24,8.051666666666668,24,11.089073749999999,24,65.483215,24
CHP,Chepstow A48,Urban Traffic,51.638094,-2.678731,2025-12-01 00:00:00+00:00,5.208333333333333,24,8.977541666666667,24,14.21250125,24,,0
NPT3,Newport,Urban Background,51.601203,-2.977281,2025-12-01 00:00:00+00:00,3.733333333333333,24,8.30625,24,,0,,0
PEMB,Narberth,Rural Background,51.782616,-4.69237,2025-12-01 00:00:00+00:00,4.620708333333334,24,7.29375,24,0.8245741666666667,24,76.55034041666666,24
PT4,Port Talbot Margam,Urban Industrial,51.58395,-3.770822,2025-12-01 00:00:00+00:00,5.75,24,18.27725,24,7.088995833333333,24,73.64725416666667,24
SWA1,Swansea Roadside,Urban Traffic,51.632696,-3.947374,2025-12-01 00:00:00+00:00,,0,12.198333333333332,24,5.333410416666666,24,,0
WREX,Wrexham,Urban Traffic,53.042282,-3.002829,2025-12-01 00:00:00+00:00,0.9356249999999999,24,1.7104166666666665,24,8.345505833333334,24,,0
CARD,Cardiff Centre,Urban Background,51.48178,-3.17625,2025-12-02 00:00:00+00:00,5.875,24,11.191791666666667,24,24.864850833333335,24,45.03907000000001,24
CHP,Chepstow A48,Urban Traffic,51.638094,-2.678731,2025-12-02 00:00:00+00:00,9.041666666666666,24,16.022791666666667,24,42.55270708333333,24,,0
NPT3,Newport,Urban Background,51.601203,-2.977281,2025-12-02 00:00:00+00:00,6.207833333333333,24,11.371875000000001,24,,0,,0
PEMB,Narberth,Rural Background,51.782616,-4.69237,2025-12-02 00:00:00+00:00,2.7172083333333332,24,5.727083333333334,24,2.2299775,24,67.8281625,24
PT4,Port Talbot Margam,Urban Industrial,51.58395,-3.770822,2025-12-02 00:00:00+00:00,6.458333333333333,24,13.566916666666666,24,14.606694583333335,24,63.64506583333334,24
SWA1,Swansea Roadside,Urban Traffic,51.632696,-3.947374,2025-12-02 00:00:00+00:00,,0,10.668333333333335,24,26.653510416666666,24,,0
WREX,Wrexham,Urban Traffic,53.042282,-3.002829,2025-12-02 00:00:00+00:00,4.3101666666666665,24,7.2749999999999995,24,22.206428260869565,23,,0
CARD,Cardiff Centre,Urban Background,51.48178,-3.17625,2025-12-03 00:00:00+00:00,8.916666666666666,24,12.681291666666667,24,35.384815,24,20.900107916666666,24
CHP,Chepstow A48,Urban Traffic,51.638094,-2.678731,2025-12-03 00:00:00+00:00,11.434782608695652,23,12.938695652173912,23,47.459392173913045,23,,0
NPT3,Newport,Urban Background,51.601203,-2.977281,2025-12-03 00:00:00+00:00,5.724333333333333,24,8.595833333333333,24,,0,,0
PEMB,Narberth,Rural Background,51.782616,-4.69237,2025-12-03 00:00:00+00:00,3.42775,24,8.020833333333334,24,1.5643229166666668,24,64.98706083333332,24
PT4,Port Talbot Margam,Urban Industrial,51.58395,-3.770822,2025-12-03 00:00:00+00:00,5.083333333333333,24,12.560583333333334,24,20.556414583333332,24,47.49713708333332,24
SWA1,Swansea Roadside,Urban Traffic,51.632696,-3.947374,2025-12-03 00:00:00+00:00,,0,9.058166666666667,24,29.672805416666666,24,,0
WREX,Wrexham,Urban Traffic,53.042282,-3.002829,2025-12-03 00:00:00+00:00,5.063916666666667,24,7.121875,24,23.867144999999997,24,,0
CARD,Cardiff Centre,Urban Background,51.48178,-3.17625,2025-12-04 00:00:00+00:00,9.090909090909092,22,14.580772727272727,22,32.36107863636364,22,36.835217500000006,24
CHP,Chepstow A48,Urban Traffic,51.638094,-2.678731,2025-12-04 00:00:00+00:00,9.75,24,14.130666666666668,24,42.666951250000004,24,,0
NPT3,Newport,Urban Background,51.601203,-2.977281,2025-12-04 00:00:00+00:00,5.626,24,9.735416666666667,24,,0,,0
PEMB,Narberth,Rural Background,51.782616,-4.69237,2025-12-04 00:00:00+00:00,3.93675,24,8.495833333333334,24,2.1323025,24,65.55250875,24
PT4,Port Talbot Margam,Urban Industrial,51.58395,-3.770822,2025-12-04 00:00:00+00:00,10.291666666666666,24,15.740958333333333,24,22.687424583333335,24,44.90781041666667,24
SWA1,Swansea Roadside,Urban Traffic,51.632696,-3.947374,2025-12-04 00:00:00+00:00,,0,17.270791666666668,24,34.36070875,24,,0
WREX,Wrexham,Urban Traffic,53.042282,-3.002829,2025-12-04 00:00:00+00:00,5.067916666666666,24,7.526041666666667,24,17.218656666666664,24,,0
CARD,Cardiff Centre,Urban Background,51.48178,-3.17625,2025-12-05 00:00:00+00:00,7.833333333333333,24,15.821541666666667,24,22.49830125,24,45.59620291666668,24
CHP,Chepstow A48,Urban Traffic,51.638094,-2.678731,2025-12-05 00:00:00+00:00,8.083333333333334,24,13.446208333333333,24,30.2034625,24,,0
NPT3,Newport,Urban Background,51.601203,-2.977281,2025-12-05 00:00:00+00:00,6.352250000000001,24,11.551041666666668,24,,0,,0
PEMB,Narberth,Rural Background,51.782616,-4.69237,2025-12-05 00:00:00+00:00,6.5075,24,12.038541666666667,24,1.41585875,24,73.95246541666667,24
PT4,Port Talbot Margam,Urban Industrial,51.58395,-3.770822,2025-12-05 00:00:00+00:00,5.791666666666667,24,17.512333333333334,24,11.643085416666667,24,65.89928416666667,24
SWA1,Swansea Roadside,Urban Traffic,51.632696,-3.947374,2025-12-05 00:00:00+00:00,,0,18.639625,24,17.936122916666665,24,,0
WREX,Wrexham,Urban Traffic,53.042282,-3.002829,2025-12-05 00:00:00+00:00,3.9062916666666667,24,6.260416666666667,24,17.638605000000002,24,,0
CARD,Cardiff Centre,Urban Background,51.48178,-3.17625,2025-12-06 00:00:00+00:00,10.833333333333334,24,25.684791666666666,24,9.196176666666666,24,72.19791458333334,24
CHP,Chepstow A48,Urban Traffic,51.638094,-2.678731,2025-12-06 00:00:00+00:00,9.416666666666666,24,20.330416666666668,24,17.131314166666666,24,,0
NPT3,Newport,Urban Background,51.601203,-2.977281,2025-12-06 00:00:00+00:00,9.944041666666667,24,18.963541666666668,24,,0,,0
PEMB,Narberth,Rural Background,51.782616,-4.69237,2025-12-06 00:00:00+00:00,9.99225,24,16.889583333333334,24,1.0204,24,77.26338833333332,24
PT4,Port Talbot Margam,Urban Industrial,51.58395,-3.770822,2025-12-06 00:00:00+00:00,11.833333333333334,24,32.24691666666667,24,2.34621875,24,83.72388375,24
SWA1,Swansea Roadside,Urban Traffic,51.632696,-3.947374,2025-12-06 00:00:00+00:00,,0,26.168000000000003,24,4.633224583333333,24,,0
WREX,Wrexham,Urban Traffic,53.042282,-3.002829,2025-12-06 00:00:00+00:00,3.4315833333333337,24,5.41875,24,7.317365416666667,24,,0
CARD,Cardiff Centre,Urban Background,51.48178,-3.17625,2025-12-07 00:00:00+00:00,6.708333333333333,24,11.071125,24,11.371303750000001,24,64.00861375000001,24
CHP,Chepstow A48,Urban Traffic,51.638094,-2.678731,2025-12-07 00:00:00+00:00,7.208333333333333,24,10.708708333333334,24,20.558275833333333,24,,0
NPT3,Newport,Urban Background,51.601203,-2.977281,2025-12-07 00:00:00+00:00,4.442958333333333,24,8.460416666666667,24,,0,,0
PEMB,Narberth,Rural Background,51.782616,-4.69237,2025-12-07 00:00:00+00:00,3.249916666666667,24,5.619791666666667,24,0.9068062499999999,24,72.68644333333332,24
PT4,Port Talbot Margam,Urban Industrial,51.58395,-3.770822,2025-12-07 00:00:00+00:00,5.0,24,13.768375,24,5.28396125,24,74.91948416666669,24
SWA1,Swansea Roadside,Urban Traffic,51.632696,-3.947374,2025-12-07 00:00:00+00:00,,0,11.876291666666667,24,13.381975416666668,24,,0
WREX,Wrexham,Urban Traffic,53.042282,-3.002829,2025-12-07 00:00:00+00:00,3.582875,24,6.216666666666666,24,8.914738333333334,24,,0
CARD,Cardiff Centre,Urban Background,51.48178,-3.17625,2025-12-08 00:00:00+00:00,6.833333333333333,24,11.151458333333332,24,14.182859166666667,24,61.50983250000001,24
CHP,Chepstow A48,Urban Traffic,51.638094,-2.678731,2025-12-08 00:00:00+00:00,7.958333333333333,24,13.365791666666667,24,20.382549166666667,24,,0
NPT3,Newport,Urban Background,51.601203,-2.977281,2025-12-08 00:00:00+00:00,5.66525,24,10.303125,24,,0,,0
PEMB,Narberth,Rural Background,51.782616,-4.69237,2025-12-08 00:00:00+00:00,8.711708333333332,24,14.371875000000001,24,1.3612404166666667,24,77.14697250000002,24
PT4,Port Talbot Margam,Urban Industrial,51.58395,-3.770822,2025-12-08 00:00:00+00:00,7.833333333333333,24,20.451291666666666,24,12.655923333333334,24,67.80462791666666,24
SWA1,Swansea Roadside,Urban Traffic,51.632696,-3.947374,2025-12-08 00:00:00+00:00,,0,19.847375,24,17.801384583333334,24,,0
WREX,Wrexham,Urban Traffic,53.042282,-3.002829,2025-12-08 00:00:00+00:00,6.5084583333333335,24,10.628124999999999,24,15.643910833333335,24,,0
CARD,Cardiff Centre,Urban Background,51.48178,-3.17625,2025-12-09 00:00:00+00:00,6.041666666666667,24,14.694250000000002,24,9.408509583333332,24,66.28773083333334,24
CHP,Chepstow A48,Urban Traffic,51.638094,-2.678731,2025-12-09 00:00:00+00:00,7.791666666666667,24,13.889083333333334,24,11.856079583333333,24,,0
NPT3,Newport,Urban Background,51.601203,-2.977281,2025-12-09 00:00:00+00:00,6.171499999999999,24,13.740625,24,,0,,0
PEMB,Narberth,Rural Background,51.782616,-4.69237,2025-12-09 00:00:00+00:00,8.69390909090909,22,14.090909090909092,22,0.8042857142857143,21,75.44275272727272,22
PT4,Port Talbot Margam,Urban Industrial,51.58395,-3.770822,2025-12-09 00:00:00+00:00,8.625,24,27.69775,24,9.484913333333333,24,71.44474958333333,24
SWA1,Swansea Roadside,Urban Traffic,51.632696,-3.947374,2025-12-09 00:00:00+00:00,,0,24.449,23,5.964392608695652,23,,0
WREX,Wrexham,Urban Traffic,53.042282,-3.002829,2025-12-09 00:00:00+00:00,3.1515,24,5.461458333333333,24,8.017792083333333,24,,0
CARD,Cardiff Centre,Urban Background,51.48178,-3.17625,2025-12-10 00:00:00+00:00,10.25,24,26.489958333333334,24,10.302567916666666,24,65.51370333333331,24
CHP,Chepstow A48,Urban Traffic,51.638094,-2.678731,2025-12-10 00:00:00+00:00,11.208333333333334,24,23.591458333333335,24,22.971705416666666,24,,0
NPT3,Newport,Urban Background,51.601203,-2.977281,2025-12-10 00:00:00+00:00,10.555166666666667,24,22.735416666666666,24,,0,,0
PEMB,Narberth,Rural Background,51.782616,-4.69237,2025-12-10 00:00:00+00:00,10.225083333333332,24,18.875,24,1.254755,24,73.87139083333334,24
PT4,Port Talbot Margam,Urban Industrial,51.58395,-3.770822,2025-12-10 00:00:00+00:00,10.0,23,36.67360869565218,23,6.522527826086957,23,73.35147347826087,23
SWA1,Swansea Roadside,Urban Traffic,51.632696,-3.947374,2025-12-10 00:00:00+00:00,,0,31.159916666666664,24,9.607179166666667,24,,0
WREX,Wrexham,Urban Traffic,53.042282,-3.002829,2025-12-10 00:00:00+00:00,7.397875,24,13.538541666666667,24,8.298601666666666,24,,0
CARD,Cardiff Centre,Urban Background,51.48178,-3.17625,2025-12-11 00:00:00+00:00,7.875,24,17.592875,24,18.67444791666667,24,50.04287166666666,24
CHP,Chepstow A48,Urban Traffic,51.638094,-2.678731,2025-12-11 00:00:00+00:00,9.791666666666666,24,17.713583333333332,24,23.99389958333333,24,,0
NPT3,Newport,Urban Background,51.601203,-2.977281,2025-12-11 00:00:00+00:00,6.9448333333333325,24,14.0,24,,0,,0
PEMB,Narberth,Rural Background,51.782616,-4.69237,2025-12-11 00:00:00+00:00,7.579625,24,13.901041666666666,24,2.2432975,24,70.10173500000002,24
PT4,Port Talbot Margam,Urban Industrial,51.58395,-3.770822,2025-12-11 00:00:00+00:00,7.125,24,16.828,24,11.626162916666667,24,60.519212083333336,24
SWA1,Swansea Roadside,Urban Traffic,51.632696,-3.947374,2025-12-11 00:00:00+00:00,,0,21.860333333333333,24,20.193045833333333,24,,0
WREX,Wrexham,Urban Traffic,53.042282,-3.002829,2025-12-11 00:00:00+00:00,5.3970416666666665,24,9.731250000000001,24,15.28598375,24,,0
CARD,Cardiff Centre,Urban Background,51.48178,-3.17625,2025-12-12 00:00:00+00:00,10.541666666666666,24,16.747541666666667,24,29.97734375,24,36.364702916666666,24
CHP,Chepstow A48,Urban Traffic,51.638094,-2.678731,2025-12-12 00:00:00+00:00,8.625,24,13.325541666666666,24,33.32049833333333,24,,0
NPT3,Newport,Urban Background,51.601203,-2.977281,2025-12-12 00:00:00+00:00,7.600333333333334,24,11.971874999999999,24,,0,,0
PEMB,Narberth,Rural Background,51.782616,-4.69237,2025-12-12 00:00:00+00:00,3.8532500000000005,24,9.182291666666666,24,4.216004166666667,24,65.09377583333334,24
PT4,Port Talbot Margam,Urban Industrial,51.58395,-3.770822,2025-12-12 00:00:00+00:00,15.666666666666666,24,21.53825,24,23.76225666666667,24,41.77691958333332,24
SWA1,Swansea Roadside,Urban Traffic,51.632696,-3.947374,2025-12-12 00:00:00+00:00,,0,17.51245833333333,24,35.87085125,24,,0
WREX,Wrexham,Urban Traffic,53.042282,-3.002829,2025-12-12 00:00:00+00:00,4.266791666666667,24,7.203125,24,25.2140175,24,,0
CARD,Cardiff Centre,Urban Background,51.48178,-3.17625,2025-12-13 00:00:00+00:00,11.5,24,15.17725,24,26.907414583333335,24,27.99385083333333,24
CHP,Chepstow A48,Urban Traffic,51.638094,-2.678731,2025-12-13 00:00:00+00:00,8.375,24,12.158,24,28.763267916666667,24,,0
NPT3,Newport,Urban Background,51.601203,-2.977281,2025-12-13 00:00:00+00:00,7.3624583333333335,24,11.302083333333334,24,,0,,0
PEMB,Narberth,Rural Background,51.782616,-4.69237,2025-12-13 00:00:00+00:00,4.1302916666666665,24,8.815624999999999,24,0.9068578260869565,23,73.48749583333334,24
PT4,Port Talbot Margam,Urban Industrial,51.58395,-3.770822,2025-12-13 00:00:00+00:00,4.791666666666667,24,18.357833333333335,24,11.523025833333334,24,58.001800416666676,24
SWA1,Swansea Roadside,Urban Traffic,51.632696,-3.947374,2025-12-13 00:00:00+00:00,,0,17.150000000000002,24,22.06613,24,,0
WREX,Wrexham,Urban Traffic,53.042282,-3.002829,2025-12-13 00:00:00+00:00,3.671375,24,6.59375,24,14.202313333333334,24,,0
CARD,Cardiff Centre,Urban Background,51.48178,-3.17625,2025-12-14 00:00:00+00:00,6.958333333333333,24,13.687791666666667,24,14.002127083333333,24,56.67303041666665,24
CHP,Chepstow A48,Urban Traffic,51.638094,-2.678731,2025-12-14 00:00:00+00:00,7.416666666666667,24,15.8215,24,12.911130833333333,24,,0
NPT3,Newport,Urban Background,51.601203,-2.977281,2025-12-14 00:00:00+00:00,5.511125,24,11.317708333333334,24,,0,,0
PEMB,Narberth,Rural Background,51.782616,-4.69237,2025-12-14 00:00:00+00:00,6.196000000000001,24,10.067708333333334,24,1.4737766666666667,24,74.61007749999997,24
PT4,Port Talbot Margam,Urban Industrial,51.58395,-3.770822,2025-12-14 00:00:00+00:00,7.166666666666667,24,19.404500000000002,24,9.891435,24,64.47341583333333,24
SWA1,Swansea Roadside,Urban Traffic,51.632696,-3.947374,2025-12-14 00:00:00+00:00,,0,16.546208333333333,24,10.906429166666667,24,,0
WREX,Wrexham,Urban Traffic,53.042282,-3.002829,2025-12-14 00:00:00+00:00,3.189791666666667,24,5.614583333333333,24,5.672039166666667,24,,0
CARD,Cardiff Centre,Urban Background,51.48178,-3.17625,2025-12-15 00:00:00+00:00,8.173913043478262,23,11.675041666666667,24,25.44230208333333,24,44.10081416666666,24
CHP,Chepstow A48,Urban Traffic,51.638094,-2.678731,2025-12-15 00:00:00+00:00,8.916666666666666,24,10.54775,24,,9,,0
NPT3,Newport,Urban Background,51.601203,-2.977281,2025-12-15 00:00:00+00:00,6.609708333333334,24,10.655208333333333,24,,0,,0
PEMB,Narberth,Rural Background,51.782616,-4.69237,2025-12-15 00:00:00+00:00,2.228217391304348,23,3.909782608695652,23,2.6015866666666665,24,65.47143458333333,24
PT4,Port Talbot Margam,Urban Industrial,51.58395,-3.770822,2025-12-15 00:00:00+00:00,5.041666666666667,24,8.011375,24,19.692457916666665,24,51.418823333333314,24
SWA1,Swansea Roadside,Urban Traffic,51.632696,-3.947374,2025-12-15 00:00:00+00:00,,0,8.574958333333333,24,27.9511675,24,,0
WREX,Wrexham,Urban Traffic,53.042282,-3.002829,2025-12-15 00:00:00+00:00,3.16625,24,4.809375,24,28.396867916666668,24,,0
CARD,Cardiff Centre,Urban Background,51.48178,-3.17625,2025-12-16 00:00:00+00:00,8.375,24,11.030666666666667,24,30.2074925,24,31.483555416666665,24
CHP,Chepstow A48,Urban Traffic,51.638094,-2.678731,2025-12-16 00:00:00+00:00,8.272727272727273,22,11.594380952380952,21,,0,,0
NPT3,Newport,Urban Background,51.601203,-2.977281,2025-12-16 00:00:00+00:00,7.68875,24,11.429166666666667,24,,0,,0
PEMB,Narberth,Rural Background,51.782616,-4.69237,2025-12-16 00:00:00+00:00,3.515125,24,7.413541666666667,24,3.6880520833333335,24,55.83178708333335,24
PT4,Port Talbot Margam,Urban Industrial,51.58395,-3.770822,2025-12-16 00:00:00+00:00,6.136363636363637,22,8.534791666666667,24,16.087159583333335,24,40.5286575,24
SWA1,Swansea Roadside,Urban Traffic,51.632696,-3.947374,2025-12-16 00:00:00+00:00,,0,14.734499999999999,24,28.875116666666667,24,,0
WREX,Wrexham,Urban Traffic,53.042282,-3.002829,2025-12-16 00:00:00+00:00,6.286416666666667,24,9.761458333333334,24,25.488415217391307,23,,0
CARD,Cardiff Centre,Urban Background,51.48178,-3.17625,2025-12-17 00:00:00+00:00,5.875,24,10.950249999999999,24,16.080174166666666,24,47.78385083333333,24
CHP,Chepstow A48,Urban Traffic,51.638094,-2.678731,2025-12-17 00:00:00+00:00,6.25,24,10.547625,24,,0,,0
NPT3,Newport,Urban Background,51.601203,-2.977281,2025-12-17 00:00:00+00:00,12.071583333333335,24,17.666666666666668,24,,0,,0
PEMB,Narberth,Rural Background,51.782616,-4.69237,2025-12-17 00:00:00+00:00,2.687791666666667,24,4.891666666666667,24,1.3575470833333334,24,75.40281291666669,24
PT4,Port Talbot Margam,Urban Industrial,51.58395,-3.770822,2025-12-17 00:00:00+00:00,5.375,24,11.795708333333332,24,14.458159166666666,24,59.76364500000002,24
SWA1,Swansea Roadside,Urban Traffic,51.632696,-3.947374,2025-12-17 00:00:00+00:00,,0,16.626749999999998,24,12.66268625,24,,0
WREX,Wrexham,Urban Traffic,53.042282,-3.002829,2025-12-17 00:00:00+00:00,2.3251666666666666,24,3.579166666666667,24,11.960337500000001,24,,0
CARD,Cardiff Centre,Urban Background,51.48178,-3.17625,2025-12-18 00:00:00+00:00,6.9523809523809526,21,11.342434782608695,23,23.941955217391307,23,50.07905521739131,23
CHP,Chepstow A48,Urban Traffic,51.638094,-2.678731,2025-12-18 00:00:00+00:00,4.863636363636363,22,10.97959090909091,22,,13,,0
NPT3,Newport,Urban Background,51.601203,-2.977281,2025-12-18 00:00:00+00:00,4.964625,24,9.892708333333333,24,,0,,0
PEMB,Narberth,Rural Background,51.782616,-4.69237,2025-12-18 00:00:00+00:00,6.12625,24,10.973958333333334,24,1.23271625,24,73.70369625,24
PT4,Port Talbot Margam,Urban Industrial,51.58395,-3.770822,2025-12-18 00:00:00+00:00,6.208333333333333,24,17.109791666666666,24,13.2216875,24,68.41598208333333,24
SWA1,Swansea Roadside,Urban Traffic,51.632696,-3.947374,2025-12-18 00:00:00+00:00,,0,15.86175,24,24.593802083333333,24,,0
WREX,Wrexham,Urban Traffic,53.042282,-3.002829,2025-12-18 00:00:00+00:00,5.279083333333333,24,8.592708333333333,24,20.550117916666668,24,,0
CARD,Cardiff Centre,Urban Background,51.48178,-3.17625,2025-12-19 00:00:00+00:00,9.0,24,15.740958333333333,24,13.835792916666668,24,59.471860833333324,24
CHP,Chepstow A48,Urban Traffic,51.638094,-2.678731,2025-12-19 00:00:00+00:00,6.708333333333333,24,17.02925,24,32.71749833333333,24,,0
NPT3,Newport,Urban Background,51.601203,-2.977281,2025-12-19 00:00:00+00:00,6.913333333333333,24,14.161458333333334,24,,0,,0
PEMB,Narberth,Rural Background,51.782616,-4.69237,2025-12-19 00:00:00+00:00,5.2555000000000005,24,10.553125,24,1.4576216666666666,24,70.83972916666667,24
PT4,Port Talbot Margam,Urban Industrial,51.58395,-3.770822,2025-12-19 00:00:00+00:00,6.791666666666667,24,21.377166666666668,24,8.656554583333333,24,72.30882375,24
SWA1,Swansea Roadside,Urban Traffic,51.632696,-3.947374,2025-12-19 00:00:00+00:00,,0,16.385166666666667,24,19.07390375,24,,0
WREX,Wrexham,Urban Traffic,53.042282,-3.002829,2025-12-19 00:00:00+00:00,5.385375,24,9.215625000000001,24,15.073970416666667,24,,0
CARD,Cardiff Centre,Urban Background,51.48178,-3.17625,2025-12-20 00:00:00+00:00,7.708333333333333,24,12.681375000000001,24,14.549900416666667,24,52.787652499999986,24
CHP,Chepstow A48,Urban Traffic,51.638094,-2.678731,2025-12-20 00:00:00+00:00,6.5,24,12.76175,24,24.683427500000004,24,,0
NPT3,Newport,Urban Background,51.601203,-2.977281,2025-12-20 00:00:00+00:00,5.367625,24,8.707291666666666,24,,0,,0
PEMB,Narberth,Rural Background,51.782616,-4.69237,2025-12-20 00:00:00+00:00,5.237916666666667,24,10.280208333333333,24,1.5264158333333333,24,71.71908458333333,24
PT4,Port Talbot Margam,Urban Industrial,51.58395,-3.770822,2025-12-20 00:00:00+00:00,5.291666666666667,24,10.145125,24,4.933477083333334,24,69.2766225,24
SWA1,Swansea Roadside,Urban Traffic,51.632696,-3.947374,2025-12-20 00:00:00+00:00,,0,13.36575,24,17.964727916666664,24,,0
WREX,Wrexham,Urban Traffic,53.042282,-3.002829,2025-12-20 00:00:00+00:00,6.964541666666666,24,9.819791666666667,24,15.8011575,24,,0
CARD,Cardiff Centre,Urban Background,51.48178,-3.17625,2025-12-21 00:00:00+00:00,6.458333333333333,24,6.803666666666667,24,13.947463333333333,24,36.20532416666666,24
CHP,Chepstow A48,Urban Traffic,51.638094,-2.678731,2025-12-21 00:00:00+00:00,6.958333333333333,24,11.151375,24,16.221037499999998,24,,0
NPT3,Newport,Urban Background,51.601203,-2.977281,2025-12-21 00:00:00+00:00,6.385625,24,8.846874999999999,24,,0,,0
PEMB,Narberth,Rural Background,51.782616,-4.69237,2025-12-21 00:00:00+00:00,3.8157083333333333,24,5.964583333333334,24,2.6360604166666666,24,53.81945625,24
PT4,Port Talbot Margam,Urban Industrial,51.58395,-3.770822,2025-12-21 00:00:00+00:00,3.75,24,4.428416666666666,24,5.261021666666667,24,57.79631291666666,24
SWA1,Swansea Roadside,Urban Traffic,51.632696,-3.947374,2025-12-21 00:00:00+00:00,,0,6.803583333333333,24,27.598525416666664,24,,0
WREX,Wrexham,Urban Traffic,53.042282,-3.002829,2025-12-21 00:00:00+00:00,11.323916666666667,24,13.233333333333334,24,20.661100833333332,24,,0
CARD,Cardiff Centre,Urban Background,51.48178,-3.17625,2025-12-22 00:00:00+00:00,7.5,24,10.024333333333333,24,17.017985416666665,24,40.39283083333334,24
CHP,Chepstow A48,Urban Traffic,51.638094,-2.678731,2025-12-22 00:00:00+00:00,10.333333333333334,24,17.472125000000002,24,25.974621666666664,24,,0
NPT3,Newport,Urban Background,51.601203,-2.977281,2025-12-22 00:00:00+00:00,7.93925,24,11.975,24,,0,,0
PEMB,Narberth,Rural Background,51.782616,-4.69237,2025-12-22 00:00:00+00:00,3.36375,24,5.401041666666667,24,4.18995125,24,54.36065041666666,24
PT4,Port Talbot Margam,Urban Industrial,51.58395,-3.770822,2025-12-22 00:00:00+00:00,5.333333333333333,24,6.884166666666666,24,8.485768333333334,24,58.32809208333334,24
SWA1,Swansea Roadside,Urban Traffic,51.632696,-3.947374,2025-12-22 00:00:00+00:00,,0,7.6490833333333335,24,23.367790416666665,24,,0
WREX,Wrexham,Urban Traffic,53.042282,-3.002829,2025-12-22 00:00:00+00:00,18.330458333333333,24,22.62708333333333,24,21.521016250000002,24,,0
CARD,Cardiff Centre,Urban Background,51.48178,-3.17625,2025-12-23 00:00:00+00:00,17.291666666666668,24,18.599291666666666,24,15.694448260869565,23,24.62194958333333,24
CHP,Chepstow A48,Urban Traffic,51.638094,-2.678731,2025-12-23 00:00:00+00:00,16.458333333333332,24,22.705708333333334,24,19.20913583333333,24,,0
NPT3,Newport,Urban Background,51.601203,-2.977281,2025-12-23 00:00:00+00:00,17.158125000000002,24,20.90625,24,,0,,0
PEMB,Narberth,Rural Background,51.782616,-4.69237,2025-12-23 00:00:00+00:00,12.966916666666668,24,14.887500000000001,24,8.113526666666667,24,30.309002500000002,24
PT4,Port Talbot Margam,Urban Industrial,51.58395,-3.770822,2025-12-23 00:00:00+00:00,9.782608695652174,23,12.472772727272728,22,10.451644090909092,22,36.722072272727274,22
SWA1,Swansea Roadside,Urban Traffic,51.632696,-3.947374,2025-12-23 00:00:00+00:00,,0,13.395181818181818,22,21.27217347826087,23,,0
WREX,Wrexham,Urban Traffic,53.042282,-3.002829,2025-12-23 00:00:00+00:00,17.106916666666667,24,21.636458333333334,24,25.908903478260868,23,,0
CARD,Cardiff Centre,Urban Background,51.48178,-3.17625,2025-12-24 00:00:00+00:00,7.333333333333333,24,9.500958333333333,24,7.863898333333334,24,53.70858541666667,24
CHP,Chepstow A48,Urban Traffic,51.638094,-2.678731,2025-12-24 00:00:00+00:00,8.708333333333334,24,14.009958333333332,24,10.867959583333333,24,,0
NPT3,Newport,Urban Background,51.601203,-2.977281,2025-12-24 00:00:00+00:00,6.5605416666666665,24,9.771875,24,,0,,0
PEMB,Narberth,Rural Background,51.782616,-4.69237,2025-12-24 00:00:00+00:00,5.782374999999999,24,7.611458333333334,24,2.946881904761905,21,55.967604583333326,24
PT4,Port Talbot Margam,Urban Industrial,51.58395,-3.770822,2025-12-24 00:00:00+00:00,7.625,24,7.327000000000001,24,6.029913333333333,24,59.30521916666667,24
SWA1,Swansea Roadside,Urban Traffic,51.632696,-3.947374,2025-12-24 00:00:00+00:00,,0,9.138666666666667,24,13.380057083333334,24,,0
WREX,Wrexham,Urban Traffic,53.042282,-3.002829,2025-12-24 00:00:00+00:00,6.6766250000000005,24,12.115625,24,23.039495000000002,24,,0
CARD,Cardiff Centre,Urban Background,51.48178,-3.17625,2025-12-25 00:00:00+00:00,5.208333333333333,24,11.51375,24,3.847265833333333,24,71.32548708333334,24
CHP,Chepstow A48,Urban Traffic,51.638094,-2.678731,2025-12-25 00:00:00+00:00,8.045454545454545,22,15.539666666666667,24,5.056909130434782,23,,0
NPT3,Newport,Urban Background,51.601203,-2.977281,2025-12-25 00:00:00+00:00,4.909791666666666,24,10.522916666666667,24,3.6252421739130436,23,,0
PEMB,Narberth,Rural Background,51.782616,-4.69237,2025-12-25 00:00:00+00:00,3.2055833333333332,24,5.419791666666666,24,,0,67.37081458333334,24
PT4,Port Talbot Margam,Urban Industrial,51.58395,-3.770822,2025-12-25 00:00:00+00:00,5.916666666666667,24,7.3269166666666665,24,1.6568566666666664,24,78.87389208333333,24
SWA1,Swansea Roadside,Urban Traffic,51.632696,-3.947374,2025-12-25 00:00:00+00:00,,0,9.822916666666666,24,4.99017,24,,0
WREX,Wrexham,Urban Traffic,53.042282,-3.002829,2025-12-25 00:00:00+00:00,5.2683333333333335,24,9.75625,24,12.468014583333334,24,,0
CARD,Cardiff Centre,Urban Background,51.48178,-3.17625,2025-12-26 00:00:00+00:00,8.458333333333334,24,14.493,23,8.172825833333333,24,52.81467791666666,24
CHP,Chepstow A48,Urban Traffic,51.638094,-2.678731,2025-12-26 00:00:00+00:00,8.75,24,18.35775,24,9.9889625,24,,0
NPT3,Newport,Urban Background,51.601203,-2.977281,2025-12-26 00:00:00+00:00,8.260708333333334,24,14.367708333333333,24,7.139037916666666,24,,0
PEMB,Narberth,Rural Background,51.782616,-4.69237,2025-12-26 00:00:00+00:00,5.979708333333334,24,9.232291666666667,24,,0,57.64939791666666,24
PT4,Port Talbot Margam,Urban Industrial,51.58395,-3.770822,2025-12-26 00:00:00+00:00,10.166666666666666,24,12.399583333333334,24,12.192475416666667,24,46.38649166666667,24
SWA1,Swansea Roadside,Urban Traffic,51.632696,-3.947374,2025-12-26 00:00:00+00:00,,0,12.560625,24,14.912401666666668,24,,0
WREX,Wrexham,Urban Traffic,53.042282,-3.002829,2025-12-26 00:00:00+00:00,7.440041666666667,24,12.652083333333332,24,30.008321666666664,24,,0
CARD,Cardiff Centre,Urban Background,51.48178,-3.17625,2025-12-27 00:00:00+00:00,6.166666666666667,24,9.063857142857144,21,7.0040175,24,61.51329625,24
CHP,Chepstow A48,Urban Traffic,51.638094,-2.678731,2025-12-27 00:00:00+00:00,5.391304347826087,23,10.829583333333334,24,9.615724583333334,24,,0
NPT3,Newport,Urban Background,51.601203,-2.977281,2025-12-27 00:00:00+00:00,4.314041666666667,24,7.378125,24,6.575717916666666,24,,0
PEMB,Narberth,Rural Background,51.782616,-4.69237,2025-12-27 00:00:00+00:00,3.6734166666666668,24,5.094791666666667,24,,0,62.49867291666667,24
PT4,Port Talbot Margam,Urban Industrial,51.58395,-3.770822,2025-12-27 00:00:00+00:00,5.416666666666667,24,6.4411249999999995,24,8.95965125,24,55.65593958333333,24
SWA1,Swansea Roadside,Urban Traffic,51.632696,-3.947374,2025-12-27 00:00:00+00:00,,0,8.736125,24,12.065552916666666,24,,0
WREX,Wrexham,Urban Traffic,53.042282,-3.002829,2025-12-27 00:00:00+00:00,6.184208333333333,24,8.2125,24,37.96146125,24,,0
CARD,Cardiff Centre,Urban Background,51.48178,-3.17625,2025-12-28 00:00:00+00:00,7.0,21,13.687833333333332,24,5.447841666666666,24,75.3203525,24
CHP,Chepstow A48,Urban Traffic,51.638094,-2.678731,2025-12-28 00:00:00+00:00,6.208333333333333,24,17.794208333333334,24,11.507699583333334,24,,0
NPT3,Newport,Urban Background,51.601203,-2.977281,2025-12-28 00:00:00+00:00,6.756208333333333,24,13.397916666666667,24,6.727560833333334,24,,0
PEMB,Narberth,Rural Background,51.782616,-4.69237,2025-12-28 00:00:00+00:00,5.6437083333333335,24,9.505208333333334,24,,0,68.59525958333334,24
PT4,Port Talbot Margam,Urban Industrial,51.58395,-3.770822,2025-12-28 00:00:00+00:00,5.458333333333333,24,10.668583333333332,24,4.709092083333333,24,76.66060125,24
SWA1,Swansea Roadside,Urban Traffic,51.632696,-3.947374,2025-12-28 00:00:00+00:00,,0,15.01625,24,26.9872075,24,,0
WREX,Wrexham,Urban Traffic,53.042282,-3.002829,2025-12-28 00:00:00+00:00,10.603416666666666,24,18.287499999999998,24,14.938721666666666,24,,0
CARD,Cardiff Centre,Urban Background,51.48178,-3.17625,2025-12-29 00:00:00+00:00,7.708333333333333,24,14.895583333333335,24,9.47499,24,73.41196416666666,24
CHP,Chepstow A48,Urban Traffic,51.638094,-2.678731,2025-12-29 00:00:00+00:00,6.708333333333333,24,19.646041666666665,24,15.256323333333334,24,,0
NPT3,Newport,Urban Background,51.601203,-2.977281,2025-12-29 00:00:00+00:00,5.91,24,11.345833333333333,24,8.344490416666668,24,,0
PEMB,Narberth,Rural Background,51.782616,-4.69237,2025-12-29 00:00:00+00:00,6.437791666666667,24,9.608333333333333,24,,0,71.10928625000001,24
PT4,Port Talbot Margam,Urban Industrial,51.58395,-3.770822,2025-12-29 00:00:00+00:00,6.0,24,9.621708333333332,24,5.8416958333333335,24,77.67552500000001,24
SWA1,Swansea Roadside,Urban Traffic,51.632696,-3.947374,2025-12-29 00:00:00+00:00,,0,19.525291666666668,24,28.92431125,24,,0
WREX,Wrexham,Urban Traffic,53.042282,-3.002829,2025-12-29 00:00:00+00:00,10.012875,24,16.877083333333335,24,28.394301666666667,24,,0
CARD,Cardiff Centre,Urban Background,51.48178,-3.17625,2025-12-30 00:00:00+00:00,8.166666666666666,24,12.761958333333332,24,15.246197826086958,23,59.27229124999999,24
CHP,Chepstow A48,Urban Traffic,51.638094,-2.678731,2025-12-30 00:00:00+00:00,8.043478260869565,23,19.57608695652174,23,18.566363181818183,22,,0
NPT3,Newport,Urban Background,51.601203,-2.977281,2025-12-30 00:00:00+00:00,6.540875,24,11.301041666666668,24,13.110539583333333,24,,0
PEMB,Narberth,Rural Background,51.782616,-4.69237,2025-12-30 00:00:00+00:00,4.502791666666667,24,6.848958333333333,24,,0,66.54343125000001,24
PT4,Port Talbot Margam,Urban Industrial,51.58395,-3.770822,2025-12-30 00:00:00+00:00,5.541666666666667,24,8.092,24,7.87371375,24,73.00364791666668,24
SWA1,Swansea Roadside,Urban Traffic,51.632696,-3.947374,2025-12-30 00:00:00+00:00,,0,15.821458333333332,24,29.246792083333332,24,,0
WREX,Wrexham,Urban Traffic,53.042282,-3.002829,2025-12-30 00:00:00+00:00,9.050708333333333,24,14.880208333333334,24,40.87146958333333,24,,0
CARD,Cardiff Centre,Urban Background,51.48178,-3.17625,2025-12-31 00:00:00+00:00,15.75,24,18.800583333333332,24,37.08925833333333,24,25.467349583333334,24
CHP,Chepstow A48,Urban Traffic,51.638094,-2.678731,2025-12-31 00:00:00+00:00,13.791666666666666,24,17.311041666666664,24,38.88926304347826,23,,0
NPT3,Newport,Urban Background,51.601203,-2.977281,2025-12-31 00:00:00+00:00,11.160708333333332,24,14.71875,24,25.3996125,24,,0
PEMB,Narberth,Rural Background,51.782616,-4.69237,2025-12-31 00:00:00+00:00,3.8158333333333334,24,5.8031250000000005,24,,12,68.61466166666668,24
PT4,Port Talbot Margam,Urban Industrial,51.58395,-3.770822,2025-12-31 00:00:00+00:00,7.75,24,10.426916666666667,24,22.020805416666665,24,40.41916208333334,24
SWA1,Swansea Roadside,Urban Traffic,51.632696,-3.947374,2025-12-31 00:00:00+00:00,,0,16.103333333333335,24,46.93967125,24,,0
WREX,Wrexham,Urban Traffic,53.042282,-3.002829,2025-12-31 00:00:00+00:00,4.590083333333333,24,7.322916666666667,24,11.527110416666666,24,,0
CARD,Cardiff Centre,Urban Background,51.48178,-3.17625,2026-01-01 00:00:00+00:00,9.166666666666666,24,11.232083333333334,24,14.116817916666667,24,58.499650416666675,24
CHP,Chepstow A48,Urban Traffic,51.638094,-2.678731,2026-01-01 00:00:00+00:00,7.166666666666667,24,11.433416666666666,24,21.109382916666664,24,,0
NPT3,Newport,Urban Background,51.601203,-2.977281,2026-01-01 00:00:00+00:00,5.361833333333333,24,9.423958333333333,24,6.179254583333333,24,,0
PEMB,Narberth,Rural Background,51.782616,-4.69237,2026-01-01 00:00:00+00:00,3.8109583333333332,24,7.514583333333333,24,1.4019718181818182,22,69.00548583333334,24
PT4,Port Talbot Margam,Urban Industrial,51.58395,-3.770822,2026-01-01 00:00:00+00:00,6.791666666666667,24,9.7425,24,8.145167083333334,24,68.69165166666666,24
SWA1,Swansea Roadside,Urban Traffic,51.632696,-3.947374,2026-01-01 00:00:00+00:00,,0,9.782791666666666,24,10.681244583333333,24,,0
WREX,Wrexham,Urban Traffic,53.042282,-3.002829,2026-01-01 00:00:00+00:00,3.7775,24,6.78125,24,3.62889875,24,,0
CARD,Cardiff Centre,Urban Background,51.48178,-3.17625,2026-01-02 00:00:00+00:00,6.541666666666667,24,10.54775,24,16.24648125,24,57.06870625000001,24
CHP,Chepstow A48,Urban Traffic,51.638094,-2.678731,2026-01-02 00:00:00+00:00,6.291666666666667,24,16.022875,24,25.40763739130435,23,,0
NPT3,Newport,Urban Background,51.601203,-2.977281,2026-01-02 00:00:00+00:00,4.73275,24,10.926041666666668,24,14.75392125,24,,0
PEMB,Narberth,Rural Background,51.782616,-4.69237,2026-01-02 00:00:00+00:00,4.323875,24,9.467708333333333,24,1.2785145833333333,24,73.41612291666668,24
PT4,Port Talbot Margam,Urban Industrial,51.58395,-3.770822,2026-01-02 00:00:00+00:00,4.916666666666667,24,10.628208333333333,24,15.755667083333334,24,59.876440416666675,24
SWA1,Swansea Roadside,Urban Traffic,51.632696,-3.947374,2026-01-02 00:00:00+00:00,,0,10.507375,24,15.122074166666666,24,,0
WREX,Wrexham,Urban Traffic,53.042282,-3.002829,2026-01-02 00:00:00+00:00,3.2931666666666666,24,6.8656250000000005,24,8.288831666666667,24,,0
CARD,Cardiff Centre,Urban Background,51.48178,-3.17625,2026-01-03 00:00:00+00:00,7.041666666666667,24,8.413958333333333,24,19.10628125,24,52.935249999999996,24
CHP,Chepstow A48,Urban Traffic,51.638094,-2.678731,2026-01-03 00:00:00+00:00,5.958333333333333,24,15.459208333333335,24,18.956795416666665,24,,0
NPT3,Newport,Urban Background,51.601203,-2.977281,2026-01-03 00:00:00+00:00,4.609875,24,11.695833333333333,24,15.520890416666667,24,,0
PEMB,Narberth,Rural Background,51.782616,-4.69237,2026-01-03 00:00:00+00:00,3.0208333333333335,24,6.007291666666667,24,1.1996170833333333,24,72.27413875,24
PT4,Port Talbot Margam,Urban Industrial,51.58395,-3.770822,2026-01-03 00:00:00+00:00,7.625,24,9.78275,24,12.636973750000001,24,61.638487500000004,24
SWA1,Swansea Roadside,Urban Traffic,51.632696,-3.947374,2026-01-03 00:00:00+00:00,,0,7.89075,24,15.977323750000002,24,,0
WREX,Wrexham,Urban Traffic,53.042282,-3.002829,2026-01-03 00:00:00+00:00,3.807916666666667,24,7.3812500000000005,24,15.618058750000001,24,,0
CARD,Cardiff Centre,Urban Background,51.48178,-3.17625,2026-01-04 00:00:00+00:00,7.666666666666667,24,9.017916666666666,24,24.966842083333333,24,38.63550625,24
CHP,Chepstow A48,Urban Traffic,51.638094,-2.678731,2026-01-04 00:00:00+00:00,10.25,24,11.352875,24,34.56935,24,,0
NPT3,Newport,Urban Background,51.601203,-2.977281,2026-01-04 00:00:00+00:00,5.599541666666667,24,9.088541666666666,24,21.529738749999996,24,,0
PEMB,Narberth,Rural Background,51.782616,-4.69237,2026-01-04 00:00:00+00:00,2.5658333333333334,24,5.29375,24,1.5355754166666669,24,64.01692916666669,24
PT4,Port Talbot Margam,Urban Industrial,51.58395,-3.770822,2026-01-04 00:00:00+00:00,4.625,24,5.998375,24,14.26892,24,49.36616833333333,24
SWA1,Swansea Roadside,Urban Traffic,51.632696,-3.947374,2026-01-04 00:00:00+00:00,,0,7.810041666666667,24,24.80043541666667,24,,0
WREX,Wrexham,Urban Traffic,53.042282,-3.002829,2026-01-04 00:00:00+00:00,1.945875,24,3.561458333333333,24,6.994122916666666,24,,0
CARD,Cardiff Centre,Urban Background,51.48178,-3.17625,2026-01-05 00:00:00+00:00,8.458333333333334,24,8.695791666666667,24,30.512532500000002,24,34.275455,24
CHP,Chepstow A48,Urban Traffic,51.638094,-2.678731,2026-01-05 00:00:00+00:00,8.458333333333334,24,10.588,24,40.38986041666667,24,,0
NPT3,Newport,Urban Background,51.601203,-2.977281,2026-01-05 00:00:00+00:00,7.853791666666666,24,14.869791666666666,24,41.185210833333336,24,,0
PEMB,Narberth,Rural Background,51.782616,-4.69237,2026-01-05 00:00:00+00:00,2.1020833333333333,24,3.4656249999999997,24,1.5822975,24,66.65360958333332,24
PT4,Port Talbot Margam,Urban Industrial,51.58395,-3.770822,2026-01-05 00:00:00+00:00,5.416666666666667,24,4.871333333333333,24,15.234682916666666,24,47.66571625000001,24
SWA1,Swansea Roadside,Urban Traffic,51.632696,-3.947374,2026-01-05 00:00:00+00:00,,0,6.441375000000001,24,27.398017499999998,24,,0
WREX,Wrexham,Urban Traffic,53.042282,-3.002829,2026-01-05 00:00:00+00:00,3.8020416666666663,24,6.7124999999999995,24,24.90046375,24,,0
CARD,Cardiff Centre,Urban Background,51.48178,-3.17625,2026-01-06 00:00:00+00:00,8.333333333333334,24,9.017875,24,22.91174666666667,24,47.25997958333334,24
CHP,Chepstow A48,Urban Traffic,51.638094,-2.678731,2026-01-06 00:00:00+00:00,6.833333333333333,24,11.795583333333333,24,33.93930708333333,24,,0
NPT3,Newport,Urban Background,51.601203,-2.977281,2026-01-06 00:00:00+00:00,5.067833333333334,24,8.778125000000001,24,30.32632,24,,0
PEMB,Narberth,Rural Background,51.782616,-4.69237,2026-01-06 00:00:00+00:00,2.796791666666667,24,5.816666666666666,24,1.8633391666666668,24,73.31425833333334,24
PT4,Port Talbot Margam,Urban Industrial,51.58395,-3.770822,2026-01-06 00:00:00+00:00,4.416666666666667,24,8.856708333333334,24,16.089757826086956,23,53.978915,24
SWA1,Swansea Roadside,Urban Traffic,51.632696,-3.947374,2026-01-06 00:00:00+00:00,,0,11.191875000000001,24,27.2887325,24,,0
WREX,Wrexham,Urban Traffic,53.042282,-3.002829,2026-01-06 00:00:00+00:00,2.8193750000000004,24,5.078125,24,21.825642916666666,24,,0
CARD,Cardiff Centre,Urban Background,51.48178,-3.17625,2026-01-07 00:00:00+00:00,9.791666666666666,24,14.492916666666666,24,28.09790666666667,24,43.60743333333334,24
CHP,Chepstow A48,Urban Traffic,51.638094,-2.678731,2026-01-07 00:00:00+00:00,8.708333333333334,24,15.056541666666668,24,45.12218041666667,24,,0
NPT3,Newport,Urban Background,51.601203,-2.977281,2026-01-07 00:00:00+00:00,7.670000000000001,24,14.271875,24,25.402808333333336,24,,0
PEMB,Narberth,Rural Background,51.782616,-4.69237,2026-01-07 00:00:00+00:00,4.0566249999999995,24,8.638541666666667,24,2.2362491666666666,24,67.47129166666666,24
PT4,Port Talbot Margam,Urban Industrial,51.58395,-3.770822,2026-01-07 00:00:00+00:00,6.739130434782608,23,11.594434782608698,23,18.003290434782606,23,54.44178782608697,23
SWA1,Swansea Roadside,Urban Traffic,51.632696,-3.947374,2026-01-07 00:00:00+00:00,,10,12.476478260869566,23,,11,,0
WREX,Wrexham,Urban Traffic,53.042282,-3.002829,2026-01-07 00:00:00+00:00,5.8814166666666665,24,10.6,24,12.539904166666666,24,,0
CARD,Cardiff Centre,Urban Background,51.48178,-3.17625,2026-01-08 00:00:00+00:00,7.791666666666667,24,9.984166666666667,24,27.726984583333333,24,39.64167125,24
CHP,Chepstow A48,Urban Traffic,51.638094,-2.678731,2026-01-08 00:00:00+00:00,8.625,24,13.190826086956521,23,34.541667499999996,24,,0
NPT3,Newport,Urban Background,51.601203,-2.977281,2026-01-08 00:00:00+00:00,6.332583333333333,24,10.346874999999999,24,24.599140416666668,24,,0
PEMB,Narberth,Rural Background,51.782616,-4.69237,2026-01-08 00:00:00+00:00,4.362333333333333,24,8.831249999999999,24,4.187412083333333,24,66.95227083333332,24
PT4,Port Talbot Margam,Urban Industrial,51.58395,-3.770822,2026-01-08 00:00:00+00:00,5.416666666666667,24,8.897083333333333,24,19.796904583333333,24,49.33957375000001,24
SWA1,Swansea Roadside,Urban Traffic,51.632696,-3.947374,2026-01-08 00:00:00+00:00,3.0,24,11.956625,24,34.41026304347826,23,,0
WREX,Wrexham,Urban Traffic,53.042282,-3.002829,2026-01-08 00:00:00+00:00,7.442041666666667,24,8.805208333333333,24,24.761669166666668,24,,0
CARD,Cardiff Centre,Urban Background,51.48178,-3.17625,2026-01-09 00:00:00+00:00,3.875,24,4.267333333333333,24,10.692272916666667,24,59.46216041666667,24
CHP,Chepstow A48,Urban Traffic,51.638094,-2.678731,2026-01-09 00:00:00+00:00,5.458333333333333,24,6.884250000000001,24,23.271499583333334,24,,0
NPT3,Newport,Urban Background,51.601203,-2.977281,2026-01-09 00:00:00+00:00,1.7827083333333331,24,3.290625,24,15.09217125,24,,0
PEMB,Narberth,Rural Background,51.782616,-4.69237,2026-01-09 00:00:00+00:00,2.7279999999999998,24,5.4156249999999995,24,1.8408083333333334,24,66.58916499999998,24
PT4,Port Talbot Margam,Urban Industrial,51.58395,-3.770822,2026-01-09 00:00:00+00:00,6.0,24,4.629666666666666,24,17.606659166666667,24,54.91865791666667,24
SWA1,Swansea Roadside,Urban Traffic,51.632696,-3.947374,2026-01-09 00:00:00+00:00,3.8333333333333335,24,4.186791666666667,24,15.665861666666666,24,,0
WREX,Wrexham,Urban Traffic,53.042282,-3.002829,2026-01-09 00:00:00+00:00,4.1194999999999995,24,6.323958333333334,24,17.911833333333334,24,,0
CARD,Cardiff Centre,Urban Background,51.48178,-3.17625,2026-01-10 00:00:00+00:00,12.666666666666666,24,12.842458333333333,24,34.13569833333333,24,21.561182916666667,24
CHP,Chepstow A48,Urban Traffic,51.638094,-2.678731,2026-01-10 00:00:00+00:00,13.833333333333334,24,17.150041666666667,24,36.40604583333333,24,,0
NPT3,Newport,Urban Background,51.601203,-2.977281,2026-01-10 00:00:00+00:00,9.93525,24,11.889583333333334,24,37.11203166666667,24,,0
PEMB,Narberth,Rural Background,51.782616,-4.69237,2026-01-10 00:00:00+00:00,3.0699583333333336,24,6.7875000000000005,24,2.19848375,24,61.42390583333333,24
PT4,Port Talbot Margam,Urban Industrial,51.58395,-3.770822,2026-01-10 00:00:00+00:00,6.458333333333333,24,11.433375,24,21.79550958333333,24,30.298387500000004,24
SWA1,Swansea Roadside,Urban Traffic,51.632696,-3.947374,2026-01-10 00:00:00+00:00,12.208333333333334,24,14.492958333333334,24,45.044563333333336,24,,0
WREX,Wrexham,Urban Traffic,53.042282,-3.002829,2026-01-10 00:00:00+00:00,9.207041666666667,24,12.495833333333332,24,28.704642916666668,24,,0
CARD,Cardiff Centre,Urban Background,51.48178,-3.17625,2026-01-11 00:00:00+00:00,6.541666666666667,24,,7,10.979191666666667,24,60.720560000000006,24
CHP,Chepstow A48,Urban Traffic,51.638094,-2.678731,2026-01-11 00:00:00+00:00,6.125,24,10.869625,24,16.97600375,24,,0
NPT3,Newport,Urban Background,51.601203,-2.977281,2026-01-11 00:00:00+00:00,12.718208333333335,24,18.801041666666666,24,12.250216666666667,24,,0
PEMB,Narberth,Rural Background,51.782616,-4.69237,2026-01-11 00:00:00+00:00,5.244791666666667,24,8.870833333333334,24,1.8114999999999999,24,73.29416208333335,24
PT4,Port Talbot Margam,Urban Industrial,51.58395,-3.770822,2026-01-11 00:00:00+00:00,5.333333333333333,24,12.842416666666667,24,5.72812125,24,68.66077166666666,24
SWA1,Swansea Roadside,Urban Traffic,51.632696,-3.947374,2026-01-11 00:00:00+00:00,8.291666666666666,24,15.982624999999999,24,14.892205833333334,24,,0
WREX,Wrexham,Urban Traffic,53.042282,-3.002829,2026-01-11 00:00:00+00:00,4.913666666666667,24,6.594791666666667,24,8.596245833333333,24,,0
CARD,Cardiff Centre,Urban Background,51.48178,-3.17625,2026-01-12 00:00:00+00:00,10.5,24,,0,12.998153913043478,23,64.14027458333335,24
CHP,Chepstow A48,Urban Traffic,51.638094,-2.678731,2026-01-12 00:00:00+00:00,7.083333333333333,24,17.9955,24,23.58368043478261,23,,0
NPT3,Newport,Urban Background,51.601203,-2.977281,2026-01-12 00:00:00+00:00,9.581375,24,18.271875,24,10.621459166666666,24,,0
PEMB,Narberth,Rural Background,51.782616,-4.69237,2026-01-12 00:00:00+00:00,11.793416666666666,24,19.385416666666668,24,0.9117233333333333,24,76.32974217391306,23
PT4,Port Talbot Margam,Urban Industrial,51.58395,-3.770822,2026-01-12 00:00:00+00:00,11.458333333333334,24,39.251958333333334,24,10.50274125,24,70.40620958333332,24
SWA1,Swansea Roadside,Urban Traffic,51.632696,-3.947374,2026-01-12 00:00:00+00:00,12.875,24,31.160041666666668,24,7.04848875,24,,0
WREX,Wrexham,Urban Traffic,53.042282,-3.002829,2026-01-12 00:00:00+00:00,6.2764999999999995,24,10.416666666666666,24,24.255497083333335,24,,0
CARD,Cardiff Centre,Urban Background,51.48178,-3.17625,2026-01-13 00:00:00+00:00,5.791666666666667,24,,16,27.772592916666667,24,38.58492041666667,24
CHP,Chepstow A48,Urban Traffic,51.638094,-2.678731,2026-01-13 00:00:00+00:00,6.130434782608695,23,10.25,23,29.914631304347825,23,,0
NPT3,Newport,Urban Background,51.601203,-2.977281,2026-01-13 00:00:00+00:00,4.706125,24,9.026041666666666,24,21.245359583333336,24,,0
PEMB,Narberth,Rural Background,51.782616,-4.69237,2026-01-13 00:00:00+00:00,4.598041666666666,24,8.553125,24,1.8810779166666667,24,67.46159083333333,24
PT4,Port Talbot Margam,Urban Industrial,51.58395,-3.770822,2026-01-13 00:00:00+00:00,5.291666666666667,24,11.9165,24,15.075259583333334,24,53.83258166666668,24
SWA1,Swansea Roadside,Urban Traffic,51.632696,-3.947374,2026-01-13 00:00:00+00:00,6.333333333333333,24,11.392958333333333,24,23.215189999999996,24,,0
WREX,Wrexham,Urban Traffic,53.042282,-3.002829,2026-01-13 00:00:00+00:00,4.5804583333333335,24,8.089583333333334,24,18.61694208333333,24,,0
CARD,Cardiff Centre,Urban Background,51.48178,-3.17625,2026-01-14 00:00:00+00:00,10.291666666666666,24,13.526833333333334,24,34.013529166666665,24,16.299603333333334,24
CHP,Chepstow A48,Urban Traffic,51.638094,-2.678731,2026-01-14 00:00:00+00:00,10.083333333333334,24,15.016458333333333,24,39.741710000000005,24,,0
NPT3,Newport,Urban Background,51.601203,-2.977281,2026-01-14 00:00:00+00:00,9.566625,24,13.898958333333333,24,38.748121250000004,24,,0
PEMB,Narberth,Rural Background,51.782616,-4.69237,2026-01-14 00:00:00+00:00,4.387833333333334,24,9.132291666666667,24,2.716455416666667,24,62.28039291666668,24
PT4,Port Talbot Margam,Urban Industrial,51.58395,-3.770822,2026-01-14 00:00:00+00:00,6.416666666666667,24,9.742458333333333,24,21.775411666666667,24,32.515923750000006,24
SWA1,Swansea Roadside,Urban Traffic,51.632696,-3.947374,2026-01-14 00:00:00+00:00,8.333333333333334,24,11.755375,24,35.994857083333336,24,,0
WREX,Wrexham,Urban Traffic,53.042282,-3.002829,2026-01-14 00:00:00+00:00,6.056458333333333,24,9.334375,24,30.688976666666665,24,,0
CARD,Cardiff Centre,Urban Background,51.48178,-3.17625,2026-01-15 00:00:00+00:00,9.458333333333334,24,10.869791666666666,24,45.15300166666666,24,23.096765000000005,24
CHP,Chepstow A48,Urban Traffic,51.638094,-2.678731,2026-01-15 00:00:00+00:00,6.875,24,9.863291666666667,24,36.72349333333333,24,,0
NPT3,Newport,Urban Background,51.601203,-2.977281,2026-01-15 00:00:00+00:00,6.5575,24,10.610416666666667,24,35.19180791666667,24,,0
PEMB,Narberth,Rural Background,51.782616,-4.69237,2026-01-15 00:00:00+00:00,7.048041666666666,24,12.790625,24,3.7544754166666667,24,63.211026249999996,24
PT4,Port Talbot Margam,Urban Industrial,51.58395,-3.770822,2026-01-15 00:00:00+00:00,8.5,24,17.995416666666667,24,31.21323166666667,24,38.67334750000001,24
SWA1,Swansea Roadside,Urban Traffic,51.632696,-3.947374,2026-01-15 00:00:00+00:00,9.666666666666666,24,19.807166666666667,24,44.132463333333334,24,,0
WREX,Wrexham,Urban Traffic,53.042282,-3.002829,2026-01-15 00:00:00+00:00,10.795,24,14.232291666666667,24,38.9643225,24,,0
CARD,Cardiff Centre,Urban Background,51.48178,-3.17625,2026-01-16 00:00:00+00:00,6.375,24,8.69575,24,23.12076958333333,24,49.395654166666674,24
CHP,Chepstow A48,Urban Traffic,51.638094,-2.678731,2026-01-16 00:00:00+00:00,7.208333333333333,24,13.607333333333335,24,42.16945625,24,,0
NPT3,Newport,Urban Background,51.601203,-2.977281,2026-01-16 00:00:00+00:00,6.250083333333333,24,10.013541666666667,24,22.282308333333333,24,,0
PEMB,Narberth,Rural Background,51.782616,-4.69237,2026-01-16 00:00:00+00:00,3.543625,24,7.929166666666667,24,1.3349866666666665,24,75.27461708333335,24
PT4,Port Talbot Margam,Urban Industrial,51.58395,-3.770822,2026-01-16 00:00:00+00:00,3.8333333333333335,24,9.299666666666667,24,11.872692083333334,24,67.56453625000002,24
SWA1,Swansea Roadside,Urban Traffic,51.632696,-3.947374,2026-01-16 00:00:00+00:00,6.541666666666667,24,12.319,24,34.17413916666667,24,,0
WREX,Wrexham,Urban Traffic,53.042282,-3.002829,2026-01-16 00:00:00+00:00,5.614166666666667,24,7.8062499999999995,24,21.219096666666665,24,,0
CARD,Cardiff Centre,Urban Background,51.48178,-3.17625,2026-01-17 00:00:00+00:00,6.041666666666667,24,11.835916666666668,24,20.721149999999998,24,49.199549999999995,24
CHP,Chepstow A48,Urban Traffic,51.638094,-2.678731,2026-01-17 00:00:00+00:00,8.208333333333334,24,12.560625,24,33.73655458333334,24,,0
NPT3,Newport,Urban Background,51.601203,-2.977281,2026-01-17 00:00:00+00:00,5.7684999999999995,24,8.827083333333333,24,32.524165833333335,24,,0
PEMB,Narberth,Rural Background,51.782616,-4.69237,2026-01-17 00:00:00+00:00,4.457541666666667,24,9.268749999999999,24,2.8027154166666666,24,67.19362956521739,23
PT4,Port Talbot Margam,Urban Industrial,51.58395,-3.770822,2026-01-17 00:00:00+00:00,3.9166666666666665,24,10.708708333333334,24,5.979598333333333,24,70.70836916666666,24
SWA1,Swansea Roadside,Urban Traffic,51.632696,-3.947374,2026-01-17 00:00:00+00:00,5.875,24,12.681416666666665,24,34.5392825,24,,0
WREX,Wrexham,Urban Traffic,53.042282,-3.002829,2026-01-17 00:00:00+00:00,8.081708333333333,24,10.338541666666666,24,26.35072375,24,,0
CARD,Cardiff Centre,Urban Background,51.48178,-3.17625,2026-01-18 00:00:00+00:00,13.583333333333334,24,13.889041666666666,24,22.843586666666667,24,20.201614166666666,24
CHP,Chepstow A48,Urban Traffic,51.638094,-2.678731,2026-01-18 00:00:00+00:00,14.333333333333334,24,15.902125,24,22.147840000000002,23,,0
NPT3,Newport,Urban Background,51.601203,-2.977281,2026-01-18 00:00:00+00:00,11.302125000000002,24,14.332291666666668,24,19.788363333333333,24,,0
PEMB,Narberth,Rural Background,51.782616,-4.69237,2026-01-18 00:00:00+00:00,8.342166666666666,24,10.344791666666667,24,5.377235833333334,24,49.27785333333333,24
PT4,Port Talbot Margam,Urban Industrial,51.58395,-3.770822,2026-01-18 00:00:00+00:00,9.791666666666666,24,10.024291666666667,24,22.506013749999997,24,20.03555083333334,24
SWA1,Swansea Roadside,Urban Traffic,51.632696,-3.947374,2026-01-18 00:00:00+00:00,10.291666666666666,24,10.346333333333334,24,31.52037833333333,24,,0
WREX,Wrexham,Urban Traffic,53.042282,-3.002829,2026-01-18 00:00:00+00:00,13.413958333333333,24,15.210416666666667,24,22.559037500000002,24,,0
CARD,Cardiff Centre,Urban Background,51.48178,-3.17625,2026-01-19 00:00:00+00:00,7.666666666666667,24,9.5815,24,23.951521666666668,24,18.551695,24
CHP,Chepstow A48,Urban Traffic,51.638094,-2.678731,2026-01-19 00:00:00+00:00,,10,,10,30.802268095238095,21,,0
NPT3,Newport,Urban Background,51.601203,-2.977281,2026-01-19 00:00:00+00:00,7.376681818181819,22,9.721954545454546,22,22.656886363636364,22,,0
PEMB,Narberth,Rural Background,51.782616,-4.69237,2026-01-19 00:00:00+00:00,5.117,24,6.529166666666666,24,5.800170416666667,24,49.53493875,24
PT4,Port Talbot Margam,Urban Industrial,51.58395,-3.770822,2026-01-19 00:00:00+00:00,9.083333333333334,24,8.53475,24,18.109909583333334,24,30.03476666666667,24
SWA1,Swansea Roadside,Urban Traffic,51.632696,-3.947374,2026-01-19 00:00:00+00:00,9.416666666666666,24,13.848791666666665,24,34.2345025,24,,0
WREX,Wrexham,Urban Traffic,53.042282,-3.002829,2026-01-19 00:00:00+00:00,9.02125,24,11.035416666666668,24,28.885241249999996,24,,0
CARD,Cardiff Centre,Urban Background,51.48178,-3.17625,2026-01-20 00:00:00+00:00,5.0,24,10.426916666666667,24,17.596234166666665,24,61.43083416666667,24
CHP,Chepstow A48,Urban Traffic,51.638094,-2.678731,2026-01-20 00:00:00+00:00,,0,,0,19.25063875,24,,0
NPT3,Newport,Urban Background,51.601203,-2.977281,2026-01-20 00:00:00+00:00,3.8129166666666667,24,7.192708333333333,24,8.557900416666667,24,,0
PEMB,Narberth,Rural Background,51.782616,-4.69237,2026-01-20 00:00:00+00:00,3.7470416666666666,24,7.2562500000000005,24,1.8846666666666667,24,78.75461875,24
PT4,Port Talbot Margam,Urban Industrial,51.58395,-3.770822,2026-01-20 00:00:00+00:00,3.5,24,6.360916666666667,24,8.619322083333333,24,74.09359875,24
SWA1,Swansea Roadside,Urban Traffic,51.632696,-3.947374,2026-01-20 00:00:00+00:00,4.625,24,9.70225,24,27.890343333333334,24,,0
WREX,Wrexham,Urban Traffic,53.042282,-3.002829,2026-01-20 00:00:00+00:00,4.322,24,5.9156249999999995,24,11.761372916666666,24,,0
CARD,Cardiff Centre,Urban Background,51.48178,-3.17625,2026-01-21 00:00:00+00:00,3.9166666666666665,24,9.380208333333334,24,12.44046125,24,62.901970416666664,24
CHP,Chepstow A48,Urban Traffic,51.638094,-2.678731,2026-01-21 00:00:00+00:00,,0,,0,18.344032083333335,24,,0
NPT3,Newport,Urban Background,51.601203,-2.977281,2026-01-21 00:00:00+00:00,3.004125,24,5.891666666666667,24,11.499853333333334,24,,0
PEMB,Narberth,Rural Background,51.782616,-4.69237,2026-01-21 00:00:00+00:00,4.598166666666667,24,8.684375000000001,24,2.50998375,24,78.20095166666668,24
PT4,Port Talbot Margam,Urban Industrial,51.58395,-3.770822,2026-01-21 00:00:00+00:00,4.521739130434782,23,6.469434782608696,23,4.843934782608696,23,75.66112608695651,23
SWA1,Swansea Roadside,Urban Traffic,51.632696,-3.947374,2026-01-21 00:00:00+00:00,5.875,24,9.058083333333334,24,21.742385416666668,24,,0
WREX,Wrexham,Urban Traffic,53.042282,-3.002829,2026-01-21 00:00:00+00:00,2.7957916666666667,24,3.884375,24,12.444500833333334,24,,0
CARD,Cardiff Centre,Urban Background,51.48178,-3.17625,2026-01-22 00:00:00+00:00,5.958333333333333,24,9.621666666666666,24,20.49200347826087,23,52.814466521739135,23
CHP,Chepstow A48,Urban Traffic,51.638094,-2.678731,2026-01-22 00:00:00+00:00,,0,,0,28.115490833333336,24,,0
NPT3,Newport,Urban Background,51.601203,-2.977281,2026-01-22 00:00:00+00:00,4.508666666666667,24,7.641666666666667,24,17.947224583333334,24,,0
PEMB,Narberth,Rural Background,51.782616,-4.69237,2026-01-22 00:00:00+00:00,3.85425,24,6.6499999999999995,24,3.793468333333333,24,65.66546041666668,24
PT4,Port Talbot Margam,Urban Industrial,51.58395,-3.770822,2026-01-22 00:00:00+00:00,4.666666666666667,24,8.011416666666667,24,11.473420833333334,24,65.31543958333333,24
SWA1,Swansea Roadside,Urban Traffic,51.632696,-3.947374,2026-01-22 00:00:00+00:00,7.478260869565218,23,10.964260869565218,23,32.55563347826087,23,,0
WREX,Wrexham,Urban Traffic,53.042282,-3.002829,2026-01-22 00:00:00+00:00,7.572791666666667,24,9.255208333333334,24,15.358250416666666,24,,0
CARD,Cardiff Centre,Urban Background,51.48178,-3.17625,2026-01-23 00:00:00+00:00,6.916666666666667,24,13.647541666666667,24,8.874007083333334,24,72.03992041666667,24
CHP,Chepstow A48,Urban Traffic,51.638094,-2.678731,2026-01-23 00:00:00+00:00,,14,,14,12.692749583333333,24,,0
NPT3,Newport,Urban Background,51.601203,-2.977281,2026-01-23 00:00:00+00:00,5.284,24,11.040625,24,9.511541666666668,24,,0
PEMB,Narberth,Rural Background,51.782616,-4.69237,2026-01-23 00:00:00+00:00,4.050708333333334,24,6.738541666666666,24,2.0159445833333334,24,77.68123666666669,24
PT4,Port Talbot Margam,Urban Industrial,51.58395,-3.770822,2026-01-23 00:00:00+00:00,5.208333333333333,24,10.587916666666667,24,4.396718333333333,24,81.32688833333333,24
SWA1,Swansea Roadside,Urban Traffic,51.632696,-3.947374,2026-01-23 00:00:00+00:00,6.416666666666667,24,11.352958333333333,24,14.151169583333333,24,,0
WREX,Wrexham,Urban Traffic,53.042282,-3.002829,2026-01-23 00:00:00+00:00,4.624666666666667,24,6.878125,24,12.618015833333333,24,,0
CARD,Cardiff Centre,Urban Background,51.48178,-3.17625,2026-01-24 00:00:00+00:00,6.5,24,10.869666666666667,24,10.152675,24,70.36228458333333,24
CHP,Chepstow A48,Urban Traffic,51.638094,-2.678731,2026-01-24 00:00:00+00:00,5.791666666666667,24,12.27875,24,11.284314166666666,24,,0
NPT3,Newport,Urban Background,51.601203,-2.977281,2026-01-24 00:00:00+00:00,4.52925,24,8.680208333333333,24,4.031210833333334,24,,0
PEMB,Narberth,Rural Background,51.782616,-4.69237,2026-01-24 00:00:00+00:00,4.8112916666666665,24,7.805208333333333,24,1.1083675,24,76.16090333333332,24
PT4,Port Talbot Margam,Urban Industrial,51.58395,-3.770822,2026-01-24 00:00:00+00:00,4.833333333333333,24,10.064583333333333,24,5.006921666666667,24,78.30317958333332,24
SWA1,Swansea Roadside,Urban Traffic,51.632696,-3.947374,2026-01-24 00:00:00+00:00,6.916666666666667,24,10.950249999999999,24,10.065609583333334,24,,0
WREX,Wrexham,Urban Traffic,53.042282,-3.002829,2026-01-24 00:00:00+00:00,4.2601249999999995,24,7.128125,24,8.26056,24,,0
CARD,Cardiff Centre,Urban Background,51.48178,-3.17625,2026-01-25 00:00:00+00:00,7.083333333333333,24,13.003458333333333,24,10.3658925,24,59.25773999999999,24
CHP,Chepstow A48,Urban Traffic,51.638094,-2.678731,2026-01-25 00:00:00+00:00,6.541666666666667,24,15.177458333333334,24,13.860023750000002,24,,0
NPT3,Newport,Urban Background,51.601203,-2.977281,2026-01-25 00:00:00+00:00,7.206291666666666,24,12.683333333333332,24,13.9918975,24,,0
PEMB,Narberth,Rural Background,51.782616,-4.69237,2026-01-25 00:00:00+00:00,6.048583333333333,24,11.415625,24,2.516304583333333,24,67.38467250000001,24
PT4,Port Talbot Margam,Urban Industrial,51.58395,-3.770822,2026-01-25 00:00:00+00:00,5.416666666666667,24,13.164458333333334,24,6.061509166666667,24,69.46190958333331,24
SWA1,Swansea Roadside,Urban Traffic,51.632696,-3.947374,2026-01-25 00:00:00+00:00,7.25,24,15.217625,24,17.85635375,24,,0
WREX,Wrexham,Urban Traffic,53.042282,-3.002829,2026-01-25 00:00:00+00:00,8.129958333333333,24,9.834375,24,10.7608875,24,,0
CARD,Cardiff Centre,Urban Background,51.48178,-3.17625,2026-01-26 00:00:00+00:00,10.666666666666666,24,13.647625,24,16.554891666666666,24,44.45976249999999,24
CHP,Chepstow A48,Urban Traffic,51.638094,-2.678731,2026-01-26 00:00:00+00:00,15.958333333333334,24,25.926333333333332,24,18.71885875,24,,0
NPT3,Newport,Urban Background,51.601203,-2.977281,2026-01-26 00:00:00+00:00,15.101260869565218,23,18.150739130434783,23,,12,,0
PEMB,Narberth,Rural Background,51.782616,-4.69237,2026-01-26 00:00:00+00:00,8.819416666666667,24,12.700333333333333,24,4.822747619047619,21,57.051679047619054,21
PT4,Port Talbot Margam,Urban Industrial,51.58395,-3.770822,2026-01-26 00:00:00+00:00,,6,10.628166666666667,24,6.933232916666667,24,60.18728999999999,24
SWA1,Swansea Roadside,Urban Traffic,51.632696,-3.947374,2026-01-26 00:00:00+00:00,8.625,24,12.278791666666669,24,16.273633333333333,24,,0
WREX,Wrexham,Urban Traffic,53.042282,-3.002829,2026-01-26 00:00:00+00:00,25.761791666666667,24,30.019791666666666,24,19.387974583333335,24,,0
CARD,Cardiff Centre,Urban Background,51.48178,-3.17625,2026-01-27 00:00:00+00:00,7.083333333333333,24,10.104750000000001,24,12.791074583333334,24,72.67397041666665,24
CHP,Chepstow A48,Urban Traffic,51.638094,-2.678731,2026-01-27 00:00:00+00:00,4.75,24,13.36575,24,18.4735425,24,,0
NPT3,Newport,Urban Background,51.601203,-2.977281,2026-01-27 00:00:00+00:00,4.687583333333333,24,9.929166666666667,24,,0,,0
PEMB,Narberth,Rural Background,51.782616,-4.69237,2026-01-27 00:00:00+00:00,6.204833333333333,24,11.731250000000001,24,2.603873333333333,24,82.72038000000002,24
PT4,Port Talbot Margam,Urban Industrial,51.58395,-3.770822,2026-01-27 00:00:00+00:00,,0,13.084000000000001,24,9.198306666666667,24,81.58668916666666,24
SWA1,Swansea Roadside,Urban Traffic,51.632696,-3.947374,2026-01-27 00:00:00+00:00,,10,,10,11.111844545454545,22,,0
WREX,Wrexham,Urban Traffic,53.042282,-3.002829,2026-01-27 00:00:00+00:00,5.83925,24,7.366666666666667,24,13.564378750000001,24,,0
CARD,Cardiff Centre,Urban Background,51.48178,-3.17625,2026-01-28 00:00:00+00:00,8.375,24,10.708833333333333,24,26.691699166666666,24,48.847530000000006,24
CHP,Chepstow A48,Urban Traffic,51.638094,-2.678731,2026-01-28 00:00:00+00:00,6.791666666666667,24,12.802083333333334,24,31.054552083333334,24,,0
NPT3,Newport,Urban Background,51.601203,-2.977281,2026-01-28 00:00:00+00:00,4.668833333333333,24,8.161458333333334,24,,0,,0
PEMB,Narberth,Rural Background,51.782616,-4.69237,2026-01-28 00:00:00+00:00,6.566416666666666,24,16.857291666666665,24,5.289232083333333,24,72.09050583333332,24
PT4,Port Talbot Margam,Urban Industrial,51.58395,-3.770822,2026-01-28 00:00:00+00:00,,10,,12,,17,77.74817789473684,19
SWA1,Swansea Roadside,Urban Traffic,51.632696,-3.947374,2026-01-28 00:00:00+00:00,,0,,0,28.40096708333333,24,,0
WREX,Wrexham,Urban Traffic,53.042282,-3.002829,2026-01-28 00:00:00+00:00,7.1983749999999995,24,11.029166666666667,24,31.430757916666668,24,,0
CARD,Cardiff Centre,Urban Background,51.48178,-3.17625,2026-01-29 00:00:00+00:00,,8,,8,15.266711904761905,21,55.06136399999999,20
CHP,Chepstow A48,Urban Traffic,51.638094,-2.678731,2026-01-29 00:00:00+00:00,8.25,24,14.452791666666668,24,17.526482916666666,24,,0
NPT3,Newport,Urban Background,51.601203,-2.977281,2026-01-29 00:00:00+00:00,8.684166666666666,24,12.834375,24,,0,,0
PEMB,Narberth,Rural Background,51.782616,-4.69237,2026-01-29 00:00:00+00:00,7.043125,24,11.283333333333333,24,4.918107083333333,24,66.61549624999999,24
PT4,Port Talbot Margam,Urban Industrial,51.58395,-3.770822,2026-01-29 00:00:00+00:00,,0,,0,7.603363333333333,24,69.99081583333334,24
SWA1,Swansea Roadside,Urban Traffic,51.632696,-3.947374,2026-01-29 00:00:00+00:00,,0,,0,12.509351666666667,24,,0
WREX,Wrexham,Urban Traffic,53.042282,-3.002829,2026-01-29 00:00:00+00:00,17.06866666666667,24,19.679166666666667,24,21.512182916666664,24,,0
CARD,Cardiff Centre,Urban Background,51.48178,-3.17625,2026-01-30 00:00:00+00:00,,0,,0,15.647540833333332,24,66.76725291666666,24
CHP,Chepstow A48,Urban Traffic,51.638094,-2.678731,2026-01-30 00:00:00+00:00,5.9523809523809526,21,10.858190476190476,21,,12,,0
NPT3,Newport,Urban Background,51.601203,-2.977281,2026-01-30 00:00:00+00:00,5.0785833333333334,24,10.111458333333333,24,,0,,0
PEMB,Narberth,Rural Background,51.782616,-4.69237,2026-01-30 00:00:00+00:00,6.207708333333334,24,11.683333333333332,24,3.1794662499999995,24,79.38104708333331,24
PT4,Port Talbot Margam,Urban Industrial,51.58395,-3.770822,2026-01-30 00:00:00+00:00,,11,,11,8.261762083333332,24,79.09676375,24
SWA1,Swansea Roadside,Urban Traffic,51.632696,-3.947374,2026-01-30 00:00:00+00:00,,9,,9,18.10750875,24,,0
WREX,Wrexham,Urban Traffic,53.042282,-3.002829,2026-01-30 00:00:00+00:00,8.849291666666668,24,10.729166666666666,24,21.493108333333335,24,,0
CARD,Cardiff Centre,Urban Background,51.48178,-3.17625,2026-01-31 00:00:00+00:00,,0,,0,18.418982083333333,24,65.49291583333336,24
CHP,Chepstow A48,Urban Traffic,51.638094,-2.678731,2026-01-31 00:00:00+00:00,5.958333333333333,24,12.802124999999998,24,,0,,0
NPT3,Newport,Urban Background,51.601203,-2.977281,2026-01-31 00:00:00+00:00,6.273541666666667,24,12.185416666666667,24,,0,,0
PEMB,Narberth,Rural Background,51.782616,-4.69237,2026-01-31 00:00:00+00:00,4.449833333333333,24,7.467708333333333,24,4.255523478260869,23,61.63248333333334,24
PT4,Port Talbot Margam,Urban Industrial,51.58395,-3.770822,2026-01-31 00:00:00+00:00,5.583333333333333,24,17.794291666666666,24,10.271534166666667,24,77.38013124999999,24
SWA1,Swansea Roadside,Urban Traffic,51.632696,-3.947374,2026-01-31 00:00:00+00:00,8.375,24,16.465625,24,22.035729166666666,24,,0
WREX,Wrexham,Urban Traffic,53.042282,-3.002829,2026-01-31 00:00:00+00:00,2.7397916666666666,24,3.8635416666666664,24,16.95623875,24,,0
CARD,Cardiff Centre,Urban Background,51.48178,-3.17625,2026-02-01 00:00:00+00:00,,0,,0,14.626041304347826,23,61.694848750000006,24
CHP,Chepstow A48,Urban Traffic,51.638094,-2.678731,2026-02-01 00:00:00+00:00,4.791666666666667,24,8.212708333333333,24,,0,,0
NPT3,Newport,Urban Background,51.601203,-2.977281,2026-02-01 00:00:00+00:00,3.616375,24,5.510416666666667,24,,0,,0
PEMB,Narberth,Rural Background,51.782616,-4.69237,2026-02-01 00:00:00+00:00,3.6242916666666667,24,6.589583333333334,24,2.545562916666667,24,74.32042458333332,24
PT4,Port Talbot Margam,Urban Industrial,51.58395,-3.770822,2026-02-01 00:00:00+00:00,4.0,24,7.0049166666666665,24,7.736974583333333,24,79.00673416666665,24
SWA1,Swansea Roadside,Urban Traffic,51.632696,-3.947374,2026-02-01 00:00:00+00:00,4.375,24,5.555625,24,16.81483625,24,,0
WREX,Wrexham,Urban Traffic,53.042282,-3.002829,2026-02-01 00:00:00+00:00,5.186708333333333,24,7.054166666666667,24,21.503078333333335,24,,0
CARD,Cardiff Centre,Urban Background,51.48178,-3.17625,2026-02-02 00:00:00+00:00,,13,,10,11.046139583333334,24,57.33965041666667,24
CHP,Chepstow A48,Urban Traffic,51.638094,-2.678731,2026-02-02 00:00:00+00:00,7.375,24,11.312541666666666,24,,0,,0
NPT3,Newport,Urban Background,51.601203,-2.977281,2026-02-02 00:00:00+00:00,5.482500000000001,24,7.171875,24,,0,,0
PEMB,Narberth,Rural Background,51.782616,-4.69237,2026-02-02 00:00:00+00:00,3.332416666666667,24,4.360416666666667,24,3.829125833333333,24,65.46589208333334,24
PT4,Port Talbot Margam,Urban Industrial,51.58395,-3.770822,2026-02-02 00:00:00+00:00,4.666666666666667,24,3.623125,24,8.15410875,24,61.98414833333333,24
SWA1,Swansea Roadside,Urban Traffic,51.632696,-3.947374,2026-02-02 00:00:00+00:00,4.25,24,5.676458333333334,24,13.145871249999999,24,,0
WREX,Wrexham,Urban Traffic,53.042282,-3.002829,2026-02-02 00:00:00+00:00,12.585583333333332,24,14.7875,24,17.944332083333332,24,,0
CARD,Cardiff Centre,Urban Background,51.48178,-3.17625,2026-02-03 00:00:00+00:00,9.291666666666666,24,10.346333333333334,24,18.4480875,24,34.164583333333326,24
CHP,Chepstow A48,Urban Traffic,51.638094,-2.678731,2026-02-03 00:00:00+00:00,11.083333333333334,24,14.976125000000001,24,,0,,0
NPT3,Newport,Urban Background,51.601203,-2.977281,2026-02-03 00:00:00+00:00,10.073791666666667,24,12.192708333333334,24,,0,,0
PEMB,Narberth,Rural Background,51.782616,-4.69237,2026-02-03 00:00:00+00:00,3.98875,24,5.416666666666667,24,8.15383875,24,44.873454583333334,24
PT4,Port Talbot Margam,Urban Industrial,51.58395,-3.770822,2026-02-03 00:00:00+00:00,5.521739130434782,23,3.9855416666666668,24,8.198560416666666,24,49.994954166666666,24
SWA1,Swansea Roadside,Urban Traffic,51.632696,-3.947374,2026-02-03 00:00:00+00:00,5.8,20,5.209130434782609,23,15.12605695652174,23,,0
WREX,Wrexham,Urban Traffic,53.042282,-3.002829,2026-02-03 00:00:00+00:00,22.82825,24,26.329166666666666,24,21.26845956521739,23,,0
CARD,Cardiff Centre,Urban Background,51.48178,-3.17625,2026-02-04 00:00:00+00:00,,11,,11,,12,,12
CHP,Chepstow A48,Urban Traffic,51.638094,-2.678731,2026-02-04 00:00:00+00:00,9.875,24,15.660458333333333,24,,0,,0
NPT3,Newport,Urban Background,51.601203,-2.977281,2026-02-04 00:00:00+00:00,9.202125,24,12.361458333333333,24,,0,,0
PEMB,Narberth,Rural Background,51.782616,-4.69237,2026-02-04 00:00:00+00:00,5.629041666666667,24,8.643749999999999,24,7.02269,24,57.16433291666667,24
PT4,Port Talbot Margam,Urban Industrial,51.58395,-3.770822,2026-02-04 00:00:00+00:00,5.35,20,8.787761904761904,21,,13,65.19423045454545,22
SWA1,Swansea Roadside,Urban Traffic,51.632696,-3.947374,2026-02-04 00:00:00+00:00,6.25,24,11.393208333333334,24,14.25382125,24,,0
WREX,Wrexham,Urban Traffic,53.042282,-3.002829,2026-02-04 00:00:00+00:00,15.007958333333335,24,17.306250000000002,24,26.573122916666666,24,,0
CARD,Cardiff Centre,Urban Background,51.48178,-3.17625,2026-02-05 00:00:00+00:00,,12,,13,,0,,13
CHP,Chepstow A48,Urban Traffic,51.638094,-2.678731,2026-02-05 00:00:00+00:00,8.208333333333334,24,9.7425,24,,0,,0
NPT3,Newport,Urban Background,51.601203,-2.977281,2026-02-05 00:00:00+00:00,6.177291666666666,24,8.18125,24,,8,,0
PEMB,Narberth,Rural Background,51.782616,-4.69237,2026-02-05 00:00:00+00:00,2.9147499999999997,24,3.497916666666667,24,8.338211666666666,24,45.28853166666667,24
PT4,Port Talbot Margam,Urban Industrial,51.58395,-3.770822,2026-02-05 00:00:00+00:00,,6,3.3012083333333333,24,,0,57.41755708333333,24
SWA1,Swansea Roadside,Urban Traffic,51.632696,-3.947374,2026-02-05 00:00:00+00:00,5.125,24,5.595916666666667,24,17.022882916666667,24,,0
WREX,Wrexham,Urban Traffic,53.042282,-3.002829,2026-02-05 00:00:00+00:00,13.511249999999999,24,15.316666666666668,24,19.123317916666668,24,,0
CARD,Cardiff Centre,Urban Background,51.48178,-3.17625,2026-02-06 00:00:00+00:00,7.0,24,9.058,24,,0,45.18944041666666,24
CHP,Chepstow A48,Urban Traffic,51.638094,-2.678731,2026-02-06 00:00:00+00:00,7.291666666666667,24,11.191916666666666,24,,12,,0
NPT3,Newport,Urban Background,51.601203,-2.977281,2026-02-06 00:00:00+00:00,5.048166666666666,24,7.772916666666667,24,21.655625217391304,23,,0
PEMB,Narberth,Rural Background,51.782616,-4.69237,2026-02-06 00:00:00+00:00,4.082333333333334,24,6.7593749999999995,24,8.157555833333333,24,52.337233749999996,24
PT4,Port Talbot Margam,Urban Industrial,51.58395,-3.770822,2026-02-06 00:00:00+00:00,4.722222222222222,18,6.2400416666666665,24,,0,66.09680416666669,24
SWA1,Swansea Roadside,Urban Traffic,51.632696,-3.947374,2026-02-06 00:00:00+00:00,5.583333333333333,24,9.662041666666667,24,32.4322675,24,,0
WREX,Wrexham,Urban Traffic,53.042282,-3.002829,2026-02-06 00:00:00+00:00,5.261416666666666,24,6.316666666666666,24,30.629243333333335,24,,0
CARD,Cardiff Centre,Urban Background,51.48178,-3.17625,2026-02-07 00:00:00+00:00,6.583333333333333,24,10.668541666666668,24,,0,68.78928583333334,24
CHP,Chepstow A48,Urban Traffic,51.638094,-2.678731,2026-02-07 00:00:00+00:00,4.5,24,9.541291666666668,24,21.397123333333337,24,,0
NPT3,Newport,Urban Background,51.601203,-2.977281,2026-02-07 00:00:00+00:00,4.266958333333333,24,8.017708333333333,24,8.404680416666666,24,,0
PEMB,Narberth,Rural Background,51.782616,-4.69237,2026-02-07 00:00:00+00:00,3.5879166666666666,24,6.40625,24,5.018822083333333,24,70.00680166666668,24
PT4,Port Talbot Margam,Urban Industrial,51.58395,-3.770822,2026-02-07 00:00:00+00:00,4.222222222222222,18,9.5815,24,,0,81.06306166666668,24
SWA1,Swansea Roadside,Urban Traffic,51.632696,-3.947374,2026-02-07 00:00:00+00:00,6.125,24,10.467166666666666,24,21.782105833333333,24,,0
WREX,Wrexham,Urban Traffic,53.042282,-3.002829,2026-02-07 00:00:00+00:00,7.3300833333333335,24,9.547916666666667,24,21.428503333333335,24,,0
CARD,Cardiff Centre,Urban Background,51.48178,-3.17625,2026-02-08 00:00:00+00:00,4.5,24,6.763375,24,,0,57.15878916666666,24
CHP,Chepstow A48,Urban Traffic,51.638094,-2.678731,2026-02-08 00:00:00+00:00,5.333333333333333,24,10.5075,24,25.538125416666663,24,,0
NPT3,Newport,Urban Background,51.601203,-2.977281,2026-02-08 00:00:00+00:00,3.347125,24,6.089583333333334,24,10.898430416666665,24,,0
PEMB,Narberth,Rural Background,51.782616,-4.69237,2026-02-08 00:00:00+00:00,3.0818333333333334,24,5.45,24,2.450641666666667,24,70.52928750000001,24
PT4,Port Talbot Margam,Urban Industrial,51.58395,-3.770822,2026-02-08 00:00:00+00:00,4.130434782608695,23,7.850416666666667,24,,0,73.27731,24
SWA1,Swansea Roadside,Urban Traffic,51.632696,-3.947374,2026-02-08 00:00:00+00:00,6.166666666666667,24,11.674833333333334,24,14.213292083333334,24,,0
WREX,Wrexham,Urban Traffic,53.042282,-3.002829,2026-02-08 00:00:00+00:00,3.2537083333333334,24,5.235416666666667,24,16.98456,24,,0
CARD,Cardiff Centre,Urban Background,51.48178,-3.17625,2026-02-09 00:00:00+00:00,6.0,24,10.386541666666666,24,,0,61.231264999999986,24
CHP,Chepstow A48,Urban Traffic,51.638094,-2.678731,2026-02-09 00:00:00+00:00,6.458333333333333,24,12.842458333333333,24,19.63146875,24,,0
NPT3,Newport,Urban Background,51.601203,-2.977281,2026-02-09 00:00:00+00:00,4.457583333333333,24,7.541666666666667,24,13.6663475,24,,0
PEMB,Narberth,Rural Background,51.782616,-4.69237,2026-02-09 00:00:00+00:00,3.931791666666667,24,6.5375000000000005,24,3.70343125,24,67.01810166666665,24
PT4,Port Talbot Margam,Urban Industrial,51.58395,-3.770822,2026-02-09 00:00:00+00:00,5.375,24,7.4879999999999995,24,,0,70.58320208333335,24
SWA1,Swansea Roadside,Urban Traffic,51.632696,-3.947374,2026-02-09 00:00:00+00:00,6.041666666666667,24,10.306166666666668,24,17.781127916666666,24,,0
WREX,Wrexham,Urban Traffic,53.042282,-3.002829,2026-02-09 00:00:00+00:00,5.666291666666666,24,7.644791666666666,24,14.666966666666667,24,,0
CARD,Cardiff Centre,Urban Background,51.48178,-3.17625,2026-02-10 00:00:00+00:00,5.666666666666667,24,7.971166666666666,24,,0,48.831592500000006,24
CHP,Chepstow A48,Urban Traffic,51.638094,-2.678731,2026-02-10 00:00:00+00:00,6.380952380952381,21,9.109857142857143,21,29.429546363636362,22,,0
NPT3,Newport,Urban Background,51.601203,-2.977281,2026-02-10 00:00:00+00:00,5.391166666666667,24,7.967708333333333,24,19.069357083333333,24,,0
PEMB,Narberth,Rural Background,51.782616,-4.69237,2026-02-10 00:00:00+00:00,2.7132916666666667,24,3.78125,24,3.0810204166666666,24,71.89994541666667,24
PT4,Port Talbot Margam,Urban Industrial,51.58395,-3.770822,2026-02-10 00:00:00+00:00,3.85,20,8.065652173913042,23,,0,65.824445,24
SWA1,Swansea Roadside,Urban Traffic,51.632696,-3.947374,2026-02-10 00:00:00+00:00,4.75,24,6.441291666666667,24,24.95122125,24,,0
WREX,Wrexham,Urban Traffic,53.042282,-3.002829,2026-02-10 00:00:00+00:00,10.349958333333333,24,11.863541666666668,24,18.213790833333334,24,,0
CARD,Cardiff Centre,Urban Background,51.48178,-3.17625,2026-02-11 00:00:00+00:00,10.125,24,19.927958333333333,24,,0,70.25626374999999,24
CHP,Chepstow A48,Urban Traffic,51.638094,-2.678731,2026-02-11 00:00:00+00:00,9.166666666666666,24,20.773375,24,29.74118208333333,24,,0
NPT3,Newport,Urban Background,51.601203,-2.977281,2026-02-11 00:00:00+00:00,9.614791666666667,24,18.0125,24,15.364490833333333,24,,0
PEMB,Narberth,Rural Background,51.782616,-4.69237,2026-02-11 00:00:00+00:00,9.405625,24,16.563541666666666,24,3.31336625,24,79.49677083333334,24
PT4,Port Talbot Margam,Urban Industrial,51.58395,-3.770822,2026-02-11 00:00:00+00:00,9.166666666666666,24,29.308125,24,,0,71.97300208333333,24
SWA1,Swansea Roadside,Urban Traffic,51.632696,-3.947374,2026-02-11 00:00:00+00:00,10.958333333333334,24,27.69775,24,21.851585416666666,24,,0
WREX,Wrexham,Urban Traffic,53.042282,-3.002829,2026-02-11 00:00:00+00:00,5.3175,24,7.203125,24,21.9021575,24,,0
CARD,Cardiff Centre,Urban Background,51.48178,-3.17625,2026-02-12 00:00:00+00:00,8.75,24,18.277208333333334,24,,0,55.273267916666676,24
CHP,Chepstow A48,Urban Traffic,51.638094,-2.678731,2026-02-12 00:00:00+00:00,8.666666666666666,24,16.58641666666667,24,33.96275541666667,24,,0
NPT3,Newport,Urban Background,51.601203,-2.977281,2026-02-12 00:00:00+00:00,7.097,24,13.797916666666666,24,12.732540416666666,24,,0
PEMB,Narberth,Rural Background,51.782616,-4.69237,2026-02-12 00:00:00+00:00,5.38325,24,9.966666666666667,24,2.618477083333333,24,62.71833791666666,24
PT4,Port Talbot Margam,Urban Industrial,51.58395,-3.770822,2026-02-12 00:00:00+00:00,7.958333333333333,24,21.578458333333334,24,,0,60.3991575,24
SWA1,Swansea Roadside,Urban Traffic,51.632696,-3.947374,2026-02-12 00:00:00+00:00,6.791666666666667,24,17.633125,24,11.691845833333332,24,,0
WREX,Wrexham,Urban Traffic,53.042282,-3.002829,2026-02-12 00:00:00+00:00,5.138625,24,6.989583333333333,24,22.268146666666667,24,,0
CARD,Cardiff Centre,Urban Background,51.48178,-3.17625,2026-02-13 00:00:00+00:00,6.833333333333333,24,8.897125,24,,0,53.61157083333334,24
CHP,Chepstow A48,Urban Traffic,51.638094,-2.678731,2026-02-13 00:00:00+00:00,6.166666666666667,24,9.460666666666667,24,20.445077916666666,24,,0
NPT3,Newport,Urban Background,51.601203,-2.977281,2026-02-13 00:00:00+00:00,3.8846249999999998,24,6.486458333333334,24,13.495821249999999,24,,0
PEMB,Narberth,Rural Background,51.782616,-4.69237,2026-02-13 00:00:00+00:00,3.199666666666667,24,6.620833333333334,24,3.8798554166666666,24,58.210689583333334,24
PT4,Port Talbot Margam,Urban Industrial,51.58395,-3.770822,2026-02-13 00:00:00+00:00,4.541666666666667,24,8.454208333333334,24,,0,66.06351791666667,24
SWA1,Swansea Roadside,Urban Traffic,51.632696,-3.947374,2026-02-13 00:00:00+00:00,3.75,24,10.024208333333332,24,16.81344875,24,,0
WREX,Wrexham,Urban Traffic,53.042282,-3.002829,2026-02-13 00:00:00+00:00,2.614,24,3.7739583333333333,24,25.3805125,24,,0
CARD,Cardiff Centre,Urban Background,51.48178,-3.17625,2026-02-14 00:00:00+00:00,7.916666666666667,24,12.03725,24,,0,63.614324583333335,24
CHP,Chepstow A48,Urban Traffic,51.638094,-2.678731,2026-02-14 00:00:00+00:00,7.375,24,14.573625,24,22.30478375,24,,0
NPT3,Newport,Urban Background,51.601203,-2.977281,2026-02-14 00:00:00+00:00,3.6261666666666668,24,6.447916666666667,24,10.862279583333333,24,,0
PEMB,Narberth,Rural Background,51.782616,-4.69237,2026-02-14 00:00:00+00:00,1.8839166666666667,24,4.277083333333334,24,2.1822204166666666,24,75.03347041666666,24
PT4,Port Talbot Margam,Urban Industrial,51.58395,-3.770822,2026-02-14 00:00:00+00:00,3.3333333333333335,24,6.3205,24,,0,69.86446958333333,24
SWA1,Swansea Roadside,Urban Traffic,51.632696,-3.947374,2026-02-14 00:00:00+00:00,3.75,24,10.708666666666666,24,17.127367916666667,24,,0
WREX,Wrexham,Urban Traffic,53.042282,-3.002829,2026-02-14 00:00:00+00:00,3.014,24,5.961458333333333,24,15.411015416666666,24,,0
CARD,Cardiff Centre,Urban Background,51.48178,-3.17625,2026-02-15 00:00:00+00:00,5.25,24,8.776333333333334,24,,0,76.2468275,24
CHP,Chepstow A48,Urban Traffic,51.638094,-2.678731,2026-02-15 00:00:00+00:00,5.166666666666667,24,7.20625,24,23.066241666666667,24,,0
NPT3,Newport,Urban Background,51.601203,-2.977281,2026-02-15 00:00:00+00:00,2.990458333333333,24,5.876041666666667,24,4.72068625,24,,0
PEMB,Narberth,Rural Background,51.782616,-4.69237,2026-02-15 00:00:00+00:00,3.5357916666666664,24,6.2093750000000005,24,2.215125,24,77.97782166666669,24
PT4,Port Talbot Margam,Urban Industrial,51.58395,-3.770822,2026-02-15 00:00:00+00:00,5.0,24,8.494458333333332,24,,0,81.88468583333332,24
SWA1,Swansea Roadside,Urban Traffic,51.632696,-3.947374,2026-02-15 00:00:00+00:00,5.083333333333333,24,8.695708333333334,24,10.900538333333332,24,,0
WREX,Wrexham,Urban Traffic,53.042282,-3.002829,2026-02-15 00:00:00+00:00,1.9487916666666667,24,3.178125,24,8.707849583333333,24,,0
CARD,Cardiff Centre,Urban Background,51.48178,-3.17625,2026-02-16 00:00:00+00:00,6.958333333333333,24,12.319,24,,0,74.94546666666666,24
CHP,Chepstow A48,Urban Traffic,51.638094,-2.678731,2026-02-16 00:00:00+00:00,5.5,24,15.62025,24,19.307799166666666,24,,0
NPT3,Newport,Urban Background,51.601203,-2.977281,2026-02-16 00:00:00+00:00,4.107708333333334,24,8.453125,24,5.096183333333333,24,,0
PEMB,Narberth,Rural Background,51.782616,-4.69237,2026-02-16 00:00:00+00:00,5.002,24,9.569791666666667,24,1.61588,24,76.5253945833333,24
PT4,Port Talbot Margam,Urban Industrial,51.58395,-3.770822,2026-02-16 00:00:00+00:00,5.666666666666667,24,17.834458333333334,24,,0,78.67914333333333,24
SWA1,Swansea Roadside,Urban Traffic,51.632696,-3.947374,2026-02-16 00:00:00+00:00,,7,,7,,7,,0
WREX,Wrexham,Urban Traffic,53.042282,-3.002829,2026-02-16 00:00:00+00:00,2.601818181818182,22,4.9363636363636365,22,4.038830952380953,21,,0
CARD,Cardiff Centre,Urban Background,51.48178,-3.17625,2026-02-17 00:00:00+00:00,8.75,24,15.942208333333333,24,,0,61.88333208333333,24
CHP,Chepstow A48,Urban Traffic,51.638094,-2.678731,2026-02-17 00:00:00+00:00,7.666666666666667,24,20.773208333333333,24,26.143820416666667,24,,0
NPT3,Newport,Urban Background,51.601203,-2.977281,2026-02-17 00:00:00+00:00,5.344916666666666,24,12.245833333333332,24,19.1565075,24,,0
PEMB,Narberth,Rural Background,51.782616,-4.69237,2026-02-17 00:00:00+00:00,5.648583333333334,24,12.869791666666666,24,4.465505833333333,24,73.43829583333333,24
PT4,Port Talbot Margam,Urban Industrial,51.58395,-3.770822,2026-02-17 00:00:00+00:00,7.416666666666667,24,13.003375,24,,0,57.61728916666669,24
SWA1,Swansea Roadside,Urban Traffic,51.632696,-3.947374,2026-02-17 00:00:00+00:00,,10,,15,,13,,0
WREX,Wrexham,Urban Traffic,53.042282,-3.002829,2026-02-17 00:00:00+00:00,6.178249999999999,24,14.980208333333332,24,20.167224782608695,23,,0
CARD,Cardiff Centre,Urban Background,51.48178,-3.17625,2026-02-18 00:00:00+00:00,7.416666666666667,24,8.69575,24,,0,63.50137333333333,24
CHP,Chepstow A48,Urban Traffic,51.638094,-2.678731,2026-02-18 00:00:00+00:00,7.916666666666667,24,10.909999999999998,24,14.666766086956523,23,,0
NPT3,Newport,Urban Background,51.601203,-2.977281,2026-02-18 00:00:00+00:00,4.2905,24,6.648958333333333,24,14.307810416666667,24,,0
PEMB,Narberth,Rural Background,51.782616,-4.69237,2026-02-18 00:00:00+00:00,3.4029999999999996,21,4.764285714285714,21,,14,,15
PT4,Port Talbot Margam,Urban Industrial,51.58395,-3.770822,2026-02-18 00:00:00+00:00,3.5652173913043477,23,2.7305652173913044,23,,0,71.16554772727271,22
SWA1,Swansea Roadside,Urban Traffic,51.632696,-3.947374,2026-02-18 00:00:00+00:00,3.875,24,3.8647916666666666,24,13.413005416666666,24,,0
WREX,Wrexham,Urban Traffic,53.042282,-3.002829,2026-02-18 00:00:00+00:00,8.698958333333334,24,14.703125,24,13.627208750000001,24,,0
CARD,Cardiff Centre,Urban Background,51.48178,-3.17625,2026-02-19 00:00:00+00:00,7.083333333333333,24,7.689208333333333,24,,0,40.6679325,24
CHP,Chepstow A48,Urban Traffic,51.638094,-2.678731,2026-02-19 00:00:00+00:00,8.958333333333334,24,10.507416666666666,24,22.356438260869567,23,,0
NPT3,Newport,Urban Background,51.601203,-2.977281,2026-02-19 00:00:00+00:00,5.653458333333333,24,6.91875,24,16.11837375,24,,0
PEMB,Narberth,Rural Background,51.782616,-4.69237,2026-02-19 00:00:00+00:00,5.6894347826086955,23,7.759782608695652,23,,13,,12
PT4,Port Talbot Margam,Urban Industrial,51.58395,-3.770822,2026-02-19 00:00:00+00:00,6.208333333333333,24,7.12575,24,,0,37.464061666666666,24
SWA1,Swansea Roadside,Urban Traffic,51.632696,-3.947374,2026-02-19 00:00:00+00:00,7.125,24,10.145208333333333,24,18.95286125,24,,0
WREX,Wrexham,Urban Traffic,53.042282,-3.002829,2026-02-19 00:00:00+00:00,10.872625,24,12.517708333333333,24,19.775132916666667,24,,0
CARD,Cardiff Centre,Urban Background,51.48178,-3.17625,2026-02-20 00:00:00+00:00,12.125,24,27.05366666666667,24,,0,71.51674291666666,24
CHP,Chepstow A48,Urban Traffic,51.638094,-2.678731,2026-02-20 00:00:00+00:00,10.208333333333334,24,19.887583333333335,24,27.193527826086957,23,,0
NPT3,Newport,Urban Background,51.601203,-2.977281,2026-02-20 00:00:00+00:00,11.909583333333332,24,22.289583333333336,24,10.650832083333333,24,,0
PEMB,Narberth,Rural Background,51.782616,-4.69237,2026-02-20 00:00:00+00:00,9.075333333333333,24,15.166666666666666,24,2.977229166666667,24,81.75994916666666,24
PT4,Port Talbot Margam,Urban Industrial,51.58395,-3.770822,2026-02-20 00:00:00+00:00,11.625,24,35.22604166666667,24,,0,77.20461041666665,24
SWA1,Swansea Roadside,Urban Traffic,51.632696,-3.947374,2026-02-20 00:00:00+00:00,12.375,24,28.221041666666665,24,13.193007916666666,24,,0
WREX,Wrexham,Urban Traffic,53.042282,-3.002829,2026-02-20 00:00:00+00:00,4.6306666666666665,24,8.154166666666667,24,8.426244583333334,24,,0
CARD,Cardiff Centre,Urban Background,51.48178,-3.17625,2026-02-21 00:00:00+00:00,8.375,24,13.124166666666667,24,,0,72.25196375000002,24
CHP,Chepstow A48,Urban Traffic,51.638094,-2.678731,2026-02-21 00:00:00+00:00,5.083333333333333,24,10.708708333333334,24,17.785405833333332,24,,0
NPT3,Newport,Urban Background,51.601203,-2.977281,2026-02-21 00:00:00+00:00,4.578333333333333,24,7.984375,24,4.3743375,24,,0
PEMB,Narberth,Rural Background,51.782616,-4.69237,2026-02-21 00:00:00+00:00,2.9914583333333336,24,4.416666666666667,24,3.603364583333333,24,74.63918083333333,24
PT4,Port Talbot Margam,Urban Industrial,51.58395,-3.770822,2026-02-21 00:00:00+00:00,6.833333333333333,24,16.183833333333332,24,,0,80.42679583333333,24
SWA1,Swansea Roadside,Urban Traffic,51.632696,-3.947374,2026-02-21 00:00:00+00:00,6.916666666666667,24,9.380208333333334,24,6.625159166666666,24,,0
WREX,Wrexham,Urban Traffic,53.042282,-3.002829,2026-02-21 00:00:00+00:00,3.5457083333333332,24,5.777083333333334,24,5.566972083333333,24,,0
CARD,Cardiff Centre,Urban Background,51.48178,-3.17625,2026-02-22 00:00:00+00:00,7.708333333333333,24,14.814916666666667,24,,0,79.73791708333333,24
CHP,Chepstow A48,Urban Traffic,51.638094,-2.678731,2026-02-22 00:00:00+00:00,6.833333333333333,24,15.459166666666667,24,16.117673333333332,24,,0
NPT3,Newport,Urban Background,51.601203,-2.977281,2026-02-22 00:00:00+00:00,6.521208333333333,24,12.189583333333333,24,2.684405,24,,0
PEMB,Narberth,Rural Background,51.782616,-4.69237,2026-02-22 00:00:00+00:00,6.752208333333333,24,11.28125,24,4.0533720833333335,24,79.11287499999999,24
PT4,Port Talbot Margam,Urban Industrial,51.58395,-3.770822,2026-02-22 00:00:00+00:00,8.166666666666666,24,21.336916666666667,24,,0,87.27063125,24
SWA1,Swansea Roadside,Urban Traffic,51.632696,-3.947374,2026-02-22 00:00:00+00:00,8.916666666666666,24,17.633166666666668,24,4.222297083333333,24,,0
WREX,Wrexham,Urban Traffic,53.042282,-3.002829,2026-02-22 00:00:00+00:00,4.44275,24,7.273958333333333,24,2.28880625,24,,0
CARD,Cardiff Centre,Urban Background,51.48178,-3.17625,2026-02-23 00:00:00+00:00,9.416666666666666,24,18.196791666666666,24,,0,76.25653125,24
CHP,Chepstow A48,Urban Traffic,51.638094,-2.678731,2026-02-23 00:00:00+00:00,8.5,24,17.633083333333335,24,22.375107826086957,23,,0
NPT3,Newport,Urban Background,51.601203,-2.977281,2026-02-23 00:00:00+00:00,7.568208333333334,24,14.56075,24,5.6979025000000005,24,,0
PEMB,Narberth,Rural Background,51.782616,-4.69237,2026-02-23 00:00:00+00:00,6.625333333333334,24,10.8375,24,3.928327083333333,24,75.31065041666666,24
PT4,Port Talbot Margam,Urban Industrial,51.58395,-3.770822,2026-02-23 00:00:00+00:00,9.333333333333334,24,23.390041666666665,24,,0,82.92797999999999,24
SWA1,Swansea Roadside,Urban Traffic,51.632696,-3.947374,2026-02-23 00:00:00+00:00,8.333333333333334,24,19.364208333333334,24,7.1649079166666665,24,,0
WREX,Wrexham,Urban Traffic,53.042282,-3.002829,2026-02-23 00:00:00+00:00,5.109083333333333,24,8.576041666666667,24,6.9107875000000005,24,,0
CARD,Cardiff Centre,Urban Background,51.48178,-3.17625,2026-02-24 00:00:00+00:00,9.608695652173912,23,18.399782608695652,23,,9,52.856254166666695,24
CHP,Chepstow A48,Urban Traffic,51.638094,-2.678731,2026-02-24 00:00:00+00:00,10.916666666666666,24,21.417416666666668,24,29.83674086956522,23,,0
NPT3,Newport,Urban Background,51.601203,-2.977281,2026-02-24 00:00:00+00:00,9.306291666666667,24,19.485416666666666,24,10.086829166666666,24,,0
PEMB,Narberth,Rural Background,51.782616,-4.69237,2026-02-24 00:00:00+00:00,6.107583333333333,24,10.592708333333333,24,3.1845145833333333,24,72.34481958333333,24
PT4,Port Talbot Margam,Urban Industrial,51.58395,-3.770822,2026-02-24 00:00:00+00:00,8.166666666666666,24,21.618750000000002,24,,0,67.70222458333335,24
SWA1,Swansea Roadside,Urban Traffic,51.632696,-3.947374,2026-02-24 00:00:00+00:00,9.083333333333334,24,22.02125,24,18.0764225,24,,0
WREX,Wrexham,Urban Traffic,53.042282,-3.002829,2026-02-24 00:00:00+00:00,6.040875,24,15.151041666666666,24,13.732985416666667,24,,0
CARD,Cardiff Centre,Urban Background,51.48178,-3.17625,2026-02-25 00:00:00+00:00,10.791666666666666,24,19.243458333333333,24,17.563152916666667,24,49.42268000000001,24
CHP,Chepstow A48,Urban Traffic,51.638094,-2.678731,2026-02-25 00:00:00+00:00,10.416666666666666,24,21.296666666666667,24,25.571769583333335,24,,0
NPT3,Newport,Urban Background,51.601203,-2.977281,2026-02-25 00:00:00+00:00,11.146875,24,18.636458333333334,24,16.967875833333334,24,,0
PEMB,Narberth,Rural Background,51.782616,-4.69237,2026-02-25 00:00:00+00:00,5.703625,24,8.305208333333333,24,4.106695416666667,24,72.46123416666667,24
PT4,Port Talbot Margam,Urban Industrial,51.58395,-3.770822,2026-02-25 00:00:00+00:00,8.916666666666666,24,21.57841666666667,24,,0,70.635405,24
SWA1,Swansea Roadside,Urban Traffic,51.632696,-3.947374,2026-02-25 00:00:00+00:00,,16,23.027708333333333,24,22.287947916666667,24,,0
WREX,Wrexham,Urban Traffic,53.042282,-3.002829,2026-02-25 00:00:00+00:00,6.375473684210526,19,11.532894736842104,19,,9,,0
CARD,Cardiff Centre,Urban Background,51.48178,-3.17625,2026-02-26 00:00:00+00:00,4.333333333333333,24,7.649,24,10.629184545454546,22,75.05425791666666,24
CHP,Chepstow A48,Urban Traffic,51.638094,-2.678731,2026-02-26 00:00:00+00:00,4.208333333333333,24,11.312541666666666,24,17.79730208333333,24,,0
NPT3,Newport,Urban Background,51.601203,-2.977281,2026-02-26 00:00:00+00:00,4.148000000000001,24,8.161458333333334,24,9.325149166666668,24,,0
PEMB,Narberth,Rural Background,51.782616,-4.69237,2026-02-26 00:00:00+00:00,,12,,12,1.964435,24,87.19546083333331,24
PT4,Port Talbot Margam,Urban Industrial,51.58395,-3.770822,2026-02-26 00:00:00+00:00,6.041666666666667,24,18.277291666666667,24,,0,84.53945166666665,24
SWA1,Swansea Roadside,Urban Traffic,51.632696,-3.947374,2026-02-26 00:00:00+00:00,5.375,24,11.876125,24,6.89274,24,,0
WREX,Wrexham,Urban Traffic,53.042282,-3.002829,2026-02-26 00:00:00+00:00,1.3748333333333334,24,2.3520833333333333,24,,14,,0
CARD,Cardiff Centre,Urban Background,51.48178,-3.17625,2026-02-27 00:00:00+00:00,3.0416666666666665,24,3.0596666666666668,24,11.54567125,24,70.63738666666667,24
CHP,Chepstow A48,Urban Traffic,51.638094,-2.678731,2026-02-27 00:00:00+00:00,3.6666666666666665,24,7.045208333333334,24,21.100380416666667,24,,0
NPT3,Newport,Urban Background,51.601203,-2.977281,2026-02-27 00:00:00+00:00,2.306416666666667,24,4.072916666666667,24,9.070814166666667,24,,0
PEMB,Narberth,Rural Background,51.782616,-4.69237,2026-02-27 00:00:00+00:00,,0,,0,1.8206304166666667,24,85.17481416666668,24
PT4,Port Talbot Margam,Urban Industrial,51.58395,-3.770822,2026-02-27 00:00:00+00:00,3.7916666666666665,24,4.307666666666667,24,,0,71.52284791666666,24
SWA1,Swansea Roadside,Urban Traffic,51.632696,-3.947374,2026-02-27 00:00:00+00:00,3.7916666666666665,24,5.1531666666666665,24,17.8517625,24,,0
WREX,Wrexham,Urban Traffic,53.042282,-3.002829,2026-02-27 00:00:00+00:00,4.851541666666667,24,8.626041666666667,24,15.833598333333335,24,,0
CARD,Cardiff Centre,Urban Background,51.48178,-3.17625,2026-02-28 00:00:00+00:00,5.75,24,9.460708333333335,24,11.091756666666667,24,67.43595124999999,24
CHP,Chepstow A48,Urban Traffic,51.638094,-2.678731,2026-02-28 00:00:00+00:00,7.916666666666667,24,,0,28.446587500000003,24,,0
NPT3,Newport,Urban Background,51.601203,-2.977281,2026-02-28 00:00:00+00:00,4.495875,24,8.461458333333333,24,5.912489166666667,24,,0
PEMB,Narberth,Rural Background,51.782616,-4.69237,2026-02-28 00:00:00+00:00,,0,,0,1.8786045833333331,24,72.01843999999998,24
PT4,Port Talbot Margam,Urban Industrial,51.58395,-3.770822,2026-02-28 00:00:00+00:00,4.666666666666667,24,12.560666666666668,24,,0,75.52353333333332,24
SWA1,Swansea Roadside,Urban Traffic,51.632696,-3.947374,2026-02-28 00:00:00+00:00,6.375,24,13.647583333333335,24,12.897970416666666,24,,0
WREX,Wrexham,Urban Traffic,53.042282,-3.002829,2026-02-28 00:00:00+00:00,4.1165,24,7.9781249999999995,24,8.195472083333334,24,,0
CARD,Cardiff Centre,Urban Background,51.48178,-3.17625,2026-03-01 00:00:00+00:00,4.958333333333333,24,8.373666666666667,24,13.1561525,24,70.27635833333333,24
CHP,Chepstow A48,Urban Traffic,51.638094,-2.678731,2026-03-01 00:00:00+00:00,6.166666666666667,24,,0,13.467004166666667,24,,0
NPT3,Newport,Urban Background,51.601203,-2.977281,2026-03-01 00:00:00+00:00,4.215791666666667,24,8.3375,24,4.280175416666666,24,,0
PEMB,Narberth,Rural Background,51.782616,-4.69237,2026-03-01 00:00:00+00:00,,0,,0,1.6342550000000002,24,81.73361666666665,24
PT4,Port Talbot Margam,Urban Industrial,51.58395,-3.770822,2026-03-01 00:00:00+00:00,5.458333333333333,24,14.654083333333332,24,,0,80.51606916666667,24
SWA1,Swansea Roadside,Urban Traffic,51.632696,-3.947374,2026-03-01 00:00:00+00:00,5.916666666666667,24,13.084000000000001,24,7.95132375,24,,0
WREX,Wrexham,Urban Traffic,53.042282,-3.002829,2026-03-01 00:00:00+00:00,3.2045833333333333,24,6.072916666666667,24,7.573552083333333,24,,0
CARD,Cardiff Centre,Urban Background,51.48178,-3.17625,2026-03-02 00:00:00+00:00,6.958333333333333,24,15.177416666666666,24,13.970954583333333,24,65.59478000000001,24
CHP,Chepstow A48,Urban Traffic,51.638094,-2.678731,2026-03-02 00:00:00+00:00,8.541666666666666,24,,0,23.376045416666667,24,,0
NPT3,Newport,Urban Background,51.601203,-2.977281,2026-03-02 00:00:00+00:00,7.269083333333334,24,15.15,24,11.081059545454545,22,,0
PEMB,Narberth,Rural Background,51.782616,-4.69237,2026-03-02 00:00:00+00:00,,12,,12,2.87243125,24,74.80410374999998,24
PT4,Port Talbot Margam,Urban Industrial,51.58395,-3.770822,2026-03-02 00:00:00+00:00,6.625,24,15.459208333333335,24,,0,72.52604666666667,24
SWA1,Swansea Roadside,Urban Traffic,51.632696,-3.947374,2026-03-02 00:00:00+00:00,8.0,22,15.963347826086956,23,15.684617391304347,23,,0
WREX,Wrexham,Urban Traffic,53.042282,-3.002829,2026-03-02 00:00:00+00:00,3.3186666666666667,24,7.472916666666666,24,8.415728333333332,24,,0
CARD,Cardiff Centre,Urban Background,51.48178,-3.17625,2026-03-03 00:00:00+00:00,8.791666666666666,24,14.533416666666668,24,17.475474166666668,24,50.57852333333332,24
CHP,Chepstow A48,Urban Traffic,51.638094,-2.678731,2026-03-03 00:00:00+00:00,,15,,14,23.29180956521739,23,,0
NPT3,Newport,Urban Background,51.601203,-2.977281,2026-03-03 00:00:00+00:00,8.472833333333334,24,14.648958333333333,24,15.048358333333333,24,,0
PEMB,Narberth,Rural Background,51.782616,-4.69237,2026-03-03 00:00:00+00:00,8.094583333333334,24,14.330208333333333,24,5.254297083333333,24,55.38760583333334,24
PT4,Port Talbot Margam,Urban Industrial,51.58395,-3.770822,2026-03-03 00:00:00+00:00,8.541666666666666,24,11.916583333333334,24,,0,59.948247916666666,24
SWA1,Swansea Roadside,Urban Traffic,51.632696,-3.947374,2026-03-03 00:00:00+00:00,10.041666666666666,24,17.19025,24,33.16627916666666,24,,0
WREX,Wrexham,Urban Traffic,53.042282,-3.002829,2026-03-03 00:00:00+00:00,10.815791666666668,24,25.011458333333334,24,20.14288347826087,23,,0
CARD,Cardiff Centre,Urban Background,51.48178,-3.17625,2026-03-04 00:00:00+00:00,16.291666666666668,24,25.04070833333333,24,20.917081904761904,21,45.228937916666666,24
CHP,Chepstow A48,Urban Traffic,51.638094,-2.678731,2026-03-04 00:00:00+00:00,16.666666666666668,24,24.557541666666665,24,26.462632083333332,24,,0
NPT3,Newport,Urban Background,51.601203,-2.977281,2026-03-04 00:00:00+00:00,17.875416666666666,24,25.353125000000002,24,26.078559583333334,24,,0
PEMB,Narberth,Rural Background,51.782616,-4.69237,2026-03-04 00:00:00+00:00,17.473583333333334,24,24.001041666666666,24,8.575772083333334,24,58.34165749999999,24
PT4,Port Talbot Margam,Urban Industrial,51.58395,-3.770822,2026-03-04 00:00:00+00:00,14.08695652173913,23,21.676565217391303,23,,0,71.30183434782609,23
SWA1,Swansea Roadside,Urban Traffic,51.632696,-3.947374,2026-03-04 00:00:00+00:00,12.958333333333334,24,25.241958333333333,24,36.75394166666667,24,,0
WREX,Wrexham,Urban Traffic,53.042282,-3.002829,2026-03-04 00:00:00+00:00,14.990291666666666,24,25.733333333333334,24,19.34445875,24,,0
CARD,Cardiff Centre,Urban Background,51.48178,-3.17625,2026-03-05 00:00:00+00:00,26.041666666666668,24,36.87670833333333,24,31.688436666666664,24,29.004867083333334,24
CHP,Chepstow A48,Urban Traffic,51.638094,-2.678731,2026-03-05 00:00:00+00:00,23.916666666666668,24,34.420833333333334,24,35.014991304347824,23,,0
NPT3,Newport,Urban Background,51.601203,-2.977281,2026-03-05 00:00:00+00:00,21.605833333333333,24,31.911458333333332,24,26.952385833333334,24,,0
PEMB,Narberth,Rural Background,51.782616,-4.69237,2026-03-05 00:00:00+00:00,19.084083333333336,24,26.840625,24,10.202813333333333,24,60.614538333333314,24
PT4,Port Talbot Margam,Urban Industrial,51.58395,-3.770822,2026-03-05 00:00:00+00:00,16.0,24,22.142041666666668,24,,0,61.191275,24
SWA1,Swansea Roadside,Urban Traffic,51.632696,-3.947374,2026-03-05 00:00:00+00:00,16.083333333333332,24,24.316041666666667,24,32.799841666666666,24,,0
WREX,Wrexham,Urban Traffic,53.042282,-3.002829,2026-03-05 00:00:00+00:00,26.738541666666666,24,33.959375,24,20.813015416666666,24,,0
CARD,Cardiff Centre,Urban Background,51.48178,-3.17625,2026-03-06 00:00:00+00:00,7.25,24,9.017875,24,14.582581249999999,24,55.82970875,24
CHP,Chepstow A48,Urban Traffic,51.638094,-2.678731,2026-03-06 00:00:00+00:00,9.666666666666666,24,13.28525,24,20.641043333333332,24,,0
NPT3,Newport,Urban Background,51.601203,-2.977281,2026-03-06 00:00:00+00:00,5.288,24,8.294791666666667,24,10.654064166666666,24,,0
PEMB,Narberth,Rural Background,51.782616,-4.69237,2026-03-06 00:00:00+00:00,4.005541666666667,24,9.237499999999999,24,2.740343636363636,22,81.43149083333331,24
PT4,Port Talbot Margam,Urban Industrial,51.58395,-3.770822,2026-03-06 00:00:00+00:00,3.7083333333333335,24,1.9324166666666667,24,,0,73.52621791666665,24
SWA1,Swansea Roadside,Urban Traffic,51.632696,-3.947374,2026-03-06 00:00:00+00:00,2.25,24,4.951708333333333,24,6.88214125,24,,0
WREX,Wrexham,Urban Traffic,53.042282,-3.002829,2026-03-06 00:00:00+00:00,2.9462083333333333,24,5.248958333333333,24,11.904860416666667,24,,0
CARD,Cardiff Centre,Urban Background,51.48178,-3.17625,2026-03-07 00:00:00+00:00,15.666666666666666,24,19.082375000000003,24,15.085302083333334,24,39.352017083333344,24
CHP,Chepstow A48,Urban Traffic,51.638094,-2.678731,2026-03-07 00:00:00+00:00,21.041666666666668,24,23.993958333333335,24,19.65604125,24,,0
NPT3,Newport,Urban Background,51.601203,-2.977281,2026-03-07 00:00:00+00:00,16.685416666666665,24,21.253125,24,13.922030833333332,24,,0
PEMB,Narberth,Rural Background,51.782616,-4.69237,2026-03-07 00:00:00+00:00,11.575291666666667,24,16.313541666666666,24,8.144191666666666,24,53.68571666666666,24
PT4,Port Talbot Margam,Urban Industrial,51.58395,-3.770822,2026-03-07 00:00:00+00:00,10.958333333333334,24,9.702250000000001,24,,0,37.07443291666666,24
SWA1,Swansea Roadside,Urban Traffic,51.632696,-3.947374,2026-03-07 00:00:00+00:00,11.375,24,15.217666666666666,24,25.774313333333335,24,,0
WREX,Wrexham,Urban Traffic,53.042282,-3.002829,2026-03-07 00:00:00+00:00,12.070666666666668,24,18.515625,24,18.661702083333335,24,,0
CARD,Cardiff Centre,Urban Background,51.48178,-3.17625,2026-03-08 00:00:00+00:00,25.458333333333332,24,29.38854166666667,24,14.9508875,24,31.622144583333338,24
CHP,Chepstow A48,Urban Traffic,51.638094,-2.678731,2026-03-08 00:00:00+00:00,27.416666666666668,24,31.643083333333333,24,21.167549166666667,24,,0
NPT3,Newport,Urban Background,51.601203,-2.977281,2026-03-08 00:00:00+00:00,22.852,24,29.488541666666666,24,12.501512083333333,24,,0
PEMB,Narberth,Rural Background,51.782616,-4.69237,2026-03-08 00:00:00+00:00,17.99825,24,20.353125,24,9.150723333333334,24,30.521045833333336,24
PT4,Port Talbot Margam,Urban Industrial,51.58395,-3.770822,2026-03-08 00:00:00+00:00,21.75,24,21.819999999999997,24,,0,32.270282083333335,24
SWA1,Swansea Roadside,Urban Traffic,51.632696,-3.947374,2026-03-08 00:00:00+00:00,19.583333333333332,24,22.10183333333333,24,22.49806166666667,24,,0
WREX,Wrexham,Urban Traffic,53.042282,-3.002829,2026-03-08 00:00:00+00:00,22.499041666666667,24,30.383333333333336,24,15.087178333333334,24,,0
CARD,Cardiff Centre,Urban Background,51.48178,-3.17625,2026-03-09 00:00:00+00:00,24.541666666666668,24,26.932875,24,20.13472625,24,39.9541925,24
CHP,Chepstow A48,Urban Traffic,51.638094,-2.678731,2026-03-09 00:00:00+00:00,27.625,24,32.00541666666667,24,28.92745652173913,23,,0
NPT3,Newport,Urban Background,51.601203,-2.977281,2026-03-09 00:00:00+00:00,23.5535,24,28.454166666666666,24,22.569927500000002,24,,0
PEMB,Narberth,Rural Background,51.782616,-4.69237,2026-03-09 00:00:00+00:00,12.852958333333333,24,15.613541666666668,24,9.348609999999999,24,51.497375833333344,24
PT4,Port Talbot Margam,Urban Industrial,51.58395,-3.770822,2026-03-09 00:00:00+00:00,13.791666666666666,24,14.452791666666668,24,,0,,9
SWA1,Swansea Roadside,Urban Traffic,51.632696,-3.947374,2026-03-09 00:00:00+00:00,15.166666666666666,24,18.237,24,25.604867083333332,24,,0
WREX,Wrexham,Urban Traffic,53.042282,-3.002829,2026-03-09 00:00:00+00:00,15.722333333333333,24,21.7,24,17.98004583333333,24,,0
CARD,Cardiff Centre,Urban Background,51.48178,-3.17625,2026-03-10 00:00:00+00:00,3.4583333333333335,24,6.6425833333333335,24,15.280596666666668,24,67.19826875,24
CHP,Chepstow A48,Urban Traffic,51.638094,-2.678731,2026-03-10 00:00:00+00:00,6.083333333333333,24,10.829458333333333,24,22.764385,24,,0
NPT3,Newport,Urban Background,51.601203,-2.977281,2026-03-10 00:00:00+00:00,3.3215416666666666,24,8.273958333333333,24,11.858600869565217,23,,0
PEMB,Narberth,Rural Background,51.782616,-4.69237,2026-03-10 00:00:00+00:00,3.3285,24,6.983333333333333,24,3.2656420833333333,24,76.06042416666668,24
PT4,Port Talbot Margam,Urban Industrial,51.58395,-3.770822,2026-03-10 00:00:00+00:00,4.666666666666667,24,14.291666666666666,24,,0,,13
SWA1,Swansea Roadside,Urban Traffic,51.632696,-3.947374,2026-03-10 00:00:00+00:00,4.208333333333333,24,10.628375,24,13.007093333333332,24,,0
WREX,Wrexham,Urban Traffic,53.042282,-3.002829,2026-03-10 00:00:00+00:00,2.181625,24,6.605208333333334,24,12.648757916666668,24,,0
CARD,Cardiff Centre,Urban Background,51.48178,-3.17625,2026-03-11 00:00:00+00:00,9.416666666666666,24,24.59783333333333,24,7.988566250000001,24,76.43531083333335,24
CHP,Chepstow A48,Urban Traffic,51.638094,-2.678731,2026-03-11 00:00:00+00:00,9.375,24,20.209708333333335,24,25.835298750000003,24,,0
NPT3,Newport,Urban Background,51.601203,-2.977281,2026-03-11 00:00:00+00:00,9.015458333333333,24,20.313541666666666,24,5.556910416666667,24,,0
PEMB,Narberth,Rural Background,51.782616,-4.69237,2026-03-11 00:00:00+00:00,9.637500000000001,24,18.485416666666666,24,2.310357916666667,24,76.18862041666665,24
PT4,Port Talbot Margam,Urban Industrial,51.58395,-3.770822,2026-03-11 00:00:00+00:00,8.375,24,26.61075,24,,0,78.88974541666667,24
SWA1,Swansea Roadside,Urban Traffic,51.632696,-3.947374,2026-03-11 00:00:00+00:00,8.458333333333334,24,24.517375,24,7.2707325,24,,0
WREX,Wrexham,Urban Traffic,53.042282,-3.002829,2026-03-11 00:00:00+00:00,6.4239999999999995,24,12.457291666666668,24,5.0356258333333335,24,,0
CARD,Cardiff Centre,Urban Background,51.48178,-3.17625,2026-03-12 00:00:00+00:00,4.708333333333333,24,10.104916666666666,24,6.458007916666666,24,74.72718541666667,24
CHP,Chepstow A48,Urban Traffic,51.638094,-2.678731,2026-03-12 00:00:00+00:00,6.458333333333333,24,11.393083333333335,24,10.928125,24,,0
NPT3,Newport,Urban Background,51.601203,-2.977281,2026-03-12 00:00:00+00:00,5.628,24,13.088541666666666,24,5.626493750000001,24,,0
PEMB,Narberth,Rural Background,51.782616,-4.69237,2026-03-12 00:00:00+00:00,5.1710416666666665,24,8.614583333333334,24,1.4669283333333334,24,81.99070291666665,24
PT4,Port Talbot Margam,Urban Industrial,51.58395,-3.770822,2026-03-12 00:00:00+00:00,8.25,24,27.818375,24,,0,76.14149958333331,24
SWA1,Swansea Roadside,Urban Traffic,51.632696,-3.947374,2026-03-12 00:00:00+00:00,6.25,24,18.92141666666667,24,4.132377916666667,24,,0
WREX,Wrexham,Urban Traffic,53.042282,-3.002829,2026-03-12 00:00:00+00:00,2.6100833333333333,24,5.020833333333333,24,4.9986629166666665,24,,0
CARD,Cardiff Centre,Urban Background,51.48178,-3.17625,2026-03-13 00:00:00+00:00,6.041666666666667,24,12.641166666666665,24,11.197468333333333,24,72.46608666666667,24
CHP,Chepstow A48,Urban Traffic,51.638094,-2.678731,2026-03-13 00:00:00+00:00,9.083333333333334,24,15.016374999999998,24,28.49817333333333,24,,0
NPT3,Newport,Urban Background,51.601203,-2.977281,2026-03-13 00:00:00+00:00,5.2604999999999995,24,11.383333333333333,24,9.325888695652173,23,,0
PEMB,Narberth,Rural Background,51.782616,-4.69237,2026-03-13 00:00:00+00:00,3.3814583333333332,24,5.816666666666666,24,1.5391841666666668,24,70.94228541666665,24
PT4,Port Talbot Margam,Urban Industrial,51.58395,-3.770822,2026-03-13 00:00:00+00:00,6.875,24,15.781333333333334,24,,12,74.91705458333333,24
SWA1,Swansea Roadside,Urban Traffic,51.632696,-3.947374,2026-03-13 00:00:00+00:00,4.25,24,14.815041666666666,24,10.544300833333333,24,,0
WREX,Wrexham,Urban Traffic,53.042282,-3.002829,2026-03-13 00:00:00+00:00,2.955,24,5.401041666666667,24,3.9411125000000005,24,,0
CARD,Cardiff Centre,Urban Background,51.48178,-3.17625,2026-03-14 00:00:00+00:00,8.541666666666666,24,14.77475,24,13.510757499999999,24,55.615585833333334,24
CHP,Chepstow A48,Urban Traffic,51.638094,-2.678731,2026-03-14 00:00:00+00:00,10.208333333333334,24,19.927916666666665,24,30.368627500000002,24,,0
NPT3,Newport,Urban Background,51.601203,-2.977281,2026-03-14 00:00:00+00:00,5.983750000000001,24,10.887500000000001,24,18.397997083333333,24,,0
PEMB,Narberth,Rural Background,51.782616,-4.69237,2026-03-14 00:00:00+00:00,3.81875,24,8.375,24,2.0724095833333336,24,63.42098958333332,24
PT4,Port Talbot Margam,Urban Industrial,51.58395,-3.770822,2026-03-14 00:00:00+00:00,6.541666666666667,24,12.480125000000001,24,11.779844583333334,24,49.09075625,24
SWA1,Swansea Roadside,Urban Traffic,51.632696,-3.947374,2026-03-14 00:00:00+00:00,10.0,24,17.673416666666668,24,19.04485375,24,,0
WREX,Wrexham,Urban Traffic,53.042282,-3.002829,2026-03-14 00:00:00+00:00,5.108125,24,10.328125,24,10.133272083333333,24,,0
CARD,Cardiff Centre,Urban Background,51.48178,-3.17625,2026-03-15 00:00:00+00:00,7.625,24,12.479999999999999,24,12.44181125,24,60.897955833333334,24
CHP,Chepstow A48,Urban Traffic,51.638094,-2.678731,2026-03-15 00:00:00+00:00,7.958333333333333,24,11.594375,24,18.471204583333332,24,,0
NPT3,Newport,Urban Background,51.601203,-2.977281,2026-03-15 00:00:00+00:00,5.716458333333333,24,10.609375,24,7.6704904166666665,24,,0
PEMB,Narberth,Rural Background,51.782616,-4.69237,2026-03-15 00:00:00+00:00,4.6963333333333335,24,8.772916666666667,24,1.340552608695652,23,69.99779375,24
PT4,Port Talbot Margam,Urban Industrial,51.58395,-3.770822,2026-03-15 00:00:00+00:00,6.75,24,16.586333333333332,24,4.8442575,24,65.76940458333333,24
SWA1,Swansea Roadside,Urban Traffic,51.632696,-3.947374,2026-03-15 00:00:00+00:00,8.666666666666666,24,18.196791666666666,24,10.3361425,24,,0
WREX,Wrexham,Urban Traffic,53.042282,-3.002829,2026-03-15 00:00:00+00:00,3.260521739130435,23,5.744217391304347,23,4.041487916666667,24,,0
CARD,Cardiff Centre,Urban Background,51.48178,-3.17625,2026-03-16 00:00:00+00:00,6.916666666666667,24,14.291583333333334,24,9.683972083333334,24,71.72254875,24
CHP,Chepstow A48,Urban Traffic,51.638094,-2.678731,2026-03-16 00:00:00+00:00,7.2272727272727275,22,16.205772727272727,22,25.02097541666667,24,,0
NPT3,Newport,Urban Background,51.601203,-2.977281,2026-03-16 00:00:00+00:00,7.261208333333333,24,14.890625,24,8.914102083333333,24,,0
PEMB,Narberth,Rural Background,51.782616,-4.69237,2026-03-16 00:00:00+00:00,8.981916666666667,24,15.09375,24,1.6410816666666665,24,78.69918291666666,24
PT4,Port Talbot Margam,Urban Industrial,51.58395,-3.770822,2026-03-16 00:00:00+00:00,8.541666666666666,24,22.18241666666667,24,6.662097916666667,24,77.69856166666668,24
SWA1,Swansea Roadside,Urban Traffic,51.632696,-3.947374,2026-03-16 00:00:00+00:00,9.0,24,20.330458333333333,24,7.678502083333334,24,,0
WREX,Wrexham,Urban Traffic,53.042282,-3.002829,2026-03-16 00:00:00+00:00,3.760875,24,6.75,24,6.683964583333334,24,,0
CARD,Cardiff Centre,Urban Background,51.48178,-3.17625,2026-03-17 00:00:00+00:00,10.416666666666666,24,21.377208333333332,24,15.13566,24,70.19944125000002,24
CHP,Chepstow A48,Urban Traffic,51.638094,-2.678731,2026-03-17 00:00:00+00:00,10.227272727272727,22,23.309625,24,26.593647083333334,24,,0
NPT3,Newport,Urban Background,51.601203,-2.977281,2026-03-17 00:00:00+00:00,10.555291666666667,24,18.988541666666666,24,13.14474875,24,,0
PEMB,Narberth,Rural Background,51.782616,-4.69237,2026-03-17 00:00:00+00:00,10.110083333333334,24,17.119791666666668,24,2.31251,24,79.30828791666666,24
PT4,Port Talbot Margam,Urban Industrial,51.58395,-3.770822,2026-03-17 00:00:00+00:00,9.956521739130435,23,21.844521739130435,23,10.353056818181818,22,69.75983826086956,23
SWA1,Swansea Roadside,Urban Traffic,51.632696,-3.947374,2026-03-17 00:00:00+00:00,10.375,24,27.335416666666664,24,19.043883333333333,24,,0
WREX,Wrexham,Urban Traffic,53.042282,-3.002829,2026-03-17 00:00:00+00:00,6.377791666666667,24,12.057291666666666,24,10.79768,23,,0
CARD,Cardiff Centre,Urban Background,51.48178,-3.17625,2026-03-18 00:00:00+00:00,10.875,24,18.800625,24,24.385749166666667,24,41.61796833333333,24
CHP,Chepstow A48,Urban Traffic,51.638094,-2.678731,2026-03-18 00:00:00+00:00,11.304347826086957,23,17.109875,24,22.456807083333334,24,,0
NPT3,Newport,Urban Background,51.601203,-2.977281,2026-03-18 00:00:00+00:00,8.395291666666667,24,14.057291666666666,24,20.187884583333332,24,,0
PEMB,Narberth,Rural Background,51.782616,-4.69237,2026-03-18 00:00:00+00:00,7.319291666666667,24,13.375,24,5.183267916666667,24,63.42653333333333,24
PT4,Port Talbot Margam,Urban Industrial,51.58395,-3.770822,2026-03-18 00:00:00+00:00,8.208333333333334,24,12.842333333333334,24,12.71018625,24,50.92153416666667,24
SWA1,Swansea Roadside,Urban Traffic,51.632696,-3.947374,2026-03-18 00:00:00+00:00,10.636363636363637,22,21.466434782608697,23,31.703342173913043,23,,0
WREX,Wrexham,Urban Traffic,53.042282,-3.002829,2026-03-18 00:00:00+00:00,12.111916666666666,24,22.08125,24,29.364410000000003,24,,0
CARD,Cardiff Centre,Urban Background,51.48178,-3.17625,2026-03-19 00:00:00+00:00,16.958333333333332,24,24.960125,24,22.645482916666666,24,59.585505833333336,24
CHP,Chepstow A48,Urban Traffic,51.638094,-2.678731,2026-03-19 00:00:00+00:00,17.125,24,25.725041666666666,24,26.73093833333333,24,,0
NPT3,Newport,Urban Background,51.601203,-2.977281,2026-03-19 00:00:00+00:00,16.475083333333334,24,25.506249999999998,24,21.87468625,24,,0
PEMB,Narberth,Rural Background,51.782616,-4.69237,2026-03-19 00:00:00+00:00,13.51025,24,20.20208333333333,24,8.3345525,24,66.9134675,24
PT4,Port Talbot Margam,Urban Industrial,51.58395,-3.770822,2026-03-19 00:00:00+00:00,12.619047619047619,21,19.364291666666666,24,13.443665416666667,24,67.89884291666667,24
SWA1,Swansea Roadside,Urban Traffic,51.632696,-3.947374,2026-03-19 00:00:00+00:00,15.041666666666666,24,25.44333333333333,24,39.91293916666667,24,,0
WREX,Wrexham,Urban Traffic,53.042282,-3.002829,2026-03-19 00:00:00+00:00,15.969958333333333,24,26.208333333333332,24,31.358988333333333,24,,0
CARD,Cardiff Centre,Urban Background,51.48178,-3.17625,2026-03-20 00:00:00+00:00,23.0,24,32.730125,24,24.844104782608696,23,61.29363083333334,24
CHP,Chepstow A48,Urban Traffic,51.638094,-2.678731,2026-03-20 00:00:00+00:00,24.958333333333332,24,30.556124999999998,24,24.874042916666667,24,,0
NPT3,Newport,Urban Background,51.601203,-2.977281,2026-03-20 00:00:00+00:00,25.332166666666666,24,33.89270833333333,24,24.512024999999998,24,,0
PEMB,Narberth,Rural Background,51.782616,-4.69237,2026-03-20 00:00:00+00:00,25.623125,24,34.333333333333336,24,9.637068333333334,24,77.52670958333334,24
PT4,Port Talbot Margam,Urban Industrial,51.58395,-3.770822,2026-03-20 00:00:00+00:00,20.166666666666668,24,37.762458333333335,24,24.160277500000003,24,51.457185833333334,24
SWA1,Swansea Roadside,Urban Traffic,51.632696,-3.947374,2026-03-20 00:00:00+00:00,24.125,24,34.179291666666664,24,38.09437333333333,24,,0
WREX,Wrexham,Urban Traffic,53.042282,-3.002829,2026-03-20 00:00:00+00:00,28.350166666666667,24,37.42916666666667,24,26.736874583333332,24,,0
CARD,Cardiff Centre,Urban Background,51.48178,-3.17625,2026-03-21 00:00:00+00:00,28.833333333333332,24,35.789625,24,29.816855652173913,23,46.26282208333334,24
CHP,Chepstow A48,Urban Traffic,51.638094,-2.678731,2026-03-21 00:00:00+00:00,25.208333333333332,24,30.31441666666667,24,24.030661666666663,24,,0
NPT3,Newport,Urban Background,51.601203,-2.977281,2026-03-21 00:00:00+00:00,25.334125,24,31.444791666666664,24,23.416596666666667,24,,0
PEMB,Narberth,Rural Background,51.782616,-4.69237,2026-03-21 00:00:00+00:00,30.695791666666665,24,38.87291666666667,24,10.154269583333333,24,83.98917458333332,24
PT4,Port Talbot Margam,Urban Industrial,51.58395,-3.770822,2026-03-21 00:00:00+00:00,24.166666666666668,24,28.663916666666665,24,14.9304975,24,48.97711375,24
SWA1,Swansea Roadside,Urban Traffic,51.632696,-3.947374,2026-03-21 00:00:00+00:00,23.541666666666668,24,31.441875,24,33.611457916666666,24,,0
WREX,Wrexham,Urban Traffic,53.042282,-3.002829,2026-03-21 00:00:00+00:00,27.740875,24,37.50416666666667,24,29.796130416666667,24,,0
CARD,Cardiff Centre,Urban Background,51.48178,-3.17625,2026-03-22 00:00:00+00:00,29.458333333333332,24,33.937875,24,21.5264725,24,56.48801291666667,24
CHP,Chepstow A48,Urban Traffic,51.638094,-2.678731,2026-03-22 00:00:00+00:00,19.625,24,25.121125000000003,24,26.962652916666666,24,,0
NPT3,Newport,Urban Background,51.601203,-2.977281,2026-03-22 00:00:00+00:00,26.368041666666667,24,33.06458333333333,24,19.893953333333332,24,,0
PEMB,Narberth,Rural Background,51.782616,-4.69237,2026-03-22 00:00:00+00:00,22.8215,24,28.349999999999998,24,7.1298125,24,90.63457749999999,24
PT4,Port Talbot Margam,Urban Industrial,51.58395,-3.770822,2026-03-22 00:00:00+00:00,21.041666666666668,24,24.960250000000002,24,10.071496250000001,24,62.94216083333333,24
SWA1,Swansea Roadside,Urban Traffic,51.632696,-3.947374,2026-03-22 00:00:00+00:00,21.541666666666668,24,26.651041666666668,24,19.186671666666665,24,,0
WREX,Wrexham,Urban Traffic,53.042282,-3.002829,2026-03-22 00:00:00+00:00,19.29254166666667,24,26.40416666666667,24,18.09216041666667,24,,0
CARD,Cardiff Centre,Urban Background,51.48178,-3.17625,2026-03-23 00:00:00+00:00,14.458333333333334,24,22.303208333333334,24,18.856437500000002,24,62.48412041666668,24
CHP,Chepstow A48,Urban Traffic,51.638094,-2.678731,2026-03-23 00:00:00+00:00,13.041666666666666,24,23.430374999999998,24,27.11231375,24,,0
NPT3,Newport,Urban Background,51.601203,-2.977281,2026-03-23 00:00:00+00:00,14.07425,24,24.304166666666664,24,17.457470833333335,24,,0
PEMB,Narberth,Rural Background,51.782616,-4.69237,2026-03-23 00:00:00+00:00,11.210791666666667,24,16.855208333333334,24,6.108575416666667,24,65.16168583333334,24
PT4,Port Talbot Margam,Urban Industrial,51.58395,-3.770822,2026-03-23 00:00:00+00:00,13.708333333333334,24,26.00679166666667,24,15.295209583333333,24,50.78433041666667,24
SWA1,Swansea Roadside,Urban Traffic,51.632696,-3.947374,2026-03-23 00:00:00+00:00,12.5,24,19.60575,24,20.21744,24,,0
WREX,Wrexham,Urban Traffic,53.042282,-3.002829,2026-03-23 00:00:00+00:00,7.485333333333333,24,16.234375,24,18.620442083333334,24,,0
CARD,Cardiff Centre,Urban Background,51.48178,-3.17625,2026-03-24 00:00:00+00:00,4.75,24,9.38025,24,8.679630833333333,24,72.50974083333334,24
CHP,Chepstow A48,Urban Traffic,51.638094,-2.678731,2026-03-24 00:00:00+00:00,3.9166666666666665,24,10.628124999999999,24,15.440313333333334,24,,0
NPT3,Newport,Urban Background,51.601203,-2.977281,2026-03-24 00:00:00+00:00,3.1222083333333335,24,6.448958333333334,24,6.129890434782609,23,,0
PEMB,Narberth,Rural Background,51.782616,-4.69237,2026-03-24 00:00:00+00:00,2.6199166666666667,24,4.361458333333333,24,3.22912625,24,74.98496416666667,24
PT4,Port Talbot Margam,Urban Industrial,51.58395,-3.770822,2026-03-24 00:00:00+00:00,5.416666666666667,24,11.79575,24,5.948465217391304,23,74.57543041666666,24
SWA1,Swansea Roadside,Urban Traffic,51.632696,-3.947374,2026-03-24 00:00:00+00:00,3.3333333333333335,24,8.776291666666667,24,5.6396533333333325,24,,0
WREX,Wrexham,Urban Traffic,53.042282,-3.002829,2026-03-24 00:00:00+00:00,1.38275,24,5.922916666666667,24,4.822829583333333,24,,0
CARD,Cardiff Centre,Urban Background,51.48178,-3.17625,2026-03-25 00:00:00+00:00,4.681818181818182,22,9.8,21,5.717236086956522,23,79.35679458333333,24
CHP,Chepstow A48,Urban Traffic,51.638094,-2.678731,2026-03-25 00:00:00+00:00,7.166666666666667,24,12.0775,24,13.353632916666667,24,,0
NPT3,Newport,Urban Background,51.601203,-2.977281,2026-03-25 00:00:00+00:00,3.3215416666666666,24,7.497916666666666,24,5.115487083333333,24,,0
PEMB,Narberth,Rural Background,51.782616,-4.69237,2026-03-25 00:00:00+00:00,4.769125,24,9.610416666666667,24,1.7316170833333333,24,79.683175,24
PT4,Port Talbot Margam,Urban Industrial,51.58395,-3.770822,2026-03-25 00:00:00+00:00,5.708333333333333,24,13.44625,24,7.476535416666667,24,75.80541791666666,24
SWA1,Swansea Roadside,Urban Traffic,51.632696,-3.947374,2026-03-25 00:00:00+00:00,,13,11.95675,24,5.2434425,24,,0
WREX,Wrexham,Urban Traffic,53.042282,-3.002829,2026-03-25 00:00:00+00:00,3.775541666666667,24,7.589583333333334,24,3.9448216666666664,24,,0
CARD,Cardiff Centre,Urban Background,51.48178,-3.17625,2026-03-26 00:00:00+00:00,5.875,24,12.359333333333334,24,9.7786575,24,70.74479458333333,24
CHP,Chepstow A48,Urban Traffic,51.638094,-2.678731,2026-03-26 00:00:00+00:00,6.791666666666667,24,11.674916666666666,24,23.16977375,24,,0
NPT3,Newport,Urban Background,51.601203,-2.977281,2026-03-26 00:00:00+00:00,4.095916666666667,24,8.907291666666667,24,8.450546521739131,23,,0
PEMB,Narberth,Rural Background,51.782616,-4.69237,2026-03-26 00:00:00+00:00,5.853041666666667,24,11.890625,24,2.024892916666667,24,74.21925375000001,24
PT4,Port Talbot Margam,Urban Industrial,51.58395,-3.770822,2026-03-26 00:00:00+00:00,7.636363636363637,22,14.090291666666666,24,10.450642083333333,24,67.39645291666665,24
SWA1,Swansea Roadside,Urban Traffic,51.632696,-3.947374,2026-03-26 00:00:00+00:00,,9,,16,9.20662875,24,,0
WREX,Wrexham,Urban Traffic,53.042282,-3.002829,2026-03-26 00:00:00+00:00,3.156541666666667,24,7.288541666666667,24,6.651755416666667,24,,0
CARD,Cardiff Centre,Urban Background,51.48178,-3.17625,2026-03-27 00:00:00+00:00,7.125,24,11.272291666666668,24,11.406444583333332,24,68.79968041666667,24
CHP,Chepstow A48,Urban Traffic,51.638094,-2.678731,2026-03-27 00:00:00+00:00,7.333333333333333,24,13.406125000000001,24,21.170535217391304,23,,0
NPT3,Newport,Urban Background,51.601203,-2.977281,2026-03-27 00:00:00+00:00,5.167,24,10.293750000000001,24,9.112776250000001,24,,0
PEMB,Narberth,Rural Background,51.782616,-4.69237,2026-03-27 00:00:00+00:00,5.517791666666667,24,9.908333333333333,24,3.0193812500000003,24,74.18668458333333,24
PT4,Port Talbot Margam,Urban Industrial,51.58395,-3.770822,2026-03-27 00:00:00+00:00,6.166666666666667,24,14.01,24,9.536924166666667,24,70.078175,24
SWA1,Swansea Roadside,Urban Traffic,51.632696,-3.947374,2026-03-27 00:00:00+00:00,5.333333333333333,24,14.090333333333334,24,9.376044583333334,24,,0
WREX,Wrexham,Urban Traffic,53.042282,-3.002829,2026-03-27 00:00:00+00:00,4.5125,24,8.826041666666667,24,7.520770833333334,24,,0
CARD,Cardiff Centre,Urban Background,51.48178,-3.17625,2026-03-28 00:00:00+00:00,6.833333333333333,24,12.560708333333332,24,8.960425,24,68.93965583333333,24
CHP,Chepstow A48,Urban Traffic,51.638094,-2.678731,2026-03-28 00:00:00+00:00,7.5,24,17.02929166666667,24,,14,,0
NPT3,Newport,Urban Background,51.601203,-2.977281,2026-03-28 00:00:00+00:00,5.446166666666667,24,11.807291666666666,24,7.3223287500000005,24,,0
PEMB,Narberth,Rural Background,51.782616,-4.69237,2026-03-28 00:00:00+00:00,5.043333333333334,24,10.732291666666667,24,1.6725966666666665,24,70.59234500000001,24
PT4,Port Talbot Margam,Urban Industrial,51.58395,-3.770822,2026-03-28 00:00:00+00:00,,15,14.452791666666668,24,8.186896666666668,24,66.49353708333334,24
SWA1,Swansea Roadside,Urban Traffic,51.632696,-3.947374,2026-03-28 00:00:00+00:00,6.375,24,15.298083333333333,24,13.151635833333332,24,,0
WREX,Wrexham,Urban Traffic,53.042282,-3.002829,2026-03-28 00:00:00+00:00,4.852541666666666,24,10.512500000000001,24,4.12121125,24,,0
CARD,Cardiff Centre,Urban Background,51.48178,-3.17625,2026-03-29 00:00:00+00:00,8.333333333333334,24,14.372124999999999,24,12.507328333333334,24,65.13050249999999,24
CHP,Chepstow A48,Urban Traffic,51.638094,-2.678731,2026-03-29 00:00:00+00:00,7.416666666666667,24,19.364208333333334,24,,0,,0
NPT3,Newport,Urban Background,51.601203,-2.977281,2026-03-29 00:00:00+00:00,5.814708333333333,24,11.060416666666667,24,10.403449166666666,24,,0
PEMB,Narberth,Rural Background,51.782616,-4.69237,2026-03-29 00:00:00+00:00,5.914958333333334,24,10.834375,24,1.9352329166666669,24,77.25992374999998,24
PT4,Port Talbot Margam,Urban Industrial,51.58395,-3.770822,2026-03-29 00:00:00+00:00,,11,16.9085,24,5.0029579166666664,24,68.7851275,24
SWA1,Swansea Roadside,Urban Traffic,51.632696,-3.947374,2026-03-29 00:00:00+00:00,7.041666666666667,24,14.573500000000001,24,10.941033333333332,24,,0
WREX,Wrexham,Urban Traffic,53.042282,-3.002829,2026-03-29 00:00:00+00:00,5.022625000000001,24,9.184375000000001,24,3.4792629166666664,24,,0
CARD,Cardiff Centre,Urban Background,51.48178,-3.17625,2026-03-30 00:00:00+00:00,10.625,24,21.940875000000002,24,9.264164583333333,24,71.66434083333333,24
CHP,Chepstow A48,Urban Traffic,51.638094,-2.678731,2026-03-30 00:00:00+00:00,12.80952380952381,21,24.911217391304348,23,,0,,0
NPT3,Newport,Urban Background,51.601203,-2.977281,2026-03-30 00:00:00+00:00,10.507166666666667,24,20.175,24,7.3930879166666665,24,,0
PEMB,Narberth,Rural Background,51.782616,-4.69237,2026-03-30 00:00:00+00:00,11.628458333333334,24,20.565625,24,1.9932004166666666,24,75.94885958333333,24
PT4,Port Talbot Margam,Urban Industrial,51.58395,-3.770822,2026-03-30 00:00:00+00:00,,13,24.155041666666666,24,11.624464166666668,24,67.23846041666667,24
SWA1,Swansea Roadside,Urban Traffic,51.632696,-3.947374,2026-03-30 00:00:00+00:00,11.619047619047619,21,25.296909090909093,22,7.584477391304348,23,,0
WREX,Wrexham,Urban Traffic,53.042282,-3.002829,2026-03-30 00:00:00+00:00,10.539583333333333,24,19.355208333333334,24,3.8546975,24,,0
CARD,Cardiff Centre,Urban Background,51.48178,-3.17625,2026-03-31 00:00:00+00:00,8.458333333333334,24,13.768291666666668,24,11.187191666666665,24,49.89042291666666,24
CHP,Chepstow A48,Urban Traffic,51.638094,-2.678731,2026-03-31 00:00:00+00:00,9.916666666666666,24,16.586375,24,,0,,0
NPT3,Newport,Urban Background,51.601203,-2.977281,2026-03-31 00:00:00+00:00,4.485041666666667,24,8.409374999999999,24,9.370081666666666,24,,0
PEMB,Narberth,Rural Background,51.782616,-4.69237,2026-03-31 00:00:00+00:00,3.9456249999999997,24,6.663541666666667,24,2.494137916666667,24,56.35288708333332,24
PT4,Port Talbot Margam,Urban Industrial,51.58395,-3.770822,2026-03-31 00:00:00+00:00,,10,16.74752380952381,21,15.1413025,24,43.21868583333333,24
SWA1,Swansea Roadside,Urban Traffic,51.632696,-3.947374,2026-03-31 00:00:00+00:00,9.875,24,17.794208333333334,24,17.747010416666665,24,,0
WREX,Wrexham,Urban Traffic,53.042282,-3.002829,2026-03-31 00:00:00+00:00,3.5091666666666668,24,6.829166666666667,24,7.077403043478261,23,,0
CARD,Cardiff Centre,Urban Background,51.48178,-3.17625,2026-04-01 00:00:00+00:00,8.375,24,18.599291666666666,24,9.805467391304347,23,79.95619749999999,24
CHP,Chepstow A48,Urban Traffic,51.638094,-2.678731,2026-04-01 00:00:00+00:00,8.333333333333334,24,18.639583333333334,24,,0,,0
NPT3,Newport,Urban Background,51.601203,-2.977281,2026-04-01 00:00:00+00:00,6.651875,24,12.622916666666667,24,7.616890416666667,24,,0
PEMB,Narberth,Rural Background,51.782616,-4.69237,2026-04-01 00:00:00+00:00,5.759666666666667,24,11.280208333333334,24,2.1901052173913045,23,75.68207291666666,24
PT4,Port Talbot Margam,Urban Industrial,51.58395,-3.770822,2026-04-01 00:00:00+00:00,5.608695652173913,23,19.996086956521737,23,10.953494782608695,23,68.77138913043477,23
SWA1,Swansea Roadside,Urban Traffic,51.632696,-3.947374,2026-04-01 00:00:00+00:00,6.208333333333333,24,17.955166666666667,24,10.399770416666668,24,,0
WREX,Wrexham,Urban Traffic,53.042282,-3.002829,2026-04-01 00:00:00+00:00,3.489708333333333,24,6.776041666666667,24,5.352210833333333,24,,0
CARD,Cardiff Centre,Urban Background,51.48178,-3.17625,2026-04-02 00:00:00+00:00,4.125,24,8.413958333333333,24,9.3249525,24,77.86764166666667,24
CHP,Chepstow A48,Urban Traffic,51.638094,-2.678731,2026-04-02 00:00:00+00:00,6.625,24,11.352875,24,,0,,0
NPT3,Newport,Urban Background,51.601203,-2.977281,2026-04-02 00:00:00+00:00,3.6184166666666666,24,8.586458333333333,24,8.106630416666667,24,,0
PEMB,Narberth,Rural Background,51.782616,-4.69237,2026-04-02 00:00:00+00:00,3.5239999999999996,24,7.882291666666667,24,2.501265,24,71.00880875,24
PT4,Port Talbot Margam,Urban Industrial,51.58395,-3.770822,2026-04-02 00:00:00+00:00,3.9583333333333335,24,10.950208333333334,24,8.419472083333334,24,66.0251025,24
SWA1,Swansea Roadside,Urban Traffic,51.632696,-3.947374,2026-04-02 00:00:00+00:00,3.8333333333333335,24,10.990416666666667,24,9.178392916666667,24,,0
WREX,Wrexham,Urban Traffic,53.042282,-3.002829,2026-04-02 00:00:00+00:00,2.751625,24,5.6781250000000005,24,10.538472916666667,24,,0
CARD,Cardiff Centre,Urban Background,51.48178,-3.17625,2026-04-03 00:00:00+00:00,6.916666666666667,24,12.681333333333333,24,5.80130375,24,86.52537666666665,24
CHP,Chepstow A48,Urban Traffic,51.638094,-2.678731,2026-04-03 00:00:00+00:00,6.166666666666667,24,12.963208333333334,24,,0,,0
NPT3,Newport,Urban Background,51.601203,-2.977281,2026-04-03 00:00:00+00:00,5.216291666666667,24,9.727083333333333,24,3.531776666666667,24,,0
PEMB,Narberth,Rural Background,51.782616,-4.69237,2026-04-03 00:00:00+00:00,5.296916666666667,24,9.1875,24,2.628985,24,80.06776250000001,24
PT4,Port Talbot Margam,Urban Industrial,51.58395,-3.770822,2026-04-03 00:00:00+00:00,6.791666666666667,24,18.59925,24,4.8895116666666665,24,79.72475124999998,24
SWA1,Swansea Roadside,Urban Traffic,51.632696,-3.947374,2026-04-03 00:00:00+00:00,6.916666666666667,24,13.607208333333332,24,4.751314166666667,24,,0
WREX,Wrexham,Urban Traffic,53.042282,-3.002829,2026-04-03 00:00:00+00:00,1.6814166666666666,24,3.5593749999999997,24,6.6658599999999995,24,,0
CARD,Cardiff Centre,Urban Background,51.48178,-3.17625,2026-04-04 00:00:00+00:00,7.625,24,17.190291666666667,24,7.703655416666667,24,85.85459958333331,24
CHP,Chepstow A48,Urban Traffic,51.638094,-2.678731,2026-04-04 00:00:00+00:00,8.25,24,16.586333333333332,24,,0,,0
NPT3,Newport,Urban Background,51.601203,-2.977281,2026-04-04 00:00:00+00:00,7.260208333333334,24,15.516666666666666,24,4.493319583333333,24,,0
PEMB,Narberth,Rural Background,51.782616,-4.69237,2026-04-04 00:00:00+00:00,7.506833333333333,24,13.422916666666666,24,1.6549504166666666,24,81.92625833333334,24
PT4,Port Talbot Margam,Urban Industrial,51.58395,-3.770822,2026-04-04 00:00:00+00:00,12.166666666666666,24,32.20666666666667,24,7.78241125,24,75.88164291666665,24
SWA1,Swansea Roadside,Urban Traffic,51.632696,-3.947374,2026-04-04 00:00:00+00:00,7.125,24,20.69279166666667,24,7.553126250000001,24,,0
WREX,Wrexham,Urban Traffic,53.042282,-3.002829,2026-04-04 00:00:00+00:00,3.8688333333333333,24,8.327083333333333,24,9.458408333333333,24,,0
CARD,Cardiff Centre,Urban Background,51.48178,-3.17625,2026-04-05 00:00:00+00:00,6.291666666666667,24,13.768374999999999,24,8.766205416666667,24,82.66494458333334,24
CHP,Chepstow A48,Urban Traffic,51.638094,-2.678731,2026-04-05 00:00:00+00:00,6.791666666666667,24,13.325375000000001,24,,0,,0
NPT3,Newport,Urban Background,51.601203,-2.977281,2026-04-05 00:00:00+00:00,4.358375,24,10.177083333333334,24,4.306272916666667,24,,0
PEMB,Narberth,Rural Background,51.782616,-4.69237,2026-04-05 00:00:00+00:00,3.485708333333333,24,8.11875,24,1.3100570833333334,24,76.75891958333334,24
PT4,Port Talbot Margam,Urban Industrial,51.58395,-3.770822,2026-04-05 00:00:00+00:00,5.375,24,15.821458333333332,24,4.159990416666667,24,74.34329083333334,24
SWA1,Swansea Roadside,Urban Traffic,51.632696,-3.947374,2026-04-05 00:00:00+00:00,6.041666666666667,24,16.22404166666667,24,8.868295416666667,24,,0
WREX,Wrexham,Urban Traffic,53.042282,-3.002829,2026-04-05 00:00:00+00:00,2.339875,24,4.870833333333334,24,4.888530416666667,24,,0
CARD,Cardiff Centre,Urban Background,51.48178,-3.17625,2026-04-06 00:00:00+00:00,8.0,24,,11,16.434326666666667,24,62.72249541666667,24
CHP,Chepstow A48,Urban Traffic,51.638094,-2.678731,2026-04-06 00:00:00+00:00,8.916666666666666,24,15.459166666666667,24,,0,,0
NPT3,Newport,Urban Background,51.601203,-2.977281,2026-04-06 00:00:00+00:00,6.374916666666667,24,11.628124999999999,24,12.152045000000001,24,,0
PEMB,Narberth,Rural Background,51.782616,-4.69237,2026-04-06 00:00:00+00:00,5.993541666666666,24,17.616666666666667,24,2.4832483333333335,24,80.12181166666667,24
PT4,Port Talbot Margam,Urban Industrial,51.58395,-3.770822,2026-04-06 00:00:00+00:00,5.0476190476190474,21,11.835958333333332,24,4.263850833333334,24,72.95045875000001,24
SWA1,Swansea Roadside,Urban Traffic,51.632696,-3.947374,2026-04-06 00:00:00+00:00,7.291666666666667,24,15.821416666666666,24,14.403642499999998,24,,0
WREX,Wrexham,Urban Traffic,53.042282,-3.002829,2026-04-06 00:00:00+00:00,4.2984583333333335,24,9.658333333333333,24,11.501397083333332,24,,0
CARD,Cardiff Centre,Urban Background,51.48178,-3.17625,2026-04-07 00:00:00+00:00,7.75,24,,0,20.282998333333335,24,75.08128416666666,24
CHP,Chepstow A48,Urban Traffic,51.638094,-2.678731,2026-04-07 00:00:00+00:00,7.875,24,15.177416666666666,24,,0,,0
NPT3,Newport,Urban Background,51.601203,-2.977281,2026-04-07 00:00:00+00:00,4.997125,24,11.509375,24,18.860882916666664,24,,0
PEMB,Narberth,Rural Background,51.782616,-4.69237,2026-04-07 00:00:00+00:00,9.13325,24,18.844791666666666,24,5.84039,24,83.32879125,24
PT4,Port Talbot Margam,Urban Industrial,51.58395,-3.770822,2026-04-07 00:00:00+00:00,5.3478260869565215,23,11.956791666666668,24,5.378173749999999,24,87.10606958333335,24
SWA1,Swansea Roadside,Urban Traffic,51.632696,-3.947374,2026-04-07 00:00:00+00:00,7.75,24,21.417416666666668,24,21.833531249999997,24,,0
WREX,Wrexham,Urban Traffic,53.042282,-3.002829,2026-04-07 00:00:00+00:00,6.513458333333333,24,14.877083333333333,24,18.652552916666668,24,,0
CARD,Cardiff Centre,Urban Background,51.48178,-3.17625,2026-04-08 00:00:00+00:00,11.91304347826087,23,,9,19.710098333333335,24,64.01762291666667,24
CHP,Chepstow A48,Urban Traffic,51.638094,-2.678731,2026-04-08 00:00:00+00:00,12.375,24,24.517375,24,,0,,0
NPT3,Newport,Urban Background,51.601203,-2.977281,2026-04-08 00:00:00+00:00,9.537125,24,20.794791666666665,24,16.199041666666666,24,,0
PEMB,Narberth,Rural Background,51.782616,-4.69237,2026-04-08 00:00:00+00:00,10.100333333333333,24,17.451041666666665,24,4.905204583333333,24,71.61999333333333,24
PT4,Port Talbot Margam,Urban Industrial,51.58395,-3.770822,2026-04-08 00:00:00+00:00,13.590909090909092,22,33.85733333333334,24,18.571945833333334,24,53.46674416666667,24
SWA1,Swansea Roadside,Urban Traffic,51.632696,-3.947374,2026-04-08 00:00:00+00:00,13.041666666666666,24,24.034208333333336,24,19.904629583333335,24,,0
WREX,Wrexham,Urban Traffic,53.042282,-3.002829,2026-04-08 00:00:00+00:00,12.294666666666666,24,22.870833333333334,24,24.983027916666668,24,,0
CARD,Cardiff Centre,Urban Background,51.48178,-3.17625,2026-04-09 00:00:00+00:00,8.5,24,12.399583333333332,24,8.298810416666667,24,79.0934725,24
CHP,Chepstow A48,Urban Traffic,51.638094,-2.678731,2026-04-09 00:00:00+00:00,10.458333333333334,24,17.230583333333332,24,,0,,0
NPT3,Newport,Urban Background,51.601203,-2.977281,2026-04-09 00:00:00+00:00,8.05825,24,14.845833333333333,24,7.594345833333333,24,,0
PEMB,Narberth,Rural Background,51.782616,-4.69237,2026-04-09 00:00:00+00:00,5.117999999999999,24,9.369791666666666,24,2.70952125,24,72.26235791666666,24
PT4,Port Talbot Margam,Urban Industrial,51.58395,-3.770822,2026-04-09 00:00:00+00:00,6.333333333333333,24,16.666875,24,9.882889166666667,24,68.67079083333333,24
SWA1,Swansea Roadside,Urban Traffic,51.632696,-3.947374,2026-04-09 00:00:00+00:00,5.958333333333333,24,13.929333333333332,24,9.327057083333333,24,,0
WREX,Wrexham,Urban Traffic,53.042282,-3.002829,2026-04-09 00:00:00+00:00,3.9062916666666667,24,7.385416666666667,24,7.957892916666666,24,,0
CARD,Cardiff Centre,Urban Background,51.48178,-3.17625,2026-04-10 00:00:00+00:00,7.625,24,15.459166666666667,24,9.487564166666667,24,85.01889999999999,24
CHP,Chepstow A48,Urban Traffic,51.638094,-2.678731,2026-04-10 00:00:00+00:00,8.958333333333334,24,17.633208333333332,24,,12,,0
NPT3,Newport,Urban Background,51.601203,-2.977281,2026-04-10 00:00:00+00:00,6.781791666666667,24,15.24375,24,6.253609166666667,24,,0
PEMB,Narberth,Rural Background,51.782616,-4.69237,2026-04-10 00:00:00+00:00,6.138000000000001,24,13.113541666666668,24,2.934658333333333,24,79.76702125000001,24
PT4,Port Talbot Margam,Urban Industrial,51.58395,-3.770822,2026-04-10 00:00:00+00:00,7.708333333333333,24,21.095375,24,11.1249375,24,71.79392291666666,24
SWA1,Swansea Roadside,Urban Traffic,51.632696,-3.947374,2026-04-10 00:00:00+00:00,8.291666666666666,24,20.008416666666665,24,16.010870454545454,22,,0
WREX,Wrexham,Urban Traffic,53.042282,-3.002829,2026-04-10 00:00:00+00:00,5.672250000000001,24,12.047916666666666,24,12.647702916666667,24,,0
CARD,Cardiff Centre,Urban Background,51.48178,-3.17625,2026-04-11 00:00:00+00:00,7.458333333333333,24,16.58641666666667,24,5.2909879166666665,24,89.93539041666666,24
CHP,Chepstow A48,Urban Traffic,51.638094,-2.678731,2026-04-11 00:00:00+00:00,7.875,24,15.378666666666666,24,14.375317083333334,24,,0
NPT3,Newport,Urban Background,51.601203,-2.977281,2026-04-11 00:00:00+00:00,6.294291666666666,24,14.560416666666667,24,3.1276687499999998,24,,0
PEMB,Narberth,Rural Background,51.782616,-4.69237,2026-04-11 00:00:00+00:00,6.649,24,11.844791666666666,24,1.5693729166666666,24,84.13053583333333,24
PT4,Port Talbot Margam,Urban Industrial,51.58395,-3.770822,2026-04-11 00:00:00+00:00,7.666666666666667,24,26.288833333333333,24,3.712515,24,83.32186166666666,24
SWA1,Swansea Roadside,Urban Traffic,51.632696,-3.947374,2026-04-11 00:00:00+00:00,8.416666666666666,24,23.470708333333334,24,3.759757083333333,24,,0
WREX,Wrexham,Urban Traffic,53.042282,-3.002829,2026-04-11 00:00:00+00:00,3.370625,24,6.5625,24,6.68817125,24,,0
CARD,Cardiff Centre,Urban Background,51.48178,-3.17625,2026-04-12 00:00:00+00:00,7.416666666666667,24,16.667041666666666,24,6.222744166666668,24,92.10502208333332,24
CHP,Chepstow A48,Urban Traffic,51.638094,-2.678731,2026-04-12 00:00:00+00:00,8.708333333333334,24,18.639625,24,17.153882499999998,24,,0
NPT3,Newport,Urban Background,51.601203,-2.977281,2026-04-12 00:00:00+00:00,7.850874999999999,24,16.162499999999998,24,4.4437475,24,,0
PEMB,Narberth,Rural Background,51.782616,-4.69237,2026-04-12 00:00:00+00:00,8.123083333333334,24,15.607291666666667,24,2.4109925000000003,24,83.22069083333332,24
PT4,Port Talbot Margam,Urban Industrial,51.58395,-3.770822,2026-04-12 00:00:00+00:00,7.125,24,22.947166666666664,24,4.102109166666667,24,84.35366666666665,24
SWA1,Swansea Roadside,Urban Traffic,51.632696,-3.947374,2026-04-12 00:00:00+00:00,9.208333333333334,24,23.148583333333335,24,7.665240416666666,24,,0
WREX,Wrexham,Urban Traffic,53.042282,-3.002829,2026-04-12 00:00:00+00:00,5.766625,24,10.242708333333333,24,6.084340833333333,24,,0
CARD,Cardiff Centre,Urban Background,51.48178,-3.17625,2026-04-13 00:00:00+00:00,7.75,24,15.378666666666668,24,14.157879583333333,24,66.03618999999999,24
CHP,Chepstow A48,Urban Traffic,51.638094,-2.678731,2026-04-13 00:00:00+00:00,9.75,24,16.908458333333332,24,28.693187499999997,24,,0
NPT3,Newport,Urban Background,51.601203,-2.977281,2026-04-13 00:00:00+00:00,7.08925,24,14.589583333333332,24,11.050890416666666,24,,0
PEMB,Narberth,Rural Background,51.782616,-4.69237,2026-04-13 00:00:00+00:00,4.827083333333333,24,10.815624999999999,24,2.1292033333333333,24,78.44487083333335,24
PT4,Port Talbot Margam,Urban Industrial,51.58395,-3.770822,2026-04-13 00:00:00+00:00,6.5,24,15.660458333333333,24,12.171202083333334,24,63.184002499999984,24
SWA1,Swansea Roadside,Urban Traffic,51.632696,-3.947374,2026-04-13 00:00:00+00:00,8.08695652173913,23,18.357739130434783,23,20.21994666666667,24,,0
WREX,Wrexham,Urban Traffic,53.042282,-3.002829,2026-04-13 00:00:00+00:00,4.7484166666666665,24,9.419791666666667,24,18.273240833333336,24,,0
CARD,Cardiff Centre,Urban Background,51.48178,-3.17625,2026-04-14 00:00:00+00:00,5.958333333333333,24,12.117708333333333,24,9.811315416666668,24,76.89404541666666,24
CHP,Chepstow A48,Urban Traffic,51.638094,-2.678731,2026-04-14 00:00:00+00:00,6.545454545454546,22,11.814045454545454,22,24.84293304347826,23,,0
NPT3,Newport,Urban Background,51.601203,-2.977281,2026-04-14 00:00:00+00:00,6.231333333333333,24,11.140625,24,13.637485416666665,24,,0
PEMB,Narberth,Rural Background,51.782616,-4.69237,2026-04-14 00:00:00+00:00,2.1738750000000002,24,3.65,24,2.5037875,24,74.77014833333332,24
PT4,Port Talbot Margam,Urban Industrial,51.58395,-3.770822,2026-04-14 00:00:00+00:00,4.956521739130435,23,6.642666666666667,24,6.781650833333334,24,68.43033583333332,24
SWA1,Swansea Roadside,Urban Traffic,51.632696,-3.947374,2026-04-14 00:00:00+00:00,6.833333333333333,24,13.084000000000001,24,19.21107,24,,0
WREX,Wrexham,Urban Traffic,53.042282,-3.002829,2026-04-14 00:00:00+00:00,4.370041666666666,24,7.878125,24,14.009950434782608,23,,0
CARD,Cardiff Centre,Urban Background,51.48178,-3.17625,2026-04-15 00:00:00+00:00,6.666666666666667,24,13.405999999999999,24,8.198299583333332,24,72.05724500000001,24
CHP,Chepstow A48,Urban Traffic,51.638094,-2.678731,2026-04-15 00:00:00+00:00,6.916666666666667,24,13.406041666666667,24,18.346687083333332,24,,0
NPT3,Newport,Urban Background,51.601203,-2.977281,2026-04-15 00:00:00+00:00,6.147749999999999,24,13.013541666666667,24,6.6331873913043475,23,,0
PEMB,Narberth,Rural Background,51.782616,-4.69237,2026-04-15 00:00:00+00:00,1.7954166666666664,24,2.254166666666667,24,1.7990266666666666,24,76.15674458333332,24
PT4,Port Talbot Margam,Urban Industrial,51.58395,-3.770822,2026-04-15 00:00:00+00:00,9.173913043478262,23,21.760565217391303,23,7.277860869565218,23,67.00336045454547,22
SWA1,Swansea Roadside,Urban Traffic,51.632696,-3.947374,2026-04-15 00:00:00+00:00,7.791666666666667,24,21.819958333333332,24,6.668370952380952,21,,0
WREX,Wrexham,Urban Traffic,53.042282,-3.002829,2026-04-15 00:00:00+00:00,3.8935,24,6.757291666666667,24,7.916022916666667,24,,0
CARD,Cardiff Centre,Urban Background,51.48178,-3.17625,2026-04-16 00:00:00+00:00,9.25,24,19.968125,24,11.617332083333332,24,80.69141916666666,24
CHP,Chepstow A48,Urban Traffic,51.638094,-2.678731,2026-04-16 00:00:00+00:00,8.958333333333334,24,20.69275,24,21.026088333333334,24,,0
NPT3,Newport,Urban Background,51.601203,-2.977281,2026-04-16 00:00:00+00:00,8.933708333333334,24,18.320833333333333,24,5.651935833333333,24,,0
PEMB,Narberth,Rural Background,51.782616,-4.69237,2026-04-16 00:00:00+00:00,4.351500000000001,24,6.0843750000000005,24,1.4246008333333335,24,79.87235000000003,24
PT4,Port Talbot Margam,Urban Industrial,51.58395,-3.770822,2026-04-16 00:00:00+00:00,12.625,24,28.100375,24,6.063703749999999,24,77.70756999999999,24
SWA1,Swansea Roadside,Urban Traffic,51.632696,-3.947374,2026-04-16 00:00:00+00:00,10.083333333333334,24,24.71858333333333,24,6.66584625,24,,0
WREX,Wrexham,Urban Traffic,53.042282,-3.002829,2026-04-16 00:00:00+00:00,4.8605,24,9.291666666666666,24,7.7877462500000005,24,,0
CARD,Cardiff Centre,Urban Background,51.48178,-3.17625,2026-04-17 00:00:00+00:00,7.958333333333333,24,16.586333333333332,24,11.367552173913044,23,80.15022458333333,24
CHP,Chepstow A48,Urban Traffic,51.638094,-2.678731,2026-04-17 00:00:00+00:00,8.541666666666666,24,16.868166666666667,24,25.41348125,24,,0
NPT3,Newport,Urban Background,51.601203,-2.977281,2026-04-17 00:00:00+00:00,7.5305,24,14.549999999999999,24,7.52751375,24,,0
PEMB,Narberth,Rural Background,51.782616,-4.69237,2026-04-17 00:00:00+00:00,4.39175,24,6.523958333333333,24,1.7160170833333332,24,79.77810874999999,24
PT4,Port Talbot Margam,Urban Industrial,51.58395,-3.770822,2026-04-17 00:00:00+00:00,10.625,24,17.753833333333333,24,8.382704166666667,24,76.26207375,24
SWA1,Swansea Roadside,Urban Traffic,51.632696,-3.947374,2026-04-17 00:00:00+00:00,6.708333333333333,24,18.720125,24,10.465817916666667,24,,0
WREX,Wrexham,Urban Traffic,53.042282,-3.002829,2026-04-17 00:00:00+00:00,4.063541666666667,24,7.395833333333333,24,8.713424583333333,24,,0
CARD,Cardiff Centre,Urban Background,51.48178,-3.17625,2026-04-18 00:00:00+00:00,6.916666666666667,24,14.855291666666666,24,8.8703175,24,83.42649833333334,24
CHP,Chepstow A48,Urban Traffic,51.638094,-2.678731,2026-04-18 00:00:00+00:00,7.833333333333333,24,12.037291666666667,24,20.758701666666667,24,,0
NPT3,Newport,Urban Background,51.601203,-2.977281,2026-04-18 00:00:00+00:00,4.9273750000000005,24,10.205208333333333,24,6.904357916666666,24,,0
PEMB,Narberth,Rural Background,51.782616,-4.69237,2026-04-18 00:00:00+00:00,3.13575,24,5.722916666666666,24,1.8540620833333332,24,74.1603525,24
PT4,Port Talbot Margam,Urban Industrial,51.58395,-3.770822,2026-04-18 00:00:00+00:00,5.958333333333333,24,15.539708333333335,24,5.664940833333333,24,74.96763875,24
SWA1,Swansea Roadside,Urban Traffic,51.632696,-3.947374,2026-04-18 00:00:00+00:00,6.25,24,14.976083333333333,24,9.865870833333334,24,,0
WREX,Wrexham,Urban Traffic,53.042282,-3.002829,2026-04-18 00:00:00+00:00,4.005458333333333,24,7.273958333333333,24,5.777889166666667,24,,0
CARD,Cardiff Centre,Urban Background,51.48178,-3.17625,2026-04-19 00:00:00+00:00,6.0,24,11.876208333333333,24,14.4250275,24,70.97069666666665,24
CHP,Chepstow A48,Urban Traffic,51.638094,-2.678731,2026-04-19 00:00:00+00:00,7.333333333333333,24,11.393208333333334,24,15.4271175,24,,0
NPT3,Newport,Urban Background,51.601203,-2.977281,2026-04-19 00:00:00+00:00,4.118416666666667,24,7.733333333333333,24,9.933843333333334,24,,0
PEMB,Narberth,Rural Background,51.782616,-4.69237,2026-04-19 00:00:00+00:00,2.750541666666667,24,4.114583333333333,24,2.2442458333333333,24,75.35915666666668,24
PT4,Port Talbot Margam,Urban Industrial,51.58395,-3.770822,2026-04-19 00:00:00+00:00,5.625,24,8.172458333333333,24,7.073107916666667,24,62.27900833333334,24
SWA1,Swansea Roadside,Urban Traffic,51.632696,-3.947374,2026-04-19 00:00:00+00:00,6.125,24,9.460749999999999,24,11.534985833333332,24,,0
WREX,Wrexham,Urban Traffic,53.042282,-3.002829,2026-04-19 00:00:00+00:00,3.045375,24,5.941666666666666,24,6.5600075,24,,0
CARD,Cardiff Centre,Urban Background,51.48178,-3.17625,2026-04-20 00:00:00+00:00,5.708333333333333,24,10.628166666666667,24,10.238817916666667,24,83.99749041666665,24
CHP,Chepstow A48,Urban Traffic,51.638094,-2.678731,2026-04-20 00:00:00+00:00,10.526315789473685,19,12.854739130434782,23,19.395021304347825,23,,0
NPT3,Newport,Urban Background,51.601203,-2.977281,2026-04-20 00:00:00+00:00,4.27475,24,8.492708333333335,24,10.799084583333332,24,,0
PEMB,Narberth,Rural Background,51.782616,-4.69237,2026-04-20 00:00:00+00:00,3.629136363636363,22,6.025363636363636,22,2.7673473913043476,23,72.50330666666667,21
PT4,Port Talbot Margam,Urban Industrial,51.58395,-3.770822,2026-04-20 00:00:00+00:00,7.25,24,11.151541666666667,24,9.851226666666667,24,74.56364958333332,24
SWA1,Swansea Roadside,Urban Traffic,51.632696,-3.947374,2026-04-20 00:00:00+00:00,8.458333333333334,24,14.372333333333332,24,22.628328749999998,24,,0
WREX,Wrexham,Urban Traffic,53.042282,-3.002829,2026-04-20 00:00:00+00:00,5.560083333333334,24,10.319791666666667,24,16.155351666666665,24,,0
CARD,Cardiff Centre,Urban Background,51.48178,-3.17625,2026-04-21 00:00:00+00:00,5.909090909090909,22,15.579916666666668,24,6.793248695652174,23,85.37514,22
CHP,Chepstow A48,Urban Traffic,51.638094,-2.678731,2026-04-21 00:00:00+00:00,9.833333333333334,24,16.183791666666668,24,13.429014583333334,24,,0
NPT3,Newport,Urban Background,51.601203,-2.977281,2026-04-21 00:00:00+00:00,6.3374999999999995,24,13.142708333333333,24,7.881094999999999,24,,0
PEMB,Narberth,Rural Background,51.782616,-4.69237,2026-04-21 00:00:00+00:00,4.7367083333333335,24,6.761458333333334,24,1.8546141666666667,24,80.04350833333335,24
PT4,Port Talbot Margam,Urban Industrial,51.58395,-3.770822,2026-04-21 00:00:00+00:00,6.333333333333333,24,10.426833333333333,24,3.958065833333333,24,86.39188863636363,22
SWA1,Swansea Roadside,Urban Traffic,51.632696,-3.947374,2026-04-21 00:00:00+00:00,7.458333333333333,24,14.37225,24,17.224825833333334,24,,0
WREX,Wrexham,Urban Traffic,53.042282,-3.002829,2026-04-21 00:00:00+00:00,6.295041666666666,24,14.195833333333333,24,15.13716625,24,,0
CARD,Cardiff Centre,Urban Background,51.48178,-3.17625,2026-04-22 00:00:00+00:00,9.375,24,22.142083333333332,24,9.867657916666667,24,85.97655875000002,24
CHP,Chepstow A48,Urban Traffic,51.638094,-2.678731,2026-04-22 00:00:00+00:00,13.25,24,22.02133333333333,24,14.622370833333333,24,,0
NPT3,Newport,Urban Background,51.601203,-2.977281,2026-04-22 00:00:00+00:00,8.304875000000001,24,17.536458333333332,24,9.69939625,24,,0
PEMB,Narberth,Rural Background,51.782616,-4.69237,2026-04-22 00:00:00+00:00,8.033954545454545,22,13.367045454545455,22,4.325632173913044,23,87.55856624999997,24
PT4,Port Talbot Margam,Urban Industrial,51.58395,-3.770822,2026-04-22 00:00:00+00:00,10.833333333333334,24,16.063125,24,5.855409166666667,24,92.68571416666667,24
SWA1,Swansea Roadside,Urban Traffic,51.632696,-3.947374,2026-04-22 00:00:00+00:00,9.833333333333334,24,20.652541666666668,24,13.484884583333333,24,,0
WREX,Wrexham,Urban Traffic,53.042282,-3.002829,2026-04-22 00:00:00+00:00,7.881826086956522,23,16.320304347826088,23,15.039847083333333,24,,0
CARD,Cardiff Centre,Urban Background,51.48178,-3.17625,2026-04-23 00:00:00+00:00,10.166666666666666,24,18.438375,24,11.102244583333333,24,80.88267458333335,24
CHP,Chepstow A48,Urban Traffic,51.638094,-2.678731,2026-04-23 00:00:00+00:00,11.416666666666666,24,21.739500000000003,24,17.221451363636366,22,,0
NPT3,Newport,Urban Background,51.601203,-2.977281,2026-04-23 00:00:00+00:00,9.870291666666667,24,18.51875,24,10.437104166666666,24,,0
PEMB,Narberth,Rural Background,51.782616,-4.69237,2026-04-23 00:00:00+00:00,10.725333333333333,24,24.974999999999998,24,3.5685795833333334,24,87.73734666666665,24
PT4,Port Talbot Margam,Urban Industrial,51.58395,-3.770822,2026-04-23 00:00:00+00:00,8.272727272727273,22,15.418875,24,6.160365416666667,24,94.30236875000001,24
SWA1,Swansea Roadside,Urban Traffic,51.632696,-3.947374,2026-04-23 00:00:00+00:00,12.208333333333334,24,20.773374999999998,24,16.92122380952381,21,,0
WREX,Wrexham,Urban Traffic,53.042282,-3.002829,2026-04-23 00:00:00+00:00,8.784541666666668,24,15.266666666666666,24,13.833458333333333,24,,0
CARD,Cardiff Centre,Urban Background,51.48178,-3.17625,2026-04-24 00:00:00+00:00,6.416666666666667,24,13.446166666666665,24,15.310608333333334,24,71.55277500000001,24
CHP,Chepstow A48,Urban Traffic,51.638094,-2.678731,2026-04-24 00:00:00+00:00,8.541666666666666,24,12.399583333333332,24,21.288365217391306,23,,0
NPT3,Newport,Urban Background,51.601203,-2.977281,2026-04-24 00:00:00+00:00,6.202833333333333,24,13.0625,24,14.712902083333333,24,,0
PEMB,Narberth,Rural Background,51.782616,-4.69237,2026-04-24 00:00:00+00:00,6.2755,24,18.506249999999998,24,4.029272916666667,24,88.48435041666666,24
PT4,Port Talbot Margam,Urban Industrial,51.58395,-3.770822,2026-04-24 00:00:00+00:00,5.25,24,8.172416666666667,24,7.6367433333333326,24,90.8140525,24
SWA1,Swansea Roadside,Urban Traffic,51.632696,-3.947374,2026-04-24 00:00:00+00:00,9.416666666666666,24,17.270875,24,30.285434166666665,24,,0
WREX,Wrexham,Urban Traffic,53.042282,-3.002829,2026-04-24 00:00:00+00:00,8.318541666666667,24,14.559375000000001,24,17.295965416666665,24,,0
CARD,Cardiff Centre,Urban Background,51.48178,-3.17625,2026-04-25 00:00:00+00:00,10.916666666666666,24,17.673333333333332,24,24.943941249999998,24,70.66094708333334,24
CHP,Chepstow A48,Urban Traffic,51.638094,-2.678731,2026-04-25 00:00:00+00:00,8.958333333333334,24,11.795541666666667,24,28.329091666666667,24,,0
NPT3,Newport,Urban Background,51.601203,-2.977281,2026-04-25 00:00:00+00:00,5.8137083333333335,24,10.909374999999999,24,17.20629166666667,24,,0
PEMB,Narberth,Rural Background,51.782616,-4.69237,2026-04-25 00:00:00+00:00,7.138416666666667,24,16.008333333333333,24,4.468637083333333,24,91.73914333333333,24
PT4,Port Talbot Margam,Urban Industrial,51.58395,-3.770822,2026-04-25 00:00:00+00:00,8.916666666666666,24,12.359333333333334,24,12.7485025,24,79.7192075,24
SWA1,Swansea Roadside,Urban Traffic,51.632696,-3.947374,2026-04-25 00:00:00+00:00,12.291666666666666,24,19.726583333333334,24,24.366299583333333,24,,0
WREX,Wrexham,Urban Traffic,53.042282,-3.002829,2026-04-25 00:00:00+00:00,6.60775,24,13.901041666666666,24,19.55127,24,,0
CARD,Cardiff Centre,Urban Background,51.48178,-3.17625,2026-04-26 00:00:00+00:00,12.916666666666666,24,17.029083333333332,24,17.853045416666667,24,71.71423333333333,24
CHP,Chepstow A48,Urban Traffic,51.638094,-2.678731,2026-04-26 00:00:00+00:00,12.625,24,14.533291666666665,24,22.310607083333334,24,,0
NPT3,Newport,Urban Background,51.601203,-2.977281,2026-04-26 00:00:00+00:00,9.694333333333333,24,14.596874999999999,24,12.81976,24,,0
PEMB,Narberth,Rural Background,51.782616,-4.69237,2026-04-26 00:00:00+00:00,9.715125,24,16.928124999999998,24,4.6399454166666665,24,84.38900666666665,24
PT4,Port Talbot Margam,Urban Industrial,51.58395,-3.770822,2026-04-26 00:00:00+00:00,18.416666666666668,24,19.887583333333335,24,12.227673750000001,24,72.85136666666665,24
SWA1,Swansea Roadside,Urban Traffic,51.632696,-3.947374,2026-04-26 00:00:00+00:00,15.5,24,22.544666666666668,24,27.60798708333333,24,,0
WREX,Wrexham,Urban Traffic,53.042282,-3.002829,2026-04-26 00:00:00+00:00,15.284999999999998,24,21.185416666666665,24,13.390781666666667,24,,0
CARD,Cardiff Centre,Urban Background,51.48178,-3.17625,2026-04-27 00:00:00+00:00,11.26086956521739,23,18.27382608695652,23,16.04075608695652,23,73.05346695652175,23
CHP,Chepstow A48,Urban Traffic,51.638094,-2.678731,2026-04-27 00:00:00+00:00,12.208333333333334,24,22.74591666666667,24,20.542595833333333,24,,0
NPT3,Newport,Urban Background,51.601203,-2.977281,2026-04-27 00:00:00+00:00,11.020958333333333,24,18.663541666666667,24,13.091627083333334,24,,0
PEMB,Narberth,Rural Background,51.782616,-4.69237,2026-04-27 00:00:00+00:00,8.249791666666667,24,12.408333333333333,24,1.3878183333333334,24,82.36836125,24
PT4,Port Talbot Margam,Urban Industrial,51.58395,-3.770822,2026-04-27 00:00:00+00:00,12.291666666666666,24,23.87308333333333,24,12.731779166666668,24,72.00388666666667,24
SWA1,Swansea Roadside,Urban Traffic,51.632696,-3.947374,2026-04-27 00:00:00+00:00,11.434782608695652,23,16.635434782608694,23,15.667837916666668,24,,0
WREX,Wrexham,Urban Traffic,53.042282,-3.002829,2026-04-27 00:00:00+00:00,9.909541666666668,24,15.975,24,14.89469625,24,,0
CARD,Cardiff Centre,Urban Background,51.48178,-3.17625,2026-04-28 00:00:00+00:00,7.454545454545454,22,12.560583333333334,24,6.514706666666666,24,77.99930291666668,24
CHP,Chepstow A48,Urban Traffic,51.638094,-2.678731,2026-04-28 00:00:00+00:00,8.458333333333334,24,15.459125,24,13.349183333333334,24,,0
NPT3,Newport,Urban Background,51.601203,-2.977281,2026-04-28 00:00:00+00:00,6.375916666666666,24,12.702083333333333,24,7.2518287500000005,24,,0
PEMB,Narberth,Rural Background,51.782616,-4.69237,2026-04-28 00:00:00+00:00,9.874291666666666,24,12.898958333333333,24,1.326605,24,75.48735375000001,24
PT4,Port Talbot Margam,Urban Industrial,51.58395,-3.770822,2026-04-28 00:00:00+00:00,7.75,24,13.043750000000001,24,5.263920833333334,24,81.47168208333333,24
SWA1,Swansea Roadside,Urban Traffic,51.632696,-3.947374,2026-04-28 00:00:00+00:00,8.416666666666666,24,15.298125,24,10.81359375,24,,0
WREX,Wrexham,Urban Traffic,53.042282,-3.002829,2026-04-28 00:00:00+00:00,7.848833333333334,24,14.340625000000001,24,,10,,0
CARD,Cardiff Centre,Urban Background,51.48178,-3.17625,2026-04-29 00:00:00+00:00,5.791666666666667,24,22.70566666666667,24,6.368862083333333,24,85.90310666666666,24
CHP,Chepstow A48,Urban Traffic,51.638094,-2.678731,2026-04-29 00:00:00+00:00,7.416666666666667,24,20.974625,24,10.86837875,24,,0
NPT3,Newport,Urban Background,51.601203,-2.977281,2026-04-29 00:00:00+00:00,5.005916666666667,24,17.127083333333335,24,6.459900833333333,24,,0
PEMB,Narberth,Rural Background,51.782616,-4.69237,2026-04-29 00:00:00+00:00,4.050478260869565,23,11.991304347826087,23,0.5469816666666666,24,86.64941458333334,24
PT4,Port Talbot Margam,Urban Industrial,51.58395,-3.770822,2026-04-29 00:00:00+00:00,4.391304347826087,23,17.139478260869563,23,4.976803181818182,22,89.69613227272728,22
SWA1,Swansea Roadside,Urban Traffic,51.632696,-3.947374,2026-04-29 00:00:00+00:00,6.375,24,19.364166666666666,24,12.55078125,24,,0
WREX,Wrexham,Urban Traffic,53.042282,-3.002829,2026-04-29 00:00:00+00:00,5.749791666666667,24,17.042708333333334,24,,13,,0
CARD,Cardiff Centre,Urban Background,51.48178,-3.17625,2026-04-30 00:00:00+00:00,7.25,24,24.436791666666664,24,12.375819565217391,23,88.29863833333336,24
CHP,Chepstow A48,Urban Traffic,51.638094,-2.678731,2026-04-30 00:00:00+00:00,9.958333333333334,24,21.90054166666667,24,23.616346250000003,24,,0
NPT3,Newport,Urban Background,51.601203,-2.977281,2026-04-30 00:00:00+00:00,5.981791666666666,24,22.06458333333333,24,12.26304375,24,,0
PEMB,Narberth,Rural Background,51.782616,-4.69237,2026-04-30 00:00:00+00:00,9.983375,24,36.56666666666667,24,3.431556666666667,24,97.20722166666667,24
PT4,Port Talbot Margam,Urban Industrial,51.58395,-3.770822,2026-04-30 00:00:00+00:00,6.666666666666667,24,21.256416666666667,24,6.705530833333333,24,95.97238249999998,24
SWA1,Swansea Roadside,Urban Traffic,51.632696,-3.947374,2026-04-30 00:00:00+00:00,9.916666666666666,24,29.066541666666666,24,21.069375,24,,0
WREX,Wrexham,Urban Traffic,53.042282,-3.002829,2026-04-30 00:00:00+00:00,5.548416666666667,24,16.787499999999998,24,13.515,24,,0
CARD,Cardiff Centre,Urban Background,51.48178,-3.17625,2026-05-01 00:00:00+00:00,10.916666666666666,24,21.135583333333333,24,15.524808333333333,24,75.73750875,24
CHP,Chepstow A48,Urban Traffic,51.638094,-2.678731,2026-05-01 00:00:00+00:00,13.416666666666666,24,24.718625,24,34.1420125,24,,0
NPT3,Newport,Urban Background,51.601203,-2.977281,2026-05-01 00:00:00+00:00,10.188666666666666,24,26.85208333333333,24,16.898532083333333,24,,0
PEMB,Narberth,Rural Background,51.782616,-4.69237,2026-05-01 00:00:00+00:00,9.023541666666667,24,16.376041666666666,24,3.918992083333333,24,83.48955583333334,24
PT4,Port Talbot Margam,Urban Industrial,51.58395,-3.770822,2026-05-01 00:00:00+00:00,10.75,24,19.887625,24,11.17314625,24,74.27191666666666,24
SWA1,Swansea Roadside,Urban Traffic,51.632696,-3.947374,2026-05-01 00:00:00+00:00,11.041666666666666,24,20.853833333333334,24,18.97003666666667,24,,0
WREX,Wrexham,Urban Traffic,53.042282,-3.002829,2026-05-01 00:00:00+00:00,12.148249999999999,24,23.540625000000002,24,20.84959625,24,,0
CARD,Cardiff Centre,Urban Background,51.48178,-3.17625,2026-05-02 00:00:00+00:00,13.166666666666666,24,19.04220833333333,24,15.177740416666666,24,62.515995833333335,24
CHP,Chepstow A48,Urban Traffic,51.638094,-2.678731,2026-05-02 00:00:00+00:00,11.5,24,16.86820833333333,24,17.62835875,24,,0
NPT3,Newport,Urban Background,51.601203,-2.977281,2026-05-02 00:00:00+00:00,10.699708333333334,24,16.894791666666666,24,11.094624583333333,24,,0
PEMB,Narberth,Rural Background,51.782616,-4.69237,2026-05-02 00:00:00+00:00,10.118958333333333,24,14.4,24,2.7033191666666667,24,74.58374416666668,24
PT4,Port Talbot Margam,Urban Industrial,51.58395,-3.770822,2026-05-02 00:00:00+00:00,9.25,24,14.935833333333333,24,11.959444583333335,24,58.231477500000004,24
SWA1,Swansea Roadside,Urban Traffic,51.632696,-3.947374,2026-05-02 00:00:00+00:00,12.125,24,19.042125000000002,24,20.951092499999998,24,,0
WREX,Wrexham,Urban Traffic,53.042282,-3.002829,2026-05-02 00:00:00+00:00,8.504375000000001,24,12.581249999999999,24,13.430750000000002,24,,0
CARD,Cardiff Centre,Urban Background,51.48178,-3.17625,2026-05-03 00:00:00+00:00,9.708333333333334,24,10.185291666666666,24,8.785705833333333,24,67.62997750000001,24
CHP,Chepstow A48,Urban Traffic,51.638094,-2.678731,2026-05-03 00:00:00+00:00,9.75,24,9.621833333333333,24,14.869194166666666,24,,0
NPT3,Newport,Urban Background,51.601203,-2.977281,2026-05-03 00:00:00+00:00,7.753458333333334,24,10.2875,24,7.254119583333334,24,,0
PEMB,Narberth,Rural Background,51.782616,-4.69237,2026-05-03 00:00:00+00:00,7.815416666666667,24,9.834375,24,2.7266475,24,61.71633125000002,24
PT4,Port Talbot Margam,Urban Industrial,51.58395,-3.770822,2026-05-03 00:00:00+00:00,7.625,24,7.729583333333333,24,9.166342083333333,24,54.90115375,24
SWA1,Swansea Roadside,Urban Traffic,51.632696,-3.947374,2026-05-03 00:00:00+00:00,10.166666666666666,24,9.380208333333334,24,12.175268333333333,24,,0
WREX,Wrexham,Urban Traffic,53.042282,-3.002829,2026-05-03 00:00:00+00:00,5.925708333333334,24,7.522916666666667,24,9.997482173913044,23,,0
CARD,Cardiff Centre,Urban Background,51.48178,-3.17625,2026-05-04 00:00:00+00:00,11.958333333333334,24,11.071083333333334,24,8.643925833333332,24,,1
CHP,Chepstow A48,Urban Traffic,51.638094,-2.678731,2026-05-04 00:00:00+00:00,12.25,24,11.352791666666667,24,14.952677083333334,24,,0
NPT3,Newport,Urban Background,51.601203,-2.977281,2026-05-04 00:00:00+00:00,10.149375000000001,24,12.798958333333333,24,9.077005,24,,0
PEMB,Narberth,Rural Background,51.782616,-4.69237,2026-05-04 00:00:00+00:00,7.825291666666666,24,9.792708333333334,24,2.8385954166666667,24,54.9607475,24
PT4,Port Talbot Margam,Urban Industrial,51.58395,-3.770822,2026-05-04 00:00:00+00:00,7.75,24,7.769749999999999,24,9.12724625,24,44.69398,24
SWA1,Swansea Roadside,Urban Traffic,51.632696,-3.947374,2026-05-04 00:00:00+00:00,8.916666666666666,24,9.702333333333334,24,13.908737083333333,24,,0
WREX,Wrexham,Urban Traffic,53.042282,-3.002829,2026-05-04 00:00:00+00:00,9.1265,24,11.569791666666667,24,13.223264166666667,24,,0
CARD,Cardiff Centre,Urban Background,51.48178,-3.17625,2026-05-05 00:00:00+00:00,5.458333333333333,24,7.528333333333333,24,7.122020416666667,24,74.4287647826087,23
CHP,Chepstow A48,Urban Traffic,51.638094,-2.678731,2026-05-05 00:00:00+00:00,6.181818181818182,22,10.101227272727273,22,17.010474545454546,22,,0
NPT3,Newport,Urban Background,51.601203,-2.977281,2026-05-05 00:00:00+00:00,4.239375,24,8.036458333333334,24,7.162478750000001,24,,0
PEMB,Narberth,Rural Background,51.782616,-4.69237,2026-05-05 00:00:00+00:00,3.7942916666666666,24,6.632291666666667,24,1.7248033333333332,24,74.25667291666666,24
PT4,Port Talbot Margam,Urban Industrial,51.58395,-3.770822,2026-05-05 00:00:00+00:00,5.375,24,6.602291666666667,24,4.34768125,24,64.15898458333332,24
SWA1,Swansea Roadside,Urban Traffic,51.632696,-3.947374,2026-05-05 00:00:00+00:00,6.25,24,7.810125,24,6.449164166666667,24,,0
WREX,Wrexham,Urban Traffic,53.042282,-3.002829,2026-05-05 00:00:00+00:00,2.443041666666667,24,4.926041666666666,24,10.073355833333332,24,,0
CARD,Cardiff Centre,Urban Background,51.48178,-3.17625,2026-05-06 00:00:00+00:00,5.875,24,10.265875,24,8.65321875,24,80.64984166666667,24
CHP,Chepstow A48,Urban Traffic,51.638094,-2.678731,2026-05-06 00:00:00+00:00,5.458333333333333,24,10.6685,24,17.984939166666667,24,,0
NPT3,Newport,Urban Background,51.601203,-2.977281,2026-05-06 00:00:00+00:00,4.346583333333333,24,9.313541666666667,24,8.753207916666666,24,,0
PEMB,Narberth,Rural Background,51.782616,-4.69237,2026-05-06 00:00:00+00:00,5.652458333333333,24,10.085416666666667,24,3.1399004166666664,24,67.86280958333334,24
PT4,Port Talbot Margam,Urban Industrial,51.58395,-3.770822,2026-05-06 00:00:00+00:00,3.7916666666666665,24,7.4075,24,7.850996666666667,24,71.75026625,24
SWA1,Swansea Roadside,Urban Traffic,51.632696,-3.947374,2026-05-06 00:00:00+00:00,6.625,24,10.950249999999999,24,16.356817083333333,24,,0
WREX,Wrexham,Urban Traffic,53.042282,-3.002829,2026-05-06 00:00:00+00:00,4.126541666666667,24,7.8999999999999995,24,14.291859583333332,24,,0
CARD,Cardiff Centre,Urban Background,51.48178,-3.17625,2026-05-07 00:00:00+00:00,7.083333333333333,24,12.681375000000001,24,12.49607875,24,65.69664375,24
CHP,Chepstow A48,Urban Traffic,51.638094,-2.678731,2026-05-07 00:00:00+00:00,6.791666666666667,24,11.312541666666666,24,27.575512500000002,24,,0
NPT3,Newport,Urban Background,51.601203,-2.977281,2026-05-07 00:00:00+00:00,6.913374999999999,24,14.567708333333334,24,12.136274166666666,24,,0
PEMB,Narberth,Rural Background,51.782616,-4.69237,2026-05-07 00:00:00+00:00,5.263375,24,9.005208333333334,24,4.1805329166666665,24,72.65041083333332,24
PT4,Port Talbot Margam,Urban Industrial,51.58395,-3.770822,2026-05-07 00:00:00+00:00,5.791666666666667,24,9.500958333333333,24,10.351078333333334,24,66.66954625,24
SWA1,Swansea Roadside,Urban Traffic,51.632696,-3.947374,2026-05-07 00:00:00+00:00,7.875,24,12.037291666666667,24,22.749267500000002,24,,0
WREX,Wrexham,Urban Traffic,53.042282,-3.002829,2026-05-07 00:00:00+00:00,7.003791666666667,24,14.438541666666666,24,18.058090416666666,24,,0
CARD,Cardiff Centre,Urban Background,51.48178,-3.17625,2026-05-08 00:00:00+00:00,10.833333333333334,24,14.935916666666666,24,,12,75.14850041666666,24
CHP,Chepstow A48,Urban Traffic,51.638094,-2.678731,2026-05-08 00:00:00+00:00,8.666666666666666,24,14.452666666666666,24,25.478871666666667,24,,0
NPT3,Newport,Urban Background,51.601203,-2.977281,2026-05-08 00:00:00+00:00,9.989208333333332,24,17.238541666666666,24,15.189434166666667,24,,0
PEMB,Narberth,Rural Background,51.782616,-4.69237,2026-05-08 00:00:00+00:00,7.6120833333333335,24,11.014583333333334,24,4.366045833333334,24,77.36040041666665,24
PT4,Port Talbot Margam,Urban Industrial,51.58395,-3.770822,2026-05-08 00:00:00+00:00,8.333333333333334,24,12.037208333333332,24,9.44379375,24,71.24995625,24
SWA1,Swansea Roadside,Urban Traffic,51.632696,-3.947374,2026-05-08 00:00:00+00:00,10.041666666666666,24,14.291791666666667,24,22.973403333333334,24,,0
WREX,Wrexham,Urban Traffic,53.042282,-3.002829,2026-05-08 00:00:00+00:00,8.697875,24,13.5875,24,20.579655833333334,24,,0
CARD,Cardiff Centre,Urban Background,51.48178,-3.17625,2026-05-09 00:00:00+00:00,13.333333333333334,24,17.472,24,,0,83.46391666666668,24
CHP,Chepstow A48,Urban Traffic,51.638094,-2.678731,2026-05-09 00:00:00+00:00,12.041666666666666,24,18.639666666666667,24,17.51219083333333,24,,0
NPT3,Newport,Urban Background,51.601203,-2.977281,2026-05-09 00:00:00+00:00,12.666166666666667,24,17.622916666666665,24,9.1717,24,,0
PEMB,Narberth,Rural Background,51.782616,-4.69237,2026-05-09 00:00:00+00:00,7.923583333333333,24,11.479166666666666,24,2.7281166666666667,24,69.01380083333332,24
PT4,Port Talbot Margam,Urban Industrial,51.58395,-3.770822,2026-05-09 00:00:00+00:00,11.666666666666666,24,15.660541666666667,24,7.08444125,24,79.06367583333333,24
SWA1,Swansea Roadside,Urban Traffic,51.632696,-3.947374,2026-05-09 00:00:00+00:00,12.0,24,14.573541666666666,24,13.479673333333333,24,,0
WREX,Wrexham,Urban Traffic,53.042282,-3.002829,2026-05-09 00:00:00+00:00,11.552791666666666,24,14.369791666666666,24,13.553635,24,,0
CARD,Cardiff Centre,Urban Background,51.48178,-3.17625,2026-05-10 00:00:00+00:00,7.416666666666667,24,11.111291666666666,24,,0,77.38881166666665,24
CHP,Chepstow A48,Urban Traffic,51.638094,-2.678731,2026-05-10 00:00:00+00:00,6.708333333333333,24,11.836041666666667,24,13.028348260869565,23,,0
NPT3,Newport,Urban Background,51.601203,-2.977281,2026-05-10 00:00:00+00:00,6.628458333333334,24,10.677083333333334,24,8.023901666666667,24,,0
PEMB,Narberth,Rural Background,51.782616,-4.69237,2026-05-10 00:00:00+00:00,5.254541666666666,24,7.7093750000000005,24,2.0985575,24,69.90216500000001,24
PT4,Port Talbot Margam,Urban Industrial,51.58395,-3.770822,2026-05-10 00:00:00+00:00,6.583333333333333,24,6.3205833333333326,24,3.8923141666666665,24,76.95017375,24
SWA1,Swansea Roadside,Urban Traffic,51.632696,-3.947374,2026-05-10 00:00:00+00:00,5.375,24,8.414,24,8.229436250000001,24,,0
WREX,Wrexham,Urban Traffic,53.042282,-3.002829,2026-05-10 00:00:00+00:00,2.732875,24,5.401041666666667,24,7.253535416666666,24,,0
CARD,Cardiff Centre,Urban Background,51.48178,-3.17625,2026-05-11 00:00:00+00:00,4.833333333333333,24,6.5533913043478265,23,,0,63.11401458333335,24
CHP,Chepstow A48,Urban Traffic,51.638094,-2.678731,2026-05-11 00:00:00+00:00,3.1666666666666665,24,7.689333333333334,24,18.97811666666667,24,,0
NPT3,Newport,Urban Background,51.601203,-2.977281,2026-05-11 00:00:00+00:00,3.483708333333333,24,7.6812499999999995,24,14.407433750000001,24,,0
PEMB,Narberth,Rural Background,51.782616,-4.69237,2026-05-11 00:00:00+00:00,2.3034583333333334,24,5.3343750000000005,24,0.91856375,24,73.9011875,24
PT4,Port Talbot Margam,Urban Industrial,51.58395,-3.770822,2026-05-11 00:00:00+00:00,5.125,24,7.327083333333333,24,7.575881249999999,24,65.84909333333333,24
SWA1,Swansea Roadside,Urban Traffic,51.632696,-3.947374,2026-05-11 00:00:00+00:00,4.5,24,8.172416666666667,24,7.966864583333333,24,,0
WREX,Wrexham,Urban Traffic,53.042282,-3.002829,2026-05-11 00:00:00+00:00,2.0802916666666667,24,4.308333333333334,24,8.825277916666666,24,,0
CARD,Cardiff Centre,Urban Background,51.48178,-3.17625,2026-05-12 00:00:00+00:00,6.583333333333333,24,11.191833333333333,24,,0,67.96883041666665,24
CHP,Chepstow A48,Urban Traffic,51.638094,-2.678731,2026-05-12 00:00:00+00:00,4.625,24,12.923,24,23.21127,24,,0
NPT3,Newport,Urban Background,51.601203,-2.977281,2026-05-12 00:00:00+00:00,5.445166666666666,24,12.846874999999999,24,8.94488875,24,,0
PEMB,Narberth,Rural Background,51.782616,-4.69237,2026-05-12 00:00:00+00:00,4.647166666666666,24,9.683333333333334,24,1.1328116666666668,24,75.67029208333334,24
PT4,Port Talbot Margam,Urban Industrial,51.58395,-3.770822,2026-05-12 00:00:00+00:00,5.166666666666667,24,11.916458333333333,24,8.04538625,24,68.25016875000001,24
SWA1,Swansea Roadside,Urban Traffic,51.632696,-3.947374,2026-05-12 00:00:00+00:00,6.5,24,14.13075,24,10.997008333333333,24,,0
WREX,Wrexham,Urban Traffic,53.042282,-3.002829,2026-05-12 00:00:00+00:00,3.7175,24,7.582291666666666,24,6.245144782608696,23,,0
CARD,Cardiff Centre,Urban Background,51.48178,-3.17625,2026-05-13 00:00:00+00:00,5.958333333333333,24,10.789125,24,,0,68.64723124999999,24
CHP,Chepstow A48,Urban Traffic,51.638094,-2.678731,2026-05-13 00:00:00+00:00,5.041666666666667,24,14.251458333333332,24,14.94601956521739,23,,0
NPT3,Newport,Urban Background,51.601203,-2.977281,2026-05-13 00:00:00+00:00,4.7612499999999995,24,11.228125,24,3.60661,24,,0
PEMB,Narberth,Rural Background,51.782616,-4.69237,2026-05-13 00:00:00+00:00,5.1081666666666665,24,9.960416666666667,24,0.38506291666666664,24,70.23547541666666,24
PT4,Port Talbot Margam,Urban Industrial,51.58395,-3.770822,2026-05-13 00:00:00+00:00,5.782608695652174,23,15.375217391304348,23,5.734211304347825,23,69.5147152173913,23
SWA1,Swansea Roadside,Urban Traffic,51.632696,-3.947374,2026-05-13 00:00:00+00:00,5.260869565217392,23,13.484782608695651,23,4.78048625,24,,0
WREX,Wrexham,Urban Traffic,53.042282,-3.002829,2026-05-13 00:00:00+00:00,4.241375,24,8.376041666666667,24,4.616537083333333,24,,0
CARD,Cardiff Centre,Urban Background,51.48178,-3.17625,2026-05-14 00:00:00+00:00,4.25,24,6.320583333333334,24,,0,63.84854208333334,24
CHP,Chepstow A48,Urban Traffic,51.638094,-2.678731,2026-05-14 00:00:00+00:00,2.6666666666666665,24,8.011375,24,17.180250416666667,24,,0
NPT3,Newport,Urban Background,51.601203,-2.977281,2026-05-14 00:00:00+00:00,2.0971249999999997,24,5.404166666666666,24,6.4604445833333335,24,,0
PEMB,Narberth,Rural Background,51.782616,-4.69237,2026-05-14 00:00:00+00:00,4.1302916666666665,24,8.757291666666667,24,0.27610375,24,78.50931416666667,24
PT4,Port Talbot Margam,Urban Industrial,51.58395,-3.770822,2026-05-14 00:00:00+00:00,3.0833333333333335,24,5.27375,24,5.75962875,24,70.43712291666667,24
SWA1,Swansea Roadside,Urban Traffic,51.632696,-3.947374,2026-05-14 00:00:00+00:00,3.125,24,7.649041666666666,24,5.57214875,24,,0
WREX,Wrexham,Urban Traffic,53.042282,-3.002829,2026-05-14 00:00:00+00:00,1.609625,24,3.625,24,8.743950416666667,24,,0
CARD,Cardiff Centre,Urban Background,51.48178,-3.17625,2026-05-15 00:00:00+00:00,4.083333333333333,24,8.37375,24,,0,67.50524750000001,24
CHP,Chepstow A48,Urban Traffic,51.638094,-2.678731,2026-05-15 00:00:00+00:00,3.7083333333333335,24,9.380166666666666,24,19.9112425,24,,0
NPT3,Newport,Urban Background,51.601203,-2.977281,2026-05-15 00:00:00+00:00,2.1845416666666666,24,5.173958333333333,24,8.587425,24,,0
PEMB,Narberth,Rural Background,51.782616,-4.69237,2026-05-15 00:00:00+00:00,3.3686666666666665,24,7.496875,24,0.6211458333333333,24,75.38826125,24
PT4,Port Talbot Margam,Urban Industrial,51.58395,-3.770822,2026-05-15 00:00:00+00:00,3.3333333333333335,24,6.038708333333333,24,7.180644999999999,24,62.46541124999998,24
SWA1,Swansea Roadside,Urban Traffic,51.632696,-3.947374,2026-05-15 00:00:00+00:00,5.625,24,10.265916666666667,24,9.687994999999999,24,,0
WREX,Wrexham,Urban Traffic,53.042282,-3.002829,2026-05-15 00:00:00+00:00,2.324125,24,4.778125,24,7.98946875,24,,0
CARD,Cardiff Centre,Urban Background,51.48178,-3.17625,2026-05-16 00:00:00+00:00,7.208333333333333,24,11.232041666666667,24,,0,62.2894025,24
CHP,Chepstow A48,Urban Traffic,51.638094,-2.678731,2026-05-16 00:00:00+00:00,4.041666666666667,24,9.460749999999999,24,20.131940833333335,24,,0
NPT3,Newport,Urban Background,51.601203,-2.977281,2026-05-16 00:00:00+00:00,3.73625,24,7.434375,24,4.461025833333333,24,,0
PEMB,Narberth,Rural Background,51.782616,-4.69237,2026-05-16 00:00:00+00:00,2.8400833333333337,24,5.59375,24,1.3625912500000001,24,59.956927500000006,24
PT4,Port Talbot Margam,Urban Industrial,51.58395,-3.770822,2026-05-16 00:00:00+00:00,4.416666666666667,24,7.689333333333334,24,6.347019583333334,24,56.08194166666667,24
SWA1,Swansea Roadside,Urban Traffic,51.632696,-3.947374,2026-05-16 00:00:00+00:00,10.875,24,14.13075,24,12.799645833333335,24,,0
WREX,Wrexham,Urban Traffic,53.042282,-3.002829,2026-05-16 00:00:00+00:00,2.0577083333333333,24,3.251041666666667,24,8.277779583333333,24,,0
CARD,Cardiff Centre,Urban Background,51.48178,-3.17625,2026-05-17 00:00:00+00:00,6.75,24,13.365791666666667,24,,0,59.67905458333334,24
CHP,Chepstow A48,Urban Traffic,51.638094,-2.678731,2026-05-17 00:00:00+00:00,4.208333333333333,24,10.386750000000001,24,14.540797083333333,24,,0
NPT3,Newport,Urban Background,51.601203,-2.977281,2026-05-17 00:00:00+00:00,4.204041666666667,24,8.655208333333333,24,3.2695445833333334,24,,0
PEMB,Narberth,Rural Background,51.782616,-4.69237,2026-05-17 00:00:00+00:00,4.098958333333333,24,8.487499999999999,24,0.54396,24,63.87140958333333,24
PT4,Port Talbot Margam,Urban Industrial,51.58395,-3.770822,2026-05-17 00:00:00+00:00,5.541666666666667,24,10.547666666666666,24,3.3149175,24,63.21033375000002,24
SWA1,Swansea Roadside,Urban Traffic,51.632696,-3.947374,2026-05-17 00:00:00+00:00,5.166666666666667,24,11.715208333333335,24,4.863202916666666,24,,0
WREX,Wrexham,Urban Traffic,53.042282,-3.002829,2026-05-17 00:00:00+00:00,2.5020416666666665,24,4.496875,24,2.246950416666667,24,,0
CARD,Cardiff Centre,Urban Background,51.48178,-3.17625,2026-05-18 00:00:00+00:00,3.8333333333333335,24,6.079041666666666,24,,0,68.92648916666667,24
CHP,Chepstow A48,Urban Traffic,51.638094,-2.678731,2026-05-18 00:00:00+00:00,5.4,20,6.6794782608695655,23,17.301844782608697,23,,0
NPT3,Newport,Urban Background,51.601203,-2.977281,2026-05-18 00:00:00+00:00,2.666125,24,5.639583333333333,24,5.5988175,24,,0
PEMB,Narberth,Rural Background,51.782616,-4.69237,2026-05-18 00:00:00+00:00,2.7575416666666666,24,4.979166666666667,24,0.6418970833333334,24,73.90950249999999,24
PT4,Port Talbot Margam,Urban Industrial,51.58395,-3.770822,2026-05-18 00:00:00+00:00,3.75,24,8.252833333333333,24,6.335825,24,75.28986208333332,24
SWA1,Swansea Roadside,Urban Traffic,51.632696,-3.947374,2026-05-18 00:00:00+00:00,4.166666666666667,24,9.299708333333333,24,9.48133875,24,,0
WREX,Wrexham,Urban Traffic,53.042282,-3.002829,2026-05-18 00:00:00+00:00,2.1942916666666665,24,4.108333333333333,24,9.413088333333333,24,,0
CARD,Cardiff Centre,Urban Background,51.48178,-3.17625,2026-05-19 00:00:00+00:00,7.916666666666667,24,15.660375,24,,0,67.63205708333334,24
CHP,Chepstow A48,Urban Traffic,51.638094,-2.678731,2026-05-19 00:00:00+00:00,7.625,24,10.950208333333334,24,14.162113478260869,23,,0
NPT3,Newport,Urban Background,51.601203,-2.977281,2026-05-19 00:00:00+00:00,7.498166666666666,24,14.663541666666667,24,4.285348333333333,24,,0
PEMB,Narberth,Rural Background,51.782616,-4.69237,2026-05-19 00:00:00+00:00,9.764249999999999,24,15.575000000000001,24,0.440215,24,74.37793791666665,24
PT4,Port Talbot Margam,Urban Industrial,51.58395,-3.770822,2026-05-19 00:00:00+00:00,9.625,24,28.543208333333336,24,7.337687083333333,24,72.42381541666666,24
SWA1,Swansea Roadside,Urban Traffic,51.632696,-3.947374,2026-05-19 00:00:00+00:00,10.625,24,25.040666666666667,24,4.870308333333333,24,,0
WREX,Wrexham,Urban Traffic,53.042282,-3.002829,2026-05-19 00:00:00+00:00,2.985375,24,5.021875,24,8.277779583333333,24,,0
CARD,Cardiff Centre,Urban Background,51.48178,-3.17625,2026-05-20 00:00:00+00:00,11.583333333333334,24,22.584875,24,,0,71.85628833333332,24
CHP,Chepstow A48,Urban Traffic,51.638094,-2.678731,2026-05-20 00:00:00+00:00,10.583333333333334,24,19.847416666666668,24,14.171315,24,,0
NPT3,Newport,Urban Background,51.601203,-2.977281,2026-05-20 00:00:00+00:00,10.013708333333334,24,19.122916666666665,24,3.8731908333333336,24,,0
PEMB,Narberth,Rural Background,51.782616,-4.69237,2026-05-20 00:00:00+00:00,10.289958333333333,24,16.878125,24,1.4114591666666667,24,71.50011041666669,24
PT4,Port Talbot Margam,Urban Industrial,51.58395,-3.770822,2026-05-20 00:00:00+00:00,11.041666666666666,24,,8,6.524577083333334,24,72.46192708333334,24
SWA1,Swansea Roadside,Urban Traffic,51.632696,-3.947374,2026-05-20 00:00:00+00:00,12.5,24,27.778208333333335,24,6.525423750000001,24,,0
WREX,Wrexham,Urban Traffic,53.042282,-3.002829,2026-05-20 00:00:00+00:00,4.517458333333333,24,7.746875,24,3.0043004166666667,24,,0
CARD,Cardiff Centre,Urban Background,51.48178,-3.17625,2026-05-21 00:00:00+00:00,8.666666666666666,21,15.459181818181817,22,,0,58.75095086956521,23
CHP,Chepstow A48,Urban Traffic,51.638094,-2.678731,2026-05-21 00:00:00+00:00,9.125,24,14.45275,24,20.04069,24,,0
NPT3,Newport,Urban Background,51.601203,-2.977281,2026-05-21 00:00:00+00:00,8.351041666666667,24,15.166666666666666,24,6.744856666666667,24,,0
PEMB,Narberth,Rural Background,51.782616,-4.69237,2026-05-21 00:00:00+00:00,5.915333333333333,21,9.702380952380953,21,1.3372055,20,67.22341428571428,21
PT4,Port Talbot Margam,Urban Industrial,51.58395,-3.770822,2026-05-21 00:00:00+00:00,8.833333333333334,24,,10,9.797387083333334,24,58.39778708333333,24
SWA1,Swansea Roadside,Urban Traffic,51.632696,-3.947374,2026-05-21 00:00:00+00:00,10.041666666666666,24,18.196916666666667,24,14.1290125,24,,0
WREX,Wrexham,Urban Traffic,53.042282,-3.002829,2026-05-21 00:00:00+00:00,4.214833333333334,24,7.5874999999999995,24,10.589274166666668,24,,0
CARD,Cardiff Centre,Urban Background,51.48178,-3.17625,2026-05-22 00:00:00+00:00,10.291666666666666,24,17.512416666666667,24,,0,60.44545708333334,24
CHP,Chepstow A48,Urban Traffic,51.638094,-2.678731,2026-05-22 00:00:00+00:00,10.625,24,16.264374999999998,24,26.01922625,24,,0
NPT3,Newport,Urban Background,51.601203,-2.977281,2026-05-22 00:00:00+00:00,9.606041666666666,24,19.347916666666666,24,13.33199125,24,,0
PEMB,Narberth,Rural Background,51.782616,-4.69237,2026-05-22 00:00:00+00:00,6.72175,24,10.456249999999999,24,3.0502262499999997,24,52.315752499999995,24
PT4,Port Talbot Margam,Urban Industrial,51.58395,-3.770822,2026-05-22 00:00:00+00:00,11.041666666666666,24,23.470541666666666,24,8.523363333333334,24,63.463261249999995,24
SWA1,Swansea Roadside,Urban Traffic,51.632696,-3.947374,2026-05-22 00:00:00+00:00,11.833333333333334,24,18.961708333333334,24,16.396547083333335,24,,0
WREX,Wrexham,Urban Traffic,53.042282,-3.002829,2026-05-22 00:00:00+00:00,7.581625,24,12.938541666666666,24,15.376501666666668,24,,0
CARD,Cardiff Centre,Urban Background,51.48178,-3.17625,2026-05-23 00:00:00+00:00,7.0,24,12.681208333333332,24,,0,50.11078,24
CHP,Chepstow A48,Urban Traffic,51.638094,-2.678731,2026-05-23 00:00:00+00:00,8.0,24,10.104791666666666,24,17.20508166666667,24,,0
NPT3,Newport,Urban Background,51.601203,-2.977281,2026-05-23 00:00:00+00:00,5.608333333333333,24,9.777083333333334,24,9.818422916666668,24,,0
PEMB,Narberth,Rural Background,51.782616,-4.69237,2026-05-23 00:00:00+00:00,3.8492916666666663,24,6.1625000000000005,24,2.5941745833333334,24,49.6063125,24
PT4,Port Talbot Margam,Urban Industrial,51.58395,-3.770822,2026-05-23 00:00:00+00:00,4.666666666666667,24,8.735958333333334,24,4.496674166666667,24,56.35011583333333,24
SWA1,Swansea Roadside,Urban Traffic,51.632696,-3.947374,2026-05-23 00:00:00+00:00,7.0,24,8.494458333333332,24,8.37433875,24,,0
WREX,Wrexham,Urban Traffic,53.042282,-3.002829,2026-05-23 00:00:00+00:00,3.1152083333333334,24,5.394791666666666,24,9.01504875,24,,0
CARD,Cardiff Centre,Urban Background,51.48178,-3.17625,2026-05-24 00:00:00+00:00,10.833333333333334,24,17.109750000000002,24,,0,50.46903583333335,24
CHP,Chepstow A48,Urban Traffic,51.638094,-2.678731,2026-05-24 00:00:00+00:00,6.875,24,8.977500000000001,24,15.351046666666667,24,,0
NPT3,Newport,Urban Background,51.601203,-2.977281,2026-05-24 00:00:00+00:00,4.902791666666666,24,13.036458333333334,24,11.27972,24,,0
PEMB,Narberth,Rural Background,51.782616,-4.69237,2026-05-24 00:00:00+00:00,2.3771666666666667,24,6.555208333333333,24,2.336915,24,63.83468333333334,24
PT4,Port Talbot Margam,Urban Industrial,51.58395,-3.770822,2026-05-24 00:00:00+00:00,6.916666666666667,24,14.170958333333333,24,12.628101666666666,24,46.92736208333333,24
SWA1,Swansea Roadside,Urban Traffic,51.632696,-3.947374,2026-05-24 00:00:00+00:00,10.625,24,11.513916666666667,24,14.443194166666666,24,,0
WREX,Wrexham,Urban Traffic,53.042282,-3.002829,2026-05-24 00:00:00+00:00,3.078791666666667,24,6.180208333333333,24,10.280167083333334,24,,0
CARD,Cardiff Centre,Urban Background,51.48178,-3.17625,2026-05-25 00:00:00+00:00,16.458333333333332,24,38.16491666666666,24,,0,71.68997958333334,24
CHP,Chepstow A48,Urban Traffic,51.638094,-2.678731,2026-05-25 00:00:00+00:00,13.666666666666666,24,30.757375,24,23.99839304347826,23,,0
NPT3,Newport,Urban Background,51.601203,-2.977281,2026-05-25 00:00:00+00:00,13.467916666666667,24,45.65208333333334,24,11.87203625,24,,0
PEMB,Narberth,Rural Background,51.782616,-4.69237,2026-05-25 00:00:00+00:00,11.455374999999998,24,36.65,24,5.409664583333334,24,91.32545041666667,24
PT4,Port Talbot Margam,Urban Industrial,51.58395,-3.770822,2026-05-25 00:00:00+00:00,14.625,24,37.19866666666667,24,11.973767083333334,24,75.78047291666665,24
SWA1,Swansea Roadside,Urban Traffic,51.632696,-3.947374,2026-05-25 00:00:00+00:00,18.208333333333332,24,36.393499999999996,24,18.24001708333333,24,,0
WREX,Wrexham,Urban Traffic,53.042282,-3.002829,2026-05-25 00:00:00+00:00,7.475541666666667,24,23.63854166666667,24,13.200554166666668,24,,0
CARD,Cardiff Centre,Urban Background,51.48178,-3.17625,2026-05-26 00:00:00+00:00,18.208333333333332,24,37.60120833333333,24,,0,,11
CHP,Chepstow A48,Urban Traffic,51.638094,-2.678731,2026-05-26 00:00:00+00:00,13.833333333333334,24,28.301541666666665,24,29.81751739130435,23,,0
NPT3,Newport,Urban Background,51.601203,-2.977281,2026-05-26 00:00:00+00:00,15.995541666666668,24,41.800000000000004,24,13.003651666666668,24,,0
PEMB,Narberth,Rural Background,51.782616,-4.69237,2026-05-26 00:00:00+00:00,14.539125,24,41.23229166666667,24,3.793324166666667,24,98.47532249999999,24
PT4,Port Talbot Margam,Urban Industrial,51.58395,-3.770822,2026-05-26 00:00:00+00:00,19.166666666666668,24,54.912416666666665,24,13.250461666666666,24,89.03247375000001,24
SWA1,Swansea Roadside,Urban Traffic,51.632696,-3.947374,2026-05-26 00:00:00+00:00,21.541666666666668,24,39.05070833333333,24,23.01195,24,,0
WREX,Wrexham,Urban Traffic,53.042282,-3.002829,2026-05-26 00:00:00+00:00,10.972875,24,28.618750000000002,24,17.53217,22,,0
CARD,Cardiff Centre,Urban Background,51.48178,-3.17625,2026-05-27 00:00:00+00:00,14.083333333333334,24,28.301541666666665,24,,0,,14
CHP,Chepstow A48,Urban Traffic,51.638094,-2.678731,2026-05-27 00:00:00+00:00,14.208333333333334,24,25.926333333333332,24,22.08649652173913,23,,0
NPT3,Newport,Urban Background,51.601203,-2.977281,2026-05-27 00:00:00+00:00,12.267125,24,28.965625,24,10.578582916666667,24,,0
PEMB,Narberth,Rural Background,51.782616,-4.69237,2026-05-27 00:00:00+00:00,11.978208333333333,24,26.551041666666666,24,4.663900434782609,23,88.36377625,24
PT4,Port Talbot Margam,Urban Industrial,51.58395,-3.770822,2026-05-27 00:00:00+00:00,15.826086956521738,23,34.02708695652174,23,10.100984782608696,23,94.45879608695653,23
SWA1,Swansea Roadside,Urban Traffic,51.632696,-3.947374,2026-05-27 00:00:00+00:00,18.304347826086957,23,32.26273913043478,23,20.74160875,24,,0
WREX,Wrexham,Urban Traffic,53.042282,-3.002829,2026-05-27 00:00:00+00:00,7.383125,24,15.373958333333333,24,9.103586250000001,24,,0
CARD,Cardiff Centre,Urban Background,51.48178,-3.17625,2026-05-28 00:00:00+00:00,12.958333333333334,24,24.27570833333333,24,,5,87.49336826086957,23
CHP,Chepstow A48,Urban Traffic,51.638094,-2.678731,2026-05-28 00:00:00+00:00,10.791666666666666,24,24.557625,24,20.09927608695652,23,,0
NPT3,Newport,Urban Background,51.601203,-2.977281,2026-05-28 00:00:00+00:00,10.446166666666667,24,25.491666666666664,24,8.099623333333334,24,,0
PEMB,Narberth,Rural Background,51.782616,-4.69237,2026-05-28 00:00:00+00:00,10.536708333333333,24,19.717708333333334,24,4.8554466666666665,24,89.91044375,24
PT4,Port Talbot Margam,Urban Industrial,51.58395,-3.770822,2026-05-28 00:00:00+00:00,14.125,24,31.0795,24,6.883982499999999,24,94.7188325,24
SWA1,Swansea Roadside,Urban Traffic,51.632696,-3.947374,2026-05-28 00:00:00+00:00,15.625,24,26.48991666666667,24,14.49177,24,,0
WREX,Wrexham,Urban Traffic,53.042282,-3.002829,2026-05-28 00:00:00+00:00,8.795166666666667,24,17.346875,24,8.822016249999999,24,,0
CARD,Cardiff Centre,Urban Background,51.48178,-3.17625,2026-05-29 00:00:00+00:00,7.458333333333333,24,15.861666666666666,24,6.9020754166666665,24,68.01318083333332,24
CHP,Chepstow A48,Urban Traffic,51.638094,-2.678731,2026-05-29 00:00:00+00:00,8.333333333333334,24,17.592958333333332,24,23.26487217391304,23,,0
NPT3,Newport,Urban Background,51.601203,-2.977281,2026-05-29 00:00:00+00:00,6.590041666666667,24,13.907291666666666,24,5.150324166666667,24,,0
PEMB,Narberth,Rural Background,51.782616,-4.69237,2026-05-29 00:00:00+00:00,6.304083333333334,24,11.673958333333333,24,2.34944,24,63.084217083333336,24
PT4,Port Talbot Margam,Urban Industrial,51.58395,-3.770822,2026-05-29 00:00:00+00:00,9.541666666666666,24,24.799125,24,5.317950416666666,24,66.32099166666669,24
SWA1,Swansea Roadside,Urban Traffic,51.632696,-3.947374,2026-05-29 00:00:00+00:00,9.0,24,16.908541666666668,24,8.230843333333334,24,,0
WREX,Wrexham,Urban Traffic,53.042282,-3.002829,2026-05-29 00:00:00+00:00,3.546583333333333,24,6.984708333333334,24,4.662176666666666,24,,0
CARD,Cardiff Centre,Urban Background,51.48178,-3.17625,2026-05-30 00:00:00+00:00,7.166666666666667,24,14.4125,24,9.07108875,24,53.53534625,24
CHP,Chepstow A48,Urban Traffic,51.638094,-2.678731,2026-05-30 00:00:00+00:00,7.333333333333333,24,11.916583333333334,24,18.876290869565217,23,,0
NPT3,Newport,Urban Background,51.601203,-2.977281,2026-05-30 00:00:00+00:00,4.9154583333333335,24,10.366666666666667,24,6.348836666666667,24,,0
PEMB,Narberth,Rural Background,51.782616,-4.69237,2026-05-30 00:00:00+00:00,4.850625,24,7.836458333333333,24,2.0876,24,55.80892,24
PT4,Port Talbot Margam,Urban Industrial,51.58395,-3.770822,2026-05-30 00:00:00+00:00,6.875,24,16.264208333333332,24,4.3834462499999995,24,52.12449833333333,24
SWA1,Swansea Roadside,Urban Traffic,51.632696,-3.947374,2026-05-30 00:00:00+00:00,10.041666666666666,24,14.573458333333333,24,8.87608625,24,,0
WREX,Wrexham,Urban Traffic,53.042282,-3.002829,2026-05-30 00:00:00+00:00,3.3000000000000003,24,6.432291666666667,24,7.713112916666667,24,,0
CARD,Cardiff Centre,Urban Background,51.48178,-3.17625,2026-05-31 00:00:00+00:00,6.583333333333333,24,14.332041666666667,24,3.9980358333333332,24,61.38371458333335,24
CHP,Chepstow A48,Urban Traffic,51.638094,-2.678731,2026-05-31 00:00:00+00:00,5.625,24,10.346458333333333,24,12.736617916666667,24,,0
NPT3,Newport,Urban Background,51.601203,-2.977281,2026-05-31 00:00:00+00:00,5.141541666666667,24,9.370833333333334,24,1.6920791666666668,24,,0
PEMB,Narberth,Rural Background,51.782616,-4.69237,2026-05-31 00:00:00+00:00,6.332708333333334,24,10.830208333333333,24,1.613885,24,56.55384333333333,24
PT4,Port Talbot Margam,Urban Industrial,51.58395,-3.770822,2026-05-31 00:00:00+00:00,7.541666666666667,24,18.599375,24,2.4379745833333333,24,60.001275833333324,24
SWA1,Swansea Roadside,Urban Traffic,51.632696,-3.947374,2026-05-31 00:00:00+00:00,9.458333333333334,24,14.815083333333334,24,3.8296216666666667,24,,0
WREX,Wrexham,Urban Traffic,53.042282,-3.002829,2026-05-31 00:00:00+00:00,3.3500833333333335,24,5.683333333333334,24,2.5399129166666667,24,,0
CARD,Cardiff Centre,Urban Background,51.48178,-3.17625,2026-06-01 00:00:00+00:00,4.625,24,9.661916666666666,24,11.207425416666666,24,38.201718750000005,24
CHP,Chepstow A48,Urban Traffic,51.638094,-2.678731,2026-06-01 00:00:00+00:00,6.041666666666667,24,9.984041666666666,24,13.832502499999999,24,,0
NPT3,Newport,Urban Background,51.601203,-2.977281,2026-06-01 00:00:00+00:00,4.8625,24,12.252083333333333,24,5.68210375,24,,0
PEMB,Narberth,Rural Background,51.782616,-4.69237,2026-06-01 00:00:00+00:00,2.1668749999999997,24,4.241666666666666,24,1.1734054166666665,24,42.73985708333333,24
PT4,Port Talbot Margam,Urban Industrial,51.58395,-3.770822,2026-06-01 00:00:00+00:00,4.75,24,14.613750000000001,24,8.9404875,24,38.30496833333335,24
SWA1,Swansea Roadside,Urban Traffic,51.632696,-3.947374,2026-06-01 00:00:00+00:00,6.041666666666667,24,8.253,24,5.34917,24,,0
WREX,Wrexham,Urban Traffic,53.042282,-3.002829,2026-06-01 00:00:00+00:00,2.606125,24,5.307291666666667,24,6.762002916666667,24,,0
CARD,Cardiff Centre,Urban Background,51.48178,-3.17625,2026-06-02 00:00:00+00:00,5.833333333333333,24,11.916458333333333,24,6.177999166666667,24,59.46631708333334,24
CHP,Chepstow A48,Urban Traffic,51.638094,-2.678731,2026-06-02 00:00:00+00:00,4.208333333333333,24,11.191875000000001,24,14.923097916666668,24,,0
NPT3,Newport,Urban Background,51.601203,-2.977281,2026-06-02 00:00:00+00:00,4.15975,24,9.642708333333333,24,2.78669875,24,,0
PEMB,Narberth,Rural Background,51.782616,-4.69237,2026-06-02 00:00:00+00:00,3.7009166666666666,24,7.641666666666667,24,1.5459320833333334,24,57.05692666666666,24
PT4,Port Talbot Margam,Urban Industrial,51.58395,-3.770822,2026-06-02 00:00:00+00:00,6.083333333333333,24,14.976208333333334,24,3.6353791666666666,24,61.69554208333332,24
SWA1,Swansea Roadside,Urban Traffic,51.632696,-3.947374,2026-06-02 00:00:00+00:00,5.75,24,11.795708333333332,24,5.409985416666667,24,,0
WREX,Wrexham,Urban Traffic,53.042282,-3.002829,2026-06-02 00:00:00+00:00,1.3462083333333332,24,2.970833333333333,24,5.33027125,24,,0
CARD,Cardiff Centre,Urban Background,51.48178,-3.17625,2026-06-03 00:00:00+00:00,4.0,24,10.829541666666666,24,6.550517916666667,24,58.95630541666665,24
CHP,Chepstow A48,Urban Traffic,51.638094,-2.678731,2026-06-03 00:00:00+00:00,5.826086956521739,23,10.418130434782608,23,10.53045625,24,,0
NPT3,Newport,Urban Background,51.601203,-2.977281,2026-06-03 00:00:00+00:00,4.547041666666667,24,10.726041666666667,24,2.6776666666666666,24,,0
PEMB,Narberth,Rural Background,51.782616,-4.69237,2026-06-03 00:00:00+00:00,5.191708333333334,24,9.786458333333334,24,0.5684179166666666,24,60.51198124999999,24
PT4,Port Talbot Margam,Urban Industrial,51.58395,-3.770822,2026-06-03 00:00:00+00:00,7.583333333333333,24,22.222583333333333,24,4.402475,24,59.434442083333344,24
SWA1,Swansea Roadside,Urban Traffic,51.632696,-3.947374,2026-06-03 00:00:00+00:00,6.083333333333333,24,15.056541666666668,24,3.70430125,24,,0
WREX,Wrexham,Urban Traffic,53.042282,-3.002829,2026-06-03 00:00:00+00:00,2.7211250000000002,24,5.777083333333334,24,5.471416666666666,24,,0
CARD,Cardiff Centre,Urban Background,51.48178,-3.17625,2026-06-04 00:00:00+00:00,5.583333333333333,24,13.365833333333335,24,5.38576625,24,58.55370041666666,24
CHP,Chepstow A48,Urban Traffic,51.638094,-2.678731,2026-06-04 00:00:00+00:00,6.083333333333333,24,11.634708333333334,24,13.401647500000001,24,,0
NPT3,Newport,Urban Background,51.601203,-2.977281,2026-06-04 00:00:00+00:00,4.6295,24,10.920833333333334,24,2.1176954166666664,24,,0
PEMB,Narberth,Rural Background,51.782616,-4.69237,2026-06-04 00:00:00+00:00,4.0683750000000005,24,8.088541666666666,24,1.350748181818182,22,55.517187500000006,24
PT4,Port Talbot Margam,Urban Industrial,51.58395,-3.770822,2026-06-04 00:00:00+00:00,7.458333333333333,24,22.584999999999997,24,2.8156354166666664,24,60.15164749999999,24
SWA1,Swansea Roadside,Urban Traffic,51.632696,-3.947374,2026-06-04 00:00:00+00:00,7.5,24,14.935916666666666,24,4.4505083333333335,24,,0
WREX,Wrexham,Urban Traffic,53.042282,-3.002829,2026-06-04 00:00:00+00:00,1.6981666666666666,24,3.678125,24,2.3734325,24,,0
CARD,Cardiff Centre,Urban Background,51.48178,-3.17625,2026-06-05 00:00:00+00:00,5.458333333333333,24,13.245,24,8.639360416666667,24,72.22286,24
CHP,Chepstow A48,Urban Traffic,51.638094,-2.678731,2026-06-05 00:00:00+00:00,7.208333333333333,24,11.634625,24,17.67447043478261,23,,0
NPT3,Newport,Urban Background,51.601203,-2.977281,2026-06-05 00:00:00+00:00,4.107708333333333,24,10.44375,24,3.2383016666666666,24,,0
PEMB,Narberth,Rural Background,51.782616,-4.69237,2026-06-05 00:00:00+00:00,4.56275,24,10.208333333333334,24,1.8249421739130434,23,75.48804708333334,24
PT4,Port Talbot Margam,Urban Industrial,51.58395,-3.770822,2026-06-05 00:00:00+00:00,6.333333333333333,24,18.921375,24,7.5025579166666665,24,72.01497458333334,24
SWA1,Swansea Roadside,Urban Traffic,51.632696,-3.947374,2026-06-05 00:00:00+00:00,6.625,24,14.170916666666665,24,8.456942916666668,24,,0
WREX,Wrexham,Urban Traffic,53.042282,-3.002829,2026-06-05 00:00:00+00:00,3.2782916666666666,24,6.917708333333334,24,6.52893,24,,0
CARD,Cardiff Centre,Urban Background,51.48178,-3.17625,2026-06-06 00:00:00+00:00,5.083333333333333,24,12.600916666666668,24,6.0236504166666665,24,71.48694624999999,24
CHP,Chepstow A48,Urban Traffic,51.638094,-2.678731,2026-06-06 00:00:00+00:00,6.083333333333333,24,10.748916666666666,24,11.209874166666665,24,,0
NPT3,Newport,Urban Background,51.601203,-2.977281,2026-06-06 00:00:00+00:00,4.256208333333333,24,9.894791666666666,24,1.67138625,24,,0
PEMB,Narberth,Rural Background,51.782616,-4.69237,2026-06-06 00:00:00+00:00,4.2128749999999995,24,8.317708333333334,24,1.0261775,24,71.99210666666666,24
PT4,Port Talbot Margam,Urban Industrial,51.58395,-3.770822,2026-06-06 00:00:00+00:00,5.708333333333333,24,15.660458333333333,24,3.4558850000000003,24,71.6705775,24
SWA1,Swansea Roadside,Urban Traffic,51.632696,-3.947374,2026-06-06 00:00:00+00:00,6.916666666666667,24,14.654041666666666,24,6.2341925,24,,0
WREX,Wrexham,Urban Traffic,53.042282,-3.002829,2026-06-06 00:00:00+00:00,1.9643750000000002,24,3.6645833333333333,24,4.7425225,24,,0
CARD,Cardiff Centre,Urban Background,51.48178,-3.17625,2026-06-07 00:00:00+00:00,9.791666666666666,24,19.605833333333333,24,6.712335416666666,24,63.51661916666668,24
CHP,Chepstow A48,Urban Traffic,51.638094,-2.678731,2026-06-07 00:00:00+00:00,8.833333333333334,24,17.270708333333335,24,9.6237625,24,,0
NPT3,Newport,Urban Background,51.601203,-2.977281,2026-06-07 00:00:00+00:00,8.958375,24,18.332291666666666,24,2.2432445833333334,24,,0
PEMB,Narberth,Rural Background,51.782616,-4.69237,2026-06-07 00:00:00+00:00,9.806583333333334,24,16.495833333333334,24,0.8656462500000001,24,66.21427833333331,24
PT4,Port Talbot Margam,Urban Industrial,51.58395,-3.770822,2026-06-07 00:00:00+00:00,11.166666666666666,24,28.261333333333337,24,3.78831375,24,66.15260541666667,24
SWA1,Swansea Roadside,Urban Traffic,51.632696,-3.947374,2026-06-07 00:00:00+00:00,10.666666666666666,24,24.879541666666668,24,3.365575833333333,24,,0
WREX,Wrexham,Urban Traffic,53.042282,-3.002829,2026-06-07 00:00:00+00:00,5.608291666666666,24,9.920833333333333,24,3.3737629166666667,24,,0
CARD,Cardiff Centre,Urban Background,51.48178,-3.17625,2026-06-08 00:00:00+00:00,5.708333333333333,24,11.286863636363636,22,7.17277,24,62.81881583333333,24
CHP,Chepstow A48,Urban Traffic,51.638094,-2.678731,2026-06-08 00:00:00+00:00,6.375,24,10.829458333333333,24,15.828704166666666,24,,0
NPT3,Newport,Urban Background,51.601203,-2.977281,2026-06-08 00:00:00+00:00,3.742125,24,8.547916666666667,24,3.6312795833333333,24,,0
PEMB,Narberth,Rural Background,51.782616,-4.69237,2026-06-08 00:00:00+00:00,3.3952500000000003,24,7.619791666666667,24,0.8256833333333334,24,63.0939175,24
PT4,Port Talbot Margam,Urban Industrial,51.58395,-3.770822,2026-06-08 00:00:00+00:00,6.0,24,17.955208333333335,24,9.33621,24,61.755829166666665,24
SWA1,Swansea Roadside,Urban Traffic,51.632696,-3.947374,2026-06-08 00:00:00+00:00,5.739130434782608,23,12.812652173913042,23,5.720412608695653,23,,0
WREX,Wrexham,Urban Traffic,53.042282,-3.002829,2026-06-08 00:00:00+00:00,2.283916666666667,24,4.686458333333333,24,3.2760470833333333,24,,0
CARD,Cardiff Centre,Urban Background,51.48178,-3.17625,2026-06-09 00:00:00+00:00,6.5,24,13.728083333333332,24,5.35464375,24,60.67066624999999,24
CHP,Chepstow A48,Urban Traffic,51.638094,-2.678731,2026-06-09 00:00:00+00:00,6.956521739130435,23,11.426304347826088,23,13.557736666666665,24,,0
NPT3,Newport,Urban Background,51.601203,-2.977281,2026-06-09 00:00:00+00:00,4.3515,24,10.157291666666667,24,2.5539645833333333,24,,0
PEMB,Narberth,Rural Background,51.782616,-4.69237,2026-06-09 00:00:00+00:00,5.443124999999999,24,11.246875000000001,24,0.35289624999999997,24,59.47532625,24
PT4,Port Talbot Margam,Urban Industrial,51.58395,-3.770822,2026-06-09 00:00:00+00:00,7.25,24,26.12754166666667,24,6.116291666666666,24,60.57296041666667,24
SWA1,Swansea Roadside,Urban Traffic,51.632696,-3.947374,2026-06-09 00:00:00+00:00,7.333333333333333,24,17.51245833333333,24,4.3680562499999995,24,,0
WREX,Wrexham,Urban Traffic,53.042282,-3.002829,2026-06-09 00:00:00+00:00,2.5058333333333334,24,5.1656249999999995,24,2.712798695652174,23,,0
CARD,Cardiff Centre,Urban Background,51.48178,-3.17625,2026-06-10 00:00:00+00:00,6.416666666666667,24,10.628124999999999,24,8.029199583333334,24,54.353722499999996,24
CHP,Chepstow A48,Urban Traffic,51.638094,-2.678731,2026-06-10 00:00:00+00:00,7.25,24,8.575083333333334,24,15.659843333333333,24,,0
NPT3,Newport,Urban Background,51.601203,-2.977281,2026-06-10 00:00:00+00:00,3.6113750000000002,24,7.78125,24,3.4591154166666667,24,,0
PEMB,Narberth,Rural Background,51.782616,-4.69237,2026-06-10 00:00:00+00:00,3.4561666666666664,24,7.8531249999999995,24,0.797235,24,55.14576541666668,24
PT4,Port Talbot Margam,Urban Industrial,51.58395,-3.770822,2026-06-10 00:00:00+00:00,7.043478260869565,23,23.234714285714283,21,5.245838260869565,23,56.91866608695652,23
SWA1,Swansea Roadside,Urban Traffic,51.632696,-3.947374,2026-06-10 00:00:00+00:00,6.125,24,13.285291666666666,24,5.751657916666667,24,,0
WREX,Wrexham,Urban Traffic,53.042282,-3.002829,2026-06-10 00:00:00+00:00,1.6548749999999999,24,3.669791666666667,24,2.7966320833333334,24,,0
CARD,Cardiff Centre,Urban Background,51.48178,-3.17625,2026-06-11 00:00:00+00:00,4.0,24,8.172458333333333,24,9.031705,24,39.43378583333334,24
CHP,Chepstow A48,Urban Traffic,51.638094,-2.678731,2026-06-11 00:00:00+00:00,4.041666666666667,24,7.769875,24,13.103909166666668,24,,0
NPT3,Newport,Urban Background,51.601203,-2.977281,2026-06-11 00:00:00+00:00,3.16925,24,6.292708333333334,24,4.38693625,24,,0
PEMB,Narberth,Rural Background,51.782616,-4.69237,2026-06-11 00:00:00+00:00,3.873791666666667,24,6.661458333333333,24,0.5682920833333334,24,40.90977166666667,24
PT4,Port Talbot Margam,Urban Industrial,51.58395,-3.770822,2026-06-11 00:00:00+00:00,6.583333333333333,24,16.385083333333334,24,6.751725833333334,24,41.13290250000001,24
SWA1,Swansea Roadside,Urban Traffic,51.632696,-3.947374,2026-06-11 00:00:00+00:00,8.541666666666666,24,11.755416666666667,24,5.546741666666667,24,,0
WREX,Wrexham,Urban Traffic,53.042282,-3.002829,2026-06-11 00:00:00+00:00,1.9220833333333334,24,3.74375,24,4.830257083333334,24,,0
CARD,Cardiff Centre,Urban Background,51.48178,-3.17625,2026-06-12 00:00:00+00:00,3.4166666666666665,24,6.401,24,4.28596,24,29.950053333333333,24
CHP,Chepstow A48,Urban Traffic,51.638094,-2.678731,2026-06-12 00:00:00+00:00,4.041666666666667,24,4.911583333333334,24,9.37727347826087,23,,0
NPT3,Newport,Urban Background,51.601203,-2.977281,2026-06-12 00:00:00+00:00,2.3240416666666666,24,5.477083333333333,24,1.2723108333333333,24,,0
PEMB,Narberth,Rural Background,51.782616,-4.69237,2026-06-12 00:00:00+00:00,3.7568750000000004,24,7.194791666666667,24,0.4280825,24,31.33526333333334,24
PT4,Port Talbot Margam,Urban Industrial,51.58395,-3.770822,2026-06-12 00:00:00+00:00,5.375,24,11.433375,24,1.9121499999999998,24,31.74063916666667,24
SWA1,Swansea Roadside,Urban Traffic,51.632696,-3.947374,2026-06-12 00:00:00+00:00,6.416666666666667,24,11.151541666666667,24,3.5039116666666668,24,,0
WREX,Wrexham,Urban Traffic,53.042282,-3.002829,2026-06-12 00:00:00+00:00,2.8558749999999997,24,6.108333333333333,24,2.1221783333333333,24,,0
CARD,Cardiff Centre,Urban Background,51.48178,-3.17625,2026-06-13 00:00:00+00:00,7.583333333333333,24,15.942375,24,6.8579179166666675,24,58.60290041666667,24
CHP,Chepstow A48,Urban Traffic,51.638094,-2.678731,2026-06-13 00:00:00+00:00,6.833333333333333,24,11.513875,24,12.92116956521739,23,,0
NPT3,Newport,Urban Background,51.601203,-2.977281,2026-06-13 00:00:00+00:00,5.122916666666667,24,10.856250000000001,24,4.23566375,24,,0
PEMB,Narberth,Rural Background,51.782616,-4.69237,2026-06-13 00:00:00+00:00,5.111083333333333,24,10.592708333333333,24,1.2131233333333333,24,55.35503666666667,24
PT4,Port Talbot Margam,Urban Industrial,51.58395,-3.770822,2026-06-13 00:00:00+00:00,7.75,24,17.834416666666666,24,5.267345416666667,24,55.94127375,24
SWA1,Swansea Roadside,Urban Traffic,51.632696,-3.947374,2026-06-13 00:00:00+00:00,9.0,24,14.774791666666667,24,6.342055833333333,24,,0
WREX,Wrexham,Urban Traffic,53.042282,-3.002829,2026-06-13 00:00:00+00:00,2.9088333333333334,24,5.570833333333333,24,1.7841379166666667,24,,0
CARD,Cardiff Centre,Urban Background,51.48178,-3.17625,2026-06-14 00:00:00+00:00,6.958333333333333,24,12.520208333333334,24,9.898909999999999,24,51.966505000000005,24
CHP,Chepstow A48,Urban Traffic,51.638094,-2.678731,2026-06-14 00:00:00+00:00,6.75,24,9.29975,24,13.0944375,24,,0
NPT3,Newport,Urban Background,51.601203,-2.977281,2026-06-14 00:00:00+00:00,4.761166666666667,24,8.859375,24,6.429353333333334,24,,0
PEMB,Narberth,Rural Background,51.782616,-4.69237,2026-06-14 00:00:00+00:00,5.037333333333334,24,11.020833333333334,24,1.7685458333333333,24,55.05498833333334,24
PT4,Port Talbot Margam,Urban Industrial,51.58395,-3.770822,2026-06-14 00:00:00+00:00,8.125,24,15.217625,24,6.07917,24,50.821055833333325,24
SWA1,Swansea Roadside,Urban Traffic,51.632696,-3.947374,2026-06-14 00:00:00+00:00,11.625,24,17.471999999999998,24,14.294152083333332,24,,0
WREX,Wrexham,Urban Traffic,53.042282,-3.002829,2026-06-14 00:00:00+00:00,3.580916666666667,24,6.190625,24,6.501191666666667,24,,0
CARD,Cardiff Centre,Urban Background,51.48178,-3.17625,2026-06-15 00:00:00+00:00,6.125,24,11.835958333333332,24,7.7143813043478255,23,63.63234083333335,24
CHP,Chepstow A48,Urban Traffic,51.638094,-2.678731,2026-06-15 00:00:00+00:00,7.636363636363637,22,12.770652173913044,23,17.724026818181816,22,,0
NPT3,Newport,Urban Background,51.601203,-2.977281,2026-06-15 00:00:00+00:00,5.470666666666666,24,12.026041666666666,24,7.3686766666666665,24,,0
PEMB,Narberth,Rural Background,51.782616,-4.69237,2026-06-15 00:00:00+00:00,5.360625,24,14.049999999999999,24,2.8759430434782614,23,59.80586416666667,24
PT4,Port Talbot Margam,Urban Industrial,51.58395,-3.770822,2026-06-15 00:00:00+00:00,7.666666666666667,24,13.929375,24,5.28717,24,66.71528208333334,24
SWA1,Swansea Roadside,Urban Traffic,51.632696,-3.947374,2026-06-15 00:00:00+00:00,8.958333333333334,24,14.976166666666666,24,11.653507083333333,24,,0
WREX,Wrexham,Urban Traffic,53.042282,-3.002829,2026-06-15 00:00:00+00:00,7.903874999999999,24,11.914583333333333,24,11.4080025,24,,0
CARD,Cardiff Centre,Urban Background,51.48178,-3.17625,2026-06-16 00:00:00+00:00,4.833333333333333,24,6.481583333333333,24,8.481646666666666,24,43.551995833333336,24
CHP,Chepstow A48,Urban Traffic,51.638094,-2.678731,2026-06-16 00:00:00+00:00,4.833333333333333,24,7.447791666666667,24,15.320377916666667,24,,0
NPT3,Newport,Urban Background,51.601203,-2.977281,2026-06-16 00:00:00+00:00,3.4955,24,7.542708333333334,24,3.930593333333333,24,,0
PEMB,Narberth,Rural Background,51.782616,-4.69237,2026-06-16 00:00:00+00:00,2.5247083333333333,24,3.9125,24,1.7163891666666666,24,39.04504041666666,24
PT4,Port Talbot Margam,Urban Industrial,51.58395,-3.770822,2026-06-16 00:00:00+00:00,6.875,24,13.446333333333333,24,5.95514875,24,44.3530475,24
SWA1,Swansea Roadside,Urban Traffic,51.632696,-3.947374,2026-06-16 00:00:00+00:00,5.666666666666667,24,7.930833333333333,24,6.209522499999999,24,,0
WREX,Wrexham,Urban Traffic,53.042282,-3.002829,2026-06-16 00:00:00+00:00,2.5766666666666667,24,5.0718749999999995,24,6.5732025,24,,0
CARD,Cardiff Centre,Urban Background,51.48178,-3.17625,2026-06-17 00:00:00+00:00,3.625,24,5.555666666666667,24,10.729622083333334,24,30.834259166666666,24
CHP,Chepstow A48,Urban Traffic,51.638094,-2.678731,2026-06-17 00:00:00+00:00,3.7083333333333335,24,6.11925,24,12.91096125,24,,0
NPT3,Newport,Urban Background,51.601203,-2.977281,2026-06-17 00:00:00+00:00,2.9786249999999996,24,5.204166666666667,24,5.331439166666667,24,,0
PEMB,Narberth,Rural Background,51.782616,-4.69237,2026-06-17 00:00:00+00:00,2.8519583333333336,24,7.679166666666666,24,1.28898625,24,43.920646250000004,24
PT4,Port Talbot Margam,Urban Industrial,51.58395,-3.770822,2026-06-17 00:00:00+00:00,6.416666666666667,24,10.145125,24,8.024035833333334,24,38.1324225,24
SWA1,Swansea Roadside,Urban Traffic,51.632696,-3.947374,2026-06-17 00:00:00+00:00,6.5,24,6.481583333333333,24,5.736391666666666,24,,0
WREX,Wrexham,Urban Traffic,53.042282,-3.002829,2026-06-17 00:00:00+00:00,2.31325,24,4.309375,24,4.031410416666667,24,,0
CARD,Cardiff Centre,Urban Background,51.48178,-3.17625,2026-06-18 00:00:00+00:00,2.9583333333333335,24,5.716666666666666,24,9.683717916666668,24,35.78609041666667,24
CHP,Chepstow A48,Urban Traffic,51.638094,-2.678731,2026-06-18 00:00:00+00:00,3.25,24,6.320458333333334,24,14.238014166666666,24,,0
NPT3,Newport,Urban Background,51.601203,-2.977281,2026-06-18 00:00:00+00:00,3.276375,24,7.4281250000000005,24,4.823365833333333,24,,0
PEMB,Narberth,Rural Background,51.782616,-4.69237,2026-06-18 00:00:00+00:00,2.551083333333333,24,6.716666666666666,24,1.1311654166666667,24,41.96375208333333,24
PT4,Port Talbot Margam,Urban Industrial,51.58395,-3.770822,2026-06-18 00:00:00+00:00,5.5,24,9.259375,24,6.874738333333333,24,37.69932750000001,24
SWA1,Swansea Roadside,Urban Traffic,51.632696,-3.947374,2026-06-18 00:00:00+00:00,5.666666666666667,24,8.736083333333333,24,9.453680416666666,24,,0
WREX,Wrexham,Urban Traffic,53.042282,-3.002829,2026-06-18 00:00:00+00:00,2.5157083333333334,24,5.385416666666667,24,6.6147012499999995,24,,0
CARD,Cardiff Centre,Urban Background,51.48178,-3.17625,2026-06-19 00:00:00+00:00,3.4166666666666665,24,5.958125,24,10.004176666666668,24,35.30518250000001,24
CHP,Chepstow A48,Urban Traffic,51.638094,-2.678731,2026-06-19 00:00:00+00:00,2.4166666666666665,24,5.273875,24,14.277704166666666,24,,0
NPT3,Newport,Urban Background,51.601203,-2.977281,2026-06-19 00:00:00+00:00,3.2921666666666667,24,7.860416666666667,24,4.176547083333333,24,,0
PEMB,Narberth,Rural Background,51.782616,-4.69237,2026-06-19 00:00:00+00:00,1.8062500000000001,24,7.4125000000000005,24,1.6171114285714285,21,39.02494458333333,24
PT4,Port Talbot Margam,Urban Industrial,51.58395,-3.770822,2026-06-19 00:00:00+00:00,5.666666666666667,24,10.587875,24,6.84571875,24,38.4303925,24
SWA1,Swansea Roadside,Urban Traffic,51.632696,-3.947374,2026-06-19 00:00:00+00:00,6.333333333333333,24,7.890666666666667,24,8.542440416666667,24,,0
WREX,Wrexham,Urban Traffic,53.042282,-3.002829,2026-06-19 00:00:00+00:00,1.328625,24,4.171875,24,6.360516666666666,24,,0
CARD,Cardiff Centre,Urban Background,51.48178,-3.17625,2026-06-20 00:00:00+00:00,4.208333333333333,24,5.917916666666667,24,10.89669,24,39.93340416666667,24
CHP,Chepstow A48,Urban Traffic,51.638094,-2.678731,2026-06-20 00:00:00+00:00,3.4583333333333335,24,4.6297500000000005,24,15.283045833333333,24,,0
NPT3,Newport,Urban Background,51.601203,-2.977281,2026-06-20 00:00:00+00:00,2.563875,24,5.026041666666667,24,5.4547349999999994,24,,0
PEMB,Narberth,Rural Background,51.782616,-4.69237,2026-06-20 00:00:00+00:00,1.7275833333333335,24,5.351041666666667,24,,0,47.85106583333334,24
PT4,Port Talbot Margam,Urban Industrial,51.58395,-3.770822,2026-06-20 00:00:00+00:00,,12,,12,,12,,12
SWA1,Swansea Roadside,Urban Traffic,51.632696,-3.947374,2026-06-20 00:00:00+00:00,8.083333333333334,24,8.252958333333334,24,8.69498125,24,,0
WREX,Wrexham,Urban Traffic,53.042282,-3.002829,2026-06-20 00:00:00+00:00,2.0450833333333334,24,3.834375,24,5.8496275,24,,0
CARD,Cardiff Centre,Urban Background,51.48178,-3.17625,2026-06-21 00:00:00+00:00,5.791666666666667,24,9.259375,24,11.425704166666668,24,53.682252500000004,24
CHP,Chepstow A48,Urban Traffic,51.638094,-2.678731,2026-06-21 00:00:00+00:00,4.375,24,6.119291666666666,24,14.331223333333334,24,,0
NPT3,Newport,Urban Background,51.601203,-2.977281,2026-06-21 00:00:00+00:00,2.8026666666666666,24,6.004166666666666,24,6.866844583333333,24,,0
PEMB,Narberth,Rural Background,51.782616,-4.69237,2026-06-21 00:00:00+00:00,2.029375,24,4.5375000000000005,24,,0,53.26232333333332,24
PT4,Port Talbot Margam,Urban Industrial,51.58395,-3.770822,2026-06-21 00:00:00+00:00,,0,,0,,0,,0
SWA1,Swansea Roadside,Urban Traffic,51.632696,-3.947374,2026-06-21 00:00:00+00:00,8.291666666666666,24,10.306083333333333,24,11.956299583333333,24,,0
WREX,Wrexham,Urban Traffic,53.042282,-3.002829,2026-06-21 00:00:00+00:00,2.6670833333333337,24,4.832291666666667,24,8.464320416666666,24,,0
CARD,Cardiff Centre,Urban Background,51.48178,-3.17625,2026-06-22 00:00:00+00:00,6.166666666666667,24,12.761916666666666,24,9.608617826086956,23,73.44107000000001,24
CHP,Chepstow A48,Urban Traffic,51.638094,-2.678731,2026-06-22 00:00:00+00:00,6.375,24,11.674958333333334,24,19.137931666666667,24,,0
NPT3,Newport,Urban Background,51.601203,-2.977281,2026-06-22 00:00:00+00:00,6.0612916666666665,24,12.317708333333334,24,11.808247083333333,24,,0
PEMB,Narberth,Rural Background,51.782616,-4.69237,2026-06-22 00:00:00+00:00,5.445166666666666,24,14.555208333333333,24,,9,74.91774791666667,24
PT4,Port Talbot Margam,Urban Industrial,51.58395,-3.770822,2026-06-22 00:00:00+00:00,,10,,10,,13,,12
SWA1,Swansea Roadside,Urban Traffic,51.632696,-3.947374,2026-06-22 00:00:00+00:00,13.304347826086957,23,16.719434782608694,23,20.23441,23,,0
WREX,Wrexham,Urban Traffic,53.042282,-3.002829,2026-06-22 00:00:00+00:00,3.7883750000000003,24,9.125,24,9.18330125,24,,0
CARD,Cardiff Centre,Urban Background,51.48178,-3.17625,2026-06-23 00:00:00+00:00,13.708333333333334,24,23.22908333333333,24,10.804387391304347,23,90.38580791666669,24
CHP,Chepstow A48,Urban Traffic,51.638094,-2.678731,2026-06-23 00:00:00+00:00,10.583333333333334,24,20.330416666666668,24,24.27160375,24,,0
NPT3,Newport,Urban Background,51.601203,-2.977281,2026-06-23 00:00:00+00:00,12.571833333333332,24,25.680208333333336,24,10.157732916666667,24,,0
PEMB,Narberth,Rural Background,51.782616,-4.69237,2026-06-23 00:00:00+00:00,10.639791666666666,24,19.177083333333332,24,4.3878337499999995,24,92.30736333333333,24
PT4,Port Talbot Margam,Urban Industrial,51.58395,-3.770822,2026-06-23 00:00:00+00:00,15.0,23,28.775913043478262,23,13.164758181818183,22,78.6609504347826,23
SWA1,Swansea Roadside,Urban Traffic,51.632696,-3.947374,2026-06-23 00:00:00+00:00,18.875,24,26.288625,24,16.631770416666665,24,,0
WREX,Wrexham,Urban Traffic,53.042282,-3.002829,2026-06-23 00:00:00+00:00,9.285583333333333,24,16.770833333333332,24,13.439491304347825,23,,0
CARD,Cardiff Centre,Urban Background,51.48178,-3.17625,2026-06-24 00:00:00+00:00,13.782608695652174,23,25.362666666666666,24,13.319213913043479,23,80.09062875000001,24
CHP,Chepstow A48,Urban Traffic,51.638094,-2.678731,2026-06-24 00:00:00+00:00,11.541666666666666,24,17.109875,24,20.186295,24,,0
NPT3,Newport,Urban Background,51.601203,-2.977281,2026-06-24 00:00:00+00:00,12.11575,24,23.046875,24,9.046881666666666,24,,0
PEMB,Narberth,Rural Background,51.782616,-4.69237,2026-06-24 00:00:00+00:00,11.444625,24,23.05,24,3.4016208333333338,24,84.98425333333333,24
PT4,Port Talbot Margam,Urban Industrial,51.58395,-3.770822,2026-06-24 00:00:00+00:00,20.291666666666668,24,47.58533333333333,24,14.070032916666667,24,76.67853666666667,24
SWA1,Swansea Roadside,Urban Traffic,51.632696,-3.947374,2026-06-24 00:00:00+00:00,23.666666666666668,24,30.717125,24,18.995361666666668,24,,0
WREX,Wrexham,Urban Traffic,53.042282,-3.002829,2026-06-24 00:00:00+00:00,7.724166666666666,24,13.133333333333333,24,12.404077083333334,24,,0
CARD,Cardiff Centre,Urban Background,51.48178,-3.17625,2026-06-25 00:00:00+00:00,13.666666666666666,24,27.738,24,10.607867391304348,23,114.87471125,24
CHP,Chepstow A48,Urban Traffic,51.638094,-2.678731,2026-06-25 00:00:00+00:00,14.19047619047619,21,27.361,22,22.007115454545456,22,,0
NPT3,Newport,Urban Background,51.601203,-2.977281,2026-06-25 00:00:00+00:00,14.813249999999998,24,31.70625,24,10.744007083333335,24,,0
PEMB,Narberth,Rural Background,51.782616,-4.69237,2026-06-25 00:00:00+00:00,13.181999999999999,23,31.108695652173914,23,4.906432727272727,22,122.94797181818181,22
PT4,Port Talbot Margam,Urban Industrial,51.58395,-3.770822,2026-06-25 00:00:00+00:00,17.0,24,32.81045833333334,24,6.9487145833333335,24,122.27681666666666,24
SWA1,Swansea Roadside,Urban Traffic,51.632696,-3.947374,2026-06-25 00:00:00+00:00,22.125,24,35.70908333333333,24,22.389179166666665,24,,0
WREX,Wrexham,Urban Traffic,53.042282,-3.002829,2026-06-25 00:00:00+00:00,8.447333333333333,24,18.238541666666666,24,12.257292083333333,24,,0
CARD,Cardiff Centre,Urban Background,51.48178,-3.17625,2026-06-26 00:00:00+00:00,12.291666666666666,24,22.18225,24,9.962940434782608,23,90.61586916666668,24
CHP,Chepstow A48,Urban Traffic,51.638094,-2.678731,2026-06-26 00:00:00+00:00,12.583333333333334,24,19.525208333333335,24,22.9021875,24,,0
NPT3,Newport,Urban Background,51.601203,-2.977281,2026-06-26 00:00:00+00:00,13.2125,24,25.729166666666668,24,8.877100833333333,24,,0
PEMB,Narberth,Rural Background,51.782616,-4.69237,2026-06-26 00:00:00+00:00,9.628541666666667,24,17.930208333333333,24,3.4795149999999997,24,72.80909583333333,24
PT4,Port Talbot Margam,Urban Industrial,51.58395,-3.770822,2026-06-26 00:00:00+00:00,13.916666666666666,24,26.5705,24,7.880657500000001,24,85.82203,24
SWA1,Swansea Roadside,Urban Traffic,51.632696,-3.947374,2026-06-26 00:00:00+00:00,15.041666666666666,24,22.142041666666668,24,10.536925833333333,24,,0
WREX,Wrexham,Urban Traffic,53.042282,-3.002829,2026-06-26 00:00:00+00:00,11.202833333333333,24,20.123958333333334,24,12.873391304347827,23,,0
CARD,Cardiff Centre,Urban Background,51.48178,-3.17625,2026-06-27 00:00:00+00:00,5.25,24,9.742666666666667,24,7.334472608695652,23,61.862542916666676,24
CHP,Chepstow A48,Urban Traffic,51.638094,-2.678731,2026-06-27 00:00:00+00:00,4.416666666666667,24,8.172541666666666,24,15.419364166666668,24,,0
NPT3,Newport,Urban Background,51.601203,-2.977281,2026-06-27 00:00:00+00:00,4.330875,24,9.671875,24,6.27839875,24,,0
PEMB,Narberth,Rural Background,51.782616,-4.69237,2026-06-27 00:00:00+00:00,4.929250000000001,24,8.776041666666666,24,2.5474912499999998,24,56.019577916666684,24
PT4,Port Talbot Margam,Urban Industrial,51.58395,-3.770822,2026-06-27 00:00:00+00:00,6.25,24,14.050208333333332,24,6.8351670833333324,24,57.05692500000001,24
SWA1,Swansea Roadside,Urban Traffic,51.632696,-3.947374,2026-06-27 00:00:00+00:00,8.333333333333334,24,13.365708333333332,24,9.186700833333333,24,,0
WREX,Wrexham,Urban Traffic,53.042282,-3.002829,2026-06-27 00:00:00+00:00,3.657625,24,8.405208333333333,24,5.737659166666667,24,,0
CARD,Cardiff Centre,Urban Background,51.48178,-3.17625,2026-06-28 00:00:00+00:00,5.208333333333333,24,11.876249999999999,24,5.897504782608695,23,56.53444041666666,24
CHP,Chepstow A48,Urban Traffic,51.638094,-2.678731,2026-06-28 00:00:00+00:00,5.416666666666667,24,7.608875,24,11.27976875,24,,0
NPT3,Newport,Urban Background,51.601203,-2.977281,2026-06-28 00:00:00+00:00,3.436541666666667,24,7.954166666666667,24,1.5369325,24,,0
PEMB,Narberth,Rural Background,51.782616,-4.69237,2026-06-28 00:00:00+00:00,3.8207916666666666,24,8.942708333333334,24,2.07131875,24,52.34000583333333,24
PT4,Port Talbot Margam,Urban Industrial,51.58395,-3.770822,2026-06-28 00:00:00+00:00,5.708333333333333,24,16.385166666666667,24,2.659050833333333,24,58.07071333333334,24
SWA1,Swansea Roadside,Urban Traffic,51.632696,-3.947374,2026-06-28 00:00:00+00:00,7.458333333333333,24,13.36575,24,3.4652708333333333,24,,0
WREX,Wrexham,Urban Traffic,53.042282,-3.002829,2026-06-28 00:00:00+00:00,2.2847916666666666,24,5.005208333333333,24,2.3388483333333334,24,,0
CARD,Cardiff Centre,Urban Background,51.48178,-3.17625,2026-06-29 00:00:00+00:00,5.409090909090909,22,12.34109090909091,22,8.017182608695652,23,52.37950333333333,24
CHP,Chepstow A48,Urban Traffic,51.638094,-2.678731,2026-06-29 00:00:00+00:00,7.041666666666667,24,10.547666666666666,24,17.288703478260867,23,,0
NPT3,Newport,Urban Background,51.601203,-2.977281,2026-06-29 00:00:00+00:00,4.25325,24,10.44375,24,3.7179854166666666,24,,0
PEMB,Narberth,Rural Background,51.782616,-4.69237,2026-06-29 00:00:00+00:00,5.1031249999999995,24,10.8125,24,2.0211945833333336,24,46.596824999999995,24
PT4,Port Talbot Margam,Urban Industrial,51.58395,-3.770822,2026-06-29 00:00:00+00:00,7.166666666666667,24,17.431833333333334,24,5.117241666666667,24,53.925477916666665,24
SWA1,Swansea Roadside,Urban Traffic,51.632696,-3.947374,2026-06-29 00:00:00+00:00,8.25,24,16.183916666666665,24,6.871613333333333,24,,0
WREX,Wrexham,Urban Traffic,53.042282,-3.002829,2026-06-29 00:00:00+00:00,3.753,24,7.802083333333333,24,4.249436666666667,24,,0
CARD,Cardiff Centre,Urban Background,51.48178,-3.17625,2026-06-30 00:00:00+00:00,5.583333333333333,24,8.816583333333332,24,6.459569999999999,24,48.43868916666668,24
CHP,Chepstow A48,Urban Traffic,51.638094,-2.678731,2026-06-30 00:00:00+00:00,5.375,24,8.432318181818182,22,16.734994166666667,24,,0
NPT3,Newport,Urban Background,51.601203,-2.977281,2026-06-30 00:00:00+00:00,4.336875,24,10.026041666666666,24,4.1401975,24,,0
PEMB,Narberth,Rural Background,51.782616,-4.69237,2026-06-30 00:00:00+00:00,3.5672083333333333,24,7.528125,24,2.18646625,24,43.94351291666667,24
PT4,Port Talbot Margam,Urban Industrial,51.58395,-3.770822,2026-06-30 00:00:00+00:00,7.25,24,17.5125,24,5.877213333333334,24,47.32996749999999,24
SWA1,Swansea Roadside,Urban Traffic,51.632696,-3.947374,2026-06-30 00:00:00+00:00,7.625,24,12.359250000000001,24,5.511725416666667,24,,0
WREX,Wrexham,Urban Traffic,53.042282,-3.002829,2026-06-30 00:00:00+00:00,3.608541666666667,24,7.9125000000000005,24,7.464706666666667,24,,0
CARD,Cardiff Centre,Urban Background,51.48178,-3.17625,2026-07-01 00:00:00+00:00,3.4583333333333335,24,9.742458333333333,24,6.28945625,24,39.6430575,24
CHP,Chepstow A48,Urban Traffic,51.638094,-2.678731,2026-07-01 00:00:00+00:00,4.583333333333333,24,8.414,24,15.15857375,24,,0
NPT3,Newport,Urban Background,51.601203,-2.977281,2026-07-01 00:00:00+00:00,3.408041666666667,24,7.6499999999999995,24,5.099535416666667,24,,0
PEMB,Narberth,Rural Background,51.782616,-4.69237,2026-07-01 00:00:00+00:00,2.1530833333333335,24,5.83125,24,2.385605,24,37.66398666666667,24
PT4,Port Talbot Margam,Urban Industrial,51.58395,-3.770822,2026-07-01 00:00:00+00:00,9.166666666666666,24,15.86175,24,4.066095,24,44.475699999999996,24
SWA1,Swansea Roadside,Urban Traffic,51.632696,-3.947374,2026-07-01 00:00:00+00:00,7.913043478260869,23,9.11595652173913,23,5.2418313043478255,23,,0
WREX,Wrexham,Urban Traffic,53.042282,-3.002829,2026-07-01 00:00:00+00:00,1.9949583333333332,24,4.145833333333333,24,4.441084583333333,24,,0
CARD,Cardiff Centre,Urban Background,51.48178,-3.17625,2026-07-02 00:00:00+00:00,4.166666666666667,24,5.273833333333333,24,5.23760125,24,43.59218666666666,24
CHP,Chepstow A48,Urban Traffic,51.638094,-2.678731,2026-07-02 00:00:00+00:00,5.291666666666667,24,6.360875,24,10.13927875,24,,0
NPT3,Newport,Urban Background,51.601203,-2.977281,2026-07-02 00:00:00+00:00,2.8842083333333335,24,5.7625,24,3.3074704166666664,24,,0
PEMB,Narberth,Rural Background,51.782616,-4.69237,2026-07-02 00:00:00+00:00,3.047416666666667,24,6.580208333333334,24,1.6202066666666666,24,50.088606666666664,24
PT4,Port Talbot Margam,Urban Industrial,51.58395,-3.770822,2026-07-02 00:00:00+00:00,8.541666666666666,24,9.822958333333334,24,3.703038333333333,24,46.009895,24
SWA1,Swansea Roadside,Urban Traffic,51.632696,-3.947374,2026-07-02 00:00:00+00:00,7.416666666666667,24,9.621666666666668,24,3.7762320833333334,24,,0
WREX,Wrexham,Urban Traffic,53.042282,-3.002829,2026-07-02 00:00:00+00:00,2.7161666666666666,24,6.166666666666667,24,4.65042375,24,,0
CARD,Cardiff Centre,Urban Background,51.48178,-3.17625,2026-07-03 00:00:00+00:00,5.833333333333333,24,8.736,24,7.7291687499999995,24,48.51768666666667,24
CHP,Chepstow A48,Urban Traffic,51.638094,-2.678731,2026-07-03 00:00:00+00:00,5.75,24,8.735999999999999,24,17.385682083333332,24,,0
NPT3,Newport,Urban Background,51.601203,-2.977281,2026-07-03 00:00:00+00:00,5.0540416666666665,24,9.981250000000001,24,6.606964583333333,24,,0
PEMB,Narberth,Rural Background,51.782616,-4.69237,2026-07-03 00:00:00+00:00,,15,,15,2.512330909090909,22,49.532166666666676,24
PT4,Port Talbot Margam,Urban Industrial,51.58395,-3.770822,2026-07-03 00:00:00+00:00,8.916666666666666,24,14.493041666666668,24,5.456005416666667,24,50.10662416666667,24
SWA1,Swansea Roadside,Urban Traffic,51.632696,-3.947374,2026-07-03 00:00:00+00:00,8.625,24,11.513833333333332,24,9.327913333333333,24,,0
WREX,Wrexham,Urban Traffic,53.042282,-3.002829,2026-07-03 00:00:00+00:00,3.236,24,6.2625,24,4.217002083333333,24,,0
CARD,Cardiff Centre,Urban Background,51.48178,-3.17625,2026-07-04 00:00:00+00:00,3.6666666666666665,24,7.004874999999999,24,3.959387916666667,24,25.820062083333337,24
CHP,Chepstow A48,Urban Traffic,51.638094,-2.678731,2026-07-04 00:00:00+00:00,3.875,24,6.360791666666667,24,11.879626666666667,24,,0
NPT3,Newport,Urban Background,51.601203,-2.977281,2026-07-04 00:00:00+00:00,2.54225,24,5.045833333333333,24,1.7315699999999998,24,,0
PEMB,Narberth,Rural Background,51.782616,-4.69237,2026-07-04 00:00:00+00:00,,5,,5,,0,25.657911249999998,24
PT4,Port Talbot Margam,Urban Industrial,51.58395,-3.770822,2026-07-04 00:00:00+00:00,6.833333333333333,24,9.702250000000001,24,2.2447179166666666,24,29.54329166666666,24
SWA1,Swansea Roadside,Urban Traffic,51.632696,-3.947374,2026-07-04 00:00:00+00:00,8.333333333333334,24,9.662041666666667,24,4.661838333333333,24,,0
WREX,Wrexham,Urban Traffic,53.042282,-3.002829,2026-07-04 00:00:00+00:00,2.0009166666666665,24,4.2,24,0.3036875,24,,0
CARD,Cardiff Centre,Urban Background,51.48178,-3.17625,2026-07-05 00:00:00+00:00,4.208333333333333,24,7.649125000000001,24,3.8821549999999996,24,27.22328958333333,24
CHP,Chepstow A48,Urban Traffic,51.638094,-2.678731,2026-07-05 00:00:00+00:00,6.208333333333333,24,6.964625000000001,24,12.230404583333334,24,,0
NPT3,Newport,Urban Background,51.601203,-2.977281,2026-07-05 00:00:00+00:00,4.0261249999999995,24,6.891666666666667,24,2.773781666666667,24,,0
PEMB,Narberth,Rural Background,51.782616,-4.69237,2026-07-05 00:00:00+00:00,2.5786666666666664,24,4.54375,24,,0,20.564027083333333,24
PT4,Port Talbot Margam,Urban Industrial,51.58395,-3.770822,2026-07-05 00:00:00+00:00,8.5,24,9.098458333333333,24,2.0178083333333334,24,31.65679208333334,24
SWA1,Swansea Roadside,Urban Traffic,51.632696,-3.947374,2026-07-05 00:00:00+00:00,5.916666666666667,24,8.816625,24,3.2915991666666664,24,,0
WREX,Wrexham,Urban Traffic,53.042282,-3.002829,2026-07-05 00:00:00+00:00,1.2264782608695652,23,2.733695652173913,23,1.87152125,24,,0
CARD,Cardiff Centre,Urban Background,51.48178,-3.17625,2026-07-06 00:00:00+00:00,1.2083333333333333,24,4.025833333333334,24,4.35206625,24,28.317460416666663,24
CHP,Chepstow A48,Urban Traffic,51.638094,-2.678731,2026-07-06 00:00:00+00:00,5.333333333333333,24,7.971125,24,16.514702916666668,24,,0
NPT3,Newport,Urban Background,51.601203,-2.977281,2026-07-06 00:00:00+00:00,2.2994583333333334,24,6.710416666666667,24,4.48681875,24,,0
PEMB,Narberth,Rural Background,51.782616,-4.69237,2026-07-06 00:00:00+00:00,2.561916666666667,24,4.903458333333334,24,,0,25.777793749999997,24
PT4,Port Talbot Margam,Urban Industrial,51.58395,-3.770822,2026-07-06 00:00:00+00:00,7.708333333333333,24,9.098291666666666,24,3.0480474999999996,24,32.523673333333335,24
SWA1,Swansea Roadside,Urban Traffic,51.632696,-3.947374,2026-07-06 00:00:00+00:00,6.434782608695652,23,7.057434782608696,23,6.8148229166666665,24,,0
WREX,Wrexham,Urban Traffic,53.042282,-3.002829,2026-07-06 00:00:00+00:00,1.8307916666666666,24,4.167708333333334,24,3.2536008333333335,24,,0
CARD,Cardiff Centre,Urban Background,51.48178,-3.17625,2026-07-07 00:00:00+00:00,5.0,24,9.380125,24,6.3308875,24,44.582415,24
CHP,Chepstow A48,Urban Traffic,51.638094,-2.678731,2026-07-07 00:00:00+00:00,5.708333333333333,24,10.104875,24,18.222672083333332,24,,0
NPT3,Newport,Urban Background,51.601203,-2.977281,2026-07-07 00:00:00+00:00,5.8609583333333335,24,12.766666666666666,24,5.175092916666666,24,,0
PEMB,Narberth,Rural Background,51.782616,-4.69237,2026-07-07 00:00:00+00:00,3.359916666666667,24,6.372916666666666,24,,15,39.08800333333333,24
PT4,Port Talbot Margam,Urban Industrial,51.58395,-3.770822,2026-07-07 00:00:00+00:00,9.916666666666666,24,11.433333333333332,24,3.9272395833333333,24,44.79030041666669,24
SWA1,Swansea Roadside,Urban Traffic,51.632696,-3.947374,2026-07-07 00:00:00+00:00,9.791666666666666,24,11.393125,24,7.56435,24,,0
WREX,Wrexham,Urban Traffic,53.042282,-3.002829,2026-07-07 00:00:00+00:00,6.340416666666666,24,10.891666666666666,24,9.285007826086956,23,,0
CARD,Cardiff Centre,Urban Background,51.48178,-3.17625,2026-07-08 00:00:00+00:00,9.916666666666666,24,14.734499999999999,24,11.27343,24,53.00593249999999,24
CHP,Chepstow A48,Urban Traffic,51.638094,-2.678731,2026-07-08 00:00:00+00:00,12.208333333333334,24,14.935749999999999,24,25.525001666666668,24,,0
NPT3,Newport,Urban Background,51.601203,-2.977281,2026-07-08 00:00:00+00:00,15.762625,24,25.684375,24,11.46590375,24,,0
PEMB,Narberth,Rural Background,51.782616,-4.69237,2026-07-08 00:00:00+00:00,5.232318181818182,22,8.443181818181818,22,,17,47.710361578947364,19
PT4,Port Talbot Margam,Urban Industrial,51.58395,-3.770822,2026-07-08 00:00:00+00:00,15.08695652173913,23,23.02073913043478,23,7.69710652173913,23,41.670065909090916,22
SWA1,Swansea Roadside,Urban Traffic,51.632696,-3.947374,2026-07-08 00:00:00+00:00,13.791666666666666,24,15.499416666666667,24,13.074580416666668,24,,0
WREX,Wrexham,Urban Traffic,53.042282,-3.002829,2026-07-08 00:00:00+00:00,11.365083333333333,24,17.059375,24,12.14357125,24,,0
CARD,Cardiff Centre,Urban Background,51.48178,-3.17625,2026-07-09 00:00:00+00:00,8.291666666666666,24,15.177458333333334,24,15.858390833333333,24,48.37285958333333,24
CHP,Chepstow A48,Urban Traffic,51.638094,-2.678731,2026-07-09 00:00:00+00:00,7.541666666666667,24,12.077458333333333,24,26.017199583333333,24,,0
NPT3,Newport,Urban Background,51.601203,-2.977281,2026-07-09 00:00:00+00:00,12.112916666666665,24,23.791666666666668,24,13.911285833333332,24,,0
PEMB,Narberth,Rural Background,51.782616,-4.69237,2026-07-09 00:00:00+00:00,3.18,24,5.954166666666667,24,2.984083043478261,23,51.18139083333333,24
PT4,Port Talbot Margam,Urban Industrial,51.58395,-3.770822,2026-07-09 00:00:00+00:00,16.333333333333332,24,30.757375,24,10.441507083333333,24,48.54817666666667,24
SWA1,Swansea Roadside,Urban Traffic,51.632696,-3.947374,2026-07-09 00:00:00+00:00,13.625,24,14.976041666666667,24,17.385767916666666,24,,0
WREX,Wrexham,Urban Traffic,53.042282,-3.002829,2026-07-09 00:00:00+00:00,10.126833333333334,24,16.280208333333334,24,15.852002083333334,24,,0
CARD,Cardiff Centre,Urban Background,51.48178,-3.17625,2026-07-10 00:00:00+00:00,11.291666666666666,24,23.18875,24,15.781711666666666,24,97.98817833333334,24
CHP,Chepstow A48,Urban Traffic,51.638094,-2.678731,2026-07-10 00:00:00+00:00,9.958333333333334,24,17.753916666666665,24,30.734749130434782,23,,0
NPT3,Newport,Urban Background,51.601203,-2.977281,2026-07-10 00:00:00+00:00,10.177041666666666,24,20.973958333333332,24,11.9498325,24,,0
PEMB,Narberth,Rural Background,51.782616,-4.69237,2026-07-10 00:00:00+00:00,6.0151666666666666,24,11.311458333333334,24,3.5848578260869566,23,94.06399499999998,24
PT4,Port Talbot Margam,Urban Industrial,51.58395,-3.770822,2026-07-10 00:00:00+00:00,14.708333333333334,24,27.9795,24,10.658143333333333,24,82.37044,24
SWA1,Swansea Roadside,Urban Traffic,51.632696,-3.947374,2026-07-10 00:00:00+00:00,14.75,24,20.974625,24,19.258703333333333,24,,0
WREX,Wrexham,Urban Traffic,53.042282,-3.002829,2026-07-10 00:00:00+00:00,10.731250000000001,24,18.007291666666667,24,14.835223333333333,24,,0
CARD,Cardiff Centre,Urban Background,51.48178,-3.17625,2026-07-11 00:00:00+00:00,9.041666666666666,24,15.861875,24,9.381031666666667,24,77.30773708333332,24
CHP,Chepstow A48,Urban Traffic,51.638094,-2.678731,2026-07-11 00:00:00+00:00,7.913043478260869,23,12.721625000000001,24,16.30498625,24,,0
NPT3,Newport,Urban Background,51.601203,-2.977281,2026-07-11 00:00:00+00:00,9.16275,24,16.01875,24,8.334357500000001,24,,0
PEMB,Narberth,Rural Background,51.782616,-4.69237,2026-07-11 00:00:00+00:00,7.991416666666667,24,13.859375,24,3.9446156521739133,23,94.38136666666666,24
PT4,Port Talbot Margam,Urban Industrial,51.58395,-3.770822,2026-07-11 00:00:00+00:00,12.625,24,16.425416666666667,24,4.809611250000001,24,84.72162541666667,24
SWA1,Swansea Roadside,Urban Traffic,51.632696,-3.947374,2026-07-11 00:00:00+00:00,15.291666666666666,24,17.834333333333333,24,16.822643333333335,24,,0
WREX,Wrexham,Urban Traffic,53.042282,-3.002829,2026-07-11 00:00:00+00:00,7.729958333333333,24,13.305208333333333,24,9.777589583333333,24,,0
CARD,Cardiff Centre,Urban Background,51.48178,-3.17625,2026-07-12 00:00:00+00:00,7.416666666666667,24,17.069541666666666,24,4.960474166666667,24,66.33692999999998,24
CHP,Chepstow A48,Urban Traffic,51.638094,-2.678731,2026-07-12 00:00:00+00:00,7.086956521739131,23,16.988958333333333,24,9.0476725,24,,0
NPT3,Newport,Urban Background,51.601203,-2.977281,2026-07-12 00:00:00+00:00,6.289375,24,16.4375,24,4.159860833333333,24,,0
PEMB,Narberth,Rural Background,51.782616,-4.69237,2026-07-12 00:00:00+00:00,3.9268750000000003,24,9.585416666666667,24,2.0096804166666664,24,68.09286958333331,24
PT4,Port Talbot Margam,Urban Industrial,51.58395,-3.770822,2026-07-12 00:00:00+00:00,10.166666666666666,24,16.908458333333332,24,2.53727125,24,66.19764666666667,24
SWA1,Swansea Roadside,Urban Traffic,51.632696,-3.947374,2026-07-12 00:00:00+00:00,10.083333333333334,24,17.995541666666668,24,6.9389899999999995,24,,0
WREX,Wrexham,Urban Traffic,53.042282,-3.002829,2026-07-12 00:00:00+00:00,5.167041666666667,24,11.963541666666666,24,4.88504375,24,,0
CARD,Cardiff Centre,Urban Background,51.48178,-3.17625,2026-07-13 00:00:00+00:00,7.25,24,20.330458333333333,24,4.087593913043478,23,67.18302333333334,24
CHP,Chepstow A48,Urban Traffic,51.638094,-2.678731,2026-07-13 00:00:00+00:00,,8,,8,10.835739047619048,21,,0
NPT3,Newport,Urban Background,51.601203,-2.977281,2026-07-13 00:00:00+00:00,7.104260869565217,23,17.950739130434783,23,3.9529714285714284,21,,0
PEMB,Narberth,Rural Background,51.782616,-4.69237,2026-07-13 00:00:00+00:00,4.4359166666666665,24,9.889583333333333,24,2.1993354166666665,24,77.30843000000002,24
PT4,Port Talbot Margam,Urban Industrial,51.58395,-3.770822,2026-07-13 00:00:00+00:00,9.791666666666666,24,17.311125,24,3.2777266666666667,24,74.84013666666668,24
SWA1,Swansea Roadside,Urban Traffic,51.632696,-3.947374,2026-07-13 00:00:00+00:00,10.625,24,18.760375,24,10.222857916666667,24,,0
WREX,Wrexham,Urban Traffic,53.042282,-3.002829,2026-07-13 00:00:00+00:00,5.738916666666667,24,13.878124999999999,24,9.027950416666666,24,,0
CARD,Cardiff Centre,Urban Background,51.48178,-3.17625,2026-07-14 00:00:00+00:00,9.958333333333334,24,20.41091666666667,24,5.807970833333333,24,68.67079083333334,24
CHP,Chepstow A48,Urban Traffic,51.638094,-2.678731,2026-07-14 00:00:00+00:00,,0,,0,14.020039583333334,24,,0
NPT3,Newport,Urban Background,51.601203,-2.977281,2026-07-14 00:00:00+00:00,9.523375,24,19.98125,24,5.169567916666667,24,,0
PEMB,Narberth,Rural Background,51.782616,-4.69237,2026-07-14 00:00:00+00:00,6.3690454545454545,22,12.581818181818182,22,3.6786541666666666,24,69.15239166666665,24
PT4,Port Talbot Margam,Urban Industrial,51.58395,-3.770822,2026-07-14 00:00:00+00:00,12.916666666666666,24,17.391583333333333,24,3.5480195833333332,24,71.41972875,24
SWA1,Swansea Roadside,Urban Traffic,51.632696,-3.947374,2026-07-14 00:00:00+00:00,30.565217391304348,23,19.57608695652174,23,14.481270434782607,23,,0
WREX,Wrexham,Urban Traffic,53.042282,-3.002829,2026-07-14 00:00:00+00:00,18.00916666666667,24,26.684375,24,11.061508333333334,24,,0
CARD,Cardiff Centre,Urban Background,51.48178,-3.17625,2026-07-15 00:00:00+00:00,10.666666666666666,24,20.088916666666666,24,6.684546666666667,24,74.31973041666667,24
CHP,Chepstow A48,Urban Traffic,51.638094,-2.678731,2026-07-15 00:00:00+00:00,,0,,0,15.125027083333334,24,,0
NPT3,Newport,Urban Background,51.601203,-2.977281,2026-07-15 00:00:00+00:00,10.263458333333334,24,19.66875,24,6.132617916666667,24,,0
PEMB,Narberth,Rural Background,51.782616,-4.69237,2026-07-15 00:00:00+00:00,8.309791666666667,24,17.201041666666665,24,5.694429583333334,24,76.4976775,24
PT4,Port Talbot Margam,Urban Industrial,51.58395,-3.770822,2026-07-15 00:00:00+00:00,14.25,24,18.720166666666668,24,4.344815,24,80.86049791666667,24
SWA1,Swansea Roadside,Urban Traffic,51.632696,-3.947374,2026-07-15 00:00:00+00:00,13.625,24,19.162916666666664,24,13.786229583333332,24,,0
WREX,Wrexham,Urban Traffic,53.042282,-3.002829,2026-07-15 00:00:00+00:00,12.736958333333334,24,19.716666666666665,24,10.929439583333334,24,,0
CARD,Cardiff Centre,Urban Background,51.48178,-3.17625,2026-07-16 00:00:00+00:00,11.083333333333334,24,19.565541666666665,24,7.065192916666667,24,82.82848125000001,24
CHP,Chepstow A48,Urban Traffic,51.638094,-2.678731,2026-07-16 00:00:00+00:00,,14,,14,22.7432125,24,,0
NPT3,Newport,Urban Background,51.601203,-2.977281,2026-07-16 00:00:00+00:00,12.069666666666665,24,21.659375,24,9.131510416666666,24,,0
PEMB,Narberth,Rural Background,51.782616,-4.69237,2026-07-16 00:00:00+00:00,,13,,13,,7,85.39794416666665,24
PT4,Port Talbot Margam,Urban Industrial,51.58395,-3.770822,2026-07-16 00:00:00+00:00,16.416666666666668,24,30.153541666666666,24,7.778144583333334,24,86.03476666666667,24
SWA1,Swansea Roadside,Urban Traffic,51.632696,-3.947374,2026-07-16 00:00:00+00:00,17.375,24,23.833083333333335,24,16.17478375,24,,0
WREX,Wrexham,Urban Traffic,53.042282,-3.002829,2026-07-16 00:00:00+00:00,13.411916666666668,24,20.779166666666665,24,11.934962083333334,24,,0
CARD,Cardiff Centre,Urban Background,51.48178,-3.17625,2026-07-17 00:00:00+00:00,13.5,24,22.9875,24,13.737758260869565,23,78.48506124999999,24
CHP,Chepstow A48,Urban Traffic,51.638094,-2.678731,2026-07-17 00:00:00+00:00,13.666666666666666,24,24.034166666666668,24,24.578999999999997,24,,0
NPT3,Newport,Urban Background,51.601203,-2.977281,2026-07-17 00:00:00+00:00,15.270375,24,27.68958333333333,24,11.809900833333332,24,,0
PEMB,Narberth,Rural Background,51.782616,-4.69237,2026-07-17 00:00:00+00:00,,14,,14,,0,92.8839291304348,23
PT4,Port Talbot Margam,Urban Industrial,51.58395,-3.770822,2026-07-17 00:00:00+00:00,18.083333333333332,24,29.308041666666668,24,8.38379,24,77.02224083333333,24
SWA1,Swansea Roadside,Urban Traffic,51.632696,-3.947374,2026-07-17 00:00:00+00:00,17.583333333333332,24,24.436791666666664,24,11.428530833333333,24,,0
WREX,Wrexham,Urban Traffic,53.042282,-3.002829,2026-07-17 00:00:00+00:00,14.410416666666668,24,21.662499999999998,24,13.753910833333334,24,,0
CARD,Cardiff Centre,Urban Background,51.48178,-3.17625,2026-07-18 00:00:00+00:00,16.208333333333332,24,27.093875,24,8.536490416666666,24,83.17703541666667,24
CHP,Chepstow A48,Urban Traffic,51.638094,-2.678731,2026-07-18 00:00:00+00:00,16.375,24,23.953791666666664,24,16.680467500000002,24,,0
NPT3,Newport,Urban Background,51.601203,-2.977281,2026-07-18 00:00:00+00:00,17.519666666666666,24,25.008333333333336,24,8.044797916666667,24,,0
PEMB,Narberth,Rural Background,51.782616,-4.69237,2026-07-18 00:00:00+00:00,14.013375000000002,24,20.592708333333334,24,,0,61.077429583333334,24
PT4,Port Talbot Margam,Urban Industrial,51.58395,-3.770822,2026-07-18 00:00:00+00:00,20.583333333333332,24,27.77825,24,6.481004583333333,24,74.66274083333333,24
SWA1,Swansea Roadside,Urban Traffic,51.632696,-3.947374,2026-07-18 00:00:00+00:00,18.208333333333332,24,25.000416666666666,24,9.245903333333333,24,,0
WREX,Wrexham,Urban Traffic,53.042282,-3.002829,2026-07-18 00:00:00+00:00,14.970625,24,20.8125,24,9.387387916666666,24,,0
CARD,Cardiff Centre,Urban Background,51.48178,-3.17625,2026-07-19 00:00:00+00:00,8.083333333333334,24,14.734458333333334,24,6.8114091666666665,24,71.81055416666668,24
CHP,Chepstow A48,Urban Traffic,51.638094,-2.678731,2026-07-19 00:00:00+00:00,8.291666666666666,24,14.694250000000002,24,12.639341666666667,24,,0
NPT3,Newport,Urban Background,51.601203,-2.977281,2026-07-19 00:00:00+00:00,6.989041666666666,24,12.853125,24,6.3023925,24,,0
PEMB,Narberth,Rural Background,51.782616,-4.69237,2026-07-19 00:00:00+00:00,10.7725,24,20.436458333333334,24,,0,65.37996416666668,24
PT4,Port Talbot Margam,Urban Industrial,51.58395,-3.770822,2026-07-19 00:00:00+00:00,12.0,24,18.47854166666667,24,3.35754,24,74.92537083333333,24
SWA1,Swansea Roadside,Urban Traffic,51.632696,-3.947374,2026-07-19 00:00:00+00:00,14.791666666666666,24,19.927875,24,7.620968333333334,24,,0
WREX,Wrexham,Urban Traffic,53.042282,-3.002829,2026-07-19 00:00:00+00:00,5.442208333333333,24,9.945833333333335,24,6.2132337500000006,24,,0
CARD,Cardiff Centre,Urban Background,51.48178,-3.17625,2026-07-20 00:00:00+00:00,7.0,24,15.781208333333334,24,8.377301666666666,24,64.66899666666667,24
CHP,Chepstow A48,Urban Traffic,51.638094,-2.678731,2026-07-20 00:00:00+00:00,9.625,24,17.19033333333333,24,18.512735833333334,24,,0
NPT3,Newport,Urban Background,51.601203,-2.977281,2026-07-20 00:00:00+00:00,7.495125000000001,24,15.270833333333334,24,8.085095,24,,0
PEMB,Narberth,Rural Background,51.782616,-4.69237,2026-07-20 00:00:00+00:00,5.183736842105263,19,9.41578947368421,19,,0,56.96892050000001,20
PT4,Port Talbot Margam,Urban Industrial,51.58395,-3.770822,2026-07-20 00:00:00+00:00,12.875,24,26.651041666666668,24,7.527302083333333,24,66.89683541666666,24
SWA1,Swansea Roadside,Urban Traffic,51.632696,-3.947374,2026-07-20 00:00:00+00:00,,13,,13,10.329907,20,,0
WREX,Wrexham,Urban Traffic,53.042282,-3.002829,2026-07-20 00:00:00+00:00,5.795041666666666,24,11.566666666666668,24,7.335068333333333,24,,0
CARD,Cardiff Centre,Urban Background,51.48178,-3.17625,2026-07-21 00:00:00+00:00,10.5,24,18.760458333333332,24,8.53429875,24,64.69047791666667,24
CHP,Chepstow A48,Urban Traffic,51.638094,-2.678731,2026-07-21 00:00:00+00:00,9.958333333333334,24,16.828041666666667,24,19.055446666666665,24,,0
NPT3,Newport,Urban Background,51.601203,-2.977281,2026-07-21 00:00:00+00:00,16.331625,24,24.944791666666664,24,6.839976666666666,24,,0
PEMB,Narberth,Rural Background,51.782616,-4.69237,2026-07-21 00:00:00+00:00,6.733583333333333,24,11.304166666666667,24,,0,54.64129666666668,24
PT4,Port Talbot Margam,Urban Industrial,51.58395,-3.770822,2026-07-21 00:00:00+00:00,14.523809523809524,21,22.728761904761903,21,7.117885238095239,21,57.916481904761895,21
SWA1,Swansea Roadside,Urban Traffic,51.632696,-3.947374,2026-07-21 00:00:00+00:00,,0,,0,10.0876,24,,0
WREX,Wrexham,Urban Traffic,53.042282,-3.002829,2026-07-21 00:00:00+00:00,5.706583333333334,24,12.503124999999999,24,7.432453478260869,23,,0
CARD,Cardiff Centre,Urban Background,51.48178,-3.17625,2026-07-22 00:00:00+00:00,,15,,15,7.946395263157894,19,60.51347736842105,19
CHP,Chepstow A48,Urban Traffic,51.638094,-2.678731,2026-07-22 00:00:00+00:00,12.208333333333334,24,16.82795833333333,24,15.895611666666667,24,,0
NPT3,Newport,Urban Background,51.601203,-2.977281,2026-07-22 00:00:00+00:00,22.695666666666668,24,32.896875,24,7.999018333333333,24,,0
PEMB,Narberth,Rural Background,51.782616,-4.69237,2026-07-22 00:00:00+00:00,7.3762083333333335,24,12.15,24,,0,67.63344249999999,24
PT4,Port Talbot Margam,Urban Industrial,51.58395,-3.770822,2026-07-22 00:00:00+00:00,12.708333333333334,24,21.940833333333334,24,7.091345416666667,24,54.03773708333333,24
SWA1,Swansea Roadside,Urban Traffic,51.632696,-3.947374,2026-07-22 00:00:00+00:00,,0,,0,6.479803333333333,24,,0
WREX,Wrexham,Urban Traffic,53.042282,-3.002829,2026-07-22 00:00:00+00:00,7.6739999999999995,24,13.632291666666667,24,7.52216875,24,,0
CARD,Cardiff Centre,Urban Background,51.48178,-3.17625,2026-07-23 00:00:00+00:00,,0,,0,9.468582083333333,24,71.51258416666666,24
CHP,Chepstow A48,Urban Traffic,51.638094,-2.678731,2026-07-23 00:00:00+00:00,10.083333333333334,24,19.485083333333332,24,20.980630833333333,24,,0
NPT3,Newport,Urban Background,51.601203,-2.977281,2026-07-23 00:00:00+00:00,12.565,24,21.37291666666667,24,7.3248875,24,,0
PEMB,Narberth,Rural Background,51.782616,-4.69237,2026-07-23 00:00:00+00:00,7.790875,24,12.182291666666666,24,,0,56.84765458333333,24
PT4,Port Talbot Margam,Urban Industrial,51.58395,-3.770822,2026-07-23 00:00:00+00:00,14.565217391304348,23,30.582391304347826,23,8.227858181818181,22,56.424080000000004,23
SWA1,Swansea Roadside,Urban Traffic,51.632696,-3.947374,2026-07-23 00:00:00+00:00,,0,,0,11.263404166666668,24,,0
WREX,Wrexham,Urban Traffic,53.042282,-3.002829,2026-07-23 00:00:00+00:00,5.3832916666666675,24,9.685416666666667,24,3.9940037499999996,24,,0
CARD,Cardiff Centre,Urban Background,51.48178,-3.17625,2026-07-24 00:00:00+00:00,,0,,0,7.676212083333334,24,62.526390833333316,24
CHP,Chepstow A48,Urban Traffic,51.638094,-2.678731,2026-07-24 00:00:00+00:00,8.125,24,13.567041666666666,24,18.266368333333332,24,,0
NPT3,Newport,Urban Background,51.601203,-2.977281,2026-07-24 00:00:00+00:00,6.791458333333334,24,12.433333333333332,24,6.832353333333334,24,,0
PEMB,Narberth,Rural Background,51.782616,-4.69237,2026-07-24 00:00:00+00:00,7.3713750000000005,24,11.204166666666666,24,,0,59.056783333333335,24
PT4,Port Talbot Margam,Urban Industrial,51.58395,-3.770822,2026-07-24 00:00:00+00:00,,11,,11,9.020297368421053,19,49.670173684210525,19
SWA1,Swansea Roadside,Urban Traffic,51.632696,-3.947374,2026-07-24 00:00:00+00:00,,8,,8,9.400814166666667,24,,0
WREX,Wrexham,Urban Traffic,53.042282,-3.002829,2026-07-24 00:00:00+00:00,4.743625000000001,24,9.234375,24,4.5522487499999995,24,,0
CARD,Cardiff Centre,Urban Background,51.48178,-3.17625,2026-07-25 00:00:00+00:00,,0,,0,8.981205833333334,24,43.462605,24
CHP,Chepstow A48,Urban Traffic,51.638094,-2.678731,2026-07-25 00:00:00+00:00,10.208333333333334,24,14.8955,24,14.16541,24,,0
NPT3,Newport,Urban Background,51.601203,-2.977281,2026-07-25 00:00:00+00:00,6.9900416666666665,24,12.035416666666668,24,5.5247475,24,,0
PEMB,Narberth,Rural Background,51.782616,-4.69237,2026-07-25 00:00:00+00:00,5.97,24,11.126041666666666,24,,0,40.40461083333333,24
PT4,Port Talbot Margam,Urban Industrial,51.58395,-3.770822,2026-07-25 00:00:00+00:00,,0,,0,7.40595875,24,47.436681250000014,24
SWA1,Swansea Roadside,Urban Traffic,51.632696,-3.947374,2026-07-25 00:00:00+00:00,9.208333333333334,24,15.781166666666666,24,7.624155000000001,24,,0
WREX,Wrexham,Urban Traffic,53.042282,-3.002829,2026-07-25 00:00:00+00:00,5.885416666666667,24,10.059375000000001,24,1.70604375,24,,0
CARD,Cardiff Centre,Urban Background,51.48178,-3.17625,2026-07-26 00:00:00+00:00,,0,,0,4.073945,24,38.92931708333333,24
CHP,Chepstow A48,Urban Traffic,51.638094,-2.678731,2026-07-26 00:00:00+00:00,7.291666666666667,24,9.178875,24,9.225396250000001,24,,0
NPT3,Newport,Urban Background,51.601203,-2.977281,2026-07-26 00:00:00+00:00,2.3930000000000002,24,5.225,24,2.1147875,24,,0
PEMB,Narberth,Rural Background,51.782616,-4.69237,2026-07-26 00:00:00+00:00,6.469041666666667,24,11.313541666666666,24,,0,42.77381166666668,24
PT4,Port Talbot Margam,Urban Industrial,51.58395,-3.770822,2026-07-26 00:00:00+00:00,,0,,0,6.812531666666666,24,44.373142916666666,24
SWA1,Swansea Roadside,Urban Traffic,51.632696,-3.947374,2026-07-26 00:00:00+00:00,8.125,24,12.238458333333334,24,3.41479625,24,,0
WREX,Wrexham,Urban Traffic,53.042282,-3.002829,2026-07-26 00:00:00+00:00,1.7629583333333334,24,3.765625,24,0.9721554166666667,24,,0
CARD,Cardiff Centre,Urban Background,51.48178,-3.17625,2026-07-27 00:00:00+00:00,,11,,11,5.522343333333333,24,35.51583833333334,24
CHP,Chepstow A48,Urban Traffic,51.638094,-2.678731,2026-07-27 00:00:00+00:00,6.545454545454546,22,10.013227272727272,22,13.710686666666668,24,,0
NPT3,Newport,Urban Background,51.601203,-2.977281,2026-07-27 00:00:00+00:00,3.449333333333333,24,6.3531249999999995,24,3.236402083333333,24,,0
PEMB,Narberth,Rural Background,51.782616,-4.69237,2026-07-27 00:00:00+00:00,4.648125,24,8.622916666666667,24,,8,33.65664958333333,24
PT4,Port Talbot Margam,Urban Industrial,51.58395,-3.770822,2026-07-27 00:00:00+00:00,,13,,13,7.708677826086956,23,40.716439583333326,24
SWA1,Swansea Roadside,Urban Traffic,51.632696,-3.947374,2026-07-27 00:00:00+00:00,6.25,24,12.19825,24,5.862716666666667,24,,0
WREX,Wrexham,Urban Traffic,53.042282,-3.002829,2026-07-27 00:00:00+00:00,1.713,24,3.4802083333333336,24,1.1302333333333334,24,,0
CARD,Cardiff Centre,Urban Background,51.48178,-3.17625,2026-07-28 00:00:00+00:00,6.291666666666667,24,10.789166666666667,24,6.97013375,24,32.28044875000001,24
CHP,Chepstow A48,Urban Traffic,51.638094,-2.678731,2026-07-28 00:00:00+00:00,5.904761904761905,21,10.013363636363637,22,13.634112631578947,19,,0
NPT3,Newport,Urban Background,51.601203,-2.977281,2026-07-28 00:00:00+00:00,4.8417916666666665,24,8.377083333333333,24,4.838147500000001,24,,0
PEMB,Narberth,Rural Background,51.782616,-4.69237,2026-07-28 00:00:00+00:00,4.3464583333333335,24,6.971875,24,3.3780866666666665,24,30.107353333333332,24
PT4,Port Talbot Margam,Urban Industrial,51.58395,-3.770822,2026-07-28 00:00:00+00:00,7.625,24,12.721666666666666,24,8.0574225,24,35.74589791666667,24
SWA1,Swansea Roadside,Urban Traffic,51.632696,-3.947374,2026-07-28 00:00:00+00:00,7.875,24,12.761833333333334,24,8.731146666666666,24,,0
WREX,Wrexham,Urban Traffic,53.042282,-3.002829,2026-07-28 00:00:00+00:00,3.642916666666667,24,6.8875,24,3.81225,24,,0
CARD,Cardiff Centre,Urban Background,51.48178,-3.17625,2026-07-29 00:00:00+00:00,4.5,24,10.346416666666666,24,7.246980416666666,24,43.163250833333336,24
CHP,Chepstow A48,Urban Traffic,51.638094,-2.678731,2026-07-29 00:00:00+00:00,6.916666666666667,24,14.130708333333333,24,18.51729652173913,23,,0
NPT3,Newport,Urban Background,51.601203,-2.977281,2026-07-29 00:00:00+00:00,5.198625,24,9.434375000000001,24,6.522143750000001,24,,0
PEMB,Narberth,Rural Background,51.782616,-4.69237,2026-07-29 00:00:00+00:00,4.2885,24,7.590625,24,2.88136875,24,43.68088583333333,24
PT4,Port Talbot Margam,Urban Industrial,51.58395,-3.770822,2026-07-29 00:00:00+00:00,9.958333333333334,24,15.70075,24,8.51751125,24,46.519907499999995,24
SWA1,Swansea Roadside,Urban Traffic,51.632696,-3.947374,2026-07-29 00:00:00+00:00,12.304347826086957,23,16.719478260869565,23,10.85064875,24,,0
WREX,Wrexham,Urban Traffic,53.042282,-3.002829,2026-07-29 00:00:00+00:00,3.644833333333333,24,6.398958333333333,24,4.64007125,24,,0
CARD,Cardiff Centre,Urban Background,51.48178,-3.17625,2026-07-30 00:00:00+00:00,3.875,24,9.138583333333333,24,6.63996125,24,42.777969583333324,24
CHP,Chepstow A48,Urban Traffic,51.638094,-2.678731,2026-07-30 00:00:00+00:00,4.666666666666667,24,8.897125,24,14.128594166666666,24,,0
NPT3,Newport,Urban Background,51.601203,-2.977281,2026-07-30 00:00:00+00:00,2.93925,24,5.4750000000000005,24,2.5856475,24,,0
PEMB,Narberth,Rural Background,51.782616,-4.69237,2026-07-30 00:00:00+00:00,2.8528749999999996,24,5.758333333333333,24,1.5578908333333334,24,44.79168583333334,24
PT4,Port Talbot Margam,Urban Industrial,51.58395,-3.770822,2026-07-30 00:00:00+00:00,7.583333333333333,24,13.889041666666666,24,7.725524166666666,24,48.55094791666667,24
SWA1,Swansea Roadside,Urban Traffic,51.632696,-3.947374,2026-07-30 00:00:00+00:00,7.458333333333333,24,9.460625,24,5.708692916666667,24,,0
WREX,Wrexham,Urban Traffic,53.042282,-3.002829,2026-07-30 00:00:00+00:00,2.0765,24,4.663541666666666,24,5.7557945833333335,24,,0
CARD,Cardiff Centre,Urban Background,51.48178,-3.17625,2026-07-31 00:00:00+00:00,5.333333333333333,24,14.53325,24,9.412090000000001,24,53.77164291666667,24
CHP,Chepstow A48,Urban Traffic,51.638094,-2.678731,2026-07-31 00:00:00+00:00,5.625,24,11.030833333333334,24,15.79539125,24,,0
NPT3,Newport,Urban Background,51.601203,-2.977281,2026-07-31 00:00:00+00:00,3.6310000000000002,24,7.460416666666667,24,6.453891250000001,24,,0
PEMB,Narberth,Rural Background,51.782616,-4.69237,2026-07-31 00:00:00+00:00,4.153,24,9.581249999999999,24,0.5007045833333333,24,56.46930208333333,24
PT4,Port Talbot Margam,Urban Industrial,51.58395,-3.770822,2026-07-31 00:00:00+00:00,7.0,24,24.275833333333335,24,8.350825416666668,24,58.90849208333335,24
SWA1,Swansea Roadside,Urban Traffic,51.632696,-3.947374,2026-07-31 00:00:00+00:00,8.666666666666666,24,14.613708333333333,24,9.128182916666667,24,,0
WREX,Wrexham,Urban Traffic,53.042282,-3.002829,2026-07-31 00:00:00+00:00,3.5465416666666667,24,6.8656250000000005,24,5.334248333333334,24,,0
CARD,Cardiff Centre,Urban Background,51.48178,-3.17625,2026-08-01 00:00:00+00:00,7.125,24,14.130666666666668,24,12.61453125,24,47.730491666666666,24
CHP,Chepstow A48,Urban Traffic,51.638094,-2.678731,2026-08-01 00:00:00+00:00,3.7916666666666665,24,10.225666666666667,24,13.45125,24,,0
NPT3,Newport,Urban Background,51.601203,-2.977281,2026-08-01 00:00:00+00:00,11.006333333333332,24,15.512500000000001,24,7.32328125,24,,0
PEMB,Narberth,Rural Background,51.782616,-4.69237,2026-08-01 00:00:00+00:00,4.25725,24,11.0,24,1.6575,24,55.35572874999999,24
PT4,Port Talbot Margam,Urban Industrial,51.58395,-3.770822,2026-08-01 00:00:00+00:00,,2,10.426833333333333,24,4.67765625,24,55.96275416666668,24
SWA1,Swansea Roadside,Urban Traffic,51.632696,-3.947374,2026-08-01 00:00:00+00:00,8.541666666666666,24,13.083916666666667,24,7.745625,24,,0
WREX,Wrexham,Urban Traffic,53.042282,-3.002829,2026-08-01 00:00:00+00:00,3.246958333333333,24,5.691666666666666,24,5.609999999999999,24,,0
CARD,Cardiff Centre,Urban Background,51.48178,-3.17625,2026-08-02 00:00:00+00:00,7.166666666666667,24,13.204708333333334,24,14.21625,24,70.63114916666666,24
CHP,Chepstow A48,Urban Traffic,51.638094,-2.678731,2026-08-02 00:00:00+00:00,5.541666666666667,24,12.842374999999999,24,20.10515625,24,,0
NPT3,Newport,Urban Background,51.601203,-2.977281,2026-08-02 00:00:00+00:00,4.331875,24,8.387500000000001,24,8.717812499999999,24,,0
PEMB,Narberth,Rural Background,51.782616,-4.69237,2026-08-02 00:00:00+00:00,4.445708333333333,24,8.533333333333333,24,1.9204687500000002,24,67.13035875,24
PT4,Port Talbot Margam,Urban Industrial,51.58395,-3.770822,2026-08-02 00:00:00+00:00,,0,14.694375,24,9.976875,24,71.83688458333333,24
SWA1,Swansea Roadside,Urban Traffic,51.632696,-3.947374,2026-08-02 00:00:00+00:00,8.791666666666666,24,15.8215,24,15.531093750000002,24,,0
WREX,Wrexham,Urban Traffic,53.042282,-3.002829,2026-08-02 00:00:00+00:00,4.622708333333333,24,8.879166666666666,24,13.283906250000001,24,,0
CARD,Cardiff Centre,Urban Background,51.48178,-3.17625,2026-08-03 00:00:00+00:00,10.833333333333334,24,23.06804166666667,24,14.439375,24,96.8413425,24
CHP,Chepstow A48,Urban Traffic,51.638094,-2.678731,2026-08-03 00:00:00+00:00,6.625,24,17.834458333333334,24,26.233125,24,,0
NPT3,Newport,Urban Background,51.601203,-2.977281,2026-08-03 00:00:00+00:00,7.319208333333333,24,15.479166666666666,24,11.86546875,24,,0
PEMB,Narberth,Rural Background,51.782616,-4.69237,2026-08-03 00:00:00+00:00,6.745333333333334,24,16.470833333333335,24,5.2434375,24,102.20478625,24
PT4,Port Talbot Margam,Urban Industrial,51.58395,-3.770822,2026-08-03 00:00:00+00:00,,15,27.093875,24,,8,,8
SWA1,Swansea Roadside,Urban Traffic,51.632696,-3.947374,2026-08-03 00:00:00+00:00,12.916666666666666,24,22.262874999999998,24,21.005625,24,,0
WREX,Wrexham,Urban Traffic,53.042282,-3.002829,2026-08-03 00:00:00+00:00,6.827791666666666,24,14.15,24,15.116718749999999,24,,0
CARD,Cardiff Centre,Urban Background,51.48178,-3.17625,2026-08-04 00:00:00+00:00,5.25,24,10.185375,24,9.17203125,24,48.57866416666666,24
CHP,Chepstow A48,Urban Traffic,51.638094,-2.678731,2026-08-04 00:00:00+00:00,2.2083333333333335,24,9.219041666666667,24,12.399375,24,,0
NPT3,Newport,Urban Background,51.601203,-2.977281,2026-08-04 00:00:00+00:00,3.671375,24,7.733333333333333,24,5.6976562500000005,24,,0
PEMB,Narberth,Rural Background,51.782616,-4.69237,2026-08-04 00:00:00+00:00,3.0895833333333336,24,5.820833333333333,24,2.60578125,24,45.27744375,24
PT4,Port Talbot Margam,Urban Industrial,51.58395,-3.770822,2026-08-04 00:00:00+00:00,5.458333333333333,24,18.237,24,,14,,14
SWA1,Swansea Roadside,Urban Traffic,51.632696,-3.947374,2026-08-04 00:00:00+00:00,8.291666666666666,24,13.244958333333335,24,2.98828125,24,,0
WREX,Wrexham,Urban Traffic,53.042282,-3.002829,2026-08-04 00:00:00+00:00,3.8128333333333333,24,8.479166666666666,24,8.814886363636363,22,,0
CARD,Cardiff Centre,Urban Background,51.48178,-3.17625,2026-08-05 00:00:00+00:00,7.25,24,12.882624999999999,24,6.2315625,24,59.71300708333333,24
CHP,Chepstow A48,Urban Traffic,51.638094,-2.678731,2026-08-05 00:00:00+00:00,4.041666666666667,24,13.245,24,13.42734375,24,,0
NPT3,Newport,Urban Background,51.601203,-2.977281,2026-08-05 00:00:00+00:00,4.488958333333334,24,8.916666666666666,24,3.78515625,24,,0
PEMB,Narberth,Rural Background,51.782616,-4.69237,2026-08-05 00:00:00+00:00,4.4891250000000005,24,9.679166666666667,24,2.7253125,24,61.29293625,24
PT4,Port Talbot Margam,Urban Industrial,51.58395,-3.770822,2026-08-05 00:00:00+00:00,9.695652173913043,23,28.27182608695652,23,4.459602272727273,22,66.09395545454545,22
SWA1,Swansea Roadside,Urban Traffic,51.632696,-3.947374,2026-08-05 00:00:00+00:00,7.916666666666667,24,15.257916666666667,24,5.21953125,24,,0
WREX,Wrexham,Urban Traffic,53.042282,-3.002829,2026-08-05 00:00:00+00:00,1.8002500000000001,24,4.033333333333333,24,3.668522727272727,22,,0
CARD,Cardiff Centre,Urban Background,51.48178,-3.17625,2026-08-06 00:00:00+00:00,4.791666666666667,24,10.064625,24,7.299375,24,53.684329999999996,24
CHP,Chepstow A48,Urban Traffic,51.638094,-2.678731,2026-08-06 00:00:00+00:00,3.6666666666666665,24,10.748875,24,14.08875,24,,0
NPT3,Newport,Urban Background,51.601203,-2.977281,2026-08-06 00:00:00+00:00,3.392416666666666,24,6.670833333333333,24,6.55828125,24,,0
PEMB,Narberth,Rural Background,51.782616,-4.69237,2026-08-06 00:00:00+00:00,2.3349166666666665,24,6.3875,24,1.8168749999999998,24,55.90454625,24
PT4,Port Talbot Margam,Urban Industrial,51.58395,-3.770822,2026-08-06 00:00:00+00:00,6.416666666666667,24,14.855291666666666,24,5.21953125,24,59.38039041666665,24
SWA1,Swansea Roadside,Urban Traffic,51.632696,-3.947374,2026-08-06 00:00:00+00:00,5.375,24,10.306083333333333,24,8.16,24,,0
WREX,Wrexham,Urban Traffic,53.042282,-3.002829,2026-08-06 00:00:00+00:00,2.8852499999999996,24,6.533333333333334,24,6.84515625,24,,0
CARD,Cardiff Centre,Urban Background,51.48178,-3.17625,2026-08-07 00:00:00+00:00,4.833333333333333,24,9.823041666666667,24,10.52671875,24,52.919311666666665,24
CHP,Chepstow A48,Urban Traffic,51.638094,-2.678731,2026-08-07 00:00:00+00:00,3.5416666666666665,24,8.735999999999999,24,17.9934375,24,,0
NPT3,Newport,Urban Background,51.601203,-2.977281,2026-08-07 00:00:00+00:00,2.8181304347826086,23,6.869565217391305,23,9.407678571428571,21,,0
PEMB,Narberth,Rural Background,51.782616,-4.69237,2026-08-07 00:00:00+00:00,2.091083333333333,24,5.029166666666667,24,2.57390625,24,63.28032083333332,24
PT4,Port Talbot Margam,Urban Industrial,51.58395,-3.770822,2026-08-07 00:00:00+00:00,5.75,24,8.333458333333335,24,6.01640625,24,57.45952916666667,24
SWA1,Swansea Roadside,Urban Traffic,51.632696,-3.947374,2026-08-07 00:00:00+00:00,6.5,24,10.265875,24,12.69421875,24,,0
WREX,Wrexham,Urban Traffic,53.042282,-3.002829,2026-08-07 00:00:00+00:00,2.40975,24,5.6375,24,13.738124999999998,24,,0
CARD,Cardiff Centre,Urban Background,51.48178,-3.17625,2026-08-08 00:00:00+00:00,9.125,24,14.452791666666668,24,19.1090625,24,56.885765416666686,24
CHP,Chepstow A48,Urban Traffic,51.638094,-2.678731,2026-08-08 00:00:00+00:00,3.5,24,12.319,24,16.4475,24,,0
NPT3,Newport,Urban Background,51.601203,-2.977281,2026-08-08 00:00:00+00:00,4.351458333333333,24,10.25,24,10.765781249999998,24,,0
PEMB,Narberth,Rural Background,51.782616,-4.69237,2026-08-08 00:00:00+00:00,2.857875,24,6.379166666666666,24,2.9324999999999997,24,76.16921666666666,24
PT4,Port Talbot Margam,Urban Industrial,51.58395,-3.770822,2026-08-08 00:00:00+00:00,7.208333333333333,24,9.823083333333333,24,7.71375,24,64.65236458333335,24
SWA1,Swansea Roadside,Urban Traffic,51.632696,-3.947374,2026-08-08 00:00:00+00:00,10.416666666666666,24,15.016374999999998,24,17.435624999999998,24,,0
WREX,Wrexham,Urban Traffic,53.042282,-3.002829,2026-08-08 00:00:00+00:00,2.908958333333333,24,6.441666666666666,24,13.929375,24,,0
CARD,Cardiff Centre,Urban Background,51.48178,-3.17625,2026-08-09 00:00:00+00:00,8.458333333333334,24,15.459208333333335,24,11.02875,24,68.42756375,24
CHP,Chepstow A48,Urban Traffic,51.638094,-2.678731,2026-08-09 00:00:00+00:00,4.875,24,14.412416666666667,24,20.77453125,24,,0
NPT3,Newport,Urban Background,51.601203,-2.977281,2026-08-09 00:00:00+00:00,5.98275,24,13.295833333333334,24,9.7696875,24,,0
PEMB,Narberth,Rural Background,51.782616,-4.69237,2026-08-09 00:00:00+00:00,3.59675,24,8.975,24,2.35875,24,80.12735500000001,24
PT4,Port Talbot Margam,Urban Industrial,51.58395,-3.770822,2026-08-09 00:00:00+00:00,10.333333333333334,24,15.338375,24,6.6140625,24,73.09251250000001,24
SWA1,Swansea Roadside,Urban Traffic,51.632696,-3.947374,2026-08-09 00:00:00+00:00,11.166666666666666,24,16.506041666666665,24,8.996718750000001,24,,0
WREX,Wrexham,Urban Traffic,53.042282,-3.002829,2026-08-09 00:00:00+00:00,2.8185000000000002,24,6.1375,24,5.76140625,24,,0
CARD,Cardiff Centre,Urban Background,51.48178,-3.17625,2026-08-10 00:00:00+00:00,,10,,10,,10,,10
CHP,Chepstow A48,Urban Traffic,51.638094,-2.678731,2026-08-10 00:00:00+00:00,4.208333333333333,24,12.399625,24,12.40734375,24,,0
NPT3,Newport,Urban Background,51.601203,-2.977281,2026-08-10 00:00:00+00:00,8.235125,24,15.9125,24,8.10421875,24,,0
PEMB,Narberth,Rural Background,51.782616,-4.69237,2026-08-10 00:00:00+00:00,3.160458333333333,24,7.020833333333333,24,1.1235937500000002,24,52.90268083333333,24
PT4,Port Talbot Margam,Urban Industrial,51.58395,-3.770822,2026-08-10 00:00:00+00:00,10.166666666666666,24,15.137166666666667,24,6.43875,24,49.742822499999996,24
SWA1,Swansea Roadside,Urban Traffic,51.632696,-3.947374,2026-08-10 00:00:00+00:00,8.521739130434783,23,15.123043478260868,23,10.369076086956522,23,,0
WREX,Wrexham,Urban Traffic,53.042282,-3.002829,2026-08-10 00:00:00+00:00,2.814583333333333,24,6.104166666666667,24,8.9728125,24,,0
