date,latitude,longitude,sst_c
1870-01-16T11:59:59.505615234+00:00,53.5000,-5.5000,8.4175
1870-01-16T11:59:59.505615234+00:00,53.5000,-4.5000,8.2889
1870-01-16T11:59:59.505615234+00:00,53.5000,-3.5000,8.1071
1870-01-16T11:59:59.505615234+00:00,52.5000,-6.5000,9.0420
1870-01-16T11:59:59.505615234+00:00,52.5000,-5.5000,8.6858
1870-01-16T11:59:59.505615234+00:00,52.5000,-4.5000,8.5394
1870-01-16T11:59:59.505615234+00:00,51.5000,-6.5000,9.2184
1870-01-16T11:59:59.505615234+00:00,51.5000,-5.5000,9.0627
1870-01-16T11:59:59.505615234+00:00,51.5000,-4.5000,8.9045
1870-01-16T11:59:59.505615234+00:00,51.5000,-3.5000,8.9906
1870-02-14T23:59:59.340820315+00:00,53.5000,-5.5000,7.3709
1870-02-14T23:59:59.340820315+00:00,53.5000,-4.5000,7.2033
1870-02-14T23:59:59.340820315+00:00,53.5000,-3.5000,6.9630
1870-02-14T23:59:59.340820315+00:00,52.5000,-6.5000,8.1477
1870-02-14T23:59:59.340820315+00:00,52.5000,-5.5000,7.7045
1870-02-14T23:59:59.340820315+00:00,52.5000,-4.5000,7.5119
1870-02-14T23:59:59.340820315+00:00,51.5000,-6.5000,8.3785
1870-02-14T23:59:59.340820315+00:00,51.5000,-5.5000,8.1617
1870-02-14T23:59:59.340820315+00:00,51.5000,-4.5000,7.9393
1870-02-14T23:59:59.340820315+00:00,51.5000,-3.5000,7.9712
1870-03-16T11:59:59.340820315+00:00,53.5000,-5.5000,7.3929
1870-03-16T11:59:59.340820315+00:00,53.5000,-4.5000,7.3174
1870-03-16T11:59:59.340820315+00:00,53.5000,-3.5000,7.2008
1870-03-16T11:59:59.340820315+00:00,52.5000,-6.5000,8.2034
1870-03-16T11:59:59.340820315+00:00,52.5000,-5.5000,7.7488
1870-03-16T11:59:59.340820315+00:00,52.5000,-4.5000,7.6219
1870-03-16T11:59:59.340820315+00:00,51.5000,-6.5000,8.4598
1870-03-16T11:59:59.340820315+00:00,51.5000,-5.5000,8.2290
1870-03-16T11:59:59.340820315+00:00,51.5000,-4.5000,8.0864
1870-03-16T11:59:59.340820315+00:00,51.5000,-3.5000,8.3056
1870-04-15T23:59:59.340820315+00:00,53.5000,-5.5000,8.2975
1870-04-15T23:59:59.340820315+00:00,53.5000,-4.5000,8.3146
1870-04-15T23:59:59.340820315+00:00,53.5000,-3.5000,8.3929
1870-04-15T23:59:59.340820315+00:00,52.5000,-6.5000,8.9485
1870-04-15T23:59:59.340820315+00:00,52.5000,-5.5000,8.5649
1870-04-15T23:59:59.340820315+00:00,52.5000,-4.5000,8.5134
1870-04-15T23:59:59.340820315+00:00,51.5000,-6.5000,9.1856
1870-04-15T23:59:59.340820315+00:00,51.5000,-5.5000,9.0014
1870-04-15T23:59:59.340820315+00:00,51.5000,-4.5000,8.9494
1870-04-15T23:59:59.340820315+00:00,51.5000,-3.5000,9.2407
1870-05-16T12:00:00+00:00,53.5000,-5.5000,9.9237
1870-05-16T12:00:00+00:00,53.5000,-4.5000,9.9356
1870-05-16T12:00:00+00:00,53.5000,-3.5000,9.9668
1870-05-16T12:00:00+00:00,52.5000,-6.5000,10.5639
1870-05-16T12:00:00+00:00,52.5000,-5.5000,10.2133
1870-05-16T12:00:00+00:00,52.5000,-4.5000,10.1864
1870-05-16T12:00:00+00:00,51.5000,-6.5000,10.7840
1870-05-16T12:00:00+00:00,51.5000,-5.5000,10.6470
1870-05-16T12:00:00+00:00,51.5000,-4.5000,10.6244
1870-05-16T12:00:00+00:00,51.5000,-3.5000,10.8472
1870-06-16T00:00:00+00:00,53.5000,-5.5000,12.0628
1870-06-16T00:00:00+00:00,53.5000,-4.5000,12.0576
1870-06-16T00:00:00+00:00,53.5000,-3.5000,11.9618
1870-06-16T00:00:00+00:00,52.5000,-6.5000,12.9118
1870-06-16T00:00:00+00:00,52.5000,-5.5000,12.5050
1870-06-16T00:00:00+00:00,52.5000,-4.5000,12.4641
1870-06-16T00:00:00+00:00,51.5000,-6.5000,13.1642
1870-06-16T00:00:00+00:00,51.5000,-5.5000,13.0153
1870-06-16T00:00:00+00:00,51.5000,-4.5000,12.9560
1870-06-16T00:00:00+00:00,51.5000,-3.5000,13.1007
1870-07-16T12:00:00+00:00,53.5000,-5.5000,14.0993
1870-07-16T12:00:00+00:00,53.5000,-4.5000,14.0821
1870-07-16T12:00:00+00:00,53.5000,-3.5000,13.8887
1870-07-16T12:00:00+00:00,52.5000,-6.5000,15.1805
1870-07-16T12:00:00+00:00,52.5000,-5.5000,14.7087
1870-07-16T12:00:00+00:00,52.5000,-4.5000,14.6520
1870-07-16T12:00:00+00:00,51.5000,-6.5000,15.4832
1870-07-16T12:00:00+00:00,51.5000,-5.5000,15.3226
1870-07-16T12:00:00+00:00,51.5000,-4.5000,15.2335
1870-07-16T12:00:00+00:00,51.5000,-3.5000,15.3319
1870-08-16T12:00:00+00:00,53.5000,-5.5000,15.3475
1870-08-16T12:00:00+00:00,53.5000,-4.5000,15.3349
1870-08-16T12:00:00+00:00,53.5000,-3.5000,15.1082
1870-08-16T12:00:00+00:00,52.5000,-6.5000,16.2272
1870-08-16T12:00:00+00:00,52.5000,-5.5000,15.8832
1870-08-16T12:00:00+00:00,52.5000,-4.5000,15.8611
1870-08-16T12:00:00+00:00,51.5000,-6.5000,16.4884
1870-08-16T12:00:00+00:00,51.5000,-5.5000,16.3803
1870-08-16T12:00:00+00:00,51.5000,-4.5000,16.3392
1870-08-16T12:00:00+00:00,51.5000,-3.5000,16.4596
1870-09-16T00:00:00+00:00,53.5000,-5.5000,15.5639
1870-09-16T00:00:00+00:00,53.5000,-4.5000,15.6164
1870-09-16T00:00:00+00:00,53.5000,-3.5000,15.5287
1870-09-16T00:00:00+00:00,52.5000,-6.5000,16.0555
1870-09-16T00:00:00+00:00,52.5000,-5.5000,15.9147
1870-09-16T00:00:00+00:00,52.5000,-4.5000,15.9741
1870-09-16T00:00:00+00:00,51.5000,-6.5000,16.2067
1870-09-16T00:00:00+00:00,51.5000,-5.5000,16.2107
1870-09-16T00:00:00+00:00,51.5000,-4.5000,16.3154
1870-09-16T00:00:00+00:00,51.5000,-3.5000,16.6177
1870-10-16T12:00:00+00:00,53.5000,-5.5000,14.3440
1870-10-16T12:00:00+00:00,53.5000,-4.5000,14.3426
1870-10-16T12:00:00+00:00,53.5000,-3.5000,14.2364
1870-10-16T12:00:00+00:00,52.5000,-6.5000,14.5146
1870-10-16T12:00:00+00:00,52.5000,-5.5000,14.5166
1870-10-16T12:00:00+00:00,52.5000,-4.5000,14.5642
1870-10-16T12:00:00+00:00,51.5000,-6.5000,14.5689
1870-10-16T12:00:00+00:00,51.5000,-5.5000,14.6633
1870-10-16T12:00:00+00:00,51.5000,-4.5000,14.7751
1870-10-16T12:00:00+00:00,51.5000,-3.5000,14.9873
1870-11-16T00:00:00+00:00,53.5000,-5.5000,12.2209
1870-11-16T00:00:00+00:00,53.5000,-4.5000,12.1572
1870-11-16T00:00:00+00:00,53.5000,-3.5000,11.9647
1870-11-16T00:00:00+00:00,52.5000,-6.5000,12.5065
1870-11-16T00:00:00+00:00,52.5000,-5.5000,12.4493
1870-11-16T00:00:00+00:00,52.5000,-4.5000,12.4288
1870-11-16T00:00:00+00:00,51.5000,-6.5000,12.5674
1870-11-16T00:00:00+00:00,51.5000,-5.5000,12.6436
1870-11-16T00:00:00+00:00,51.5000,-4.5000,12.6884
1870-11-16T00:00:00+00:00,51.5000,-3.5000,12.8361
1870-12-16T12:00:00+00:00,53.5000,-5.5000,10.0274
1870-12-16T12:00:00+00:00,53.5000,-4.5000,9.8934
1870-12-16T12:00:00+00:00,53.5000,-3.5000,9.6216
1870-12-16T12:00:00+00:00,52.5000,-6.5000,10.5147
1870-12-16T12:00:00+00:00,52.5000,-5.5000,10.3171
1870-12-16T12:00:00+00:00,52.5000,-4.5000,10.2063
1870-12-16T12:00:00+00:00,51.5000,-6.5000,10.6329
1870-12-16T12:00:00+00:00,51.5000,-5.5000,10.6087
1870-12-16T12:00:00+00:00,51.5000,-4.5000,10.5214
1870-12-16T12:00:00+00:00,51.5000,-3.5000,10.5502
1871-01-16T12:00:00+00:00,53.5000,-5.5000,8.6435
1871-01-16T12:00:00+00:00,53.5000,-4.5000,8.5136
1871-01-16T12:00:00+00:00,53.5000,-3.5000,8.2388
1871-01-16T12:00:00+00:00,52.5000,-6.5000,9.3910
1871-01-16T12:00:00+00:00,52.5000,-5.5000,9.0348
1871-01-16T12:00:00+00:00,52.5000,-4.5000,8.8714
1871-01-16T12:00:00+00:00,51.5000,-6.5000,9.5674
1871-01-16T12:00:00+00:00,51.5000,-5.5000,9.4117
1871-01-16T12:00:00+00:00,51.5000,-4.5000,9.2280
1871-01-16T12:00:00+00:00,51.5000,-3.5000,9.2546
1871-02-15T00:00:00+00:00,53.5000,-5.5000,7.4779
1871-02-15T00:00:00+00:00,53.5000,-4.5000,7.3212
1871-02-15T00:00:00+00:00,53.5000,-3.5000,7.0128
1871-02-15T00:00:00+00:00,52.5000,-6.5000,8.3207
1871-02-15T00:00:00+00:00,52.5000,-5.5000,7.8775
1871-02-15T00:00:00+00:00,52.5000,-4.5000,7.7024
1871-02-15T00:00:00+00:00,51.5000,-6.5000,8.5515
1871-02-15T00:00:00+00:00,51.5000,-5.5000,8.3347
1871-02-15T00:00:00+00:00,51.5000,-4.5000,8.1385
1871-02-15T00:00:00+00:00,51.5000,-3.5000,8.2317
1871-03-16T12:00:00+00:00,53.5000,-5.5000,7.7234
1871-03-16T12:00:00+00:00,53.5000,-4.5000,7.5829
1871-03-16T12:00:00+00:00,53.5000,-3.5000,7.2698
1871-03-16T12:00:00+00:00,52.5000,-6.5000,8.5944
1871-03-16T12:00:00+00:00,52.5000,-5.5000,8.1398
1871-03-16T12:00:00+00:00,52.5000,-4.5000,7.9835
1871-03-16T12:00:00+00:00,51.5000,-6.5000,8.8508
1871-03-16T12:00:00+00:00,51.5000,-5.5000,8.6200
1871-03-16T12:00:00+00:00,51.5000,-4.5000,8.4333
1871-03-16T12:00:00+00:00,51.5000,-3.5000,8.5497
1871-04-16T00:00:00+00:00,53.5000,-5.5000,8.4803
1871-04-16T00:00:00+00:00,53.5000,-4.5000,8.4174
1871-04-16T00:00:00+00:00,53.5000,-3.5000,8.2171
1871-04-16T00:00:00+00:00,52.5000,-6.5000,9.2575
1871-04-16T00:00:00+00:00,52.5000,-5.5000,8.8739
1871-04-16T00:00:00+00:00,52.5000,-4.5000,8.7786
1871-04-16T00:00:00+00:00,51.5000,-6.5000,9.4946
1871-04-16T00:00:00+00:00,51.5000,-5.5000,9.3104
1871-04-16T00:00:00+00:00,51.5000,-4.5000,9.1926
1871-04-16T00:00:00+00:00,51.5000,-3.5000,9.3303
1871-05-16T12:00:00+00:00,53.5000,-5.5000,9.7710
1871-05-16T12:00:00+00:00,53.5000,-4.5000,9.7596
1871-05-16T12:00:00+00:00,53.5000,-3.5000,9.6503
1871-05-16T12:00:00+00:00,52.5000,-6.5000,10.5489
1871-05-16T12:00:00+00:00,52.5000,-5.5000,10.1983
1871-05-16T12:00:00+00:00,52.5000,-4.5000,10.1379
1871-05-16T12:00:00+00:00,51.5000,-6.5000,10.7690
1871-05-16T12:00:00+00:00,51.5000,-5.5000,10.6320
1871-05-16T12:00:00+00:00,51.5000,-4.5000,10.5591
1871-05-16T12:00:00+00:00,51.5000,-3.5000,10.6647
1871-06-16T00:00:00+00:00,53.5000,-5.5000,11.7716
1871-06-16T00:00:00+00:00,53.5000,-4.5000,11.7863
1871-06-16T00:00:00+00:00,53.5000,-3.5000,11.7301
1871-06-16T00:00:00+00:00,52.5000,-6.5000,12.6658
1871-06-16T00:00:00+00:00,52.5000,-5.5000,12.2590
1871-06-16T00:00:00+00:00,52.5000,-4.5000,12.2056
1871-06-16T00:00:00+00:00,51.5000,-6.5000,12.9182
1871-06-16T00:00:00+00:00,51.5000,-5.5000,12.7693
1871-06-16T00:00:00+00:00,51.5000,-4.5000,12.6912
1871-06-16T00:00:00+00:00,51.5000,-3.5000,12.7922
1871-07-16T12:00:00+00:00,53.5000,-5.5000,13.8826
1871-07-16T12:00:00+00:00,53.5000,-4.5000,13.9008
1871-07-16T12:00:00+00:00,53.5000,-3.5000,13.7942
1871-07-16T12:00:00+00:00,52.5000,-6.5000,14.9655
1871-07-16T12:00:00+00:00,52.5000,-5.5000,14.4937
1871-07-16T12:00:00+00:00,52.5000,-4.5000,14.4460
1871-07-16T12:00:00+00:00,51.5000,-6.5000,15.2682
1871-07-16T12:00:00+00:00,51.5000,-5.5000,15.1076
1871-07-16T12:00:00+00:00,51.5000,-4.5000,15.0320
1871-07-16T12:00:00+00:00,51.5000,-3.5000,15.1619
1871-08-16T12:00:00+00:00,53.5000,-5.5000,15.0755
1871-08-16T12:00:00+00:00,53.5000,-4.5000,15.1257
1871-08-16T12:00:00+00:00,53.5000,-3.5000,15.0590
1871-08-16T12:00:00+00:00,52.5000,-6.5000,15.9202
1871-08-16T12:00:00+00:00,52.5000,-5.5000,15.5762
1871-08-16T12:00:00+00:00,52.5000,-4.5000,15.5859
1871-08-16T12:00:00+00:00,51.5000,-6.5000,16.1814
1871-08-16T12:00:00+00:00,51.5000,-5.5000,16.0733
1871-08-16T12:00:00+00:00,51.5000,-4.5000,16.0798
1871-08-16T12:00:00+00:00,51.5000,-3.5000,16.3113
1871-09-16T00:00:00+00:00,53.5000,-5.5000,14.6344
1871-09-16T00:00:00+00:00,53.5000,-4.5000,14.6968
1871-09-16T00:00:00+00:00,53.5000,-3.5000,14.6892
1871-09-16T00:00:00+00:00,52.5000,-6.5000,15.0955
1871-09-16T00:00:00+00:00,52.5000,-5.5000,14.9547
1871-09-16T00:00:00+00:00,52.5000,-4.5000,15.0042
1871-09-16T00:00:00+00:00,51.5000,-6.5000,15.2467
1871-09-16T00:00:00+00:00,51.5000,-5.5000,15.2507
1871-09-16T00:00:00+00:00,51.5000,-4.5000,15.3406
1871-09-16T00:00:00+00:00,51.5000,-3.5000,15.6083
1871-10-16T12:00:00+00:00,53.5000,-5.5000,13.3473
1871-10-16T12:00:00+00:00,53.5000,-4.5000,13.3254
1871-10-16T12:00:00+00:00,53.5000,-3.5000,13.2591
1871-10-16T12:00:00+00:00,52.5000,-6.5000,13.4886
1871-10-16T12:00:00+00:00,52.5000,-5.5000,13.4906
1871-10-16T12:00:00+00:00,52.5000,-4.5000,13.5022
1871-10-16T12:00:00+00:00,51.5000,-6.5000,13.5429
1871-10-16T12:00:00+00:00,51.5000,-5.5000,13.6373
1871-10-16T12:00:00+00:00,51.5000,-4.5000,13.6951
1871-10-16T12:00:00+00:00,51.5000,-3.5000,13.7813
1871-11-16T00:00:00+00:00,53.5000,-5.5000,11.5214
1871-11-16T00:00:00+00:00,53.5000,-4.5000,11.4275
1871-11-16T00:00:00+00:00,53.5000,-3.5000,11.2697
1871-11-16T00:00:00+00:00,52.5000,-6.5000,11.7505
1871-11-16T00:00:00+00:00,52.5000,-5.5000,11.6933
1871-11-16T00:00:00+00:00,52.5000,-4.5000,11.6385
1871-11-16T00:00:00+00:00,51.5000,-6.5000,11.8114
1871-11-16T00:00:00+00:00,51.5000,-5.5000,11.8876
1871-11-16T00:00:00+00:00,51.5000,-4.5000,11.8808
1871-11-16T00:00:00+00:00,51.5000,-3.5000,11.9082
1871-12-16T12:00:00+00:00,53.5000,-5.5000,10.0197
1871-12-16T12:00:00+00:00,53.5000,-4.5000,9.8810
1871-12-16T12:00:00+00:00,53.5000,-3.5000,9.6761
1871-12-16T12:00:00+00:00,52.5000,-6.5000,10.4207
1871-12-16T12:00:00+00:00,52.5000,-5.5000,10.2231
1871-12-16T12:00:00+00:00,52.5000,-4.5000,10.1150
1871-12-16T12:00:00+00:00,51.5000,-6.5000,10.5389
1871-12-16T12:00:00+00:00,51.5000,-5.5000,10.5147
1871-12-16T12:00:00+00:00,51.5000,-4.5000,10.4316
1871-12-16T12:00:00+00:00,51.5000,-3.5000,10.4699
1872-01-16T12:00:00+00:00,53.5000,-5.5000,8.8535
1872-01-16T12:00:00+00:00,53.5000,-4.5000,8.6977
1872-01-16T12:00:00+00:00,53.5000,-3.5000,8.4506
1872-01-16T12:00:00+00:00,52.5000,-6.5000,9.4990
1872-01-16T12:00:00+00:00,52.5000,-5.5000,9.1428
1872-01-16T12:00:00+00:00,52.5000,-4.5000,8.9776
1872-01-16T12:00:00+00:00,51.5000,-6.5000,9.6754
1872-01-16T12:00:00+00:00,51.5000,-5.5000,9.5197
1872-01-16T12:00:00+00:00,51.5000,-4.5000,9.3334
1872-01-16T12:00:00+00:00,51.5000,-3.5000,9.3539
1872-02-15T12:00:00+00:00,53.5000,-5.5000,8.0389
1872-02-15T12:00:00+00:00,53.5000,-4.5000,7.8707
1872-02-15T12:00:00+00:00,53.5000,-3.5000,7.5308
1872-02-15T12:00:00+00:00,52.5000,-6.5000,8.8837
1872-02-15T12:00:00+00:00,52.5000,-5.5000,8.4405
1872-02-15T12:00:00+00:00,52.5000,-4.5000,8.2629
1872-02-15T12:00:00+00:00,51.5000,-6.5000,9.1145
1872-02-15T12:00:00+00:00,51.5000,-5.5000,8.8977
1872-02-15T12:00:00+00:00,51.5000,-4.5000,8.6978
1872-02-15T12:00:00+00:00,51.5000,-3.5000,8.7822
1872-03-16T12:00:00+00:00,53.5000,-5.5000,7.8131
1872-03-16T12:00:00+00:00,53.5000,-4.5000,7.6247
1872-03-16T12:00:00+00:00,53.5000,-3.5000,7.2868
1872-03-16T12:00:00+00:00,52.5000,-6.5000,8.6284
1872-03-16T12:00:00+00:00,52.5000,-5.5000,8.1738
1872-03-16T12:00:00+00:00,52.5000,-4.5000,7.9859
1872-03-16T12:00:00+00:00,51.5000,-6.5000,8.8848
1872-03-16T12:00:00+00:00,51.5000,-5.5000,8.6540
1872-03-16T12:00:00+00:00,51.5000,-4.5000,8.4199
1872-03-16T12:00:00+00:00,51.5000,-3.5000,8.4256
1872-04-16T00:00:00+00:00,53.5000,-5.5000,8.3415
1872-04-16T00:00:00+00:00,53.5000,-4.5000,8.2500
1872-04-16T00:00:00+00:00,53.5000,-3.5000,8.1329
1872-04-16T00:00:00+00:00,52.5000,-6.5000,9.0065
1872-04-16T00:00:00+00:00,52.5000,-5.5000,8.6229
1872-04-16T00:00:00+00:00,52.5000,-4.5000,8.4991
1872-04-16T00:00:00+00:00,51.5000,-6.5000,9.2436
1872-04-16T00:00:00+00:00,51.5000,-5.5000,9.0594
1872-04-16T00:00:00+00:00,51.5000,-4.5000,8.8989
1872-04-16T00:00:00+00:00,51.5000,-3.5000,8.9368
1872-05-16T12:00:00+00:00,53.5000,-5.5000,10.0395
1872-05-16T12:00:00+00:00,53.5000,-4.5000,10.0548
1872-05-16T12:00:00+00:00,53.5000,-3.5000,10.0603
1872-05-16T12:00:00+00:00,52.5000,-6.5000,10.7229
1872-05-16T12:00:00+00:00,52.5000,-5.5000,10.3723
1872-05-16T12:00:00+00:00,52.5000,-4.5000,10.3419
1872-05-16T12:00:00+00:00,51.5000,-6.5000,10.9430
1872-05-16T12:00:00+00:00,51.5000,-5.5000,10.8060
1872-05-16T12:00:00+00:00,51.5000,-4.5000,10.7781
1872-05-16T12:00:00+00:00,51.5000,-3.5000,10.9887
1872-06-16T00:00:00+00:00,53.5000,-5.5000,12.2231
1872-06-16T00:00:00+00:00,53.5000,-4.5000,12.2806
1872-06-16T00:00:00+00:00,53.5000,-3.5000,12.3276
1872-06-16T00:00:00+00:00,52.5000,-6.5000,13.0558
1872-06-16T00:00:00+00:00,52.5000,-5.5000,12.6490
1872-06-16T00:00:00+00:00,52.5000,-4.5000,12.6390
1872-06-16T00:00:00+00:00,51.5000,-6.5000,13.3082
1872-06-16T00:00:00+00:00,51.5000,-5.5000,13.1593
1872-06-16T00:00:00+00:00,51.5000,-4.5000,13.1463
1872-06-16T00:00:00+00:00,51.5000,-3.5000,13.3991
1872-07-16T12:00:00+00:00,53.5000,-5.5000,13.9663
1872-07-16T12:00:00+00:00,53.5000,-4.5000,14.0374
1872-07-16T12:00:00+00:00,53.5000,-3.5000,14.0107
1872-07-16T12:00:00+00:00,52.5000,-6.5000,15.0245
1872-07-16T12:00:00+00:00,52.5000,-5.5000,14.5527
1872-07-16T12:00:00+00:00,52.5000,-4.5000,14.5567
1872-07-16T12:00:00+00:00,51.5000,-6.5000,15.3272
1872-07-16T12:00:00+00:00,51.5000,-5.5000,15.1666
1872-07-16T12:00:00+00:00,51.5000,-4.5000,15.1686
1872-07-16T12:00:00+00:00,51.5000,-3.5000,15.4796
1872-08-16T12:00:00+00:00,53.5000,-5.5000,15.3022
1872-08-16T12:00:00+00:00,53.5000,-4.5000,15.3655
1872-08-16T12:00:00+00:00,53.5000,-3.5000,15.3487
1872-08-16T12:00:00+00:00,52.5000,-6.5000,16.0842
1872-08-16T12:00:00+00:00,52.5000,-5.5000,15.7402
1872-08-16T12:00:00+00:00,52.5000,-4.5000,15.7759
1872-08-16T12:00:00+00:00,51.5000,-6.5000,16.3454
1872-08-16T12:00:00+00:00,51.5000,-5.5000,16.2373
1872-08-16T12:00:00+00:00,51.5000,-4.5000,16.2828
1872-08-16T12:00:00+00:00,51.5000,-3.5000,16.6053
1872-09-16T00:00:00+00:00,53.5000,-5.5000,14.4326
1872-09-16T00:00:00+00:00,53.5000,-4.5000,14.5388
1872-09-16T00:00:00+00:00,53.5000,-3.5000,14.6332
1872-09-16T00:00:00+00:00,52.5000,-6.5000,14.8395
1872-09-16T00:00:00+00:00,52.5000,-5.5000,14.6987
1872-09-16T00:00:00+00:00,52.5000,-4.5000,14.7900
1872-09-16T00:00:00+00:00,51.5000,-6.5000,14.9907
1872-09-16T00:00:00+00:00,51.5000,-5.5000,14.9947
1872-09-16T00:00:00+00:00,51.5000,-4.5000,15.1472
1872-09-16T00:00:00+00:00,51.5000,-3.5000,15.5611
1872-10-16T12:00:00+00:00,53.5000,-5.5000,13.3723
1872-10-16T12:00:00+00:00,53.5000,-4.5000,13.4646
1872-10-16T12:00:00+00:00,53.5000,-3.5000,13.5566
1872-10-16T12:00:00+00:00,52.5000,-6.5000,13.5306
1872-10-16T12:00:00+00:00,52.5000,-5.5000,13.5326
1872-10-16T12:00:00+00:00,52.5000,-4.5000,13.6278
1872-10-16T12:00:00+00:00,51.5000,-6.5000,13.5849
1872-10-16T12:00:00+00:00,51.5000,-5.5000,13.6793
1872-10-16T12:00:00+00:00,51.5000,-4.5000,13.8626
1872-10-16T12:00:00+00:00,51.5000,-3.5000,14.2415
1872-11-16T00:00:00+00:00,53.5000,-5.5000,11.2301
1872-11-16T00:00:00+00:00,53.5000,-4.5000,11.2360
1872-11-16T00:00:00+00:00,53.5000,-3.5000,11.2660
1872-11-16T00:00:00+00:00,52.5000,-6.5000,11.4285
1872-11-16T00:00:00+00:00,52.5000,-5.5000,11.3713
1872-11-16T00:00:00+00:00,52.5000,-4.5000,11.3876
1872-11-16T00:00:00+00:00,51.5000,-6.5000,11.4894
1872-11-16T00:00:00+00:00,51.5000,-5.5000,11.5656
1872-11-16T00:00:00+00:00,51.5000,-4.5000,11.6655
1872-11-16T00:00:00+00:00,51.5000,-3.5000,11.9418
1872-12-16T12:00:00+00:00,53.5000,-5.5000,9.8382
1872-12-16T12:00:00+00:00,53.5000,-4.5000,9.7946
1872-12-16T12:00:00+00:00,53.5000,-3.5000,9.7421
1872-12-16T12:00:00+00:00,52.5000,-6.5000,10.2667
1872-12-16T12:00:00+00:00,52.5000,-5.5000,10.0691
1872-12-16T12:00:00+00:00,52.5000,-4.5000,10.0137
1872-12-16T12:00:00+00:00,51.5000,-6.5000,10.3849
1872-12-16T12:00:00+00:00,51.5000,-5.5000,10.3607
1872-12-16T12:00:00+00:00,51.5000,-4.5000,10.3565
1872-12-16T12:00:00+00:00,51.5000,-3.5000,10.5790
1873-01-16T12:00:00+00:00,53.5000,-5.5000,8.6840
1873-01-16T12:00:00+00:00,53.5000,-4.5000,8.6007
1873-01-16T12:00:00+00:00,53.5000,-3.5000,8.4676
1873-01-16T12:00:00+00:00,52.5000,-6.5000,9.3930
1873-01-16T12:00:00+00:00,52.5000,-5.5000,9.0368
1873-01-16T12:00:00+00:00,52.5000,-4.5000,8.8916
1873-01-16T12:00:00+00:00,51.5000,-6.5000,9.5694
1873-01-16T12:00:00+00:00,51.5000,-5.5000,9.4137
1873-01-16T12:00:00+00:00,51.5000,-4.5000,9.2574
1873-01-16T12:00:00+00:00,51.5000,-3.5000,9.3479
1873-02-15T00:00:00+00:00,53.5000,-5.5000,7.5599
1873-02-15T00:00:00+00:00,53.5000,-4.5000,7.4151
1873-02-15T00:00:00+00:00,53.5000,-3.5000,7.1345
1873-02-15T00:00:00+00:00,52.5000,-6.5000,8.4417
1873-02-15T00:00:00+00:00,52.5000,-5.5000,7.9985
1873-02-15T00:00:00+00:00,52.5000,-4.5000,7.8078
1873-02-15T00:00:00+00:00,51.5000,-6.5000,8.6725
1873-02-15T00:00:00+00:00,51.5000,-5.5000,8.4557
1873-02-15T00:00:00+00:00,51.5000,-4.5000,8.2361
1873-02-15T00:00:00+00:00,51.5000,-3.5000,8.2746
1873-03-16T12:00:00+00:00,53.5000,-5.5000,7.2296
1873-03-16T12:00:00+00:00,53.5000,-4.5000,7.1215
1873-03-16T12:00:00+00:00,53.5000,-3.5000,6.9065
1873-03-16T12:00:00+00:00,52.5000,-6.5000,8.1054
1873-03-16T12:00:00+00:00,52.5000,-5.5000,7.6508
1873-03-16T12:00:00+00:00,52.5000,-4.5000,7.4915
1873-03-16T12:00:00+00:00,51.5000,-6.5000,8.3618
1873-03-16T12:00:00+00:00,51.5000,-5.5000,8.1310
1873-03-16T12:00:00+00:00,51.5000,-4.5000,7.9398
1873-03-16T12:00:00+00:00,51.5000,-3.5000,8.0457
1873-04-16T00:00:00+00:00,53.5000,-5.5000,8.1865
1873-04-16T00:00:00+00:00,53.5000,-4.5000,8.1265
1873-04-16T00:00:00+00:00,53.5000,-3.5000,7.9659
1873-04-16T00:00:00+00:00,52.5000,-6.5000,8.9535
1873-04-16T00:00:00+00:00,52.5000,-5.5000,8.5699
1873-04-16T00:00:00+00:00,52.5000,-4.5000,8.4642
1873-04-16T00:00:00+00:00,51.5000,-6.5000,9.1906
1873-04-16T00:00:00+00:00,51.5000,-5.5000,9.0064
1873-04-16T00:00:00+00:00,51.5000,-4.5000,8.8731
1873-04-16T00:00:00+00:00,51.5000,-3.5000,8.9744
1873-05-16T12:00:00+00:00,53.5000,-5.5000,9.9320
1873-05-16T12:00:00+00:00,53.5000,-4.5000,9.9138
1873-05-16T12:00:00+00:00,53.5000,-3.5000,9.7628
1873-05-16T12:00:00+00:00,52.5000,-6.5000,10.7149
1873-05-16T12:00:00+00:00,52.5000,-5.5000,10.3643
1873-05-16T12:00:00+00:00,52.5000,-4.5000,10.3120
1873-05-16T12:00:00+00:00,51.5000,-6.5000,10.9350
1873-05-16T12:00:00+00:00,51.5000,-5.5000,10.7980
1873-05-16T12:00:00+00:00,51.5000,-4.5000,10.7373
1873-05-16T12:00:00+00:00,51.5000,-3.5000,10.8713
1873-06-16T00:00:00+00:00,53.5000,-5.5000,12.2931
1873-06-16T00:00:00+00:00,53.5000,-4.5000,12.2397
1873-06-16T00:00:00+00:00,53.5000,-3.5000,12.0238
1873-06-16T00:00:00+00:00,52.5000,-6.5000,13.2018
1873-06-16T00:00:00+00:00,52.5000,-5.5000,12.7950
1873-06-16T00:00:00+00:00,52.5000,-4.5000,12.7120
1873-06-16T00:00:00+00:00,51.5000,-6.5000,13.4542
1873-06-16T00:00:00+00:00,51.5000,-5.5000,13.3053
1873-06-16T00:00:00+00:00,51.5000,-4.5000,13.1828
1873-06-16T00:00:00+00:00,51.5000,-3.5000,13.1801
1873-07-16T12:00:00+00:00,53.5000,-5.5000,14.1021
1873-07-16T12:00:00+00:00,53.5000,-4.5000,14.0752
1873-07-16T12:00:00+00:00,53.5000,-3.5000,13.8435
1873-07-16T12:00:00+00:00,52.5000,-6.5000,15.2175
1873-07-16T12:00:00+00:00,52.5000,-5.5000,14.7457
1873-07-16T12:00:00+00:00,52.5000,-4.5000,14.6767
1873-07-16T12:00:00+00:00,51.5000,-6.5000,15.5202
1873-07-16T12:00:00+00:00,51.5000,-5.5000,15.3596
1873-07-16T12:00:00+00:00,51.5000,-4.5000,15.2521
1873-07-16T12:00:00+00:00,51.5000,-3.5000,15.3076
1873-08-16T12:00:00+00:00,53.5000,-5.5000,14.9700
1873-08-16T12:00:00+00:00,53.5000,-4.5000,14.9744
1873-08-16T12:00:00+00:00,53.5000,-3.5000,14.8390
1873-08-16T12:00:00+00:00,52.5000,-6.5000,15.8102
1873-08-16T12:00:00+00:00,52.5000,-5.5000,15.4662
1873-08-16T12:00:00+00:00,52.5000,-4.5000,15.4436
1873-08-16T12:00:00+00:00,51.5000,-6.5000,16.0714
1873-08-16T12:00:00+00:00,51.5000,-5.5000,15.9633
1873-08-16T12:00:00+00:00,51.5000,-4.5000,15.9215
1873-08-16T12:00:00+00:00,51.5000,-3.5000,16.0401
1873-09-16T00:00:00+00:00,53.5000,-5.5000,14.7851
1873-09-16T00:00:00+00:00,53.5000,-4.5000,14.8194
1873-09-16T00:00:00+00:00,53.5000,-3.5000,14.7855
1873-09-16T00:00:00+00:00,52.5000,-6.5000,15.2405
1873-09-16T00:00:00+00:00,52.5000,-5.5000,15.0997
1873-09-16T00:00:00+00:00,52.5000,-4.5000,15.1231
1873-09-16T00:00:00+00:00,51.5000,-6.5000,15.3917
1873-09-16T00:00:00+00:00,51.5000,-5.5000,15.3957
1873-09-16T00:00:00+00:00,51.5000,-4.5000,15.4464
1873-09-16T00:00:00+00:00,51.5000,-3.5000,15.6227
1873-10-16T12:00:00+00:00,53.5000,-5.5000,13.6058
1873-10-16T12:00:00+00:00,53.5000,-4.5000,13.6189
1873-10-16T12:00:00+00:00,53.5000,-3.5000,13.6201
1873-10-16T12:00:00+00:00,52.5000,-6.5000,13.7186
1873-10-16T12:00:00+00:00,52.5000,-5.5000,13.7206
1873-10-16T12:00:00+00:00,52.5000,-4.5000,13.7652
1873-10-16T12:00:00+00:00,51.5000,-6.5000,13.7729
1873-10-16T12:00:00+00:00,51.5000,-5.5000,13.8673
1873-10-16T12:00:00+00:00,51.5000,-4.5000,13.9746
1873-10-16T12:00:00+00:00,51.5000,-3.5000,14.1763
1873-11-16T00:00:00+00:00,53.5000,-5.5000,11.7271
1873-11-16T00:00:00+00:00,53.5000,-4.5000,11.6968
1873-11-16T00:00:00+00:00,53.5000,-3.5000,11.6110
1873-11-16T00:00:00+00:00,52.5000,-6.5000,11.9545
1873-11-16T00:00:00+00:00,52.5000,-5.5000,11.8973
1873-11-16T00:00:00+00:00,52.5000,-4.5000,11.9028
1873-11-16T00:00:00+00:00,51.5000,-6.5000,12.0154
1873-11-16T00:00:00+00:00,51.5000,-5.5000,12.0916
1873-11-16T00:00:00+00:00,51.5000,-4.5000,12.1754
1873-11-16T00:00:00+00:00,51.5000,-3.5000,12.4141
1873-12-16T12:00:00+00:00,53.5000,-5.5000,9.9387
1873-12-16T12:00:00+00:00,53.5000,-4.5000,9.8662
1873-12-16T12:00:00+00:00,53.5000,-3.5000,9.7173
1873-12-16T12:00:00+00:00,52.5000,-6.5000,10.3867
1873-12-16T12:00:00+00:00,52.5000,-5.5000,10.1891
1873-12-16T12:00:00+00:00,52.5000,-4.5000,10.1289
1873-12-16T12:00:00+00:00,51.5000,-6.5000,10.5049
1873-12-16T12:00:00+00:00,51.5000,-5.5000,10.4807
1873-12-16T12:00:00+00:00,51.5000,-4.5000,10.4694
1873-12-16T12:00:00+00:00,51.5000,-3.5000,10.6753
1874-01-16T12:00:00+00:00,53.5000,-5.5000,9.1987
1874-01-16T12:00:00+00:00,53.5000,-4.5000,9.0976
1874-01-16T12:00:00+00:00,53.5000,-3.5000,8.8971
1874-01-16T12:00:00+00:00,52.5000,-6.5000,9.9120
1874-01-16T12:00:00+00:00,52.5000,-5.5000,9.5558
1874-01-16T12:00:00+00:00,52.5000,-4.5000,9.4155
1874-01-16T12:00:00+00:00,51.5000,-6.5000,10.0884
1874-01-16T12:00:00+00:00,51.5000,-5.5000,9.9327
1874-01-16T12:00:00+00:00,51.5000,-4.5000,9.7837
1874-01-16T12:00:00+00:00,51.5000,-3.5000,9.8913
1874-02-15T00:00:00+00:00,53.5000,-5.5000,8.2449
1874-02-15T00:00:00+00:00,53.5000,-4.5000,8.1033
1874-02-15T00:00:00+00:00,53.5000,-3.5000,7.8318
1874-02-15T00:00:00+00:00,52.5000,-6.5000,9.1037
1874-02-15T00:00:00+00:00,52.5000,-5.5000,8.6605
1874-02-15T00:00:00+00:00,52.5000,-4.5000,8.4815
1874-02-15T00:00:00+00:00,51.5000,-6.5000,9.3345
1874-02-15T00:00:00+00:00,51.5000,-5.5000,9.1177
1874-02-15T00:00:00+00:00,51.5000,-4.5000,8.9157
1874-02-15T00:00:00+00:00,51.5000,-3.5000,8.9953
1874-03-16T12:00:00+00:00,53.5000,-5.5000,8.2859
1874-03-16T12:00:00+00:00,53.5000,-4.5000,8.1642
1874-03-16T12:00:00+00:00,53.5000,-3.5000,7.9140
1874-03-16T12:00:00+00:00,52.5000,-6.5000,9.1424
1874-03-16T12:00:00+00:00,52.5000,-5.5000,8.6878
1874-03-16T12:00:00+00:00,52.5000,-4.5000,8.5354
1874-03-16T12:00:00+00:00,51.5000,-6.5000,9.3988
1874-03-16T12:00:00+00:00,51.5000,-5.5000,9.1680
1874-03-16T12:00:00+00:00,51.5000,-4.5000,8.9871
1874-03-16T12:00:00+00:00,51.5000,-3.5000,9.1171
1874-04-16T00:00:00+00:00,53.5000,-5.5000,8.9783
1874-04-16T00:00:00+00:00,53.5000,-4.5000,8.9156
1874-04-16T00:00:00+00:00,53.5000,-3.5000,8.7384
1874-04-16T00:00:00+00:00,52.5000,-6.5000,9.7265
1874-04-16T00:00:00+00:00,52.5000,-5.5000,9.3429
1874-04-16T00:00:00+00:00,52.5000,-4.5000,9.2508
1874-04-16T00:00:00+00:00,51.5000,-6.5000,9.9636
1874-04-16T00:00:00+00:00,51.5000,-5.5000,9.7794
1874-04-16T00:00:00+00:00,51.5000,-4.5000,9.6665
1874-04-16T00:00:00+00:00,51.5000,-3.5000,9.8156
1874-05-16T12:00:00+00:00,53.5000,-5.5000,10.4600
1874-05-16T12:00:00+00:00,53.5000,-4.5000,10.4267
1874-05-16T12:00:00+00:00,53.5000,-3.5000,10.2755
1874-05-16T12:00:00+00:00,52.5000,-6.5000,11.2039
1874-05-16T12:00:00+00:00,52.5000,-5.5000,10.8533
1874-05-16T12:00:00+00:00,52.5000,-4.5000,10.7979
1874-05-16T12:00:00+00:00,51.5000,-6.5000,11.4240
1874-05-16T12:00:00+00:00,51.5000,-5.5000,11.2870
1874-05-16T12:00:00+00:00,51.5000,-4.5000,11.2216
1874-05-16T12:00:00+00:00,51.5000,-3.5000,11.3447
1874-06-16T00:00:00+00:00,53.5000,-5.5000,12.5376
1874-06-16T00:00:00+00:00,53.5000,-4.5000,12.5339
1874-06-16T00:00:00+00:00,53.5000,-3.5000,12.4143
1874-06-16T00:00:00+00:00,52.5000,-6.5000,13.4248
1874-06-16T00:00:00+00:00,52.5000,-5.5000,13.0180
1874-06-16T00:00:00+00:00,52.5000,-4.5000,12.9722
1874-06-16T00:00:00+00:00,51.5000,-6.5000,13.6772
1874-06-16T00:00:00+00:00,51.5000,-5.5000,13.5283
1874-06-16T00:00:00+00:00,51.5000,-4.5000,13.4617
1874-06-16T00:00:00+00:00,51.5000,-3.5000,13.5893
1874-07-16T12:00:00+00:00,53.5000,-5.5000,14.0271
1874-07-16T12:00:00+00:00,53.5000,-4.5000,14.0464
1874-07-16T12:00:00+00:00,53.5000,-3.5000,13.9135
1874-07-16T12:00:00+00:00,52.5000,-6.5000,15.1185
1874-07-16T12:00:00+00:00,52.5000,-5.5000,14.6467
1874-07-16T12:00:00+00:00,52.5000,-4.5000,14.6096
1874-07-16T12:00:00+00:00,51.5000,-6.5000,15.4212
1874-07-16T12:00:00+00:00,51.5000,-5.5000,15.2606
1874-07-16T12:00:00+00:00,51.5000,-4.5000,15.2009
1874-07-16T12:00:00+00:00,51.5000,-3.5000,15.3680
1874-08-16T12:00:00+00:00,53.5000,-5.5000,14.6477
1874-08-16T12:00:00+00:00,53.5000,-4.5000,14.6859
1874-08-16T12:00:00+00:00,53.5000,-3.5000,14.6240
1874-08-16T12:00:00+00:00,52.5000,-6.5000,15.4412
1874-08-16T12:00:00+00:00,52.5000,-5.5000,15.0972
1874-08-16T12:00:00+00:00,52.5000,-4.5000,15.1120
1874-08-16T12:00:00+00:00,51.5000,-6.5000,15.7024
1874-08-16T12:00:00+00:00,51.5000,-5.5000,15.5943
1874-08-16T12:00:00+00:00,51.5000,-4.5000,15.6085
1874-08-16T12:00:00+00:00,51.5000,-3.5000,15.8579
1874-09-16T00:00:00+00:00,53.5000,-5.5000,14.2244
1874-09-16T00:00:00+00:00,53.5000,-4.5000,14.3397
1874-09-16T00:00:00+00:00,53.5000,-3.5000,14.4627
1874-09-16T00:00:00+00:00,52.5000,-6.5000,14.6195
1874-09-16T00:00:00+00:00,52.5000,-5.5000,14.4787
1874-09-16T00:00:00+00:00,52.5000,-4.5000,14.5752
1874-09-16T00:00:00+00:00,51.5000,-6.5000,14.7707
1874-09-16T00:00:00+00:00,51.5000,-5.5000,14.7747
1874-09-16T00:00:00+00:00,51.5000,-4.5000,14.9351
1874-09-16T00:00:00+00:00,51.5000,-3.5000,15.3673
1874-10-16T12:00:00+00:00,53.5000,-5.5000,13.4709
1874-10-16T12:00:00+00:00,53.5000,-4.5000,13.5085
1874-10-16T12:00:00+00:00,53.5000,-3.5000,13.5323
1874-10-16T12:00:00+00:00,52.5000,-6.5000,13.6004
1874-10-16T12:00:00+00:00,52.5000,-5.5000,13.6025
1874-10-16T12:00:00+00:00,52.5000,-4.5000,13.6641
1874-10-16T12:00:00+00:00,51.5000,-6.5000,13.6548
1874-10-16T12:00:00+00:00,51.5000,-5.5000,13.7492
1874-10-16T12:00:00+00:00,51.5000,-4.5000,13.8820
1874-10-16T12:00:00+00:00,51.5000,-3.5000,14.1433
1874-11-16T00:00:00+00:00,53.5000,-5.5000,11.3056
1874-11-16T00:00:00+00:00,53.5000,-4.5000,11.3255
1874-11-16T00:00:00+00:00,53.5000,-3.5000,11.3780
1874-11-16T00:00:00+00:00,52.5000,-6.5000,11.4745
1874-11-16T00:00:00+00:00,52.5000,-5.5000,11.4173
1874-11-16T00:00:00+00:00,52.5000,-4.5000,11.4581
1874-11-16T00:00:00+00:00,51.5000,-6.5000,11.5354
1874-11-16T00:00:00+00:00,51.5000,-5.5000,11.6116
1874-11-16T00:00:00+00:00,51.5000,-4.5000,11.7482
1874-11-16T00:00:00+00:00,51.5000,-3.5000,12.1103
1874-12-16T12:00:00+00:00,53.5000,-5.5000,9.8794
1874-12-16T12:00:00+00:00,53.5000,-4.5000,9.8077
1874-12-16T12:00:00+00:00,53.5000,-3.5000,9.6431
1874-12-16T12:00:00+00:00,52.5000,-6.5000,10.3407
1874-12-16T12:00:00+00:00,52.5000,-5.5000,10.1431
1874-12-16T12:00:00+00:00,52.5000,-4.5000,10.0853
1874-12-16T12:00:00+00:00,51.5000,-6.5000,10.4589
1874-12-16T12:00:00+00:00,51.5000,-5.5000,10.4347
1874-12-16T12:00:00+00:00,51.5000,-4.5000,10.4269
1874-12-16T12:00:00+00:00,51.5000,-3.5000,10.6412
1875-01-16T12:00:00+00:00,53.5000,-5.5000,8.6995
1875-01-16T12:00:00+00:00,53.5000,-4.5000,8.5834
1875-01-16T12:00:00+00:00,53.5000,-3.5000,8.3028
1875-01-16T12:00:00+00:00,52.5000,-6.5000,9.4540
1875-01-16T12:00:00+00:00,52.5000,-5.5000,9.0978
1875-01-16T12:00:00+00:00,52.5000,-4.5000,8.9545
1875-01-16T12:00:00+00:00,51.5000,-6.5000,9.6304
1875-01-16T12:00:00+00:00,51.5000,-5.5000,9.4747
1875-01-16T12:00:00+00:00,51.5000,-4.5000,9.3212
1875-01-16T12:00:00+00:00,51.5000,-3.5000,9.4183
1875-02-15T00:00:00+00:00,53.5000,-5.5000,8.3014
1875-02-15T00:00:00+00:00,53.5000,-4.5000,8.1369
1875-02-15T00:00:00+00:00,53.5000,-3.5000,7.7305
1875-02-15T00:00:00+00:00,52.5000,-6.5000,9.2197
1875-02-15T00:00:00+00:00,52.5000,-5.5000,8.7765
1875-02-15T00:00:00+00:00,52.5000,-4.5000,8.6008
1875-02-15T00:00:00+00:00,51.5000,-6.5000,9.4505
1875-02-15T00:00:00+00:00,51.5000,-5.5000,9.2337
1875-02-15T00:00:00+00:00,51.5000,-4.5000,9.0366
1875-02-15T00:00:00+00:00,51.5000,-3.5000,9.1276
1875-03-16T12:00:00+00:00,53.5000,-5.5000,7.7944
1875-03-16T12:00:00+00:00,53.5000,-4.5000,7.5890
1875-03-16T12:00:00+00:00,53.5000,-3.5000,7.1713
1875-03-16T12:00:00+00:00,52.5000,-6.5000,8.6724
1875-03-16T12:00:00+00:00,52.5000,-5.5000,8.2178
1875-03-16T12:00:00+00:00,52.5000,-4.5000,8.0129
1875-03-16T12:00:00+00:00,51.5000,-6.5000,8.9288
1875-03-16T12:00:00+00:00,51.5000,-5.5000,8.6980
1875-03-16T12:00:00+00:00,51.5000,-4.5000,8.4384
1875-03-16T12:00:00+00:00,51.5000,-3.5000,8.3846
1875-04-16T00:00:00+00:00,53.5000,-5.5000,8.6395
1875-04-16T00:00:00+00:00,53.5000,-4.5000,8.5279
1875-04-16T00:00:00+00:00,53.5000,-3.5000,8.2969
1875-04-16T00:00:00+00:00,52.5000,-6.5000,9.3815
1875-04-16T00:00:00+00:00,52.5000,-5.5000,8.9979
1875-04-16T00:00:00+00:00,52.5000,-4.5000,8.8624
1875-04-16T00:00:00+00:00,51.5000,-6.5000,9.6186
1875-04-16T00:00:00+00:00,51.5000,-5.5000,9.4344
1875-04-16T00:00:00+00:00,51.5000,-4.5000,9.2564
1875-04-16T00:00:00+00:00,51.5000,-3.5000,9.2537
1875-05-16T12:00:00+00:00,53.5000,-5.5000,10.0635
1875-05-16T12:00:00+00:00,53.5000,-4.5000,10.0194
1875-05-16T12:00:00+00:00,53.5000,-3.5000,9.9385
1875-05-16T12:00:00+00:00,52.5000,-6.5000,10.7499
1875-05-16T12:00:00+00:00,52.5000,-5.5000,10.3993
1875-05-16T12:00:00+00:00,52.5000,-4.5000,10.3214
1875-05-16T12:00:00+00:00,51.5000,-6.5000,10.9700
1875-05-16T12:00:00+00:00,51.5000,-5.5000,10.8330
1875-05-16T12:00:00+00:00,51.5000,-4.5000,10.7339
1875-05-16T12:00:00+00:00,51.5000,-3.5000,10.7782
1875-06-16T00:00:00+00:00,53.5000,-5.5000,12.2048
1875-06-16T00:00:00+00:00,53.5000,-4.5000,12.1978
1875-06-16T00:00:00+00:00,53.5000,-3.5000,12.1821
1875-06-16T00:00:00+00:00,52.5000,-6.5000,12.9798
1875-06-16T00:00:00+00:00,52.5000,-5.5000,12.5730
1875-06-16T00:00:00+00:00,52.5000,-4.5000,12.5264
1875-06-16T00:00:00+00:00,51.5000,-6.5000,13.2322
1875-06-16T00:00:00+00:00,51.5000,-5.5000,13.0833
1875-06-16T00:00:00+00:00,51.5000,-4.5000,13.0153
1875-06-16T00:00:00+00:00,51.5000,-3.5000,13.1400
1875-07-16T12:00:00+00:00,53.5000,-5.5000,13.9296
1875-07-16T12:00:00+00:00,53.5000,-4.5000,13.9367
1875-07-16T12:00:00+00:00,53.5000,-3.5000,13.8987
1875-07-16T12:00:00+00:00,52.5000,-6.5000,14.8765
1875-07-16T12:00:00+00:00,52.5000,-5.5000,14.4047
1875-07-16T12:00:00+00:00,52.5000,-4.5000,14.3740
1875-07-16T12:00:00+00:00,51.5000,-6.5000,15.1792
1875-07-16T12:00:00+00:00,51.5000,-5.5000,15.0186
1875-07-16T12:00:00+00:00,51.5000,-4.5000,14.9685
1875-07-16T12:00:00+00:00,51.5000,-3.5000,15.1579
1875-08-16T12:00:00+00:00,53.5000,-5.5000,15.4540
1875-08-16T12:00:00+00:00,53.5000,-4.5000,15.4784
1875-08-16T12:00:00+00:00,53.5000,-3.5000,15.4637
1875-08-16T12:00:00+00:00,52.5000,-6.5000,16.1702
1875-08-16T12:00:00+00:00,52.5000,-5.5000,15.8262
1875-08-16T12:00:00+00:00,52.5000,-4.5000,15.8354
1875-08-16T12:00:00+00:00,51.5000,-6.5000,16.4314
1875-08-16T12:00:00+00:00,51.5000,-5.5000,16.3233
1875-08-16T12:00:00+00:00,51.5000,-4.5000,16.3291
1875-08-16T12:00:00+00:00,51.5000,-3.5000,16.5588
1875-09-16T00:00:00+00:00,53.5000,-5.5000,15.1206
1875-09-16T00:00:00+00:00,53.5000,-4.5000,15.1794
1875-09-16T00:00:00+00:00,53.5000,-3.5000,15.2412
1875-09-16T00:00:00+00:00,52.5000,-6.5000,15.4775
1875-09-16T00:00:00+00:00,52.5000,-5.5000,15.3367
1875-09-16T00:00:00+00:00,52.5000,-4.5000,15.3981
1875-09-16T00:00:00+00:00,51.5000,-6.5000,15.6287
1875-09-16T00:00:00+00:00,51.5000,-5.5000,15.6327
1875-09-16T00:00:00+00:00,51.5000,-4.5000,15.7404
1875-09-16T00:00:00+00:00,51.5000,-3.5000,16.0497
1875-10-16T12:00:00+00:00,53.5000,-5.5000,14.0910
1875-10-16T12:00:00+00:00,53.5000,-4.5000,14.1399
1875-10-16T12:00:00+00:00,53.5000,-3.5000,14.2526
1875-10-16T12:00:00+00:00,52.5000,-6.5000,14.1376
1875-10-16T12:00:00+00:00,52.5000,-5.5000,14.1396
1875-10-16T12:00:00+00:00,52.5000,-4.5000,14.2152
1875-10-16T12:00:00+00:00,51.5000,-6.5000,14.1919
1875-10-16T12:00:00+00:00,51.5000,-5.5000,14.2863
1875-10-16T12:00:00+00:00,51.5000,-4.5000,14.4401
1875-10-16T12:00:00+00:00,51.5000,-3.5000,14.7503
1875-11-16T00:00:00+00:00,53.5000,-5.5000,12.0699
1875-11-16T00:00:00+00:00,53.5000,-4.5000,12.0072
1875-11-16T00:00:00+00:00,53.5000,-3.5000,11.9380
1875-11-16T00:00:00+00:00,52.5000,-6.5000,12.2225
1875-11-16T00:00:00+00:00,52.5000,-5.5000,12.1653
1875-11-16T00:00:00+00:00,52.5000,-4.5000,12.1512
1875-11-16T00:00:00+00:00,51.5000,-6.5000,12.2834
1875-11-16T00:00:00+00:00,51.5000,-5.5000,12.3596
1875-11-16T00:00:00+00:00,51.5000,-4.5000,12.4139
1875-11-16T00:00:00+00:00,51.5000,-3.5000,12.5840
1875-12-16T12:00:00+00:00,53.5000,-5.5000,10.5567
1875-12-16T12:00:00+00:00,53.5000,-4.5000,10.3956
1875-12-16T12:00:00+00:00,53.5000,-3.5000,10.1096
1875-12-16T12:00:00+00:00,52.5000,-6.5000,10.9917
1875-12-16T12:00:00+00:00,52.5000,-5.5000,10.7941
1875-12-16T12:00:00+00:00,52.5000,-4.5000,10.6760
1875-12-16T12:00:00+00:00,51.5000,-6.5000,11.1099
1875-12-16T12:00:00+00:00,51.5000,-5.5000,11.0857
1875-12-16T12:00:00+00:00,51.5000,-4.5000,10.9876
1875-12-16T12:00:00+00:00,51.5000,-3.5000,10.9909
1876-01-16T12:00:00+00:00,53.5000,-5.5000,9.4870
1876-01-16T12:00:00+00:00,53.5000,-4.5000,9.3268
1876-01-16T12:00:00+00:00,53.5000,-3.5000,9.0488
1876-01-16T12:00:00+00:00,52.5000,-6.5000,10.1460
1876-01-16T12:00:00+00:00,52.5000,-5.5000,9.7898
1876-01-16T12:00:00+00:00,52.5000,-4.5000,9.6266
1876-01-16T12:00:00+00:00,51.5000,-6.5000,10.3224
1876-01-16T12:00:00+00:00,51.5000,-5.5000,10.1667
1876-01-16T12:00:00+00:00,51.5000,-4.5000,9.9834
1876-01-16T12:00:00+00:00,51.5000,-3.5000,10.0109
1876-02-15T12:00:00+00:00,53.5000,-5.5000,8.3112
1876-02-15T12:00:00+00:00,53.5000,-4.5000,8.1453
1876-02-15T12:00:00+00:00,53.5000,-3.5000,7.8298
1876-02-15T12:00:00+00:00,52.5000,-6.5000,9.1497
1876-02-15T12:00:00+00:00,52.5000,-5.5000,8.7065
1876-02-15T12:00:00+00:00,52.5000,-4.5000,8.5233
1876-02-15T12:00:00+00:00,51.5000,-6.5000,9.3805
1876-02-15T12:00:00+00:00,51.5000,-5.5000,9.1637
1876-02-15T12:00:00+00:00,51.5000,-4.5000,8.9554
1876-02-15T12:00:00+00:00,51.5000,-3.5000,9.0201
1876-03-16T12:00:00+00:00,53.5000,-5.5000,7.8539
1876-03-16T12:00:00+00:00,53.5000,-4.5000,7.7120
1876-03-16T12:00:00+00:00,53.5000,-3.5000,7.4063
1876-03-16T12:00:00+00:00,52.5000,-6.5000,8.7294
1876-03-16T12:00:00+00:00,52.5000,-5.5000,8.2748
1876-03-16T12:00:00+00:00,52.5000,-4.5000,8.1105
1876-03-16T12:00:00+00:00,51.5000,-6.5000,8.9858
1876-03-16T12:00:00+00:00,51.5000,-5.5000,8.7550
1876-03-16T12:00:00+00:00,51.5000,-4.5000,8.5563
1876-03-16T12:00:00+00:00,51.5000,-3.5000,8.6447
1876-04-16T00:00:00+00:00,53.5000,-5.5000,8.2718
1876-04-16T00:00:00+00:00,53.5000,-4.5000,8.1555
1876-04-16T00:00:00+00:00,53.5000,-3.5000,7.9654
1876-04-16T00:00:00+00:00,52.5000,-6.5000,8.9715
1876-04-16T00:00:00+00:00,52.5000,-5.5000,8.5879
1876-04-16T00:00:00+00:00,52.5000,-4.5000,8.4462
1876-04-16T00:00:00+00:00,51.5000,-6.5000,9.2086
1876-04-16T00:00:00+00:00,51.5000,-5.5000,9.0244
1876-04-16T00:00:00+00:00,51.5000,-4.5000,8.8371
1876-04-16T00:00:00+00:00,51.5000,-3.5000,8.8124
1876-05-16T12:00:00+00:00,53.5000,-5.5000,9.6037
1876-05-16T12:00:00+00:00,53.5000,-4.5000,9.5238
1876-05-16T12:00:00+00:00,53.5000,-3.5000,9.3943
1876-05-16T12:00:00+00:00,52.5000,-6.5000,10.2719
1876-05-16T12:00:00+00:00,52.5000,-5.5000,9.9213
1876-05-16T12:00:00+00:00,52.5000,-4.5000,9.8231
1876-05-16T12:00:00+00:00,51.5000,-6.5000,10.4920
1876-05-16T12:00:00+00:00,51.5000,-5.5000,10.3550
1876-05-16T12:00:00+00:00,51.5000,-4.5000,10.2255
1876-05-16T12:00:00+00:00,51.5000,-3.5000,10.1990
1876-06-16T00:00:00+00:00,53.5000,-5.5000,11.5501
1876-06-16T00:00:00+00:00,53.5000,-4.5000,11.4907
1876-06-16T00:00:00+00:00,53.5000,-3.5000,11.3596
1876-06-16T00:00:00+00:00,52.5000,-6.5000,12.3598
1876-06-16T00:00:00+00:00,52.5000,-5.5000,11.9530
1876-06-16T00:00:00+00:00,52.5000,-4.5000,11.8681
1876-06-16T00:00:00+00:00,51.5000,-6.5000,12.6122
1876-06-16T00:00:00+00:00,51.5000,-5.5000,12.4633
1876-06-16T00:00:00+00:00,51.5000,-4.5000,12.3380
1876-06-16T00:00:00+00:00,51.5000,-3.5000,12.3287
1876-07-16T12:00:00+00:00,53.5000,-5.5000,13.4328
1876-07-16T12:00:00+00:00,53.5000,-4.5000,13.4238
1876-07-16T12:00:00+00:00,53.5000,-3.5000,13.2552
1876-07-16T12:00:00+00:00,52.5000,-6.5000,14.5045
1876-07-16T12:00:00+00:00,52.5000,-5.5000,14.0327
1876-07-16T12:00:00+00:00,52.5000,-4.5000,13.9807
1876-07-16T12:00:00+00:00,51.5000,-6.5000,14.8072
1876-07-16T12:00:00+00:00,51.5000,-5.5000,14.6466
1876-07-16T12:00:00+00:00,51.5000,-4.5000,14.5646
1876-07-16T12:00:00+00:00,51.5000,-3.5000,14.6796
1876-08-16T12:00:00+00:00,53.5000,-5.5000,14.7865
1876-08-16T12:00:00+00:00,53.5000,-4.5000,14.7870
1876-08-16T12:00:00+00:00,53.5000,-3.5000,14.6090
1876-08-16T12:00:00+00:00,52.5000,-6.5000,15.6392
1876-08-16T12:00:00+00:00,52.5000,-5.5000,15.2952
1876-08-16T12:00:00+00:00,52.5000,-4.5000,15.2820
1876-08-16T12:00:00+00:00,51.5000,-6.5000,15.9004
1876-08-16T12:00:00+00:00,51.5000,-5.5000,15.7923
1876-08-16T12:00:00+00:00,51.5000,-4.5000,15.7645
1876-08-16T12:00:00+00:00,51.5000,-3.5000,15.9159
1876-09-16T00:00:00+00:00,53.5000,-5.5000,14.3949
1876-09-16T00:00:00+00:00,53.5000,-4.5000,14.4272
1876-09-16T00:00:00+00:00,53.5000,-3.5000,14.3707
1876-09-16T00:00:00+00:00,52.5000,-6.5000,14.8285
1876-09-16T00:00:00+00:00,52.5000,-5.5000,14.6877
1876-09-16T00:00:00+00:00,52.5000,-4.5000,14.7302
1876-09-16T00:00:00+00:00,51.5000,-6.5000,14.9797
1876-09-16T00:00:00+00:00,51.5000,-5.5000,14.9837
1876-09-16T00:00:00+00:00,51.5000,-4.5000,15.0631
1876-09-16T00:00:00+00:00,51.5000,-3.5000,15.3063
1876-10-16T12:00:00+00:00,53.5000,-5.5000,13.4385
1876-10-16T12:00:00+00:00,53.5000,-4.5000,13.4400
1876-10-16T12:00:00+00:00,53.5000,-3.5000,13.4169
1876-10-16T12:00:00+00:00,52.5000,-6.5000,13.5386
1876-10-16T12:00:00+00:00,52.5000,-5.5000,13.5406
1876-10-16T12:00:00+00:00,52.5000,-4.5000,13.5862
1876-10-16T12:00:00+00:00,51.5000,-6.5000,13.5929
1876-10-16T12:00:00+00:00,51.5000,-5.5000,13.6873
1876-10-16T12:00:00+00:00,51.5000,-4.5000,13.7961
1876-10-16T12:00:00+00:00,51.5000,-3.5000,14.0013
1876-11-16T00:00:00+00:00,53.5000,-5.5000,11.8666
1876-11-16T00:00:00+00:00,53.5000,-4.5000,11.8047
1876-11-16T00:00:00+00:00,53.5000,-3.5000,11.7040
1876-11-16T00:00:00+00:00,52.5000,-6.5000,12.0435
1876-11-16T00:00:00+00:00,52.5000,-5.5000,11.9863
1876-11-16T00:00:00+00:00,52.5000,-4.5000,11.9771
1876-11-16T00:00:00+00:00,51.5000,-6.5000,12.1044
1876-11-16T00:00:00+00:00,51.5000,-5.5000,12.1806
1876-11-16T00:00:00+00:00,51.5000,-4.5000,12.2422
1876-11-16T00:00:00+00:00,51.5000,-3.5000,12.4293
1876-12-16T12:00:00+00:00,53.5000,-5.5000,10.3544
1876-12-16T12:00:00+00:00,53.5000,-4.5000,10.2412
1876-12-16T12:00:00+00:00,53.5000,-3.5000,10.0978
1876-12-16T12:00:00+00:00,52.5000,-6.5000,10.7157
1876-12-16T12:00:00+00:00,52.5000,-5.5000,10.5181
1876-12-16T12:00:00+00:00,52.5000,-4.5000,10.4373
1876-12-16T12:00:00+00:00,51.5000,-6.5000,10.8339
1876-12-16T12:00:00+00:00,51.5000,-5.5000,10.8097
1876-12-16T12:00:00+00:00,51.5000,-4.5000,10.7674
1876-12-16T12:00:00+00:00,51.5000,-3.5000,10.9012
1877-01-16T12:00:00+00:00,53.5000,-5.5000,9.2392
1877-01-16T12:00:00+00:00,53.5000,-4.5000,9.1006
1877-01-16T12:00:00+00:00,53.5000,-3.5000,8.9481
1877-01-16T12:00:00+00:00,52.5000,-6.5000,9.8070
1877-01-16T12:00:00+00:00,52.5000,-5.5000,9.4508
1877-01-16T12:00:00+00:00,52.5000,-4.5000,9.3029
1877-01-16T12:00:00+00:00,51.5000,-6.5000,9.9834
1877-01-16T12:00:00+00:00,51.5000,-5.5000,9.8277
1877-01-16T12:00:00+00:00,51.5000,-4.5000,9.6673
1877-01-16T12:00:00+00:00,51.5000,-3.5000,9.7481
1877-02-15T00:00:00+00:00,53.5000,-5.5000,8.3199
1877-02-15T00:00:00+00:00,53.5000,-4.5000,8.1424
1877-02-15T00:00:00+00:00,53.5000,-3.5000,7.8850
1877-02-15T00:00:00+00:00,52.5000,-6.5000,9.0777
1877-02-15T00:00:00+00:00,52.5000,-5.5000,8.6345
1877-02-15T00:00:00+00:00,52.5000,-4.5000,8.4450
1877-02-15T00:00:00+00:00,51.5000,-6.5000,9.3085
1877-02-15T00:00:00+00:00,51.5000,-5.5000,9.0917
1877-02-15T00:00:00+00:00,51.5000,-4.5000,8.8740
1877-02-15T00:00:00+00:00,51.5000,-3.5000,8.9168
1877-03-16T12:00:00+00:00,53.5000,-5.5000,7.5829
1877-03-16T12:00:00+00:00,53.5000,-4.5000,7.3825
1877-03-16T12:00:00+00:00,53.5000,-3.5000,7.0933
1877-03-16T12:00:00+00:00,52.5000,-6.5000,8.3514
1877-03-16T12:00:00+00:00,52.5000,-5.5000,7.8968
1877-03-16T12:00:00+00:00,52.5000,-4.5000,7.6900
1877-03-16T12:00:00+00:00,51.5000,-6.5000,8.6078
1877-03-16T12:00:00+00:00,51.5000,-5.5000,8.3770
1877-03-16T12:00:00+00:00,51.5000,-4.5000,8.1146
1877-03-16T12:00:00+00:00,51.5000,-3.5000,8.0542
1877-04-16T00:00:00+00:00,53.5000,-5.5000,8.0425
1877-04-16T00:00:00+00:00,53.5000,-4.5000,7.9123
1877-04-16T00:00:00+00:00,53.5000,-3.5000,7.7374
1877-04-16T00:00:00+00:00,52.5000,-6.5000,8.6795
1877-04-16T00:00:00+00:00,52.5000,-5.5000,8.2959
1877-04-16T00:00:00+00:00,52.5000,-4.5000,8.1569
1877-04-16T00:00:00+00:00,51.5000,-6.5000,8.9166
1877-04-16T00:00:00+00:00,51.5000,-5.5000,8.7324
1877-04-16T00:00:00+00:00,51.5000,-4.5000,8.5492
1877-04-16T00:00:00+00:00,51.5000,-3.5000,8.5342
1877-05-16T12:00:00+00:00,53.5000,-5.5000,9.9112
1877-05-16T12:00:00+00:00,53.5000,-4.5000,9.8792
1877-05-16T12:00:00+00:00,53.5000,-3.5000,9.8048
1877-05-16T12:00:00+00:00,52.5000,-6.5000,10.5799
1877-05-16T12:00:00+00:00,52.5000,-5.5000,10.2293
1877-05-16T12:00:00+00:00,52.5000,-4.5000,10.1751
1877-05-16T12:00:00+00:00,51.5000,-6.5000,10.8000
1877-05-16T12:00:00+00:00,51.5000,-5.5000,10.6630
1877-05-16T12:00:00+00:00,51.5000,-4.5000,10.5995
1877-05-16T12:00:00+00:00,51.5000,-3.5000,10.7270
1877-06-16T00:00:00+00:00,53.5000,-5.5000,12.0893
1877-06-16T00:00:00+00:00,53.5000,-4.5000,12.0673
1877-06-16T00:00:00+00:00,53.5000,-3.5000,11.9806
1877-06-16T00:00:00+00:00,52.5000,-6.5000,12.9078
1877-06-16T00:00:00+00:00,52.5000,-5.5000,12.5010
1877-06-16T00:00:00+00:00,52.5000,-4.5000,12.4456
1877-06-16T00:00:00+00:00,51.5000,-6.5000,13.1602
1877-06-16T00:00:00+00:00,51.5000,-5.5000,13.0113
1877-06-16T00:00:00+00:00,51.5000,-4.5000,12.9302
1877-06-16T00:00:00+00:00,51.5000,-3.5000,13.0242
1877-07-16T12:00:00+00:00,53.5000,-5.5000,13.8438
1877-07-16T12:00:00+00:00,53.5000,-4.5000,13.8207
1877-07-16T12:00:00+00:00,53.5000,-3.5000,13.7240
1877-07-16T12:00:00+00:00,52.5000,-6.5000,14.7875
1877-07-16T12:00:00+00:00,52.5000,-5.5000,14.3157
1877-07-16T12:00:00+00:00,52.5000,-4.5000,14.2707
1877-07-16T12:00:00+00:00,51.5000,-6.5000,15.0902
1877-07-16T12:00:00+00:00,51.5000,-5.5000,14.9296
1877-07-16T12:00:00+00:00,51.5000,-4.5000,14.8581
1877-07-16T12:00:00+00:00,51.5000,-3.5000,14.9976
1877-08-16T12:00:00+00:00,53.5000,-5.5000,14.3987
1877-08-16T12:00:00+00:00,53.5000,-4.5000,14.3726
1877-08-16T12:00:00+00:00,53.5000,-3.5000,14.2947
1877-08-16T12:00:00+00:00,52.5000,-6.5000,15.1002
1877-08-16T12:00:00+00:00,52.5000,-5.5000,14.7562
1877-08-16T12:00:00+00:00,52.5000,-4.5000,14.7285
1877-08-16T12:00:00+00:00,51.5000,-6.5000,15.3614
1877-08-16T12:00:00+00:00,51.5000,-5.5000,15.2533
1877-08-16T12:00:00+00:00,51.5000,-4.5000,15.2038
1877-08-16T12:00:00+00:00,51.5000,-3.5000,15.3044
1877-09-16T00:00:00+00:00,53.5000,-5.5000,14.1734
1877-09-16T00:00:00+00:00,53.5000,-4.5000,14.1761
1877-09-16T00:00:00+00:00,53.5000,-3.5000,14.1827
1877-09-16T00:00:00+00:00,52.5000,-6.5000,14.5005
1877-09-16T00:00:00+00:00,52.5000,-5.5000,14.3597
1877-09-16T00:00:00+00:00,52.5000,-4.5000,14.3795
1877-09-16T00:00:00+00:00,51.5000,-6.5000,14.6517
1877-09-16T00:00:00+00:00,51.5000,-5.5000,14.6557
1877-09-16T00:00:00+00:00,51.5000,-4.5000,14.7009
1877-09-16T00:00:00+00:00,51.5000,-3.5000,14.8646
1877-10-16T12:00:00+00:00,53.5000,-5.5000,13.3300
1877-10-16T12:00:00+00:00,53.5000,-4.5000,13.3602
1877-10-16T12:00:00+00:00,53.5000,-3.5000,13.4068
1877-10-16T12:00:00+00:00,52.5000,-6.5000,13.3876
1877-10-16T12:00:00+00:00,52.5000,-5.5000,13.3896
1877-10-16T12:00:00+00:00,52.5000,-4.5000,13.4648
1877-10-16T12:00:00+00:00,51.5000,-6.5000,13.4419
1877-10-16T12:00:00+00:00,51.5000,-5.5000,13.5363
1877-10-16T12:00:00+00:00,51.5000,-4.5000,13.6895
1877-10-16T12:00:00+00:00,51.5000,-3.5000,13.9982
1877-11-16T00:00:00+00:00,53.5000,-5.5000,11.7079
1877-11-16T00:00:00+00:00,53.5000,-4.5000,11.6468
1877-11-16T00:00:00+00:00,53.5000,-3.5000,11.5952
1877-11-16T00:00:00+00:00,52.5000,-6.5000,11.8335
1877-11-16T00:00:00+00:00,52.5000,-5.5000,11.7763
1877-11-16T00:00:00+00:00,52.5000,-4.5000,11.7693
1877-11-16T00:00:00+00:00,51.5000,-6.5000,11.8944
1877-11-16T00:00:00+00:00,51.5000,-5.5000,11.9706
1877-11-16T00:00:00+00:00,51.5000,-4.5000,12.0356
1877-11-16T00:00:00+00:00,51.5000,-3.5000,12.2306
1877-12-16T12:00:00+00:00,53.5000,-5.5000,10.4624
1877-12-16T12:00:00+00:00,53.5000,-4.5000,10.3744
1877-12-16T12:00:00+00:00,53.5000,-3.5000,10.2246
1877-12-16T12:00:00+00:00,52.5000,-6.5000,10.8627
1877-12-16T12:00:00+00:00,52.5000,-5.5000,10.6651
1877-12-16T12:00:00+00:00,52.5000,-4.5000,10.6058
1877-12-16T12:00:00+00:00,51.5000,-6.5000,10.9809
1877-12-16T12:00:00+00:00,51.5000,-5.5000,10.9567
1877-12-16T12:00:00+00:00,51.5000,-4.5000,10.9467
1877-12-16T12:00:00+00:00,51.5000,-3.5000,11.1557
1878-01-16T12:00:00+00:00,53.5000,-5.5000,9.1097
1878-01-16T12:00:00+00:00,53.5000,-4.5000,9.0033
1878-01-16T12:00:00+00:00,53.5000,-3.5000,8.8133
1878-01-16T12:00:00+00:00,52.5000,-6.5000,9.7740
1878-01-16T12:00:00+00:00,52.5000,-5.5000,9.4178
1878-01-16T12:00:00+00:00,52.5000,-4.5000,9.2887
1878-01-16T12:00:00+00:00,51.5000,-6.5000,9.9504
1878-01-16T12:00:00+00:00,51.5000,-5.5000,9.7947
1878-01-16T12:00:00+00:00,51.5000,-4.5000,9.6626
1878-01-16T12:00:00+00:00,51.5000,-3.5000,9.8095
1878-02-15T00:00:00+00:00,53.5000,-5.5000,8.2944
1878-02-15T00:00:00+00:00,53.5000,-4.5000,8.1701
1878-02-15T00:00:00+00:00,53.5000,-3.5000,7.9380
1878-02-15T00:00:00+00:00,52.5000,-6.5000,9.1057
1878-02-15T00:00:00+00:00,52.5000,-5.5000,8.6625
1878-02-15T00:00:00+00:00,52.5000,-4.5000,8.5135
1878-02-15T00:00:00+00:00,51.5000,-6.5000,9.3365
1878-02-15T00:00:00+00:00,51.5000,-5.5000,9.1197
1878-02-15T00:00:00+00:00,51.5000,-4.5000,8.9627
1878-02-15T00:00:00+00:00,51.5000,-3.5000,9.1473
1878-03-16T12:00:00+00:00,53.5000,-5.5000,8.2491
1878-03-16T12:00:00+00:00,53.5000,-4.5000,8.1413
1878-03-16T12:00:00+00:00,53.5000,-3.5000,7.9140
1878-03-16T12:00:00+00:00,52.5000,-6.5000,9.0834
1878-03-16T12:00:00+00:00,52.5000,-5.5000,8.6288
1878-03-16T12:00:00+00:00,52.5000,-4.5000,8.4969
1878-03-16T12:00:00+00:00,51.5000,-6.5000,9.3398
1878-03-16T12:00:00+00:00,51.5000,-5.5000,9.1090
1878-03-16T12:00:00+00:00,51.5000,-4.5000,8.9589
1878-03-16T12:00:00+00:00,51.5000,-3.5000,9.1606
1878-04-16T00:00:00+00:00,53.5000,-5.5000,9.0240
1878-04-16T00:00:00+00:00,53.5000,-4.5000,8.9853
1878-04-16T00:00:00+00:00,53.5000,-3.5000,8.9106
1878-04-16T00:00:00+00:00,52.5000,-6.5000,9.6855
1878-04-16T00:00:00+00:00,52.5000,-5.5000,9.3019
1878-04-16T00:00:00+00:00,52.5000,-4.5000,9.2378
1878-04-16T00:00:00+00:00,51.5000,-6.5000,9.9226
1878-04-16T00:00:00+00:00,51.5000,-5.5000,9.7384
1878-04-16T00:00:00+00:00,51.5000,-4.5000,9.6675
1878-04-16T00:00:00+00:00,51.5000,-3.5000,9.9146
1878-05-16T12:00:00+00:00,53.5000,-5.5000,10.3862
1878-05-16T12:00:00+00:00,53.5000,-4.5000,10.3796
1878-05-16T12:00:00+00:00,53.5000,-3.5000,10.4043
1878-05-16T12:00:00+00:00,52.5000,-6.5000,10.9779
1878-05-16T12:00:00+00:00,52.5000,-5.5000,10.6273
1878-05-16T12:00:00+00:00,52.5000,-4.5000,10.6001
1878-05-16T12:00:00+00:00,51.5000,-6.5000,11.1980
1878-05-16T12:00:00+00:00,51.5000,-5.5000,11.0610
1878-05-16T12:00:00+00:00,51.5000,-4.5000,11.0380
1878-05-16T12:00:00+00:00,51.5000,-3.5000,11.2600
1878-06-16T00:00:00+00:00,53.5000,-5.5000,12.6443
1878-06-16T00:00:00+00:00,53.5000,-4.5000,12.6506
1878-06-16T00:00:00+00:00,53.5000,-3.5000,12.6713
1878-06-16T00:00:00+00:00,52.5000,-6.5000,13.3798
1878-06-16T00:00:00+00:00,52.5000,-5.5000,12.9730
1878-06-16T00:00:00+00:00,52.5000,-4.5000,12.9479
1878-06-16T00:00:00+00:00,51.5000,-6.5000,13.6322
1878-06-16T00:00:00+00:00,51.5000,-5.5000,13.4833
1878-06-16T00:00:00+00:00,51.5000,-4.5000,13.4476
1878-06-16T00:00:00+00:00,51.5000,-3.5000,13.6475
1878-07-16T12:00:00+00:00,53.5000,-5.5000,14.4913
1878-07-16T12:00:00+00:00,53.5000,-4.5000,14.4989
1878-07-16T12:00:00+00:00,53.5000,-3.5000,14.4387
1878-07-16T12:00:00+00:00,52.5000,-6.5000,15.4485
1878-07-16T12:00:00+00:00,52.5000,-5.5000,14.9767
1878-07-16T12:00:00+00:00,52.5000,-4.5000,14.9527
1878-07-16T12:00:00+00:00,51.5000,-6.5000,15.7512
1878-07-16T12:00:00+00:00,51.5000,-5.5000,15.5906
1878-07-16T12:00:00+00:00,51.5000,-4.5000,15.5506
1878-07-16T12:00:00+00:00,51.5000,-3.5000,15.7636
1878-08-16T12:00:00+00:00,53.5000,-5.5000,15.6085
1878-08-16T12:00:00+00:00,53.5000,-4.5000,15.6510
1878-08-16T12:00:00+00:00,53.5000,-3.5000,15.6610
1878-08-16T12:00:00+00:00,52.5000,-6.5000,16.3122
1878-08-16T12:00:00+00:00,52.5000,-5.5000,15.9682
1878-08-16T12:00:00+00:00,52.5000,-4.5000,15.9984
1878-08-16T12:00:00+00:00,51.5000,-6.5000,16.5734
1878-08-16T12:00:00+00:00,51.5000,-5.5000,16.4653
1878-08-16T12:00:00+00:00,51.5000,-4.5000,16.5026
1878-08-16T12:00:00+00:00,51.5000,-3.5000,16.8058
1878-09-16T00:00:00+00:00,53.5000,-5.5000,15.3291
1878-09-16T00:00:00+00:00,53.5000,-4.5000,15.4179
1878-09-16T00:00:00+00:00,53.5000,-3.5000,15.5260
1878-09-16T00:00:00+00:00,52.5000,-6.5000,15.6525
1878-09-16T00:00:00+00:00,52.5000,-5.5000,15.5117
1878-09-16T00:00:00+00:00,52.5000,-4.5000,15.6118
1878-09-16T00:00:00+00:00,51.5000,-6.5000,15.8037
1878-09-16T00:00:00+00:00,51.5000,-5.5000,15.8077
1878-09-16T00:00:00+00:00,51.5000,-4.5000,15.9735
1878-09-16T00:00:00+00:00,51.5000,-3.5000,16.4185
1878-10-16T12:00:00+00:00,53.5000,-5.5000,14.0195
1878-10-16T12:00:00+00:00,53.5000,-4.5000,14.0782
1878-10-16T12:00:00+00:00,53.5000,-3.5000,14.1881
1878-10-16T12:00:00+00:00,52.5000,-6.5000,14.0606
1878-10-16T12:00:00+00:00,52.5000,-5.5000,14.0626
1878-10-16T12:00:00+00:00,52.5000,-4.5000,14.1571
1878-10-16T12:00:00+00:00,51.5000,-6.5000,14.1149
1878-10-16T12:00:00+00:00,51.5000,-5.5000,14.2093
1878-10-16T12:00:00+00:00,51.5000,-4.5000,14.3914
1878-10-16T12:00:00+00:00,51.5000,-3.5000,14.7677
1878-11-16T00:00:00+00:00,53.5000,-5.5000,11.7916
1878-11-16T00:00:00+00:00,53.5000,-4.5000,11.7956
1878-11-16T00:00:00+00:00,53.5000,-3.5000,11.7807
1878-11-16T00:00:00+00:00,52.5000,-6.5000,11.9525
1878-11-16T00:00:00+00:00,52.5000,-5.5000,11.8953
1878-11-16T00:00:00+00:00,52.5000,-4.5000,11.9500
1878-11-16T00:00:00+00:00,51.5000,-6.5000,12.0134
1878-11-16T00:00:00+00:00,51.5000,-5.5000,12.0896
1878-11-16T00:00:00+00:00,51.5000,-4.5000,12.2470
1878-11-16T00:00:00+00:00,51.5000,-3.5000,12.6577
1878-12-16T12:00:00+00:00,53.5000,-5.5000,10.1892
1878-12-16T12:00:00+00:00,53.5000,-4.5000,10.0912
1878-12-16T12:00:00+00:00,53.5000,-3.5000,9.9533
1878-12-16T12:00:00+00:00,52.5000,-6.5000,10.5327
1878-12-16T12:00:00+00:00,52.5000,-5.5000,10.3351
1878-12-16T12:00:00+00:00,52.5000,-4.5000,10.2833
1878-12-16T12:00:00+00:00,51.5000,-6.5000,10.6509
1878-12-16T12:00:00+00:00,51.5000,-5.5000,10.6267
1878-12-16T12:00:00+00:00,51.5000,-4.5000,10.6279
1878-12-16T12:00:00+00:00,51.5000,-3.5000,10.8632
1879-01-16T12:00:00+00:00,53.5000,-5.5000,8.7382
1879-01-16T12:00:00+00:00,53.5000,-4.5000,8.5938
1879-01-16T12:00:00+00:00,53.5000,-3.5000,8.3803
1879-01-16T12:00:00+00:00,52.5000,-6.5000,9.3270
1879-01-16T12:00:00+00:00,52.5000,-5.5000,8.9708
1879-01-16T12:00:00+00:00,52.5000,-4.5000,8.8342
1879-01-16T12:00:00+00:00,51.5000,-6.5000,9.5034
1879-01-16T12:00:00+00:00,51.5000,-5.5000,9.3477
1879-01-16T12:00:00+00:00,51.5000,-4.5000,9.2044
1879-01-16T12:00:00+00:00,51.5000,-3.5000,9.3250
1879-02-15T00:00:00+00:00,53.5000,-5.5000,7.5254
1879-02-15T00:00:00+00:00,53.5000,-4.5000,7.3564
1879-02-15T00:00:00+00:00,53.5000,-3.5000,7.0880
1879-02-15T00:00:00+00:00,52.5000,-6.5000,8.2927
1879-02-15T00:00:00+00:00,52.5000,-5.5000,7.8495
1879-02-15T00:00:00+00:00,52.5000,-4.5000,7.6735
1879-02-15T00:00:00+00:00,51.5000,-6.5000,8.5235
1879-02-15T00:00:00+00:00,51.5000,-5.5000,8.3067
1879-02-15T00:00:00+00:00,51.5000,-4.5000,8.1092
1879-02-15T00:00:00+00:00,51.5000,-3.5000,8.1993
1879-03-16T12:00:00+00:00,53.5000,-5.5000,7.0654
1879-03-16T12:00:00+00:00,53.5000,-4.5000,6.9395
1879-03-16T12:00:00+00:00,53.5000,-3.5000,6.7523
1879-03-16T12:00:00+00:00,52.5000,-6.5000,7.8444
1879-03-16T12:00:00+00:00,52.5000,-5.5000,7.3898
1879-03-16T12:00:00+00:00,52.5000,-4.5000,7.2384
1879-03-16T12:00:00+00:00,51.5000,-6.5000,8.1008
1879-03-16T12:00:00+00:00,51.5000,-5.5000,7.8700
1879-03-16T12:00:00+00:00,51.5000,-4.5000,7.6906
1879-03-16T12:00:00+00:00,51.5000,-3.5000,7.8241
1879-04-16T00:00:00+00:00,53.5000,-5.5000,7.6270
1879-04-16T00:00:00+00:00,53.5000,-4.5000,7.5366
1879-04-16T00:00:00+00:00,53.5000,-3.5000,7.3653
1879-04-16T00:00:00+00:00,52.5000,-6.5000,8.2755
1879-04-16T00:00:00+00:00,52.5000,-5.5000,7.8919
1879-04-16T00:00:00+00:00,52.5000,-4.5000,7.8051
1879-04-16T00:00:00+00:00,51.5000,-6.5000,8.5126
1879-04-16T00:00:00+00:00,51.5000,-5.5000,8.3284
1879-04-16T00:00:00+00:00,51.5000,-4.5000,8.2234
1879-04-16T00:00:00+00:00,51.5000,-3.5000,8.3908
1879-05-16T12:00:00+00:00,53.5000,-5.5000,9.4372
1879-05-16T12:00:00+00:00,53.5000,-4.5000,9.3938
1879-05-16T12:00:00+00:00,53.5000,-3.5000,9.2548
1879-05-16T12:00:00+00:00,52.5000,-6.5000,10.1709
1879-05-16T12:00:00+00:00,52.5000,-5.5000,9.8203
1879-05-16T12:00:00+00:00,52.5000,-4.5000,9.7489
1879-05-16T12:00:00+00:00,51.5000,-6.5000,10.3910
1879-05-16T12:00:00+00:00,51.5000,-5.5000,10.2540
1879-05-16T12:00:00+00:00,51.5000,-4.5000,10.1646
1879-05-16T12:00:00+00:00,51.5000,-3.5000,10.2317
1879-06-16T00:00:00+00:00,53.5000,-5.5000,11.3233
1879-06-16T00:00:00+00:00,53.5000,-4.5000,11.2978
1879-06-16T00:00:00+00:00,53.5000,-3.5000,11.1411
1879-06-16T00:00:00+00:00,52.5000,-6.5000,12.2618
1879-06-16T00:00:00+00:00,52.5000,-5.5000,11.8550
1879-06-16T00:00:00+00:00,52.5000,-4.5000,11.7694
1879-06-16T00:00:00+00:00,51.5000,-6.5000,12.5142
1879-06-16T00:00:00+00:00,51.5000,-5.5000,12.3653
1879-06-16T00:00:00+00:00,51.5000,-4.5000,12.2388
1879-06-16T00:00:00+00:00,51.5000,-3.5000,12.2270
1879-07-16T12:00:00+00:00,53.5000,-5.5000,13.3146
1879-07-16T12:00:00+00:00,53.5000,-4.5000,13.3154
1879-07-16T12:00:00+00:00,53.5000,-3.5000,13.1872
1879-07-16T12:00:00+00:00,52.5000,-6.5000,14.3915
1879-07-16T12:00:00+00:00,52.5000,-5.5000,13.9197
1879-07-16T12:00:00+00:00,52.5000,-4.5000,13.8596
1879-07-16T12:00:00+00:00,51.5000,-6.5000,14.6942
1879-07-16T12:00:00+00:00,51.5000,-5.5000,14.5336
1879-07-16T12:00:00+00:00,51.5000,-4.5000,14.4395
1879-07-16T12:00:00+00:00,51.5000,-3.5000,14.5260
1879-08-16T12:00:00+00:00,53.5000,-5.5000,14.3350
1879-08-16T12:00:00+00:00,53.5000,-4.5000,14.3998
1879-08-16T12:00:00+00:00,53.5000,-3.5000,14.4407
1879-08-16T12:00:00+00:00,52.5000,-6.5000,15.0832
1879-08-16T12:00:00+00:00,52.5000,-5.5000,14.7392
1879-08-16T12:00:00+00:00,52.5000,-4.5000,14.7651
1879-08-16T12:00:00+00:00,51.5000,-6.5000,15.3444
1879-08-16T12:00:00+00:00,51.5000,-5.5000,15.2363
1879-08-16T12:00:00+00:00,51.5000,-4.5000,15.2672
1879-08-16T12:00:00+00:00,51.5000,-3.5000,15.5556
1879-09-16T00:00:00+00:00,53.5000,-5.5000,14.5234
1879-09-16T00:00:00+00:00,53.5000,-4.5000,14.6203
1879-09-16T00:00:00+00:00,53.5000,-3.5000,14.7212
1879-09-16T00:00:00+00:00,52.5000,-6.5000,14.8995
1879-09-16T00:00:00+00:00,52.5000,-5.5000,14.7587
1879-09-16T00:00:00+00:00,52.5000,-4.5000,14.8482
1879-09-16T00:00:00+00:00,51.5000,-6.5000,15.0507
1879-09-16T00:00:00+00:00,51.5000,-5.5000,15.0547
1879-09-16T00:00:00+00:00,51.5000,-4.5000,15.2046
1879-09-16T00:00:00+00:00,51.5000,-3.5000,15.6123
1879-10-16T12:00:00+00:00,53.5000,-5.5000,13.5050
1879-10-16T12:00:00+00:00,53.5000,-4.5000,13.5472
1879-10-16T12:00:00+00:00,53.5000,-3.5000,13.5919
1879-10-16T12:00:00+00:00,52.5000,-6.5000,13.5956
1879-10-16T12:00:00+00:00,52.5000,-5.5000,13.5976
1879-10-16T12:00:00+00:00,52.5000,-4.5000,13.6751
1879-10-16T12:00:00+00:00,51.5000,-6.5000,13.6499
1879-10-16T12:00:00+00:00,51.5000,-5.5000,13.7443
1879-10-16T12:00:00+00:00,51.5000,-4.5000,13.9009
1879-10-16T12:00:00+00:00,51.5000,-3.5000,14.2177
1879-11-16T00:00:00+00:00,53.5000,-5.5000,11.7931
1879-11-16T00:00:00+00:00,53.5000,-4.5000,11.7251
1879-11-16T00:00:00+00:00,53.5000,-3.5000,11.5702
1879-11-16T00:00:00+00:00,52.5000,-6.5000,12.0085
1879-11-16T00:00:00+00:00,52.5000,-5.5000,11.9513
1879-11-16T00:00:00+00:00,52.5000,-4.5000,11.9407
1879-11-16T00:00:00+00:00,51.5000,-6.5000,12.0694
1879-11-16T00:00:00+00:00,51.5000,-5.5000,12.1456
1879-11-16T00:00:00+00:00,51.5000,-4.5000,12.2052
1879-11-16T00:00:00+00:00,51.5000,-3.5000,12.3875
1879-12-16T12:00:00+00:00,53.5000,-5.5000,10.5394
1879-12-16T12:00:00+00:00,53.5000,-4.5000,10.4037
1879-12-16T12:00:00+00:00,53.5000,-3.5000,10.1278
1879-12-16T12:00:00+00:00,52.5000,-6.5000,10.9607
1879-12-16T12:00:00+00:00,52.5000,-5.5000,10.7631
1879-12-16T12:00:00+00:00,52.5000,-4.5000,10.6848
1879-12-16T12:00:00+00:00,51.5000,-6.5000,11.0789
1879-12-16T12:00:00+00:00,51.5000,-5.5000,11.0547
1879-12-16T12:00:00+00:00,51.5000,-4.5000,11.0162
1879-12-16T12:00:00+00:00,51.5000,-3.5000,11.1587
1880-01-16T12:00:00+00:00,53.5000,-5.5000,9.3987
1880-01-16T12:00:00+00:00,53.5000,-4.5000,9.2438
1880-01-16T12:00:00+00:00,53.5000,-3.5000,8.8668
1880-01-16T12:00:00+00:00,52.5000,-6.5000,10.1400
1880-01-16T12:00:00+00:00,52.5000,-5.5000,9.7838
1880-01-16T12:00:00+00:00,52.5000,-4.5000,9.6370
1880-01-16T12:00:00+00:00,51.5000,-6.5000,10.3164
1880-01-16T12:00:00+00:00,51.5000,-5.5000,10.1607
1880-01-16T12:00:00+00:00,51.5000,-4.5000,10.0020
1880-01-16T12:00:00+00:00,51.5000,-3.5000,10.0868
1880-02-15T12:00:00+00:00,53.5000,-5.5000,8.7907
1880-02-15T12:00:00+00:00,53.5000,-4.5000,8.6327
1880-02-15T12:00:00+00:00,53.5000,-3.5000,8.2125
1880-02-15T12:00:00+00:00,52.5000,-6.5000,9.7087
1880-02-15T12:00:00+00:00,52.5000,-5.5000,9.2655
1880-02-15T12:00:00+00:00,52.5000,-4.5000,9.1068
1880-02-15T12:00:00+00:00,51.5000,-6.5000,9.9395
1880-02-15T12:00:00+00:00,51.5000,-5.5000,9.7227
1880-02-15T12:00:00+00:00,51.5000,-4.5000,9.5511
1880-02-15T12:00:00+00:00,51.5000,-3.5000,9.7016
1880-03-16T12:00:00+00:00,53.5000,-5.5000,8.2619
1880-03-16T12:00:00+00:00,53.5000,-4.5000,8.1522
1880-03-16T12:00:00+00:00,53.5000,-3.5000,7.8580
1880-03-16T12:00:00+00:00,52.5000,-6.5000,9.1774
1880-03-16T12:00:00+00:00,52.5000,-5.5000,8.7228
1880-03-16T12:00:00+00:00,52.5000,-4.5000,8.5810
1880-03-16T12:00:00+00:00,51.5000,-6.5000,9.4338
1880-03-16T12:00:00+00:00,51.5000,-5.5000,9.2030
1880-03-16T12:00:00+00:00,51.5000,-4.5000,9.0381
1880-03-16T12:00:00+00:00,51.5000,-3.5000,9.2052
1880-04-16T00:00:00+00:00,53.5000,-5.5000,8.7028
1880-04-16T00:00:00+00:00,53.5000,-4.5000,8.6735
1880-04-16T00:00:00+00:00,53.5000,-3.5000,8.5711
1880-04-16T00:00:00+00:00,52.5000,-6.5000,9.4455
1880-04-16T00:00:00+00:00,52.5000,-5.5000,9.0619
1880-04-16T00:00:00+00:00,52.5000,-4.5000,8.9852
1880-04-16T00:00:00+00:00,51.5000,-6.5000,9.6826
1880-04-16T00:00:00+00:00,51.5000,-5.5000,9.4984
1880-04-16T00:00:00+00:00,51.5000,-4.5000,9.4086
1880-04-16T00:00:00+00:00,51.5000,-3.5000,9.6114
1880-05-16T12:00:00+00:00,53.5000,-5.5000,9.8952
1880-05-16T12:00:00+00:00,53.5000,-4.5000,9.8998
1880-05-16T12:00:00+00:00,53.5000,-3.5000,9.8453
1880-05-16T12:00:00+00:00,52.5000,-6.5000,10.6159
1880-05-16T12:00:00+00:00,52.5000,-5.5000,10.2653
1880-05-16T12:00:00+00:00,52.5000,-4.5000,10.2301
1880-05-16T12:00:00+00:00,51.5000,-6.5000,10.8360
1880-05-16T12:00:00+00:00,51.5000,-5.5000,10.6990
1880-05-16T12:00:00+00:00,51.5000,-4.5000,10.6640
1880-05-16T12:00:00+00:00,51.5000,-3.5000,10.8580
1880-06-16T00:00:00+00:00,53.5000,-5.5000,12.0451
1880-06-16T00:00:00+00:00,53.5000,-4.5000,12.0650
1880-06-16T00:00:00+00:00,53.5000,-3.5000,12.0536
1880-06-16T00:00:00+00:00,52.5000,-6.5000,12.8648
1880-06-16T00:00:00+00:00,52.5000,-5.5000,12.4580
1880-06-16T00:00:00+00:00,52.5000,-4.5000,12.4272
1880-06-16T00:00:00+00:00,51.5000,-6.5000,13.1172
1880-06-16T00:00:00+00:00,51.5000,-5.5000,12.9683
1880-06-16T00:00:00+00:00,51.5000,-4.5000,12.9242
1880-06-16T00:00:00+00:00,51.5000,-3.5000,13.1043
1880-07-16T12:00:00+00:00,53.5000,-5.5000,14.0371
1880-07-16T12:00:00+00:00,53.5000,-4.5000,14.0699
1880-07-16T12:00:00+00:00,53.5000,-3.5000,14.0492
1880-07-16T12:00:00+00:00,52.5000,-6.5000,15.0315
1880-07-16T12:00:00+00:00,52.5000,-5.5000,14.5597
1880-07-16T12:00:00+00:00,52.5000,-4.5000,14.5352
1880-07-16T12:00:00+00:00,51.5000,-6.5000,15.3342
1880-07-16T12:00:00+00:00,51.5000,-5.5000,15.1736
1880-07-16T12:00:00+00:00,51.5000,-4.5000,15.1329
1880-07-16T12:00:00+00:00,51.5000,-3.5000,15.3441
1880-08-16T12:00:00+00:00,53.5000,-5.5000,15.3368
1880-08-16T12:00:00+00:00,53.5000,-4.5000,15.3977
1880-08-16T12:00:00+00:00,53.5000,-3.5000,15.4292
1880-08-16T12:00:00+00:00,52.5000,-6.5000,16.0912
1880-08-16T12:00:00+00:00,52.5000,-5.5000,15.7472
1880-08-16T12:00:00+00:00,52.5000,-4.5000,15.7690
1880-08-16T12:00:00+00:00,51.5000,-6.5000,16.3524
1880-08-16T12:00:00+00:00,51.5000,-5.5000,16.2443
1880-08-16T12:00:00+00:00,51.5000,-4.5000,16.2690
1880-08-16T12:00:00+00:00,51.5000,-3.5000,16.5429
1880-09-16T00:00:00+00:00,53.5000,-5.5000,14.9129
1880-09-16T00:00:00+00:00,53.5000,-4.5000,14.9944
1880-09-16T00:00:00+00:00,53.5000,-3.5000,15.0787
1880-09-16T00:00:00+00:00,52.5000,-6.5000,15.2955
1880-09-16T00:00:00+00:00,52.5000,-5.5000,15.1547
1880-09-16T00:00:00+00:00,52.5000,-4.5000,15.2261
1880-09-16T00:00:00+00:00,51.5000,-6.5000,15.4467
1880-09-16T00:00:00+00:00,51.5000,-5.5000,15.4507
1880-09-16T00:00:00+00:00,51.5000,-4.5000,15.5734
1880-09-16T00:00:00+00:00,51.5000,-3.5000,15.9177
1880-10-16T12:00:00+00:00,53.5000,-5.5000,13.8835
1880-10-16T12:00:00+00:00,53.5000,-4.5000,13.9560
1880-10-16T12:00:00+00:00,53.5000,-3.5000,14.0549
1880-10-16T12:00:00+00:00,52.5000,-6.5000,13.9696
1880-10-16T12:00:00+00:00,52.5000,-5.5000,13.9716
1880-10-16T12:00:00+00:00,52.5000,-4.5000,14.0698
1880-10-16T12:00:00+00:00,51.5000,-6.5000,14.0239
1880-10-16T12:00:00+00:00,51.5000,-5.5000,14.1183
1880-10-16T12:00:00+00:00,51.5000,-4.5000,14.3061
1880-10-16T12:00:00+00:00,51.5000,-3.5000,14.6955
1880-11-16T00:00:00+00:00,53.5000,-5.5000,11.8021
1880-11-16T00:00:00+00:00,53.5000,-4.5000,11.7842
1880-11-16T00:00:00+00:00,53.5000,-3.5000,11.7267
1880-11-16T00:00:00+00:00,52.5000,-6.5000,12.0015
1880-11-16T00:00:00+00:00,52.5000,-5.5000,11.9443
1880-11-16T00:00:00+00:00,52.5000,-4.5000,11.9682
1880-11-16T00:00:00+00:00,51.5000,-6.5000,12.0624
1880-11-16T00:00:00+00:00,51.5000,-5.5000,12.1386
1880-11-16T00:00:00+00:00,51.5000,-4.5000,12.2499
1880-11-16T00:00:00+00:00,51.5000,-3.5000,12.5530
1880-12-16T12:00:00+00:00,53.5000,-5.5000,10.2077
1880-12-16T12:00:00+00:00,53.5000,-4.5000,10.1137
1880-12-16T12:00:00+00:00,53.5000,-3.5000,9.9501
1880-12-16T12:00:00+00:00,52.5000,-6.5000,10.6107
1880-12-16T12:00:00+00:00,52.5000,-5.5000,10.4131
1880-12-16T12:00:00+00:00,52.5000,-4.5000,10.3505
1880-12-16T12:00:00+00:00,51.5000,-6.5000,10.7289
1880-12-16T12:00:00+00:00,51.5000,-5.5000,10.7047
1880-12-16T12:00:00+00:00,51.5000,-4.5000,10.6898
1880-12-16T12:00:00+00:00,51.5000,-3.5000,10.8874
1881-01-16T12:00:00+00:00,53.5000,-5.5000,9.0755
1881-01-16T12:00:00+00:00,53.5000,-4.5000,8.9308
1881-01-16T12:00:00+00:00,53.5000,-3.5000,8.6928
1881-01-16T12:00:00+00:00,52.5000,-6.5000,9.7180
1881-01-16T12:00:00+00:00,52.5000,-5.5000,9.3618
1881-01-16T12:00:00+00:00,52.5000,-4.5000,9.2102
1881-01-16T12:00:00+00:00,51.5000,-6.5000,9.8944
1881-01-16T12:00:00+00:00,51.5000,-5.5000,9.7387
1881-01-16T12:00:00+00:00,51.5000,-4.5000,9.5729
1881-01-16T12:00:00+00:00,51.5000,-3.5000,9.6410
1881-02-15T00:00:00+00:00,53.5000,-5.5000,7.9722
1881-02-15T00:00:00+00:00,53.5000,-4.5000,7.7550
1881-02-15T00:00:00+00:00,53.5000,-3.5000,7.3748
1881-02-15T00:00:00+00:00,52.5000,-6.5000,8.7757
1881-02-15T00:00:00+00:00,52.5000,-5.5000,8.3325
1881-02-15T00:00:00+00:00,52.5000,-4.5000,8.1222
1881-02-15T00:00:00+00:00,51.5000,-6.5000,9.0065
1881-02-15T00:00:00+00:00,51.5000,-5.5000,8.7897
1881-02-15T00:00:00+00:00,51.5000,-4.5000,8.5407
1881-02-15T00:00:00+00:00,51.5000,-3.5000,8.5105
1881-03-16T12:00:00+00:00,53.5000,-5.5000,7.8579
1881-03-16T12:00:00+00:00,53.5000,-4.5000,7.6586
1881-03-16T12:00:00+00:00,53.5000,-3.5000,7.3353
1881-03-16T12:00:00+00:00,52.5000,-6.5000,8.6604
1881-03-16T12:00:00+00:00,52.5000,-5.5000,8.2058
1881-03-16T12:00:00+00:00,52.5000,-4.5000,8.0006
1881-03-16T12:00:00+00:00,51.5000,-6.5000,8.9168
1881-03-16T12:00:00+00:00,51.5000,-5.5000,8.6860
1881-03-16T12:00:00+00:00,51.5000,-4.5000,8.4260
1881-03-16T12:00:00+00:00,51.5000,-3.5000,8.3714
1881-04-16T00:00:00+00:00,53.5000,-5.5000,8.5603
1881-04-16T00:00:00+00:00,53.5000,-4.5000,8.4600
1881-04-16T00:00:00+00:00,53.5000,-3.5000,8.2949
1881-04-16T00:00:00+00:00,52.5000,-6.5000,9.2405
1881-04-16T00:00:00+00:00,52.5000,-5.5000,8.8569
1881-04-16T00:00:00+00:00,52.5000,-4.5000,8.7364
1881-04-16T00:00:00+00:00,51.5000,-6.5000,9.4776
1881-04-16T00:00:00+00:00,51.5000,-5.5000,9.2934
1881-04-16T00:00:00+00:00,51.5000,-4.5000,9.1379
1881-04-16T00:00:00+00:00,51.5000,-3.5000,9.1877
1881-05-16T12:00:00+00:00,53.5000,-5.5000,9.7542
1881-05-16T12:00:00+00:00,53.5000,-4.5000,9.6992
1881-05-16T12:00:00+00:00,53.5000,-3.5000,9.6278
1881-05-16T12:00:00+00:00,52.5000,-6.5000,10.4089
1881-05-16T12:00:00+00:00,52.5000,-5.5000,10.0583
1881-05-16T12:00:00+00:00,52.5000,-4.5000,9.9751
1881-05-16T12:00:00+00:00,51.5000,-6.5000,10.6290
1881-05-16T12:00:00+00:00,51.5000,-5.5000,10.4920
1881-05-16T12:00:00+00:00,51.5000,-4.5000,10.3850
1881-05-16T12:00:00+00:00,51.5000,-3.5000,10.4110
1881-06-16T00:00:00+00:00,53.5000,-5.5000,12.0443
1881-06-16T00:00:00+00:00,53.5000,-4.5000,12.0092
1881-06-16T00:00:00+00:00,53.5000,-3.5000,11.8863
1881-06-16T00:00:00+00:00,52.5000,-6.5000,12.8988
1881-06-16T00:00:00+00:00,52.5000,-5.5000,12.4920
1881-06-16T00:00:00+00:00,52.5000,-4.5000,12.4170
1881-06-16T00:00:00+00:00,51.5000,-6.5000,13.1512
1881-06-16T00:00:00+00:00,51.5000,-5.5000,13.0023
1881-06-16T00:00:00+00:00,51.5000,-4.5000,12.8918
1881-06-16T00:00:00+00:00,51.5000,-3.5000,12.9171
1881-07-16T12:00:00+00:00,53.5000,-5.5000,13.7141
1881-07-16T12:00:00+00:00,53.5000,-4.5000,13.6931
1881-07-16T12:00:00+00:00,53.5000,-3.5000,13.5142
1881-07-16T12:00:00+00:00,52.5000,-6.5000,14.7945
1881-07-16T12:00:00+00:00,52.5000,-5.5000,14.3227
1881-07-16T12:00:00+00:00,52.5000,-4.5000,14.2535
1881-07-16T12:00:00+00:00,51.5000,-6.5000,15.0972
1881-07-16T12:00:00+00:00,51.5000,-5.5000,14.9366
1881-07-16T12:00:00+00:00,51.5000,-4.5000,14.8288
1881-07-16T12:00:00+00:00,51.5000,-3.5000,14.8834
1881-08-16T12:00:00+00:00,53.5000,-5.5000,14.7300
1881-08-16T12:00:00+00:00,53.5000,-4.5000,14.7497
1881-08-16T12:00:00+00:00,53.5000,-3.5000,14.6205
1881-08-16T12:00:00+00:00,52.5000,-6.5000,15.5812
1881-08-16T12:00:00+00:00,52.5000,-5.5000,15.2372
1881-08-16T12:00:00+00:00,52.5000,-4.5000,15.2291
1881-08-16T12:00:00+00:00,51.5000,-6.5000,15.8424
1881-08-16T12:00:00+00:00,51.5000,-5.5000,15.7343
1881-08-16T12:00:00+00:00,51.5000,-4.5000,15.7142
1881-08-16T12:00:00+00:00,51.5000,-3.5000,15.8836
1881-09-16T00:00:00+00:00,53.5000,-5.5000,14.4464
1881-09-16T00:00:00+00:00,53.5000,-4.5000,14.4766
1881-09-16T00:00:00+00:00,53.5000,-3.5000,14.3942
1881-09-16T00:00:00+00:00,52.5000,-6.5000,14.9105
1881-09-16T00:00:00+00:00,52.5000,-5.5000,14.7697
1881-09-16T00:00:00+00:00,52.5000,-4.5000,14.8067
1881-09-16T00:00:00+00:00,51.5000,-6.5000,15.0617
1881-09-16T00:00:00+00:00,51.5000,-5.5000,15.0657
1881-09-16T00:00:00+00:00,51.5000,-4.5000,15.1368
1881-09-16T00:00:00+00:00,51.5000,-3.5000,15.3608
1881-10-16T12:00:00+00:00,53.5000,-5.5000,13.6500
1881-10-16T12:00:00+00:00,53.5000,-4.5000,13.6409
1881-10-16T12:00:00+00:00,53.5000,-3.5000,13.5119
1881-10-16T12:00:00+00:00,52.5000,-6.5000,13.8386
1881-10-16T12:00:00+00:00,52.5000,-5.5000,13.8406
1881-10-16T12:00:00+00:00,52.5000,-4.5000,13.8791
1881-10-16T12:00:00+00:00,51.5000,-6.5000,13.8929
1881-10-16T12:00:00+00:00,51.5000,-5.5000,13.9873
1881-10-16T12:00:00+00:00,51.5000,-4.5000,14.0854
1881-10-16T12:00:00+00:00,51.5000,-3.5000,14.2657
1881-11-16T00:00:00+00:00,53.5000,-5.5000,11.9361
1881-11-16T00:00:00+00:00,53.5000,-4.5000,11.8689
1881-11-16T00:00:00+00:00,53.5000,-3.5000,11.6547
1881-11-16T00:00:00+00:00,52.5000,-6.5000,12.2195
1881-11-16T00:00:00+00:00,52.5000,-5.5000,12.1623
1881-11-16T00:00:00+00:00,52.5000,-4.5000,12.1486
1881-11-16T00:00:00+00:00,51.5000,-6.5000,12.2804
1881-11-16T00:00:00+00:00,51.5000,-5.5000,12.3566
1881-11-16T00:00:00+00:00,51.5000,-4.5000,12.4115
1881-11-16T00:00:00+00:00,51.5000,-3.5000,12.5828
1881-12-16T12:00:00+00:00,53.5000,-5.5000,10.6302
1881-12-16T12:00:00+00:00,53.5000,-4.5000,10.5442
1881-12-16T12:00:00+00:00,53.5000,-3.5000,10.2943
1881-12-16T12:00:00+00:00,52.5000,-6.5000,11.1317
1881-12-16T12:00:00+00:00,52.5000,-5.5000,10.9341
1881-12-16T12:00:00+00:00,52.5000,-4.5000,10.8773
1881-12-16T12:00:00+00:00,51.5000,-6.5000,11.2499
1881-12-16T12:00:00+00:00,51.5000,-5.5000,11.2257
1881-12-16T12:00:00+00:00,51.5000,-4.5000,11.2194
1881-12-16T12:00:00+00:00,51.5000,-3.5000,11.4372
1882-01-16T12:00:00+00:00,53.5000,-5.5000,9.3875
1882-01-16T12:00:00+00:00,53.5000,-4.5000,9.2994
1882-01-16T12:00:00+00:00,53.5000,-3.5000,9.0396
1882-01-16T12:00:00+00:00,52.5000,-6.5000,10.1490
1882-01-16T12:00:00+00:00,52.5000,-5.5000,9.7928
1882-01-16T12:00:00+00:00,52.5000,-4.5000,9.6775
1882-01-16T12:00:00+00:00,51.5000,-6.5000,10.3254
1882-01-16T12:00:00+00:00,51.5000,-5.5000,10.1697
1882-01-16T12:00:00+00:00,51.5000,-4.5000,10.0582
1882-01-16T12:00:00+00:00,51.5000,-3.5000,10.2533
1882-02-15T00:00:00+00:00,53.5000,-5.5000,8.3369
1882-02-15T00:00:00+00:00,53.5000,-4.5000,8.2092
1882-02-15T00:00:00+00:00,53.5000,-3.5000,7.8965
1882-02-15T00:00:00+00:00,52.5000,-6.5000,9.2477
1882-02-15T00:00:00+00:00,52.5000,-5.5000,8.8045
1882-02-15T00:00:00+00:00,52.5000,-4.5000,8.6409
1882-02-15T00:00:00+00:00,51.5000,-6.5000,9.4785
1882-02-15T00:00:00+00:00,51.5000,-5.5000,9.2617
1882-02-15T00:00:00+00:00,51.5000,-4.5000,9.0828
1882-02-15T00:00:00+00:00,51.5000,-3.5000,9.2162
1882-03-16T12:00:00+00:00,53.5000,-5.5000,7.8169
1882-03-16T12:00:00+00:00,53.5000,-4.5000,7.6961
1882-03-16T12:00:00+00:00,53.5000,-3.5000,7.3940
1882-03-16T12:00:00+00:00,52.5000,-6.5000,8.7514
1882-03-16T12:00:00+00:00,52.5000,-5.5000,8.2968
1882-03-16T12:00:00+00:00,52.5000,-4.5000,8.1328
1882-03-16T12:00:00+00:00,51.5000,-6.5000,9.0078
1882-03-16T12:00:00+00:00,51.5000,-5.5000,8.7770
1882-03-16T12:00:00+00:00,51.5000,-4.5000,8.5787
1882-03-16T12:00:00+00:00,51.5000,-3.5000,8.6680
1882-04-16T00:00:00+00:00,53.5000,-5.5000,8.5845
1882-04-16T00:00:00+00:00,53.5000,-4.5000,8.5445
1882-04-16T00:00:00+00:00,53.5000,-3.5000,8.3869
1882-04-16T00:00:00+00:00,52.5000,-6.5000,9.3765
1882-04-16T00:00:00+00:00,52.5000,-5.5000,8.9929
1882-04-16T00:00:00+00:00,52.5000,-4.5000,8.9032
1882-04-16T00:00:00+00:00,51.5000,-6.5000,9.6136
1882-04-16T00:00:00+00:00,51.5000,-5.5000,9.4294
1882-04-16T00:00:00+00:00,51.5000,-4.5000,9.3201
1882-04-16T00:00:00+00:00,51.5000,-3.5000,9.4774
1882-05-16T12:00:00+00:00,53.5000,-5.5000,9.9385
1882-05-16T12:00:00+00:00,53.5000,-4.5000,9.9648
1882-05-16T12:00:00+00:00,53.5000,-3.5000,9.9203
1882-05-16T12:00:00+00:00,52.5000,-6.5000,10.7159
1882-05-16T12:00:00+00:00,52.5000,-5.5000,10.3653
1882-05-16T12:00:00+00:00,52.5000,-4.5000,10.3293
1882-05-16T12:00:00+00:00,51.5000,-6.5000,10.9360
1882-05-16T12:00:00+00:00,51.5000,-5.5000,10.7990
1882-05-16T12:00:00+00:00,51.5000,-4.5000,10.7627
1882-05-16T12:00:00+00:00,51.5000,-3.5000,10.9536
1882-06-16T00:00:00+00:00,53.5000,-5.5000,12.0726
1882-06-16T00:00:00+00:00,53.5000,-4.5000,12.1181
1882-06-16T00:00:00+00:00,53.5000,-3.5000,12.0851
1882-06-16T00:00:00+00:00,52.5000,-6.5000,12.9848
1882-06-16T00:00:00+00:00,52.5000,-5.5000,12.5780
1882-06-16T00:00:00+00:00,52.5000,-4.5000,12.5502
1882-06-16T00:00:00+00:00,51.5000,-6.5000,13.2372
1882-06-16T00:00:00+00:00,51.5000,-5.5000,13.0883
1882-06-16T00:00:00+00:00,51.5000,-4.5000,13.0487
1882-06-16T00:00:00+00:00,51.5000,-3.5000,13.2393
1882-07-16T12:00:00+00:00,53.5000,-5.5000,13.6383
1882-07-16T12:00:00+00:00,53.5000,-4.5000,13.7131
1882-07-16T12:00:00+00:00,53.5000,-3.5000,13.6820
1882-07-16T12:00:00+00:00,52.5000,-6.5000,14.7445
1882-07-16T12:00:00+00:00,52.5000,-5.5000,14.2727
1882-07-16T12:00:00+00:00,52.5000,-4.5000,14.2604
1882-07-16T12:00:00+00:00,51.5000,-6.5000,15.0472
1882-07-16T12:00:00+00:00,51.5000,-5.5000,14.8866
1882-07-16T12:00:00+00:00,51.5000,-4.5000,14.8641
1882-07-16T12:00:00+00:00,51.5000,-3.5000,15.1177
1882-08-16T12:00:00+00:00,53.5000,-5.5000,14.3202
1882-08-16T12:00:00+00:00,53.5000,-4.5000,14.3947
1882-08-16T12:00:00+00:00,53.5000,-3.5000,14.4397
1882-08-16T12:00:00+00:00,52.5000,-6.5000,15.0952
1882-08-16T12:00:00+00:00,52.5000,-5.5000,14.7512
1882-08-16T12:00:00+00:00,52.5000,-4.5000,14.7761
1882-08-16T12:00:00+00:00,51.5000,-6.5000,15.3564
1882-08-16T12:00:00+00:00,51.5000,-5.5000,15.2483
1882-08-16T12:00:00+00:00,51.5000,-4.5000,15.2777
1882-08-16T12:00:00+00:00,51.5000,-3.5000,15.5626
1882-09-16T00:00:00+00:00,53.5000,-5.5000,14.1436
1882-09-16T00:00:00+00:00,53.5000,-4.5000,14.2455
1882-09-16T00:00:00+00:00,53.5000,-3.5000,14.3432
1882-09-16T00:00:00+00:00,52.5000,-6.5000,14.5475
1882-09-16T00:00:00+00:00,52.5000,-5.5000,14.4067
1882-09-16T00:00:00+00:00,52.5000,-4.5000,14.4913
1882-09-16T00:00:00+00:00,51.5000,-6.5000,14.6987
1882-09-16T00:00:00+00:00,51.5000,-5.5000,14.7027
1882-09-16T00:00:00+00:00,51.5000,-4.5000,14.8452
1882-09-16T00:00:00+00:00,51.5000,-3.5000,15.2360
1882-10-16T12:00:00+00:00,53.5000,-5.5000,13.2045
1882-10-16T12:00:00+00:00,53.5000,-4.5000,13.2706
1882-10-16T12:00:00+00:00,53.5000,-3.5000,13.3564
1882-10-16T12:00:00+00:00,52.5000,-6.5000,13.2956
1882-10-16T12:00:00+00:00,52.5000,-5.5000,13.2976
1882-10-16T12:00:00+00:00,52.5000,-4.5000,13.3902
1882-10-16T12:00:00+00:00,51.5000,-6.5000,13.3499
1882-10-16T12:00:00+00:00,51.5000,-5.5000,13.4443
1882-10-16T12:00:00+00:00,51.5000,-4.5000,13.6236
1882-10-16T12:00:00+00:00,51.5000,-3.5000,13.9933
1882-11-16T00:00:00+00:00,53.5000,-5.5000,11.7266
1882-11-16T00:00:00+00:00,53.5000,-4.5000,11.7263
1882-11-16T00:00:00+00:00,53.5000,-3.5000,11.7012
1882-11-16T00:00:00+00:00,52.5000,-6.5000,11.8935
1882-11-16T00:00:00+00:00,52.5000,-5.5000,11.8363
1882-11-16T00:00:00+00:00,52.5000,-4.5000,11.8866
1882-11-16T00:00:00+00:00,51.5000,-6.5000,11.9544
1882-11-16T00:00:00+00:00,51.5000,-5.5000,12.0306
1882-11-16T00:00:00+00:00,51.5000,-4.5000,12.1815
1882-11-16T00:00:00+00:00,51.5000,-3.5000,12.5768
1882-12-16T12:00:00+00:00,53.5000,-5.5000,10.2984
1882-12-16T12:00:00+00:00,53.5000,-4.5000,10.2180
1882-12-16T12:00:00+00:00,53.5000,-3.5000,10.0828
1882-12-16T12:00:00+00:00,52.5000,-6.5000,10.6467
1882-12-16T12:00:00+00:00,52.5000,-5.5000,10.4491
1882-12-16T12:00:00+00:00,52.5000,-4.5000,10.4199
1882-12-16T12:00:00+00:00,51.5000,-6.5000,10.7649
1882-12-16T12:00:00+00:00,51.5000,-5.5000,10.7407
1882-12-16T12:00:00+00:00,51.5000,-4.5000,10.7759
1882-12-16T12:00:00+00:00,51.5000,-3.5000,11.0903
1883-01-16T12:00:00+00:00,53.5000,-5.5000,9.5667
1883-01-16T12:00:00+00:00,53.5000,-4.5000,9.4809
1883-01-16T12:00:00+00:00,53.5000,-3.5000,9.2716
1883-01-16T12:00:00+00:00,52.5000,-6.5000,10.2360
1883-01-16T12:00:00+00:00,52.5000,-5.5000,9.8798
1883-01-16T12:00:00+00:00,52.5000,-4.5000,9.7889
1883-01-16T12:00:00+00:00,51.5000,-6.5000,10.4124
1883-01-16T12:00:00+00:00,51.5000,-5.5000,10.2567
1883-01-16T12:00:00+00:00,51.5000,-4.5000,10.1818
1883-01-16T12:00:00+00:00,51.5000,-3.5000,10.4621
1883-02-15T00:00:00+00:00,53.5000,-5.5000,8.4102
1883-02-15T00:00:00+00:00,53.5000,-4.5000,8.2792
1883-02-15T00:00:00+00:00,53.5000,-3.5000,7.9785
1883-02-15T00:00:00+00:00,52.5000,-6.5000,9.2637
1883-02-15T00:00:00+00:00,52.5000,-5.5000,8.8205
1883-02-15T00:00:00+00:00,52.5000,-4.5000,8.6748
1883-02-15T00:00:00+00:00,51.5000,-6.5000,9.4945
1883-02-15T00:00:00+00:00,51.5000,-5.5000,9.2777
1883-02-15T00:00:00+00:00,51.5000,-4.5000,9.1256
1883-02-15T00:00:00+00:00,51.5000,-3.5000,9.3216
1883-03-16T12:00:00+00:00,53.5000,-5.5000,7.8269
1883-03-16T12:00:00+00:00,53.5000,-4.5000,7.7047
1883-03-16T12:00:00+00:00,53.5000,-3.5000,7.4428
1883-03-16T12:00:00+00:00,52.5000,-6.5000,8.6764
1883-03-16T12:00:00+00:00,52.5000,-5.5000,8.2218
1883-03-16T12:00:00+00:00,52.5000,-4.5000,8.0780
1883-03-16T12:00:00+00:00,51.5000,-6.5000,8.9328
1883-03-16T12:00:00+00:00,51.5000,-5.5000,8.7020
1883-03-16T12:00:00+00:00,51.5000,-4.5000,8.5341
1883-03-16T12:00:00+00:00,51.5000,-3.5000,8.6943
1883-04-16T00:00:00+00:00,53.5000,-5.5000,8.3895
1883-04-16T00:00:00+00:00,53.5000,-4.5000,8.3416
1883-04-16T00:00:00+00:00,53.5000,-3.5000,8.2434
1883-04-16T00:00:00+00:00,52.5000,-6.5000,9.1005
1883-04-16T00:00:00+00:00,52.5000,-5.5000,8.7169
1883-04-16T00:00:00+00:00,52.5000,-4.5000,8.6261
1883-04-16T00:00:00+00:00,51.5000,-6.5000,9.3376
1883-04-16T00:00:00+00:00,51.5000,-5.5000,9.1534
1883-04-16T00:00:00+00:00,51.5000,-4.5000,9.0424
1883-04-16T00:00:00+00:00,51.5000,-3.5000,9.1958
1883-05-16T12:00:00+00:00,53.5000,-5.5000,9.6357
1883-05-16T12:00:00+00:00,53.5000,-4.5000,9.6108
1883-05-16T12:00:00+00:00,53.5000,-3.5000,9.5815
1883-05-16T12:00:00+00:00,52.5000,-6.5000,10.3229
1883-05-16T12:00:00+00:00,52.5000,-5.5000,9.9723
1883-05-16T12:00:00+00:00,52.5000,-4.5000,9.8970
1883-05-16T12:00:00+00:00,51.5000,-6.5000,10.5430
1883-05-16T12:00:00+00:00,51.5000,-5.5000,10.4060
1883-05-16T12:00:00+00:00,51.5000,-4.5000,10.3108
1883-05-16T12:00:00+00:00,51.5000,-3.5000,10.3643
1883-06-16T00:00:00+00:00,53.5000,-5.5000,11.6848
1883-06-16T00:00:00+00:00,53.5000,-4.5000,11.6972
1883-06-16T00:00:00+00:00,53.5000,-3.5000,11.6726
1883-06-16T00:00:00+00:00,52.5000,-6.5000,12.5468
1883-06-16T00:00:00+00:00,52.5000,-5.5000,12.1400
1883-06-16T00:00:00+00:00,52.5000,-4.5000,12.0835
1883-06-16T00:00:00+00:00,51.5000,-6.5000,12.7992
1883-06-16T00:00:00+00:00,51.5000,-5.5000,12.6503
1883-06-16T00:00:00+00:00,51.5000,-4.5000,12.5675
1883-06-16T00:00:00+00:00,51.5000,-3.5000,12.6576
1883-07-16T12:00:00+00:00,53.5000,-5.5000,13.2403
1883-07-16T12:00:00+00:00,53.5000,-4.5000,13.3256
1883-07-16T12:00:00+00:00,53.5000,-3.5000,13.3822
1883-07-16T12:00:00+00:00,52.5000,-6.5000,14.2575
1883-07-16T12:00:00+00:00,52.5000,-5.5000,13.7857
1883-07-16T12:00:00+00:00,52.5000,-4.5000,13.7897
1883-07-16T12:00:00+00:00,51.5000,-6.5000,14.5602
1883-07-16T12:00:00+00:00,51.5000,-5.5000,14.3996
1883-07-16T12:00:00+00:00,51.5000,-4.5000,14.4016
1883-07-16T12:00:00+00:00,51.5000,-3.5000,14.7126
1883-08-16T12:00:00+00:00,53.5000,-5.5000,14.2542
1883-08-16T12:00:00+00:00,53.5000,-4.5000,14.3047
1883-08-16T12:00:00+00:00,53.5000,-3.5000,14.3740
1883-08-16T12:00:00+00:00,52.5000,-6.5000,14.9562
1883-08-16T12:00:00+00:00,52.5000,-5.5000,14.6122
1883-08-16T12:00:00+00:00,52.5000,-4.5000,14.6256
1883-08-16T12:00:00+00:00,51.5000,-6.5000,15.2174
1883-08-16T12:00:00+00:00,51.5000,-5.5000,15.1093
1883-08-16T12:00:00+00:00,51.5000,-4.5000,15.1215
1883-08-16T12:00:00+00:00,51.5000,-3.5000,15.3661
1883-09-16T00:00:00+00:00,53.5000,-5.5000,14.0439
1883-09-16T00:00:00+00:00,53.5000,-4.5000,14.0843
1883-09-16T00:00:00+00:00,53.5000,-3.5000,14.1727
1883-09-16T00:00:00+00:00,52.5000,-6.5000,14.3515
1883-09-16T00:00:00+00:00,52.5000,-5.5000,14.2107
1883-09-16T00:00:00+00:00,52.5000,-4.5000,14.2560
1883-09-16T00:00:00+00:00,51.5000,-6.5000,14.5027
1883-09-16T00:00:00+00:00,51.5000,-5.5000,14.5067
1883-09-16T00:00:00+00:00,51.5000,-4.5000,14.5902
1883-09-16T00:00:00+00:00,51.5000,-3.5000,14.8431
1883-10-16T12:00:00+00:00,53.5000,-5.5000,13.2038
1883-10-16T12:00:00+00:00,53.5000,-4.5000,13.2409
1883-10-16T12:00:00+00:00,53.5000,-3.5000,13.2486
1883-10-16T12:00:00+00:00,52.5000,-6.5000,13.3236
1883-10-16T12:00:00+00:00,52.5000,-5.5000,13.3256
1883-10-16T12:00:00+00:00,52.5000,-4.5000,13.3995
1883-10-16T12:00:00+00:00,51.5000,-6.5000,13.3779
1883-10-16T12:00:00+00:00,51.5000,-5.5000,13.4723
1883-10-16T12:00:00+00:00,51.5000,-4.5000,13.6235
1883-10-16T12:00:00+00:00,51.5000,-3.5000,13.9276
1883-11-16T00:00:00+00:00,53.5000,-5.5000,11.5911
1883-11-16T00:00:00+00:00,53.5000,-4.5000,11.5560
1883-11-16T00:00:00+00:00,53.5000,-3.5000,11.4827
1883-11-16T00:00:00+00:00,52.5000,-6.5000,11.7865
1883-11-16T00:00:00+00:00,52.5000,-5.5000,11.7293
1883-11-16T00:00:00+00:00,52.5000,-4.5000,11.7373
1883-11-16T00:00:00+00:00,51.5000,-6.5000,11.8474
1883-11-16T00:00:00+00:00,51.5000,-5.5000,11.9236
1883-11-16T00:00:00+00:00,51.5000,-4.5000,12.0111
1883-11-16T00:00:00+00:00,51.5000,-3.5000,12.2586
1883-12-16T12:00:00+00:00,53.5000,-5.5000,10.0317
1883-12-16T12:00:00+00:00,53.5000,-4.5000,9.9376
1883-12-16T12:00:00+00:00,53.5000,-3.5000,9.7653
1883-12-16T12:00:00+00:00,52.5000,-6.5000,10.4467
1883-12-16T12:00:00+00:00,52.5000,-5.5000,10.2491
1883-12-16T12:00:00+00:00,52.5000,-4.5000,10.1847
1883-12-16T12:00:00+00:00,51.5000,-6.5000,10.5649
1883-12-16T12:00:00+00:00,51.5000,-5.5000,10.5407
1883-12-16T12:00:00+00:00,51.5000,-4.5000,10.5230
1883-12-16T12:00:00+00:00,51.5000,-3.5000,10.7140
1884-01-16T12:00:00+00:00,53.5000,-5.5000,9.0070
1884-01-16T12:00:00+00:00,53.5000,-4.5000,8.8984
1884-01-16T12:00:00+00:00,53.5000,-3.5000,8.6658
1884-01-16T12:00:00+00:00,52.5000,-6.5000,9.7210
1884-01-16T12:00:00+00:00,52.5000,-5.5000,9.3648
1884-01-16T12:00:00+00:00,52.5000,-4.5000,9.2290
1884-01-16T12:00:00+00:00,51.5000,-6.5000,9.8974
1884-01-16T12:00:00+00:00,51.5000,-5.5000,9.7417
1884-01-16T12:00:00+00:00,51.5000,-4.5000,9.5995
1884-01-16T12:00:00+00:00,51.5000,-3.5000,9.7228
1884-02-15T12:00:00+00:00,53.5000,-5.5000,8.1409
1884-02-15T12:00:00+00:00,53.5000,-4.5000,8.0682
1884-02-15T12:00:00+00:00,53.5000,-3.5000,7.8674
1884-02-15T12:00:00+00:00,52.5000,-6.5000,9.0174
1884-02-15T12:00:00+00:00,52.5000,-5.5000,8.5742
1884-02-15T12:00:00+00:00,52.5000,-4.5000,8.4543
1884-02-15T12:00:00+00:00,51.5000,-6.5000,9.2482
1884-02-15T12:00:00+00:00,51.5000,-5.5000,9.0314
1884-02-15T12:00:00+00:00,51.5000,-4.5000,8.9180
1884-02-15T12:00:00+00:00,51.5000,-3.5000,9.2042
1884-03-16T12:00:00+00:00,53.5000,-5.5000,8.0588
1884-03-16T12:00:00+00:00,53.5000,-4.5000,8.0260
1884-03-16T12:00:00+00:00,53.5000,-3.5000,7.7800
1884-03-16T12:00:00+00:00,52.5000,-6.5000,9.0567
1884-03-16T12:00:00+00:00,52.5000,-5.5000,8.6021
1884-03-16T12:00:00+00:00,52.5000,-4.5000,8.5103
1884-03-16T12:00:00+00:00,51.5000,-6.5000,9.3130
1884-03-16T12:00:00+00:00,51.5000,-5.5000,9.0822
1884-03-16T12:00:00+00:00,51.5000,-4.5000,8.9924
1884-03-16T12:00:00+00:00,51.5000,-3.5000,9.3347
1884-04-16T00:00:00+00:00,53.5000,-5.5000,8.4480
1884-04-16T00:00:00+00:00,53.5000,-4.5000,8.3496
1884-04-16T00:00:00+00:00,53.5000,-3.5000,8.0855
1884-04-16T00:00:00+00:00,52.5000,-6.5000,9.3017
1884-04-16T00:00:00+00:00,52.5000,-5.5000,8.9182
1884-04-16T00:00:00+00:00,52.5000,-4.5000,8.7633
1884-04-16T00:00:00+00:00,51.5000,-6.5000,9.5389
1884-04-16T00:00:00+00:00,51.5000,-5.5000,9.3547
1884-04-16T00:00:00+00:00,51.5000,-4.5000,9.1476
1884-04-16T00:00:00+00:00,51.5000,-3.5000,9.0769
1884-05-16T12:00:00+00:00,53.5000,-5.5000,9.8130
1884-05-16T12:00:00+00:00,53.5000,-4.5000,9.7597
1884-05-16T12:00:00+00:00,53.5000,-3.5000,9.6435
1884-05-16T12:00:00+00:00,52.5000,-6.5000,10.5079
1884-05-16T12:00:00+00:00,52.5000,-5.5000,10.1573
1884-05-16T12:00:00+00:00,52.5000,-4.5000,10.0790
1884-05-16T12:00:00+00:00,51.5000,-6.5000,10.7280
1884-05-16T12:00:00+00:00,51.5000,-5.5000,10.5910
1884-05-16T12:00:00+00:00,51.5000,-4.5000,10.4913
1884-05-16T12:00:00+00:00,51.5000,-3.5000,10.5343
1884-06-16T00:00:00+00:00,53.5000,-5.5000,12.1393
1884-06-16T00:00:00+00:00,53.5000,-4.5000,12.1325
1884-06-16T00:00:00+00:00,53.5000,-3.5000,12.0366
1884-06-16T00:00:00+00:00,52.5000,-6.5000,13.0038
1884-06-16T00:00:00+00:00,52.5000,-5.5000,12.5970
1884-06-16T00:00:00+00:00,52.5000,-4.5000,12.5461
1884-06-16T00:00:00+00:00,51.5000,-6.5000,13.2562
1884-06-16T00:00:00+00:00,51.5000,-5.5000,13.1073
1884-06-16T00:00:00+00:00,51.5000,-4.5000,13.0330
1884-06-16T00:00:00+00:00,51.5000,-3.5000,13.1427
1884-07-16T12:00:00+00:00,53.5000,-5.5000,14.0023
1884-07-16T12:00:00+00:00,53.5000,-4.5000,14.0391
1884-07-16T12:00:00+00:00,53.5000,-3.5000,13.9647
1884-07-16T12:00:00+00:00,52.5000,-6.5000,15.0465
1884-07-16T12:00:00+00:00,52.5000,-5.5000,14.5747
1884-07-16T12:00:00+00:00,52.5000,-4.5000,14.5580
1884-07-16T12:00:00+00:00,51.5000,-6.5000,15.3492
1884-07-16T12:00:00+00:00,51.5000,-5.5000,15.1886
1884-07-16T12:00:00+00:00,51.5000,-4.5000,15.1595
1884-07-16T12:00:00+00:00,51.5000,-3.5000,15.3979
1884-08-16T12:00:00+00:00,53.5000,-5.5000,15.2377
1884-08-16T12:00:00+00:00,53.5000,-4.5000,15.2832
1884-08-16T12:00:00+00:00,53.5000,-3.5000,15.2497
1884-08-16T12:00:00+00:00,52.5000,-6.5000,16.0202
1884-08-16T12:00:00+00:00,52.5000,-5.5000,15.6762
1884-08-16T12:00:00+00:00,52.5000,-4.5000,15.6931
1884-08-16T12:00:00+00:00,51.5000,-6.5000,16.2814
1884-08-16T12:00:00+00:00,51.5000,-5.5000,16.1733
1884-08-16T12:00:00+00:00,51.5000,-4.5000,16.1907
1884-08-16T12:00:00+00:00,51.5000,-3.5000,16.4476
1884-09-16T00:00:00+00:00,53.5000,-5.5000,14.8454
1884-09-16T00:00:00+00:00,53.5000,-4.5000,14.9148
1884-09-16T00:00:00+00:00,53.5000,-3.5000,14.9850
1884-09-16T00:00:00+00:00,52.5000,-6.5000,15.2135
1884-09-16T00:00:00+00:00,52.5000,-5.5000,15.0727
1884-09-16T00:00:00+00:00,52.5000,-4.5000,15.1403
1884-09-16T00:00:00+00:00,51.5000,-6.5000,15.3647
1884-09-16T00:00:00+00:00,51.5000,-5.5000,15.3687
1884-09-16T00:00:00+00:00,51.5000,-4.5000,15.4857
1884-09-16T00:00:00+00:00,51.5000,-3.5000,15.8170
1884-10-16T12:00:00+00:00,53.5000,-5.5000,13.8008
1884-10-16T12:00:00+00:00,53.5000,-4.5000,13.8482
1884-10-16T12:00:00+00:00,53.5000,-3.5000,13.9031
1884-10-16T12:00:00+00:00,52.5000,-6.5000,13.8946
1884-10-16T12:00:00+00:00,52.5000,-5.5000,13.8966
1884-10-16T12:00:00+00:00,52.5000,-4.5000,13.9752
1884-10-16T12:00:00+00:00,51.5000,-6.5000,13.9489
1884-10-16T12:00:00+00:00,51.5000,-5.5000,14.0433
1884-10-16T12:00:00+00:00,51.5000,-4.5000,14.2016
1884-10-16T12:00:00+00:00,51.5000,-3.5000,14.5223
1884-11-16T00:00:00+00:00,53.5000,-5.5000,11.8226
1884-11-16T00:00:00+00:00,53.5000,-4.5000,11.7865
1884-11-16T00:00:00+00:00,53.5000,-3.5000,11.7127
1884-11-16T00:00:00+00:00,52.5000,-6.5000,12.0095
1884-11-16T00:00:00+00:00,52.5000,-5.5000,11.9523
1884-11-16T00:00:00+00:00,52.5000,-4.5000,11.9632
1884-11-16T00:00:00+00:00,51.5000,-6.5000,12.0704
1884-11-16T00:00:00+00:00,51.5000,-5.5000,12.1466
1884-11-16T00:00:00+00:00,51.5000,-4.5000,12.2384
1884-11-16T00:00:00+00:00,51.5000,-3.5000,12.4960
1884-12-16T12:00:00+00:00,53.5000,-5.5000,10.1072
1884-12-16T12:00:00+00:00,53.5000,-4.5000,9.9948
1884-12-16T12:00:00+00:00,53.5000,-3.5000,9.8066
1884-12-16T12:00:00+00:00,52.5000,-6.5000,10.5167
1884-12-16T12:00:00+00:00,52.5000,-5.5000,10.3191
1884-12-16T12:00:00+00:00,52.5000,-4.5000,10.2379
1884-12-16T12:00:00+00:00,51.5000,-6.5000,10.6349
1884-12-16T12:00:00+00:00,51.5000,-5.5000,10.6107
1884-12-16T12:00:00+00:00,51.5000,-4.5000,10.5679
1884-12-16T12:00:00+00:00,51.5000,-3.5000,10.7003
1885-01-16T12:00:00+00:00,53.5000,-5.5000,8.7571
1885-01-16T12:00:00+00:00,53.5000,-4.5000,8.6064
1885-01-16T12:00:00+00:00,53.5000,-3.5000,8.3175
1885-01-16T12:00:00+00:00,52.5000,-6.5000,9.4555
1885-01-16T12:00:00+00:00,52.5000,-5.5000,9.0993
1885-01-16T12:00:00+00:00,52.5000,-4.5000,8.9363
1885-01-16T12:00:00+00:00,51.5000,-6.5000,9.6319
1885-01-16T12:00:00+00:00,51.5000,-5.5000,9.4761
1885-01-16T12:00:00+00:00,51.5000,-4.5000,9.2932
1885-01-16T12:00:00+00:00,51.5000,-3.5000,9.3213
1885-02-15T00:00:00+00:00,53.5000,-5.5000,7.7502
1885-02-15T00:00:00+00:00,53.5000,-4.5000,7.5666
1885-02-15T00:00:00+00:00,53.5000,-3.5000,7.2196
1885-02-15T00:00:00+00:00,52.5000,-6.5000,8.6121
1885-02-15T00:00:00+00:00,52.5000,-5.5000,8.1689
1885-02-15T00:00:00+00:00,52.5000,-4.5000,7.9631
1885-02-15T00:00:00+00:00,51.5000,-6.5000,8.8429
1885-02-15T00:00:00+00:00,51.5000,-5.5000,8.6261
1885-02-15T00:00:00+00:00,51.5000,-4.5000,8.3839
1885-02-15T00:00:00+00:00,51.5000,-3.5000,8.3697
1885-03-16T12:00:00+00:00,53.5000,-5.5000,7.2911
1885-03-16T12:00:00+00:00,53.5000,-4.5000,7.1866
1885-03-16T12:00:00+00:00,53.5000,-3.5000,6.9976
1885-03-16T12:00:00+00:00,52.5000,-6.5000,8.1514
1885-03-16T12:00:00+00:00,52.5000,-5.5000,7.6968
1885-03-16T12:00:00+00:00,52.5000,-4.5000,7.5378
1885-03-16T12:00:00+00:00,51.5000,-6.5000,8.4078
1885-03-16T12:00:00+00:00,51.5000,-5.5000,8.1770
1885-03-16T12:00:00+00:00,51.5000,-4.5000,7.9862
1885-03-16T12:00:00+00:00,51.5000,-3.5000,8.0930
1885-04-16T00:00:00+00:00,53.5000,-5.5000,7.7865
1885-04-16T00:00:00+00:00,53.5000,-4.5000,7.7261
1885-04-16T00:00:00+00:00,53.5000,-3.5000,7.6736
1885-04-16T00:00:00+00:00,52.5000,-6.5000,8.4775
1885-04-16T00:00:00+00:00,52.5000,-5.5000,8.0939
1885-04-16T00:00:00+00:00,52.5000,-4.5000,7.9716
1885-04-16T00:00:00+00:00,51.5000,-6.5000,8.7146
1885-04-16T00:00:00+00:00,51.5000,-5.5000,8.5304
1885-04-16T00:00:00+00:00,51.5000,-4.5000,8.3721
1885-04-16T00:00:00+00:00,51.5000,-3.5000,8.4153
1885-05-16T12:00:00+00:00,53.5000,-5.5000,9.2780
1885-05-16T12:00:00+00:00,53.5000,-4.5000,9.2666
1885-05-16T12:00:00+00:00,53.5000,-3.5000,9.2525
1885-05-16T12:00:00+00:00,52.5000,-6.5000,9.9719
1885-05-16T12:00:00+00:00,52.5000,-5.5000,9.6213
1885-05-16T12:00:00+00:00,52.5000,-4.5000,9.5553
1885-05-16T12:00:00+00:00,51.5000,-6.5000,10.1920
1885-05-16T12:00:00+00:00,51.5000,-5.5000,10.0550
1885-05-16T12:00:00+00:00,51.5000,-4.5000,9.9737
1885-05-16T12:00:00+00:00,51.5000,-3.5000,10.0596
1885-06-16T00:00:00+00:00,53.5000,-5.5000,11.4111
1885-06-16T00:00:00+00:00,53.5000,-4.5000,11.4219
1885-06-16T00:00:00+00:00,53.5000,-3.5000,11.4081
1885-06-16T00:00:00+00:00,52.5000,-6.5000,12.2178
1885-06-16T00:00:00+00:00,52.5000,-5.5000,11.8110
1885-06-16T00:00:00+00:00,52.5000,-4.5000,11.7744
1885-06-16T00:00:00+00:00,51.5000,-6.5000,12.4702
1885-06-16T00:00:00+00:00,51.5000,-5.5000,12.3213
1885-06-16T00:00:00+00:00,51.5000,-4.5000,12.2683
1885-06-16T00:00:00+00:00,51.5000,-3.5000,12.4280
1885-07-16T12:00:00+00:00,53.5000,-5.5000,13.2463
1885-07-16T12:00:00+00:00,53.5000,-4.5000,13.2614
1885-07-16T12:00:00+00:00,53.5000,-3.5000,13.1800
1885-07-16T12:00:00+00:00,52.5000,-6.5000,14.2565
1885-07-16T12:00:00+00:00,52.5000,-5.5000,13.7847
1885-07-16T12:00:00+00:00,52.5000,-4.5000,13.7560
1885-07-16T12:00:00+00:00,51.5000,-6.5000,14.5592
1885-07-16T12:00:00+00:00,51.5000,-5.5000,14.3986
1885-07-16T12:00:00+00:00,51.5000,-4.5000,14.3515
1885-07-16T12:00:00+00:00,51.5000,-3.5000,14.5479
1885-08-16T12:00:00+00:00,53.5000,-5.5000,14.3760
1885-08-16T12:00:00+00:00,53.5000,-4.5000,14.4145
1885-08-16T12:00:00+00:00,53.5000,-3.5000,14.4165
1885-08-16T12:00:00+00:00,52.5000,-6.5000,15.1052
1885-08-16T12:00:00+00:00,52.5000,-5.5000,14.7612
1885-08-16T12:00:00+00:00,52.5000,-4.5000,14.7766
1885-08-16T12:00:00+00:00,51.5000,-6.5000,15.3664
1885-08-16T12:00:00+00:00,51.5000,-5.5000,15.2583
1885-08-16T12:00:00+00:00,51.5000,-4.5000,15.2735
1885-08-16T12:00:00+00:00,51.5000,-3.5000,15.5251
1885-09-16T00:00:00+00:00,53.5000,-5.5000,14.1864
1885-09-16T00:00:00+00:00,53.5000,-4.5000,14.2171
1885-09-16T00:00:00+00:00,53.5000,-3.5000,14.1789
1885-09-16T00:00:00+00:00,52.5000,-6.5000,14.5902
1885-09-16T00:00:00+00:00,52.5000,-5.5000,14.4495
1885-09-16T00:00:00+00:00,52.5000,-4.5000,14.4953
1885-09-16T00:00:00+00:00,51.5000,-6.5000,14.7415
1885-09-16T00:00:00+00:00,51.5000,-5.5000,14.7455
1885-09-16T00:00:00+00:00,51.5000,-4.5000,14.8298
1885-09-16T00:00:00+00:00,51.5000,-3.5000,15.0845
1885-10-16T12:00:00+00:00,53.5000,-5.5000,12.9669
1885-10-16T12:00:00+00:00,53.5000,-4.5000,12.9483
1885-10-16T12:00:00+00:00,53.5000,-3.5000,12.9423
1885-10-16T12:00:00+00:00,52.5000,-6.5000,13.0324
1885-10-16T12:00:00+00:00,52.5000,-5.5000,13.0345
1885-10-16T12:00:00+00:00,52.5000,-4.5000,13.0586
1885-10-16T12:00:00+00:00,51.5000,-6.5000,13.0868
1885-10-16T12:00:00+00:00,51.5000,-5.5000,13.1812
1885-10-16T12:00:00+00:00,51.5000,-4.5000,13.2578
1885-10-16T12:00:00+00:00,51.5000,-3.5000,13.3878
1885-11-16T00:00:00+00:00,53.5000,-5.5000,11.1156
1885-11-16T00:00:00+00:00,53.5000,-4.5000,11.0443
1885-11-16T00:00:00+00:00,53.5000,-3.5000,10.9625
1885-11-16T00:00:00+00:00,52.5000,-6.5000,11.2845
1885-11-16T00:00:00+00:00,52.5000,-5.5000,11.2273
1885-11-16T00:00:00+00:00,52.5000,-4.5000,11.1985
1885-11-16T00:00:00+00:00,51.5000,-6.5000,11.3454
1885-11-16T00:00:00+00:00,51.5000,-5.5000,11.4216
1885-11-16T00:00:00+00:00,51.5000,-4.5000,11.4538
1885-11-16T00:00:00+00:00,51.5000,-3.5000,11.5722
1885-12-16T12:00:00+00:00,53.5000,-5.5000,9.8679
1885-12-16T12:00:00+00:00,53.5000,-4.5000,9.8231
1885-12-16T12:00:00+00:00,53.5000,-3.5000,9.8158
1885-12-16T12:00:00+00:00,52.5000,-6.5000,10.1687
1885-12-16T12:00:00+00:00,52.5000,-5.5000,9.9711
1885-12-16T12:00:00+00:00,52.5000,-4.5000,9.9552
1885-12-16T12:00:00+00:00,51.5000,-6.5000,10.2869
1885-12-16T12:00:00+00:00,51.5000,-5.5000,10.2627
1885-12-16T12:00:00+00:00,51.5000,-4.5000,10.3177
1885-12-16T12:00:00+00:00,51.5000,-3.5000,10.6785
1886-01-16T12:00:00+00:00,53.5000,-5.5000,8.8210
1886-01-16T12:00:00+00:00,53.5000,-4.5000,8.7411
1886-01-16T12:00:00+00:00,53.5000,-3.5000,8.6151
1886-01-16T12:00:00+00:00,52.5000,-6.5000,9.4310
1886-01-16T12:00:00+00:00,52.5000,-5.5000,9.0748
1886-01-16T12:00:00+00:00,52.5000,-4.5000,8.9807
1886-01-16T12:00:00+00:00,51.5000,-6.5000,9.6074
1886-01-16T12:00:00+00:00,51.5000,-5.5000,9.4517
1886-01-16T12:00:00+00:00,51.5000,-4.5000,9.3721
1886-01-16T12:00:00+00:00,51.5000,-3.5000,9.6415
1886-02-15T00:00:00+00:00,53.5000,-5.5000,7.5463
1886-02-15T00:00:00+00:00,53.5000,-4.5000,7.3934
1886-02-15T00:00:00+00:00,53.5000,-3.5000,7.0976
1886-02-15T00:00:00+00:00,52.5000,-6.5000,8.3562
1886-02-15T00:00:00+00:00,52.5000,-5.5000,7.9130
1886-02-15T00:00:00+00:00,52.5000,-4.5000,7.7536
1886-02-15T00:00:00+00:00,51.5000,-6.5000,8.5870
1886-02-15T00:00:00+00:00,51.5000,-5.5000,8.3702
1886-02-15T00:00:00+00:00,51.5000,-4.5000,8.1976
1886-02-15T00:00:00+00:00,51.5000,-3.5000,8.3456
1886-03-16T12:00:00+00:00,53.5000,-5.5000,7.4476
1886-03-16T12:00:00+00:00,53.5000,-4.5000,7.3101
1886-03-16T12:00:00+00:00,53.5000,-3.5000,6.9803
1886-03-16T12:00:00+00:00,52.5000,-6.5000,8.3624
1886-03-16T12:00:00+00:00,52.5000,-5.5000,7.9078
1886-03-16T12:00:00+00:00,52.5000,-4.5000,7.7424
1886-03-16T12:00:00+00:00,51.5000,-6.5000,8.6188
1886-03-16T12:00:00+00:00,51.5000,-5.5000,8.3880
1886-03-16T12:00:00+00:00,51.5000,-4.5000,8.1876
1886-03-16T12:00:00+00:00,51.5000,-3.5000,8.2721
1886-04-16T00:00:00+00:00,53.5000,-5.5000,8.3113
1886-04-16T00:00:00+00:00,53.5000,-4.5000,8.2631
1886-04-16T00:00:00+00:00,53.5000,-3.5000,8.0446
1886-04-16T00:00:00+00:00,52.5000,-6.5000,9.1455
1886-04-16T00:00:00+00:00,52.5000,-5.5000,8.7619
1886-04-16T00:00:00+00:00,52.5000,-4.5000,8.6693
1886-04-16T00:00:00+00:00,51.5000,-6.5000,9.3826
1886-04-16T00:00:00+00:00,51.5000,-5.5000,9.1984
1886-04-16T00:00:00+00:00,51.5000,-4.5000,9.0848
1886-04-16T00:00:00+00:00,51.5000,-3.5000,9.2321
1886-05-16T12:00:00+00:00,53.5000,-5.5000,9.4113
1886-05-16T12:00:00+00:00,53.5000,-4.5000,9.4431
1886-05-16T12:00:00+00:00,53.5000,-3.5000,9.4178
1886-05-16T12:00:00+00:00,52.5000,-6.5000,10.1401
1886-05-16T12:00:00+00:00,52.5000,-5.5000,9.7895
1886-05-16T12:00:00+00:00,52.5000,-4.5000,9.7763
1886-05-16T12:00:00+00:00,51.5000,-6.5000,10.3602
1886-05-16T12:00:00+00:00,51.5000,-5.5000,10.2232
1886-05-16T12:00:00+00:00,51.5000,-4.5000,10.2211
1886-05-16T12:00:00+00:00,51.5000,-3.5000,10.4920
1886-06-16T00:00:00+00:00,53.5000,-5.5000,11.6603
1886-06-16T00:00:00+00:00,53.5000,-4.5000,11.6577
1886-06-16T00:00:00+00:00,53.5000,-3.5000,11.5376
1886-06-16T00:00:00+00:00,52.5000,-6.5000,12.5858
1886-06-16T00:00:00+00:00,52.5000,-5.5000,12.1790
1886-06-16T00:00:00+00:00,52.5000,-4.5000,12.1160
1886-06-16T00:00:00+00:00,51.5000,-6.5000,12.8382
1886-06-16T00:00:00+00:00,51.5000,-5.5000,12.6893
1886-06-16T00:00:00+00:00,51.5000,-4.5000,12.5968
1886-06-16T00:00:00+00:00,51.5000,-3.5000,12.6641
1886-07-16T12:00:00+00:00,53.5000,-5.5000,13.9877
1886-07-16T12:00:00+00:00,53.5000,-4.5000,13.9897
1886-07-16T12:00:00+00:00,53.5000,-3.5000,13.7718
1886-07-16T12:00:00+00:00,52.5000,-6.5000,15.1247
1886-07-16T12:00:00+00:00,52.5000,-5.5000,14.6529
1886-07-16T12:00:00+00:00,52.5000,-4.5000,14.6095
1886-07-16T12:00:00+00:00,51.5000,-6.5000,15.4274
1886-07-16T12:00:00+00:00,51.5000,-5.5000,15.2668
1886-07-16T12:00:00+00:00,51.5000,-4.5000,15.1978
1886-07-16T12:00:00+00:00,51.5000,-3.5000,15.3428
1886-08-16T12:00:00+00:00,53.5000,-5.5000,14.5299
1886-08-16T12:00:00+00:00,53.5000,-4.5000,14.5644
1886-08-16T12:00:00+00:00,53.5000,-3.5000,14.4450
1886-08-16T12:00:00+00:00,52.5000,-6.5000,15.3808
1886-08-16T12:00:00+00:00,52.5000,-5.5000,15.0367
1886-08-16T12:00:00+00:00,52.5000,-4.5000,15.0461
1886-08-16T12:00:00+00:00,51.5000,-6.5000,15.6420
1886-08-16T12:00:00+00:00,51.5000,-5.5000,15.5339
1886-08-16T12:00:00+00:00,51.5000,-4.5000,15.5398
1886-08-16T12:00:00+00:00,51.5000,-3.5000,15.7700
1886-09-16T00:00:00+00:00,53.5000,-5.5000,14.6001
1886-09-16T00:00:00+00:00,53.5000,-4.5000,14.6724
1886-09-16T00:00:00+00:00,53.5000,-3.5000,14.6479
1886-09-16T00:00:00+00:00,52.5000,-6.5000,15.0700
1886-09-16T00:00:00+00:00,52.5000,-5.5000,14.9293
1886-09-16T00:00:00+00:00,52.5000,-4.5000,14.9976
1886-09-16T00:00:00+00:00,51.5000,-6.5000,15.2213
1886-09-16T00:00:00+00:00,51.5000,-5.5000,15.2253
1886-09-16T00:00:00+00:00,51.5000,-4.5000,15.3433
1886-09-16T00:00:00+00:00,51.5000,-3.5000,15.6769
1886-10-16T12:00:00+00:00,53.5000,-5.5000,13.4233
1886-10-16T12:00:00+00:00,53.5000,-4.5000,13.4929
1886-10-16T12:00:00+00:00,53.5000,-3.5000,13.6181
1886-10-16T12:00:00+00:00,52.5000,-6.5000,13.4686
1886-10-16T12:00:00+00:00,52.5000,-5.5000,13.4706
1886-10-16T12:00:00+00:00,52.5000,-4.5000,13.5716
1886-10-16T12:00:00+00:00,51.5000,-6.5000,13.5229
1886-10-16T12:00:00+00:00,51.5000,-5.5000,13.6173
1886-10-16T12:00:00+00:00,51.5000,-4.5000,13.8092
1886-10-16T12:00:00+00:00,51.5000,-3.5000,14.2082
1886-11-16T00:00:00+00:00,53.5000,-5.5000,11.5806
1886-11-16T00:00:00+00:00,53.5000,-4.5000,11.5945
1886-11-16T00:00:00+00:00,53.5000,-3.5000,11.5761
1886-11-16T00:00:00+00:00,52.5000,-6.5000,11.7715
1886-11-16T00:00:00+00:00,52.5000,-5.5000,11.7143
1886-11-16T00:00:00+00:00,52.5000,-4.5000,11.7707
1886-11-16T00:00:00+00:00,51.5000,-6.5000,11.8324
1886-11-16T00:00:00+00:00,51.5000,-5.5000,11.9086
1886-11-16T00:00:00+00:00,51.5000,-4.5000,12.0686
1886-11-16T00:00:00+00:00,51.5000,-3.5000,12.4853
1886-12-16T12:00:00+00:00,53.5000,-5.5000,10.0007
1886-12-16T12:00:00+00:00,53.5000,-4.5000,9.8815
1886-12-16T12:00:00+00:00,53.5000,-3.5000,9.5308
1886-12-16T12:00:00+00:00,52.5000,-6.5000,10.5934
1886-12-16T12:00:00+00:00,52.5000,-5.5000,10.3958
1886-12-16T12:00:00+00:00,52.5000,-4.5000,10.2940
1886-12-16T12:00:00+00:00,51.5000,-6.5000,10.7116
1886-12-16T12:00:00+00:00,51.5000,-5.5000,10.6875
1886-12-16T12:00:00+00:00,51.5000,-4.5000,10.6137
1886-12-16T12:00:00+00:00,51.5000,-3.5000,10.6741
1887-01-16T12:00:00+00:00,53.5000,-5.5000,8.9577
1887-01-16T12:00:00+00:00,53.5000,-4.5000,8.8483
1887-01-16T12:00:00+00:00,53.5000,-3.5000,8.5729
1887-01-16T12:00:00+00:00,52.5000,-6.5000,9.6764
1887-01-16T12:00:00+00:00,52.5000,-5.5000,9.3202
1887-01-16T12:00:00+00:00,52.5000,-4.5000,9.2022
1887-01-16T12:00:00+00:00,51.5000,-6.5000,9.8527
1887-01-16T12:00:00+00:00,51.5000,-5.5000,9.6970
1887-01-16T12:00:00+00:00,51.5000,-4.5000,9.5816
1887-01-16T12:00:00+00:00,51.5000,-3.5000,9.7671
1887-02-15T00:00:00+00:00,53.5000,-5.5000,8.2802
1887-02-15T00:00:00+00:00,53.5000,-4.5000,8.0918
1887-02-15T00:00:00+00:00,53.5000,-3.5000,7.5694
1887-02-15T00:00:00+00:00,52.5000,-6.5000,9.2894
1887-02-15T00:00:00+00:00,52.5000,-5.5000,8.8462
1887-02-15T00:00:00+00:00,52.5000,-4.5000,8.6473
1887-02-15T00:00:00+00:00,51.5000,-6.5000,9.5202
1887-02-15T00:00:00+00:00,51.5000,-5.5000,9.3034
1887-02-15T00:00:00+00:00,51.5000,-4.5000,9.0715
1887-02-15T00:00:00+00:00,51.5000,-3.5000,9.0811
1887-03-16T12:00:00+00:00,53.5000,-5.5000,7.6272
1887-03-16T12:00:00+00:00,53.5000,-4.5000,7.5058
1887-03-16T12:00:00+00:00,53.5000,-3.5000,7.2253
1887-03-16T12:00:00+00:00,52.5000,-6.5000,8.4982
1887-03-16T12:00:00+00:00,52.5000,-5.5000,8.0436
1887-03-16T12:00:00+00:00,52.5000,-4.5000,7.8996
1887-03-16T12:00:00+00:00,51.5000,-6.5000,8.7546
1887-03-16T12:00:00+00:00,51.5000,-5.5000,8.5237
1887-03-16T12:00:00+00:00,51.5000,-4.5000,8.3556
1887-03-16T12:00:00+00:00,51.5000,-3.5000,8.5151
1887-04-16T00:00:00+00:00,53.5000,-5.5000,8.2503
1887-04-16T00:00:00+00:00,53.5000,-4.5000,8.1348
1887-04-16T00:00:00+00:00,53.5000,-3.5000,7.9133
1887-04-16T00:00:00+00:00,52.5000,-6.5000,8.9935
1887-04-16T00:00:00+00:00,52.5000,-5.5000,8.6099
1887-04-16T00:00:00+00:00,52.5000,-4.5000,8.4633
1887-04-16T00:00:00+00:00,51.5000,-6.5000,9.2306
1887-04-16T00:00:00+00:00,51.5000,-5.5000,9.0464
1887-04-16T00:00:00+00:00,51.5000,-4.5000,8.8517
1887-04-16T00:00:00+00:00,51.5000,-3.5000,8.8099
1887-05-16T12:00:00+00:00,53.5000,-5.5000,9.5203
1887-05-16T12:00:00+00:00,53.5000,-4.5000,9.5602
1887-05-16T12:00:00+00:00,53.5000,-3.5000,9.5998
1887-05-16T12:00:00+00:00,52.5000,-6.5000,10.1630
1887-05-16T12:00:00+00:00,52.5000,-5.5000,9.8125
1887-05-16T12:00:00+00:00,52.5000,-4.5000,9.8221
1887-05-16T12:00:00+00:00,51.5000,-6.5000,10.3831
1887-05-16T12:00:00+00:00,51.5000,-5.5000,10.2462
1887-05-16T12:00:00+00:00,51.5000,-4.5000,10.2784
1887-05-16T12:00:00+00:00,51.5000,-3.5000,10.6294
1887-06-16T00:00:00+00:00,53.5000,-5.5000,12.9155
1887-06-16T00:00:00+00:00,53.5000,-4.5000,12.7810
1887-06-16T00:00:00+00:00,53.5000,-3.5000,12.2533
1887-06-16T00:00:00+00:00,52.5000,-6.5000,14.0717
1887-06-16T00:00:00+00:00,52.5000,-5.5000,13.6650
1887-06-16T00:00:00+00:00,52.5000,-4.5000,13.4923
1887-06-16T00:00:00+00:00,51.5000,-6.5000,14.3242
1887-06-16T00:00:00+00:00,51.5000,-5.5000,14.1752
1887-06-16T00:00:00+00:00,51.5000,-4.5000,13.9183
1887-06-16T00:00:00+00:00,51.5000,-3.5000,13.6020
1887-07-16T12:00:00+00:00,53.5000,-5.5000,15.1414
1887-07-16T12:00:00+00:00,53.5000,-4.5000,14.9933
1887-07-16T12:00:00+00:00,53.5000,-3.5000,14.4074
1887-07-16T12:00:00+00:00,52.5000,-6.5000,16.4849
1887-07-16T12:00:00+00:00,52.5000,-5.5000,16.0131
1887-07-16T12:00:00+00:00,52.5000,-4.5000,15.8254
1887-07-16T12:00:00+00:00,51.5000,-6.5000,16.7877
1887-07-16T12:00:00+00:00,51.5000,-5.5000,16.6271
1887-07-16T12:00:00+00:00,51.5000,-4.5000,16.3414
1887-07-16T12:00:00+00:00,51.5000,-3.5000,15.9811
1887-08-16T12:00:00+00:00,53.5000,-5.5000,15.9217
1887-08-16T12:00:00+00:00,53.5000,-4.5000,15.8652
1887-08-16T12:00:00+00:00,53.5000,-3.5000,15.5407
1887-08-16T12:00:00+00:00,52.5000,-6.5000,16.8812
1887-08-16T12:00:00+00:00,52.5000,-5.5000,16.5372
1887-08-16T12:00:00+00:00,52.5000,-4.5000,16.4581
1887-08-16T12:00:00+00:00,51.5000,-6.5000,17.1424
1887-08-16T12:00:00+00:00,51.5000,-5.5000,17.0343
1887-08-16T12:00:00+00:00,51.5000,-4.5000,16.9077
1887-08-16T12:00:00+00:00,51.5000,-3.5000,16.8286
1887-09-16T00:00:00+00:00,53.5000,-5.5000,14.4573
1887-09-16T00:00:00+00:00,53.5000,-4.5000,14.5236
1887-09-16T00:00:00+00:00,53.5000,-3.5000,14.5560
1887-09-16T00:00:00+00:00,52.5000,-6.5000,14.8297
1887-09-16T00:00:00+00:00,52.5000,-5.5000,14.6889
1887-09-16T00:00:00+00:00,52.5000,-4.5000,14.7685
1887-09-16T00:00:00+00:00,51.5000,-6.5000,14.9809
1887-09-16T00:00:00+00:00,51.5000,-5.5000,14.9849
1887-09-16T00:00:00+00:00,51.5000,-4.5000,15.1199
1887-09-16T00:00:00+00:00,51.5000,-3.5000,15.4930
1887-10-16T12:00:00+00:00,53.5000,-5.5000,13.1568
1887-10-16T12:00:00+00:00,53.5000,-4.5000,13.1533
1887-10-16T12:00:00+00:00,53.5000,-3.5000,13.1094
1887-10-16T12:00:00+00:00,52.5000,-6.5000,13.2896
1887-10-16T12:00:00+00:00,52.5000,-5.5000,13.2916
1887-10-16T12:00:00+00:00,52.5000,-4.5000,13.3238
1887-10-16T12:00:00+00:00,51.5000,-6.5000,13.3439
1887-10-16T12:00:00+00:00,51.5000,-5.5000,13.4383
1887-10-16T12:00:00+00:00,51.5000,-4.5000,13.5271
1887-10-16T12:00:00+00:00,51.5000,-3.5000,13.6855
1887-11-16T00:00:00+00:00,53.5000,-5.5000,11.0814
1887-11-16T00:00:00+00:00,53.5000,-4.5000,11.0179
1887-11-16T00:00:00+00:00,53.5000,-3.5000,10.9222
1887-11-16T00:00:00+00:00,52.5000,-6.5000,11.2515
1887-11-16T00:00:00+00:00,52.5000,-5.5000,11.1943
1887-11-16T00:00:00+00:00,52.5000,-4.5000,11.1836
1887-11-16T00:00:00+00:00,51.5000,-6.5000,11.3124
1887-11-16T00:00:00+00:00,51.5000,-5.5000,11.3886
1887-11-16T00:00:00+00:00,51.5000,-4.5000,11.4480
1887-11-16T00:00:00+00:00,51.5000,-3.5000,11.6297
1887-12-16T12:00:00+00:00,53.5000,-5.5000,9.8817
1887-12-16T12:00:00+00:00,53.5000,-4.5000,9.8036
1887-12-16T12:00:00+00:00,53.5000,-3.5000,9.6331
1887-12-16T12:00:00+00:00,52.5000,-6.5000,10.3187
1887-12-16T12:00:00+00:00,52.5000,-5.5000,10.1211
1887-12-16T12:00:00+00:00,52.5000,-4.5000,10.0687
1887-12-16T12:00:00+00:00,51.5000,-6.5000,10.4369
1887-12-16T12:00:00+00:00,51.5000,-5.5000,10.4127
1887-12-16T12:00:00+00:00,51.5000,-4.5000,10.4130
1887-12-16T12:00:00+00:00,51.5000,-3.5000,10.6460
1888-01-16T12:00:00+00:00,53.5000,-5.5000,8.1842
1888-01-16T12:00:00+00:00,53.5000,-4.5000,8.0641
1888-01-16T12:00:00+00:00,53.5000,-3.5000,7.8688
1888-01-16T12:00:00+00:00,52.5000,-6.5000,8.8510
1888-01-16T12:00:00+00:00,52.5000,-5.5000,8.4948
1888-01-16T12:00:00+00:00,52.5000,-4.5000,8.3465
1888-01-16T12:00:00+00:00,51.5000,-6.5000,9.0274
1888-01-16T12:00:00+00:00,51.5000,-5.5000,8.8717
1888-01-16T12:00:00+00:00,51.5000,-4.5000,8.7107
1888-01-16T12:00:00+00:00,51.5000,-3.5000,8.7903
1888-02-15T12:00:00+00:00,53.5000,-5.5000,7.0849
1888-02-15T12:00:00+00:00,53.5000,-4.5000,6.9540
1888-02-15T12:00:00+00:00,53.5000,-3.5000,6.7000
1888-02-15T12:00:00+00:00,52.5000,-6.5000,7.9267
1888-02-15T12:00:00+00:00,52.5000,-5.5000,7.4835
1888-02-15T12:00:00+00:00,52.5000,-4.5000,7.3203
1888-02-15T12:00:00+00:00,51.5000,-6.5000,8.1575
1888-02-15T12:00:00+00:00,51.5000,-5.5000,7.9407
1888-02-15T12:00:00+00:00,51.5000,-4.5000,7.7623
1888-02-15T12:00:00+00:00,51.5000,-3.5000,7.8969
1888-03-16T12:00:00+00:00,53.5000,-5.5000,6.7779
1888-03-16T12:00:00+00:00,53.5000,-4.5000,6.6245
1888-03-16T12:00:00+00:00,53.5000,-3.5000,6.3880
1888-03-16T12:00:00+00:00,52.5000,-6.5000,7.6044
1888-03-16T12:00:00+00:00,52.5000,-5.5000,7.1498
1888-03-16T12:00:00+00:00,52.5000,-4.5000,6.9580
1888-03-16T12:00:00+00:00,51.5000,-6.5000,7.8608
1888-03-16T12:00:00+00:00,51.5000,-5.5000,7.6300
1888-03-16T12:00:00+00:00,51.5000,-4.5000,7.3901
1888-03-16T12:00:00+00:00,51.5000,-3.5000,7.3822
1888-04-16T00:00:00+00:00,53.5000,-5.5000,7.3626
1888-04-16T00:00:00+00:00,53.5000,-4.5000,7.3212
1888-04-16T00:00:00+00:00,53.5000,-3.5000,7.3502
1888-04-16T00:00:00+00:00,52.5000,-6.5000,7.9700
1888-04-16T00:00:00+00:00,52.5000,-5.5000,7.5865
1888-04-16T00:00:00+00:00,52.5000,-4.5000,7.4936
1888-04-16T00:00:00+00:00,51.5000,-6.5000,8.2072
1888-04-16T00:00:00+00:00,51.5000,-5.5000,8.0230
1888-04-16T00:00:00+00:00,51.5000,-4.5000,7.9088
1888-04-16T00:00:00+00:00,51.5000,-3.5000,8.0550
1888-05-16T12:00:00+00:00,53.5000,-5.5000,9.3091
1888-05-16T12:00:00+00:00,53.5000,-4.5000,9.2559
1888-05-16T12:00:00+00:00,53.5000,-3.5000,9.2310
1888-05-16T12:00:00+00:00,52.5000,-6.5000,9.9169
1888-05-16T12:00:00+00:00,52.5000,-5.5000,9.5663
1888-05-16T12:00:00+00:00,52.5000,-4.5000,9.4860
1888-05-16T12:00:00+00:00,51.5000,-6.5000,10.1370
1888-05-16T12:00:00+00:00,51.5000,-5.5000,10.0000
1888-05-16T12:00:00+00:00,51.5000,-4.5000,9.8973
1888-05-16T12:00:00+00:00,51.5000,-3.5000,9.9333
1888-06-16T00:00:00+00:00,53.5000,-5.5000,11.5406
1888-06-16T00:00:00+00:00,53.5000,-4.5000,11.5439
1888-06-16T00:00:00+00:00,53.5000,-3.5000,11.5194
1888-06-16T00:00:00+00:00,52.5000,-6.5000,12.3461
1888-06-16T00:00:00+00:00,52.5000,-5.5000,11.9394
1888-06-16T00:00:00+00:00,52.5000,-4.5000,11.8973
1888-06-16T00:00:00+00:00,51.5000,-6.5000,12.5986
1888-06-16T00:00:00+00:00,51.5000,-5.5000,12.4496
1888-06-16T00:00:00+00:00,51.5000,-4.5000,12.3886
1888-06-16T00:00:00+00:00,51.5000,-3.5000,12.5292
1888-07-16T12:00:00+00:00,53.5000,-5.5000,13.1520
1888-07-16T12:00:00+00:00,53.5000,-4.5000,13.1278
1888-07-16T12:00:00+00:00,53.5000,-3.5000,13.0321
1888-07-16T12:00:00+00:00,52.5000,-6.5000,14.1411
1888-07-16T12:00:00+00:00,52.5000,-5.5000,13.6693
1888-07-16T12:00:00+00:00,52.5000,-4.5000,13.5993
1888-07-16T12:00:00+00:00,51.5000,-6.5000,14.4439
1888-07-16T12:00:00+00:00,51.5000,-5.5000,14.2833
1888-07-16T12:00:00+00:00,51.5000,-4.5000,14.1742
1888-07-16T12:00:00+00:00,51.5000,-3.5000,14.2259
1888-08-16T12:00:00+00:00,53.5000,-5.5000,14.3195
1888-08-16T12:00:00+00:00,53.5000,-4.5000,14.2975
1888-08-16T12:00:00+00:00,53.5000,-3.5000,14.2587
1888-08-16T12:00:00+00:00,52.5000,-6.5000,15.0122
1888-08-16T12:00:00+00:00,52.5000,-5.5000,14.6682
1888-08-16T12:00:00+00:00,52.5000,-4.5000,14.6315
1888-08-16T12:00:00+00:00,51.5000,-6.5000,15.2734
1888-08-16T12:00:00+00:00,51.5000,-5.5000,15.1653
1888-08-16T12:00:00+00:00,51.5000,-4.5000,15.1023
1888-08-16T12:00:00+00:00,51.5000,-3.5000,15.1714
1888-09-16T00:00:00+00:00,53.5000,-5.5000,14.3404
1888-09-16T00:00:00+00:00,53.5000,-4.5000,14.3965
1888-09-16T00:00:00+00:00,53.5000,-3.5000,14.4312
1888-09-16T00:00:00+00:00,52.5000,-6.5000,14.7265
1888-09-16T00:00:00+00:00,52.5000,-5.5000,14.5857
1888-09-16T00:00:00+00:00,52.5000,-4.5000,14.6421
1888-09-16T00:00:00+00:00,51.5000,-6.5000,14.8777
1888-09-16T00:00:00+00:00,51.5000,-5.5000,14.8817
1888-09-16T00:00:00+00:00,51.5000,-4.5000,14.9819
1888-09-16T00:00:00+00:00,51.5000,-3.5000,15.2737
1888-10-16T12:00:00+00:00,53.5000,-5.5000,13.7588
1888-10-16T12:00:00+00:00,53.5000,-4.5000,13.7429
1888-10-16T12:00:00+00:00,53.5000,-3.5000,13.7781
1888-10-16T12:00:00+00:00,52.5000,-6.5000,13.7836
1888-10-16T12:00:00+00:00,52.5000,-5.5000,13.7856
1888-10-16T12:00:00+00:00,52.5000,-4.5000,13.8137
1888-10-16T12:00:00+00:00,51.5000,-6.5000,13.8379
1888-10-16T12:00:00+00:00,51.5000,-5.5000,13.9323
1888-10-16T12:00:00+00:00,51.5000,-4.5000,14.0149
1888-10-16T12:00:00+00:00,51.5000,-3.5000,14.1588
1888-11-16T00:00:00+00:00,53.5000,-5.5000,12.3724
1888-11-16T00:00:00+00:00,53.5000,-4.5000,12.3292
1888-11-16T00:00:00+00:00,53.5000,-3.5000,12.2447
1888-11-16T00:00:00+00:00,52.5000,-6.5000,12.5955
1888-11-16T00:00:00+00:00,52.5000,-5.5000,12.5383
1888-11-16T00:00:00+00:00,52.5000,-4.5000,12.5258
1888-11-16T00:00:00+00:00,51.5000,-6.5000,12.6564
1888-11-16T00:00:00+00:00,51.5000,-5.5000,12.7326
1888-11-16T00:00:00+00:00,51.5000,-4.5000,12.7894
1888-11-16T00:00:00+00:00,51.5000,-3.5000,12.9651
1888-12-16T12:00:00+00:00,53.5000,-5.5000,10.8475
1888-12-16T12:00:00+00:00,53.5000,-4.5000,10.8188
1888-12-16T12:00:00+00:00,53.5000,-3.5000,10.7837
1888-12-16T12:00:00+00:00,52.5000,-6.5000,11.2485
1888-12-16T12:00:00+00:00,52.5000,-5.5000,11.0509
1888-12-16T12:00:00+00:00,52.5000,-4.5000,11.0228
1888-12-16T12:00:00+00:00,51.5000,-6.5000,11.3667
1888-12-16T12:00:00+00:00,51.5000,-5.5000,11.3425
1888-12-16T12:00:00+00:00,51.5000,-4.5000,11.3793
1888-12-16T12:00:00+00:00,51.5000,-3.5000,11.6978
1889-01-16T12:00:00+00:00,53.5000,-5.5000,9.5198
1889-01-16T12:00:00+00:00,53.5000,-4.5000,9.3805
1889-01-16T12:00:00+00:00,53.5000,-3.5000,9.1698
1889-01-16T12:00:00+00:00,52.5000,-6.5000,10.1438
1889-01-16T12:00:00+00:00,52.5000,-5.5000,9.7876
1889-01-16T12:00:00+00:00,52.5000,-4.5000,9.6397
1889-01-16T12:00:00+00:00,51.5000,-6.5000,10.3202
1889-01-16T12:00:00+00:00,51.5000,-5.5000,10.1645
1889-01-16T12:00:00+00:00,51.5000,-4.5000,10.0041
1889-01-16T12:00:00+00:00,51.5000,-3.5000,10.0851
1889-02-15T00:00:00+00:00,53.5000,-5.5000,8.4466
1889-02-15T00:00:00+00:00,53.5000,-4.5000,8.3147
1889-02-15T00:00:00+00:00,53.5000,-3.5000,8.0804
1889-02-15T00:00:00+00:00,52.5000,-6.5000,9.2506
1889-02-15T00:00:00+00:00,52.5000,-5.5000,8.8074
1889-02-15T00:00:00+00:00,52.5000,-4.5000,8.6519
1889-02-15T00:00:00+00:00,51.5000,-6.5000,9.4814
1889-02-15T00:00:00+00:00,51.5000,-5.5000,9.2646
1889-02-15T00:00:00+00:00,51.5000,-4.5000,9.0978
1889-02-15T00:00:00+00:00,51.5000,-3.5000,9.2596
1889-03-16T12:00:00+00:00,53.5000,-5.5000,7.4143
1889-03-16T12:00:00+00:00,53.5000,-4.5000,7.3149
1889-03-16T12:00:00+00:00,53.5000,-3.5000,7.2154
1889-03-16T12:00:00+00:00,52.5000,-6.5000,8.1374
1889-03-16T12:00:00+00:00,52.5000,-5.5000,7.6828
1889-03-16T12:00:00+00:00,52.5000,-4.5000,7.5553
1889-03-16T12:00:00+00:00,51.5000,-6.5000,8.3938
1889-03-16T12:00:00+00:00,51.5000,-5.5000,8.1630
1889-03-16T12:00:00+00:00,51.5000,-4.5000,8.0195
1889-03-16T12:00:00+00:00,51.5000,-3.5000,8.2367
1889-04-16T00:00:00+00:00,53.5000,-5.5000,8.1554
1889-04-16T00:00:00+00:00,53.5000,-4.5000,8.1128
1889-04-16T00:00:00+00:00,53.5000,-3.5000,8.1240
1889-04-16T00:00:00+00:00,52.5000,-6.5000,8.7315
1889-04-16T00:00:00+00:00,52.5000,-5.5000,8.3479
1889-04-16T00:00:00+00:00,52.5000,-4.5000,8.2778
1889-04-16T00:00:00+00:00,51.5000,-6.5000,8.9686
1889-04-16T00:00:00+00:00,51.5000,-5.5000,8.7844
1889-04-16T00:00:00+00:00,51.5000,-4.5000,8.7045
1889-04-16T00:00:00+00:00,51.5000,-3.5000,8.9306
1889-05-16T12:00:00+00:00,53.5000,-5.5000,10.3329
1889-05-16T12:00:00+00:00,53.5000,-4.5000,10.3448
1889-05-16T12:00:00+00:00,53.5000,-3.5000,10.2999
1889-05-16T12:00:00+00:00,52.5000,-6.5000,11.0475
1889-05-16T12:00:00+00:00,52.5000,-5.5000,10.6969
1889-05-16T12:00:00+00:00,52.5000,-4.5000,10.6709
1889-05-16T12:00:00+00:00,51.5000,-6.5000,11.2676
1889-05-16T12:00:00+00:00,51.5000,-5.5000,11.1306
1889-05-16T12:00:00+00:00,51.5000,-4.5000,11.1093
1889-05-16T12:00:00+00:00,51.5000,-3.5000,11.3354
1889-06-16T00:00:00+00:00,53.5000,-5.5000,12.0503
1889-06-16T00:00:00+00:00,53.5000,-4.5000,12.1509
1889-06-16T00:00:00+00:00,53.5000,-3.5000,12.3261
1889-06-16T00:00:00+00:00,52.5000,-6.5000,12.7988
1889-06-16T00:00:00+00:00,52.5000,-5.5000,12.3920
1889-06-16T00:00:00+00:00,52.5000,-4.5000,12.4246
1889-06-16T00:00:00+00:00,51.5000,-6.5000,13.0512
1889-06-16T00:00:00+00:00,51.5000,-5.5000,12.9023
1889-06-16T00:00:00+00:00,51.5000,-4.5000,12.9532
1889-06-16T00:00:00+00:00,51.5000,-3.5000,13.3552
1889-07-16T12:00:00+00:00,53.5000,-5.5000,14.4618
1889-07-16T12:00:00+00:00,53.5000,-4.5000,14.3744
1889-07-16T12:00:00+00:00,53.5000,-3.5000,14.0122
1889-07-16T12:00:00+00:00,52.5000,-6.5000,15.6258
1889-07-16T12:00:00+00:00,52.5000,-5.5000,15.1541
1889-07-16T12:00:00+00:00,52.5000,-4.5000,15.0352
1889-07-16T12:00:00+00:00,51.5000,-6.5000,15.9286
1889-07-16T12:00:00+00:00,51.5000,-5.5000,15.7680
1889-07-16T12:00:00+00:00,51.5000,-4.5000,15.5857
1889-07-16T12:00:00+00:00,51.5000,-3.5000,15.4668
1889-08-16T12:00:00+00:00,53.5000,-5.5000,14.5250
1889-08-16T12:00:00+00:00,53.5000,-4.5000,14.5431
1889-08-16T12:00:00+00:00,53.5000,-3.5000,14.4530
1889-08-16T12:00:00+00:00,52.5000,-6.5000,15.3102
1889-08-16T12:00:00+00:00,52.5000,-5.5000,14.9662
1889-08-16T12:00:00+00:00,52.5000,-4.5000,14.9690
1889-08-16T12:00:00+00:00,51.5000,-6.5000,15.5714
1889-08-16T12:00:00+00:00,51.5000,-5.5000,15.4633
1889-08-16T12:00:00+00:00,51.5000,-4.5000,15.4595
1889-08-16T12:00:00+00:00,51.5000,-3.5000,15.6669
1889-09-16T00:00:00+00:00,53.5000,-5.5000,14.2524
1889-09-16T00:00:00+00:00,53.5000,-4.5000,14.3334
1889-09-16T00:00:00+00:00,53.5000,-3.5000,14.3725
1889-09-16T00:00:00+00:00,52.5000,-6.5000,14.6535
1889-09-16T00:00:00+00:00,52.5000,-5.5000,14.5127
1889-09-16T00:00:00+00:00,52.5000,-4.5000,14.5967
1889-09-16T00:00:00+00:00,51.5000,-6.5000,14.8047
1889-09-16T00:00:00+00:00,51.5000,-5.5000,14.8087
1889-09-16T00:00:00+00:00,51.5000,-4.5000,14.9503
1889-09-16T00:00:00+00:00,51.5000,-3.5000,15.3388
1889-10-16T12:00:00+00:00,53.5000,-5.5000,13.2978
1889-10-16T12:00:00+00:00,53.5000,-4.5000,13.3642
1889-10-16T12:00:00+00:00,53.5000,-3.5000,13.4146
1889-10-16T12:00:00+00:00,52.5000,-6.5000,13.4086
1889-10-16T12:00:00+00:00,52.5000,-5.5000,13.4106
1889-10-16T12:00:00+00:00,52.5000,-4.5000,13.5115
1889-10-16T12:00:00+00:00,51.5000,-6.5000,13.4629
1889-10-16T12:00:00+00:00,51.5000,-5.5000,13.5573
1889-10-16T12:00:00+00:00,51.5000,-4.5000,13.7490
1889-10-16T12:00:00+00:00,51.5000,-3.5000,14.1476
1889-11-16T00:00:00+00:00,53.5000,-5.5000,11.5686
1889-11-16T00:00:00+00:00,53.5000,-4.5000,11.5593
1889-11-16T00:00:00+00:00,53.5000,-3.5000,11.4960
1889-11-16T00:00:00+00:00,52.5000,-6.5000,11.7635
1889-11-16T00:00:00+00:00,52.5000,-5.5000,11.7063
1889-11-16T00:00:00+00:00,52.5000,-4.5000,11.7482
1889-11-16T00:00:00+00:00,51.5000,-6.5000,11.8244
1889-11-16T00:00:00+00:00,51.5000,-5.5000,11.9006
1889-11-16T00:00:00+00:00,51.5000,-4.5000,12.0389
1889-11-16T00:00:00+00:00,51.5000,-3.5000,12.4050
1889-12-16T12:00:00+00:00,53.5000,-5.5000,10.3254
1889-12-16T12:00:00+00:00,53.5000,-4.5000,10.2278
1889-12-16T12:00:00+00:00,53.5000,-3.5000,10.0498
1889-12-16T12:00:00+00:00,52.5000,-6.5000,10.7417
1889-12-16T12:00:00+00:00,52.5000,-5.5000,10.5441
1889-12-16T12:00:00+00:00,52.5000,-4.5000,10.4765
1889-12-16T12:00:00+00:00,51.5000,-6.5000,10.8599
1889-12-16T12:00:00+00:00,51.5000,-5.5000,10.8357
1889-12-16T12:00:00+00:00,51.5000,-4.5000,10.8133
1889-12-16T12:00:00+00:00,51.5000,-3.5000,10.9934
1890-01-16T12:00:00+00:00,53.5000,-5.5000,9.7506
1890-01-16T12:00:00+00:00,53.5000,-4.5000,9.6684
1890-01-16T12:00:00+00:00,53.5000,-3.5000,9.3734
1890-01-16T12:00:00+00:00,52.5000,-6.5000,10.5281
1890-01-16T12:00:00+00:00,52.5000,-5.5000,10.1719
1890-01-16T12:00:00+00:00,52.5000,-4.5000,10.0749
1890-01-16T12:00:00+00:00,51.5000,-6.5000,10.7045
1890-01-16T12:00:00+00:00,51.5000,-5.5000,10.5488
1890-01-16T12:00:00+00:00,51.5000,-4.5000,10.4648
1890-01-16T12:00:00+00:00,51.5000,-3.5000,10.7240
1890-02-15T00:00:00+00:00,53.5000,-5.5000,8.6233
1890-02-15T00:00:00+00:00,53.5000,-4.5000,8.4491
1890-02-15T00:00:00+00:00,53.5000,-3.5000,8.0931
1890-02-15T00:00:00+00:00,52.5000,-6.5000,9.4302
1890-02-15T00:00:00+00:00,52.5000,-5.5000,8.9870
1890-02-15T00:00:00+00:00,52.5000,-4.5000,8.8273
1890-02-15T00:00:00+00:00,51.5000,-6.5000,9.6610
1890-02-15T00:00:00+00:00,51.5000,-5.5000,9.4442
1890-02-15T00:00:00+00:00,51.5000,-4.5000,9.2712
1890-02-15T00:00:00+00:00,51.5000,-3.5000,9.4183
1890-03-16T12:00:00+00:00,53.5000,-5.5000,7.7891
1890-03-16T12:00:00+00:00,53.5000,-4.5000,7.6773
1890-03-16T12:00:00+00:00,53.5000,-3.5000,7.3869
1890-03-16T12:00:00+00:00,52.5000,-6.5000,8.7084
1890-03-16T12:00:00+00:00,52.5000,-5.5000,8.2539
1890-03-16T12:00:00+00:00,52.5000,-4.5000,8.1050
1890-03-16T12:00:00+00:00,51.5000,-6.5000,8.9648
1890-03-16T12:00:00+00:00,51.5000,-5.5000,8.7340
1890-03-16T12:00:00+00:00,51.5000,-4.5000,8.5586
1890-03-16T12:00:00+00:00,51.5000,-3.5000,8.7014
1890-04-16T00:00:00+00:00,53.5000,-5.5000,8.1518
1890-04-16T00:00:00+00:00,53.5000,-4.5000,8.1720
1890-04-16T00:00:00+00:00,53.5000,-3.5000,8.3062
1890-04-16T00:00:00+00:00,52.5000,-6.5000,8.6605
1890-04-16T00:00:00+00:00,52.5000,-5.5000,8.2769
1890-04-16T00:00:00+00:00,52.5000,-4.5000,8.2733
1890-04-16T00:00:00+00:00,51.5000,-6.5000,8.8976
1890-04-16T00:00:00+00:00,51.5000,-5.5000,8.7134
1890-04-16T00:00:00+00:00,51.5000,-4.5000,8.7332
1890-04-16T00:00:00+00:00,51.5000,-3.5000,9.1920
1890-05-16T12:00:00+00:00,53.5000,-5.5000,9.5860
1890-05-16T12:00:00+00:00,53.5000,-4.5000,9.6654
1890-05-16T12:00:00+00:00,53.5000,-3.5000,9.7535
1890-05-16T12:00:00+00:00,52.5000,-6.5000,10.2639
1890-05-16T12:00:00+00:00,52.5000,-5.5000,9.9133
1890-05-16T12:00:00+00:00,52.5000,-4.5000,9.9404
1890-05-16T12:00:00+00:00,51.5000,-6.5000,10.4840
1890-05-16T12:00:00+00:00,51.5000,-5.5000,10.3470
1890-05-16T12:00:00+00:00,51.5000,-4.5000,10.4053
1890-05-16T12:00:00+00:00,51.5000,-3.5000,10.8171
1890-06-16T00:00:00+00:00,53.5000,-5.5000,11.8776
1890-06-16T00:00:00+00:00,53.5000,-4.5000,11.9264
1890-06-16T00:00:00+00:00,53.5000,-3.5000,11.9003
1890-06-16T00:00:00+00:00,52.5000,-6.5000,12.7538
1890-06-16T00:00:00+00:00,52.5000,-5.5000,12.3470
1890-06-16T00:00:00+00:00,52.5000,-4.5000,12.3386
1890-06-16T00:00:00+00:00,51.5000,-6.5000,13.0062
1890-06-16T00:00:00+00:00,51.5000,-5.5000,12.8573
1890-06-16T00:00:00+00:00,51.5000,-4.5000,12.8467
1890-06-16T00:00:00+00:00,51.5000,-3.5000,13.1052
1890-07-16T12:00:00+00:00,53.5000,-5.5000,13.1769
1890-07-16T12:00:00+00:00,53.5000,-4.5000,13.2376
1890-07-16T12:00:00+00:00,53.5000,-3.5000,13.2335
1890-07-16T12:00:00+00:00,52.5000,-6.5000,14.1504
1890-07-16T12:00:00+00:00,52.5000,-5.5000,13.6787
1890-07-16T12:00:00+00:00,52.5000,-4.5000,13.6981
1890-07-16T12:00:00+00:00,51.5000,-6.5000,14.4532
1890-07-16T12:00:00+00:00,51.5000,-5.5000,14.2926
1890-07-16T12:00:00+00:00,51.5000,-4.5000,14.3178
1890-07-16T12:00:00+00:00,51.5000,-3.5000,14.6828
1890-08-16T12:00:00+00:00,53.5000,-5.5000,14.4684
1890-08-16T12:00:00+00:00,53.5000,-4.5000,14.4908
1890-08-16T12:00:00+00:00,53.5000,-3.5000,14.3124
1890-08-16T12:00:00+00:00,52.5000,-6.5000,15.3851
1890-08-16T12:00:00+00:00,52.5000,-5.5000,15.0410
1890-08-16T12:00:00+00:00,52.5000,-4.5000,15.0288
1890-08-16T12:00:00+00:00,51.5000,-6.5000,15.6463
1890-08-16T12:00:00+00:00,51.5000,-5.5000,15.5382
1890-08-16T12:00:00+00:00,51.5000,-4.5000,15.5117
1890-08-16T12:00:00+00:00,51.5000,-3.5000,15.6662
1890-09-16T00:00:00+00:00,53.5000,-5.5000,14.5079
1890-09-16T00:00:00+00:00,53.5000,-4.5000,14.5620
1890-09-16T00:00:00+00:00,53.5000,-3.5000,14.4865
1890-09-16T00:00:00+00:00,52.5000,-6.5000,14.9955
1890-09-16T00:00:00+00:00,52.5000,-5.5000,14.8547
1890-09-16T00:00:00+00:00,52.5000,-4.5000,14.9125
1890-09-16T00:00:00+00:00,51.5000,-6.5000,15.1467
1890-09-16T00:00:00+00:00,51.5000,-5.5000,15.1507
1890-09-16T00:00:00+00:00,51.5000,-4.5000,15.2530
1890-09-16T00:00:00+00:00,51.5000,-3.5000,15.5496
1890-10-16T12:00:00+00:00,53.5000,-5.5000,13.6579
1890-10-16T12:00:00+00:00,53.5000,-4.5000,13.6847
1890-10-16T12:00:00+00:00,53.5000,-3.5000,13.6982
1890-10-16T12:00:00+00:00,52.5000,-6.5000,13.7281
1890-10-16T12:00:00+00:00,52.5000,-5.5000,13.7302
1890-10-16T12:00:00+00:00,52.5000,-4.5000,13.8104
1890-10-16T12:00:00+00:00,51.5000,-6.5000,13.7825
1890-10-16T12:00:00+00:00,51.5000,-5.5000,13.8769
1890-10-16T12:00:00+00:00,51.5000,-4.5000,14.0377
1890-10-16T12:00:00+00:00,51.5000,-3.5000,14.3643
1890-11-16T00:00:00+00:00,53.5000,-5.5000,11.6165
1890-11-16T00:00:00+00:00,53.5000,-4.5000,11.5212
1890-11-16T00:00:00+00:00,53.5000,-3.5000,11.2950
1890-11-16T00:00:00+00:00,52.5000,-6.5000,11.8706
1890-11-16T00:00:00+00:00,52.5000,-5.5000,11.8135
1890-11-16T00:00:00+00:00,52.5000,-4.5000,11.7782
1890-11-16T00:00:00+00:00,51.5000,-6.5000,11.9316
1890-11-16T00:00:00+00:00,51.5000,-5.5000,12.0078
1890-11-16T00:00:00+00:00,51.5000,-4.5000,12.0304
1890-11-16T00:00:00+00:00,51.5000,-3.5000,12.1264
1890-12-16T12:00:00+00:00,53.5000,-5.5000,9.4749
1890-12-16T12:00:00+00:00,53.5000,-4.5000,9.3662
1890-12-16T12:00:00+00:00,53.5000,-3.5000,9.1859
1890-12-16T12:00:00+00:00,52.5000,-6.5000,9.8617
1890-12-16T12:00:00+00:00,52.5000,-5.5000,9.6641
1890-12-16T12:00:00+00:00,52.5000,-4.5000,9.5957
1890-12-16T12:00:00+00:00,51.5000,-6.5000,9.9799
1890-12-16T12:00:00+00:00,51.5000,-5.5000,9.9557
1890-12-16T12:00:00+00:00,51.5000,-4.5000,9.9321
1890-12-16T12:00:00+00:00,51.5000,-3.5000,10.1094
1891-01-16T12:00:00+00:00,53.5000,-5.5000,8.2064
1891-01-16T12:00:00+00:00,53.5000,-4.5000,8.0473
1891-01-16T12:00:00+00:00,53.5000,-3.5000,7.7068
1891-01-16T12:00:00+00:00,52.5000,-6.5000,8.9366
1891-01-16T12:00:00+00:00,52.5000,-5.5000,8.5804
1891-01-16T12:00:00+00:00,52.5000,-4.5000,8.4145
1891-01-16T12:00:00+00:00,51.5000,-6.5000,9.1130
1891-01-16T12:00:00+00:00,51.5000,-5.5000,8.9572
1891-01-16T12:00:00+00:00,51.5000,-4.5000,8.7700
1891-01-16T12:00:00+00:00,51.5000,-3.5000,8.7881
1891-02-15T00:00:00+00:00,53.5000,-5.5000,7.8765
1891-02-15T00:00:00+00:00,53.5000,-4.5000,7.7163
1891-02-15T00:00:00+00:00,53.5000,-3.5000,7.1395
1891-02-15T00:00:00+00:00,52.5000,-6.5000,8.9632
1891-02-15T00:00:00+00:00,52.5000,-5.5000,8.5200
1891-02-15T00:00:00+00:00,52.5000,-4.5000,8.3518
1891-02-15T00:00:00+00:00,51.5000,-6.5000,9.1940
1891-02-15T00:00:00+00:00,51.5000,-5.5000,8.9772
1891-02-15T00:00:00+00:00,51.5000,-4.5000,8.7913
1891-02-15T00:00:00+00:00,51.5000,-3.5000,8.9084
1891-03-16T12:00:00+00:00,53.5000,-5.5000,7.2040
1891-03-16T12:00:00+00:00,53.5000,-4.5000,7.0370
1891-03-16T12:00:00+00:00,53.5000,-3.5000,6.7074
1891-03-16T12:00:00+00:00,52.5000,-6.5000,8.0873
1891-03-16T12:00:00+00:00,52.5000,-5.5000,7.6328
1891-03-16T12:00:00+00:00,52.5000,-4.5000,7.4386
1891-03-16T12:00:00+00:00,51.5000,-6.5000,8.3437
1891-03-16T12:00:00+00:00,51.5000,-5.5000,8.1129
1891-03-16T12:00:00+00:00,51.5000,-4.5000,7.8695
1891-03-16T12:00:00+00:00,51.5000,-3.5000,7.8536
1891-04-16T00:00:00+00:00,53.5000,-5.5000,8.0815
1891-04-16T00:00:00+00:00,53.5000,-4.5000,8.0008
1891-04-16T00:00:00+00:00,53.5000,-3.5000,7.8421
1891-04-16T00:00:00+00:00,52.5000,-6.5000,8.8215
1891-04-16T00:00:00+00:00,52.5000,-5.5000,8.4379
1891-04-16T00:00:00+00:00,52.5000,-4.5000,8.3135
1891-04-16T00:00:00+00:00,51.5000,-6.5000,9.0586
1891-04-16T00:00:00+00:00,51.5000,-5.5000,8.8744
1891-04-16T00:00:00+00:00,51.5000,-4.5000,8.7131
1891-04-16T00:00:00+00:00,51.5000,-3.5000,8.7493
1891-05-16T12:00:00+00:00,53.5000,-5.5000,9.7629
1891-05-16T12:00:00+00:00,53.5000,-4.5000,9.7093
1891-05-16T12:00:00+00:00,53.5000,-3.5000,9.6272
1891-05-16T12:00:00+00:00,52.5000,-6.5000,10.4465
1891-05-16T12:00:00+00:00,52.5000,-5.5000,10.0960
1891-05-16T12:00:00+00:00,52.5000,-4.5000,10.0057
1891-05-16T12:00:00+00:00,51.5000,-6.5000,10.6666
1891-05-16T12:00:00+00:00,51.5000,-5.5000,10.5297
1891-05-16T12:00:00+00:00,51.5000,-4.5000,10.4120
1891-05-16T12:00:00+00:00,51.5000,-3.5000,10.4133
1891-06-16T00:00:00+00:00,53.5000,-5.5000,12.2196
1891-06-16T00:00:00+00:00,53.5000,-4.5000,12.2136
1891-06-16T00:00:00+00:00,53.5000,-3.5000,12.1775
1891-06-16T00:00:00+00:00,52.5000,-6.5000,13.0068
1891-06-16T00:00:00+00:00,52.5000,-5.5000,12.6001
1891-06-16T00:00:00+00:00,52.5000,-4.5000,12.5590
1891-06-16T00:00:00+00:00,51.5000,-6.5000,13.2593
1891-06-16T00:00:00+00:00,51.5000,-5.5000,13.1103
1891-06-16T00:00:00+00:00,51.5000,-4.5000,13.0507
1891-06-16T00:00:00+00:00,51.5000,-3.5000,13.1948
1891-07-16T12:00:00+00:00,53.5000,-5.5000,13.9231
1891-07-16T12:00:00+00:00,53.5000,-4.5000,13.9162
1891-07-16T12:00:00+00:00,53.5000,-3.5000,13.8096
1891-07-16T12:00:00+00:00,52.5000,-6.5000,14.9165
1891-07-16T12:00:00+00:00,52.5000,-5.5000,14.4447
1891-07-16T12:00:00+00:00,52.5000,-4.5000,14.4042
1891-07-16T12:00:00+00:00,51.5000,-6.5000,15.2192
1891-07-16T12:00:00+00:00,51.5000,-5.5000,15.0586
1891-07-16T12:00:00+00:00,51.5000,-4.5000,14.9938
1891-07-16T12:00:00+00:00,51.5000,-3.5000,15.1488
1891-08-16T12:00:00+00:00,53.5000,-5.5000,14.8350
1891-08-16T12:00:00+00:00,53.5000,-4.5000,14.8498
1891-08-16T12:00:00+00:00,53.5000,-3.5000,14.7895
1891-08-16T12:00:00+00:00,52.5000,-6.5000,15.5832
1891-08-16T12:00:00+00:00,52.5000,-5.5000,15.2392
1891-08-16T12:00:00+00:00,52.5000,-4.5000,15.2408
1891-08-16T12:00:00+00:00,51.5000,-6.5000,15.8444
1891-08-16T12:00:00+00:00,51.5000,-5.5000,15.7363
1891-08-16T12:00:00+00:00,51.5000,-4.5000,15.7306
1891-08-16T12:00:00+00:00,51.5000,-3.5000,15.9337
1891-09-16T00:00:00+00:00,53.5000,-5.5000,14.3545
1891-09-16T00:00:00+00:00,53.5000,-4.5000,14.3789
1891-09-16T00:00:00+00:00,53.5000,-3.5000,14.4009
1891-09-16T00:00:00+00:00,52.5000,-6.5000,14.7163
1891-09-16T00:00:00+00:00,52.5000,-5.5000,14.5756
1891-09-16T00:00:00+00:00,52.5000,-4.5000,14.6029
1891-09-16T00:00:00+00:00,51.5000,-6.5000,14.8676
1891-09-16T00:00:00+00:00,51.5000,-5.5000,14.8716
1891-09-16T00:00:00+00:00,51.5000,-4.5000,14.9281
1891-09-16T00:00:00+00:00,51.5000,-3.5000,15.1180
1891-10-16T12:00:00+00:00,53.5000,-5.5000,13.2973
1891-10-16T12:00:00+00:00,53.5000,-4.5000,13.3526
1891-10-16T12:00:00+00:00,53.5000,-3.5000,13.4224
1891-10-16T12:00:00+00:00,52.5000,-6.5000,13.3796
1891-10-16T12:00:00+00:00,52.5000,-5.5000,13.3816
1891-10-16T12:00:00+00:00,52.5000,-4.5000,13.4705
1891-10-16T12:00:00+00:00,51.5000,-6.5000,13.4339
1891-10-16T12:00:00+00:00,51.5000,-5.5000,13.5283
1891-10-16T12:00:00+00:00,51.5000,-4.5000,13.7020
1891-10-16T12:00:00+00:00,51.5000,-3.5000,14.0586
1891-11-16T00:00:00+00:00,53.5000,-5.5000,11.6254
1891-11-16T00:00:00+00:00,53.5000,-4.5000,11.6190
1891-11-16T00:00:00+00:00,53.5000,-3.5000,11.5697
1891-11-16T00:00:00+00:00,52.5000,-6.5000,11.8205
1891-11-16T00:00:00+00:00,52.5000,-5.5000,11.7633
1891-11-16T00:00:00+00:00,52.5000,-4.5000,11.8025
1891-11-16T00:00:00+00:00,51.5000,-6.5000,11.8814
1891-11-16T00:00:00+00:00,51.5000,-5.5000,11.9576
1891-11-16T00:00:00+00:00,51.5000,-4.5000,12.0918
1891-11-16T00:00:00+00:00,51.5000,-3.5000,12.4482
1891-12-16T12:00:00+00:00,53.5000,-5.5000,10.1262
1891-12-16T12:00:00+00:00,53.5000,-4.5000,10.0790
1891-12-16T12:00:00+00:00,53.5000,-3.5000,9.8927
1891-12-16T12:00:00+00:00,52.5000,-6.5000,10.5908
1891-12-16T12:00:00+00:00,52.5000,-5.5000,10.3932
1891-12-16T12:00:00+00:00,52.5000,-4.5000,10.3812
1891-12-16T12:00:00+00:00,51.5000,-6.5000,10.7090
1891-12-16T12:00:00+00:00,51.5000,-5.5000,10.6848
1891-12-16T12:00:00+00:00,51.5000,-4.5000,10.7457
1891-12-16T12:00:00+00:00,51.5000,-3.5000,11.1203
1892-01-16T12:00:00+00:00,53.5000,-5.5000,8.9445
1892-01-16T12:00:00+00:00,53.5000,-4.5000,8.8189
1892-01-16T12:00:00+00:00,53.5000,-3.5000,8.5454
1892-01-16T12:00:00+00:00,52.5000,-6.5000,9.6514
1892-01-16T12:00:00+00:00,52.5000,-5.5000,9.2952
1892-01-16T12:00:00+00:00,52.5000,-4.5000,9.1577
1892-01-16T12:00:00+00:00,51.5000,-6.5000,9.8277
1892-01-16T12:00:00+00:00,51.5000,-5.5000,9.6720
1892-01-16T12:00:00+00:00,51.5000,-4.5000,9.5273
1892-01-16T12:00:00+00:00,51.5000,-3.5000,9.6448
1892-02-15T12:00:00+00:00,53.5000,-5.5000,7.5739
1892-02-15T12:00:00+00:00,53.5000,-4.5000,7.5261
1892-02-15T12:00:00+00:00,53.5000,-3.5000,7.3030
1892-02-15T12:00:00+00:00,52.5000,-6.5000,8.4477
1892-02-15T12:00:00+00:00,52.5000,-5.5000,8.0045
1892-02-15T12:00:00+00:00,52.5000,-4.5000,7.9345
1892-02-15T12:00:00+00:00,51.5000,-6.5000,8.6785
1892-02-15T12:00:00+00:00,51.5000,-5.5000,8.4617
1892-02-15T12:00:00+00:00,51.5000,-4.5000,8.4232
1892-02-15T12:00:00+00:00,51.5000,-3.5000,8.8842
1892-03-16T12:00:00+00:00,53.5000,-5.5000,7.2859
1892-03-16T12:00:00+00:00,53.5000,-4.5000,7.1515
1892-03-16T12:00:00+00:00,53.5000,-3.5000,6.8861
1892-03-16T12:00:00+00:00,52.5000,-6.5000,8.1374
1892-03-16T12:00:00+00:00,52.5000,-5.5000,7.6828
1892-03-16T12:00:00+00:00,52.5000,-4.5000,7.5215
1892-03-16T12:00:00+00:00,51.5000,-6.5000,8.3938
1892-03-16T12:00:00+00:00,51.5000,-5.5000,8.1630
1892-03-16T12:00:00+00:00,51.5000,-4.5000,7.9688
1892-03-16T12:00:00+00:00,51.5000,-3.5000,8.0678
1892-04-16T00:00:00+00:00,53.5000,-5.5000,8.3168
1892-04-16T00:00:00+00:00,53.5000,-4.5000,8.2019
1892-04-16T00:00:00+00:00,53.5000,-3.5000,7.9946
1892-04-16T00:00:00+00:00,52.5000,-6.5000,9.0399
1892-04-16T00:00:00+00:00,52.5000,-5.5000,8.6564
1892-04-16T00:00:00+00:00,52.5000,-4.5000,8.5135
1892-04-16T00:00:00+00:00,51.5000,-6.5000,9.2771
1892-04-16T00:00:00+00:00,51.5000,-5.5000,9.0928
1892-04-16T00:00:00+00:00,51.5000,-4.5000,8.9038
1892-04-16T00:00:00+00:00,51.5000,-3.5000,8.8751
1892-05-16T12:00:00+00:00,53.5000,-5.5000,10.0995
1892-05-16T12:00:00+00:00,53.5000,-4.5000,9.9951
1892-05-16T12:00:00+00:00,53.5000,-3.5000,9.7959
1892-05-16T12:00:00+00:00,52.5000,-6.5000,10.8309
1892-05-16T12:00:00+00:00,52.5000,-5.5000,10.4803
1892-05-16T12:00:00+00:00,52.5000,-4.5000,10.3486
1892-05-16T12:00:00+00:00,51.5000,-6.5000,11.0510
1892-05-16T12:00:00+00:00,51.5000,-5.5000,10.9140
1892-05-16T12:00:00+00:00,51.5000,-4.5000,10.7341
1892-05-16T12:00:00+00:00,51.5000,-3.5000,10.5901
1892-06-16T00:00:00+00:00,53.5000,-5.5000,12.3542
1892-06-16T00:00:00+00:00,53.5000,-4.5000,12.3102
1892-06-16T00:00:00+00:00,53.5000,-3.5000,12.0941
1892-06-16T00:00:00+00:00,52.5000,-6.5000,13.3030
1892-06-16T00:00:00+00:00,52.5000,-5.5000,12.8963
1892-06-16T00:00:00+00:00,52.5000,-4.5000,12.8073
1892-06-16T00:00:00+00:00,51.5000,-6.5000,13.5554
1892-06-16T00:00:00+00:00,51.5000,-5.5000,13.4065
1892-06-16T00:00:00+00:00,51.5000,-4.5000,13.2751
1892-06-16T00:00:00+00:00,51.5000,-3.5000,13.2518
1892-07-16T12:00:00+00:00,53.5000,-5.5000,13.7138
1892-07-16T12:00:00+00:00,53.5000,-4.5000,13.7056
1892-07-16T12:00:00+00:00,53.5000,-3.5000,13.5299
1892-07-16T12:00:00+00:00,52.5000,-6.5000,14.8008
1892-07-16T12:00:00+00:00,52.5000,-5.5000,14.3290
1892-07-16T12:00:00+00:00,52.5000,-4.5000,14.2742
1892-07-16T12:00:00+00:00,51.5000,-6.5000,15.1035
1892-07-16T12:00:00+00:00,51.5000,-5.5000,14.9429
1892-07-16T12:00:00+00:00,51.5000,-4.5000,14.8566
1892-07-16T12:00:00+00:00,51.5000,-3.5000,14.9616
1892-08-16T12:00:00+00:00,53.5000,-5.5000,14.4775
1892-08-16T12:00:00+00:00,53.5000,-4.5000,14.5154
1892-08-16T12:00:00+00:00,53.5000,-3.5000,14.4700
1892-08-16T12:00:00+00:00,52.5000,-6.5000,15.2682
1892-08-16T12:00:00+00:00,52.5000,-5.5000,14.9242
1892-08-16T12:00:00+00:00,52.5000,-4.5000,14.9316
1892-08-16T12:00:00+00:00,51.5000,-6.5000,15.5294
1892-08-16T12:00:00+00:00,51.5000,-5.5000,15.4213
1892-08-16T12:00:00+00:00,51.5000,-4.5000,15.4245
1892-08-16T12:00:00+00:00,51.5000,-3.5000,15.6481
1892-09-16T00:00:00+00:00,53.5000,-5.5000,14.1468
1892-09-16T00:00:00+00:00,53.5000,-4.5000,14.1869
1892-09-16T00:00:00+00:00,53.5000,-3.5000,14.2037
1892-09-16T00:00:00+00:00,52.5000,-6.5000,14.5223
1892-09-16T00:00:00+00:00,52.5000,-5.5000,14.3816
1892-09-16T00:00:00+00:00,52.5000,-4.5000,14.4282
1892-09-16T00:00:00+00:00,51.5000,-6.5000,14.6736
1892-09-16T00:00:00+00:00,51.5000,-5.5000,14.6776
1892-09-16T00:00:00+00:00,51.5000,-4.5000,14.7631
1892-09-16T00:00:00+00:00,51.5000,-3.5000,15.0209
1892-10-16T12:00:00+00:00,53.5000,-5.5000,13.1420
1892-10-16T12:00:00+00:00,53.5000,-4.5000,13.1632
1892-10-16T12:00:00+00:00,53.5000,-3.5000,13.2041
1892-10-16T12:00:00+00:00,52.5000,-6.5000,13.1816
1892-10-16T12:00:00+00:00,52.5000,-5.5000,13.1836
1892-10-16T12:00:00+00:00,52.5000,-4.5000,13.2571
1892-10-16T12:00:00+00:00,51.5000,-6.5000,13.2359
1892-10-16T12:00:00+00:00,51.5000,-5.5000,13.3303
1892-10-16T12:00:00+00:00,51.5000,-4.5000,13.4809
1892-10-16T12:00:00+00:00,51.5000,-3.5000,13.7837
1892-11-16T00:00:00+00:00,53.5000,-5.5000,11.4699
1892-11-16T00:00:00+00:00,53.5000,-4.5000,11.3895
1892-11-16T00:00:00+00:00,53.5000,-3.5000,11.2480
1892-11-16T00:00:00+00:00,52.5000,-6.5000,11.6205
1892-11-16T00:00:00+00:00,52.5000,-5.5000,11.5633
1892-11-16T00:00:00+00:00,52.5000,-4.5000,11.5600
1892-11-16T00:00:00+00:00,51.5000,-6.5000,11.6814
1892-11-16T00:00:00+00:00,51.5000,-5.5000,11.7576
1892-11-16T00:00:00+00:00,51.5000,-4.5000,11.8280
1892-11-16T00:00:00+00:00,51.5000,-3.5000,12.0357
1892-12-16T12:00:00+00:00,53.5000,-5.5000,10.0644
1892-12-16T12:00:00+00:00,53.5000,-4.5000,9.9197
1892-12-16T12:00:00+00:00,53.5000,-3.5000,9.6408
1892-12-16T12:00:00+00:00,52.5000,-6.5000,10.4687
1892-12-16T12:00:00+00:00,52.5000,-5.5000,10.2711
1892-12-16T12:00:00+00:00,52.5000,-4.5000,10.1894
1892-12-16T12:00:00+00:00,51.5000,-6.5000,10.5869
1892-12-16T12:00:00+00:00,51.5000,-5.5000,10.5627
1892-12-16T12:00:00+00:00,51.5000,-4.5000,10.5191
1892-12-16T12:00:00+00:00,51.5000,-3.5000,10.6498
1893-01-16T12:00:00+00:00,53.5000,-5.5000,8.8912
1893-01-16T12:00:00+00:00,53.5000,-4.5000,8.6998
1893-01-16T12:00:00+00:00,53.5000,-3.5000,8.3353
1893-01-16T12:00:00+00:00,52.5000,-6.5000,9.5710
1893-01-16T12:00:00+00:00,52.5000,-5.5000,9.2148
1893-01-16T12:00:00+00:00,52.5000,-4.5000,9.0377
1893-01-16T12:00:00+00:00,51.5000,-6.5000,9.7474
1893-01-16T12:00:00+00:00,51.5000,-5.5000,9.5917
1893-01-16T12:00:00+00:00,51.5000,-4.5000,9.3876
1893-01-16T12:00:00+00:00,51.5000,-3.5000,9.3665
1893-02-15T00:00:00+00:00,53.5000,-5.5000,7.9287
1893-02-15T00:00:00+00:00,53.5000,-4.5000,7.8478
1893-02-15T00:00:00+00:00,53.5000,-3.5000,7.5758
1893-02-15T00:00:00+00:00,52.5000,-6.5000,8.7787
1893-02-15T00:00:00+00:00,52.5000,-5.5000,8.3355
1893-02-15T00:00:00+00:00,52.5000,-4.5000,8.2523
1893-02-15T00:00:00+00:00,51.5000,-6.5000,9.0095
1893-02-15T00:00:00+00:00,51.5000,-5.5000,8.7927
1893-02-15T00:00:00+00:00,51.5000,-4.5000,8.7343
1893-02-15T00:00:00+00:00,51.5000,-3.5000,9.1490
1893-03-16T12:00:00+00:00,53.5000,-5.5000,8.1611
1893-03-16T12:00:00+00:00,53.5000,-4.5000,8.0272
1893-03-16T12:00:00+00:00,53.5000,-3.5000,7.6838
1893-03-16T12:00:00+00:00,52.5000,-6.5000,9.0894
1893-03-16T12:00:00+00:00,52.5000,-5.5000,8.6348
1893-03-16T12:00:00+00:00,52.5000,-4.5000,8.4749
1893-03-16T12:00:00+00:00,51.5000,-6.5000,9.3458
1893-03-16T12:00:00+00:00,51.5000,-5.5000,9.1150
1893-03-16T12:00:00+00:00,51.5000,-4.5000,8.9229
1893-03-16T12:00:00+00:00,51.5000,-3.5000,9.0267
1893-04-16T00:00:00+00:00,53.5000,-5.5000,9.2958
1893-04-16T00:00:00+00:00,53.5000,-4.5000,9.2513
1893-04-16T00:00:00+00:00,53.5000,-3.5000,9.0826
1893-04-16T00:00:00+00:00,52.5000,-6.5000,9.9879
1893-04-16T00:00:00+00:00,52.5000,-5.5000,9.6044
1893-04-16T00:00:00+00:00,52.5000,-4.5000,9.5633
1893-04-16T00:00:00+00:00,51.5000,-6.5000,10.2251
1893-04-16T00:00:00+00:00,51.5000,-5.5000,10.0409
1893-04-16T00:00:00+00:00,51.5000,-4.5000,10.0046
1893-04-16T00:00:00+00:00,51.5000,-3.5000,10.3323
1893-05-16T12:00:00+00:00,53.5000,-5.5000,11.1898
1893-05-16T12:00:00+00:00,53.5000,-4.5000,11.1714
1893-05-16T12:00:00+00:00,53.5000,-3.5000,10.9037
1893-05-16T12:00:00+00:00,52.5000,-6.5000,12.0709
1893-05-16T12:00:00+00:00,52.5000,-5.5000,11.7204
1893-05-16T12:00:00+00:00,52.5000,-4.5000,11.6770
1893-05-16T12:00:00+00:00,51.5000,-6.5000,12.2911
1893-05-16T12:00:00+00:00,51.5000,-5.5000,12.1541
1893-05-16T12:00:00+00:00,51.5000,-4.5000,12.1068
1893-05-16T12:00:00+00:00,51.5000,-3.5000,12.2722
1893-06-16T00:00:00+00:00,53.5000,-5.5000,13.4507
1893-06-16T00:00:00+00:00,53.5000,-4.5000,13.4138
1893-06-16T00:00:00+00:00,53.5000,-3.5000,13.1186
1893-06-16T00:00:00+00:00,52.5000,-6.5000,14.4353
1893-06-16T00:00:00+00:00,52.5000,-5.5000,14.0285
1893-06-16T00:00:00+00:00,52.5000,-4.5000,13.9720
1893-06-16T00:00:00+00:00,51.5000,-6.5000,14.6877
1893-06-16T00:00:00+00:00,51.5000,-5.5000,14.5387
1893-06-16T00:00:00+00:00,51.5000,-4.5000,14.4561
1893-06-16T00:00:00+00:00,51.5000,-3.5000,14.5463
1893-07-16T12:00:00+00:00,53.5000,-5.5000,14.8332
1893-07-16T12:00:00+00:00,53.5000,-4.5000,14.8574
1893-07-16T12:00:00+00:00,53.5000,-3.5000,14.7428
1893-07-16T12:00:00+00:00,52.5000,-6.5000,15.8173
1893-07-16T12:00:00+00:00,52.5000,-5.5000,15.3455
1893-07-16T12:00:00+00:00,52.5000,-4.5000,15.3601
1893-07-16T12:00:00+00:00,51.5000,-6.5000,16.1200
1893-07-16T12:00:00+00:00,51.5000,-5.5000,15.9594
1893-07-16T12:00:00+00:00,51.5000,-4.5000,15.9773
1893-07-16T12:00:00+00:00,51.5000,-3.5000,16.3254
1893-08-16T12:00:00+00:00,53.5000,-5.5000,16.0317
1893-08-16T12:00:00+00:00,53.5000,-4.5000,16.0126
1893-08-16T12:00:00+00:00,53.5000,-3.5000,15.8007
1893-08-16T12:00:00+00:00,52.5000,-6.5000,16.8402
1893-08-16T12:00:00+00:00,52.5000,-5.5000,16.4962
1893-08-16T12:00:00+00:00,52.5000,-4.5000,16.4925
1893-08-16T12:00:00+00:00,51.5000,-6.5000,17.1014
1893-08-16T12:00:00+00:00,51.5000,-5.5000,16.9933
1893-08-16T12:00:00+00:00,51.5000,-4.5000,16.9798
1893-08-16T12:00:00+00:00,51.5000,-3.5000,17.1644
1893-09-16T00:00:00+00:00,53.5000,-5.5000,15.3807
1893-09-16T00:00:00+00:00,53.5000,-4.5000,15.4134
1893-09-16T00:00:00+00:00,53.5000,-3.5000,15.3601
1893-09-16T00:00:00+00:00,52.5000,-6.5000,15.7398
1893-09-16T00:00:00+00:00,52.5000,-5.5000,15.5991
1893-09-16T00:00:00+00:00,52.5000,-4.5000,15.6779
1893-09-16T00:00:00+00:00,51.5000,-6.5000,15.8911
1893-09-16T00:00:00+00:00,51.5000,-5.5000,15.8951
1893-09-16T00:00:00+00:00,51.5000,-4.5000,16.0289
1893-09-16T00:00:00+00:00,51.5000,-3.5000,16.3993
1893-10-16T12:00:00+00:00,53.5000,-5.5000,14.1911
1893-10-16T12:00:00+00:00,53.5000,-4.5000,14.1874
1893-10-16T12:00:00+00:00,53.5000,-3.5000,14.0756
1893-10-16T12:00:00+00:00,52.5000,-6.5000,14.3296
1893-10-16T12:00:00+00:00,52.5000,-5.5000,14.3317
1893-10-16T12:00:00+00:00,52.5000,-4.5000,14.3947
1893-10-16T12:00:00+00:00,51.5000,-6.5000,14.3840
1893-10-16T12:00:00+00:00,51.5000,-5.5000,14.4784
1893-10-16T12:00:00+00:00,51.5000,-4.5000,14.6132
1893-10-16T12:00:00+00:00,51.5000,-3.5000,14.8791
1893-11-16T00:00:00+00:00,53.5000,-5.5000,11.8281
1893-11-16T00:00:00+00:00,53.5000,-4.5000,11.7570
1893-11-16T00:00:00+00:00,53.5000,-3.5000,11.5795
1893-11-16T00:00:00+00:00,52.5000,-6.5000,12.0345
1893-11-16T00:00:00+00:00,52.5000,-5.5000,11.9773
1893-11-16T00:00:00+00:00,52.5000,-4.5000,11.9778
1893-11-16T00:00:00+00:00,51.5000,-6.5000,12.0954
1893-11-16T00:00:00+00:00,51.5000,-5.5000,12.1716
1893-11-16T00:00:00+00:00,51.5000,-4.5000,12.2479
1893-11-16T00:00:00+00:00,51.5000,-3.5000,12.4691
1893-12-16T12:00:00+00:00,53.5000,-5.5000,9.9374
1893-12-16T12:00:00+00:00,53.5000,-4.5000,9.7822
1893-12-16T12:00:00+00:00,53.5000,-3.5000,9.4978
1893-12-16T12:00:00+00:00,52.5000,-6.5000,10.3597
1893-12-16T12:00:00+00:00,52.5000,-5.5000,10.1621
1893-12-16T12:00:00+00:00,52.5000,-4.5000,10.0584
1893-12-16T12:00:00+00:00,51.5000,-6.5000,10.4779
1893-12-16T12:00:00+00:00,51.5000,-5.5000,10.4537
1893-12-16T12:00:00+00:00,51.5000,-4.5000,10.3771
1893-12-16T12:00:00+00:00,51.5000,-3.5000,10.4308
1894-01-16T12:00:00+00:00,53.5000,-5.5000,8.5177
1894-01-16T12:00:00+00:00,53.5000,-4.5000,8.4142
1894-01-16T12:00:00+00:00,53.5000,-3.5000,8.1810
1894-01-16T12:00:00+00:00,52.5000,-6.5000,9.1910
1894-01-16T12:00:00+00:00,52.5000,-5.5000,8.8348
1894-01-16T12:00:00+00:00,52.5000,-4.5000,8.7271
1894-01-16T12:00:00+00:00,51.5000,-6.5000,9.3674
1894-01-16T12:00:00+00:00,51.5000,-5.5000,9.2117
1894-01-16T12:00:00+00:00,51.5000,-4.5000,9.1116
1894-01-16T12:00:00+00:00,51.5000,-3.5000,9.3332
1894-02-15T00:00:00+00:00,53.5000,-5.5000,7.9964
1894-02-15T00:00:00+00:00,53.5000,-4.5000,7.9200
1894-02-15T00:00:00+00:00,53.5000,-3.5000,7.6414
1894-02-15T00:00:00+00:00,52.5000,-6.5000,8.9094
1894-02-15T00:00:00+00:00,52.5000,-5.5000,8.4662
1894-02-15T00:00:00+00:00,52.5000,-4.5000,8.3613
1894-02-15T00:00:00+00:00,51.5000,-6.5000,9.1402
1894-02-15T00:00:00+00:00,51.5000,-5.5000,8.9234
1894-02-15T00:00:00+00:00,51.5000,-4.5000,8.8326
1894-02-15T00:00:00+00:00,51.5000,-3.5000,9.1714
1894-03-16T12:00:00+00:00,53.5000,-5.5000,7.8075
1894-03-16T12:00:00+00:00,53.5000,-4.5000,7.7539
1894-03-16T12:00:00+00:00,53.5000,-3.5000,7.6118
1894-03-16T12:00:00+00:00,52.5000,-6.5000,8.6710
1894-03-16T12:00:00+00:00,52.5000,-5.5000,8.2164
1894-03-16T12:00:00+00:00,52.5000,-4.5000,8.1085
1894-03-16T12:00:00+00:00,51.5000,-6.5000,8.9273
1894-03-16T12:00:00+00:00,51.5000,-5.5000,8.6965
1894-03-16T12:00:00+00:00,51.5000,-4.5000,8.5826
1894-03-16T12:00:00+00:00,51.5000,-3.5000,8.8687
1894-04-16T00:00:00+00:00,53.5000,-5.5000,8.9436
1894-04-16T00:00:00+00:00,53.5000,-4.5000,8.9313
1894-04-16T00:00:00+00:00,53.5000,-3.5000,8.7535
1894-04-16T00:00:00+00:00,52.5000,-6.5000,9.8512
1894-04-16T00:00:00+00:00,52.5000,-5.5000,9.4677
1894-04-16T00:00:00+00:00,52.5000,-4.5000,9.3717
1894-04-16T00:00:00+00:00,51.5000,-6.5000,10.0884
1894-04-16T00:00:00+00:00,51.5000,-5.5000,9.9042
1894-04-16T00:00:00+00:00,51.5000,-4.5000,9.7854
1894-04-16T00:00:00+00:00,51.5000,-3.5000,9.9209
1894-05-16T12:00:00+00:00,53.5000,-5.5000,9.6442
1894-05-16T12:00:00+00:00,53.5000,-4.5000,9.7185
1894-05-16T12:00:00+00:00,53.5000,-3.5000,9.7123
1894-05-16T12:00:00+00:00,52.5000,-6.5000,10.4529
1894-05-16T12:00:00+00:00,52.5000,-5.5000,10.1023
1894-05-16T12:00:00+00:00,52.5000,-4.5000,10.1035
1894-05-16T12:00:00+00:00,51.5000,-6.5000,10.6730
1894-05-16T12:00:00+00:00,51.5000,-5.5000,10.5360
1894-05-16T12:00:00+00:00,51.5000,-4.5000,10.5556
1894-05-16T12:00:00+00:00,51.5000,-3.5000,10.8769
1894-06-16T00:00:00+00:00,53.5000,-5.5000,11.6028
1894-06-16T00:00:00+00:00,53.5000,-4.5000,11.6554
1894-06-16T00:00:00+00:00,53.5000,-3.5000,11.5948
1894-06-16T00:00:00+00:00,52.5000,-6.5000,12.5538
1894-06-16T00:00:00+00:00,52.5000,-5.5000,12.1470
1894-06-16T00:00:00+00:00,52.5000,-4.5000,12.1242
1894-06-16T00:00:00+00:00,51.5000,-6.5000,12.8062
1894-06-16T00:00:00+00:00,51.5000,-5.5000,12.6573
1894-06-16T00:00:00+00:00,51.5000,-4.5000,12.6251
1894-06-16T00:00:00+00:00,51.5000,-3.5000,12.8333
1894-07-16T12:00:00+00:00,53.5000,-5.5000,13.4568
1894-07-16T12:00:00+00:00,53.5000,-4.5000,13.5120
1894-07-16T12:00:00+00:00,53.5000,-3.5000,13.4150
1894-07-16T12:00:00+00:00,52.5000,-6.5000,14.5825
1894-07-16T12:00:00+00:00,52.5000,-5.5000,14.1107
1894-07-16T12:00:00+00:00,52.5000,-4.5000,14.0922
1894-07-16T12:00:00+00:00,51.5000,-6.5000,14.8852
1894-07-16T12:00:00+00:00,51.5000,-5.5000,14.7246
1894-07-16T12:00:00+00:00,51.5000,-4.5000,14.6929
1894-07-16T12:00:00+00:00,51.5000,-3.5000,14.9251
1894-08-16T12:00:00+00:00,53.5000,-5.5000,14.7022
1894-08-16T12:00:00+00:00,53.5000,-4.5000,14.7795
1894-08-16T12:00:00+00:00,53.5000,-3.5000,14.7412
1894-08-16T12:00:00+00:00,52.5000,-6.5000,15.5602
1894-08-16T12:00:00+00:00,52.5000,-5.5000,15.2162
1894-08-16T12:00:00+00:00,52.5000,-4.5000,15.2456
1894-08-16T12:00:00+00:00,51.5000,-6.5000,15.8214
1894-08-16T12:00:00+00:00,51.5000,-5.5000,15.7133
1894-08-16T12:00:00+00:00,51.5000,-4.5000,15.7495
1894-08-16T12:00:00+00:00,51.5000,-3.5000,16.0501
1894-09-16T00:00:00+00:00,53.5000,-5.5000,14.3575
1894-09-16T00:00:00+00:00,53.5000,-4.5000,14.4338
1894-09-16T00:00:00+00:00,53.5000,-3.5000,14.4058
1894-09-16T00:00:00+00:00,52.5000,-6.5000,14.8616
1894-09-16T00:00:00+00:00,52.5000,-5.5000,14.7208
1894-09-16T00:00:00+00:00,52.5000,-4.5000,14.7800
1894-09-16T00:00:00+00:00,51.5000,-6.5000,15.0129
1894-09-16T00:00:00+00:00,51.5000,-5.5000,15.0168
1894-09-16T00:00:00+00:00,51.5000,-4.5000,15.1211
1894-09-16T00:00:00+00:00,51.5000,-3.5000,15.4225
1894-10-16T12:00:00+00:00,53.5000,-5.5000,13.5573
1894-10-16T12:00:00+00:00,53.5000,-4.5000,13.5998
1894-10-16T12:00:00+00:00,53.5000,-3.5000,13.5692
1894-10-16T12:00:00+00:00,52.5000,-6.5000,13.7476
1894-10-16T12:00:00+00:00,52.5000,-5.5000,13.7496
1894-10-16T12:00:00+00:00,52.5000,-4.5000,13.8155
1894-10-16T12:00:00+00:00,51.5000,-6.5000,13.8019
1894-10-16T12:00:00+00:00,51.5000,-5.5000,13.8963
1894-10-16T12:00:00+00:00,51.5000,-4.5000,14.0356
1894-10-16T12:00:00+00:00,51.5000,-3.5000,14.3118
1894-11-16T00:00:00+00:00,53.5000,-5.5000,12.1059
1894-11-16T00:00:00+00:00,53.5000,-4.5000,12.0723
1894-11-16T00:00:00+00:00,53.5000,-3.5000,11.8990
1894-11-16T00:00:00+00:00,52.5000,-6.5000,12.4085
1894-11-16T00:00:00+00:00,52.5000,-5.5000,12.3513
1894-11-16T00:00:00+00:00,52.5000,-4.5000,12.3580
1894-11-16T00:00:00+00:00,51.5000,-6.5000,12.4694
1894-11-16T00:00:00+00:00,51.5000,-5.5000,12.5456
1894-11-16T00:00:00+00:00,51.5000,-4.5000,12.6310
1894-11-16T00:00:00+00:00,51.5000,-3.5000,12.8737
1894-12-16T12:00:00+00:00,53.5000,-5.5000,10.4192
1894-12-16T12:00:00+00:00,53.5000,-4.5000,10.2925
1894-12-16T12:00:00+00:00,53.5000,-3.5000,9.9678
1894-12-16T12:00:00+00:00,52.5000,-6.5000,10.9247
1894-12-16T12:00:00+00:00,52.5000,-5.5000,10.7271
1894-12-16T12:00:00+00:00,52.5000,-4.5000,10.6447
1894-12-16T12:00:00+00:00,51.5000,-6.5000,11.0429
1894-12-16T12:00:00+00:00,51.5000,-5.5000,11.0187
1894-12-16T12:00:00+00:00,51.5000,-4.5000,10.9740
1894-12-16T12:00:00+00:00,51.5000,-3.5000,11.1020
1895-01-16T12:00:00+00:00,53.5000,-5.5000,8.5596
1895-01-16T12:00:00+00:00,53.5000,-4.5000,8.4334
1895-01-16T12:00:00+00:00,53.5000,-3.5000,8.0934
1895-01-16T12:00:00+00:00,52.5000,-6.5000,9.2848
1895-01-16T12:00:00+00:00,52.5000,-5.5000,8.9286
1895-01-16T12:00:00+00:00,52.5000,-4.5000,8.8144
1895-01-16T12:00:00+00:00,51.5000,-6.5000,9.4612
1895-01-16T12:00:00+00:00,51.5000,-5.5000,9.3054
1895-01-16T12:00:00+00:00,51.5000,-4.5000,9.1957
1895-01-16T12:00:00+00:00,51.5000,-3.5000,9.3945
1895-02-15T00:00:00+00:00,53.5000,-5.5000,7.2522
1895-02-15T00:00:00+00:00,53.5000,-4.5000,6.9620
1895-02-15T00:00:00+00:00,53.5000,-3.5000,6.4307
1895-02-15T00:00:00+00:00,52.5000,-6.5000,8.1357
1895-02-15T00:00:00+00:00,52.5000,-5.5000,7.6925
1895-02-15T00:00:00+00:00,52.5000,-4.5000,7.4083
1895-02-15T00:00:00+00:00,51.5000,-6.5000,8.3665
1895-02-15T00:00:00+00:00,51.5000,-5.5000,8.1497
1895-02-15T00:00:00+00:00,51.5000,-4.5000,7.7898
1895-02-15T00:00:00+00:00,51.5000,-3.5000,7.5009
1895-03-16T12:00:00+00:00,53.5000,-5.5000,6.9312
1895-03-16T12:00:00+00:00,53.5000,-4.5000,6.6641
1895-03-16T12:00:00+00:00,53.5000,-3.5000,6.1987
1895-03-16T12:00:00+00:00,52.5000,-6.5000,7.8096
1895-03-16T12:00:00+00:00,52.5000,-5.5000,7.3550
1895-03-16T12:00:00+00:00,52.5000,-4.5000,7.0812
1895-03-16T12:00:00+00:00,51.5000,-6.5000,8.0660
1895-03-16T12:00:00+00:00,51.5000,-5.5000,7.8352
1895-03-16T12:00:00+00:00,51.5000,-4.5000,7.4723
1895-03-16T12:00:00+00:00,51.5000,-3.5000,7.1776
1895-04-16T00:00:00+00:00,53.5000,-5.5000,7.8964
1895-04-16T00:00:00+00:00,53.5000,-4.5000,7.8243
1895-04-16T00:00:00+00:00,53.5000,-3.5000,7.7041
1895-04-16T00:00:00+00:00,52.5000,-6.5000,8.5952
1895-04-16T00:00:00+00:00,52.5000,-5.5000,8.2117
1895-04-16T00:00:00+00:00,52.5000,-4.5000,8.1018
1895-04-16T00:00:00+00:00,51.5000,-6.5000,8.8324
1895-04-16T00:00:00+00:00,51.5000,-5.5000,8.6482
1895-04-16T00:00:00+00:00,51.5000,-4.5000,8.5086
1895-04-16T00:00:00+00:00,51.5000,-3.5000,8.5953
1895-05-16T12:00:00+00:00,53.5000,-5.5000,9.9532
1895-05-16T12:00:00+00:00,53.5000,-4.5000,9.9215
1895-05-16T12:00:00+00:00,53.5000,-3.5000,9.8210
1895-05-16T12:00:00+00:00,52.5000,-6.5000,10.7019
1895-05-16T12:00:00+00:00,52.5000,-5.5000,10.3513
1895-05-16T12:00:00+00:00,52.5000,-4.5000,10.2706
1895-05-16T12:00:00+00:00,51.5000,-6.5000,10.9220
1895-05-16T12:00:00+00:00,51.5000,-5.5000,10.7850
1895-05-16T12:00:00+00:00,51.5000,-4.5000,10.6817
1895-05-16T12:00:00+00:00,51.5000,-3.5000,10.7165
1895-06-16T00:00:00+00:00,53.5000,-5.5000,12.5198
1895-06-16T00:00:00+00:00,53.5000,-4.5000,12.5159
1895-06-16T00:00:00+00:00,53.5000,-3.5000,12.2906
1895-06-16T00:00:00+00:00,52.5000,-6.5000,13.5751
1895-06-16T00:00:00+00:00,52.5000,-5.5000,13.1684
1895-06-16T00:00:00+00:00,52.5000,-4.5000,13.0910
1895-06-16T00:00:00+00:00,51.5000,-6.5000,13.8275
1895-06-16T00:00:00+00:00,51.5000,-5.5000,13.6786
1895-06-16T00:00:00+00:00,51.5000,-4.5000,13.5647
1895-06-16T00:00:00+00:00,51.5000,-3.5000,13.5820
1895-07-16T12:00:00+00:00,53.5000,-5.5000,13.8024
1895-07-16T12:00:00+00:00,53.5000,-4.5000,13.7853
1895-07-16T12:00:00+00:00,53.5000,-3.5000,13.5518
1895-07-16T12:00:00+00:00,52.5000,-6.5000,14.8785
1895-07-16T12:00:00+00:00,52.5000,-5.5000,14.4067
1895-07-16T12:00:00+00:00,52.5000,-4.5000,14.3729
1895-07-16T12:00:00+00:00,51.5000,-6.5000,15.1812
1895-07-16T12:00:00+00:00,51.5000,-5.5000,15.0206
1895-07-16T12:00:00+00:00,51.5000,-4.5000,14.9659
1895-07-16T12:00:00+00:00,51.5000,-3.5000,15.1445
1895-08-16T12:00:00+00:00,53.5000,-5.5000,14.4406
1895-08-16T12:00:00+00:00,53.5000,-4.5000,14.5302
1895-08-16T12:00:00+00:00,53.5000,-3.5000,14.6391
1895-08-16T12:00:00+00:00,52.5000,-6.5000,15.1624
1895-08-16T12:00:00+00:00,52.5000,-5.5000,14.8183
1895-08-16T12:00:00+00:00,52.5000,-4.5000,14.8607
1895-08-16T12:00:00+00:00,51.5000,-6.5000,15.4236
1895-08-16T12:00:00+00:00,51.5000,-5.5000,15.3155
1895-08-16T12:00:00+00:00,51.5000,-4.5000,15.3710
1895-08-16T12:00:00+00:00,51.5000,-3.5000,15.7167
1895-09-16T00:00:00+00:00,53.5000,-5.5000,15.4589
1895-09-16T00:00:00+00:00,53.5000,-4.5000,15.4684
1895-09-16T00:00:00+00:00,53.5000,-3.5000,15.2729
1895-09-16T00:00:00+00:00,52.5000,-6.5000,16.0461
1895-09-16T00:00:00+00:00,52.5000,-5.5000,15.9054
1895-09-16T00:00:00+00:00,52.5000,-4.5000,15.9064
1895-09-16T00:00:00+00:00,51.5000,-6.5000,16.1974
1895-09-16T00:00:00+00:00,51.5000,-5.5000,16.2014
1895-09-16T00:00:00+00:00,51.5000,-4.5000,16.2185
1895-09-16T00:00:00+00:00,51.5000,-3.5000,16.3167
1895-10-16T12:00:00+00:00,53.5000,-5.5000,14.1468
1895-10-16T12:00:00+00:00,53.5000,-4.5000,14.1916
1895-10-16T12:00:00+00:00,53.5000,-3.5000,14.2016
1895-10-16T12:00:00+00:00,52.5000,-6.5000,14.2900
1895-10-16T12:00:00+00:00,52.5000,-5.5000,14.2920
1895-10-16T12:00:00+00:00,52.5000,-4.5000,14.3645
1895-10-16T12:00:00+00:00,51.5000,-6.5000,14.3444
1895-10-16T12:00:00+00:00,51.5000,-5.5000,14.4387
1895-10-16T12:00:00+00:00,51.5000,-4.5000,14.5879
1895-10-16T12:00:00+00:00,51.5000,-3.5000,14.8872
1895-11-16T00:00:00+00:00,53.5000,-5.5000,12.1011
1895-11-16T00:00:00+00:00,53.5000,-4.5000,12.0853
1895-11-16T00:00:00+00:00,53.5000,-3.5000,11.9935
1895-11-16T00:00:00+00:00,52.5000,-6.5000,12.3415
1895-11-16T00:00:00+00:00,52.5000,-5.5000,12.2843
1895-11-16T00:00:00+00:00,52.5000,-4.5000,12.3081
1895-11-16T00:00:00+00:00,51.5000,-6.5000,12.4024
1895-11-16T00:00:00+00:00,51.5000,-5.5000,12.4786
1895-11-16T00:00:00+00:00,51.5000,-4.5000,12.5897
1895-11-16T00:00:00+00:00,51.5000,-3.5000,12.8923
1895-12-16T12:00:00+00:00,53.5000,-5.5000,10.3417
1895-12-16T12:00:00+00:00,53.5000,-4.5000,10.2733
1895-12-16T12:00:00+00:00,53.5000,-3.5000,10.0994
1895-12-16T12:00:00+00:00,52.5000,-6.5000,10.7867
1895-12-16T12:00:00+00:00,52.5000,-5.5000,10.5891
1895-12-16T12:00:00+00:00,52.5000,-4.5000,10.5490
1895-12-16T12:00:00+00:00,51.5000,-6.5000,10.9049
1895-12-16T12:00:00+00:00,51.5000,-5.5000,10.8807
1895-12-16T12:00:00+00:00,51.5000,-4.5000,10.8994
1895-12-16T12:00:00+00:00,51.5000,-3.5000,11.1755
1896-01-16T12:00:00+00:00,53.5000,-5.5000,9.8468
1896-01-16T12:00:00+00:00,53.5000,-4.5000,9.6940
1896-01-16T12:00:00+00:00,53.5000,-3.5000,9.2578
1896-01-16T12:00:00+00:00,52.5000,-6.5000,10.7045
1896-01-16T12:00:00+00:00,52.5000,-5.5000,10.3483
1896-01-16T12:00:00+00:00,52.5000,-4.5000,10.1759
1896-01-16T12:00:00+00:00,51.5000,-6.5000,10.8809
1896-01-16T12:00:00+00:00,51.5000,-5.5000,10.7251
1896-01-16T12:00:00+00:00,51.5000,-4.5000,10.5282
1896-01-16T12:00:00+00:00,51.5000,-3.5000,10.5236
1896-02-15T12:00:00+00:00,53.5000,-5.5000,9.2238
1896-02-15T12:00:00+00:00,53.5000,-4.5000,9.0200
1896-02-15T12:00:00+00:00,53.5000,-3.5000,8.4285
1896-02-15T12:00:00+00:00,52.5000,-6.5000,10.3016
1896-02-15T12:00:00+00:00,52.5000,-5.5000,9.8584
1896-02-15T12:00:00+00:00,52.5000,-4.5000,9.6366
1896-02-15T12:00:00+00:00,51.5000,-6.5000,10.5324
1896-02-15T12:00:00+00:00,51.5000,-5.5000,10.3156
1896-02-15T12:00:00+00:00,51.5000,-4.5000,10.0494
1896-02-15T12:00:00+00:00,51.5000,-3.5000,9.9790
1896-03-16T12:00:00+00:00,53.5000,-5.5000,8.5527
1896-03-16T12:00:00+00:00,53.5000,-4.5000,8.4601
1896-03-16T12:00:00+00:00,53.5000,-3.5000,8.1448
1896-03-16T12:00:00+00:00,52.5000,-6.5000,9.4829
1896-03-16T12:00:00+00:00,52.5000,-5.5000,9.0283
1896-03-16T12:00:00+00:00,52.5000,-4.5000,8.9153
1896-03-16T12:00:00+00:00,51.5000,-6.5000,9.7393
1896-03-16T12:00:00+00:00,51.5000,-5.5000,9.5084
1896-03-16T12:00:00+00:00,51.5000,-4.5000,9.3867
1896-03-16T12:00:00+00:00,51.5000,-3.5000,9.6546
1896-04-16T00:00:00+00:00,53.5000,-5.5000,9.2846
1896-04-16T00:00:00+00:00,53.5000,-4.5000,9.3070
1896-04-16T00:00:00+00:00,53.5000,-3.5000,9.2019
1896-04-16T00:00:00+00:00,52.5000,-6.5000,10.0765
1896-04-16T00:00:00+00:00,52.5000,-5.5000,9.6930
1896-04-16T00:00:00+00:00,52.5000,-4.5000,9.6706
1896-04-16T00:00:00+00:00,51.5000,-6.5000,10.3137
1896-04-16T00:00:00+00:00,51.5000,-5.5000,10.1295
1896-04-16T00:00:00+00:00,51.5000,-4.5000,10.1212
1896-04-16T00:00:00+00:00,51.5000,-3.5000,10.5144
1896-05-16T12:00:00+00:00,53.5000,-5.5000,10.9541
1896-05-16T12:00:00+00:00,53.5000,-4.5000,10.9701
1896-05-16T12:00:00+00:00,53.5000,-3.5000,10.8585
1896-05-16T12:00:00+00:00,52.5000,-6.5000,11.7494
1896-05-16T12:00:00+00:00,52.5000,-5.5000,11.3989
1896-05-16T12:00:00+00:00,52.5000,-4.5000,11.3719
1896-05-16T12:00:00+00:00,51.5000,-6.5000,11.9695
1896-05-16T12:00:00+00:00,51.5000,-5.5000,11.8326
1896-05-16T12:00:00+00:00,51.5000,-4.5000,11.8099
1896-05-16T12:00:00+00:00,51.5000,-3.5000,12.0327
1896-06-16T00:00:00+00:00,53.5000,-5.5000,13.2282
1896-06-16T00:00:00+00:00,53.5000,-4.5000,13.2233
1896-06-16T00:00:00+00:00,53.5000,-3.5000,13.0950
1896-06-16T00:00:00+00:00,52.5000,-6.5000,14.1072
1896-06-16T00:00:00+00:00,52.5000,-5.5000,13.7005
1896-06-16T00:00:00+00:00,52.5000,-4.5000,13.6611
1896-06-16T00:00:00+00:00,51.5000,-6.5000,14.3596
1896-06-16T00:00:00+00:00,51.5000,-5.5000,14.2107
1896-06-16T00:00:00+00:00,51.5000,-4.5000,14.1538
1896-06-16T00:00:00+00:00,51.5000,-3.5000,14.3040
1896-07-16T12:00:00+00:00,53.5000,-5.5000,14.4108
1896-07-16T12:00:00+00:00,53.5000,-4.5000,14.4917
1896-07-16T12:00:00+00:00,53.5000,-3.5000,14.4102
1896-07-16T12:00:00+00:00,52.5000,-6.5000,15.5225
1896-07-16T12:00:00+00:00,52.5000,-5.5000,15.0507
1896-07-16T12:00:00+00:00,52.5000,-4.5000,15.0701
1896-07-16T12:00:00+00:00,51.5000,-6.5000,15.8252
1896-07-16T12:00:00+00:00,51.5000,-5.5000,15.6646
1896-07-16T12:00:00+00:00,51.5000,-4.5000,15.6897
1896-07-16T12:00:00+00:00,51.5000,-3.5000,16.0543
1896-08-16T12:00:00+00:00,53.5000,-5.5000,15.0587
1896-08-16T12:00:00+00:00,53.5000,-4.5000,15.0999
1896-08-16T12:00:00+00:00,53.5000,-3.5000,15.0217
1896-08-16T12:00:00+00:00,52.5000,-6.5000,15.8582
1896-08-16T12:00:00+00:00,52.5000,-5.5000,15.5142
1896-08-16T12:00:00+00:00,52.5000,-4.5000,15.5386
1896-08-16T12:00:00+00:00,51.5000,-6.5000,16.1194
1896-08-16T12:00:00+00:00,51.5000,-5.5000,16.0113
1896-08-16T12:00:00+00:00,51.5000,-4.5000,16.0400
1896-08-16T12:00:00+00:00,51.5000,-3.5000,16.3231
1896-09-16T00:00:00+00:00,53.5000,-5.5000,14.3910
1896-09-16T00:00:00+00:00,53.5000,-4.5000,14.4330
1896-09-16T00:00:00+00:00,53.5000,-3.5000,14.4484
1896-09-16T00:00:00+00:00,52.5000,-6.5000,14.7872
1896-09-16T00:00:00+00:00,52.5000,-5.5000,14.6465
1896-09-16T00:00:00+00:00,52.5000,-4.5000,14.6863
1896-09-16T00:00:00+00:00,51.5000,-6.5000,14.9385
1896-09-16T00:00:00+00:00,51.5000,-5.5000,14.9425
1896-09-16T00:00:00+00:00,51.5000,-4.5000,15.0178
1896-09-16T00:00:00+00:00,51.5000,-3.5000,15.2515
1896-10-16T12:00:00+00:00,53.5000,-5.5000,12.6942
1896-10-16T12:00:00+00:00,53.5000,-4.5000,12.7037
1896-10-16T12:00:00+00:00,53.5000,-3.5000,12.7990
1896-10-16T12:00:00+00:00,52.5000,-6.5000,12.6758
1896-10-16T12:00:00+00:00,52.5000,-5.5000,12.6779
1896-10-16T12:00:00+00:00,52.5000,-4.5000,12.7354
1896-10-16T12:00:00+00:00,51.5000,-6.5000,12.7302
1896-10-16T12:00:00+00:00,51.5000,-5.5000,12.8246
1896-10-16T12:00:00+00:00,51.5000,-4.5000,12.9513
1896-10-16T12:00:00+00:00,51.5000,-3.5000,13.1984
1896-11-16T00:00:00+00:00,53.5000,-5.5000,10.8345
1896-11-16T00:00:00+00:00,53.5000,-4.5000,10.8287
1896-11-16T00:00:00+00:00,53.5000,-3.5000,10.8528
1896-11-16T00:00:00+00:00,52.5000,-6.5000,10.9890
1896-11-16T00:00:00+00:00,52.5000,-5.5000,10.9318
1896-11-16T00:00:00+00:00,52.5000,-4.5000,10.9555
1896-11-16T00:00:00+00:00,51.5000,-6.5000,11.0499
1896-11-16T00:00:00+00:00,51.5000,-5.5000,11.1261
1896-11-16T00:00:00+00:00,51.5000,-4.5000,11.2371
1896-11-16T00:00:00+00:00,51.5000,-3.5000,11.5395
1896-12-16T12:00:00+00:00,53.5000,-5.5000,9.4127
1896-12-16T12:00:00+00:00,53.5000,-4.5000,9.2769
1896-12-16T12:00:00+00:00,53.5000,-3.5000,9.0631
1896-12-16T12:00:00+00:00,52.5000,-6.5000,9.8177
1896-12-16T12:00:00+00:00,52.5000,-5.5000,9.6201
1896-12-16T12:00:00+00:00,52.5000,-4.5000,9.5189
1896-12-16T12:00:00+00:00,51.5000,-6.5000,9.9359
1896-12-16T12:00:00+00:00,51.5000,-5.5000,9.9117
1896-12-16T12:00:00+00:00,51.5000,-4.5000,9.8389
1896-12-16T12:00:00+00:00,51.5000,-3.5000,9.9013
1897-01-16T12:00:00+00:00,53.5000,-5.5000,8.5259
1897-01-16T12:00:00+00:00,53.5000,-4.5000,8.3379
1897-01-16T12:00:00+00:00,53.5000,-3.5000,7.9631
1897-01-16T12:00:00+00:00,52.5000,-6.5000,9.2550
1897-01-16T12:00:00+00:00,52.5000,-5.5000,8.8988
1897-01-16T12:00:00+00:00,52.5000,-4.5000,8.7074
1897-01-16T12:00:00+00:00,51.5000,-6.5000,9.4314
1897-01-16T12:00:00+00:00,51.5000,-5.5000,9.2756
1897-01-16T12:00:00+00:00,51.5000,-4.5000,9.0500
1897-01-16T12:00:00+00:00,51.5000,-3.5000,8.9787
1897-02-15T00:00:00+00:00,53.5000,-5.5000,7.4034
1897-02-15T00:00:00+00:00,53.5000,-4.5000,7.3244
1897-02-15T00:00:00+00:00,53.5000,-3.5000,7.1067
1897-02-15T00:00:00+00:00,52.5000,-6.5000,8.2357
1897-02-15T00:00:00+00:00,52.5000,-5.5000,7.7925
1897-02-15T00:00:00+00:00,52.5000,-4.5000,7.6939
1897-02-15T00:00:00+00:00,51.5000,-6.5000,8.4665
1897-02-15T00:00:00+00:00,51.5000,-5.5000,8.2497
1897-02-15T00:00:00+00:00,51.5000,-4.5000,8.1682
1897-02-15T00:00:00+00:00,51.5000,-3.5000,8.5289
1897-03-16T12:00:00+00:00,53.5000,-5.5000,7.7783
1897-03-16T12:00:00+00:00,53.5000,-4.5000,7.6736
1897-03-16T12:00:00+00:00,53.5000,-3.5000,7.4397
1897-03-16T12:00:00+00:00,52.5000,-6.5000,8.6524
1897-03-16T12:00:00+00:00,52.5000,-5.5000,8.1978
1897-03-16T12:00:00+00:00,52.5000,-4.5000,8.0539
1897-03-16T12:00:00+00:00,51.5000,-6.5000,8.9087
1897-03-16T12:00:00+00:00,51.5000,-5.5000,8.6779
1897-03-16T12:00:00+00:00,51.5000,-4.5000,8.5100
1897-03-16T12:00:00+00:00,51.5000,-3.5000,8.6700
1897-04-16T00:00:00+00:00,53.5000,-5.5000,8.4324
1897-04-16T00:00:00+00:00,53.5000,-4.5000,8.4425
1897-04-16T00:00:00+00:00,53.5000,-3.5000,8.3757
1897-04-16T00:00:00+00:00,52.5000,-6.5000,9.2030
1897-04-16T00:00:00+00:00,52.5000,-5.5000,8.8195
1897-04-16T00:00:00+00:00,52.5000,-4.5000,8.7701
1897-04-16T00:00:00+00:00,51.5000,-6.5000,9.4401
1897-04-16T00:00:00+00:00,51.5000,-5.5000,9.2559
1897-04-16T00:00:00+00:00,51.5000,-4.5000,9.2072
1897-04-16T00:00:00+00:00,51.5000,-3.5000,9.5059
1897-05-16T12:00:00+00:00,53.5000,-5.5000,9.9113
1897-05-16T12:00:00+00:00,53.5000,-4.5000,9.9506
1897-05-16T12:00:00+00:00,53.5000,-3.5000,9.8750
1897-05-16T12:00:00+00:00,52.5000,-6.5000,10.7367
1897-05-16T12:00:00+00:00,52.5000,-5.5000,10.3861
1897-05-16T12:00:00+00:00,52.5000,-4.5000,10.3611
1897-05-16T12:00:00+00:00,51.5000,-6.5000,10.9568
1897-05-16T12:00:00+00:00,51.5000,-5.5000,10.8198
1897-05-16T12:00:00+00:00,51.5000,-4.5000,10.8000
1897-05-16T12:00:00+00:00,51.5000,-3.5000,11.0295
1897-06-16T00:00:00+00:00,53.5000,-5.5000,12.3454
1897-06-16T00:00:00+00:00,53.5000,-4.5000,12.3878
1897-06-16T00:00:00+00:00,53.5000,-3.5000,12.2905
1897-06-16T00:00:00+00:00,52.5000,-6.5000,13.2845
1897-06-16T00:00:00+00:00,52.5000,-5.5000,12.8778
1897-06-16T00:00:00+00:00,52.5000,-4.5000,12.8640
1897-06-16T00:00:00+00:00,51.5000,-6.5000,13.5370
1897-06-16T00:00:00+00:00,51.5000,-5.5000,13.3880
1897-06-16T00:00:00+00:00,51.5000,-4.5000,13.3695
1897-06-16T00:00:00+00:00,51.5000,-3.5000,13.6093
1897-07-16T12:00:00+00:00,53.5000,-5.5000,14.2561
1897-07-16T12:00:00+00:00,53.5000,-4.5000,14.2363
1897-07-16T12:00:00+00:00,53.5000,-3.5000,13.9935
1897-07-16T12:00:00+00:00,52.5000,-6.5000,15.3385
1897-07-16T12:00:00+00:00,52.5000,-5.5000,14.8667
1897-07-16T12:00:00+00:00,52.5000,-4.5000,14.8302
1897-07-16T12:00:00+00:00,51.5000,-6.5000,15.6412
1897-07-16T12:00:00+00:00,51.5000,-5.5000,15.4806
1897-07-16T12:00:00+00:00,51.5000,-4.5000,15.4219
1897-07-16T12:00:00+00:00,51.5000,-3.5000,15.5911
1897-08-16T12:00:00+00:00,53.5000,-5.5000,15.2696
1897-08-16T12:00:00+00:00,53.5000,-4.5000,15.2650
1897-08-16T12:00:00+00:00,53.5000,-3.5000,15.0657
1897-08-16T12:00:00+00:00,52.5000,-6.5000,16.1561
1897-08-16T12:00:00+00:00,52.5000,-5.5000,15.8120
1897-08-16T12:00:00+00:00,52.5000,-4.5000,15.7847
1897-08-16T12:00:00+00:00,51.5000,-6.5000,16.4173
1897-08-16T12:00:00+00:00,51.5000,-5.5000,16.3092
1897-08-16T12:00:00+00:00,51.5000,-4.5000,16.2602
1897-08-16T12:00:00+00:00,51.5000,-3.5000,16.3623
1897-09-16T00:00:00+00:00,53.5000,-5.5000,14.1544
1897-09-16T00:00:00+00:00,53.5000,-4.5000,14.2143
1897-09-16T00:00:00+00:00,53.5000,-3.5000,14.2557
1897-09-16T00:00:00+00:00,52.5000,-6.5000,14.5145
1897-09-16T00:00:00+00:00,52.5000,-5.5000,14.3737
1897-09-16T00:00:00+00:00,52.5000,-4.5000,14.4453
1897-09-16T00:00:00+00:00,51.5000,-6.5000,14.6657
1897-09-16T00:00:00+00:00,51.5000,-5.5000,14.6697
1897-09-16T00:00:00+00:00,51.5000,-4.5000,14.7927
1897-09-16T00:00:00+00:00,51.5000,-3.5000,15.1380
1897-10-16T12:00:00+00:00,53.5000,-5.5000,13.8420
1897-10-16T12:00:00+00:00,53.5000,-4.5000,13.8468
1897-10-16T12:00:00+00:00,53.5000,-3.5000,13.7547
1897-10-16T12:00:00+00:00,52.5000,-6.5000,13.9956
1897-10-16T12:00:00+00:00,52.5000,-5.5000,13.9976
1897-10-16T12:00:00+00:00,52.5000,-4.5000,14.0559
1897-10-16T12:00:00+00:00,51.5000,-6.5000,14.0499
1897-10-16T12:00:00+00:00,51.5000,-5.5000,14.1443
1897-10-16T12:00:00+00:00,51.5000,-4.5000,14.2722
1897-10-16T12:00:00+00:00,51.5000,-3.5000,14.5218
1897-11-16T00:00:00+00:00,53.5000,-5.5000,12.2989
1897-11-16T00:00:00+00:00,53.5000,-4.5000,12.2520
1897-11-16T00:00:00+00:00,53.5000,-3.5000,12.1005
1897-11-16T00:00:00+00:00,52.5000,-6.5000,12.5345
1897-11-16T00:00:00+00:00,52.5000,-5.5000,12.4773
1897-11-16T00:00:00+00:00,52.5000,-4.5000,12.4867
1897-11-16T00:00:00+00:00,51.5000,-6.5000,12.5954
1897-11-16T00:00:00+00:00,51.5000,-5.5000,12.6716
1897-11-16T00:00:00+00:00,51.5000,-4.5000,12.7612
1897-11-16T00:00:00+00:00,51.5000,-3.5000,13.0135
1897-12-16T12:00:00+00:00,53.5000,-5.5000,10.8964
1897-12-16T12:00:00+00:00,53.5000,-4.5000,10.8127
1897-12-16T12:00:00+00:00,53.5000,-3.5000,10.6416
1897-12-16T12:00:00+00:00,52.5000,-6.5000,11.3157
1897-12-16T12:00:00+00:00,52.5000,-5.5000,11.1181
1897-12-16T12:00:00+00:00,52.5000,-4.5000,11.0664
1897-12-16T12:00:00+00:00,51.5000,-6.5000,11.4339
1897-12-16T12:00:00+00:00,51.5000,-5.5000,11.4097
1897-12-16T12:00:00+00:00,51.5000,-4.5000,11.4111
1897-12-16T12:00:00+00:00,51.5000,-3.5000,11.6468
1898-01-16T12:00:00+00:00,53.5000,-5.5000,9.7318
1898-01-16T12:00:00+00:00,53.5000,-4.5000,9.6696
1898-01-16T12:00:00+00:00,53.5000,-3.5000,9.5096
1898-01-16T12:00:00+00:00,52.5000,-6.5000,10.4151
1898-01-16T12:00:00+00:00,52.5000,-5.5000,10.0589
1898-01-16T12:00:00+00:00,52.5000,-4.5000,9.9717
1898-01-16T12:00:00+00:00,51.5000,-6.5000,10.5914
1898-01-16T12:00:00+00:00,51.5000,-5.5000,10.4357
1898-01-16T12:00:00+00:00,51.5000,-4.5000,10.3665
1898-01-16T12:00:00+00:00,51.5000,-3.5000,10.6599
1898-02-15T00:00:00+00:00,53.5000,-5.5000,8.8593
1898-02-15T00:00:00+00:00,53.5000,-4.5000,8.7648
1898-02-15T00:00:00+00:00,53.5000,-3.5000,8.4835
1898-02-15T00:00:00+00:00,52.5000,-6.5000,9.7563
1898-02-15T00:00:00+00:00,52.5000,-5.5000,9.3131
1898-02-15T00:00:00+00:00,52.5000,-4.5000,9.1906
1898-02-15T00:00:00+00:00,51.5000,-6.5000,9.9871
1898-02-15T00:00:00+00:00,51.5000,-5.5000,9.7703
1898-02-15T00:00:00+00:00,51.5000,-4.5000,9.6531
1898-02-15T00:00:00+00:00,51.5000,-3.5000,9.9304
1898-03-16T12:00:00+00:00,53.5000,-5.5000,7.9709
1898-03-16T12:00:00+00:00,53.5000,-4.5000,7.9110
1898-03-16T12:00:00+00:00,53.5000,-3.5000,7.7984
1898-03-16T12:00:00+00:00,52.5000,-6.5000,8.7585
1898-03-16T12:00:00+00:00,52.5000,-5.5000,8.3039
1898-03-16T12:00:00+00:00,52.5000,-4.5000,8.2098
1898-03-16T12:00:00+00:00,51.5000,-6.5000,9.0149
1898-03-16T12:00:00+00:00,51.5000,-5.5000,8.7841
1898-03-16T12:00:00+00:00,51.5000,-4.5000,8.6907
1898-03-16T12:00:00+00:00,51.5000,-3.5000,9.0246
1898-04-16T00:00:00+00:00,53.5000,-5.5000,9.0888
1898-04-16T00:00:00+00:00,53.5000,-4.5000,9.0016
1898-04-16T00:00:00+00:00,53.5000,-3.5000,8.7748
1898-04-16T00:00:00+00:00,52.5000,-6.5000,9.8842
1898-04-16T00:00:00+00:00,52.5000,-5.5000,9.5007
1898-04-16T00:00:00+00:00,52.5000,-4.5000,9.3729
1898-04-16T00:00:00+00:00,51.5000,-6.5000,10.1214
1898-04-16T00:00:00+00:00,51.5000,-5.5000,9.9372
1898-04-16T00:00:00+00:00,51.5000,-4.5000,9.7707
1898-04-16T00:00:00+00:00,51.5000,-3.5000,9.7948
1898-05-16T12:00:00+00:00,53.5000,-5.5000,9.7070
1898-05-16T12:00:00+00:00,53.5000,-4.5000,9.7771
1898-05-16T12:00:00+00:00,53.5000,-3.5000,9.8782
1898-05-16T12:00:00+00:00,52.5000,-6.5000,10.3769
1898-05-16T12:00:00+00:00,52.5000,-5.5000,10.0263
1898-05-16T12:00:00+00:00,52.5000,-4.5000,10.0368
1898-05-16T12:00:00+00:00,51.5000,-6.5000,10.5970
1898-05-16T12:00:00+00:00,51.5000,-5.5000,10.4600
1898-05-16T12:00:00+00:00,51.5000,-4.5000,10.4935
1898-05-16T12:00:00+00:00,51.5000,-3.5000,10.8475
1898-06-16T00:00:00+00:00,53.5000,-5.5000,12.2698
1898-06-16T00:00:00+00:00,53.5000,-4.5000,12.2992
1898-06-16T00:00:00+00:00,53.5000,-3.5000,12.1724
1898-06-16T00:00:00+00:00,52.5000,-6.5000,13.2251
1898-06-16T00:00:00+00:00,52.5000,-5.5000,12.8184
1898-06-16T00:00:00+00:00,52.5000,-4.5000,12.7916
1898-06-16T00:00:00+00:00,51.5000,-6.5000,13.4775
1898-06-16T00:00:00+00:00,51.5000,-5.5000,13.3286
1898-06-16T00:00:00+00:00,51.5000,-4.5000,13.2906
1898-06-16T00:00:00+00:00,51.5000,-3.5000,13.4851
1898-07-16T12:00:00+00:00,53.5000,-5.5000,13.8513
1898-07-16T12:00:00+00:00,53.5000,-4.5000,13.8404
1898-07-16T12:00:00+00:00,53.5000,-3.5000,13.7367
1898-07-16T12:00:00+00:00,52.5000,-6.5000,14.8735
1898-07-16T12:00:00+00:00,52.5000,-5.5000,14.4017
1898-07-16T12:00:00+00:00,52.5000,-4.5000,14.3392
1898-07-16T12:00:00+00:00,51.5000,-6.5000,15.1762
1898-07-16T12:00:00+00:00,51.5000,-5.5000,15.0156
1898-07-16T12:00:00+00:00,51.5000,-4.5000,14.9179
1898-07-16T12:00:00+00:00,51.5000,-3.5000,14.9961
1898-08-16T12:00:00+00:00,53.5000,-5.5000,15.1905
1898-08-16T12:00:00+00:00,53.5000,-4.5000,15.1301
1898-08-16T12:00:00+00:00,53.5000,-3.5000,14.8086
1898-08-16T12:00:00+00:00,52.5000,-6.5000,16.1406
1898-08-16T12:00:00+00:00,52.5000,-5.5000,15.7965
1898-08-16T12:00:00+00:00,52.5000,-4.5000,15.7149
1898-08-16T12:00:00+00:00,51.5000,-6.5000,16.4018
1898-08-16T12:00:00+00:00,51.5000,-5.5000,16.2936
1898-08-16T12:00:00+00:00,51.5000,-4.5000,16.1632
1898-08-16T12:00:00+00:00,51.5000,-3.5000,16.0752
1898-09-16T00:00:00+00:00,53.5000,-5.5000,15.4128
1898-09-16T00:00:00+00:00,53.5000,-4.5000,15.4995
1898-09-16T00:00:00+00:00,53.5000,-3.5000,15.4259
1898-09-16T00:00:00+00:00,52.5000,-6.5000,15.9481
1898-09-16T00:00:00+00:00,52.5000,-5.5000,15.8073
1898-09-16T00:00:00+00:00,52.5000,-4.5000,15.8890
1898-09-16T00:00:00+00:00,51.5000,-6.5000,16.0993
1898-09-16T00:00:00+00:00,51.5000,-5.5000,16.1033
1898-09-16T00:00:00+00:00,51.5000,-4.5000,16.2414
1898-09-16T00:00:00+00:00,51.5000,-3.5000,16.6218
1898-10-16T12:00:00+00:00,53.5000,-5.5000,14.4133
1898-10-16T12:00:00+00:00,53.5000,-4.5000,14.4875
1898-10-16T12:00:00+00:00,53.5000,-3.5000,14.4844
1898-10-16T12:00:00+00:00,52.5000,-6.5000,14.5936
1898-10-16T12:00:00+00:00,52.5000,-5.5000,14.5956
1898-10-16T12:00:00+00:00,52.5000,-4.5000,14.7003
1898-10-16T12:00:00+00:00,51.5000,-6.5000,14.6479
1898-10-16T12:00:00+00:00,51.5000,-5.5000,14.7423
1898-10-16T12:00:00+00:00,51.5000,-4.5000,14.9398
1898-10-16T12:00:00+00:00,51.5000,-3.5000,15.3520
1898-11-16T00:00:00+00:00,53.5000,-5.5000,12.1564
1898-11-16T00:00:00+00:00,53.5000,-4.5000,12.1829
1898-11-16T00:00:00+00:00,53.5000,-3.5000,12.1325
1898-11-16T00:00:00+00:00,52.5000,-6.5000,12.4205
1898-11-16T00:00:00+00:00,52.5000,-5.5000,12.3633
1898-11-16T00:00:00+00:00,52.5000,-4.5000,12.4180
1898-11-16T00:00:00+00:00,51.5000,-6.5000,12.4814
1898-11-16T00:00:00+00:00,51.5000,-5.5000,12.5576
1898-11-16T00:00:00+00:00,51.5000,-4.5000,12.7150
1898-11-16T00:00:00+00:00,51.5000,-3.5000,13.1257
1898-12-16T12:00:00+00:00,53.5000,-5.5000,10.1924
1898-12-16T12:00:00+00:00,53.5000,-4.5000,10.1472
1898-12-16T12:00:00+00:00,53.5000,-3.5000,10.0276
1898-12-16T12:00:00+00:00,52.5000,-6.5000,10.6667
1898-12-16T12:00:00+00:00,52.5000,-5.5000,10.4691
1898-12-16T12:00:00+00:00,52.5000,-4.5000,10.4220
1898-12-16T12:00:00+00:00,51.5000,-6.5000,10.7849
1898-12-16T12:00:00+00:00,51.5000,-5.5000,10.7607
1898-12-16T12:00:00+00:00,51.5000,-4.5000,10.7691
1898-12-16T12:00:00+00:00,51.5000,-3.5000,11.0209
1899-01-16T12:00:00+00:00,53.5000,-5.5000,9.8114
1899-01-16T12:00:00+00:00,53.5000,-4.5000,9.7722
1899-01-16T12:00:00+00:00,53.5000,-3.5000,9.5557
1899-01-16T12:00:00+00:00,52.5000,-6.5000,10.6043
1899-01-16T12:00:00+00:00,52.5000,-5.5000,10.2481
1899-01-16T12:00:00+00:00,52.5000,-4.5000,10.1687
1899-01-16T12:00:00+00:00,51.5000,-6.5000,10.7807
1899-01-16T12:00:00+00:00,51.5000,-5.5000,10.6250
1899-01-16T12:00:00+00:00,51.5000,-4.5000,10.5675
1899-01-16T12:00:00+00:00,51.5000,-3.5000,10.8884
1899-02-15T00:00:00+00:00,53.5000,-5.5000,8.5294
1899-02-15T00:00:00+00:00,53.5000,-4.5000,8.4520
1899-02-15T00:00:00+00:00,53.5000,-3.5000,8.2640
1899-02-15T00:00:00+00:00,52.5000,-6.5000,9.3804
1899-02-15T00:00:00+00:00,52.5000,-5.5000,8.9372
1899-02-15T00:00:00+00:00,52.5000,-4.5000,8.8167
1899-02-15T00:00:00+00:00,51.5000,-6.5000,9.6113
1899-02-15T00:00:00+00:00,51.5000,-5.5000,9.3944
1899-02-15T00:00:00+00:00,51.5000,-4.5000,9.2801
1899-02-15T00:00:00+00:00,51.5000,-3.5000,9.5641
1899-03-16T12:00:00+00:00,53.5000,-5.5000,8.2038
1899-03-16T12:00:00+00:00,53.5000,-4.5000,8.1410
1899-03-16T12:00:00+00:00,53.5000,-3.5000,7.9566
1899-03-16T12:00:00+00:00,52.5000,-6.5000,9.1020
1899-03-16T12:00:00+00:00,52.5000,-5.5000,8.6474
1899-03-16T12:00:00+00:00,52.5000,-4.5000,8.5296
1899-03-16T12:00:00+00:00,51.5000,-6.5000,9.3583
1899-03-16T12:00:00+00:00,51.5000,-5.5000,9.1275
1899-03-16T12:00:00+00:00,51.5000,-4.5000,8.9987
1899-03-16T12:00:00+00:00,51.5000,-3.5000,9.2499
1899-04-16T00:00:00+00:00,53.5000,-5.5000,8.8643
1899-04-16T00:00:00+00:00,53.5000,-4.5000,8.9093
1899-04-16T00:00:00+00:00,53.5000,-3.5000,8.9021
1899-04-16T00:00:00+00:00,52.5000,-6.5000,9.6175
1899-04-16T00:00:00+00:00,52.5000,-5.5000,9.2339
1899-04-16T00:00:00+00:00,52.5000,-4.5000,9.2158
1899-04-16T00:00:00+00:00,51.5000,-6.5000,9.8546
1899-04-16T00:00:00+00:00,51.5000,-5.5000,9.6704
1899-04-16T00:00:00+00:00,51.5000,-4.5000,9.6685
1899-04-16T00:00:00+00:00,51.5000,-3.5000,10.0765
1899-05-16T12:00:00+00:00,53.5000,-5.5000,10.4564
1899-05-16T12:00:00+00:00,53.5000,-4.5000,10.5063
1899-05-16T12:00:00+00:00,53.5000,-3.5000,10.4571
1899-05-16T12:00:00+00:00,52.5000,-6.5000,11.2628
1899-05-16T12:00:00+00:00,52.5000,-5.5000,10.9123
1899-05-16T12:00:00+00:00,52.5000,-4.5000,10.8995
1899-05-16T12:00:00+00:00,51.5000,-6.5000,11.4829
1899-05-16T12:00:00+00:00,51.5000,-5.5000,11.3460
1899-05-16T12:00:00+00:00,51.5000,-4.5000,11.3446
1899-05-16T12:00:00+00:00,51.5000,-3.5000,11.6171
1899-06-16T00:00:00+00:00,53.5000,-5.5000,12.9687
1899-06-16T00:00:00+00:00,53.5000,-4.5000,12.9888
1899-06-16T00:00:00+00:00,53.5000,-3.5000,12.8317
1899-06-16T00:00:00+00:00,52.5000,-6.5000,13.8907
1899-06-16T00:00:00+00:00,52.5000,-5.5000,13.4840
1899-06-16T00:00:00+00:00,52.5000,-4.5000,13.4752
1899-06-16T00:00:00+00:00,51.5000,-6.5000,14.1432
1899-06-16T00:00:00+00:00,51.5000,-5.5000,13.9942
1899-06-16T00:00:00+00:00,51.5000,-4.5000,13.9831
1899-06-16T00:00:00+00:00,51.5000,-3.5000,14.2403
1899-07-16T12:00:00+00:00,53.5000,-5.5000,14.3540
1899-07-16T12:00:00+00:00,53.5000,-4.5000,14.4048
1899-07-16T12:00:00+00:00,53.5000,-3.5000,14.1679
1899-07-16T12:00:00+00:00,52.5000,-6.5000,15.5981
1899-07-16T12:00:00+00:00,52.5000,-5.5000,15.1263
1899-07-16T12:00:00+00:00,52.5000,-4.5000,15.1120
1899-07-16T12:00:00+00:00,51.5000,-6.5000,15.9009
1899-07-16T12:00:00+00:00,51.5000,-5.5000,15.7403
1899-07-16T12:00:00+00:00,51.5000,-4.5000,15.7148
1899-07-16T12:00:00+00:00,51.5000,-3.5000,15.9616
1899-08-16T12:00:00+00:00,53.5000,-5.5000,16.3937
1899-08-16T12:00:00+00:00,53.5000,-4.5000,16.3999
1899-08-16T12:00:00+00:00,53.5000,-3.5000,16.0528
1899-08-16T12:00:00+00:00,52.5000,-6.5000,17.4194
1899-08-16T12:00:00+00:00,52.5000,-5.5000,17.0754
1899-08-16T12:00:00+00:00,52.5000,-4.5000,17.0687
1899-08-16T12:00:00+00:00,51.5000,-6.5000,17.6806
1899-08-16T12:00:00+00:00,51.5000,-5.5000,17.5725
1899-08-16T12:00:00+00:00,51.5000,-4.5000,17.5544
1899-08-16T12:00:00+00:00,51.5000,-3.5000,17.7285
1899-09-16T00:00:00+00:00,53.5000,-5.5000,15.2366
1899-09-16T00:00:00+00:00,53.5000,-4.5000,15.3301
1899-09-16T00:00:00+00:00,53.5000,-3.5000,15.2755
1899-09-16T00:00:00+00:00,52.5000,-6.5000,15.7425
1899-09-16T00:00:00+00:00,52.5000,-5.5000,15.6017
1899-09-16T00:00:00+00:00,52.5000,-4.5000,15.6988
1899-09-16T00:00:00+00:00,51.5000,-6.5000,15.8937
1899-09-16T00:00:00+00:00,51.5000,-5.5000,15.8977
1899-09-16T00:00:00+00:00,51.5000,-4.5000,16.0590
1899-09-16T00:00:00+00:00,51.5000,-3.5000,16.4935
1899-10-16T12:00:00+00:00,53.5000,-5.5000,13.6749
1899-10-16T12:00:00+00:00,53.5000,-4.5000,13.6466
1899-10-16T12:00:00+00:00,53.5000,-3.5000,13.4835
1899-10-16T12:00:00+00:00,52.5000,-6.5000,13.8748
1899-10-16T12:00:00+00:00,52.5000,-5.5000,13.8769
1899-10-16T12:00:00+00:00,52.5000,-4.5000,13.8978
1899-10-16T12:00:00+00:00,51.5000,-6.5000,13.9292
1899-10-16T12:00:00+00:00,51.5000,-5.5000,14.0236
1899-10-16T12:00:00+00:00,51.5000,-4.5000,14.0954
1899-10-16T12:00:00+00:00,51.5000,-3.5000,14.2145
1899-11-16T00:00:00+00:00,53.5000,-5.5000,12.2669
1899-11-16T00:00:00+00:00,53.5000,-4.5000,12.2288
1899-11-16T00:00:00+00:00,53.5000,-3.5000,12.0007
1899-11-16T00:00:00+00:00,52.5000,-6.5000,12.5795
1899-11-16T00:00:00+00:00,52.5000,-5.5000,12.5223
1899-11-16T00:00:00+00:00,52.5000,-4.5000,12.5446
1899-11-16T00:00:00+00:00,51.5000,-6.5000,12.6404
1899-11-16T00:00:00+00:00,51.5000,-5.5000,12.7166
1899-11-16T00:00:00+00:00,51.5000,-4.5000,12.8255
1899-11-16T00:00:00+00:00,51.5000,-3.5000,13.1228
1899-12-16T12:00:00+00:00,53.5000,-5.5000,10.6264
1899-12-16T12:00:00+00:00,53.5000,-4.5000,10.5198
1899-12-16T12:00:00+00:00,53.5000,-3.5000,10.2116
1899-12-16T12:00:00+00:00,52.5000,-6.5000,11.1558
1899-12-16T12:00:00+00:00,52.5000,-5.5000,10.9582
1899-12-16T12:00:00+00:00,52.5000,-4.5000,10.8857
1899-12-16T12:00:00+00:00,51.5000,-6.5000,11.2739
1899-12-16T12:00:00+00:00,51.5000,-5.5000,11.2498
1899-12-16T12:00:00+00:00,51.5000,-4.5000,11.2200
1899-12-16T12:00:00+00:00,51.5000,-3.5000,11.3831
1900-01-16T12:00:00+00:00,53.5000,-5.5000,9.3287
1900-01-16T12:00:00+00:00,53.5000,-4.5000,9.2281
1900-01-16T12:00:00+00:00,53.5000,-3.5000,8.9806
1900-01-16T12:00:00+00:00,52.5000,-6.5000,10.0360
1900-01-16T12:00:00+00:00,52.5000,-5.5000,9.6798
1900-01-16T12:00:00+00:00,52.5000,-4.5000,9.5667
1900-01-16T12:00:00+00:00,51.5000,-6.5000,10.2124
1900-01-16T12:00:00+00:00,51.5000,-5.5000,10.0567
1900-01-16T12:00:00+00:00,51.5000,-4.5000,9.9486
1900-01-16T12:00:00+00:00,51.5000,-3.5000,10.1515
1900-02-15T00:00:00+00:00,53.5000,-5.5000,8.1982
1900-02-15T00:00:00+00:00,53.5000,-4.5000,8.0752
1900-02-15T00:00:00+00:00,53.5000,-3.5000,7.8200
1900-02-15T00:00:00+00:00,52.5000,-6.5000,9.0297
1900-02-15T00:00:00+00:00,52.5000,-5.5000,8.5865
1900-02-15T00:00:00+00:00,52.5000,-4.5000,8.4410
1900-02-15T00:00:00+00:00,51.5000,-6.5000,9.2605
1900-02-15T00:00:00+00:00,51.5000,-5.5000,9.0437
1900-02-15T00:00:00+00:00,51.5000,-4.5000,8.8920
1900-02-15T00:00:00+00:00,51.5000,-3.5000,9.0888
1900-03-16T12:00:00+00:00,53.5000,-5.5000,7.5229
1900-03-16T12:00:00+00:00,53.5000,-4.5000,7.4030
1900-03-16T12:00:00+00:00,53.5000,-3.5000,7.1903
1900-03-16T12:00:00+00:00,52.5000,-6.5000,8.3464
1900-03-16T12:00:00+00:00,52.5000,-5.5000,7.8918
1900-03-16T12:00:00+00:00,52.5000,-4.5000,7.7400
1900-03-16T12:00:00+00:00,51.5000,-6.5000,8.6028
1900-03-16T12:00:00+00:00,51.5000,-5.5000,8.3720
1900-03-16T12:00:00+00:00,51.5000,-4.5000,8.1921
1900-03-16T12:00:00+00:00,51.5000,-3.5000,8.3242
1900-04-16T00:00:00+00:00,53.5000,-5.5000,8.2570
1900-04-16T00:00:00+00:00,53.5000,-4.5000,8.2110
1900-04-16T00:00:00+00:00,53.5000,-3.5000,8.1204
1900-04-16T00:00:00+00:00,52.5000,-6.5000,8.9745
1900-04-16T00:00:00+00:00,52.5000,-5.5000,8.5909
1900-04-16T00:00:00+00:00,52.5000,-4.5000,8.4959
1900-04-16T00:00:00+00:00,51.5000,-6.5000,9.2116
1900-04-16T00:00:00+00:00,51.5000,-5.5000,9.0274
1900-04-16T00:00:00+00:00,51.5000,-4.5000,8.9102
1900-04-16T00:00:00+00:00,51.5000,-3.5000,9.0492
1900-05-16T12:00:00+00:00,53.5000,-5.5000,9.5825
1900-05-16T12:00:00+00:00,53.5000,-4.5000,9.5963
1900-05-16T12:00:00+00:00,53.5000,-3.5000,9.5323
1900-05-16T12:00:00+00:00,52.5000,-6.5000,10.3219
1900-05-16T12:00:00+00:00,52.5000,-5.5000,9.9713
1900-05-16T12:00:00+00:00,52.5000,-4.5000,9.9453
1900-05-16T12:00:00+00:00,51.5000,-6.5000,10.5420
1900-05-16T12:00:00+00:00,51.5000,-5.5000,10.4050
1900-05-16T12:00:00+00:00,51.5000,-4.5000,10.3837
1900-05-16T12:00:00+00:00,51.5000,-3.5000,10.6096
1900-06-16T00:00:00+00:00,53.5000,-5.5000,11.9323
1900-06-16T00:00:00+00:00,53.5000,-4.5000,11.9787
1900-06-16T00:00:00+00:00,53.5000,-3.5000,11.9673
1900-06-16T00:00:00+00:00,52.5000,-6.5000,12.7908
1900-06-16T00:00:00+00:00,52.5000,-5.5000,12.3840
1900-06-16T00:00:00+00:00,52.5000,-4.5000,12.3735
1900-06-16T00:00:00+00:00,51.5000,-6.5000,13.0432
1900-06-16T00:00:00+00:00,51.5000,-5.5000,12.8943
1900-06-16T00:00:00+00:00,51.5000,-4.5000,12.8805
1900-06-16T00:00:00+00:00,51.5000,-3.5000,13.1316
1900-07-16T12:00:00+00:00,53.5000,-5.5000,13.8978
1900-07-16T12:00:00+00:00,53.5000,-4.5000,13.9347
1900-07-16T12:00:00+00:00,53.5000,-3.5000,13.8437
1900-07-16T12:00:00+00:00,52.5000,-6.5000,14.9495
1900-07-16T12:00:00+00:00,52.5000,-5.5000,14.4777
1900-07-16T12:00:00+00:00,52.5000,-4.5000,14.4657
1900-07-16T12:00:00+00:00,51.5000,-6.5000,15.2522
1900-07-16T12:00:00+00:00,51.5000,-5.5000,15.0916
1900-07-16T12:00:00+00:00,51.5000,-4.5000,15.0696
1900-07-16T12:00:00+00:00,51.5000,-3.5000,15.3246
1900-08-16T12:00:00+00:00,53.5000,-5.5000,15.2320
1900-08-16T12:00:00+00:00,53.5000,-4.5000,15.2812
1900-08-16T12:00:00+00:00,53.5000,-3.5000,15.2277
1900-08-16T12:00:00+00:00,52.5000,-6.5000,16.0232
1900-08-16T12:00:00+00:00,52.5000,-5.5000,15.6792
1900-08-16T12:00:00+00:00,52.5000,-4.5000,15.7074
1900-08-16T12:00:00+00:00,51.5000,-6.5000,16.2844
1900-08-16T12:00:00+00:00,51.5000,-5.5000,16.1763
1900-08-16T12:00:00+00:00,51.5000,-4.5000,16.2106
1900-08-16T12:00:00+00:00,51.5000,-3.5000,16.5068
1900-09-16T00:00:00+00:00,53.5000,-5.5000,14.8169
1900-09-16T00:00:00+00:00,53.5000,-4.5000,14.9054
1900-09-16T00:00:00+00:00,53.5000,-3.5000,14.9462
1900-09-16T00:00:00+00:00,52.5000,-6.5000,15.2315
1900-09-16T00:00:00+00:00,52.5000,-5.5000,15.0907
1900-09-16T00:00:00+00:00,52.5000,-4.5000,15.1783
1900-09-16T00:00:00+00:00,51.5000,-6.5000,15.3827
1900-09-16T00:00:00+00:00,51.5000,-5.5000,15.3867
1900-09-16T00:00:00+00:00,51.5000,-4.5000,15.5337
1900-09-16T00:00:00+00:00,51.5000,-3.5000,15.9350
1900-10-16T12:00:00+00:00,53.5000,-5.5000,13.8343
1900-10-16T12:00:00+00:00,53.5000,-4.5000,13.9050
1900-10-16T12:00:00+00:00,53.5000,-3.5000,13.9426
1900-10-16T12:00:00+00:00,52.5000,-6.5000,13.9716
1900-10-16T12:00:00+00:00,52.5000,-5.5000,13.9736
1900-10-16T12:00:00+00:00,52.5000,-4.5000,14.0742
1900-10-16T12:00:00+00:00,51.5000,-6.5000,14.0259
1900-10-16T12:00:00+00:00,51.5000,-5.5000,14.1203
1900-10-16T12:00:00+00:00,51.5000,-4.5000,14.3116
1900-10-16T12:00:00+00:00,51.5000,-3.5000,14.7093
1900-11-16T00:00:00+00:00,53.5000,-5.5000,12.1386
1900-11-16T00:00:00+00:00,53.5000,-4.5000,12.1701
1900-11-16T00:00:00+00:00,53.5000,-3.5000,12.1637
1900-11-16T00:00:00+00:00,52.5000,-6.5000,12.3495
1900-11-16T00:00:00+00:00,52.5000,-5.5000,12.2923
1900-11-16T00:00:00+00:00,52.5000,-4.5000,12.3591
1900-11-16T00:00:00+00:00,51.5000,-6.5000,12.4104
1900-11-16T00:00:00+00:00,51.5000,-5.5000,12.4866
1900-11-16T00:00:00+00:00,51.5000,-4.5000,12.6622
1900-11-16T00:00:00+00:00,51.5000,-3.5000,13.1153
1900-12-16T12:00:00+00:00,53.5000,-5.5000,10.4289
1900-12-16T12:00:00+00:00,53.5000,-4.5000,10.3512
1900-12-16T12:00:00+00:00,53.5000,-3.5000,10.1756
1900-12-16T12:00:00+00:00,52.5000,-6.5000,10.8627
1900-12-16T12:00:00+00:00,52.5000,-5.5000,10.6651
1900-12-16T12:00:00+00:00,52.5000,-4.5000,10.6174
1900-12-16T12:00:00+00:00,51.5000,-6.5000,10.9809
1900-12-16T12:00:00+00:00,51.5000,-5.5000,10.9567
1900-12-16T12:00:00+00:00,51.5000,-4.5000,10.9641
1900-12-16T12:00:00+00:00,51.5000,-3.5000,11.2138
1901-01-16T12:00:00+00:00,53.5000,-5.5000,8.9632
1901-01-16T12:00:00+00:00,53.5000,-4.5000,8.8624
1901-01-16T12:00:00+00:00,53.5000,-3.5000,8.6506
1901-01-16T12:00:00+00:00,52.5000,-6.5000,9.6600
1901-01-16T12:00:00+00:00,52.5000,-5.5000,9.3038
1901-01-16T12:00:00+00:00,52.5000,-4.5000,9.1777
1901-01-16T12:00:00+00:00,51.5000,-6.5000,9.8364
1901-01-16T12:00:00+00:00,51.5000,-5.5000,9.6807
1901-01-16T12:00:00+00:00,51.5000,-4.5000,9.5531
1901-01-16T12:00:00+00:00,51.5000,-3.5000,9.7105
1901-02-15T00:00:00+00:00,53.5000,-5.5000,7.6194
1901-02-15T00:00:00+00:00,53.5000,-4.5000,7.4722
1901-02-15T00:00:00+00:00,53.5000,-3.5000,7.2510
1901-02-15T00:00:00+00:00,52.5000,-6.5000,8.3677
1901-02-15T00:00:00+00:00,52.5000,-5.5000,7.9245
1901-02-15T00:00:00+00:00,52.5000,-4.5000,7.7672
1901-02-15T00:00:00+00:00,51.5000,-6.5000,8.5985
1901-02-15T00:00:00+00:00,51.5000,-5.5000,8.3817
1901-02-15T00:00:00+00:00,51.5000,-4.5000,8.2122
1901-02-15T00:00:00+00:00,51.5000,-3.5000,8.3675
1901-03-16T12:00:00+00:00,53.5000,-5.5000,7.1701
1901-03-16T12:00:00+00:00,53.5000,-4.5000,7.0425
1901-03-16T12:00:00+00:00,53.5000,-3.5000,6.8378
1901-03-16T12:00:00+00:00,52.5000,-6.5000,7.9654
1901-03-16T12:00:00+00:00,52.5000,-5.5000,7.5108
1901-03-16T12:00:00+00:00,52.5000,-4.5000,7.3575
1901-03-16T12:00:00+00:00,51.5000,-6.5000,8.2218
1901-03-16T12:00:00+00:00,51.5000,-5.5000,7.9910
1901-03-16T12:00:00+00:00,51.5000,-4.5000,7.8088
1901-03-16T12:00:00+00:00,51.5000,-3.5000,7.9357
1901-04-16T00:00:00+00:00,53.5000,-5.5000,8.1568
1901-04-16T00:00:00+00:00,53.5000,-4.5000,8.1085
1901-04-16T00:00:00+00:00,53.5000,-3.5000,8.0104
1901-04-16T00:00:00+00:00,52.5000,-6.5000,8.8735
1901-04-16T00:00:00+00:00,52.5000,-5.5000,8.4899
1901-04-16T00:00:00+00:00,52.5000,-4.5000,8.3957
1901-04-16T00:00:00+00:00,51.5000,-6.5000,9.1106
1901-04-16T00:00:00+00:00,51.5000,-5.5000,8.9264
1901-04-16T00:00:00+00:00,51.5000,-4.5000,8.8103
1901-04-16T00:00:00+00:00,51.5000,-3.5000,8.9519
1901-05-16T12:00:00+00:00,53.5000,-5.5000,9.5670
1901-05-16T12:00:00+00:00,53.5000,-4.5000,9.5910
1901-05-16T12:00:00+00:00,53.5000,-3.5000,9.6175
1901-05-16T12:00:00+00:00,52.5000,-6.5000,10.2519
1901-05-16T12:00:00+00:00,52.5000,-5.5000,9.9013
1901-05-16T12:00:00+00:00,52.5000,-4.5000,9.8725
1901-05-16T12:00:00+00:00,51.5000,-6.5000,10.4720
1901-05-16T12:00:00+00:00,51.5000,-5.5000,10.3350
1901-05-16T12:00:00+00:00,51.5000,-4.5000,10.3095
1901-05-16T12:00:00+00:00,51.5000,-3.5000,10.5258
1901-06-16T00:00:00+00:00,53.5000,-5.5000,12.1361
1901-06-16T00:00:00+00:00,53.5000,-4.5000,12.2178
1901-06-16T00:00:00+00:00,53.5000,-3.5000,12.3106
1901-06-16T00:00:00+00:00,52.5000,-6.5000,12.9528
1901-06-16T00:00:00+00:00,52.5000,-5.5000,12.5460
1901-06-16T00:00:00+00:00,52.5000,-4.5000,12.5574
1901-06-16T00:00:00+00:00,51.5000,-6.5000,13.2052
1901-06-16T00:00:00+00:00,51.5000,-5.5000,13.0563
1901-06-16T00:00:00+00:00,51.5000,-4.5000,13.0753
1901-06-16T00:00:00+00:00,51.5000,-3.5000,13.4030
1901-07-16T12:00:00+00:00,53.5000,-5.5000,13.8716
1901-07-16T12:00:00+00:00,53.5000,-4.5000,13.9819
1901-07-16T12:00:00+00:00,53.5000,-3.5000,14.0637
1901-07-16T12:00:00+00:00,52.5000,-6.5000,14.8835
1901-07-16T12:00:00+00:00,52.5000,-5.5000,14.4117
1901-07-16T12:00:00+00:00,52.5000,-4.5000,14.4433
1901-07-16T12:00:00+00:00,51.5000,-6.5000,15.1862
1901-07-16T12:00:00+00:00,51.5000,-5.5000,15.0256
1901-07-16T12:00:00+00:00,51.5000,-4.5000,15.0691
1901-07-16T12:00:00+00:00,51.5000,-3.5000,15.4767
1901-08-16T12:00:00+00:00,53.5000,-5.5000,14.6720
1901-08-16T12:00:00+00:00,53.5000,-4.5000,14.7774
1901-08-16T12:00:00+00:00,53.5000,-3.5000,14.8372
1901-08-16T12:00:00+00:00,52.5000,-6.5000,15.4842
1901-08-16T12:00:00+00:00,52.5000,-5.5000,15.1402
1901-08-16T12:00:00+00:00,52.5000,-4.5000,15.1856
1901-08-16T12:00:00+00:00,51.5000,-6.5000,15.7454
1901-08-16T12:00:00+00:00,51.5000,-5.5000,15.6373
1901-08-16T12:00:00+00:00,51.5000,-4.5000,15.6975
1901-08-16T12:00:00+00:00,51.5000,-3.5000,16.0541
1901-09-16T00:00:00+00:00,53.5000,-5.5000,14.4226
1901-09-16T00:00:00+00:00,53.5000,-4.5000,14.5740
1901-09-16T00:00:00+00:00,53.5000,-3.5000,14.6830
1901-09-16T00:00:00+00:00,52.5000,-6.5000,14.8505
1901-09-16T00:00:00+00:00,52.5000,-5.5000,14.7097
1901-09-16T00:00:00+00:00,52.5000,-4.5000,14.8510
1901-09-16T00:00:00+00:00,51.5000,-6.5000,15.0017
1901-09-16T00:00:00+00:00,51.5000,-5.5000,15.0057
1901-09-16T00:00:00+00:00,51.5000,-4.5000,15.2332
1901-09-16T00:00:00+00:00,51.5000,-3.5000,15.8221
1901-10-16T12:00:00+00:00,53.5000,-5.5000,13.4183
1901-10-16T12:00:00+00:00,53.5000,-4.5000,13.5058
1901-10-16T12:00:00+00:00,53.5000,-3.5000,13.6076
1901-10-16T12:00:00+00:00,52.5000,-6.5000,13.5066
1901-10-16T12:00:00+00:00,52.5000,-5.5000,13.5086
1901-10-16T12:00:00+00:00,52.5000,-4.5000,13.6267
1901-10-16T12:00:00+00:00,51.5000,-6.5000,13.5609
1901-10-16T12:00:00+00:00,51.5000,-5.5000,13.6553
1901-10-16T12:00:00+00:00,51.5000,-4.5000,13.8729
1901-10-16T12:00:00+00:00,51.5000,-3.5000,14.3318
1901-11-16T00:00:00+00:00,53.5000,-5.5000,11.5404
1901-11-16T00:00:00+00:00,53.5000,-4.5000,11.5572
1901-11-16T00:00:00+00:00,53.5000,-3.5000,11.6147
1901-11-16T00:00:00+00:00,52.5000,-6.5000,11.6495
1901-11-16T00:00:00+00:00,52.5000,-5.5000,11.5923
1901-11-16T00:00:00+00:00,52.5000,-4.5000,11.6560
1901-11-16T00:00:00+00:00,51.5000,-6.5000,11.7104
1901-11-16T00:00:00+00:00,51.5000,-5.5000,11.7866
1901-11-16T00:00:00+00:00,51.5000,-4.5000,11.9575
1901-11-16T00:00:00+00:00,51.5000,-3.5000,12.3997
1901-12-16T12:00:00+00:00,53.5000,-5.5000,9.8089
1901-12-16T12:00:00+00:00,53.5000,-4.5000,9.7579
1901-12-16T12:00:00+00:00,53.5000,-3.5000,9.7021
1901-12-16T12:00:00+00:00,52.5000,-6.5000,10.1607
1901-12-16T12:00:00+00:00,52.5000,-5.5000,9.9631
1901-12-16T12:00:00+00:00,52.5000,-4.5000,9.9365
1901-12-16T12:00:00+00:00,51.5000,-6.5000,10.2789
1901-12-16T12:00:00+00:00,51.5000,-5.5000,10.2547
1901-12-16T12:00:00+00:00,51.5000,-4.5000,10.2938
1901-12-16T12:00:00+00:00,51.5000,-3.5000,10.6174
1902-01-16T12:00:00+00:00,53.5000,-5.5000,8.2040
1902-01-16T12:00:00+00:00,53.5000,-4.5000,8.1383
1902-01-16T12:00:00+00:00,53.5000,-3.5000,8.0398
1902-01-16T12:00:00+00:00,52.5000,-6.5000,8.8440
1902-01-16T12:00:00+00:00,52.5000,-5.5000,8.4878
1902-01-16T12:00:00+00:00,52.5000,-4.5000,8.3861
1902-01-16T12:00:00+00:00,51.5000,-6.5000,9.0204
1902-01-16T12:00:00+00:00,51.5000,-5.5000,8.8647
1902-01-16T12:00:00+00:00,51.5000,-4.5000,8.7737
1902-01-16T12:00:00+00:00,51.5000,-3.5000,9.0164
1902-02-15T00:00:00+00:00,53.5000,-5.5000,7.3502
1902-02-15T00:00:00+00:00,53.5000,-4.5000,7.2079
1902-02-15T00:00:00+00:00,53.5000,-3.5000,6.9793
1902-02-15T00:00:00+00:00,52.5000,-6.5000,8.1447
1902-02-15T00:00:00+00:00,52.5000,-5.5000,7.7015
1902-02-15T00:00:00+00:00,52.5000,-4.5000,7.5322
1902-02-15T00:00:00+00:00,51.5000,-6.5000,8.3755
1902-02-15T00:00:00+00:00,51.5000,-5.5000,8.1587
1902-02-15T00:00:00+00:00,51.5000,-4.5000,7.9712
1902-02-15T00:00:00+00:00,51.5000,-3.5000,8.0845
1902-03-16T12:00:00+00:00,53.5000,-5.5000,7.3501
1902-03-16T12:00:00+00:00,53.5000,-4.5000,7.2244
1902-03-16T12:00:00+00:00,53.5000,-3.5000,6.9778
1902-03-16T12:00:00+00:00,52.5000,-6.5000,8.2054
1902-03-16T12:00:00+00:00,52.5000,-5.5000,7.7508
1902-03-16T12:00:00+00:00,52.5000,-4.5000,7.5911
1902-03-16T12:00:00+00:00,51.5000,-6.5000,8.4618
1902-03-16T12:00:00+00:00,51.5000,-5.5000,8.2310
1902-03-16T12:00:00+00:00,51.5000,-4.5000,8.0393
1902-03-16T12:00:00+00:00,51.5000,-3.5000,8.1439
1902-04-16T00:00:00+00:00,53.5000,-5.5000,7.9125
1902-04-16T00:00:00+00:00,53.5000,-4.5000,7.9276
1902-04-16T00:00:00+00:00,53.5000,-3.5000,7.9259
1902-04-16T00:00:00+00:00,52.5000,-6.5000,8.6525
1902-04-16T00:00:00+00:00,52.5000,-5.5000,8.2689
1902-04-16T00:00:00+00:00,52.5000,-4.5000,8.2099
1902-04-16T00:00:00+00:00,51.5000,-6.5000,8.8896
1902-04-16T00:00:00+00:00,51.5000,-5.5000,8.7054
1902-04-16T00:00:00+00:00,51.5000,-4.5000,8.6422
1902-04-16T00:00:00+00:00,51.5000,-3.5000,8.9072
1902-05-16T12:00:00+00:00,53.5000,-5.5000,9.0772
1902-05-16T12:00:00+00:00,53.5000,-4.5000,9.0603
1902-05-16T12:00:00+00:00,53.5000,-3.5000,8.9315
1902-05-16T12:00:00+00:00,52.5000,-6.5000,9.8609
1902-05-16T12:00:00+00:00,52.5000,-5.5000,9.5103
1902-05-16T12:00:00+00:00,52.5000,-4.5000,9.4485
1902-05-16T12:00:00+00:00,51.5000,-6.5000,10.0810
1902-05-16T12:00:00+00:00,51.5000,-5.5000,9.9440
1902-05-16T12:00:00+00:00,51.5000,-4.5000,9.8690
1902-05-16T12:00:00+00:00,51.5000,-3.5000,9.9698
1902-06-16T00:00:00+00:00,53.5000,-5.5000,11.1096
1902-06-16T00:00:00+00:00,53.5000,-4.5000,11.0992
1902-06-16T00:00:00+00:00,53.5000,-3.5000,11.0283
1902-06-16T00:00:00+00:00,52.5000,-6.5000,11.9708
1902-06-16T00:00:00+00:00,52.5000,-5.5000,11.5640
1902-06-16T00:00:00+00:00,52.5000,-4.5000,11.4969
1902-06-16T00:00:00+00:00,51.5000,-6.5000,12.2232
1902-06-16T00:00:00+00:00,51.5000,-5.5000,12.0743
1902-06-16T00:00:00+00:00,51.5000,-4.5000,11.9756
1902-06-16T00:00:00+00:00,51.5000,-3.5000,12.0285
1902-07-16T12:00:00+00:00,53.5000,-5.5000,13.3861
1902-07-16T12:00:00+00:00,53.5000,-4.5000,13.3524
1902-07-16T12:00:00+00:00,53.5000,-3.5000,13.2150
1902-07-16T12:00:00+00:00,52.5000,-6.5000,14.3925
1902-07-16T12:00:00+00:00,52.5000,-5.5000,13.9207
1902-07-16T12:00:00+00:00,52.5000,-4.5000,13.8487
1902-07-16T12:00:00+00:00,51.5000,-6.5000,14.6952
1902-07-16T12:00:00+00:00,51.5000,-5.5000,14.5346
1902-07-16T12:00:00+00:00,51.5000,-4.5000,14.4226
1902-07-16T12:00:00+00:00,51.5000,-3.5000,14.4676
1902-08-16T12:00:00+00:00,53.5000,-5.5000,14.3932
1902-08-16T12:00:00+00:00,53.5000,-4.5000,14.4055
1902-08-16T12:00:00+00:00,53.5000,-3.5000,14.3290
1902-08-16T12:00:00+00:00,52.5000,-6.5000,15.1692
1902-08-16T12:00:00+00:00,52.5000,-5.5000,14.8252
1902-08-16T12:00:00+00:00,52.5000,-4.5000,14.8173
1902-08-16T12:00:00+00:00,51.5000,-6.5000,15.4304
1902-08-16T12:00:00+00:00,51.5000,-5.5000,15.3223
1902-08-16T12:00:00+00:00,51.5000,-4.5000,15.3024
1902-08-16T12:00:00+00:00,51.5000,-3.5000,15.4722
1902-09-16T00:00:00+00:00,53.5000,-5.5000,14.2009
1902-09-16T00:00:00+00:00,53.5000,-4.5000,14.2511
1902-09-16T00:00:00+00:00,53.5000,-3.5000,14.2787
1902-09-16T00:00:00+00:00,52.5000,-6.5000,14.5735
1902-09-16T00:00:00+00:00,52.5000,-5.5000,14.4327
1902-09-16T00:00:00+00:00,52.5000,-4.5000,14.4906
1902-09-16T00:00:00+00:00,51.5000,-6.5000,14.7247
1902-09-16T00:00:00+00:00,51.5000,-5.5000,14.7287
1902-09-16T00:00:00+00:00,51.5000,-4.5000,14.8311
1902-09-16T00:00:00+00:00,51.5000,-3.5000,15.1282
1902-10-16T12:00:00+00:00,53.5000,-5.5000,13.1795
1902-10-16T12:00:00+00:00,53.5000,-4.5000,13.1661
1902-10-16T12:00:00+00:00,53.5000,-3.5000,13.0385
1902-10-16T12:00:00+00:00,52.5000,-6.5000,13.4002
1902-10-16T12:00:00+00:00,52.5000,-5.5000,13.4023
1902-10-16T12:00:00+00:00,52.5000,-4.5000,13.4174
1902-10-16T12:00:00+00:00,51.5000,-6.5000,13.4546
1902-10-16T12:00:00+00:00,51.5000,-5.5000,13.5490
1902-10-16T12:00:00+00:00,51.5000,-4.5000,13.6121
1902-10-16T12:00:00+00:00,51.5000,-3.5000,13.7107
1902-11-16T00:00:00+00:00,53.5000,-5.5000,11.7779
1902-11-16T00:00:00+00:00,53.5000,-4.5000,11.8047
1902-11-16T00:00:00+00:00,53.5000,-3.5000,11.8175
1902-11-16T00:00:00+00:00,52.5000,-6.5000,11.9695
1902-11-16T00:00:00+00:00,52.5000,-5.5000,11.9123
1902-11-16T00:00:00+00:00,52.5000,-4.5000,11.9720
1902-11-16T00:00:00+00:00,51.5000,-6.5000,12.0304
1902-11-16T00:00:00+00:00,51.5000,-5.5000,12.1066
1902-11-16T00:00:00+00:00,51.5000,-4.5000,12.2715
1902-11-16T00:00:00+00:00,51.5000,-3.5000,12.6997
1902-12-16T12:00:00+00:00,53.5000,-5.5000,9.6434
1902-12-16T12:00:00+00:00,53.5000,-4.5000,9.5350
1902-12-16T12:00:00+00:00,53.5000,-3.5000,9.3446
1902-12-16T12:00:00+00:00,52.5000,-6.5000,10.0627
1902-12-16T12:00:00+00:00,52.5000,-5.5000,9.8651
1902-12-16T12:00:00+00:00,52.5000,-4.5000,9.7860
1902-12-16T12:00:00+00:00,51.5000,-6.5000,10.1809
1902-12-16T12:00:00+00:00,51.5000,-5.5000,10.1567
1902-12-16T12:00:00+00:00,51.5000,-4.5000,10.1171
1902-12-16T12:00:00+00:00,51.5000,-3.5000,10.2569
1903-01-16T12:00:00+00:00,53.5000,-5.5000,8.8067
1903-01-16T12:00:00+00:00,53.5000,-4.5000,8.7241
1903-01-16T12:00:00+00:00,53.5000,-3.5000,8.5903
1903-01-16T12:00:00+00:00,52.5000,-6.5000,9.4410
1903-01-16T12:00:00+00:00,52.5000,-5.5000,9.0848
1903-01-16T12:00:00+00:00,52.5000,-4.5000,8.9782
1903-01-16T12:00:00+00:00,51.5000,-6.5000,9.6174
1903-01-16T12:00:00+00:00,51.5000,-5.5000,9.4617
1903-01-16T12:00:00+00:00,51.5000,-4.5000,9.3634
1903-01-16T12:00:00+00:00,51.5000,-3.5000,9.5890
1903-02-15T00:00:00+00:00,53.5000,-5.5000,8.3146
1903-02-15T00:00:00+00:00,53.5000,-4.5000,8.2279
1903-02-15T00:00:00+00:00,53.5000,-3.5000,7.9792
1903-02-15T00:00:00+00:00,52.5000,-6.5000,9.1857
1903-02-15T00:00:00+00:00,52.5000,-5.5000,8.7425
1903-02-15T00:00:00+00:00,52.5000,-4.5000,8.6281
1903-02-15T00:00:00+00:00,51.5000,-6.5000,9.4165
1903-02-15T00:00:00+00:00,51.5000,-5.5000,9.1997
1903-02-15T00:00:00+00:00,51.5000,-4.5000,9.0946
1903-02-15T00:00:00+00:00,51.5000,-3.5000,9.4004
1903-03-16T12:00:00+00:00,53.5000,-5.5000,7.5531
1903-03-16T12:00:00+00:00,53.5000,-4.5000,7.5401
1903-03-16T12:00:00+00:00,53.5000,-3.5000,7.4243
1903-03-16T12:00:00+00:00,52.5000,-6.5000,8.4444
1903-03-16T12:00:00+00:00,52.5000,-5.5000,7.9898
1903-03-16T12:00:00+00:00,52.5000,-4.5000,7.9159
1903-03-16T12:00:00+00:00,51.5000,-6.5000,8.7008
1903-03-16T12:00:00+00:00,51.5000,-5.5000,8.4700
1903-03-16T12:00:00+00:00,51.5000,-4.5000,8.4069
1903-03-16T12:00:00+00:00,51.5000,-3.5000,8.8116
1903-04-16T00:00:00+00:00,53.5000,-5.5000,8.0350
1903-04-16T00:00:00+00:00,53.5000,-4.5000,8.0584
1903-04-16T00:00:00+00:00,53.5000,-3.5000,7.9892
1903-04-16T00:00:00+00:00,52.5000,-6.5000,8.8165
1903-04-16T00:00:00+00:00,52.5000,-5.5000,8.4329
1903-04-16T00:00:00+00:00,52.5000,-4.5000,8.3993
1903-04-16T00:00:00+00:00,51.5000,-6.5000,9.0536
1903-04-16T00:00:00+00:00,51.5000,-5.5000,8.8694
1903-04-16T00:00:00+00:00,51.5000,-4.5000,8.8443
1903-04-16T00:00:00+00:00,51.5000,-3.5000,9.1982
1903-05-16T12:00:00+00:00,53.5000,-5.5000,9.2837
1903-05-16T12:00:00+00:00,53.5000,-4.5000,9.3824
1903-05-16T12:00:00+00:00,53.5000,-3.5000,9.4611
1903-05-16T12:00:00+00:00,52.5000,-6.5000,9.9749
1903-05-16T12:00:00+00:00,52.5000,-5.5000,9.6243
1903-05-16T12:00:00+00:00,52.5000,-4.5000,9.6783
1903-05-16T12:00:00+00:00,51.5000,-6.5000,10.1950
1903-05-16T12:00:00+00:00,51.5000,-5.5000,10.0580
1903-05-16T12:00:00+00:00,51.5000,-4.5000,10.1568
1903-05-16T12:00:00+00:00,51.5000,-3.5000,10.6629
1903-06-16T00:00:00+00:00,53.5000,-5.5000,11.6883
1903-06-16T00:00:00+00:00,53.5000,-4.5000,11.6963
1903-06-16T00:00:00+00:00,53.5000,-3.5000,11.6593
1903-06-16T00:00:00+00:00,52.5000,-6.5000,12.4998
1903-06-16T00:00:00+00:00,52.5000,-5.5000,12.0930
1903-06-16T00:00:00+00:00,52.5000,-4.5000,12.0612
1903-06-16T00:00:00+00:00,51.5000,-6.5000,12.7522
1903-06-16T00:00:00+00:00,51.5000,-5.5000,12.6033
1903-06-16T00:00:00+00:00,51.5000,-4.5000,12.5577
1903-06-16T00:00:00+00:00,51.5000,-3.5000,12.7343
1903-07-16T12:00:00+00:00,53.5000,-5.5000,13.9426
1903-07-16T12:00:00+00:00,53.5000,-4.5000,13.9212
1903-07-16T12:00:00+00:00,53.5000,-3.5000,13.7195
1903-07-16T12:00:00+00:00,52.5000,-6.5000,14.9895
1903-07-16T12:00:00+00:00,52.5000,-5.5000,14.5177
1903-07-16T12:00:00+00:00,52.5000,-4.5000,14.4762
1903-07-16T12:00:00+00:00,51.5000,-6.5000,15.2922
1903-07-16T12:00:00+00:00,51.5000,-5.5000,15.1316
1903-07-16T12:00:00+00:00,51.5000,-4.5000,15.0654
1903-07-16T12:00:00+00:00,51.5000,-3.5000,15.2171
1903-08-16T12:00:00+00:00,53.5000,-5.5000,14.2730
1903-08-16T12:00:00+00:00,53.5000,-4.5000,14.2837
1903-08-16T12:00:00+00:00,53.5000,-3.5000,14.1762
1903-08-16T12:00:00+00:00,52.5000,-6.5000,15.0752
1903-08-16T12:00:00+00:00,52.5000,-5.5000,14.7312
1903-08-16T12:00:00+00:00,52.5000,-4.5000,14.7233
1903-08-16T12:00:00+00:00,51.5000,-6.5000,15.3364
1903-08-16T12:00:00+00:00,51.5000,-5.5000,15.2283
1903-08-16T12:00:00+00:00,51.5000,-4.5000,15.2084
1903-08-16T12:00:00+00:00,51.5000,-3.5000,15.3782
1903-09-16T00:00:00+00:00,53.5000,-5.5000,13.6914
1903-09-16T00:00:00+00:00,53.5000,-4.5000,13.7696
1903-09-16T00:00:00+00:00,53.5000,-3.5000,13.8397
1903-09-16T00:00:00+00:00,52.5000,-6.5000,14.0765
1903-09-16T00:00:00+00:00,52.5000,-5.5000,13.9357
1903-09-16T00:00:00+00:00,52.5000,-4.5000,14.0081
1903-09-16T00:00:00+00:00,51.5000,-6.5000,14.2277
1903-09-16T00:00:00+00:00,51.5000,-5.5000,14.2317
1903-09-16T00:00:00+00:00,51.5000,-4.5000,14.3559
1903-09-16T00:00:00+00:00,51.5000,-3.5000,14.7037
1903-10-16T12:00:00+00:00,53.5000,-5.5000,13.2420
1903-10-16T12:00:00+00:00,53.5000,-4.5000,13.3039
1903-10-16T12:00:00+00:00,53.5000,-3.5000,13.3476
1903-10-16T12:00:00+00:00,52.5000,-6.5000,13.3756
1903-10-16T12:00:00+00:00,52.5000,-5.5000,13.3776
1903-10-16T12:00:00+00:00,52.5000,-4.5000,13.4636
1903-10-16T12:00:00+00:00,51.5000,-6.5000,13.4299
1903-10-16T12:00:00+00:00,51.5000,-5.5000,13.5243
1903-10-16T12:00:00+00:00,51.5000,-4.5000,13.6937
1903-10-16T12:00:00+00:00,51.5000,-3.5000,14.0402
1903-11-16T00:00:00+00:00,53.5000,-5.5000,11.9979
1903-11-16T00:00:00+00:00,53.5000,-4.5000,11.9652
1903-11-16T00:00:00+00:00,53.5000,-3.5000,11.8367
1903-11-16T00:00:00+00:00,52.5000,-6.5000,12.2235
1903-11-16T00:00:00+00:00,52.5000,-5.5000,12.1663
1903-11-16T00:00:00+00:00,52.5000,-4.5000,12.1903
1903-11-16T00:00:00+00:00,51.5000,-6.5000,12.2844
1903-11-16T00:00:00+00:00,51.5000,-5.5000,12.3606
1903-11-16T00:00:00+00:00,51.5000,-4.5000,12.4721
1903-11-16T00:00:00+00:00,51.5000,-3.5000,12.7756
1903-12-16T12:00:00+00:00,53.5000,-5.5000,9.5677
1903-12-16T12:00:00+00:00,53.5000,-4.5000,9.4752
1903-12-16T12:00:00+00:00,53.5000,-3.5000,9.2826
1903-12-16T12:00:00+00:00,52.5000,-6.5000,10.0097
1903-12-16T12:00:00+00:00,52.5000,-5.5000,9.8121
1903-12-16T12:00:00+00:00,52.5000,-4.5000,9.7468
1903-12-16T12:00:00+00:00,51.5000,-6.5000,10.1279
1903-12-16T12:00:00+00:00,51.5000,-5.5000,10.1037
1903-12-16T12:00:00+00:00,51.5000,-4.5000,10.0847
1903-12-16T12:00:00+00:00,51.5000,-3.5000,10.2727
1904-01-16T12:00:00+00:00,53.5000,-5.5000,8.6707
1904-01-16T12:00:00+00:00,53.5000,-4.5000,8.6172
1904-01-16T12:00:00+00:00,53.5000,-3.5000,8.4821
1904-01-16T12:00:00+00:00,52.5000,-6.5000,9.3120
1904-01-16T12:00:00+00:00,52.5000,-5.5000,8.9558
1904-01-16T12:00:00+00:00,52.5000,-4.5000,8.8901
1904-01-16T12:00:00+00:00,51.5000,-6.5000,9.4884
1904-01-16T12:00:00+00:00,51.5000,-5.5000,9.3327
1904-01-16T12:00:00+00:00,51.5000,-4.5000,9.2957
1904-01-16T12:00:00+00:00,51.5000,-3.5000,9.6645
1904-02-15T12:00:00+00:00,53.5000,-5.5000,7.6102
1904-02-15T12:00:00+00:00,53.5000,-4.5000,7.5699
1904-02-15T12:00:00+00:00,53.5000,-3.5000,7.4566
1904-02-15T12:00:00+00:00,52.5000,-6.5000,8.3927
1904-02-15T12:00:00+00:00,52.5000,-5.5000,7.9495
1904-02-15T12:00:00+00:00,52.5000,-4.5000,7.8816
1904-02-15T12:00:00+00:00,51.5000,-6.5000,8.6235
1904-02-15T12:00:00+00:00,51.5000,-5.5000,8.4067
1904-02-15T12:00:00+00:00,51.5000,-4.5000,8.3713
1904-02-15T12:00:00+00:00,51.5000,-3.5000,8.8396
1904-03-16T12:00:00+00:00,53.5000,-5.5000,6.9066
1904-03-16T12:00:00+00:00,53.5000,-4.5000,6.8902
1904-03-16T12:00:00+00:00,53.5000,-3.5000,6.7853
1904-03-16T12:00:00+00:00,52.5000,-6.5000,7.7594
1904-03-16T12:00:00+00:00,52.5000,-5.5000,7.3048
1904-03-16T12:00:00+00:00,52.5000,-4.5000,7.2395
1904-03-16T12:00:00+00:00,51.5000,-6.5000,8.0158
1904-03-16T12:00:00+00:00,51.5000,-5.5000,7.7850
1904-03-16T12:00:00+00:00,51.5000,-4.5000,7.7348
1904-03-16T12:00:00+00:00,51.5000,-3.5000,8.1697
1904-04-16T00:00:00+00:00,53.5000,-5.5000,7.8098
1904-04-16T00:00:00+00:00,53.5000,-4.5000,7.9305
1904-04-16T00:00:00+00:00,53.5000,-3.5000,8.0565
1904-04-16T00:00:00+00:00,52.5000,-6.5000,8.5085
1904-04-16T00:00:00+00:00,52.5000,-5.5000,8.1249
1904-04-16T00:00:00+00:00,52.5000,-4.5000,8.1812
1904-04-16T00:00:00+00:00,51.5000,-6.5000,8.7456
1904-04-16T00:00:00+00:00,51.5000,-5.5000,8.5614
1904-04-16T00:00:00+00:00,51.5000,-4.5000,8.6710
1904-04-16T00:00:00+00:00,51.5000,-3.5000,9.3393
1904-05-16T12:00:00+00:00,53.5000,-5.5000,9.3752
1904-05-16T12:00:00+00:00,53.5000,-4.5000,9.4000
1904-05-16T12:00:00+00:00,53.5000,-3.5000,9.2615
1904-05-16T12:00:00+00:00,52.5000,-6.5000,10.1869
1904-05-16T12:00:00+00:00,52.5000,-5.5000,9.8363
1904-05-16T12:00:00+00:00,52.5000,-4.5000,9.8278
1904-05-16T12:00:00+00:00,51.5000,-6.5000,10.4070
1904-05-16T12:00:00+00:00,51.5000,-5.5000,10.2700
1904-05-16T12:00:00+00:00,51.5000,-4.5000,10.2750
1904-05-16T12:00:00+00:00,51.5000,-3.5000,10.5623
1904-06-16T00:00:00+00:00,53.5000,-5.5000,11.3803
1904-06-16T00:00:00+00:00,53.5000,-4.5000,11.4546
1904-06-16T00:00:00+00:00,53.5000,-3.5000,11.5456
1904-06-16T00:00:00+00:00,52.5000,-6.5000,12.1988
1904-06-16T00:00:00+00:00,52.5000,-5.5000,11.7920
1904-06-16T00:00:00+00:00,52.5000,-4.5000,11.7922
1904-06-16T00:00:00+00:00,51.5000,-6.5000,12.4512
1904-06-16T00:00:00+00:00,51.5000,-5.5000,12.3023
1904-06-16T00:00:00+00:00,51.5000,-4.5000,12.3047
1904-06-16T00:00:00+00:00,51.5000,-3.5000,12.5933
1904-07-16T12:00:00+00:00,53.5000,-5.5000,13.4305
1904-07-16T12:00:00+00:00,53.5000,-4.5000,13.4907
1904-07-16T12:00:00+00:00,53.5000,-3.5000,13.4517
1904-07-16T12:00:00+00:00,52.5000,-6.5000,14.4645
1904-07-16T12:00:00+00:00,52.5000,-5.5000,13.9927
1904-07-16T12:00:00+00:00,52.5000,-4.5000,13.9986
1904-07-16T12:00:00+00:00,51.5000,-6.5000,14.7672
1904-07-16T12:00:00+00:00,51.5000,-5.5000,14.6066
1904-07-16T12:00:00+00:00,51.5000,-4.5000,14.6114
1904-07-16T12:00:00+00:00,51.5000,-3.5000,14.9289
1904-08-16T12:00:00+00:00,53.5000,-5.5000,14.8927
1904-08-16T12:00:00+00:00,53.5000,-4.5000,14.8667
1904-08-16T12:00:00+00:00,53.5000,-3.5000,14.6649
1904-08-16T12:00:00+00:00,52.5000,-6.5000,15.6861
1904-08-16T12:00:00+00:00,52.5000,-5.5000,15.3421
1904-08-16T12:00:00+00:00,52.5000,-4.5000,15.3307
1904-08-16T12:00:00+00:00,51.5000,-6.5000,15.9473
1904-08-16T12:00:00+00:00,51.5000,-5.5000,15.8392
1904-08-16T12:00:00+00:00,51.5000,-4.5000,15.8141
1904-08-16T12:00:00+00:00,51.5000,-3.5000,15.9718
1904-09-16T00:00:00+00:00,53.5000,-5.5000,14.2886
1904-09-16T00:00:00+00:00,53.5000,-4.5000,14.3251
1904-09-16T00:00:00+00:00,53.5000,-3.5000,14.3132
1904-09-16T00:00:00+00:00,52.5000,-6.5000,14.7035
1904-09-16T00:00:00+00:00,52.5000,-5.5000,14.5627
1904-09-16T00:00:00+00:00,52.5000,-4.5000,14.5986
1904-09-16T00:00:00+00:00,51.5000,-6.5000,14.8547
1904-09-16T00:00:00+00:00,51.5000,-5.5000,14.8587
1904-09-16T00:00:00+00:00,51.5000,-4.5000,14.9281
1904-09-16T00:00:00+00:00,51.5000,-3.5000,15.1482
1904-10-16T12:00:00+00:00,53.5000,-5.5000,13.3280
1904-10-16T12:00:00+00:00,53.5000,-4.5000,13.4070
1904-10-16T12:00:00+00:00,53.5000,-3.5000,13.4552
1904-10-16T12:00:00+00:00,52.5000,-6.5000,13.4486
1904-10-16T12:00:00+00:00,52.5000,-5.5000,13.4506
1904-10-16T12:00:00+00:00,52.5000,-4.5000,13.5667
1904-10-16T12:00:00+00:00,51.5000,-6.5000,13.5029
1904-10-16T12:00:00+00:00,51.5000,-5.5000,13.5973
1904-10-16T12:00:00+00:00,51.5000,-4.5000,13.8118
1904-10-16T12:00:00+00:00,51.5000,-3.5000,14.2636
1904-11-16T00:00:00+00:00,53.5000,-5.5000,12.0266
1904-11-16T00:00:00+00:00,53.5000,-4.5000,11.9909
1904-11-16T00:00:00+00:00,53.5000,-3.5000,11.8699
1904-11-16T00:00:00+00:00,52.5000,-6.5000,12.1985
1904-11-16T00:00:00+00:00,52.5000,-5.5000,12.1413
1904-11-16T00:00:00+00:00,52.5000,-4.5000,12.1840
1904-11-16T00:00:00+00:00,51.5000,-6.5000,12.2594
1904-11-16T00:00:00+00:00,51.5000,-5.5000,12.3356
1904-11-16T00:00:00+00:00,51.5000,-4.5000,12.4751
1904-11-16T00:00:00+00:00,51.5000,-3.5000,12.8439
1904-12-16T12:00:00+00:00,53.5000,-5.5000,10.4449
1904-12-16T12:00:00+00:00,53.5000,-4.5000,10.4137
1904-12-16T12:00:00+00:00,53.5000,-3.5000,10.2152
1904-12-16T12:00:00+00:00,52.5000,-6.5000,10.8737
1904-12-16T12:00:00+00:00,52.5000,-5.5000,10.6761
1904-12-16T12:00:00+00:00,52.5000,-4.5000,10.7121
1904-12-16T12:00:00+00:00,51.5000,-6.5000,10.9919
1904-12-16T12:00:00+00:00,51.5000,-5.5000,10.9677
1904-12-16T12:00:00+00:00,51.5000,-4.5000,11.1007
1904-12-16T12:00:00+00:00,51.5000,-3.5000,11.6433
1905-01-16T12:00:00+00:00,53.5000,-5.5000,8.8622
1905-01-16T12:00:00+00:00,53.5000,-4.5000,8.7900
1905-01-16T12:00:00+00:00,53.5000,-3.5000,8.5530
1905-01-16T12:00:00+00:00,52.5000,-6.5000,9.5420
1905-01-16T12:00:00+00:00,52.5000,-5.5000,9.1858
1905-01-16T12:00:00+00:00,52.5000,-4.5000,9.1238
1905-01-16T12:00:00+00:00,51.5000,-6.5000,9.7184
1905-01-16T12:00:00+00:00,51.5000,-5.5000,9.5627
1905-01-16T12:00:00+00:00,51.5000,-4.5000,9.5312
1905-01-16T12:00:00+00:00,51.5000,-3.5000,9.9128
1905-02-15T00:00:00+00:00,53.5000,-5.5000,8.2682
1905-02-15T00:00:00+00:00,53.5000,-4.5000,8.2102
1905-02-15T00:00:00+00:00,53.5000,-3.5000,7.9250
1905-02-15T00:00:00+00:00,52.5000,-6.5000,9.1747
1905-02-15T00:00:00+00:00,52.5000,-5.5000,8.7315
1905-02-15T00:00:00+00:00,52.5000,-4.5000,8.6609
1905-02-15T00:00:00+00:00,51.5000,-6.5000,9.4055
1905-02-15T00:00:00+00:00,51.5000,-5.5000,9.1887
1905-02-15T00:00:00+00:00,51.5000,-4.5000,9.1493
1905-02-15T00:00:00+00:00,51.5000,-3.5000,9.6084
1905-03-16T12:00:00+00:00,53.5000,-5.5000,7.6061
1905-03-16T12:00:00+00:00,53.5000,-4.5000,7.5960
1905-03-16T12:00:00+00:00,53.5000,-3.5000,7.4185
1905-03-16T12:00:00+00:00,52.5000,-6.5000,8.4854
1905-03-16T12:00:00+00:00,52.5000,-5.5000,8.0308
1905-03-16T12:00:00+00:00,52.5000,-4.5000,7.9981
1905-03-16T12:00:00+00:00,51.5000,-6.5000,8.7418
1905-03-16T12:00:00+00:00,51.5000,-5.5000,8.5110
1905-03-16T12:00:00+00:00,51.5000,-4.5000,8.5097
1905-03-16T12:00:00+00:00,51.5000,-3.5000,9.0587
1905-04-16T00:00:00+00:00,53.5000,-5.5000,8.3389
1905-04-16T00:00:00+00:00,53.5000,-4.5000,8.3660
1905-04-16T00:00:00+00:00,53.5000,-3.5000,8.2888
1905-04-16T00:00:00+00:00,52.5000,-6.5000,9.0525
1905-04-16T00:00:00+00:00,52.5000,-5.5000,8.6689
1905-04-16T00:00:00+00:00,52.5000,-4.5000,8.6789
1905-04-16T00:00:00+00:00,51.5000,-6.5000,9.2896
1905-04-16T00:00:00+00:00,51.5000,-5.5000,9.1054
1905-04-16T00:00:00+00:00,51.5000,-4.5000,9.1456
1905-04-16T00:00:00+00:00,51.5000,-3.5000,9.6519
1905-05-16T12:00:00+00:00,53.5000,-5.5000,9.5370
1905-05-16T12:00:00+00:00,53.5000,-4.5000,9.6190
1905-05-16T12:00:00+00:00,53.5000,-3.5000,9.6303
1905-05-16T12:00:00+00:00,52.5000,-6.5000,10.2829
1905-05-16T12:00:00+00:00,52.5000,-5.5000,9.9323
1905-05-16T12:00:00+00:00,52.5000,-4.5000,9.9676
1905-05-16T12:00:00+00:00,51.5000,-6.5000,10.5030
1905-05-16T12:00:00+00:00,51.5000,-5.5000,10.3660
1905-05-16T12:00:00+00:00,51.5000,-4.5000,10.4366
1905-05-16T12:00:00+00:00,51.5000,-3.5000,10.8772
1905-06-16T00:00:00+00:00,53.5000,-5.5000,12.2918
1905-06-16T00:00:00+00:00,53.5000,-4.5000,12.3315
1905-06-16T00:00:00+00:00,53.5000,-3.5000,12.3087
1905-06-16T00:00:00+00:00,52.5000,-6.5000,13.1858
1905-06-16T00:00:00+00:00,52.5000,-5.5000,12.7790
1905-06-16T00:00:00+00:00,52.5000,-4.5000,12.7465
1905-06-16T00:00:00+00:00,51.5000,-6.5000,13.4382
1905-06-16T00:00:00+00:00,51.5000,-5.5000,13.2893
1905-06-16T00:00:00+00:00,51.5000,-4.5000,13.2426
1905-06-16T00:00:00+00:00,51.5000,-3.5000,13.4169
1905-07-16T12:00:00+00:00,53.5000,-5.5000,14.7171
1905-07-16T12:00:00+00:00,53.5000,-4.5000,14.6987
1905-07-16T12:00:00+00:00,53.5000,-3.5000,14.3788
1905-07-16T12:00:00+00:00,52.5000,-6.5000,15.9491
1905-07-16T12:00:00+00:00,52.5000,-5.5000,15.4774
1905-07-16T12:00:00+00:00,52.5000,-4.5000,15.4068
1905-07-16T12:00:00+00:00,51.5000,-6.5000,16.2519
1905-07-16T12:00:00+00:00,51.5000,-5.5000,16.0913
1905-07-16T12:00:00+00:00,51.5000,-4.5000,15.9815
1905-07-16T12:00:00+00:00,51.5000,-3.5000,16.0315
1905-08-16T12:00:00+00:00,53.5000,-5.5000,14.5280
1905-08-16T12:00:00+00:00,53.5000,-4.5000,14.5802
1905-08-16T12:00:00+00:00,53.5000,-3.5000,14.5268
1905-08-16T12:00:00+00:00,52.5000,-6.5000,15.2842
1905-08-16T12:00:00+00:00,52.5000,-5.5000,14.9402
1905-08-16T12:00:00+00:00,52.5000,-4.5000,14.9904
1905-08-16T12:00:00+00:00,51.5000,-6.5000,15.5454
1905-08-16T12:00:00+00:00,51.5000,-5.5000,15.4373
1905-08-16T12:00:00+00:00,51.5000,-4.5000,15.5046
1905-08-16T12:00:00+00:00,51.5000,-3.5000,15.8780
1905-09-16T00:00:00+00:00,53.5000,-5.5000,13.7601
1905-09-16T00:00:00+00:00,53.5000,-4.5000,13.8389
1905-09-16T00:00:00+00:00,53.5000,-3.5000,13.9202
1905-09-16T00:00:00+00:00,52.5000,-6.5000,14.1495
1905-09-16T00:00:00+00:00,52.5000,-5.5000,14.0087
1905-09-16T00:00:00+00:00,52.5000,-4.5000,14.0741
1905-09-16T00:00:00+00:00,51.5000,-6.5000,14.3007
1905-09-16T00:00:00+00:00,51.5000,-5.5000,14.3047
1905-09-16T00:00:00+00:00,51.5000,-4.5000,14.4184
1905-09-16T00:00:00+00:00,51.5000,-3.5000,14.7419
1905-10-16T12:00:00+00:00,53.5000,-5.5000,12.4805
1905-10-16T12:00:00+00:00,53.5000,-4.5000,12.5369
1905-10-16T12:00:00+00:00,53.5000,-3.5000,12.5986
1905-10-16T12:00:00+00:00,52.5000,-6.5000,12.5856
1905-10-16T12:00:00+00:00,52.5000,-5.5000,12.5876
1905-10-16T12:00:00+00:00,52.5000,-4.5000,12.6707
1905-10-16T12:00:00+00:00,51.5000,-6.5000,12.6399
1905-10-16T12:00:00+00:00,51.5000,-5.5000,12.7343
1905-10-16T12:00:00+00:00,51.5000,-4.5000,12.8994
1905-10-16T12:00:00+00:00,51.5000,-3.5000,13.2357
1905-11-16T00:00:00+00:00,53.5000,-5.5000,10.8196
1905-11-16T00:00:00+00:00,53.5000,-4.5000,10.8683
1905-11-16T00:00:00+00:00,53.5000,-3.5000,10.9087
1905-11-16T00:00:00+00:00,52.5000,-6.5000,11.0175
1905-11-16T00:00:00+00:00,52.5000,-5.5000,10.9603
1905-11-16T00:00:00+00:00,52.5000,-4.5000,11.0358
1905-11-16T00:00:00+00:00,51.5000,-6.5000,11.0784
1905-11-16T00:00:00+00:00,51.5000,-5.5000,11.1546
1905-11-16T00:00:00+00:00,51.5000,-4.5000,11.3434
1905-11-16T00:00:00+00:00,51.5000,-3.5000,11.8271
1905-12-16T12:00:00+00:00,53.5000,-5.5000,9.7329
1905-12-16T12:00:00+00:00,53.5000,-4.5000,9.7071
1905-12-16T12:00:00+00:00,53.5000,-3.5000,9.6311
1905-12-16T12:00:00+00:00,52.5000,-6.5000,10.1467
1905-12-16T12:00:00+00:00,52.5000,-5.5000,9.9491
1905-12-16T12:00:00+00:00,52.5000,-4.5000,9.9394
1905-12-16T12:00:00+00:00,51.5000,-6.5000,10.2649
1905-12-16T12:00:00+00:00,51.5000,-5.5000,10.2407
1905-12-16T12:00:00+00:00,51.5000,-4.5000,10.3051
1905-12-16T12:00:00+00:00,51.5000,-3.5000,10.6877
1906-01-16T12:00:00+00:00,53.5000,-5.5000,8.9580
1906-01-16T12:00:00+00:00,53.5000,-4.5000,8.9142
1906-01-16T12:00:00+00:00,53.5000,-3.5000,8.7859
1906-01-16T12:00:00+00:00,52.5000,-6.5000,9.5670
1906-01-16T12:00:00+00:00,52.5000,-5.5000,9.2108
1906-01-16T12:00:00+00:00,52.5000,-4.5000,9.1725
1906-01-16T12:00:00+00:00,51.5000,-6.5000,9.7434
1906-01-16T12:00:00+00:00,51.5000,-5.5000,9.5877
1906-01-16T12:00:00+00:00,51.5000,-4.5000,9.5918
1906-01-16T12:00:00+00:00,51.5000,-3.5000,10.0565
1906-02-15T00:00:00+00:00,53.5000,-5.5000,7.8527
1906-02-15T00:00:00+00:00,53.5000,-4.5000,7.7434
1906-02-15T00:00:00+00:00,53.5000,-3.5000,7.3988
1906-02-15T00:00:00+00:00,52.5000,-6.5000,8.8031
1906-02-15T00:00:00+00:00,52.5000,-5.5000,8.3599
1906-02-15T00:00:00+00:00,52.5000,-4.5000,8.2202
1906-02-15T00:00:00+00:00,51.5000,-6.5000,9.0339
1906-02-15T00:00:00+00:00,51.5000,-5.5000,8.8171
1906-02-15T00:00:00+00:00,51.5000,-4.5000,8.6740
1906-02-15T00:00:00+00:00,51.5000,-3.5000,8.8909
1906-03-16T12:00:00+00:00,53.5000,-5.5000,7.2128
1906-03-16T12:00:00+00:00,53.5000,-4.5000,7.1129
1906-03-16T12:00:00+00:00,53.5000,-3.5000,6.7864
1906-03-16T12:00:00+00:00,52.5000,-6.5000,8.1116
1906-03-16T12:00:00+00:00,52.5000,-5.5000,7.6571
1906-03-16T12:00:00+00:00,52.5000,-4.5000,7.5544
1906-03-16T12:00:00+00:00,51.5000,-6.5000,8.3680
1906-03-16T12:00:00+00:00,51.5000,-5.5000,8.1372
1906-03-16T12:00:00+00:00,51.5000,-4.5000,8.0310
1906-03-16T12:00:00+00:00,51.5000,-3.5000,8.3353
1906-04-16T00:00:00+00:00,53.5000,-5.5000,7.6290
1906-04-16T00:00:00+00:00,53.5000,-4.5000,7.6512
1906-04-16T00:00:00+00:00,53.5000,-3.5000,7.7101
1906-04-16T00:00:00+00:00,52.5000,-6.5000,8.2705
1906-04-16T00:00:00+00:00,52.5000,-5.5000,7.8869
1906-04-16T00:00:00+00:00,52.5000,-4.5000,7.8574
1906-04-16T00:00:00+00:00,51.5000,-6.5000,8.5076
1906-04-16T00:00:00+00:00,51.5000,-5.5000,8.3234
1906-04-16T00:00:00+00:00,51.5000,-4.5000,8.3044
1906-04-16T00:00:00+00:00,51.5000,-3.5000,8.6724
1906-05-16T12:00:00+00:00,53.5000,-5.5000,8.8549
1906-05-16T12:00:00+00:00,53.5000,-4.5000,8.8709
1906-05-16T12:00:00+00:00,53.5000,-3.5000,8.8040
1906-05-16T12:00:00+00:00,52.5000,-6.5000,9.5989
1906-05-16T12:00:00+00:00,52.5000,-5.5000,9.2483
1906-05-16T12:00:00+00:00,52.5000,-4.5000,9.2246
1906-05-16T12:00:00+00:00,51.5000,-6.5000,9.8190
1906-05-16T12:00:00+00:00,51.5000,-5.5000,9.6820
1906-05-16T12:00:00+00:00,51.5000,-4.5000,9.6642
1906-05-16T12:00:00+00:00,51.5000,-3.5000,9.8984
1906-06-16T00:00:00+00:00,53.5000,-5.5000,11.9813
1906-06-16T00:00:00+00:00,53.5000,-4.5000,11.9546
1906-06-16T00:00:00+00:00,53.5000,-3.5000,11.8643
1906-06-16T00:00:00+00:00,52.5000,-6.5000,12.8028
1906-06-16T00:00:00+00:00,52.5000,-5.5000,12.3960
1906-06-16T00:00:00+00:00,52.5000,-4.5000,12.3338
1906-06-16T00:00:00+00:00,51.5000,-6.5000,13.0552
1906-06-16T00:00:00+00:00,51.5000,-5.5000,12.9063
1906-06-16T00:00:00+00:00,51.5000,-4.5000,12.8150
1906-06-16T00:00:00+00:00,51.5000,-3.5000,12.8851
1906-07-16T12:00:00+00:00,53.5000,-5.5000,13.5078
1906-07-16T12:00:00+00:00,53.5000,-4.5000,13.4590
1906-07-16T12:00:00+00:00,53.5000,-3.5000,13.1349
1906-07-16T12:00:00+00:00,52.5000,-6.5000,14.6878
1906-07-16T12:00:00+00:00,52.5000,-5.5000,14.2160
1906-07-16T12:00:00+00:00,52.5000,-4.5000,14.1280
1906-07-16T12:00:00+00:00,51.5000,-6.5000,14.9905
1906-07-16T12:00:00+00:00,51.5000,-5.5000,14.8299
1906-07-16T12:00:00+00:00,51.5000,-4.5000,14.6939
1906-07-16T12:00:00+00:00,51.5000,-3.5000,14.6827
1906-08-16T12:00:00+00:00,53.5000,-5.5000,14.8111
1906-08-16T12:00:00+00:00,53.5000,-4.5000,14.8035
1906-08-16T12:00:00+00:00,53.5000,-3.5000,14.6038
1906-08-16T12:00:00+00:00,52.5000,-6.5000,15.6637
1906-08-16T12:00:00+00:00,52.5000,-5.5000,15.3196
1906-08-16T12:00:00+00:00,52.5000,-4.5000,15.3050
1906-08-16T12:00:00+00:00,51.5000,-6.5000,15.9249
1906-08-16T12:00:00+00:00,51.5000,-5.5000,15.8168
1906-08-16T12:00:00+00:00,51.5000,-4.5000,15.7868
1906-08-16T12:00:00+00:00,51.5000,-3.5000,15.9330
1906-09-16T00:00:00+00:00,53.5000,-5.5000,14.9375
1906-09-16T00:00:00+00:00,53.5000,-4.5000,14.9497
1906-09-16T00:00:00+00:00,53.5000,-3.5000,14.8757
1906-09-16T00:00:00+00:00,52.5000,-6.5000,15.3710
1906-09-16T00:00:00+00:00,52.5000,-5.5000,15.2302
1906-09-16T00:00:00+00:00,52.5000,-4.5000,15.2514
1906-09-16T00:00:00+00:00,51.5000,-6.5000,15.5222
1906-09-16T00:00:00+00:00,51.5000,-5.5000,15.5262
1906-09-16T00:00:00+00:00,51.5000,-4.5000,15.5735
1906-09-16T00:00:00+00:00,51.5000,-3.5000,15.7421
1906-10-16T12:00:00+00:00,53.5000,-5.5000,13.7990
1906-10-16T12:00:00+00:00,53.5000,-4.5000,13.8324
1906-10-16T12:00:00+00:00,53.5000,-3.5000,13.8295
1906-10-16T12:00:00+00:00,52.5000,-6.5000,13.9131
1906-10-16T12:00:00+00:00,52.5000,-5.5000,13.9152
1906-10-16T12:00:00+00:00,52.5000,-4.5000,13.9915
1906-10-16T12:00:00+00:00,51.5000,-6.5000,13.9675
1906-10-16T12:00:00+00:00,51.5000,-5.5000,14.0619
1906-10-16T12:00:00+00:00,51.5000,-4.5000,14.2168
1906-10-16T12:00:00+00:00,51.5000,-3.5000,14.5294
1906-11-16T00:00:00+00:00,53.5000,-5.5000,11.6141
1906-11-16T00:00:00+00:00,53.5000,-4.5000,11.6236
1906-11-16T00:00:00+00:00,53.5000,-3.5000,11.6481
1906-11-16T00:00:00+00:00,52.5000,-6.5000,11.7405
1906-11-16T00:00:00+00:00,52.5000,-5.5000,11.6833
1906-11-16T00:00:00+00:00,52.5000,-4.5000,11.7438
1906-11-16T00:00:00+00:00,51.5000,-6.5000,11.8014
1906-11-16T00:00:00+00:00,51.5000,-5.5000,11.8776
1906-11-16T00:00:00+00:00,51.5000,-4.5000,12.0437
1906-11-16T00:00:00+00:00,51.5000,-3.5000,12.4747
1906-12-16T12:00:00+00:00,53.5000,-5.5000,10.1232
1906-12-16T12:00:00+00:00,53.5000,-4.5000,10.0266
1906-12-16T12:00:00+00:00,53.5000,-3.5000,9.7400
1906-12-16T12:00:00+00:00,52.5000,-6.5000,10.6051
1906-12-16T12:00:00+00:00,52.5000,-5.5000,10.4075
1906-12-16T12:00:00+00:00,52.5000,-4.5000,10.3630
1906-12-16T12:00:00+00:00,51.5000,-6.5000,10.7232
1906-12-16T12:00:00+00:00,51.5000,-5.5000,10.6991
1906-12-16T12:00:00+00:00,51.5000,-4.5000,10.7113
1906-12-16T12:00:00+00:00,51.5000,-3.5000,10.9723
1907-01-16T12:00:00+00:00,53.5000,-5.5000,9.0258
1907-01-16T12:00:00+00:00,53.5000,-4.5000,8.9078
1907-01-16T12:00:00+00:00,53.5000,-3.5000,8.5954
1907-01-16T12:00:00+00:00,52.5000,-6.5000,9.7674
1907-01-16T12:00:00+00:00,52.5000,-5.5000,9.4112
1907-01-16T12:00:00+00:00,52.5000,-4.5000,9.2873
1907-01-16T12:00:00+00:00,51.5000,-6.5000,9.9438
1907-01-16T12:00:00+00:00,51.5000,-5.5000,9.7881
1907-01-16T12:00:00+00:00,51.5000,-4.5000,9.6638
1907-01-16T12:00:00+00:00,51.5000,-3.5000,9.8288
1907-02-15T00:00:00+00:00,53.5000,-5.5000,7.5036
1907-02-15T00:00:00+00:00,53.5000,-4.5000,7.3556
1907-02-15T00:00:00+00:00,53.5000,-3.5000,7.0191
1907-02-15T00:00:00+00:00,52.5000,-6.5000,8.3809
1907-02-15T00:00:00+00:00,52.5000,-5.5000,7.9377
1907-02-15T00:00:00+00:00,52.5000,-4.5000,7.7724
1907-02-15T00:00:00+00:00,51.5000,-6.5000,8.6117
1907-02-15T00:00:00+00:00,51.5000,-5.5000,8.3949
1907-02-15T00:00:00+00:00,51.5000,-4.5000,8.2134
1907-02-15T00:00:00+00:00,51.5000,-3.5000,8.3406
1907-03-16T12:00:00+00:00,53.5000,-5.5000,7.3169
1907-03-16T12:00:00+00:00,53.5000,-4.5000,7.2307
1907-03-16T12:00:00+00:00,53.5000,-3.5000,6.9877
1907-03-16T12:00:00+00:00,52.5000,-6.5000,8.1928
1907-03-16T12:00:00+00:00,52.5000,-5.5000,7.7382
1907-03-16T12:00:00+00:00,52.5000,-4.5000,7.6258
1907-03-16T12:00:00+00:00,51.5000,-6.5000,8.4492
1907-03-16T12:00:00+00:00,51.5000,-5.5000,8.2184
1907-03-16T12:00:00+00:00,51.5000,-4.5000,8.0976
1907-03-16T12:00:00+00:00,51.5000,-3.5000,8.3678
1907-04-16T00:00:00+00:00,53.5000,-5.5000,8.2033
1907-04-16T00:00:00+00:00,53.5000,-4.5000,8.1447
1907-04-16T00:00:00+00:00,53.5000,-3.5000,8.0302
1907-04-16T00:00:00+00:00,52.5000,-6.5000,8.9055
1907-04-16T00:00:00+00:00,52.5000,-5.5000,8.5219
1907-04-16T00:00:00+00:00,52.5000,-4.5000,8.4277
1907-04-16T00:00:00+00:00,51.5000,-6.5000,9.1426
1907-04-16T00:00:00+00:00,51.5000,-5.5000,8.9584
1907-04-16T00:00:00+00:00,51.5000,-4.5000,8.8424
1907-04-16T00:00:00+00:00,51.5000,-3.5000,8.9842
1907-05-16T12:00:00+00:00,53.5000,-5.5000,9.2061
1907-05-16T12:00:00+00:00,53.5000,-4.5000,9.2195
1907-05-16T12:00:00+00:00,53.5000,-3.5000,9.1383
1907-05-16T12:00:00+00:00,52.5000,-6.5000,9.9784
1907-05-16T12:00:00+00:00,52.5000,-5.5000,9.6278
1907-05-16T12:00:00+00:00,52.5000,-4.5000,9.5933
1907-05-16T12:00:00+00:00,51.5000,-6.5000,10.1985
1907-05-16T12:00:00+00:00,51.5000,-5.5000,10.0615
1907-05-16T12:00:00+00:00,51.5000,-4.5000,10.0275
1907-05-16T12:00:00+00:00,51.5000,-3.5000,10.2240
1907-06-16T00:00:00+00:00,53.5000,-5.5000,11.3751
1907-06-16T00:00:00+00:00,53.5000,-4.5000,11.3753
1907-06-16T00:00:00+00:00,53.5000,-3.5000,11.2910
1907-06-16T00:00:00+00:00,52.5000,-6.5000,12.2468
1907-06-16T00:00:00+00:00,52.5000,-5.5000,11.8400
1907-06-16T00:00:00+00:00,52.5000,-4.5000,11.7901
1907-06-16T00:00:00+00:00,51.5000,-6.5000,12.4992
1907-06-16T00:00:00+00:00,51.5000,-5.5000,12.3503
1907-06-16T00:00:00+00:00,51.5000,-4.5000,12.2774
1907-06-16T00:00:00+00:00,51.5000,-3.5000,12.3906
1907-07-16T12:00:00+00:00,53.5000,-5.5000,12.6391
1907-07-16T12:00:00+00:00,53.5000,-4.5000,12.6587
1907-07-16T12:00:00+00:00,53.5000,-3.5000,12.5960
1907-07-16T12:00:00+00:00,52.5000,-6.5000,13.6429
1907-07-16T12:00:00+00:00,52.5000,-5.5000,13.1711
1907-07-16T12:00:00+00:00,52.5000,-4.5000,13.1430
1907-07-16T12:00:00+00:00,51.5000,-6.5000,13.9456
1907-07-16T12:00:00+00:00,51.5000,-5.5000,13.7850
1907-07-16T12:00:00+00:00,51.5000,-4.5000,13.7388
1907-07-16T12:00:00+00:00,51.5000,-3.5000,13.9371
1907-08-16T12:00:00+00:00,53.5000,-5.5000,13.8619
1907-08-16T12:00:00+00:00,53.5000,-4.5000,13.8432
1907-08-16T12:00:00+00:00,53.5000,-3.5000,13.6113
1907-08-16T12:00:00+00:00,52.5000,-6.5000,14.6767
1907-08-16T12:00:00+00:00,52.5000,-5.5000,14.3326
1907-08-16T12:00:00+00:00,52.5000,-4.5000,14.3366
1907-08-16T12:00:00+00:00,51.5000,-6.5000,14.9379
1907-08-16T12:00:00+00:00,51.5000,-5.5000,14.8298
1907-08-16T12:00:00+00:00,51.5000,-4.5000,14.8277
1907-08-16T12:00:00+00:00,51.5000,-3.5000,15.0390
1907-09-16T00:00:00+00:00,53.5000,-5.5000,14.7649
1907-09-16T00:00:00+00:00,53.5000,-4.5000,14.7302
1907-09-16T00:00:00+00:00,53.5000,-3.5000,14.4922
1907-09-16T00:00:00+00:00,52.5000,-6.5000,15.2565
1907-09-16T00:00:00+00:00,52.5000,-5.5000,15.1157
1907-09-16T00:00:00+00:00,52.5000,-4.5000,15.1195
1907-09-16T00:00:00+00:00,51.5000,-6.5000,15.4077
1907-09-16T00:00:00+00:00,51.5000,-5.5000,15.4117
1907-09-16T00:00:00+00:00,51.5000,-4.5000,15.4330
1907-09-16T00:00:00+00:00,51.5000,-3.5000,15.5408
1907-10-16T12:00:00+00:00,53.5000,-5.5000,13.4658
1907-10-16T12:00:00+00:00,53.5000,-4.5000,13.5204
1907-10-16T12:00:00+00:00,53.5000,-3.5000,13.6026
1907-10-16T12:00:00+00:00,52.5000,-6.5000,13.5336
1907-10-16T12:00:00+00:00,52.5000,-5.5000,13.5356
1907-10-16T12:00:00+00:00,52.5000,-4.5000,13.6245
1907-10-16T12:00:00+00:00,51.5000,-6.5000,13.5879
1907-10-16T12:00:00+00:00,51.5000,-5.5000,13.6823
1907-10-16T12:00:00+00:00,51.5000,-4.5000,13.8560
1907-10-16T12:00:00+00:00,51.5000,-3.5000,14.2126
1907-11-16T00:00:00+00:00,53.5000,-5.5000,11.8266
1907-11-16T00:00:00+00:00,53.5000,-4.5000,11.8481
1907-11-16T00:00:00+00:00,53.5000,-3.5000,11.8174
1907-11-16T00:00:00+00:00,52.5000,-6.5000,12.0388
1907-11-16T00:00:00+00:00,52.5000,-5.5000,11.9816
1907-11-16T00:00:00+00:00,52.5000,-4.5000,12.0449
1907-11-16T00:00:00+00:00,51.5000,-6.5000,12.0997
1907-11-16T00:00:00+00:00,51.5000,-5.5000,12.1759
1907-11-16T00:00:00+00:00,51.5000,-4.5000,12.3463
1907-11-16T00:00:00+00:00,51.5000,-3.5000,12.7872
1907-12-16T12:00:00+00:00,53.5000,-5.5000,10.2995
1907-12-16T12:00:00+00:00,53.5000,-4.5000,10.2739
1907-12-16T12:00:00+00:00,53.5000,-3.5000,10.1222
1907-12-16T12:00:00+00:00,52.5000,-6.5000,10.7891
1907-12-16T12:00:00+00:00,52.5000,-5.5000,10.5915
1907-12-16T12:00:00+00:00,52.5000,-4.5000,10.5822
1907-12-16T12:00:00+00:00,51.5000,-6.5000,10.9072
1907-12-16T12:00:00+00:00,51.5000,-5.5000,10.8831
1907-12-16T12:00:00+00:00,51.5000,-4.5000,10.9481
1907-12-16T12:00:00+00:00,51.5000,-3.5000,11.3323
1908-01-16T12:00:00+00:00,53.5000,-5.5000,8.9885
1908-01-16T12:00:00+00:00,53.5000,-4.5000,8.8521
1908-01-16T12:00:00+00:00,53.5000,-3.5000,8.6232
1908-01-16T12:00:00+00:00,52.5000,-6.5000,9.5991
1908-01-16T12:00:00+00:00,52.5000,-5.5000,9.2429
1908-01-16T12:00:00+00:00,52.5000,-4.5000,9.1150
1908-01-16T12:00:00+00:00,51.5000,-6.5000,9.7754
1908-01-16T12:00:00+00:00,51.5000,-5.5000,9.6197
1908-01-16T12:00:00+00:00,51.5000,-4.5000,9.4895
1908-01-16T12:00:00+00:00,51.5000,-3.5000,9.6409
1908-02-15T12:00:00+00:00,53.5000,-5.5000,8.0921
1908-02-15T12:00:00+00:00,53.5000,-4.5000,7.9691
1908-02-15T12:00:00+00:00,53.5000,-3.5000,7.6280
1908-02-15T12:00:00+00:00,52.5000,-6.5000,9.0040
1908-02-15T12:00:00+00:00,52.5000,-5.5000,8.5608
1908-02-15T12:00:00+00:00,52.5000,-4.5000,8.4180
1908-02-15T12:00:00+00:00,51.5000,-6.5000,9.2348
1908-02-15T12:00:00+00:00,51.5000,-5.5000,9.0180
1908-02-15T12:00:00+00:00,51.5000,-4.5000,8.8703
1908-02-15T12:00:00+00:00,51.5000,-3.5000,9.0765
1908-03-16T12:00:00+00:00,53.5000,-5.5000,7.3811
1908-03-16T12:00:00+00:00,53.5000,-4.5000,7.2940
1908-03-16T12:00:00+00:00,53.5000,-3.5000,7.0471
1908-03-16T12:00:00+00:00,52.5000,-6.5000,8.3148
1908-03-16T12:00:00+00:00,52.5000,-5.5000,7.8602
1908-03-16T12:00:00+00:00,52.5000,-4.5000,7.7196
1908-03-16T12:00:00+00:00,51.5000,-6.5000,8.5711
1908-03-16T12:00:00+00:00,51.5000,-5.5000,8.3403
1908-03-16T12:00:00+00:00,51.5000,-4.5000,8.1772
1908-03-16T12:00:00+00:00,51.5000,-3.5000,8.3485
1908-04-16T00:00:00+00:00,53.5000,-5.5000,7.8163
1908-04-16T00:00:00+00:00,53.5000,-4.5000,7.7848
1908-04-16T00:00:00+00:00,53.5000,-3.5000,7.6731
1908-04-16T00:00:00+00:00,52.5000,-6.5000,8.5699
1908-04-16T00:00:00+00:00,52.5000,-5.5000,8.1864
1908-04-16T00:00:00+00:00,52.5000,-4.5000,8.1055
1908-04-16T00:00:00+00:00,51.5000,-6.5000,8.8071
1908-04-16T00:00:00+00:00,51.5000,-5.5000,8.6228
1908-04-16T00:00:00+00:00,51.5000,-4.5000,8.5269
1908-04-16T00:00:00+00:00,51.5000,-3.5000,8.7155
1908-05-16T12:00:00+00:00,53.5000,-5.5000,9.5476
1908-05-16T12:00:00+00:00,53.5000,-4.5000,9.5542
1908-05-16T12:00:00+00:00,53.5000,-3.5000,9.5031
1908-05-16T12:00:00+00:00,52.5000,-6.5000,10.2798
1908-05-16T12:00:00+00:00,52.5000,-5.5000,9.9293
1908-05-16T12:00:00+00:00,52.5000,-4.5000,9.8894
1908-05-16T12:00:00+00:00,51.5000,-6.5000,10.4999
1908-05-16T12:00:00+00:00,51.5000,-5.5000,10.3629
1908-05-16T12:00:00+00:00,51.5000,-4.5000,10.3209
1908-05-16T12:00:00+00:00,51.5000,-3.5000,10.4986
1908-06-16T00:00:00+00:00,53.5000,-5.5000,11.5041
1908-06-16T00:00:00+00:00,53.5000,-4.5000,11.5922
1908-06-16T00:00:00+00:00,53.5000,-3.5000,11.5923
1908-06-16T00:00:00+00:00,52.5000,-6.5000,12.3948
1908-06-16T00:00:00+00:00,52.5000,-5.5000,11.9880
1908-06-16T00:00:00+00:00,52.5000,-4.5000,12.0183
1908-06-16T00:00:00+00:00,51.5000,-6.5000,12.6472
1908-06-16T00:00:00+00:00,51.5000,-5.5000,12.4983
1908-06-16T00:00:00+00:00,51.5000,-4.5000,12.5457
1908-06-16T00:00:00+00:00,51.5000,-3.5000,12.9395
1908-07-16T12:00:00+00:00,53.5000,-5.5000,13.4924
1908-07-16T12:00:00+00:00,53.5000,-4.5000,13.5281
1908-07-16T12:00:00+00:00,53.5000,-3.5000,13.4284
1908-07-16T12:00:00+00:00,52.5000,-6.5000,14.5720
1908-07-16T12:00:00+00:00,52.5000,-5.5000,14.1003
1908-07-16T12:00:00+00:00,52.5000,-4.5000,14.0769
1908-07-16T12:00:00+00:00,51.5000,-6.5000,14.8748
1908-07-16T12:00:00+00:00,51.5000,-5.5000,14.7142
1908-07-16T12:00:00+00:00,51.5000,-4.5000,14.6751
1908-07-16T12:00:00+00:00,51.5000,-3.5000,14.8902
1908-08-16T12:00:00+00:00,53.5000,-5.5000,14.5302
1908-08-16T12:00:00+00:00,53.5000,-4.5000,14.5668
1908-08-16T12:00:00+00:00,53.5000,-3.5000,14.4931
1908-08-16T12:00:00+00:00,52.5000,-6.5000,15.3408
1908-08-16T12:00:00+00:00,52.5000,-5.5000,14.9968
1908-08-16T12:00:00+00:00,52.5000,-4.5000,15.0066
1908-08-16T12:00:00+00:00,51.5000,-6.5000,15.6020
1908-08-16T12:00:00+00:00,51.5000,-5.5000,15.4939
1908-08-16T12:00:00+00:00,51.5000,-4.5000,15.5006
1908-08-16T12:00:00+00:00,51.5000,-3.5000,15.7324
1908-09-16T00:00:00+00:00,53.5000,-5.5000,14.1116
1908-09-16T00:00:00+00:00,53.5000,-4.5000,14.1204
1908-09-16T00:00:00+00:00,53.5000,-3.5000,14.0783
1908-09-16T00:00:00+00:00,52.5000,-6.5000,14.5211
1908-09-16T00:00:00+00:00,52.5000,-5.5000,14.3804
1908-09-16T00:00:00+00:00,52.5000,-4.5000,14.3924
1908-09-16T00:00:00+00:00,51.5000,-6.5000,14.6724
1908-09-16T00:00:00+00:00,51.5000,-5.5000,14.6764
1908-09-16T00:00:00+00:00,51.5000,-4.5000,14.7101
1908-09-16T00:00:00+00:00,51.5000,-3.5000,14.8468
1908-10-16T12:00:00+00:00,53.5000,-5.5000,14.2612
1908-10-16T12:00:00+00:00,53.5000,-4.5000,14.2463
1908-10-16T12:00:00+00:00,53.5000,-3.5000,14.1253
1908-10-16T12:00:00+00:00,52.5000,-6.5000,14.4241
1908-10-16T12:00:00+00:00,52.5000,-5.5000,14.4262
1908-10-16T12:00:00+00:00,52.5000,-4.5000,14.4648
1908-10-16T12:00:00+00:00,51.5000,-6.5000,14.4785
1908-10-16T12:00:00+00:00,51.5000,-5.5000,14.5729
1908-10-16T12:00:00+00:00,51.5000,-4.5000,14.6712
1908-10-16T12:00:00+00:00,51.5000,-3.5000,14.8519
1908-11-16T00:00:00+00:00,53.5000,-5.5000,12.6051
1908-11-16T00:00:00+00:00,53.5000,-4.5000,12.5315
1908-11-16T00:00:00+00:00,53.5000,-3.5000,12.2954
1908-11-16T00:00:00+00:00,52.5000,-6.5000,12.8888
1908-11-16T00:00:00+00:00,52.5000,-5.5000,12.8316
1908-11-16T00:00:00+00:00,52.5000,-4.5000,12.8191
1908-11-16T00:00:00+00:00,51.5000,-6.5000,12.9497
1908-11-16T00:00:00+00:00,51.5000,-5.5000,13.0259
1908-11-16T00:00:00+00:00,51.5000,-4.5000,13.0827
1908-11-16T00:00:00+00:00,51.5000,-3.5000,13.2586
1908-12-16T12:00:00+00:00,53.5000,-5.5000,10.9149
1908-12-16T12:00:00+00:00,53.5000,-4.5000,10.8210
1908-12-16T12:00:00+00:00,53.5000,-3.5000,10.5802
1908-12-16T12:00:00+00:00,52.5000,-6.5000,11.3550
1908-12-16T12:00:00+00:00,52.5000,-5.5000,11.1574
1908-12-16T12:00:00+00:00,52.5000,-4.5000,11.1149
1908-12-16T12:00:00+00:00,51.5000,-6.5000,11.4732
1908-12-16T12:00:00+00:00,51.5000,-5.5000,11.4490
1908-12-16T12:00:00+00:00,51.5000,-4.5000,11.4642
1908-12-16T12:00:00+00:00,51.5000,-3.5000,11.7319
1909-01-16T12:00:00+00:00,53.5000,-5.5000,9.6015
1909-01-16T12:00:00+00:00,53.5000,-4.5000,9.4693
1909-01-16T12:00:00+00:00,53.5000,-3.5000,9.0525
1909-01-16T12:00:00+00:00,52.5000,-6.5000,10.4693
1909-01-16T12:00:00+00:00,52.5000,-5.5000,10.1131
1909-01-16T12:00:00+00:00,52.5000,-4.5000,9.9570
1909-01-16T12:00:00+00:00,51.5000,-6.5000,10.6457
1909-01-16T12:00:00+00:00,51.5000,-5.5000,10.4900
1909-01-16T12:00:00+00:00,51.5000,-4.5000,10.3174
1909-01-16T12:00:00+00:00,51.5000,-3.5000,10.3696
1909-02-15T00:00:00+00:00,53.5000,-5.5000,8.3493
1909-02-15T00:00:00+00:00,53.5000,-4.5000,8.1733
1909-02-15T00:00:00+00:00,53.5000,-3.5000,7.6221
1909-02-15T00:00:00+00:00,52.5000,-6.5000,9.4149
1909-02-15T00:00:00+00:00,52.5000,-5.5000,8.9717
1909-02-15T00:00:00+00:00,52.5000,-4.5000,8.7776
1909-02-15T00:00:00+00:00,51.5000,-6.5000,9.6457
1909-02-15T00:00:00+00:00,51.5000,-5.5000,9.4289
1909-02-15T00:00:00+00:00,51.5000,-4.5000,9.2042
1909-02-15T00:00:00+00:00,51.5000,-3.5000,9.2309
1909-03-16T12:00:00+00:00,53.5000,-5.5000,7.3689
1909-03-16T12:00:00+00:00,53.5000,-4.5000,7.2075
1909-03-16T12:00:00+00:00,53.5000,-3.5000,6.7668
1909-03-16T12:00:00+00:00,52.5000,-6.5000,8.3748
1909-03-16T12:00:00+00:00,52.5000,-5.5000,7.9202
1909-03-16T12:00:00+00:00,52.5000,-4.5000,7.7289
1909-03-16T12:00:00+00:00,51.5000,-6.5000,8.6312
1909-03-16T12:00:00+00:00,51.5000,-5.5000,8.4004
1909-03-16T12:00:00+00:00,51.5000,-4.5000,8.1612
1909-03-16T12:00:00+00:00,51.5000,-3.5000,8.1550
1909-04-16T00:00:00+00:00,53.5000,-5.5000,8.4533
1909-04-16T00:00:00+00:00,53.5000,-4.5000,8.3811
1909-04-16T00:00:00+00:00,53.5000,-3.5000,8.1746
1909-04-16T00:00:00+00:00,52.5000,-6.5000,9.1874
1909-04-16T00:00:00+00:00,52.5000,-5.5000,8.8039
1909-04-16T00:00:00+00:00,52.5000,-4.5000,8.7192
1909-04-16T00:00:00+00:00,51.5000,-6.5000,9.4245
1909-04-16T00:00:00+00:00,51.5000,-5.5000,9.2403
1909-04-16T00:00:00+00:00,51.5000,-4.5000,9.1386
1909-04-16T00:00:00+00:00,51.5000,-3.5000,9.3137
1909-05-16T12:00:00+00:00,53.5000,-5.5000,9.6673
1909-05-16T12:00:00+00:00,53.5000,-4.5000,9.6556
1909-05-16T12:00:00+00:00,53.5000,-3.5000,9.4495
1909-05-16T12:00:00+00:00,52.5000,-6.5000,10.4874
1909-05-16T12:00:00+00:00,52.5000,-5.5000,10.1368
1909-05-16T12:00:00+00:00,52.5000,-4.5000,10.1032
1909-05-16T12:00:00+00:00,51.5000,-6.5000,10.7075
1909-05-16T12:00:00+00:00,51.5000,-5.5000,10.5705
1909-05-16T12:00:00+00:00,51.5000,-4.5000,10.5378
1909-05-16T12:00:00+00:00,51.5000,-3.5000,10.7372
1909-06-16T00:00:00+00:00,53.5000,-5.5000,11.5466
1909-06-16T00:00:00+00:00,53.5000,-4.5000,11.5417
1909-06-16T00:00:00+00:00,53.5000,-3.5000,11.3831
1909-06-16T00:00:00+00:00,52.5000,-6.5000,12.4588
1909-06-16T00:00:00+00:00,52.5000,-5.5000,12.0520
1909-06-16T00:00:00+00:00,52.5000,-4.5000,12.0115
1909-06-16T00:00:00+00:00,51.5000,-6.5000,12.7112
1909-06-16T00:00:00+00:00,51.5000,-5.5000,12.5623
1909-06-16T00:00:00+00:00,51.5000,-4.5000,12.5036
1909-06-16T00:00:00+00:00,51.5000,-3.5000,12.6497
1909-07-16T12:00:00+00:00,53.5000,-5.5000,12.8586
1909-07-16T12:00:00+00:00,53.5000,-4.5000,12.8702
1909-07-16T12:00:00+00:00,53.5000,-3.5000,12.7970
1909-07-16T12:00:00+00:00,52.5000,-6.5000,13.7698
1909-07-16T12:00:00+00:00,52.5000,-5.5000,13.2980
1909-07-16T12:00:00+00:00,52.5000,-4.5000,13.3095
1909-07-16T12:00:00+00:00,51.5000,-6.5000,14.0725
1909-07-16T12:00:00+00:00,51.5000,-5.5000,13.9119
1909-07-16T12:00:00+00:00,51.5000,-4.5000,13.9251
1909-07-16T12:00:00+00:00,51.5000,-3.5000,14.2622
1909-08-16T12:00:00+00:00,53.5000,-5.5000,14.4330
1909-08-16T12:00:00+00:00,53.5000,-4.5000,14.4885
1909-08-16T12:00:00+00:00,53.5000,-3.5000,14.4398
1909-08-16T12:00:00+00:00,52.5000,-6.5000,15.2679
1909-08-16T12:00:00+00:00,52.5000,-5.5000,14.9238
1909-08-16T12:00:00+00:00,52.5000,-4.5000,14.9372
1909-08-16T12:00:00+00:00,51.5000,-6.5000,15.5291
1909-08-16T12:00:00+00:00,51.5000,-5.5000,15.4210
1909-08-16T12:00:00+00:00,51.5000,-4.5000,15.4330
1909-08-16T12:00:00+00:00,51.5000,-3.5000,15.6774
1909-09-16T00:00:00+00:00,53.5000,-5.5000,14.0496
1909-09-16T00:00:00+00:00,53.5000,-4.5000,14.0962
1909-09-16T00:00:00+00:00,53.5000,-3.5000,14.0091
1909-09-16T00:00:00+00:00,52.5000,-6.5000,14.5601
1909-09-16T00:00:00+00:00,52.5000,-5.5000,14.4194
1909-09-16T00:00:00+00:00,52.5000,-4.5000,14.4602
1909-09-16T00:00:00+00:00,51.5000,-6.5000,14.7114
1909-09-16T00:00:00+00:00,51.5000,-5.5000,14.7154
1909-09-16T00:00:00+00:00,51.5000,-4.5000,14.7921
1909-09-16T00:00:00+00:00,51.5000,-3.5000,15.0293
1909-10-16T12:00:00+00:00,53.5000,-5.5000,13.7664
1909-10-16T12:00:00+00:00,53.5000,-4.5000,13.7400
1909-10-16T12:00:00+00:00,53.5000,-3.5000,13.6120
1909-10-16T12:00:00+00:00,52.5000,-6.5000,13.9304
1909-10-16T12:00:00+00:00,52.5000,-5.5000,13.9325
1909-10-16T12:00:00+00:00,52.5000,-4.5000,13.9567
1909-10-16T12:00:00+00:00,51.5000,-6.5000,13.9848
1909-10-16T12:00:00+00:00,51.5000,-5.5000,14.0792
1909-10-16T12:00:00+00:00,51.5000,-4.5000,14.1560
1909-10-16T12:00:00+00:00,51.5000,-3.5000,14.2864
1909-11-16T00:00:00+00:00,53.5000,-5.5000,11.4455
1909-11-16T00:00:00+00:00,53.5000,-4.5000,11.3983
1909-11-16T00:00:00+00:00,53.5000,-3.5000,11.3009
1909-11-16T00:00:00+00:00,52.5000,-6.5000,11.6309
1909-11-16T00:00:00+00:00,52.5000,-5.5000,11.5738
1909-11-16T00:00:00+00:00,52.5000,-4.5000,11.5807
1909-11-16T00:00:00+00:00,51.5000,-6.5000,11.6919
1909-11-16T00:00:00+00:00,51.5000,-5.5000,11.7681
1909-11-16T00:00:00+00:00,51.5000,-4.5000,11.8539
1909-11-16T00:00:00+00:00,51.5000,-3.5000,12.0976
1909-12-16T12:00:00+00:00,53.5000,-5.5000,9.8432
1909-12-16T12:00:00+00:00,53.5000,-4.5000,9.6927
1909-12-16T12:00:00+00:00,53.5000,-3.5000,9.3722
1909-12-16T12:00:00+00:00,52.5000,-6.5000,10.2934
1909-12-16T12:00:00+00:00,52.5000,-5.5000,10.0958
1909-12-16T12:00:00+00:00,52.5000,-4.5000,10.0032
1909-12-16T12:00:00+00:00,51.5000,-6.5000,10.4116
1909-12-16T12:00:00+00:00,51.5000,-5.5000,10.3874
1909-12-16T12:00:00+00:00,51.5000,-4.5000,10.3274
1909-12-16T12:00:00+00:00,51.5000,-3.5000,10.4199
1910-01-16T12:00:00+00:00,53.5000,-5.5000,8.9303
1910-01-16T12:00:00+00:00,53.5000,-4.5000,8.8442
1910-01-16T12:00:00+00:00,53.5000,-3.5000,8.6088
1910-01-16T12:00:00+00:00,52.5000,-6.5000,9.6418
1910-01-16T12:00:00+00:00,52.5000,-5.5000,9.2856
1910-01-16T12:00:00+00:00,52.5000,-4.5000,9.1861
1910-01-16T12:00:00+00:00,51.5000,-6.5000,9.8182
1910-01-16T12:00:00+00:00,51.5000,-5.5000,9.6625
1910-01-16T12:00:00+00:00,51.5000,-4.5000,9.5747
1910-01-16T12:00:00+00:00,51.5000,-3.5000,9.8250
1910-02-15T00:00:00+00:00,53.5000,-5.5000,8.0623
1910-02-15T00:00:00+00:00,53.5000,-4.5000,7.9728
1910-02-15T00:00:00+00:00,53.5000,-3.5000,7.6948
1910-02-15T00:00:00+00:00,52.5000,-6.5000,8.9443
1910-02-15T00:00:00+00:00,52.5000,-5.5000,8.5011
1910-02-15T00:00:00+00:00,52.5000,-4.5000,8.3918
1910-02-15T00:00:00+00:00,51.5000,-6.5000,9.1751
1910-02-15T00:00:00+00:00,51.5000,-5.5000,8.9583
1910-02-15T00:00:00+00:00,51.5000,-4.5000,8.8608
1910-02-15T00:00:00+00:00,51.5000,-3.5000,9.1843
1910-03-16T12:00:00+00:00,53.5000,-5.5000,7.8198
1910-03-16T12:00:00+00:00,53.5000,-4.5000,7.7864
1910-03-16T12:00:00+00:00,53.5000,-3.5000,7.5764
1910-03-16T12:00:00+00:00,52.5000,-6.5000,8.7742
1910-03-16T12:00:00+00:00,52.5000,-5.5000,8.3196
1910-03-16T12:00:00+00:00,52.5000,-4.5000,8.2307
1910-03-16T12:00:00+00:00,51.5000,-6.5000,9.0305
1910-03-16T12:00:00+00:00,51.5000,-5.5000,8.7997
1910-03-16T12:00:00+00:00,51.5000,-4.5000,8.7142
1910-03-16T12:00:00+00:00,51.5000,-3.5000,9.0664
1910-04-16T00:00:00+00:00,53.5000,-5.5000,8.2878
1910-04-16T00:00:00+00:00,53.5000,-4.5000,8.2645
1910-04-16T00:00:00+00:00,53.5000,-3.5000,8.1003
1910-04-16T00:00:00+00:00,52.5000,-6.5000,9.0955
1910-04-16T00:00:00+00:00,52.5000,-5.5000,8.7119
1910-04-16T00:00:00+00:00,52.5000,-4.5000,8.6427
1910-04-16T00:00:00+00:00,51.5000,-6.5000,9.3326
1910-04-16T00:00:00+00:00,51.5000,-5.5000,9.1484
1910-04-16T00:00:00+00:00,51.5000,-4.5000,9.0699
1910-04-16T00:00:00+00:00,51.5000,-3.5000,9.2992
1910-05-16T12:00:00+00:00,53.5000,-5.5000,9.5775
1910-05-16T12:00:00+00:00,53.5000,-4.5000,9.6351
1910-05-16T12:00:00+00:00,53.5000,-3.5000,9.6171
1910-05-16T12:00:00+00:00,52.5000,-6.5000,10.3783
1910-05-16T12:00:00+00:00,52.5000,-5.5000,10.0277
1910-05-16T12:00:00+00:00,52.5000,-4.5000,10.0137
1910-05-16T12:00:00+00:00,51.5000,-6.5000,10.5984
1910-05-16T12:00:00+00:00,51.5000,-5.5000,10.4614
1910-05-16T12:00:00+00:00,51.5000,-4.5000,10.4581
1910-05-16T12:00:00+00:00,51.5000,-3.5000,10.7261
1910-06-16T00:00:00+00:00,53.5000,-5.5000,11.9779
1910-06-16T00:00:00+00:00,53.5000,-4.5000,12.0097
1910-06-16T00:00:00+00:00,53.5000,-3.5000,11.9086
1910-06-16T00:00:00+00:00,52.5000,-6.5000,12.9009
1910-06-16T00:00:00+00:00,52.5000,-5.5000,12.4942
1910-06-16T00:00:00+00:00,52.5000,-4.5000,12.4744
1910-06-16T00:00:00+00:00,51.5000,-6.5000,13.1534
1910-06-16T00:00:00+00:00,51.5000,-5.5000,13.0044
1910-06-16T00:00:00+00:00,51.5000,-4.5000,12.9768
1910-06-16T00:00:00+00:00,51.5000,-3.5000,13.1954
1910-07-16T12:00:00+00:00,53.5000,-5.5000,12.8631
1910-07-16T12:00:00+00:00,53.5000,-4.5000,12.8993
1910-07-16T12:00:00+00:00,53.5000,-3.5000,12.8465
1910-07-16T12:00:00+00:00,52.5000,-6.5000,13.8845
1910-07-16T12:00:00+00:00,52.5000,-5.5000,13.4127
1910-07-16T12:00:00+00:00,52.5000,-4.5000,13.3959
1910-07-16T12:00:00+00:00,51.5000,-6.5000,14.1872
1910-07-16T12:00:00+00:00,51.5000,-5.5000,14.0266
1910-07-16T12:00:00+00:00,51.5000,-4.5000,13.9974
1910-07-16T12:00:00+00:00,51.5000,-3.5000,14.2353
1910-08-16T12:00:00+00:00,53.5000,-5.5000,14.1410
1910-08-16T12:00:00+00:00,53.5000,-4.5000,14.1760
1910-08-16T12:00:00+00:00,53.5000,-3.5000,14.1955
1910-08-16T12:00:00+00:00,52.5000,-6.5000,14.8835
1910-08-16T12:00:00+00:00,52.5000,-5.5000,14.5394
1910-08-16T12:00:00+00:00,52.5000,-4.5000,14.5344
1910-08-16T12:00:00+00:00,51.5000,-6.5000,15.1447
1910-08-16T12:00:00+00:00,51.5000,-5.5000,15.0366
1910-08-16T12:00:00+00:00,51.5000,-4.5000,15.0209
1910-08-16T12:00:00+00:00,51.5000,-3.5000,15.2006
1910-09-16T00:00:00+00:00,53.5000,-5.5000,14.4445
1910-09-16T00:00:00+00:00,53.5000,-4.5000,14.4416
1910-09-16T00:00:00+00:00,53.5000,-3.5000,14.3960
1910-09-16T00:00:00+00:00,52.5000,-6.5000,14.7960
1910-09-16T00:00:00+00:00,52.5000,-5.5000,14.6553
1910-09-16T00:00:00+00:00,52.5000,-4.5000,14.6805
1910-09-16T00:00:00+00:00,51.5000,-6.5000,14.9473
1910-09-16T00:00:00+00:00,51.5000,-5.5000,14.9513
1910-09-16T00:00:00+00:00,51.5000,-4.5000,15.0047
1910-09-16T00:00:00+00:00,51.5000,-3.5000,15.1875
1910-10-16T12:00:00+00:00,53.5000,-5.5000,13.6616
1910-10-16T12:00:00+00:00,53.5000,-4.5000,13.7147
1910-10-16T12:00:00+00:00,53.5000,-3.5000,13.7196
1910-10-16T12:00:00+00:00,52.5000,-6.5000,13.8236
1910-10-16T12:00:00+00:00,52.5000,-5.5000,13.8257
1910-10-16T12:00:00+00:00,52.5000,-4.5000,13.9037
1910-10-16T12:00:00+00:00,51.5000,-6.5000,13.8780
1910-10-16T12:00:00+00:00,51.5000,-5.5000,13.9724
1910-10-16T12:00:00+00:00,51.5000,-4.5000,14.1298
1910-10-16T12:00:00+00:00,51.5000,-3.5000,14.4483
1910-11-16T00:00:00+00:00,53.5000,-5.5000,11.6156
1910-11-16T00:00:00+00:00,53.5000,-4.5000,11.5547
1910-11-16T00:00:00+00:00,53.5000,-3.5000,11.3689
1910-11-16T00:00:00+00:00,52.5000,-6.5000,11.8825
1910-11-16T00:00:00+00:00,52.5000,-5.5000,11.8253
1910-11-16T00:00:00+00:00,52.5000,-4.5000,11.8150
1910-11-16T00:00:00+00:00,51.5000,-6.5000,11.9434
1910-11-16T00:00:00+00:00,51.5000,-5.5000,12.0196
1910-11-16T00:00:00+00:00,51.5000,-4.5000,12.0797
1910-11-16T00:00:00+00:00,51.5000,-3.5000,12.2631
1910-12-16T12:00:00+00:00,53.5000,-5.5000,10.0990
1910-12-16T12:00:00+00:00,53.5000,-4.5000,10.0420
1910-12-16T12:00:00+00:00,53.5000,-3.5000,9.9135
1910-12-16T12:00:00+00:00,52.5000,-6.5000,10.4702
1910-12-16T12:00:00+00:00,52.5000,-5.5000,10.2726
1910-12-16T12:00:00+00:00,52.5000,-4.5000,10.2638
1910-12-16T12:00:00+00:00,51.5000,-6.5000,10.5884
1910-12-16T12:00:00+00:00,51.5000,-5.5000,10.5642
1910-12-16T12:00:00+00:00,51.5000,-4.5000,10.6299
1910-12-16T12:00:00+00:00,51.5000,-3.5000,11.0158
1911-01-16T12:00:00+00:00,53.5000,-5.5000,8.9344
1911-01-16T12:00:00+00:00,53.5000,-4.5000,8.8396
1911-01-16T12:00:00+00:00,53.5000,-3.5000,8.7030
1911-01-16T12:00:00+00:00,52.5000,-6.5000,9.5713
1911-01-16T12:00:00+00:00,52.5000,-5.5000,9.2151
1911-01-16T12:00:00+00:00,52.5000,-4.5000,9.0904
1911-01-16T12:00:00+00:00,51.5000,-6.5000,9.7476
1911-01-16T12:00:00+00:00,51.5000,-5.5000,9.5919
1911-01-16T12:00:00+00:00,51.5000,-4.5000,9.4665
1911-01-16T12:00:00+00:00,51.5000,-3.5000,9.6290
1911-02-15T00:00:00+00:00,53.5000,-5.5000,8.1045
1911-02-15T00:00:00+00:00,53.5000,-4.5000,7.9600
1911-02-15T00:00:00+00:00,53.5000,-3.5000,7.7124
1911-02-15T00:00:00+00:00,52.5000,-6.5000,8.8671
1911-02-15T00:00:00+00:00,52.5000,-5.5000,8.4240
1911-02-15T00:00:00+00:00,52.5000,-4.5000,8.2767
1911-02-15T00:00:00+00:00,51.5000,-6.5000,9.0980
1911-02-15T00:00:00+00:00,51.5000,-5.5000,8.8812
1911-02-15T00:00:00+00:00,51.5000,-4.5000,8.7267
1911-02-15T00:00:00+00:00,51.5000,-3.5000,8.9173
1911-03-16T12:00:00+00:00,53.5000,-5.5000,7.7238
1911-03-16T12:00:00+00:00,53.5000,-4.5000,7.6615
1911-03-16T12:00:00+00:00,53.5000,-3.5000,7.5521
1911-03-16T12:00:00+00:00,52.5000,-6.5000,8.4930
1911-03-16T12:00:00+00:00,52.5000,-5.5000,8.0384
1911-03-16T12:00:00+00:00,52.5000,-4.5000,7.9484
1911-03-16T12:00:00+00:00,51.5000,-6.5000,8.7494
1911-03-16T12:00:00+00:00,51.5000,-5.5000,8.5186
1911-03-16T12:00:00+00:00,51.5000,-4.5000,8.4313
1911-03-16T12:00:00+00:00,51.5000,-3.5000,8.7797
1911-04-16T00:00:00+00:00,53.5000,-5.5000,8.2396
1911-04-16T00:00:00+00:00,53.5000,-4.5000,8.1181
1911-04-16T00:00:00+00:00,53.5000,-3.5000,7.8854
1911-04-16T00:00:00+00:00,52.5000,-6.5000,8.9578
1911-04-16T00:00:00+00:00,52.5000,-5.5000,8.5743
1911-04-16T00:00:00+00:00,52.5000,-4.5000,8.4368
1911-04-16T00:00:00+00:00,51.5000,-6.5000,9.1950
1911-04-16T00:00:00+00:00,51.5000,-5.5000,9.0108
1911-04-16T00:00:00+00:00,51.5000,-4.5000,8.8298
1911-04-16T00:00:00+00:00,51.5000,-3.5000,8.8200
1911-05-16T12:00:00+00:00,53.5000,-5.5000,10.1497
1911-05-16T12:00:00+00:00,53.5000,-4.5000,10.1106
1911-05-16T12:00:00+00:00,53.5000,-3.5000,9.9920
1911-05-16T12:00:00+00:00,52.5000,-6.5000,10.9158
1911-05-16T12:00:00+00:00,52.5000,-5.5000,10.5653
1911-05-16T12:00:00+00:00,52.5000,-4.5000,10.4739
1911-05-16T12:00:00+00:00,51.5000,-6.5000,11.1360
1911-05-16T12:00:00+00:00,51.5000,-5.5000,10.9990
1911-05-16T12:00:00+00:00,51.5000,-4.5000,10.8797
1911-05-16T12:00:00+00:00,51.5000,-3.5000,10.8770
1911-06-16T00:00:00+00:00,53.5000,-5.5000,12.5016
1911-06-16T00:00:00+00:00,53.5000,-4.5000,12.4354
1911-06-16T00:00:00+00:00,53.5000,-3.5000,12.0967
1911-06-16T00:00:00+00:00,52.5000,-6.5000,13.5631
1911-06-16T00:00:00+00:00,52.5000,-5.5000,13.1564
1911-06-16T00:00:00+00:00,52.5000,-4.5000,13.0392
1911-06-16T00:00:00+00:00,51.5000,-6.5000,13.8156
1911-06-16T00:00:00+00:00,51.5000,-5.5000,13.6666
1911-06-16T00:00:00+00:00,51.5000,-4.5000,13.4929
1911-06-16T00:00:00+00:00,51.5000,-3.5000,13.3707
1911-07-16T12:00:00+00:00,53.5000,-5.5000,14.1195
1911-07-16T12:00:00+00:00,53.5000,-4.5000,14.1519
1911-07-16T12:00:00+00:00,53.5000,-3.5000,13.9090
1911-07-16T12:00:00+00:00,52.5000,-6.5000,15.3868
1911-07-16T12:00:00+00:00,52.5000,-5.5000,14.9150
1911-07-16T12:00:00+00:00,52.5000,-4.5000,14.8644
1911-07-16T12:00:00+00:00,51.5000,-6.5000,15.6895
1911-07-16T12:00:00+00:00,51.5000,-5.5000,15.5289
1911-07-16T12:00:00+00:00,51.5000,-4.5000,15.4490
1911-07-16T12:00:00+00:00,51.5000,-3.5000,15.5687
1911-08-16T12:00:00+00:00,53.5000,-5.5000,16.0062
1911-08-16T12:00:00+00:00,53.5000,-4.5000,16.0104
1911-08-16T12:00:00+00:00,53.5000,-3.5000,15.7325
1911-08-16T12:00:00+00:00,52.5000,-6.5000,17.0041
1911-08-16T12:00:00+00:00,52.5000,-5.5000,16.6600
1911-08-16T12:00:00+00:00,52.5000,-4.5000,16.6298
1911-08-16T12:00:00+00:00,51.5000,-6.5000,17.2653
1911-08-16T12:00:00+00:00,51.5000,-5.5000,17.1572
1911-08-16T12:00:00+00:00,51.5000,-4.5000,17.1038
1911-08-16T12:00:00+00:00,51.5000,-3.5000,17.1954
1911-09-16T00:00:00+00:00,53.5000,-5.5000,15.3437
1911-09-16T00:00:00+00:00,53.5000,-4.5000,15.4197
1911-09-16T00:00:00+00:00,53.5000,-3.5000,15.3635
1911-09-16T00:00:00+00:00,52.5000,-6.5000,15.7965
1911-09-16T00:00:00+00:00,52.5000,-5.5000,15.6558
1911-09-16T00:00:00+00:00,52.5000,-4.5000,15.7541
1911-09-16T00:00:00+00:00,51.5000,-6.5000,15.9478
1911-09-16T00:00:00+00:00,51.5000,-5.5000,15.9518
1911-09-16T00:00:00+00:00,51.5000,-4.5000,16.1148
1911-09-16T00:00:00+00:00,51.5000,-3.5000,16.5534
1911-10-16T12:00:00+00:00,53.5000,-5.5000,13.8369
1911-10-16T12:00:00+00:00,53.5000,-4.5000,13.8744
1911-10-16T12:00:00+00:00,53.5000,-3.5000,13.7866
1911-10-16T12:00:00+00:00,52.5000,-6.5000,14.0257
1911-10-16T12:00:00+00:00,52.5000,-5.5000,14.0277
1911-10-16T12:00:00+00:00,52.5000,-4.5000,14.1155
1911-10-16T12:00:00+00:00,51.5000,-6.5000,14.0800
1911-10-16T12:00:00+00:00,51.5000,-5.5000,14.1744
1911-10-16T12:00:00+00:00,51.5000,-4.5000,14.3465
1911-10-16T12:00:00+00:00,51.5000,-3.5000,14.6993
1911-11-16T00:00:00+00:00,53.5000,-5.5000,11.4171
1911-11-16T00:00:00+00:00,53.5000,-4.5000,11.4263
1911-11-16T00:00:00+00:00,53.5000,-3.5000,11.4091
1911-11-16T00:00:00+00:00,52.5000,-6.5000,11.6075
1911-11-16T00:00:00+00:00,52.5000,-5.5000,11.5503
1911-11-16T00:00:00+00:00,52.5000,-4.5000,11.5992
1911-11-16T00:00:00+00:00,51.5000,-6.5000,11.6684
1911-11-16T00:00:00+00:00,51.5000,-5.5000,11.7446
1911-11-16T00:00:00+00:00,51.5000,-4.5000,11.8933
1911-11-16T00:00:00+00:00,51.5000,-3.5000,12.2837
1911-12-16T12:00:00+00:00,53.5000,-5.5000,10.0177
1911-12-16T12:00:00+00:00,53.5000,-4.5000,10.0152
1911-12-16T12:00:00+00:00,53.5000,-3.5000,9.9525
1911-12-16T12:00:00+00:00,52.5000,-6.5000,10.4175
1911-12-16T12:00:00+00:00,52.5000,-5.5000,10.2199
1911-12-16T12:00:00+00:00,52.5000,-4.5000,10.2456
1911-12-16T12:00:00+00:00,51.5000,-6.5000,10.5357
1911-12-16T12:00:00+00:00,51.5000,-5.5000,10.5115
1911-12-16T12:00:00+00:00,51.5000,-4.5000,10.6290
1911-12-16T12:00:00+00:00,51.5000,-3.5000,11.1357
1912-01-16T12:00:00+00:00,53.5000,-5.5000,9.1541
1912-01-16T12:00:00+00:00,53.5000,-4.5000,9.1515
1912-01-16T12:00:00+00:00,53.5000,-3.5000,9.0548
1912-01-16T12:00:00+00:00,52.5000,-6.5000,9.8539
1912-01-16T12:00:00+00:00,52.5000,-5.5000,9.4976
1912-01-16T12:00:00+00:00,52.5000,-4.5000,9.4600
1912-01-16T12:00:00+00:00,51.5000,-6.5000,10.0302
1912-01-16T12:00:00+00:00,51.5000,-5.5000,9.8745
1912-01-16T12:00:00+00:00,51.5000,-4.5000,9.8795
1912-01-16T12:00:00+00:00,51.5000,-3.5000,10.3463
1912-02-15T12:00:00+00:00,53.5000,-5.5000,8.4974
1912-02-15T12:00:00+00:00,53.5000,-4.5000,8.3930
1912-02-15T12:00:00+00:00,53.5000,-3.5000,8.0844
1912-02-15T12:00:00+00:00,52.5000,-6.5000,9.3544
1912-02-15T12:00:00+00:00,52.5000,-5.5000,8.9112
1912-02-15T12:00:00+00:00,52.5000,-4.5000,8.8074
1912-02-15T12:00:00+00:00,51.5000,-6.5000,9.5852
1912-02-15T12:00:00+00:00,51.5000,-5.5000,9.3684
1912-02-15T12:00:00+00:00,51.5000,-4.5000,9.2792
1912-02-15T12:00:00+00:00,51.5000,-3.5000,9.6219
1912-03-16T12:00:00+00:00,53.5000,-5.5000,8.2620
1912-03-16T12:00:00+00:00,53.5000,-4.5000,8.2706
1912-03-16T12:00:00+00:00,53.5000,-3.5000,8.0775
1912-03-16T12:00:00+00:00,52.5000,-6.5000,9.1913
1912-03-16T12:00:00+00:00,52.5000,-5.5000,8.7367
1912-03-16T12:00:00+00:00,52.5000,-4.5000,8.7149
1912-03-16T12:00:00+00:00,51.5000,-6.5000,9.4477
1912-03-16T12:00:00+00:00,51.5000,-5.5000,9.2169
1912-03-16T12:00:00+00:00,51.5000,-4.5000,9.2319
1912-03-16T12:00:00+00:00,51.5000,-3.5000,9.8191
1912-04-16T00:00:00+00:00,53.5000,-5.5000,9.2512
1912-04-16T00:00:00+00:00,53.5000,-4.5000,9.2578
1912-04-16T00:00:00+00:00,53.5000,-3.5000,9.1029
1912-04-16T00:00:00+00:00,52.5000,-6.5000,10.1261
1912-04-16T00:00:00+00:00,52.5000,-5.5000,9.7426
1912-04-16T00:00:00+00:00,52.5000,-4.5000,9.6799
1912-04-16T00:00:00+00:00,51.5000,-6.5000,10.3633
1912-04-16T00:00:00+00:00,51.5000,-5.5000,10.1791
1912-04-16T00:00:00+00:00,51.5000,-4.5000,10.1103
1912-04-16T00:00:00+00:00,51.5000,-3.5000,10.3624
1912-05-16T12:00:00+00:00,53.5000,-5.5000,10.7401
1912-05-16T12:00:00+00:00,53.5000,-4.5000,10.7591
1912-05-16T12:00:00+00:00,53.5000,-3.5000,10.4868
1912-05-16T12:00:00+00:00,52.5000,-6.5000,11.7321
1912-05-16T12:00:00+00:00,52.5000,-5.5000,11.3815
1912-05-16T12:00:00+00:00,52.5000,-4.5000,11.3411
1912-05-16T12:00:00+00:00,51.5000,-6.5000,11.9522
1912-05-16T12:00:00+00:00,51.5000,-5.5000,11.8152
1912-05-16T12:00:00+00:00,51.5000,-4.5000,11.7723
1912-05-16T12:00:00+00:00,51.5000,-3.5000,11.9479
1912-06-16T00:00:00+00:00,53.5000,-5.5000,12.5420
1912-06-16T00:00:00+00:00,53.5000,-4.5000,12.4905
1912-06-16T00:00:00+00:00,53.5000,-3.5000,12.0935
1912-06-16T00:00:00+00:00,52.5000,-6.5000,13.6723
1912-06-16T00:00:00+00:00,52.5000,-5.5000,13.2656
1912-06-16T00:00:00+00:00,52.5000,-4.5000,13.1652
1912-06-16T00:00:00+00:00,51.5000,-6.5000,13.9248
1912-06-16T00:00:00+00:00,51.5000,-5.5000,13.7758
1912-06-16T00:00:00+00:00,51.5000,-4.5000,13.6273
1912-06-16T00:00:00+00:00,51.5000,-3.5000,13.5640
1912-07-16T12:00:00+00:00,53.5000,-5.5000,13.5903
1912-07-16T12:00:00+00:00,53.5000,-4.5000,13.6739
1912-07-16T12:00:00+00:00,53.5000,-3.5000,13.6141
1912-07-16T12:00:00+00:00,52.5000,-6.5000,14.6335
1912-07-16T12:00:00+00:00,52.5000,-5.5000,14.1617
1912-07-16T12:00:00+00:00,52.5000,-4.5000,14.2086
1912-07-16T12:00:00+00:00,51.5000,-6.5000,14.9362
1912-07-16T12:00:00+00:00,51.5000,-5.5000,14.7756
1912-07-16T12:00:00+00:00,51.5000,-4.5000,14.8419
1912-07-16T12:00:00+00:00,51.5000,-3.5000,15.3028
1912-08-16T12:00:00+00:00,53.5000,-5.5000,13.8272
1912-08-16T12:00:00+00:00,53.5000,-4.5000,13.8165
1912-08-16T12:00:00+00:00,53.5000,-3.5000,13.7471
1912-08-16T12:00:00+00:00,52.5000,-6.5000,14.5252
1912-08-16T12:00:00+00:00,52.5000,-5.5000,14.1811
1912-08-16T12:00:00+00:00,52.5000,-4.5000,14.1740
1912-08-16T12:00:00+00:00,51.5000,-6.5000,14.7864
1912-08-16T12:00:00+00:00,51.5000,-5.5000,14.6783
1912-08-16T12:00:00+00:00,51.5000,-4.5000,14.6595
1912-08-16T12:00:00+00:00,51.5000,-3.5000,14.8321
1912-09-16T00:00:00+00:00,53.5000,-5.5000,13.6967
1912-09-16T00:00:00+00:00,53.5000,-4.5000,13.6814
1912-09-16T00:00:00+00:00,53.5000,-3.5000,13.5967
1912-09-16T00:00:00+00:00,52.5000,-6.5000,14.1212
1912-09-16T00:00:00+00:00,52.5000,-5.5000,13.9805
1912-09-16T00:00:00+00:00,52.5000,-4.5000,13.9702
1912-09-16T00:00:00+00:00,51.5000,-6.5000,14.2725
1912-09-16T00:00:00+00:00,51.5000,-5.5000,14.2765
1912-09-16T00:00:00+00:00,51.5000,-4.5000,14.2766
1912-09-16T00:00:00+00:00,51.5000,-3.5000,14.3351
1912-10-16T12:00:00+00:00,53.5000,-5.5000,12.9357
1912-10-16T12:00:00+00:00,53.5000,-4.5000,12.9227
1912-10-16T12:00:00+00:00,53.5000,-3.5000,12.9079
1912-10-16T12:00:00+00:00,52.5000,-6.5000,13.0128
1912-10-16T12:00:00+00:00,52.5000,-5.5000,13.0149
1912-10-16T12:00:00+00:00,52.5000,-4.5000,13.0461
1912-10-16T12:00:00+00:00,51.5000,-6.5000,13.0672
1912-10-16T12:00:00+00:00,51.5000,-5.5000,13.1616
1912-10-16T12:00:00+00:00,51.5000,-4.5000,13.2488
1912-10-16T12:00:00+00:00,51.5000,-3.5000,13.4036
1912-11-16T00:00:00+00:00,53.5000,-5.5000,11.3744
1912-11-16T00:00:00+00:00,53.5000,-4.5000,11.3610
1912-11-16T00:00:00+00:00,53.5000,-3.5000,11.2178
1912-11-16T00:00:00+00:00,52.5000,-6.5000,11.6465
1912-11-16T00:00:00+00:00,52.5000,-5.5000,11.5893
1912-11-16T00:00:00+00:00,52.5000,-4.5000,11.6266
1912-11-16T00:00:00+00:00,51.5000,-6.5000,11.7074
1912-11-16T00:00:00+00:00,51.5000,-5.5000,11.7836
1912-11-16T00:00:00+00:00,51.5000,-4.5000,11.9150
1912-11-16T00:00:00+00:00,51.5000,-3.5000,12.2648
1912-12-16T12:00:00+00:00,53.5000,-5.5000,10.4000
1912-12-16T12:00:00+00:00,53.5000,-4.5000,10.3063
1912-12-16T12:00:00+00:00,53.5000,-3.5000,10.0401
1912-12-16T12:00:00+00:00,52.5000,-6.5000,10.8531
1912-12-16T12:00:00+00:00,52.5000,-5.5000,10.6555
1912-12-16T12:00:00+00:00,52.5000,-4.5000,10.6195
1912-12-16T12:00:00+00:00,51.5000,-6.5000,10.9713
1912-12-16T12:00:00+00:00,51.5000,-5.5000,10.9471
1912-12-16T12:00:00+00:00,51.5000,-4.5000,10.9721
1912-12-16T12:00:00+00:00,51.5000,-3.5000,11.2627
1913-01-16T12:00:00+00:00,53.5000,-5.5000,9.4254
1913-01-16T12:00:00+00:00,53.5000,-4.5000,9.3891
1913-01-16T12:00:00+00:00,53.5000,-3.5000,9.1484
1913-01-16T12:00:00+00:00,52.5000,-6.5000,10.2316
1913-01-16T12:00:00+00:00,52.5000,-5.5000,9.8754
1913-01-16T12:00:00+00:00,52.5000,-4.5000,9.8060
1913-01-16T12:00:00+00:00,51.5000,-6.5000,10.4080
1913-01-16T12:00:00+00:00,51.5000,-5.5000,10.2523
1913-01-16T12:00:00+00:00,51.5000,-4.5000,10.2097
1913-01-16T12:00:00+00:00,51.5000,-3.5000,10.5652
1913-02-15T00:00:00+00:00,53.5000,-5.5000,8.4106
1913-02-15T00:00:00+00:00,53.5000,-4.5000,8.3067
1913-02-15T00:00:00+00:00,53.5000,-3.5000,7.9450
1913-02-15T00:00:00+00:00,52.5000,-6.5000,9.3259
1913-02-15T00:00:00+00:00,52.5000,-5.5000,8.8827
1913-02-15T00:00:00+00:00,52.5000,-4.5000,8.7772
1913-02-15T00:00:00+00:00,51.5000,-6.5000,9.5568
1913-02-15T00:00:00+00:00,51.5000,-5.5000,9.3399
1913-02-15T00:00:00+00:00,51.5000,-4.5000,9.2482
1913-02-15T00:00:00+00:00,51.5000,-3.5000,9.5849
1913-03-16T12:00:00+00:00,53.5000,-5.5000,8.0196
1913-03-16T12:00:00+00:00,53.5000,-4.5000,7.9571
1913-03-16T12:00:00+00:00,53.5000,-3.5000,7.6483
1913-03-16T12:00:00+00:00,52.5000,-6.5000,8.9654
1913-03-16T12:00:00+00:00,52.5000,-5.5000,8.5109
1913-03-16T12:00:00+00:00,52.5000,-4.5000,8.4319
1913-03-16T12:00:00+00:00,51.5000,-6.5000,9.2218
1913-03-16T12:00:00+00:00,51.5000,-5.5000,8.9910
1913-03-16T12:00:00+00:00,51.5000,-4.5000,8.9203
1913-03-16T12:00:00+00:00,51.5000,-3.5000,9.3074
1913-04-16T00:00:00+00:00,53.5000,-5.5000,8.2104
1913-04-16T00:00:00+00:00,53.5000,-4.5000,8.2358
1913-04-16T00:00:00+00:00,53.5000,-3.5000,8.1209
1913-04-16T00:00:00+00:00,52.5000,-6.5000,9.0270
1913-04-16T00:00:00+00:00,52.5000,-5.5000,8.6435
1913-04-16T00:00:00+00:00,52.5000,-4.5000,8.6181
1913-04-16T00:00:00+00:00,51.5000,-6.5000,9.2641
1913-04-16T00:00:00+00:00,51.5000,-5.5000,9.0799
1913-04-16T00:00:00+00:00,51.5000,-4.5000,9.0672
1913-04-16T00:00:00+00:00,51.5000,-3.5000,9.4500
1913-05-16T12:00:00+00:00,53.5000,-5.5000,9.5869
1913-05-16T12:00:00+00:00,53.5000,-4.5000,9.6655
1913-05-16T12:00:00+00:00,53.5000,-3.5000,9.6394
1913-05-16T12:00:00+00:00,52.5000,-6.5000,10.3942
1913-05-16T12:00:00+00:00,52.5000,-5.5000,10.0436
1913-05-16T12:00:00+00:00,52.5000,-4.5000,10.0619
1913-05-16T12:00:00+00:00,51.5000,-6.5000,10.6143
1913-05-16T12:00:00+00:00,51.5000,-5.5000,10.4773
1913-05-16T12:00:00+00:00,51.5000,-4.5000,10.5225
1913-05-16T12:00:00+00:00,51.5000,-3.5000,10.9037
1913-06-16T00:00:00+00:00,53.5000,-5.5000,11.4123
1913-06-16T00:00:00+00:00,53.5000,-4.5000,11.5336
1913-06-16T00:00:00+00:00,53.5000,-3.5000,11.6306
1913-06-16T00:00:00+00:00,52.5000,-6.5000,12.3038
1913-06-16T00:00:00+00:00,52.5000,-5.5000,11.8970
1913-06-16T00:00:00+00:00,52.5000,-4.5000,11.9283
1913-06-16T00:00:00+00:00,51.5000,-6.5000,12.5562
1913-06-16T00:00:00+00:00,51.5000,-5.5000,12.4073
1913-06-16T00:00:00+00:00,51.5000,-4.5000,12.4562
1913-06-16T00:00:00+00:00,51.5000,-3.5000,12.8534
1913-07-16T12:00:00+00:00,53.5000,-5.5000,13.4321
1913-07-16T12:00:00+00:00,53.5000,-4.5000,13.4423
1913-07-16T12:00:00+00:00,53.5000,-3.5000,13.2533
1913-07-16T12:00:00+00:00,52.5000,-6.5000,14.5180
1913-07-16T12:00:00+00:00,52.5000,-5.5000,14.0462
1913-07-16T12:00:00+00:00,52.5000,-4.5000,14.0263
1913-07-16T12:00:00+00:00,51.5000,-6.5000,14.8208
1913-07-16T12:00:00+00:00,51.5000,-5.5000,14.6602
1913-07-16T12:00:00+00:00,51.5000,-4.5000,14.6262
1913-07-16T12:00:00+00:00,51.5000,-3.5000,14.8531
1913-08-16T12:00:00+00:00,53.5000,-5.5000,15.1188
1913-08-16T12:00:00+00:00,53.5000,-4.5000,15.0703
1913-08-16T12:00:00+00:00,53.5000,-3.5000,14.6769
1913-08-16T12:00:00+00:00,52.5000,-6.5000,16.1810
1913-08-16T12:00:00+00:00,52.5000,-5.5000,15.8369
1913-08-16T12:00:00+00:00,52.5000,-4.5000,15.7531
1913-08-16T12:00:00+00:00,51.5000,-6.5000,16.4422
1913-08-16T12:00:00+00:00,51.5000,-5.5000,16.3341
1913-08-16T12:00:00+00:00,51.5000,-4.5000,16.2003
1913-08-16T12:00:00+00:00,51.5000,-3.5000,16.1044
1913-09-16T00:00:00+00:00,53.5000,-5.5000,14.7476
1913-09-16T00:00:00+00:00,53.5000,-4.5000,14.7767
1913-09-16T00:00:00+00:00,53.5000,-3.5000,14.6747
1913-09-16T00:00:00+00:00,52.5000,-6.5000,15.2764
1913-09-16T00:00:00+00:00,52.5000,-5.5000,15.1356
1913-09-16T00:00:00+00:00,52.5000,-4.5000,15.1485
1913-09-16T00:00:00+00:00,51.5000,-6.5000,15.4276
1913-09-16T00:00:00+00:00,51.5000,-5.5000,15.4316
1913-09-16T00:00:00+00:00,51.5000,-4.5000,15.4664
1913-09-16T00:00:00+00:00,51.5000,-3.5000,15.6058
1913-10-16T12:00:00+00:00,53.5000,-5.5000,13.8310
1913-10-16T12:00:00+00:00,53.5000,-4.5000,13.8906
1913-10-16T12:00:00+00:00,53.5000,-3.5000,13.8422
1913-10-16T12:00:00+00:00,52.5000,-6.5000,14.0619
1913-10-16T12:00:00+00:00,52.5000,-5.5000,14.0640
1913-10-16T12:00:00+00:00,52.5000,-4.5000,14.1439
1913-10-16T12:00:00+00:00,51.5000,-6.5000,14.1163
1913-10-16T12:00:00+00:00,51.5000,-5.5000,14.2107
1913-10-16T12:00:00+00:00,51.5000,-4.5000,14.3710
1913-10-16T12:00:00+00:00,51.5000,-3.5000,14.6966
1913-11-16T00:00:00+00:00,53.5000,-5.5000,11.8641
1913-11-16T00:00:00+00:00,53.5000,-4.5000,11.9505
1913-11-16T00:00:00+00:00,53.5000,-3.5000,12.0134
1913-11-16T00:00:00+00:00,52.5000,-6.5000,12.0502
1913-11-16T00:00:00+00:00,52.5000,-5.5000,11.9930
1913-11-16T00:00:00+00:00,52.5000,-4.5000,12.1199
1913-11-16T00:00:00+00:00,51.5000,-6.5000,12.1111
1913-11-16T00:00:00+00:00,51.5000,-5.5000,12.1873
1913-11-16T00:00:00+00:00,51.5000,-4.5000,12.4531
1913-11-16T00:00:00+00:00,51.5000,-3.5000,13.1164
1913-12-16T12:00:00+00:00,53.5000,-5.5000,10.3883
1913-12-16T12:00:00+00:00,53.5000,-4.5000,10.3715
1913-12-16T12:00:00+00:00,53.5000,-3.5000,10.1865
1913-12-16T12:00:00+00:00,52.5000,-6.5000,10.9053
1913-12-16T12:00:00+00:00,52.5000,-5.5000,10.7077
1913-12-16T12:00:00+00:00,52.5000,-4.5000,10.7145
1913-12-16T12:00:00+00:00,51.5000,-6.5000,11.0235
1913-12-16T12:00:00+00:00,51.5000,-5.5000,10.9993
1913-12-16T12:00:00+00:00,51.5000,-4.5000,11.0886
1913-12-16T12:00:00+00:00,51.5000,-3.5000,11.5293
1914-01-16T12:00:00+00:00,53.5000,-5.5000,9.3059
1914-01-16T12:00:00+00:00,53.5000,-4.5000,9.1286
1914-01-16T12:00:00+00:00,53.5000,-3.5000,8.6173
1914-01-16T12:00:00+00:00,52.5000,-6.5000,10.1899
1914-01-16T12:00:00+00:00,52.5000,-5.5000,9.8337
1914-01-16T12:00:00+00:00,52.5000,-4.5000,9.6492
1914-01-16T12:00:00+00:00,51.5000,-6.5000,10.3662
1914-01-16T12:00:00+00:00,51.5000,-5.5000,10.2105
1914-01-16T12:00:00+00:00,51.5000,-4.5000,9.9953
1914-01-16T12:00:00+00:00,51.5000,-3.5000,9.9482
1914-02-15T00:00:00+00:00,53.5000,-5.5000,8.7626
1914-02-15T00:00:00+00:00,53.5000,-4.5000,8.6084
1914-02-15T00:00:00+00:00,53.5000,-3.5000,8.2089
1914-02-15T00:00:00+00:00,52.5000,-6.5000,9.6804
1914-02-15T00:00:00+00:00,52.5000,-5.5000,9.2372
1914-02-15T00:00:00+00:00,52.5000,-4.5000,9.0737
1914-02-15T00:00:00+00:00,51.5000,-6.5000,9.9112
1914-02-15T00:00:00+00:00,51.5000,-5.5000,9.6944
1914-02-15T00:00:00+00:00,51.5000,-4.5000,9.5157
1914-02-15T00:00:00+00:00,51.5000,-3.5000,9.6496
1914-03-16T12:00:00+00:00,53.5000,-5.5000,7.8137
1914-03-16T12:00:00+00:00,53.5000,-4.5000,7.8315
1914-03-16T12:00:00+00:00,53.5000,-3.5000,7.6143
1914-03-16T12:00:00+00:00,52.5000,-6.5000,8.8199
1914-03-16T12:00:00+00:00,52.5000,-5.5000,8.3653
1914-03-16T12:00:00+00:00,52.5000,-4.5000,8.3307
1914-03-16T12:00:00+00:00,51.5000,-6.5000,9.0763
1914-03-16T12:00:00+00:00,51.5000,-5.5000,8.8454
1914-03-16T12:00:00+00:00,51.5000,-4.5000,8.8414
1914-03-16T12:00:00+00:00,51.5000,-3.5000,9.3840
1914-04-16T00:00:00+00:00,53.5000,-5.5000,8.8899
1914-04-16T00:00:00+00:00,53.5000,-4.5000,8.9580
1914-04-16T00:00:00+00:00,53.5000,-3.5000,9.0743
1914-04-16T00:00:00+00:00,52.5000,-6.5000,9.4966
1914-04-16T00:00:00+00:00,52.5000,-5.5000,9.1131
1914-04-16T00:00:00+00:00,52.5000,-4.5000,9.1412
1914-04-16T00:00:00+00:00,51.5000,-6.5000,9.7338
1914-04-16T00:00:00+00:00,51.5000,-5.5000,9.5496
1914-04-16T00:00:00+00:00,51.5000,-4.5000,9.6170
1914-04-16T00:00:00+00:00,51.5000,-3.5000,10.1869
1914-05-16T12:00:00+00:00,53.5000,-5.5000,9.9057
1914-05-16T12:00:00+00:00,53.5000,-4.5000,9.9931
1914-05-16T12:00:00+00:00,53.5000,-3.5000,9.9601
1914-05-16T12:00:00+00:00,52.5000,-6.5000,10.7218
1914-05-16T12:00:00+00:00,52.5000,-5.5000,10.3713
1914-05-16T12:00:00+00:00,52.5000,-4.5000,10.4018
1914-05-16T12:00:00+00:00,51.5000,-6.5000,10.9420
1914-05-16T12:00:00+00:00,51.5000,-5.5000,10.8050
1914-05-16T12:00:00+00:00,51.5000,-4.5000,10.8684
1914-05-16T12:00:00+00:00,51.5000,-3.5000,11.2923
1914-06-16T00:00:00+00:00,53.5000,-5.5000,11.7728
1914-06-16T00:00:00+00:00,53.5000,-4.5000,11.8207
1914-06-16T00:00:00+00:00,53.5000,-3.5000,11.7224
1914-06-16T00:00:00+00:00,52.5000,-6.5000,12.7198
1914-06-16T00:00:00+00:00,52.5000,-5.5000,12.3130
1914-06-16T00:00:00+00:00,52.5000,-4.5000,12.3039
1914-06-16T00:00:00+00:00,51.5000,-6.5000,12.9722
1914-06-16T00:00:00+00:00,51.5000,-5.5000,12.8233
1914-06-16T00:00:00+00:00,51.5000,-4.5000,12.8117
1914-06-16T00:00:00+00:00,51.5000,-3.5000,13.0678
1914-07-16T12:00:00+00:00,53.5000,-5.5000,13.9372
1914-07-16T12:00:00+00:00,53.5000,-4.5000,13.9836
1914-07-16T12:00:00+00:00,53.5000,-3.5000,13.8783
1914-07-16T12:00:00+00:00,52.5000,-6.5000,15.1036
1914-07-16T12:00:00+00:00,52.5000,-5.5000,14.6319
1914-07-16T12:00:00+00:00,52.5000,-4.5000,14.5840
1914-07-16T12:00:00+00:00,51.5000,-6.5000,15.4064
1914-07-16T12:00:00+00:00,51.5000,-5.5000,15.2458
1914-07-16T12:00:00+00:00,51.5000,-4.5000,15.1700
1914-07-16T12:00:00+00:00,51.5000,-3.5000,15.2995
1914-08-16T12:00:00+00:00,53.5000,-5.5000,14.9562
1914-08-16T12:00:00+00:00,53.5000,-4.5000,15.0343
1914-08-16T12:00:00+00:00,53.5000,-3.5000,15.0075
1914-08-16T12:00:00+00:00,52.5000,-6.5000,15.8012
1914-08-16T12:00:00+00:00,52.5000,-5.5000,15.4572
1914-08-16T12:00:00+00:00,52.5000,-4.5000,15.4885
1914-08-16T12:00:00+00:00,51.5000,-6.5000,16.0624
1914-08-16T12:00:00+00:00,51.5000,-5.5000,15.9543
1914-08-16T12:00:00+00:00,51.5000,-4.5000,15.9933
1914-08-16T12:00:00+00:00,51.5000,-3.5000,16.3004
1914-09-16T00:00:00+00:00,53.5000,-5.5000,14.8446
1914-09-16T00:00:00+00:00,53.5000,-4.5000,14.9125
1914-09-16T00:00:00+00:00,53.5000,-3.5000,14.8792
1914-09-16T00:00:00+00:00,52.5000,-6.5000,15.3175
1914-09-16T00:00:00+00:00,52.5000,-5.5000,15.1767
1914-09-16T00:00:00+00:00,52.5000,-4.5000,15.2413
1914-09-16T00:00:00+00:00,51.5000,-6.5000,15.4687
1914-09-16T00:00:00+00:00,51.5000,-5.5000,15.4727
1914-09-16T00:00:00+00:00,51.5000,-4.5000,15.5852
1914-09-16T00:00:00+00:00,51.5000,-3.5000,15.9060
1914-10-16T12:00:00+00:00,53.5000,-5.5000,14.1025
1914-10-16T12:00:00+00:00,53.5000,-4.5000,14.1410
1914-10-16T12:00:00+00:00,53.5000,-3.5000,14.1169
1914-10-16T12:00:00+00:00,52.5000,-6.5000,14.2456
1914-10-16T12:00:00+00:00,52.5000,-5.5000,14.2476
1914-10-16T12:00:00+00:00,52.5000,-4.5000,14.3277
1914-10-16T12:00:00+00:00,51.5000,-6.5000,14.2999
1914-10-16T12:00:00+00:00,51.5000,-5.5000,14.3943
1914-10-16T12:00:00+00:00,51.5000,-4.5000,14.5549
1914-10-16T12:00:00+00:00,51.5000,-3.5000,14.8808
1914-11-16T00:00:00+00:00,53.5000,-5.5000,11.9956
1914-11-16T00:00:00+00:00,53.5000,-4.5000,11.9507
1914-11-16T00:00:00+00:00,53.5000,-3.5000,11.7890
1914-11-16T00:00:00+00:00,52.5000,-6.5000,12.2275
1914-11-16T00:00:00+00:00,52.5000,-5.5000,12.1703
1914-11-16T00:00:00+00:00,52.5000,-4.5000,12.1895
1914-11-16T00:00:00+00:00,51.5000,-6.5000,12.2884
1914-11-16T00:00:00+00:00,51.5000,-5.5000,12.3646
1914-11-16T00:00:00+00:00,51.5000,-4.5000,12.4688
1914-11-16T00:00:00+00:00,51.5000,-3.5000,12.7552
1914-12-16T12:00:00+00:00,53.5000,-5.5000,10.1154
1914-12-16T12:00:00+00:00,53.5000,-4.5000,10.0214
1914-12-16T12:00:00+00:00,53.5000,-3.5000,9.8483
1914-12-16T12:00:00+00:00,52.5000,-6.5000,10.5067
1914-12-16T12:00:00+00:00,52.5000,-5.5000,10.3091
1914-12-16T12:00:00+00:00,52.5000,-4.5000,10.2570
1914-12-16T12:00:00+00:00,51.5000,-6.5000,10.6249
1914-12-16T12:00:00+00:00,51.5000,-5.5000,10.6007
1914-12-16T12:00:00+00:00,51.5000,-4.5000,10.6016
1914-12-16T12:00:00+00:00,51.5000,-3.5000,10.8359
1915-01-16T12:00:00+00:00,53.5000,-5.5000,8.8231
1915-01-16T12:00:00+00:00,53.5000,-4.5000,8.6907
1915-01-16T12:00:00+00:00,53.5000,-3.5000,8.4359
1915-01-16T12:00:00+00:00,52.5000,-6.5000,9.5082
1915-01-16T12:00:00+00:00,52.5000,-5.5000,9.1519
1915-01-16T12:00:00+00:00,52.5000,-4.5000,9.0059
1915-01-16T12:00:00+00:00,51.5000,-6.5000,9.6845
1915-01-16T12:00:00+00:00,51.5000,-5.5000,9.5288
1915-01-16T12:00:00+00:00,51.5000,-4.5000,9.3712
1915-01-16T12:00:00+00:00,51.5000,-3.5000,9.4586
1915-02-15T00:00:00+00:00,53.5000,-5.5000,7.6887
1915-02-15T00:00:00+00:00,53.5000,-4.5000,7.5569
1915-02-15T00:00:00+00:00,53.5000,-3.5000,7.2605
1915-02-15T00:00:00+00:00,52.5000,-6.5000,8.5327
1915-02-15T00:00:00+00:00,52.5000,-5.5000,8.0895
1915-02-15T00:00:00+00:00,52.5000,-4.5000,7.9450
1915-02-15T00:00:00+00:00,51.5000,-6.5000,8.7635
1915-02-15T00:00:00+00:00,51.5000,-5.5000,8.5467
1915-02-15T00:00:00+00:00,51.5000,-4.5000,8.3965
1915-02-15T00:00:00+00:00,51.5000,-3.5000,8.5968
1915-03-16T12:00:00+00:00,53.5000,-5.5000,7.3984
1915-03-16T12:00:00+00:00,53.5000,-4.5000,7.2815
1915-03-16T12:00:00+00:00,53.5000,-3.5000,6.9793
1915-03-16T12:00:00+00:00,52.5000,-6.5000,8.2914
1915-03-16T12:00:00+00:00,52.5000,-5.5000,7.8368
1915-03-16T12:00:00+00:00,52.5000,-4.5000,7.6995
1915-03-16T12:00:00+00:00,51.5000,-6.5000,8.5478
1915-03-16T12:00:00+00:00,51.5000,-5.5000,8.3170
1915-03-16T12:00:00+00:00,51.5000,-4.5000,8.1588
1915-03-16T12:00:00+00:00,51.5000,-3.5000,8.3417
1915-04-16T00:00:00+00:00,53.5000,-5.5000,8.2318
1915-04-16T00:00:00+00:00,53.5000,-4.5000,8.1657
1915-04-16T00:00:00+00:00,53.5000,-3.5000,7.9804
1915-04-16T00:00:00+00:00,52.5000,-6.5000,8.9825
1915-04-16T00:00:00+00:00,52.5000,-5.5000,8.5989
1915-04-16T00:00:00+00:00,52.5000,-4.5000,8.5046
1915-04-16T00:00:00+00:00,51.5000,-6.5000,9.2196
1915-04-16T00:00:00+00:00,51.5000,-5.5000,9.0354
1915-04-16T00:00:00+00:00,51.5000,-4.5000,8.9191
1915-04-16T00:00:00+00:00,51.5000,-3.5000,9.0603
1915-05-16T12:00:00+00:00,53.5000,-5.5000,10.0222
1915-05-16T12:00:00+00:00,53.5000,-4.5000,10.0086
1915-05-16T12:00:00+00:00,53.5000,-3.5000,9.9030
1915-05-16T12:00:00+00:00,52.5000,-6.5000,10.7669
1915-05-16T12:00:00+00:00,52.5000,-5.5000,10.4163
1915-05-16T12:00:00+00:00,52.5000,-4.5000,10.3673
1915-05-16T12:00:00+00:00,51.5000,-6.5000,10.9870
1915-05-16T12:00:00+00:00,51.5000,-5.5000,10.8500
1915-05-16T12:00:00+00:00,51.5000,-4.5000,10.7942
1915-05-16T12:00:00+00:00,51.5000,-3.5000,10.9396
1915-06-16T00:00:00+00:00,53.5000,-5.5000,12.4211
1915-06-16T00:00:00+00:00,53.5000,-4.5000,12.4234
1915-06-16T00:00:00+00:00,53.5000,-3.5000,12.2928
1915-06-16T00:00:00+00:00,52.5000,-6.5000,13.3408
1915-06-16T00:00:00+00:00,52.5000,-5.5000,12.9340
1915-06-16T00:00:00+00:00,52.5000,-4.5000,12.8865
1915-06-16T00:00:00+00:00,51.5000,-6.5000,13.5932
1915-06-16T00:00:00+00:00,51.5000,-5.5000,13.4443
1915-06-16T00:00:00+00:00,51.5000,-4.5000,13.3750
1915-06-16T00:00:00+00:00,51.5000,-3.5000,13.4966
1915-07-16T12:00:00+00:00,53.5000,-5.5000,14.2183
1915-07-16T12:00:00+00:00,53.5000,-4.5000,14.2167
1915-07-16T12:00:00+00:00,53.5000,-3.5000,14.0397
1915-07-16T12:00:00+00:00,52.5000,-6.5000,15.3055
1915-07-16T12:00:00+00:00,52.5000,-5.5000,14.8337
1915-07-16T12:00:00+00:00,52.5000,-4.5000,14.7892
1915-07-16T12:00:00+00:00,51.5000,-6.5000,15.6082
1915-07-16T12:00:00+00:00,51.5000,-5.5000,15.4476
1915-07-16T12:00:00+00:00,51.5000,-4.5000,15.3769
1915-07-16T12:00:00+00:00,51.5000,-3.5000,15.5181
1915-08-16T12:00:00+00:00,53.5000,-5.5000,15.4137
1915-08-16T12:00:00+00:00,53.5000,-4.5000,15.4017
1915-08-16T12:00:00+00:00,53.5000,-3.5000,15.2065
1915-08-16T12:00:00+00:00,52.5000,-6.5000,16.2542
1915-08-16T12:00:00+00:00,52.5000,-5.5000,15.9102
1915-08-16T12:00:00+00:00,52.5000,-4.5000,15.8928
1915-08-16T12:00:00+00:00,51.5000,-6.5000,16.5154
1915-08-16T12:00:00+00:00,51.5000,-5.5000,16.4073
1915-08-16T12:00:00+00:00,51.5000,-4.5000,16.3731
1915-08-16T12:00:00+00:00,51.5000,-3.5000,16.5097
1915-09-16T00:00:00+00:00,53.5000,-5.5000,15.2479
1915-09-16T00:00:00+00:00,53.5000,-4.5000,15.2576
1915-09-16T00:00:00+00:00,53.5000,-3.5000,15.1312
1915-09-16T00:00:00+00:00,52.5000,-6.5000,15.7085
1915-09-16T00:00:00+00:00,52.5000,-5.5000,15.5677
1915-09-16T00:00:00+00:00,52.5000,-4.5000,15.5978
1915-09-16T00:00:00+00:00,51.5000,-6.5000,15.8597
1915-09-16T00:00:00+00:00,51.5000,-5.5000,15.8637
1915-09-16T00:00:00+00:00,51.5000,-4.5000,15.9245
1915-09-16T00:00:00+00:00,51.5000,-3.5000,16.1245
1915-10-16T12:00:00+00:00,53.5000,-5.5000,13.9873
1915-10-16T12:00:00+00:00,53.5000,-4.5000,13.9610
1915-10-16T12:00:00+00:00,53.5000,-3.5000,13.8436
1915-10-16T12:00:00+00:00,52.5000,-6.5000,14.1206
1915-10-16T12:00:00+00:00,52.5000,-5.5000,14.1226
1915-10-16T12:00:00+00:00,52.5000,-4.5000,14.1571
1915-10-16T12:00:00+00:00,51.5000,-6.5000,14.1749
1915-10-16T12:00:00+00:00,51.5000,-5.5000,14.2693
1915-10-16T12:00:00+00:00,51.5000,-4.5000,14.3614
1915-10-16T12:00:00+00:00,51.5000,-3.5000,14.5277
1915-11-16T00:00:00+00:00,53.5000,-5.5000,11.7931
1915-11-16T00:00:00+00:00,53.5000,-4.5000,11.6913
1915-11-16T00:00:00+00:00,53.5000,-3.5000,11.4885
1915-11-16T00:00:00+00:00,52.5000,-6.5000,11.9995
1915-11-16T00:00:00+00:00,52.5000,-5.5000,11.9423
1915-11-16T00:00:00+00:00,52.5000,-4.5000,11.9096
1915-11-16T00:00:00+00:00,51.5000,-6.5000,12.0604
1915-11-16T00:00:00+00:00,51.5000,-5.5000,12.1366
1915-11-16T00:00:00+00:00,51.5000,-4.5000,12.1630
1915-11-16T00:00:00+00:00,51.5000,-3.5000,12.2678
1915-12-16T12:00:00+00:00,53.5000,-5.5000,10.3302
1915-12-16T12:00:00+00:00,53.5000,-4.5000,10.1956
1915-12-16T12:00:00+00:00,53.5000,-3.5000,9.8993
1915-12-16T12:00:00+00:00,52.5000,-6.5000,10.7897
1915-12-16T12:00:00+00:00,52.5000,-5.5000,10.5921
1915-12-16T12:00:00+00:00,52.5000,-4.5000,10.5067
1915-12-16T12:00:00+00:00,51.5000,-6.5000,10.9079
1915-12-16T12:00:00+00:00,51.5000,-5.5000,10.8837
1915-12-16T12:00:00+00:00,51.5000,-4.5000,10.8345
1915-12-16T12:00:00+00:00,51.5000,-3.5000,10.9520
1916-01-16T12:00:00+00:00,53.5000,-5.5000,9.0565
1916-01-16T12:00:00+00:00,53.5000,-4.5000,8.9356
1916-01-16T12:00:00+00:00,53.5000,-3.5000,8.6461
1916-01-16T12:00:00+00:00,52.5000,-6.5000,9.7660
1916-01-16T12:00:00+00:00,52.5000,-5.5000,9.4098
1916-01-16T12:00:00+00:00,52.5000,-4.5000,9.2862
1916-01-16T12:00:00+00:00,51.5000,-6.5000,9.9424
1916-01-16T12:00:00+00:00,51.5000,-5.5000,9.7867
1916-01-16T12:00:00+00:00,51.5000,-4.5000,9.6629
1916-01-16T12:00:00+00:00,51.5000,-3.5000,9.8290
1916-02-15T12:00:00+00:00,53.5000,-5.5000,8.2844
1916-02-15T12:00:00+00:00,53.5000,-4.5000,8.1213
1916-02-15T12:00:00+00:00,53.5000,-3.5000,7.7643
1916-02-15T12:00:00+00:00,52.5000,-6.5000,9.1287
1916-02-15T12:00:00+00:00,52.5000,-5.5000,8.6855
1916-02-15T12:00:00+00:00,52.5000,-4.5000,8.5243
1916-02-15T12:00:00+00:00,51.5000,-6.5000,9.3595
1916-02-15T12:00:00+00:00,51.5000,-5.5000,9.1427
1916-02-15T12:00:00+00:00,51.5000,-4.5000,8.9674
1916-02-15T12:00:00+00:00,51.5000,-3.5000,9.1091
1916-03-16T12:00:00+00:00,53.5000,-5.5000,7.7461
1916-03-16T12:00:00+00:00,53.5000,-4.5000,7.6254
1916-03-16T12:00:00+00:00,53.5000,-3.5000,7.3235
1916-03-16T12:00:00+00:00,52.5000,-6.5000,8.6324
1916-03-16T12:00:00+00:00,52.5000,-5.5000,8.1778
1916-03-16T12:00:00+00:00,52.5000,-4.5000,8.0378
1916-03-16T12:00:00+00:00,51.5000,-6.5000,8.8888
1916-03-16T12:00:00+00:00,51.5000,-5.5000,8.6580
1916-03-16T12:00:00+00:00,51.5000,-4.5000,8.4957
1916-03-16T12:00:00+00:00,51.5000,-3.5000,8.6690
1916-04-16T00:00:00+00:00,53.5000,-5.5000,8.5758
1916-04-16T00:00:00+00:00,53.5000,-4.5000,8.5538
1916-04-16T00:00:00+00:00,53.5000,-3.5000,8.4359
1916-04-16T00:00:00+00:00,52.5000,-6.5000,9.3215
1916-04-16T00:00:00+00:00,52.5000,-5.5000,8.9379
1916-04-16T00:00:00+00:00,52.5000,-4.5000,8.8786
1916-04-16T00:00:00+00:00,51.5000,-6.5000,9.5586
1916-04-16T00:00:00+00:00,51.5000,-5.5000,9.3744
1916-04-16T00:00:00+00:00,51.5000,-4.5000,9.3106
1916-04-16T00:00:00+00:00,51.5000,-3.5000,9.5743
1916-05-16T12:00:00+00:00,53.5000,-5.5000,9.7927
1916-05-16T12:00:00+00:00,53.5000,-4.5000,9.8295
1916-05-16T12:00:00+00:00,53.5000,-3.5000,9.7753
1916-05-16T12:00:00+00:00,52.5000,-6.5000,10.5479
1916-05-16T12:00:00+00:00,52.5000,-5.5000,10.1973
1916-05-16T12:00:00+00:00,52.5000,-4.5000,10.1930
1916-05-16T12:00:00+00:00,51.5000,-6.5000,10.7680
1916-05-16T12:00:00+00:00,51.5000,-5.5000,10.6310
1916-05-16T12:00:00+00:00,51.5000,-4.5000,10.6423
1916-05-16T12:00:00+00:00,51.5000,-3.5000,10.9443
1916-06-16T00:00:00+00:00,53.5000,-5.5000,11.7961
1916-06-16T00:00:00+00:00,53.5000,-4.5000,11.8279
1916-06-16T00:00:00+00:00,53.5000,-3.5000,11.7193
1916-06-16T00:00:00+00:00,52.5000,-6.5000,12.7128
1916-06-16T00:00:00+00:00,52.5000,-5.5000,12.3060
1916-06-16T00:00:00+00:00,52.5000,-4.5000,12.2932
1916-06-16T00:00:00+00:00,51.5000,-6.5000,12.9652
1916-06-16T00:00:00+00:00,51.5000,-5.5000,12.8163
1916-06-16T00:00:00+00:00,51.5000,-4.5000,12.7992
1916-06-16T00:00:00+00:00,51.5000,-3.5000,13.0423
1916-07-16T12:00:00+00:00,53.5000,-5.5000,13.4886
1916-07-16T12:00:00+00:00,53.5000,-4.5000,13.4657
1916-07-16T12:00:00+00:00,53.5000,-3.5000,13.2390
1916-07-16T12:00:00+00:00,52.5000,-6.5000,14.5805
1916-07-16T12:00:00+00:00,52.5000,-5.5000,14.1087
1916-07-16T12:00:00+00:00,52.5000,-4.5000,14.0550
1916-07-16T12:00:00+00:00,51.5000,-6.5000,14.8832
1916-07-16T12:00:00+00:00,51.5000,-5.5000,14.7226
1916-07-16T12:00:00+00:00,51.5000,-4.5000,14.6380
1916-07-16T12:00:00+00:00,51.5000,-3.5000,14.7469
1916-08-16T12:00:00+00:00,53.5000,-5.5000,14.9455
1916-08-16T12:00:00+00:00,53.5000,-4.5000,14.9190
1916-08-16T12:00:00+00:00,53.5000,-3.5000,14.7205
1916-08-16T12:00:00+00:00,52.5000,-6.5000,15.7722
1916-08-16T12:00:00+00:00,52.5000,-5.5000,15.4282
1916-08-16T12:00:00+00:00,52.5000,-4.5000,15.3978
1916-08-16T12:00:00+00:00,51.5000,-6.5000,16.0334
1916-08-16T12:00:00+00:00,51.5000,-5.5000,15.9253
1916-08-16T12:00:00+00:00,51.5000,-4.5000,15.8716
1916-08-16T12:00:00+00:00,51.5000,-3.5000,15.9627
1916-09-16T00:00:00+00:00,53.5000,-5.5000,15.0839
1916-09-16T00:00:00+00:00,53.5000,-4.5000,15.0916
1916-09-16T00:00:00+00:00,53.5000,-3.5000,14.9630
1916-09-16T00:00:00+00:00,52.5000,-6.5000,15.5275
1916-09-16T00:00:00+00:00,52.5000,-5.5000,15.3867
1916-09-16T00:00:00+00:00,52.5000,-4.5000,15.4235
1916-09-16T00:00:00+00:00,51.5000,-6.5000,15.6787
1916-09-16T00:00:00+00:00,51.5000,-5.5000,15.6827
1916-09-16T00:00:00+00:00,51.5000,-4.5000,15.7534
1916-09-16T00:00:00+00:00,51.5000,-3.5000,15.9766
1916-10-16T12:00:00+00:00,53.5000,-5.5000,13.9350
1916-10-16T12:00:00+00:00,53.5000,-4.5000,13.9566
1916-10-16T12:00:00+00:00,53.5000,-3.5000,13.9051
1916-10-16T12:00:00+00:00,52.5000,-6.5000,14.0656
1916-10-16T12:00:00+00:00,52.5000,-5.5000,14.0676
1916-10-16T12:00:00+00:00,52.5000,-4.5000,14.1423
1916-10-16T12:00:00+00:00,51.5000,-6.5000,14.1199
1916-10-16T12:00:00+00:00,51.5000,-5.5000,14.2143
1916-10-16T12:00:00+00:00,51.5000,-4.5000,14.3668
1916-10-16T12:00:00+00:00,51.5000,-3.5000,14.6740
1916-11-16T00:00:00+00:00,53.5000,-5.5000,11.7629
1916-11-16T00:00:00+00:00,53.5000,-4.5000,11.7200
1916-11-16T00:00:00+00:00,53.5000,-3.5000,11.6052
1916-11-16T00:00:00+00:00,52.5000,-6.5000,11.9345
1916-11-16T00:00:00+00:00,52.5000,-5.5000,11.8773
1916-11-16T00:00:00+00:00,52.5000,-4.5000,11.9062
1916-11-16T00:00:00+00:00,51.5000,-6.5000,11.9954
1916-11-16T00:00:00+00:00,51.5000,-5.5000,12.0716
1916-11-16T00:00:00+00:00,51.5000,-4.5000,12.1904
1916-11-16T00:00:00+00:00,51.5000,-3.5000,12.5110
1916-12-16T12:00:00+00:00,53.5000,-5.5000,9.7514
1916-12-16T12:00:00+00:00,53.5000,-4.5000,9.6269
1916-12-16T12:00:00+00:00,53.5000,-3.5000,9.3883
1916-12-16T12:00:00+00:00,52.5000,-6.5000,10.1576
1916-12-16T12:00:00+00:00,52.5000,-5.5000,9.9601
1916-12-16T12:00:00+00:00,52.5000,-4.5000,9.8876
1916-12-16T12:00:00+00:00,51.5000,-6.5000,10.2758
1916-12-16T12:00:00+00:00,51.5000,-5.5000,10.2517
1916-12-16T12:00:00+00:00,51.5000,-4.5000,10.2219
1916-12-16T12:00:00+00:00,51.5000,-3.5000,10.3850
1917-01-16T12:00:00+00:00,53.5000,-5.5000,8.4836
1917-01-16T12:00:00+00:00,53.5000,-4.5000,8.2801
1917-01-16T12:00:00+00:00,53.5000,-3.5000,7.8815
1917-01-16T12:00:00+00:00,52.5000,-6.5000,9.1989
1917-01-16T12:00:00+00:00,52.5000,-5.5000,8.8427
1917-01-16T12:00:00+00:00,52.5000,-4.5000,8.6467
1917-01-16T12:00:00+00:00,51.5000,-6.5000,9.3752
1917-01-16T12:00:00+00:00,51.5000,-5.5000,9.2195
1917-01-16T12:00:00+00:00,51.5000,-4.5000,8.9872
1917-01-16T12:00:00+00:00,51.5000,-3.5000,8.9001
1917-02-15T00:00:00+00:00,53.5000,-5.5000,7.3072
1917-02-15T00:00:00+00:00,53.5000,-4.5000,7.0584
1917-02-15T00:00:00+00:00,53.5000,-3.5000,6.6025
1917-02-15T00:00:00+00:00,52.5000,-6.5000,8.1477
1917-02-15T00:00:00+00:00,52.5000,-5.5000,7.7045
1917-02-15T00:00:00+00:00,52.5000,-4.5000,7.4660
1917-02-15T00:00:00+00:00,51.5000,-6.5000,8.3785
1917-02-15T00:00:00+00:00,51.5000,-5.5000,8.1617
1917-02-15T00:00:00+00:00,51.5000,-4.5000,7.8705
1917-02-15T00:00:00+00:00,51.5000,-3.5000,7.7418
1917-03-16T12:00:00+00:00,53.5000,-5.5000,6.7919
1917-03-16T12:00:00+00:00,53.5000,-4.5000,6.5954
1917-03-16T12:00:00+00:00,53.5000,-3.5000,6.2010
1917-03-16T12:00:00+00:00,52.5000,-6.5000,7.6804
1917-03-16T12:00:00+00:00,52.5000,-5.5000,7.2258
1917-03-16T12:00:00+00:00,52.5000,-4.5000,7.0174
1917-03-16T12:00:00+00:00,51.5000,-6.5000,7.9368
1917-03-16T12:00:00+00:00,51.5000,-5.5000,7.7060
1917-03-16T12:00:00+00:00,51.5000,-4.5000,7.4411
1917-03-16T12:00:00+00:00,51.5000,-3.5000,7.3751
1917-04-16T00:00:00+00:00,53.5000,-5.5000,7.7993
1917-04-16T00:00:00+00:00,53.5000,-4.5000,7.6316
1917-04-16T00:00:00+00:00,53.5000,-3.5000,7.3104
1917-04-16T00:00:00+00:00,52.5000,-6.5000,8.5565
1917-04-16T00:00:00+00:00,52.5000,-5.5000,8.1729
1917-04-16T00:00:00+00:00,52.5000,-4.5000,7.9909
1917-04-16T00:00:00+00:00,51.5000,-6.5000,8.7936
1917-04-16T00:00:00+00:00,51.5000,-5.5000,8.6094
1917-04-16T00:00:00+00:00,51.5000,-4.5000,8.3617
1917-04-16T00:00:00+00:00,51.5000,-3.5000,8.1962
1917-05-16T12:00:00+00:00,53.5000,-5.5000,9.5890
1917-05-16T12:00:00+00:00,53.5000,-4.5000,9.4804
1917-05-16T12:00:00+00:00,53.5000,-3.5000,9.2300
1917-05-16T12:00:00+00:00,52.5000,-6.5000,10.3479
1917-05-16T12:00:00+00:00,52.5000,-5.5000,9.9973
1917-05-16T12:00:00+00:00,52.5000,-4.5000,9.8711
1917-05-16T12:00:00+00:00,51.5000,-6.5000,10.5680
1917-05-16T12:00:00+00:00,51.5000,-5.5000,10.4310
1917-05-16T12:00:00+00:00,51.5000,-4.5000,10.2595
1917-05-16T12:00:00+00:00,51.5000,-3.5000,10.1350
1917-06-16T00:00:00+00:00,53.5000,-5.5000,11.9611
1917-06-16T00:00:00+00:00,53.5000,-4.5000,11.8884
1917-06-16T00:00:00+00:00,53.5000,-3.5000,11.6531
1917-06-16T00:00:00+00:00,52.5000,-6.5000,12.8728
1917-06-16T00:00:00+00:00,52.5000,-5.5000,12.4660
1917-06-16T00:00:00+00:00,52.5000,-4.5000,12.3624
1917-06-16T00:00:00+00:00,51.5000,-6.5000,13.1252
1917-06-16T00:00:00+00:00,51.5000,-5.5000,12.9763
1917-06-16T00:00:00+00:00,51.5000,-4.5000,12.8228
1917-06-16T00:00:00+00:00,51.5000,-3.5000,12.7480
1917-07-16T12:00:00+00:00,53.5000,-5.5000,13.7598
1917-07-16T12:00:00+00:00,53.5000,-4.5000,13.7174
1917-07-16T12:00:00+00:00,53.5000,-3.5000,13.4725
1917-07-16T12:00:00+00:00,52.5000,-6.5000,14.8695
1917-07-16T12:00:00+00:00,52.5000,-5.5000,14.3977
1917-07-16T12:00:00+00:00,52.5000,-4.5000,14.3147
1917-07-16T12:00:00+00:00,51.5000,-6.5000,15.1722
1917-07-16T12:00:00+00:00,51.5000,-5.5000,15.0116
1917-07-16T12:00:00+00:00,51.5000,-4.5000,14.8831
1917-07-16T12:00:00+00:00,51.5000,-3.5000,14.8896
1917-08-16T12:00:00+00:00,53.5000,-5.5000,14.6145
1917-08-16T12:00:00+00:00,53.5000,-4.5000,14.5981
1917-08-16T12:00:00+00:00,53.5000,-3.5000,14.4462
1917-08-16T12:00:00+00:00,52.5000,-6.5000,15.4352
1917-08-16T12:00:00+00:00,52.5000,-5.5000,15.0912
1917-08-16T12:00:00+00:00,52.5000,-4.5000,15.0555
1917-08-16T12:00:00+00:00,51.5000,-6.5000,15.6964
1917-08-16T12:00:00+00:00,51.5000,-5.5000,15.5883
1917-08-16T12:00:00+00:00,51.5000,-4.5000,15.5268
1917-08-16T12:00:00+00:00,51.5000,-3.5000,15.5994
1917-09-16T00:00:00+00:00,53.5000,-5.5000,14.2691
1917-09-16T00:00:00+00:00,53.5000,-4.5000,14.3159
1917-09-16T00:00:00+00:00,53.5000,-3.5000,14.3117
1917-09-16T00:00:00+00:00,52.5000,-6.5000,14.6885
1917-09-16T00:00:00+00:00,52.5000,-5.5000,14.5477
1917-09-16T00:00:00+00:00,52.5000,-4.5000,14.5930
1917-09-16T00:00:00+00:00,51.5000,-6.5000,14.8397
1917-09-16T00:00:00+00:00,51.5000,-5.5000,14.8437
1917-09-16T00:00:00+00:00,51.5000,-4.5000,14.9272
1917-09-16T00:00:00+00:00,51.5000,-3.5000,15.1801
1917-10-16T12:00:00+00:00,53.5000,-5.5000,13.0278
1917-10-16T12:00:00+00:00,53.5000,-4.5000,13.0574
1917-10-16T12:00:00+00:00,53.5000,-3.5000,13.0669
1917-10-16T12:00:00+00:00,52.5000,-6.5000,13.1446
1917-10-16T12:00:00+00:00,52.5000,-5.5000,13.1466
1917-10-16T12:00:00+00:00,52.5000,-4.5000,13.2098
1917-10-16T12:00:00+00:00,51.5000,-6.5000,13.1989
1917-10-16T12:00:00+00:00,51.5000,-5.5000,13.2933
1917-10-16T12:00:00+00:00,51.5000,-4.5000,13.4286
1917-10-16T12:00:00+00:00,51.5000,-3.5000,13.6955
1917-11-16T00:00:00+00:00,53.5000,-5.5000,10.9799
1917-11-16T00:00:00+00:00,53.5000,-4.5000,10.9434
1917-11-16T00:00:00+00:00,53.5000,-3.5000,10.8790
1917-11-16T00:00:00+00:00,52.5000,-6.5000,11.1695
1917-11-16T00:00:00+00:00,52.5000,-5.5000,11.1123
1917-11-16T00:00:00+00:00,52.5000,-4.5000,11.1167
1917-11-16T00:00:00+00:00,51.5000,-6.5000,11.2304
1917-11-16T00:00:00+00:00,51.5000,-5.5000,11.3066
1917-11-16T00:00:00+00:00,51.5000,-4.5000,11.3887
1917-11-16T00:00:00+00:00,51.5000,-3.5000,11.6235
1917-12-16T12:00:00+00:00,53.5000,-5.5000,9.3424
1917-12-16T12:00:00+00:00,53.5000,-4.5000,9.1916
1917-12-16T12:00:00+00:00,53.5000,-3.5000,8.9943
1917-12-16T12:00:00+00:00,52.5000,-6.5000,9.6787
1917-12-16T12:00:00+00:00,52.5000,-5.5000,9.4811
1917-12-16T12:00:00+00:00,52.5000,-4.5000,9.3833
1917-12-16T12:00:00+00:00,51.5000,-6.5000,9.7969
1917-12-16T12:00:00+00:00,51.5000,-5.5000,9.7727
1917-12-16T12:00:00+00:00,51.5000,-4.5000,9.7049
1917-12-16T12:00:00+00:00,51.5000,-3.5000,9.7792
1918-01-16T12:00:00+00:00,53.5000,-5.5000,7.8700
1918-01-16T12:00:00+00:00,53.5000,-4.5000,7.6829
1918-01-16T12:00:00+00:00,53.5000,-3.5000,7.4656
1918-01-16T12:00:00+00:00,52.5000,-6.5000,8.4300
1918-01-16T12:00:00+00:00,52.5000,-5.5000,8.0738
1918-01-16T12:00:00+00:00,52.5000,-4.5000,7.8896
1918-01-16T12:00:00+00:00,51.5000,-6.5000,8.6064
1918-01-16T12:00:00+00:00,51.5000,-5.5000,8.4507
1918-01-16T12:00:00+00:00,51.5000,-4.5000,8.2359
1918-01-16T12:00:00+00:00,51.5000,-3.5000,8.1899
1918-02-15T00:00:00+00:00,53.5000,-5.5000,7.0859
1918-02-15T00:00:00+00:00,53.5000,-4.5000,6.8635
1918-02-15T00:00:00+00:00,53.5000,-3.5000,6.5153
1918-02-15T00:00:00+00:00,52.5000,-6.5000,7.8527
1918-02-15T00:00:00+00:00,52.5000,-5.5000,7.4095
1918-02-15T00:00:00+00:00,52.5000,-4.5000,7.1937
1918-02-15T00:00:00+00:00,51.5000,-6.5000,8.0835
1918-02-15T00:00:00+00:00,51.5000,-5.5000,7.8667
1918-02-15T00:00:00+00:00,51.5000,-4.5000,7.6094
1918-02-15T00:00:00+00:00,51.5000,-3.5000,7.5600
1918-03-16T12:00:00+00:00,53.5000,-5.5000,7.1726
1918-03-16T12:00:00+00:00,53.5000,-4.5000,6.9904
1918-03-16T12:00:00+00:00,53.5000,-3.5000,6.6325
1918-03-16T12:00:00+00:00,52.5000,-6.5000,8.0494
1918-03-16T12:00:00+00:00,52.5000,-5.5000,7.5948
1918-03-16T12:00:00+00:00,52.5000,-4.5000,7.3953
1918-03-16T12:00:00+00:00,51.5000,-6.5000,8.3058
1918-03-16T12:00:00+00:00,51.5000,-5.5000,8.0750
1918-03-16T12:00:00+00:00,51.5000,-4.5000,7.8235
1918-03-16T12:00:00+00:00,51.5000,-3.5000,7.7885
1918-04-16T00:00:00+00:00,53.5000,-5.5000,8.0985
1918-04-16T00:00:00+00:00,53.5000,-4.5000,7.9775
1918-04-16T00:00:00+00:00,53.5000,-3.5000,7.6676
1918-04-16T00:00:00+00:00,52.5000,-6.5000,8.9035
1918-04-16T00:00:00+00:00,52.5000,-5.5000,8.5199
1918-04-16T00:00:00+00:00,52.5000,-4.5000,8.3782
1918-04-16T00:00:00+00:00,51.5000,-6.5000,9.1406
1918-04-16T00:00:00+00:00,51.5000,-5.5000,8.9564
1918-04-16T00:00:00+00:00,51.5000,-4.5000,8.7691
1918-04-16T00:00:00+00:00,51.5000,-3.5000,8.7444
1918-05-16T12:00:00+00:00,53.5000,-5.5000,9.8305
1918-05-16T12:00:00+00:00,53.5000,-4.5000,9.7698
1918-05-16T12:00:00+00:00,53.5000,-3.5000,9.4730
1918-05-16T12:00:00+00:00,52.5000,-6.5000,10.7119
1918-05-16T12:00:00+00:00,52.5000,-5.5000,10.3613
1918-05-16T12:00:00+00:00,52.5000,-4.5000,10.2689
1918-05-16T12:00:00+00:00,51.5000,-6.5000,10.9320
1918-05-16T12:00:00+00:00,51.5000,-5.5000,10.7950
1918-05-16T12:00:00+00:00,51.5000,-4.5000,10.6741
1918-05-16T12:00:00+00:00,51.5000,-3.5000,10.6677
1918-06-16T00:00:00+00:00,53.5000,-5.5000,12.3006
1918-06-16T00:00:00+00:00,53.5000,-4.5000,12.2698
1918-06-16T00:00:00+00:00,53.5000,-3.5000,11.9963
1918-06-16T00:00:00+00:00,52.5000,-6.5000,13.3168
1918-06-16T00:00:00+00:00,52.5000,-5.5000,12.9100
1918-06-16T00:00:00+00:00,52.5000,-4.5000,12.8360
1918-06-16T00:00:00+00:00,51.5000,-6.5000,13.5692
1918-06-16T00:00:00+00:00,51.5000,-5.5000,13.4203
1918-06-16T00:00:00+00:00,51.5000,-4.5000,13.3113
1918-06-16T00:00:00+00:00,51.5000,-3.5000,13.3401
1918-07-16T12:00:00+00:00,53.5000,-5.5000,14.1081
1918-07-16T12:00:00+00:00,53.5000,-4.5000,14.0532
1918-07-16T12:00:00+00:00,53.5000,-3.5000,13.6975
1918-07-16T12:00:00+00:00,52.5000,-6.5000,15.2965
1918-07-16T12:00:00+00:00,52.5000,-5.5000,14.8247
1918-07-16T12:00:00+00:00,52.5000,-4.5000,14.7391
1918-07-16T12:00:00+00:00,51.5000,-6.5000,15.5992
1918-07-16T12:00:00+00:00,51.5000,-5.5000,15.4386
1918-07-16T12:00:00+00:00,51.5000,-4.5000,15.3062
1918-07-16T12:00:00+00:00,51.5000,-3.5000,15.3035
1918-08-16T12:00:00+00:00,53.5000,-5.5000,14.9790
1918-08-16T12:00:00+00:00,53.5000,-4.5000,14.9551
1918-08-16T12:00:00+00:00,53.5000,-3.5000,14.7092
1918-08-16T12:00:00+00:00,52.5000,-6.5000,15.8672
1918-08-16T12:00:00+00:00,52.5000,-5.5000,15.5232
1918-08-16T12:00:00+00:00,52.5000,-4.5000,15.4895
1918-08-16T12:00:00+00:00,51.5000,-6.5000,16.1284
1918-08-16T12:00:00+00:00,51.5000,-5.5000,16.0203
1918-08-16T12:00:00+00:00,51.5000,-4.5000,15.9618
1918-08-16T12:00:00+00:00,51.5000,-3.5000,16.0414
1918-09-16T00:00:00+00:00,53.5000,-5.5000,14.0926
1918-09-16T00:00:00+00:00,53.5000,-4.5000,14.1074
1918-09-16T00:00:00+00:00,53.5000,-3.5000,14.0330
1918-09-16T00:00:00+00:00,52.5000,-6.5000,14.5165
1918-09-16T00:00:00+00:00,52.5000,-5.5000,14.3757
1918-09-16T00:00:00+00:00,52.5000,-4.5000,14.4058
1918-09-16T00:00:00+00:00,51.5000,-6.5000,14.6677
1918-09-16T00:00:00+00:00,51.5000,-5.5000,14.6717
1918-09-16T00:00:00+00:00,51.5000,-4.5000,14.7325
1918-09-16T00:00:00+00:00,51.5000,-3.5000,14.9325
1918-10-16T12:00:00+00:00,53.5000,-5.5000,13.1125
1918-10-16T12:00:00+00:00,53.5000,-4.5000,13.1238
1918-10-16T12:00:00+00:00,53.5000,-3.5000,13.0484
1918-10-16T12:00:00+00:00,52.5000,-6.5000,13.2676
1918-10-16T12:00:00+00:00,52.5000,-5.5000,13.2696
1918-10-16T12:00:00+00:00,52.5000,-4.5000,13.3286
1918-10-16T12:00:00+00:00,51.5000,-6.5000,13.3219
1918-10-16T12:00:00+00:00,51.5000,-5.5000,13.4163
1918-10-16T12:00:00+00:00,51.5000,-4.5000,13.5452
1918-10-16T12:00:00+00:00,51.5000,-3.5000,13.7972
1918-11-16T00:00:00+00:00,53.5000,-5.5000,12.0326
1918-11-16T00:00:00+00:00,53.5000,-4.5000,11.9621
1918-11-16T00:00:00+00:00,53.5000,-3.5000,11.7420
1918-11-16T00:00:00+00:00,52.5000,-6.5000,12.2935
1918-11-16T00:00:00+00:00,52.5000,-5.5000,12.2363
1918-11-16T00:00:00+00:00,52.5000,-4.5000,12.2318
1918-11-16T00:00:00+00:00,51.5000,-6.5000,12.3544
1918-11-16T00:00:00+00:00,51.5000,-5.5000,12.4306
1918-11-16T00:00:00+00:00,51.5000,-4.5000,12.4994
1918-11-16T00:00:00+00:00,51.5000,-3.5000,12.7031
1918-12-16T12:00:00+00:00,53.5000,-5.5000,9.9967
1918-12-16T12:00:00+00:00,53.5000,-4.5000,9.9003
1918-12-16T12:00:00+00:00,53.5000,-3.5000,9.6513
1918-12-16T12:00:00+00:00,52.5000,-6.5000,10.4847
1918-12-16T12:00:00+00:00,52.5000,-5.5000,10.2871
1918-12-16T12:00:00+00:00,52.5000,-4.5000,10.2210
1918-12-16T12:00:00+00:00,51.5000,-6.5000,10.6029
1918-12-16T12:00:00+00:00,51.5000,-5.5000,10.5787
1918-12-16T12:00:00+00:00,51.5000,-4.5000,10.5586
1918-12-16T12:00:00+00:00,51.5000,-3.5000,10.7439
1919-01-16T12:00:00+00:00,53.5000,-5.5000,8.9915
1919-01-16T12:00:00+00:00,53.5000,-4.5000,8.8704
1919-01-16T12:00:00+00:00,53.5000,-3.5000,8.5683
1919-01-16T12:00:00+00:00,52.5000,-6.5000,9.7380
1919-01-16T12:00:00+00:00,52.5000,-5.5000,9.3818
1919-01-16T12:00:00+00:00,52.5000,-4.5000,9.2457
1919-01-16T12:00:00+00:00,51.5000,-6.5000,9.9144
1919-01-16T12:00:00+00:00,51.5000,-5.5000,9.7587
1919-01-16T12:00:00+00:00,51.5000,-4.5000,9.6161
1919-01-16T12:00:00+00:00,51.5000,-3.5000,9.7385
1919-02-15T00:00:00+00:00,53.5000,-5.5000,7.6947
1919-02-15T00:00:00+00:00,53.5000,-4.5000,7.5331
1919-02-15T00:00:00+00:00,53.5000,-3.5000,7.1498
1919-02-15T00:00:00+00:00,52.5000,-6.5000,8.6157
1919-02-15T00:00:00+00:00,52.5000,-5.5000,8.1725
1919-02-15T00:00:00+00:00,52.5000,-4.5000,7.9883
1919-02-15T00:00:00+00:00,51.5000,-6.5000,8.8465
1919-02-15T00:00:00+00:00,51.5000,-5.5000,8.6297
1919-02-15T00:00:00+00:00,51.5000,-4.5000,8.4199
1919-02-15T00:00:00+00:00,51.5000,-3.5000,8.4811
1919-03-16T12:00:00+00:00,53.5000,-5.5000,7.3859
1919-03-16T12:00:00+00:00,53.5000,-4.5000,7.2760
1919-03-16T12:00:00+00:00,53.5000,-3.5000,6.9943
1919-03-16T12:00:00+00:00,52.5000,-6.5000,8.2984
1919-03-16T12:00:00+00:00,52.5000,-5.5000,7.8438
1919-03-16T12:00:00+00:00,52.5000,-4.5000,7.6969
1919-03-16T12:00:00+00:00,51.5000,-6.5000,8.5548
1919-03-16T12:00:00+00:00,51.5000,-5.5000,8.3240
1919-03-16T12:00:00+00:00,51.5000,-4.5000,8.1514
1919-03-16T12:00:00+00:00,51.5000,-3.5000,8.3006
1919-04-16T00:00:00+00:00,53.5000,-5.5000,8.1093
1919-04-16T00:00:00+00:00,53.5000,-4.5000,8.1055
1919-04-16T00:00:00+00:00,53.5000,-3.5000,7.9914
1919-04-16T00:00:00+00:00,52.5000,-6.5000,8.9155
1919-04-16T00:00:00+00:00,52.5000,-5.5000,8.5319
1919-04-16T00:00:00+00:00,52.5000,-4.5000,8.4677
1919-04-16T00:00:00+00:00,51.5000,-6.5000,9.1526
1919-04-16T00:00:00+00:00,51.5000,-5.5000,8.9684
1919-04-16T00:00:00+00:00,51.5000,-4.5000,8.8973
1919-04-16T00:00:00+00:00,51.5000,-3.5000,9.1439
1919-05-16T12:00:00+00:00,53.5000,-5.5000,9.8652
1919-05-16T12:00:00+00:00,53.5000,-4.5000,9.8883
1919-05-16T12:00:00+00:00,53.5000,-3.5000,9.7935
1919-05-16T12:00:00+00:00,52.5000,-6.5000,10.6639
1919-05-16T12:00:00+00:00,52.5000,-5.5000,10.3133
1919-05-16T12:00:00+00:00,52.5000,-4.5000,10.2870
1919-05-16T12:00:00+00:00,51.5000,-6.5000,10.8840
1919-05-16T12:00:00+00:00,51.5000,-5.5000,10.7470
1919-05-16T12:00:00+00:00,51.5000,-4.5000,10.7253
1919-05-16T12:00:00+00:00,51.5000,-3.5000,10.9503
1919-06-16T00:00:00+00:00,53.5000,-5.5000,12.1108
1919-06-16T00:00:00+00:00,53.5000,-4.5000,12.1317
1919-06-16T00:00:00+00:00,53.5000,-3.5000,11.9643
1919-06-16T00:00:00+00:00,52.5000,-6.5000,13.1148
1919-06-16T00:00:00+00:00,52.5000,-5.5000,12.7080
1919-06-16T00:00:00+00:00,52.5000,-4.5000,12.6645
1919-06-16T00:00:00+00:00,51.5000,-6.5000,13.3672
1919-06-16T00:00:00+00:00,51.5000,-5.5000,13.2183
1919-06-16T00:00:00+00:00,51.5000,-4.5000,13.1550
1919-06-16T00:00:00+00:00,51.5000,-3.5000,13.2906
1919-07-16T12:00:00+00:00,53.5000,-5.5000,13.7541
1919-07-16T12:00:00+00:00,53.5000,-4.5000,13.7531
1919-07-16T12:00:00+00:00,53.5000,-3.5000,13.4700
1919-07-16T12:00:00+00:00,52.5000,-6.5000,14.9595
1919-07-16T12:00:00+00:00,52.5000,-5.5000,14.4877
1919-07-16T12:00:00+00:00,52.5000,-4.5000,14.4382
1919-07-16T12:00:00+00:00,51.5000,-6.5000,15.2622
1919-07-16T12:00:00+00:00,51.5000,-5.5000,15.1016
1919-07-16T12:00:00+00:00,51.5000,-4.5000,15.0234
1919-07-16T12:00:00+00:00,51.5000,-3.5000,15.1471
1919-08-16T12:00:00+00:00,53.5000,-5.5000,14.7495
1919-08-16T12:00:00+00:00,53.5000,-4.5000,14.7660
1919-08-16T12:00:00+00:00,53.5000,-3.5000,14.5517
1919-08-16T12:00:00+00:00,52.5000,-6.5000,15.6672
1919-08-16T12:00:00+00:00,52.5000,-5.5000,15.3232
1919-08-16T12:00:00+00:00,52.5000,-4.5000,15.3195
1919-08-16T12:00:00+00:00,51.5000,-6.5000,15.9284
1919-08-16T12:00:00+00:00,51.5000,-5.5000,15.8203
1919-08-16T12:00:00+00:00,51.5000,-4.5000,15.8068
1919-08-16T12:00:00+00:00,51.5000,-3.5000,15.9914
1919-09-16T00:00:00+00:00,53.5000,-5.5000,14.6046
1919-09-16T00:00:00+00:00,53.5000,-4.5000,14.6292
1919-09-16T00:00:00+00:00,53.5000,-3.5000,14.4780
1919-09-16T00:00:00+00:00,52.5000,-6.5000,15.1155
1919-09-16T00:00:00+00:00,52.5000,-5.5000,14.9747
1919-09-16T00:00:00+00:00,52.5000,-4.5000,15.0143
1919-09-16T00:00:00+00:00,51.5000,-6.5000,15.2667
1919-09-16T00:00:00+00:00,51.5000,-5.5000,15.2707
1919-09-16T00:00:00+00:00,51.5000,-4.5000,15.3457
1919-09-16T00:00:00+00:00,51.5000,-3.5000,15.5790
1919-10-16T12:00:00+00:00,53.5000,-5.5000,13.1000
1919-10-16T12:00:00+00:00,53.5000,-4.5000,13.0834
1919-10-16T12:00:00+00:00,53.5000,-3.5000,12.9631
1919-10-16T12:00:00+00:00,52.5000,-6.5000,13.2826
1919-10-16T12:00:00+00:00,52.5000,-5.5000,13.2846
1919-10-16T12:00:00+00:00,52.5000,-4.5000,13.3105
1919-10-16T12:00:00+00:00,51.5000,-6.5000,13.3369
1919-10-16T12:00:00+00:00,51.5000,-5.5000,13.4313
1919-10-16T12:00:00+00:00,51.5000,-4.5000,13.5105
1919-10-16T12:00:00+00:00,51.5000,-3.5000,13.6466
1919-11-16T00:00:00+00:00,53.5000,-5.5000,10.7334
1919-11-16T00:00:00+00:00,53.5000,-4.5000,10.6026
1919-11-16T00:00:00+00:00,53.5000,-3.5000,10.3022
1919-11-16T00:00:00+00:00,52.5000,-6.5000,11.0295
1919-11-16T00:00:00+00:00,52.5000,-5.5000,10.9723
1919-11-16T00:00:00+00:00,52.5000,-4.5000,10.9000
1919-11-16T00:00:00+00:00,51.5000,-6.5000,11.0904
1919-11-16T00:00:00+00:00,51.5000,-5.5000,11.1666
1919-11-16T00:00:00+00:00,51.5000,-4.5000,11.1335
1919-11-16T00:00:00+00:00,51.5000,-3.5000,11.0997
1919-12-16T12:00:00+00:00,53.5000,-5.5000,9.5142
1919-12-16T12:00:00+00:00,53.5000,-4.5000,9.3799
1919-12-16T12:00:00+00:00,53.5000,-3.5000,9.0872
1919-12-16T12:00:00+00:00,52.5000,-6.5000,9.9927
1919-12-16T12:00:00+00:00,52.5000,-5.5000,9.7951
1919-12-16T12:00:00+00:00,52.5000,-4.5000,9.6987
1919-12-16T12:00:00+00:00,51.5000,-6.5000,10.1109
1919-12-16T12:00:00+00:00,51.5000,-5.5000,10.0867
1919-12-16T12:00:00+00:00,51.5000,-4.5000,10.0211
1919-12-16T12:00:00+00:00,51.5000,-3.5000,10.1003
1920-01-16T12:00:00+00:00,53.5000,-5.5000,8.4220
1920-01-16T12:00:00+00:00,53.5000,-4.5000,8.2938
1920-01-16T12:00:00+00:00,53.5000,-3.5000,8.0576
1920-01-16T12:00:00+00:00,52.5000,-6.5000,9.0960
1920-01-16T12:00:00+00:00,52.5000,-5.5000,8.7398
1920-01-16T12:00:00+00:00,52.5000,-4.5000,8.5962
1920-01-16T12:00:00+00:00,51.5000,-6.5000,9.2724
1920-01-16T12:00:00+00:00,51.5000,-5.5000,9.1167
1920-01-16T12:00:00+00:00,51.5000,-4.5000,8.9629
1920-01-16T12:00:00+00:00,51.5000,-3.5000,9.0591
1920-02-15T12:00:00+00:00,53.5000,-5.5000,8.0481
1920-02-15T12:00:00+00:00,53.5000,-4.5000,7.9749
1920-02-15T12:00:00+00:00,53.5000,-3.5000,7.6355
1920-02-15T12:00:00+00:00,52.5000,-6.5000,9.0239
1920-02-15T12:00:00+00:00,52.5000,-5.5000,8.5807
1920-02-15T12:00:00+00:00,52.5000,-4.5000,8.4798
1920-02-15T12:00:00+00:00,51.5000,-6.5000,9.2547
1920-02-15T12:00:00+00:00,51.5000,-5.5000,9.0379
1920-02-15T12:00:00+00:00,51.5000,-4.5000,8.9531
1920-02-15T12:00:00+00:00,51.5000,-3.5000,9.3059
1920-03-16T12:00:00+00:00,53.5000,-5.5000,7.3964
1920-03-16T12:00:00+00:00,53.5000,-4.5000,7.3030
1920-03-16T12:00:00+00:00,53.5000,-3.5000,7.1010
1920-03-16T12:00:00+00:00,52.5000,-6.5000,8.2684
1920-03-16T12:00:00+00:00,52.5000,-5.5000,7.8138
1920-03-16T12:00:00+00:00,52.5000,-4.5000,7.6721
1920-03-16T12:00:00+00:00,51.5000,-6.5000,8.5248
1920-03-16T12:00:00+00:00,51.5000,-5.5000,8.2940
1920-03-16T12:00:00+00:00,51.5000,-4.5000,8.1293
1920-03-16T12:00:00+00:00,51.5000,-3.5000,8.2969
1920-04-16T00:00:00+00:00,53.5000,-5.5000,8.3649
1920-04-16T00:00:00+00:00,53.5000,-4.5000,8.4220
1920-04-16T00:00:00+00:00,53.5000,-3.5000,8.4235
1920-04-16T00:00:00+00:00,52.5000,-6.5000,9.1153
1920-04-16T00:00:00+00:00,52.5000,-5.5000,8.7318
1920-04-16T00:00:00+00:00,52.5000,-4.5000,8.7290
1920-04-16T00:00:00+00:00,51.5000,-6.5000,9.3525
1920-04-16T00:00:00+00:00,51.5000,-5.5000,9.1682
1920-04-16T00:00:00+00:00,51.5000,-4.5000,9.1893
1920-04-16T00:00:00+00:00,51.5000,-3.5000,9.6511
1920-05-16T12:00:00+00:00,53.5000,-5.5000,10.1435
1920-05-16T12:00:00+00:00,53.5000,-4.5000,10.2045
1920-05-16T12:00:00+00:00,53.5000,-3.5000,10.2555
1920-05-16T12:00:00+00:00,52.5000,-6.5000,10.8539
1920-05-16T12:00:00+00:00,52.5000,-5.5000,10.5033
1920-05-16T12:00:00+00:00,52.5000,-4.5000,10.5051
1920-05-16T12:00:00+00:00,51.5000,-6.5000,11.0740
1920-05-16T12:00:00+00:00,51.5000,-5.5000,10.9370
1920-05-16T12:00:00+00:00,51.5000,-4.5000,10.9574
1920-05-16T12:00:00+00:00,51.5000,-3.5000,11.2808
1920-06-16T00:00:00+00:00,53.5000,-5.5000,12.0881
1920-06-16T00:00:00+00:00,53.5000,-4.5000,12.1752
1920-06-16T00:00:00+00:00,53.5000,-3.5000,12.1978
1920-06-16T00:00:00+00:00,52.5000,-6.5000,12.9788
1920-06-16T00:00:00+00:00,52.5000,-5.5000,12.5720
1920-06-16T00:00:00+00:00,52.5000,-4.5000,12.5895
1920-06-16T00:00:00+00:00,51.5000,-6.5000,13.2312
1920-06-16T00:00:00+00:00,51.5000,-5.5000,13.0823
1920-06-16T00:00:00+00:00,51.5000,-4.5000,13.1105
1920-06-16T00:00:00+00:00,51.5000,-3.5000,13.4596
1920-07-16T12:00:00+00:00,53.5000,-5.5000,12.9295
1920-07-16T12:00:00+00:00,53.5000,-4.5000,13.0561
1920-07-16T12:00:00+00:00,53.5000,-3.5000,13.2519
1920-07-16T12:00:00+00:00,52.5000,-6.5000,13.8311
1920-07-16T12:00:00+00:00,52.5000,-5.5000,13.3593
1920-07-16T12:00:00+00:00,52.5000,-4.5000,13.4137
1920-07-16T12:00:00+00:00,51.5000,-6.5000,14.1338
1920-07-16T12:00:00+00:00,51.5000,-5.5000,13.9733
1920-07-16T12:00:00+00:00,51.5000,-4.5000,14.0507
1920-07-16T12:00:00+00:00,51.5000,-3.5000,14.5377
1920-08-16T12:00:00+00:00,53.5000,-5.5000,13.9620
1920-08-16T12:00:00+00:00,53.5000,-4.5000,13.9993
1920-08-16T12:00:00+00:00,53.5000,-3.5000,13.9500
1920-08-16T12:00:00+00:00,52.5000,-6.5000,14.7532
1920-08-16T12:00:00+00:00,52.5000,-5.5000,14.4091
1920-08-16T12:00:00+00:00,52.5000,-4.5000,14.4175
1920-08-16T12:00:00+00:00,51.5000,-6.5000,15.0144
1920-08-16T12:00:00+00:00,51.5000,-5.5000,14.9063
1920-08-16T12:00:00+00:00,51.5000,-4.5000,14.9108
1920-08-16T12:00:00+00:00,51.5000,-3.5000,15.1375
1920-09-16T00:00:00+00:00,53.5000,-5.5000,14.3864
1920-09-16T00:00:00+00:00,53.5000,-4.5000,14.4265
1920-09-16T00:00:00+00:00,53.5000,-3.5000,14.4059
1920-09-16T00:00:00+00:00,52.5000,-6.5000,14.8075
1920-09-16T00:00:00+00:00,52.5000,-5.5000,14.6668
1920-09-16T00:00:00+00:00,52.5000,-4.5000,14.7093
1920-09-16T00:00:00+00:00,51.5000,-6.5000,14.9588
1920-09-16T00:00:00+00:00,51.5000,-5.5000,14.9628
1920-09-16T00:00:00+00:00,51.5000,-4.5000,15.0422
1920-09-16T00:00:00+00:00,51.5000,-3.5000,15.2856
1920-10-16T12:00:00+00:00,53.5000,-5.5000,13.9306
1920-10-16T12:00:00+00:00,53.5000,-4.5000,13.9866
1920-10-16T12:00:00+00:00,53.5000,-3.5000,13.9709
1920-10-16T12:00:00+00:00,52.5000,-6.5000,14.0957
1920-10-16T12:00:00+00:00,52.5000,-5.5000,14.0978
1920-10-16T12:00:00+00:00,52.5000,-4.5000,14.1890
1920-10-16T12:00:00+00:00,51.5000,-6.5000,14.1501
1920-10-16T12:00:00+00:00,51.5000,-5.5000,14.2445
1920-10-16T12:00:00+00:00,51.5000,-4.5000,14.4217
1920-10-16T12:00:00+00:00,51.5000,-3.5000,14.7865
1920-11-16T00:00:00+00:00,53.5000,-5.5000,12.2657
1920-11-16T00:00:00+00:00,53.5000,-4.5000,12.2217
1920-11-16T00:00:00+00:00,53.5000,-3.5000,11.9883
1920-11-16T00:00:00+00:00,52.5000,-6.5000,12.6056
1920-11-16T00:00:00+00:00,52.5000,-5.5000,12.5484
1920-11-16T00:00:00+00:00,52.5000,-4.5000,12.5508
1920-11-16T00:00:00+00:00,51.5000,-6.5000,12.6665
1920-11-16T00:00:00+00:00,51.5000,-5.5000,12.7427
1920-11-16T00:00:00+00:00,51.5000,-4.5000,12.8218
1920-11-16T00:00:00+00:00,51.5000,-3.5000,13.0495
1920-12-16T12:00:00+00:00,53.5000,-5.5000,10.4587
1920-12-16T12:00:00+00:00,53.5000,-4.5000,10.4078
1920-12-16T12:00:00+00:00,53.5000,-3.5000,10.2274
1920-12-16T12:00:00+00:00,52.5000,-6.5000,10.9257
1920-12-16T12:00:00+00:00,52.5000,-5.5000,10.7282
1920-12-16T12:00:00+00:00,52.5000,-4.5000,10.7065
1920-12-16T12:00:00+00:00,51.5000,-6.5000,11.0439
1920-12-16T12:00:00+00:00,51.5000,-5.5000,11.0198
1920-12-16T12:00:00+00:00,51.5000,-4.5000,11.0662
1920-12-16T12:00:00+00:00,51.5000,-3.5000,11.4069
1921-01-16T12:00:00+00:00,53.5000,-5.5000,10.0110
1921-01-16T12:00:00+00:00,53.5000,-4.5000,9.9484
1921-01-16T12:00:00+00:00,53.5000,-3.5000,9.6302
1921-01-16T12:00:00+00:00,52.5000,-6.5000,10.8404
1921-01-16T12:00:00+00:00,52.5000,-5.5000,10.4842
1921-01-16T12:00:00+00:00,52.5000,-4.5000,10.4024
1921-01-16T12:00:00+00:00,51.5000,-6.5000,11.0167
1921-01-16T12:00:00+00:00,51.5000,-5.5000,10.8610
1921-01-16T12:00:00+00:00,51.5000,-4.5000,10.8000
1921-01-16T12:00:00+00:00,51.5000,-3.5000,11.1126
1921-02-15T00:00:00+00:00,53.5000,-5.5000,9.1422
1921-02-15T00:00:00+00:00,53.5000,-4.5000,8.9379
1921-02-15T00:00:00+00:00,53.5000,-3.5000,8.4353
1921-02-15T00:00:00+00:00,52.5000,-6.5000,10.0387
1921-02-15T00:00:00+00:00,52.5000,-5.5000,9.5955
1921-02-15T00:00:00+00:00,52.5000,-4.5000,9.4192
1921-02-15T00:00:00+00:00,51.5000,-6.5000,10.2695
1921-02-15T00:00:00+00:00,51.5000,-5.5000,10.0527
1921-02-15T00:00:00+00:00,51.5000,-4.5000,9.8547
1921-02-15T00:00:00+00:00,51.5000,-3.5000,9.9434
1921-03-16T12:00:00+00:00,53.5000,-5.5000,8.5191
1921-03-16T12:00:00+00:00,53.5000,-4.5000,8.4337
1921-03-16T12:00:00+00:00,53.5000,-3.5000,8.0870
1921-03-16T12:00:00+00:00,52.5000,-6.5000,9.5204
1921-03-16T12:00:00+00:00,52.5000,-5.5000,9.0659
1921-03-16T12:00:00+00:00,52.5000,-4.5000,8.9437
1921-03-16T12:00:00+00:00,51.5000,-6.5000,9.7768
1921-03-16T12:00:00+00:00,51.5000,-5.5000,9.5460
1921-03-16T12:00:00+00:00,51.5000,-4.5000,9.4105
1921-03-16T12:00:00+00:00,51.5000,-3.5000,9.6463
1921-04-16T00:00:00+00:00,53.5000,-5.5000,9.0418
1921-04-16T00:00:00+00:00,53.5000,-4.5000,9.0300
1921-04-16T00:00:00+00:00,53.5000,-3.5000,8.7405
1921-04-16T00:00:00+00:00,52.5000,-6.5000,10.0212
1921-04-16T00:00:00+00:00,52.5000,-5.5000,9.6377
1921-04-16T00:00:00+00:00,52.5000,-4.5000,9.5625
1921-04-16T00:00:00+00:00,51.5000,-6.5000,10.2584
1921-04-16T00:00:00+00:00,51.5000,-5.5000,10.0741
1921-04-16T00:00:00+00:00,51.5000,-4.5000,9.9867
1921-04-16T00:00:00+00:00,51.5000,-3.5000,10.1952
1921-05-16T12:00:00+00:00,53.5000,-5.5000,10.6329
1921-05-16T12:00:00+00:00,53.5000,-4.5000,10.6713
1921-05-16T12:00:00+00:00,53.5000,-3.5000,10.4999
1921-05-16T12:00:00+00:00,52.5000,-6.5000,11.5725
1921-05-16T12:00:00+00:00,52.5000,-5.5000,11.2220
1921-05-16T12:00:00+00:00,52.5000,-4.5000,11.1864
1921-05-16T12:00:00+00:00,51.5000,-6.5000,11.7926
1921-05-16T12:00:00+00:00,51.5000,-5.5000,11.6557
1921-05-16T12:00:00+00:00,51.5000,-4.5000,11.6201
1921-05-16T12:00:00+00:00,51.5000,-3.5000,11.8127
1921-06-16T00:00:00+00:00,53.5000,-5.5000,12.8706
1921-06-16T00:00:00+00:00,53.5000,-4.5000,12.8365
1921-06-16T00:00:00+00:00,53.5000,-3.5000,12.5063
1921-06-16T00:00:00+00:00,52.5000,-6.5000,13.9260
1921-06-16T00:00:00+00:00,52.5000,-5.5000,13.5192
1921-06-16T00:00:00+00:00,52.5000,-4.5000,13.4489
1921-06-16T00:00:00+00:00,51.5000,-6.5000,14.1784
1921-06-16T00:00:00+00:00,51.5000,-5.5000,14.0294
1921-06-16T00:00:00+00:00,51.5000,-4.5000,13.9261
1921-06-16T00:00:00+00:00,51.5000,-3.5000,13.9680
1921-07-16T12:00:00+00:00,53.5000,-5.5000,15.5485
1921-07-16T12:00:00+00:00,53.5000,-4.5000,15.3954
1921-07-16T12:00:00+00:00,53.5000,-3.5000,14.7166
1921-07-16T12:00:00+00:00,52.5000,-6.5000,16.8793
1921-07-16T12:00:00+00:00,52.5000,-5.5000,16.4076
1921-07-16T12:00:00+00:00,52.5000,-4.5000,16.2650
1921-07-16T12:00:00+00:00,51.5000,-6.5000,17.1821
1921-07-16T12:00:00+00:00,51.5000,-5.5000,17.0215
1921-07-16T12:00:00+00:00,51.5000,-4.5000,16.8037
1921-07-16T12:00:00+00:00,51.5000,-3.5000,16.6017
1921-08-16T12:00:00+00:00,53.5000,-5.5000,14.9477
1921-08-16T12:00:00+00:00,53.5000,-4.5000,14.9653
1921-08-16T12:00:00+00:00,53.5000,-3.5000,14.7450
1921-08-16T12:00:00+00:00,52.5000,-6.5000,15.8374
1921-08-16T12:00:00+00:00,52.5000,-5.5000,15.4933
1921-08-16T12:00:00+00:00,52.5000,-4.5000,15.5083
1921-08-16T12:00:00+00:00,51.5000,-6.5000,16.0986
1921-08-16T12:00:00+00:00,51.5000,-5.5000,15.9905
1921-08-16T12:00:00+00:00,51.5000,-4.5000,16.0049
1921-08-16T12:00:00+00:00,51.5000,-3.5000,16.2546
1921-09-16T00:00:00+00:00,53.5000,-5.5000,14.9919
1921-09-16T00:00:00+00:00,53.5000,-4.5000,15.0384
1921-09-16T00:00:00+00:00,53.5000,-3.5000,14.8213
1921-09-16T00:00:00+00:00,52.5000,-6.5000,15.6042
1921-09-16T00:00:00+00:00,52.5000,-5.5000,15.4634
1921-09-16T00:00:00+00:00,52.5000,-4.5000,15.5182
1921-09-16T00:00:00+00:00,51.5000,-6.5000,15.7555
1921-09-16T00:00:00+00:00,51.5000,-5.5000,15.7595
1921-09-16T00:00:00+00:00,51.5000,-4.5000,15.8571
1921-09-16T00:00:00+00:00,51.5000,-3.5000,16.1432
1921-10-16T12:00:00+00:00,53.5000,-5.5000,14.9080
1921-10-16T12:00:00+00:00,53.5000,-4.5000,14.9181
1921-10-16T12:00:00+00:00,53.5000,-3.5000,14.6697
1921-10-16T12:00:00+00:00,52.5000,-6.5000,15.2499
1921-10-16T12:00:00+00:00,52.5000,-5.5000,15.2519
1921-10-16T12:00:00+00:00,52.5000,-4.5000,15.3022
1921-10-16T12:00:00+00:00,51.5000,-6.5000,15.3043
1921-10-16T12:00:00+00:00,51.5000,-5.5000,15.3987
1921-10-16T12:00:00+00:00,51.5000,-4.5000,15.5145
1921-10-16T12:00:00+00:00,51.5000,-3.5000,15.7362
1921-11-16T00:00:00+00:00,53.5000,-5.5000,12.6783
1921-11-16T00:00:00+00:00,53.5000,-4.5000,12.6046
1921-11-16T00:00:00+00:00,53.5000,-3.5000,12.2162
1921-11-16T00:00:00+00:00,52.5000,-6.5000,13.0877
1921-11-16T00:00:00+00:00,52.5000,-5.5000,13.0306
1921-11-16T00:00:00+00:00,52.5000,-4.5000,13.0311
1921-11-16T00:00:00+00:00,51.5000,-6.5000,13.1487
1921-11-16T00:00:00+00:00,51.5000,-5.5000,13.2249
1921-11-16T00:00:00+00:00,51.5000,-4.5000,13.3012
1921-11-16T00:00:00+00:00,51.5000,-3.5000,13.5225
1921-12-16T12:00:00+00:00,53.5000,-5.5000,11.0439
1921-12-16T12:00:00+00:00,53.5000,-4.5000,10.8622
1921-12-16T12:00:00+00:00,53.5000,-3.5000,10.2853
1921-12-16T12:00:00+00:00,52.5000,-6.5000,11.7011
1921-12-16T12:00:00+00:00,52.5000,-5.5000,11.5035
1921-12-16T12:00:00+00:00,52.5000,-4.5000,11.3887
1921-12-16T12:00:00+00:00,51.5000,-6.5000,11.8193
1921-12-16T12:00:00+00:00,51.5000,-5.5000,11.7951
1921-12-16T12:00:00+00:00,51.5000,-4.5000,11.7018
1921-12-16T12:00:00+00:00,51.5000,-3.5000,11.7167
1922-01-16T12:00:00+00:00,53.5000,-5.5000,9.7942
1922-01-16T12:00:00+00:00,53.5000,-4.5000,9.6179
1922-01-16T12:00:00+00:00,53.5000,-3.5000,9.0257
1922-01-16T12:00:00+00:00,52.5000,-6.5000,10.7420
1922-01-16T12:00:00+00:00,52.5000,-5.5000,10.3858
1922-01-16T12:00:00+00:00,52.5000,-4.5000,10.2113
1922-01-16T12:00:00+00:00,51.5000,-6.5000,10.9184
1922-01-16T12:00:00+00:00,51.5000,-5.5000,10.7627
1922-01-16T12:00:00+00:00,51.5000,-4.5000,10.5625
1922-01-16T12:00:00+00:00,51.5000,-3.5000,10.5503
1922-02-15T00:00:00+00:00,53.5000,-5.5000,8.8861
1922-02-15T00:00:00+00:00,53.5000,-4.5000,8.8022
1922-02-15T00:00:00+00:00,53.5000,-3.5000,8.3056
1922-02-15T00:00:00+00:00,52.5000,-6.5000,9.9807
1922-02-15T00:00:00+00:00,52.5000,-5.5000,9.5375
1922-02-15T00:00:00+00:00,52.5000,-4.5000,9.4397
1922-02-15T00:00:00+00:00,51.5000,-6.5000,10.2115
1922-02-15T00:00:00+00:00,51.5000,-5.5000,9.9947
1922-02-15T00:00:00+00:00,51.5000,-4.5000,9.9145
1922-02-15T00:00:00+00:00,51.5000,-3.5000,10.2783
1922-03-16T12:00:00+00:00,53.5000,-5.5000,8.0978
1922-03-16T12:00:00+00:00,53.5000,-4.5000,8.0181
1922-03-16T12:00:00+00:00,53.5000,-3.5000,7.6279
1922-03-16T12:00:00+00:00,52.5000,-6.5000,9.1457
1922-03-16T12:00:00+00:00,52.5000,-5.5000,8.6911
1922-03-16T12:00:00+00:00,52.5000,-4.5000,8.5761
1922-03-16T12:00:00+00:00,51.5000,-6.5000,9.4020
1922-03-16T12:00:00+00:00,51.5000,-5.5000,9.1712
1922-03-16T12:00:00+00:00,51.5000,-4.5000,9.0466
1922-03-16T12:00:00+00:00,51.5000,-3.5000,9.3077
1922-04-16T00:00:00+00:00,53.5000,-5.5000,8.1633
1922-04-16T00:00:00+00:00,53.5000,-4.5000,8.1199
1922-04-16T00:00:00+00:00,53.5000,-3.5000,7.8369
1922-04-16T00:00:00+00:00,52.5000,-6.5000,9.0772
1922-04-16T00:00:00+00:00,52.5000,-5.5000,8.6937
1922-04-16T00:00:00+00:00,52.5000,-4.5000,8.6005
1922-04-16T00:00:00+00:00,51.5000,-6.5000,9.3144
1922-04-16T00:00:00+00:00,51.5000,-5.5000,9.1301
1922-04-16T00:00:00+00:00,51.5000,-4.5000,9.0157
1922-04-16T00:00:00+00:00,51.5000,-3.5000,9.1611
1922-05-16T12:00:00+00:00,53.5000,-5.5000,9.9707
1922-05-16T12:00:00+00:00,53.5000,-4.5000,9.9881
1922-05-16T12:00:00+00:00,53.5000,-3.5000,9.8692
1922-05-16T12:00:00+00:00,52.5000,-6.5000,10.8107
1922-05-16T12:00:00+00:00,52.5000,-5.5000,10.4602
1922-05-16T12:00:00+00:00,52.5000,-4.5000,10.4165
1922-05-16T12:00:00+00:00,51.5000,-6.5000,11.0308
1922-05-16T12:00:00+00:00,51.5000,-5.5000,10.8939
1922-05-16T12:00:00+00:00,51.5000,-4.5000,10.8461
1922-05-16T12:00:00+00:00,51.5000,-3.5000,11.0105
1922-06-16T00:00:00+00:00,53.5000,-5.5000,11.9914
1922-06-16T00:00:00+00:00,53.5000,-4.5000,12.0458
1922-06-16T00:00:00+00:00,53.5000,-3.5000,11.8816
1922-06-16T00:00:00+00:00,52.5000,-6.5000,13.0399
1922-06-16T00:00:00+00:00,52.5000,-5.5000,12.6332
1922-06-16T00:00:00+00:00,52.5000,-4.5000,12.6161
1922-06-16T00:00:00+00:00,51.5000,-6.5000,13.2923
1922-06-16T00:00:00+00:00,51.5000,-5.5000,13.1434
1922-06-16T00:00:00+00:00,51.5000,-4.5000,13.1199
1922-06-16T00:00:00+00:00,51.5000,-3.5000,13.3480
1922-07-16T12:00:00+00:00,53.5000,-5.5000,12.1573
1922-07-16T12:00:00+00:00,53.5000,-4.5000,12.2958
1922-07-16T12:00:00+00:00,53.5000,-3.5000,12.3968
1922-07-16T12:00:00+00:00,52.5000,-6.5000,13.1531
1922-07-16T12:00:00+00:00,52.5000,-5.5000,12.6814
1922-07-16T12:00:00+00:00,52.5000,-4.5000,12.7539
1922-07-16T12:00:00+00:00,51.5000,-6.5000,13.4559
1922-07-16T12:00:00+00:00,51.5000,-5.5000,13.2953
1922-07-16T12:00:00+00:00,51.5000,-4.5000,13.4000
1922-07-16T12:00:00+00:00,51.5000,-3.5000,13.9505
1922-08-16T12:00:00+00:00,53.5000,-5.5000,13.5992
1922-08-16T12:00:00+00:00,53.5000,-4.5000,13.6097
1922-08-16T12:00:00+00:00,53.5000,-3.5000,13.5293
1922-08-16T12:00:00+00:00,52.5000,-6.5000,14.3422
1922-08-16T12:00:00+00:00,52.5000,-5.5000,13.9981
1922-08-16T12:00:00+00:00,52.5000,-4.5000,14.0059
1922-08-16T12:00:00+00:00,51.5000,-6.5000,14.6033
1922-08-16T12:00:00+00:00,51.5000,-5.5000,14.4952
1922-08-16T12:00:00+00:00,51.5000,-4.5000,14.4989
1922-08-16T12:00:00+00:00,51.5000,-3.5000,14.7238
1922-09-16T00:00:00+00:00,53.5000,-5.5000,13.6078
1922-09-16T00:00:00+00:00,53.5000,-4.5000,13.6672
1922-09-16T00:00:00+00:00,53.5000,-3.5000,13.6785
1922-09-16T00:00:00+00:00,52.5000,-6.5000,14.0507
1922-09-16T00:00:00+00:00,52.5000,-5.5000,13.9099
1922-09-16T00:00:00+00:00,52.5000,-4.5000,13.9545
1922-09-16T00:00:00+00:00,51.5000,-6.5000,14.2019
1922-09-16T00:00:00+00:00,51.5000,-5.5000,14.2059
1922-09-16T00:00:00+00:00,51.5000,-4.5000,14.2883
1922-09-16T00:00:00+00:00,51.5000,-3.5000,14.5388
1922-10-16T12:00:00+00:00,53.5000,-5.5000,12.7417
1922-10-16T12:00:00+00:00,53.5000,-4.5000,12.7563
1922-10-16T12:00:00+00:00,53.5000,-3.5000,12.7771
1922-10-16T12:00:00+00:00,52.5000,-6.5000,12.8444
1922-10-16T12:00:00+00:00,52.5000,-5.5000,12.8465
1922-10-16T12:00:00+00:00,52.5000,-4.5000,12.8885
1922-10-16T12:00:00+00:00,51.5000,-6.5000,12.8988
1922-10-16T12:00:00+00:00,51.5000,-5.5000,12.9932
1922-10-16T12:00:00+00:00,51.5000,-4.5000,13.0966
1922-10-16T12:00:00+00:00,51.5000,-3.5000,13.2893
1922-11-16T00:00:00+00:00,53.5000,-5.5000,11.2754
1922-11-16T00:00:00+00:00,53.5000,-4.5000,11.1891
1922-11-16T00:00:00+00:00,53.5000,-3.5000,11.0846
1922-11-16T00:00:00+00:00,52.5000,-6.5000,11.3982
1922-11-16T00:00:00+00:00,52.5000,-5.5000,11.3411
1922-11-16T00:00:00+00:00,52.5000,-4.5000,11.3241
1922-11-16T00:00:00+00:00,51.5000,-6.5000,11.4592
1922-11-16T00:00:00+00:00,51.5000,-5.5000,11.5354
1922-11-16T00:00:00+00:00,51.5000,-4.5000,11.5854
1922-11-16T00:00:00+00:00,51.5000,-3.5000,11.7454
1922-12-16T12:00:00+00:00,53.5000,-5.5000,10.4166
1922-12-16T12:00:00+00:00,53.5000,-4.5000,10.2589
1922-12-16T12:00:00+00:00,53.5000,-3.5000,9.9080
1922-12-16T12:00:00+00:00,52.5000,-6.5000,10.8856
1922-12-16T12:00:00+00:00,52.5000,-5.5000,10.6880
1922-12-16T12:00:00+00:00,52.5000,-4.5000,10.5903
1922-12-16T12:00:00+00:00,51.5000,-6.5000,11.0038
1922-12-16T12:00:00+00:00,51.5000,-5.5000,10.9796
1922-12-16T12:00:00+00:00,51.5000,-4.5000,10.9120
1922-12-16T12:00:00+00:00,51.5000,-3.5000,10.9868
1923-01-16T12:00:00+00:00,53.5000,-5.5000,9.2682
1923-01-16T12:00:00+00:00,53.5000,-4.5000,9.1584
1923-01-16T12:00:00+00:00,53.5000,-3.5000,8.7978
1923-01-16T12:00:00+00:00,52.5000,-6.5000,10.0963
1923-01-16T12:00:00+00:00,52.5000,-5.5000,9.7401
1923-01-16T12:00:00+00:00,52.5000,-4.5000,9.6093
1923-01-16T12:00:00+00:00,51.5000,-6.5000,10.2727
1923-01-16T12:00:00+00:00,51.5000,-5.5000,10.1170
1923-01-16T12:00:00+00:00,51.5000,-4.5000,9.9824
1923-01-16T12:00:00+00:00,51.5000,-3.5000,10.1232
1923-02-15T00:00:00+00:00,53.5000,-5.5000,8.4670
1923-02-15T00:00:00+00:00,53.5000,-4.5000,8.4224
1923-02-15T00:00:00+00:00,53.5000,-3.5000,8.1941
1923-02-15T00:00:00+00:00,52.5000,-6.5000,9.3605
1923-02-15T00:00:00+00:00,52.5000,-5.5000,8.9173
1923-02-15T00:00:00+00:00,52.5000,-4.5000,8.8449
1923-02-15T00:00:00+00:00,51.5000,-6.5000,9.5913
1923-02-15T00:00:00+00:00,51.5000,-5.5000,9.3745
1923-02-15T00:00:00+00:00,51.5000,-4.5000,9.3323
1923-02-15T00:00:00+00:00,51.5000,-3.5000,9.7846
1923-03-16T12:00:00+00:00,53.5000,-5.5000,8.0482
1923-03-16T12:00:00+00:00,53.5000,-4.5000,8.0109
1923-03-16T12:00:00+00:00,53.5000,-3.5000,7.7905
1923-03-16T12:00:00+00:00,52.5000,-6.5000,8.9236
1923-03-16T12:00:00+00:00,52.5000,-5.5000,8.4690
1923-03-16T12:00:00+00:00,52.5000,-4.5000,8.4189
1923-03-16T12:00:00+00:00,51.5000,-6.5000,9.1800
1923-03-16T12:00:00+00:00,51.5000,-5.5000,8.9492
1923-03-16T12:00:00+00:00,51.5000,-4.5000,8.9217
1923-03-16T12:00:00+00:00,51.5000,-3.5000,9.4097
1923-04-16T00:00:00+00:00,53.5000,-5.5000,8.6325
1923-04-16T00:00:00+00:00,53.5000,-4.5000,8.6236
1923-04-16T00:00:00+00:00,53.5000,-3.5000,8.4957
1923-04-16T00:00:00+00:00,52.5000,-6.5000,9.4240
1923-04-16T00:00:00+00:00,52.5000,-5.5000,9.0405
1923-04-16T00:00:00+00:00,52.5000,-4.5000,8.9828
1923-04-16T00:00:00+00:00,51.5000,-6.5000,9.6612
1923-04-16T00:00:00+00:00,51.5000,-5.5000,9.4770
1923-04-16T00:00:00+00:00,51.5000,-4.5000,9.4157
1923-04-16T00:00:00+00:00,51.5000,-3.5000,9.6851
1923-05-16T12:00:00+00:00,53.5000,-5.5000,9.8752
1923-05-16T12:00:00+00:00,53.5000,-4.5000,9.8943
1923-05-16T12:00:00+00:00,53.5000,-3.5000,9.7031
1923-05-16T12:00:00+00:00,52.5000,-6.5000,10.7392
1923-05-16T12:00:00+00:00,52.5000,-5.5000,10.3887
1923-05-16T12:00:00+00:00,52.5000,-4.5000,10.3718
1923-05-16T12:00:00+00:00,51.5000,-6.5000,10.9593
1923-05-16T12:00:00+00:00,51.5000,-5.5000,10.8224
1923-05-16T12:00:00+00:00,51.5000,-4.5000,10.8148
1923-05-16T12:00:00+00:00,51.5000,-3.5000,11.0729
1923-06-16T00:00:00+00:00,53.5000,-5.5000,11.1953
1923-06-16T00:00:00+00:00,53.5000,-4.5000,11.1584
1923-06-16T00:00:00+00:00,53.5000,-3.5000,10.9863
1923-06-16T00:00:00+00:00,52.5000,-6.5000,12.0491
1923-06-16T00:00:00+00:00,52.5000,-5.5000,11.6424
1923-06-16T00:00:00+00:00,52.5000,-4.5000,11.5897
1923-06-16T00:00:00+00:00,51.5000,-6.5000,12.3015
1923-06-16T00:00:00+00:00,51.5000,-5.5000,12.1526
1923-06-16T00:00:00+00:00,51.5000,-4.5000,12.0757
1923-06-16T00:00:00+00:00,51.5000,-3.5000,12.1795
1923-07-16T12:00:00+00:00,53.5000,-5.5000,13.8083
1923-07-16T12:00:00+00:00,53.5000,-4.5000,13.7915
1923-07-16T12:00:00+00:00,53.5000,-3.5000,13.5032
1923-07-16T12:00:00+00:00,52.5000,-6.5000,14.9449
1923-07-16T12:00:00+00:00,52.5000,-5.5000,14.4731
1923-07-16T12:00:00+00:00,52.5000,-4.5000,14.4370
1923-07-16T12:00:00+00:00,51.5000,-6.5000,15.2476
1923-07-16T12:00:00+00:00,51.5000,-5.5000,15.0870
1923-07-16T12:00:00+00:00,51.5000,-4.5000,15.0288
1923-07-16T12:00:00+00:00,51.5000,-3.5000,15.1990
1923-08-16T12:00:00+00:00,53.5000,-5.5000,14.1230
1923-08-16T12:00:00+00:00,53.5000,-4.5000,14.1455
1923-08-16T12:00:00+00:00,53.5000,-3.5000,13.9949
1923-08-16T12:00:00+00:00,52.5000,-6.5000,14.9846
1923-08-16T12:00:00+00:00,52.5000,-5.5000,14.6405
1923-08-16T12:00:00+00:00,52.5000,-4.5000,14.6422
1923-08-16T12:00:00+00:00,51.5000,-6.5000,15.2458
1923-08-16T12:00:00+00:00,51.5000,-5.5000,15.1377
1923-08-16T12:00:00+00:00,51.5000,-4.5000,15.1321
1923-08-16T12:00:00+00:00,51.5000,-3.5000,15.3353
1923-09-16T00:00:00+00:00,53.5000,-5.5000,13.4355
1923-09-16T00:00:00+00:00,53.5000,-4.5000,13.4941
1923-09-16T00:00:00+00:00,53.5000,-3.5000,13.4915
1923-09-16T00:00:00+00:00,52.5000,-6.5000,13.8659
1923-09-16T00:00:00+00:00,52.5000,-5.5000,13.7251
1923-09-16T00:00:00+00:00,52.5000,-4.5000,13.7817
1923-09-16T00:00:00+00:00,51.5000,-6.5000,14.0172
1923-09-16T00:00:00+00:00,51.5000,-5.5000,14.0212
1923-09-16T00:00:00+00:00,51.5000,-4.5000,14.1215
1923-09-16T00:00:00+00:00,51.5000,-3.5000,14.4138
1923-10-16T12:00:00+00:00,53.5000,-5.5000,12.8179
1923-10-16T12:00:00+00:00,53.5000,-4.5000,12.8423
1923-10-16T12:00:00+00:00,53.5000,-3.5000,12.8390
1923-10-16T12:00:00+00:00,52.5000,-6.5000,12.9320
1923-10-16T12:00:00+00:00,52.5000,-5.5000,12.9341
1923-10-16T12:00:00+00:00,52.5000,-4.5000,12.9972
1923-10-16T12:00:00+00:00,51.5000,-6.5000,12.9864
1923-10-16T12:00:00+00:00,51.5000,-5.5000,13.0808
1923-10-16T12:00:00+00:00,51.5000,-4.5000,13.2159
1923-10-16T12:00:00+00:00,51.5000,-3.5000,13.4825
1923-11-16T00:00:00+00:00,53.5000,-5.5000,10.5688
1923-11-16T00:00:00+00:00,53.5000,-4.5000,10.5817
1923-11-16T00:00:00+00:00,53.5000,-3.5000,10.6015
1923-11-16T00:00:00+00:00,52.5000,-6.5000,10.7254
1923-11-16T00:00:00+00:00,52.5000,-5.5000,10.6682
1923-11-16T00:00:00+00:00,52.5000,-4.5000,10.7211
1923-11-16T00:00:00+00:00,51.5000,-6.5000,10.7863
1923-11-16T00:00:00+00:00,51.5000,-5.5000,10.8625
1923-11-16T00:00:00+00:00,51.5000,-4.5000,11.0172
1923-11-16T00:00:00+00:00,51.5000,-3.5000,11.4215
1923-12-16T12:00:00+00:00,53.5000,-5.5000,9.4658
1923-12-16T12:00:00+00:00,53.5000,-4.5000,9.3584
1923-12-16T12:00:00+00:00,53.5000,-3.5000,9.1065
1923-12-16T12:00:00+00:00,52.5000,-6.5000,9.9182
1923-12-16T12:00:00+00:00,52.5000,-5.5000,9.7206
1923-12-16T12:00:00+00:00,52.5000,-4.5000,9.6573
1923-12-16T12:00:00+00:00,51.5000,-6.5000,10.0364
1923-12-16T12:00:00+00:00,51.5000,-5.5000,10.0122
1923-12-16T12:00:00+00:00,51.5000,-4.5000,9.9961
1923-12-16T12:00:00+00:00,51.5000,-3.5000,10.1910
1924-01-16T12:00:00+00:00,53.5000,-5.5000,8.9040
1924-01-16T12:00:00+00:00,53.5000,-4.5000,8.8085
1924-01-16T12:00:00+00:00,53.5000,-3.5000,8.4238
1924-01-16T12:00:00+00:00,52.5000,-6.5000,9.7618
1924-01-16T12:00:00+00:00,52.5000,-5.5000,9.4056
1924-01-16T12:00:00+00:00,52.5000,-4.5000,9.2934
1924-01-16T12:00:00+00:00,51.5000,-6.5000,9.9382
1924-01-16T12:00:00+00:00,51.5000,-5.5000,9.7824
1924-01-16T12:00:00+00:00,51.5000,-4.5000,9.6758
1924-01-16T12:00:00+00:00,51.5000,-3.5000,9.8820
1924-02-15T12:00:00+00:00,53.5000,-5.5000,8.2438
1924-02-15T12:00:00+00:00,53.5000,-4.5000,8.0878
1924-02-15T12:00:00+00:00,53.5000,-3.5000,7.6374
1924-02-15T12:00:00+00:00,52.5000,-6.5000,9.2305
1924-02-15T12:00:00+00:00,52.5000,-5.5000,8.7873
1924-02-15T12:00:00+00:00,52.5000,-4.5000,8.6122
1924-02-15T12:00:00+00:00,51.5000,-6.5000,9.4613
1924-02-15T12:00:00+00:00,51.5000,-5.5000,9.2445
1924-02-15T12:00:00+00:00,51.5000,-4.5000,9.0483
1924-02-15T12:00:00+00:00,51.5000,-3.5000,9.1414
1924-03-16T12:00:00+00:00,53.5000,-5.5000,7.6356
1924-03-16T12:00:00+00:00,53.5000,-4.5000,7.4347
1924-03-16T12:00:00+00:00,53.5000,-3.5000,7.0521
1924-03-16T12:00:00+00:00,52.5000,-6.5000,8.4335
1924-03-16T12:00:00+00:00,52.5000,-5.5000,7.9789
1924-03-16T12:00:00+00:00,52.5000,-4.5000,7.8031
1924-03-16T12:00:00+00:00,51.5000,-6.5000,8.6898
1924-03-16T12:00:00+00:00,51.5000,-5.5000,8.4590
1924-03-16T12:00:00+00:00,51.5000,-4.5000,8.2432
1924-03-16T12:00:00+00:00,51.5000,-3.5000,8.2915
1924-04-16T00:00:00+00:00,53.5000,-5.5000,8.0304
1924-04-16T00:00:00+00:00,53.5000,-4.5000,7.8932
1924-04-16T00:00:00+00:00,53.5000,-3.5000,7.6238
1924-04-16T00:00:00+00:00,52.5000,-6.5000,8.7676
1924-04-16T00:00:00+00:00,52.5000,-5.5000,8.3841
1924-04-16T00:00:00+00:00,52.5000,-4.5000,8.2318
1924-04-16T00:00:00+00:00,51.5000,-6.5000,9.0048
1924-04-16T00:00:00+00:00,51.5000,-5.5000,8.8206
1924-04-16T00:00:00+00:00,51.5000,-4.5000,8.6174
1924-04-16T00:00:00+00:00,51.5000,-3.5000,8.5558
1924-05-16T12:00:00+00:00,53.5000,-5.5000,9.7763
1924-05-16T12:00:00+00:00,53.5000,-4.5000,9.7507
1924-05-16T12:00:00+00:00,53.5000,-3.5000,9.6463
1924-05-16T12:00:00+00:00,52.5000,-6.5000,10.5351
1924-05-16T12:00:00+00:00,52.5000,-5.5000,10.1845
1924-05-16T12:00:00+00:00,52.5000,-4.5000,10.1099
1924-05-16T12:00:00+00:00,51.5000,-6.5000,10.7552
1924-05-16T12:00:00+00:00,51.5000,-5.5000,10.6182
1924-05-16T12:00:00+00:00,51.5000,-4.5000,10.5240
1924-05-16T12:00:00+00:00,51.5000,-3.5000,10.5800
1924-06-16T00:00:00+00:00,53.5000,-5.5000,12.0256
1924-06-16T00:00:00+00:00,53.5000,-4.5000,11.9853
1924-06-16T00:00:00+00:00,53.5000,-3.5000,11.8245
1924-06-16T00:00:00+00:00,52.5000,-6.5000,12.8912
1924-06-16T00:00:00+00:00,52.5000,-5.5000,12.4845
1924-06-16T00:00:00+00:00,52.5000,-4.5000,12.4150
1924-06-16T00:00:00+00:00,51.5000,-6.5000,13.1437
1924-06-16T00:00:00+00:00,51.5000,-5.5000,12.9947
1924-06-16T00:00:00+00:00,51.5000,-4.5000,12.8925
1924-06-16T00:00:00+00:00,51.5000,-3.5000,12.9371
1924-07-16T12:00:00+00:00,53.5000,-5.5000,13.2305
1924-07-16T12:00:00+00:00,53.5000,-4.5000,13.2377
1924-07-16T12:00:00+00:00,53.5000,-3.5000,13.0425
1924-07-16T12:00:00+00:00,52.5000,-6.5000,14.2755
1924-07-16T12:00:00+00:00,52.5000,-5.5000,13.8037
1924-07-16T12:00:00+00:00,52.5000,-4.5000,13.8027
1924-07-16T12:00:00+00:00,51.5000,-6.5000,14.5782
1924-07-16T12:00:00+00:00,51.5000,-5.5000,14.4176
1924-07-16T12:00:00+00:00,51.5000,-4.5000,14.4121
1924-07-16T12:00:00+00:00,51.5000,-3.5000,14.7054
1924-08-16T12:00:00+00:00,53.5000,-5.5000,14.0790
1924-08-16T12:00:00+00:00,53.5000,-4.5000,14.1155
1924-08-16T12:00:00+00:00,53.5000,-3.5000,14.1279
1924-08-16T12:00:00+00:00,52.5000,-6.5000,14.7635
1924-08-16T12:00:00+00:00,52.5000,-5.5000,14.4194
1924-08-16T12:00:00+00:00,52.5000,-4.5000,14.4489
1924-08-16T12:00:00+00:00,51.5000,-6.5000,15.0247
1924-08-16T12:00:00+00:00,51.5000,-5.5000,14.9166
1924-08-16T12:00:00+00:00,51.5000,-4.5000,14.9528
1924-08-16T12:00:00+00:00,51.5000,-3.5000,15.2536
1924-09-16T00:00:00+00:00,53.5000,-5.5000,13.7445
1924-09-16T00:00:00+00:00,53.5000,-4.5000,13.8153
1924-09-16T00:00:00+00:00,53.5000,-3.5000,13.8840
1924-09-16T00:00:00+00:00,52.5000,-6.5000,14.1530
1924-09-16T00:00:00+00:00,52.5000,-5.5000,14.0122
1924-09-16T00:00:00+00:00,52.5000,-4.5000,14.0625
1924-09-16T00:00:00+00:00,51.5000,-6.5000,14.3042
1924-09-16T00:00:00+00:00,51.5000,-5.5000,14.3082
1924-09-16T00:00:00+00:00,51.5000,-4.5000,14.3991
1924-09-16T00:00:00+00:00,51.5000,-3.5000,14.6694
1924-10-16T12:00:00+00:00,53.5000,-5.5000,13.0624
1924-10-16T12:00:00+00:00,53.5000,-4.5000,13.1205
1924-10-16T12:00:00+00:00,53.5000,-3.5000,13.1781
1924-10-16T12:00:00+00:00,52.5000,-6.5000,13.2318
1924-10-16T12:00:00+00:00,52.5000,-5.5000,13.2339
1924-10-16T12:00:00+00:00,52.5000,-4.5000,13.2894
1924-10-16T12:00:00+00:00,51.5000,-6.5000,13.2862
1924-10-16T12:00:00+00:00,51.5000,-5.5000,13.3806
1924-10-16T12:00:00+00:00,51.5000,-4.5000,13.5042
1924-10-16T12:00:00+00:00,51.5000,-3.5000,13.7440
1924-11-16T00:00:00+00:00,53.5000,-5.5000,11.7341
1924-11-16T00:00:00+00:00,53.5000,-4.5000,11.7135
1924-11-16T00:00:00+00:00,53.5000,-3.5000,11.6165
1924-11-16T00:00:00+00:00,52.5000,-6.5000,11.9145
1924-11-16T00:00:00+00:00,52.5000,-5.5000,11.8573
1924-11-16T00:00:00+00:00,52.5000,-4.5000,11.9065
1924-11-16T00:00:00+00:00,51.5000,-6.5000,11.9754
1924-11-16T00:00:00+00:00,51.5000,-5.5000,12.0516
1924-11-16T00:00:00+00:00,51.5000,-4.5000,12.2008
1924-11-16T00:00:00+00:00,51.5000,-3.5000,12.5922
1924-12-16T12:00:00+00:00,53.5000,-5.5000,10.5780
1924-12-16T12:00:00+00:00,53.5000,-4.5000,10.5185
1924-12-16T12:00:00+00:00,53.5000,-3.5000,10.3427
1924-12-16T12:00:00+00:00,52.5000,-6.5000,10.9931
1924-12-16T12:00:00+00:00,52.5000,-5.5000,10.7955
1924-12-16T12:00:00+00:00,52.5000,-4.5000,10.7846
1924-12-16T12:00:00+00:00,51.5000,-6.5000,11.1113
1924-12-16T12:00:00+00:00,51.5000,-5.5000,11.0872
1924-12-16T12:00:00+00:00,51.5000,-4.5000,11.1496
1924-12-16T12:00:00+00:00,51.5000,-3.5000,11.5279
1925-01-16T12:00:00+00:00,53.5000,-5.5000,9.8361
1925-01-16T12:00:00+00:00,53.5000,-4.5000,9.7440
1925-01-16T12:00:00+00:00,53.5000,-3.5000,9.4938
1925-01-16T12:00:00+00:00,52.5000,-6.5000,10.5599
1925-01-16T12:00:00+00:00,52.5000,-5.5000,10.2037
1925-01-16T12:00:00+00:00,52.5000,-4.5000,10.0965
1925-01-16T12:00:00+00:00,51.5000,-6.5000,10.7363
1925-01-16T12:00:00+00:00,51.5000,-5.5000,10.5805
1925-01-16T12:00:00+00:00,51.5000,-4.5000,10.4813
1925-01-16T12:00:00+00:00,51.5000,-3.5000,10.7048
1925-02-15T00:00:00+00:00,53.5000,-5.5000,8.5228
1925-02-15T00:00:00+00:00,53.5000,-4.5000,8.4983
1925-02-15T00:00:00+00:00,53.5000,-3.5000,8.2492
1925-02-15T00:00:00+00:00,52.5000,-6.5000,9.4953
1925-02-15T00:00:00+00:00,52.5000,-5.5000,9.0521
1925-02-15T00:00:00+00:00,52.5000,-4.5000,8.9806
1925-02-15T00:00:00+00:00,51.5000,-6.5000,9.7261
1925-02-15T00:00:00+00:00,51.5000,-5.5000,9.5093
1925-02-15T00:00:00+00:00,51.5000,-4.5000,9.4686
1925-02-15T00:00:00+00:00,51.5000,-3.5000,9.9244
1925-03-16T12:00:00+00:00,53.5000,-5.5000,7.7459
1925-03-16T12:00:00+00:00,53.5000,-4.5000,7.6963
1925-03-16T12:00:00+00:00,53.5000,-3.5000,7.4040
1925-03-16T12:00:00+00:00,52.5000,-6.5000,8.7618
1925-03-16T12:00:00+00:00,52.5000,-5.5000,8.3072
1925-03-16T12:00:00+00:00,52.5000,-4.5000,8.2044
1925-03-16T12:00:00+00:00,51.5000,-6.5000,9.0182
1925-03-16T12:00:00+00:00,51.5000,-5.5000,8.7874
1925-03-16T12:00:00+00:00,51.5000,-4.5000,8.6810
1925-03-16T12:00:00+00:00,51.5000,-3.5000,8.9847
1925-04-16T00:00:00+00:00,53.5000,-5.5000,8.3995
1925-04-16T00:00:00+00:00,53.5000,-4.5000,8.4134
1925-04-16T00:00:00+00:00,53.5000,-3.5000,8.3035
1925-04-16T00:00:00+00:00,52.5000,-6.5000,9.2241
1925-04-16T00:00:00+00:00,52.5000,-5.5000,8.8405
1925-04-16T00:00:00+00:00,52.5000,-4.5000,8.7915
1925-04-16T00:00:00+00:00,51.5000,-6.5000,9.4612
1925-04-16T00:00:00+00:00,51.5000,-5.5000,9.2770
1925-04-16T00:00:00+00:00,51.5000,-4.5000,9.2288
1925-04-16T00:00:00+00:00,51.5000,-3.5000,9.5288
1925-05-16T12:00:00+00:00,53.5000,-5.5000,9.6929
1925-05-16T12:00:00+00:00,53.5000,-4.5000,9.7362
1925-05-16T12:00:00+00:00,53.5000,-3.5000,9.7876
1925-05-16T12:00:00+00:00,52.5000,-6.5000,10.3579
1925-05-16T12:00:00+00:00,52.5000,-5.5000,10.0073
1925-05-16T12:00:00+00:00,52.5000,-4.5000,10.0049
1925-05-16T12:00:00+00:00,51.5000,-6.5000,10.5780
1925-05-16T12:00:00+00:00,51.5000,-5.5000,10.4410
1925-05-16T12:00:00+00:00,51.5000,-4.5000,10.4551
1925-05-16T12:00:00+00:00,51.5000,-3.5000,10.7639
1925-06-16T00:00:00+00:00,53.5000,-5.5000,12.4028
1925-06-16T00:00:00+00:00,53.5000,-4.5000,12.4751
1925-06-16T00:00:00+00:00,53.5000,-3.5000,12.3841
1925-06-16T00:00:00+00:00,52.5000,-6.5000,13.3857
1925-06-16T00:00:00+00:00,52.5000,-5.5000,12.9790
1925-06-16T00:00:00+00:00,52.5000,-4.5000,12.9849
1925-06-16T00:00:00+00:00,51.5000,-6.5000,13.6381
1925-06-16T00:00:00+00:00,51.5000,-5.5000,13.4892
1925-06-16T00:00:00+00:00,51.5000,-4.5000,13.5002
1925-06-16T00:00:00+00:00,51.5000,-3.5000,13.8092
1925-07-16T12:00:00+00:00,53.5000,-5.5000,13.9454
1925-07-16T12:00:00+00:00,53.5000,-4.5000,14.0165
1925-07-16T12:00:00+00:00,53.5000,-3.5000,13.8978
1925-07-16T12:00:00+00:00,52.5000,-6.5000,15.1333
1925-07-16T12:00:00+00:00,52.5000,-5.5000,14.6615
1925-07-16T12:00:00+00:00,52.5000,-4.5000,14.6467
1925-07-16T12:00:00+00:00,51.5000,-6.5000,15.4360
1925-07-16T12:00:00+00:00,51.5000,-5.5000,15.2755
1925-07-16T12:00:00+00:00,51.5000,-4.5000,15.2491
1925-07-16T12:00:00+00:00,51.5000,-3.5000,15.4940
1925-08-16T12:00:00+00:00,53.5000,-5.5000,14.6533
1925-08-16T12:00:00+00:00,53.5000,-4.5000,14.7348
1925-08-16T12:00:00+00:00,53.5000,-3.5000,14.7246
1925-08-16T12:00:00+00:00,52.5000,-6.5000,15.5037
1925-08-16T12:00:00+00:00,52.5000,-5.5000,15.1596
1925-08-16T12:00:00+00:00,52.5000,-4.5000,15.1851
1925-08-16T12:00:00+00:00,51.5000,-6.5000,15.7649
1925-08-16T12:00:00+00:00,51.5000,-5.5000,15.6567
1925-08-16T12:00:00+00:00,51.5000,-4.5000,15.6869
1925-08-16T12:00:00+00:00,51.5000,-3.5000,15.9737
1925-09-16T00:00:00+00:00,53.5000,-5.5000,13.7616
1925-09-16T00:00:00+00:00,53.5000,-4.5000,13.8207
1925-09-16T00:00:00+00:00,53.5000,-3.5000,13.7955
1925-09-16T00:00:00+00:00,52.5000,-6.5000,14.2064
1925-09-16T00:00:00+00:00,52.5000,-5.5000,14.0657
1925-09-16T00:00:00+00:00,52.5000,-4.5000,14.1272
1925-09-16T00:00:00+00:00,51.5000,-6.5000,14.3577
1925-09-16T00:00:00+00:00,51.5000,-5.5000,14.3617
1925-09-16T00:00:00+00:00,51.5000,-4.5000,14.4696
1925-09-16T00:00:00+00:00,51.5000,-3.5000,14.7794
1925-10-16T12:00:00+00:00,53.5000,-5.5000,13.4306
1925-10-16T12:00:00+00:00,53.5000,-4.5000,13.4115
1925-10-16T12:00:00+00:00,53.5000,-3.5000,13.2968
1925-10-16T12:00:00+00:00,52.5000,-6.5000,13.5690
1925-10-16T12:00:00+00:00,52.5000,-5.5000,13.5711
1925-10-16T12:00:00+00:00,52.5000,-4.5000,13.6124
1925-10-16T12:00:00+00:00,51.5000,-6.5000,13.6234
1925-10-16T12:00:00+00:00,51.5000,-5.5000,13.7178
1925-10-16T12:00:00+00:00,51.5000,-4.5000,13.8202
1925-10-16T12:00:00+00:00,51.5000,-3.5000,14.0105
1925-11-16T00:00:00+00:00,53.5000,-5.5000,11.3497
1925-11-16T00:00:00+00:00,53.5000,-4.5000,11.3081
1925-11-16T00:00:00+00:00,53.5000,-3.5000,11.1819
1925-11-16T00:00:00+00:00,52.5000,-6.5000,11.5566
1925-11-16T00:00:00+00:00,52.5000,-5.5000,11.4994
1925-11-16T00:00:00+00:00,52.5000,-4.5000,11.5183
1925-11-16T00:00:00+00:00,51.5000,-6.5000,11.6175
1925-11-16T00:00:00+00:00,51.5000,-5.5000,11.6938
1925-11-16T00:00:00+00:00,51.5000,-4.5000,11.7975
1925-11-16T00:00:00+00:00,51.5000,-3.5000,12.0830
1925-12-16T12:00:00+00:00,53.5000,-5.5000,9.7855
1925-12-16T12:00:00+00:00,53.5000,-4.5000,9.6719
1925-12-16T12:00:00+00:00,53.5000,-3.5000,9.4481
1925-12-16T12:00:00+00:00,52.5000,-6.5000,10.1685
1925-12-16T12:00:00+00:00,52.5000,-5.5000,9.9709
1925-12-16T12:00:00+00:00,52.5000,-4.5000,9.9189
1925-12-16T12:00:00+00:00,51.5000,-6.5000,10.2867
1925-12-16T12:00:00+00:00,51.5000,-5.5000,10.2625
1925-12-16T12:00:00+00:00,51.5000,-4.5000,10.2634
1925-12-16T12:00:00+00:00,51.5000,-3.5000,10.4981
1926-01-16T12:00:00+00:00,53.5000,-5.5000,9.0904
1926-01-16T12:00:00+00:00,53.5000,-4.5000,8.9351
1926-01-16T12:00:00+00:00,53.5000,-3.5000,8.6022
1926-01-16T12:00:00+00:00,52.5000,-6.5000,9.7810
1926-01-16T12:00:00+00:00,52.5000,-5.5000,9.4248
1926-01-16T12:00:00+00:00,52.5000,-4.5000,9.2807
1926-01-16T12:00:00+00:00,51.5000,-6.5000,9.9573
1926-01-16T12:00:00+00:00,51.5000,-5.5000,9.8016
1926-01-16T12:00:00+00:00,51.5000,-4.5000,9.6470
1926-01-16T12:00:00+00:00,51.5000,-3.5000,9.7413
1926-02-15T00:00:00+00:00,53.5000,-5.5000,8.3516
1926-02-15T00:00:00+00:00,53.5000,-4.5000,8.3416
1926-02-15T00:00:00+00:00,53.5000,-3.5000,8.2533
1926-02-15T00:00:00+00:00,52.5000,-6.5000,9.0998
1926-02-15T00:00:00+00:00,52.5000,-5.5000,8.6567
1926-02-15T00:00:00+00:00,52.5000,-4.5000,8.6387
1926-02-15T00:00:00+00:00,51.5000,-6.5000,9.3307
1926-02-15T00:00:00+00:00,51.5000,-5.5000,9.1139
1926-02-15T00:00:00+00:00,51.5000,-4.5000,9.1534
1926-02-15T00:00:00+00:00,51.5000,-3.5000,9.7964
1926-03-16T12:00:00+00:00,53.5000,-5.5000,8.4466
1926-03-16T12:00:00+00:00,53.5000,-4.5000,8.3478
1926-03-16T12:00:00+00:00,53.5000,-3.5000,7.9825
1926-03-16T12:00:00+00:00,52.5000,-6.5000,9.3897
1926-03-16T12:00:00+00:00,52.5000,-5.5000,8.9352
1926-03-16T12:00:00+00:00,52.5000,-4.5000,8.8314
1926-03-16T12:00:00+00:00,51.5000,-6.5000,9.6461
1926-03-16T12:00:00+00:00,51.5000,-5.5000,9.4153
1926-03-16T12:00:00+00:00,51.5000,-4.5000,9.3075
1926-03-16T12:00:00+00:00,51.5000,-3.5000,9.6079
1926-04-16T00:00:00+00:00,53.5000,-5.5000,9.2190
1926-04-16T00:00:00+00:00,53.5000,-4.5000,9.1557
1926-04-16T00:00:00+00:00,53.5000,-3.5000,8.9514
1926-04-16T00:00:00+00:00,52.5000,-6.5000,9.9820
1926-04-16T00:00:00+00:00,52.5000,-5.5000,9.5985
1926-04-16T00:00:00+00:00,52.5000,-4.5000,9.5117
1926-04-16T00:00:00+00:00,51.5000,-6.5000,10.2192
1926-04-16T00:00:00+00:00,51.5000,-5.5000,10.0350
1926-04-16T00:00:00+00:00,51.5000,-4.5000,9.9301
1926-04-16T00:00:00+00:00,51.5000,-3.5000,10.0980
1926-05-16T12:00:00+00:00,53.5000,-5.5000,10.2752
1926-05-16T12:00:00+00:00,53.5000,-4.5000,10.2583
1926-05-16T12:00:00+00:00,53.5000,-3.5000,10.1272
1926-05-16T12:00:00+00:00,52.5000,-6.5000,11.0235
1926-05-16T12:00:00+00:00,52.5000,-5.5000,10.6730
1926-05-16T12:00:00+00:00,52.5000,-4.5000,10.6300
1926-05-16T12:00:00+00:00,51.5000,-6.5000,11.2436
1926-05-16T12:00:00+00:00,51.5000,-5.5000,11.1067
1926-05-16T12:00:00+00:00,51.5000,-4.5000,11.0599
1926-05-16T12:00:00+00:00,51.5000,-3.5000,11.2265
1926-06-16T00:00:00+00:00,53.5000,-5.5000,12.1089
1926-06-16T00:00:00+00:00,53.5000,-4.5000,12.1344
1926-06-16T00:00:00+00:00,53.5000,-3.5000,12.0620
1926-06-16T00:00:00+00:00,52.5000,-6.5000,12.9682
1926-06-16T00:00:00+00:00,52.5000,-5.5000,12.5614
1926-06-16T00:00:00+00:00,52.5000,-4.5000,12.5499
1926-06-16T00:00:00+00:00,51.5000,-6.5000,13.2206
1926-06-16T00:00:00+00:00,51.5000,-5.5000,13.0717
1926-06-16T00:00:00+00:00,51.5000,-4.5000,13.0564
1926-06-16T00:00:00+00:00,51.5000,-3.5000,13.3039
1926-07-16T12:00:00+00:00,53.5000,-5.5000,14.6549
1926-07-16T12:00:00+00:00,53.5000,-4.5000,14.5745
1926-07-16T12:00:00+00:00,53.5000,-3.5000,14.2737
1926-07-16T12:00:00+00:00,52.5000,-6.5000,15.7716
1926-07-16T12:00:00+00:00,52.5000,-5.5000,15.2998
1926-07-16T12:00:00+00:00,52.5000,-4.5000,15.1843
1926-07-16T12:00:00+00:00,51.5000,-6.5000,16.0743
1926-07-16T12:00:00+00:00,51.5000,-5.5000,15.9137
1926-07-16T12:00:00+00:00,51.5000,-4.5000,15.7365
1926-07-16T12:00:00+00:00,51.5000,-3.5000,15.6291
1926-08-16T12:00:00+00:00,53.5000,-5.5000,15.4622
1926-08-16T12:00:00+00:00,53.5000,-4.5000,15.4590
1926-08-16T12:00:00+00:00,53.5000,-3.5000,15.2802
1926-08-16T12:00:00+00:00,52.5000,-6.5000,16.3162
1926-08-16T12:00:00+00:00,52.5000,-5.5000,15.9721
1926-08-16T12:00:00+00:00,52.5000,-4.5000,15.9530
1926-08-16T12:00:00+00:00,51.5000,-6.5000,16.5774
1926-08-16T12:00:00+00:00,51.5000,-5.5000,16.4693
1926-08-16T12:00:00+00:00,51.5000,-4.5000,16.4325
1926-08-16T12:00:00+00:00,51.5000,-3.5000,16.5628
1926-09-16T00:00:00+00:00,53.5000,-5.5000,15.4341
1926-09-16T00:00:00+00:00,53.5000,-4.5000,15.4700
1926-09-16T00:00:00+00:00,53.5000,-3.5000,15.3429
1926-09-16T00:00:00+00:00,52.5000,-6.5000,15.9591
1926-09-16T00:00:00+00:00,52.5000,-5.5000,15.8183
1926-09-16T00:00:00+00:00,52.5000,-4.5000,15.8559
1926-09-16T00:00:00+00:00,51.5000,-6.5000,16.1103
1926-09-16T00:00:00+00:00,51.5000,-5.5000,16.1143
1926-09-16T00:00:00+00:00,51.5000,-4.5000,16.1862
1926-09-16T00:00:00+00:00,51.5000,-3.5000,16.4123
1926-10-16T12:00:00+00:00,53.5000,-5.5000,14.1188
1926-10-16T12:00:00+00:00,53.5000,-4.5000,14.1089
1926-10-16T12:00:00+00:00,53.5000,-3.5000,13.9889
1926-10-16T12:00:00+00:00,52.5000,-6.5000,14.2963
1926-10-16T12:00:00+00:00,52.5000,-5.5000,14.2984
1926-10-16T12:00:00+00:00,52.5000,-4.5000,14.3367
1926-10-16T12:00:00+00:00,51.5000,-6.5000,14.3507
1926-10-16T12:00:00+00:00,51.5000,-5.5000,14.4451
1926-10-16T12:00:00+00:00,51.5000,-4.5000,14.5430
1926-10-16T12:00:00+00:00,51.5000,-3.5000,14.7227
1926-11-16T00:00:00+00:00,53.5000,-5.5000,11.3870
1926-11-16T00:00:00+00:00,53.5000,-4.5000,11.3851
1926-11-16T00:00:00+00:00,53.5000,-3.5000,11.3550
1926-11-16T00:00:00+00:00,52.5000,-6.5000,11.5627
1926-11-16T00:00:00+00:00,52.5000,-5.5000,11.5055
1926-11-16T00:00:00+00:00,52.5000,-4.5000,11.5515
1926-11-16T00:00:00+00:00,51.5000,-6.5000,11.6236
1926-11-16T00:00:00+00:00,51.5000,-5.5000,11.6998
1926-11-16T00:00:00+00:00,51.5000,-4.5000,11.8442
1926-11-16T00:00:00+00:00,51.5000,-3.5000,12.2246
1926-12-16T12:00:00+00:00,53.5000,-5.5000,10.1517
1926-12-16T12:00:00+00:00,53.5000,-4.5000,10.0602
1926-12-16T12:00:00+00:00,53.5000,-3.5000,9.8593
1926-12-16T12:00:00+00:00,52.5000,-6.5000,10.5490
1926-12-16T12:00:00+00:00,52.5000,-5.5000,10.3515
1926-12-16T12:00:00+00:00,52.5000,-4.5000,10.3140
1926-12-16T12:00:00+00:00,51.5000,-6.5000,10.6672
1926-12-16T12:00:00+00:00,51.5000,-5.5000,10.6431
1926-12-16T12:00:00+00:00,51.5000,-4.5000,10.6659
1926-12-16T12:00:00+00:00,51.5000,-3.5000,10.9516
1927-01-16T12:00:00+00:00,53.5000,-5.5000,9.3074
1927-01-16T12:00:00+00:00,53.5000,-4.5000,9.2141
1927-01-16T12:00:00+00:00,53.5000,-3.5000,8.9767
1927-01-16T12:00:00+00:00,52.5000,-6.5000,9.9960
1927-01-16T12:00:00+00:00,52.5000,-5.5000,9.6398
1927-01-16T12:00:00+00:00,52.5000,-4.5000,9.5418
1927-01-16T12:00:00+00:00,51.5000,-6.5000,10.1723
1927-01-16T12:00:00+00:00,51.5000,-5.5000,10.0166
1927-01-16T12:00:00+00:00,51.5000,-4.5000,9.9312
1927-01-16T12:00:00+00:00,51.5000,-3.5000,10.1870
1927-02-15T00:00:00+00:00,53.5000,-5.5000,8.4269
1927-02-15T00:00:00+00:00,53.5000,-4.5000,8.2745
1927-02-15T00:00:00+00:00,53.5000,-3.5000,8.0491
1927-02-15T00:00:00+00:00,52.5000,-6.5000,9.0901
1927-02-15T00:00:00+00:00,52.5000,-5.5000,8.6469
1927-02-15T00:00:00+00:00,52.5000,-4.5000,8.5265
1927-02-15T00:00:00+00:00,51.5000,-6.5000,9.3209
1927-02-15T00:00:00+00:00,51.5000,-5.5000,9.1041
1927-02-15T00:00:00+00:00,51.5000,-4.5000,8.9899
1927-02-15T00:00:00+00:00,51.5000,-3.5000,9.2745
1927-03-16T12:00:00+00:00,53.5000,-5.5000,8.3522
1927-03-16T12:00:00+00:00,53.5000,-4.5000,8.2668
1927-03-16T12:00:00+00:00,53.5000,-3.5000,8.0622
1927-03-16T12:00:00+00:00,52.5000,-6.5000,9.1812
1927-03-16T12:00:00+00:00,52.5000,-5.5000,8.7266
1927-03-16T12:00:00+00:00,52.5000,-4.5000,8.6195
1927-03-16T12:00:00+00:00,51.5000,-6.5000,9.4375
1927-03-16T12:00:00+00:00,51.5000,-5.5000,9.2067
1927-03-16T12:00:00+00:00,51.5000,-4.5000,9.0940
1927-03-16T12:00:00+00:00,51.5000,-3.5000,9.3829
1927-04-16T00:00:00+00:00,53.5000,-5.5000,9.0430
1927-04-16T00:00:00+00:00,53.5000,-4.5000,9.0200
1927-04-16T00:00:00+00:00,53.5000,-3.5000,8.8590
1927-04-16T00:00:00+00:00,52.5000,-6.5000,9.8414
1927-04-16T00:00:00+00:00,52.5000,-5.5000,9.4579
1927-04-16T00:00:00+00:00,52.5000,-4.5000,9.3920
1927-04-16T00:00:00+00:00,51.5000,-6.5000,10.0786
1927-04-16T00:00:00+00:00,51.5000,-5.5000,9.8944
1927-04-16T00:00:00+00:00,51.5000,-4.5000,9.8208
1927-04-16T00:00:00+00:00,51.5000,-3.5000,10.0617
1927-05-16T12:00:00+00:00,53.5000,-5.5000,10.2759
1927-05-16T12:00:00+00:00,53.5000,-4.5000,10.3015
1927-05-16T12:00:00+00:00,53.5000,-3.5000,10.0694
1927-05-16T12:00:00+00:00,52.5000,-6.5000,11.1963
1927-05-16T12:00:00+00:00,52.5000,-5.5000,10.8458
1927-05-16T12:00:00+00:00,52.5000,-4.5000,10.8310
1927-05-16T12:00:00+00:00,51.5000,-6.5000,11.4164
1927-05-16T12:00:00+00:00,51.5000,-5.5000,11.2795
1927-05-16T12:00:00+00:00,51.5000,-4.5000,11.2750
1927-05-16T12:00:00+00:00,51.5000,-3.5000,11.5404
1927-06-16T00:00:00+00:00,53.5000,-5.5000,12.0950
1927-06-16T00:00:00+00:00,53.5000,-4.5000,12.0562
1927-06-16T00:00:00+00:00,53.5000,-3.5000,11.7702
1927-06-16T00:00:00+00:00,52.5000,-6.5000,13.0964
1927-06-16T00:00:00+00:00,52.5000,-5.5000,12.6897
1927-06-16T00:00:00+00:00,52.5000,-4.5000,12.6172
1927-06-16T00:00:00+00:00,51.5000,-6.5000,13.3488
1927-06-16T00:00:00+00:00,51.5000,-5.5000,13.1999
1927-06-16T00:00:00+00:00,51.5000,-4.5000,13.0933
1927-06-16T00:00:00+00:00,51.5000,-3.5000,13.1275
1927-07-16T12:00:00+00:00,53.5000,-5.5000,13.5709
1927-07-16T12:00:00+00:00,53.5000,-4.5000,13.6221
1927-07-16T12:00:00+00:00,53.5000,-3.5000,13.6245
1927-07-16T12:00:00+00:00,52.5000,-6.5000,14.5726
1927-07-16T12:00:00+00:00,52.5000,-5.5000,14.1008
1927-07-16T12:00:00+00:00,52.5000,-4.5000,14.0887
1927-07-16T12:00:00+00:00,51.5000,-6.5000,14.8753
1927-07-16T12:00:00+00:00,51.5000,-5.5000,14.7147
1927-07-16T12:00:00+00:00,51.5000,-4.5000,14.6926
1927-07-16T12:00:00+00:00,51.5000,-3.5000,14.9472
1927-08-16T12:00:00+00:00,53.5000,-5.5000,14.8246
1927-08-16T12:00:00+00:00,53.5000,-4.5000,14.8145
1927-08-16T12:00:00+00:00,53.5000,-3.5000,14.7448
1927-08-16T12:00:00+00:00,52.5000,-6.5000,15.5332
1927-08-16T12:00:00+00:00,52.5000,-5.5000,15.1892
1927-08-16T12:00:00+00:00,52.5000,-4.5000,15.1779
1927-08-16T12:00:00+00:00,51.5000,-6.5000,15.7944
1927-08-16T12:00:00+00:00,51.5000,-5.5000,15.6863
1927-08-16T12:00:00+00:00,51.5000,-4.5000,15.6613
1927-08-16T12:00:00+00:00,51.5000,-3.5000,15.8192
1927-09-16T00:00:00+00:00,53.5000,-5.5000,13.9954
1927-09-16T00:00:00+00:00,53.5000,-4.5000,14.0852
1927-09-16T00:00:00+00:00,53.5000,-3.5000,14.2341
1927-09-16T00:00:00+00:00,52.5000,-6.5000,14.2945
1927-09-16T00:00:00+00:00,52.5000,-5.5000,14.1537
1927-09-16T00:00:00+00:00,52.5000,-4.5000,14.2471
1927-09-16T00:00:00+00:00,51.5000,-6.5000,14.4457
1927-09-16T00:00:00+00:00,51.5000,-5.5000,14.4497
1927-09-16T00:00:00+00:00,51.5000,-4.5000,14.6054
1927-09-16T00:00:00+00:00,51.5000,-3.5000,15.0267
1927-10-16T12:00:00+00:00,53.5000,-5.5000,13.3162
1927-10-16T12:00:00+00:00,53.5000,-4.5000,13.3472
1927-10-16T12:00:00+00:00,53.5000,-3.5000,13.3154
1927-10-16T12:00:00+00:00,52.5000,-6.5000,13.4605
1927-10-16T12:00:00+00:00,52.5000,-5.5000,13.4625
1927-10-16T12:00:00+00:00,52.5000,-4.5000,13.5347
1927-10-16T12:00:00+00:00,51.5000,-6.5000,13.5148
1927-10-16T12:00:00+00:00,51.5000,-5.5000,13.6092
1927-10-16T12:00:00+00:00,51.5000,-4.5000,13.7579
1927-10-16T12:00:00+00:00,51.5000,-3.5000,14.0560
1927-11-16T00:00:00+00:00,53.5000,-5.5000,11.3825
1927-11-16T00:00:00+00:00,53.5000,-4.5000,11.4017
1927-11-16T00:00:00+00:00,53.5000,-3.5000,11.3536
1927-11-16T00:00:00+00:00,52.5000,-6.5000,11.5764
1927-11-16T00:00:00+00:00,52.5000,-5.5000,11.5192
1927-11-16T00:00:00+00:00,52.5000,-4.5000,11.5968
1927-11-16T00:00:00+00:00,51.5000,-6.5000,11.6373
1927-11-16T00:00:00+00:00,51.5000,-5.5000,11.7135
1927-11-16T00:00:00+00:00,51.5000,-4.5000,11.9054
1927-11-16T00:00:00+00:00,51.5000,-3.5000,12.3965
1927-12-16T12:00:00+00:00,53.5000,-5.5000,9.9956
1927-12-16T12:00:00+00:00,53.5000,-4.5000,9.8976
1927-12-16T12:00:00+00:00,53.5000,-3.5000,9.6010
1927-12-16T12:00:00+00:00,52.5000,-6.5000,10.5259
1927-12-16T12:00:00+00:00,52.5000,-5.5000,10.3283
1927-12-16T12:00:00+00:00,52.5000,-4.5000,10.2625
1927-12-16T12:00:00+00:00,51.5000,-6.5000,10.6441
1927-12-16T12:00:00+00:00,51.5000,-5.5000,10.6200
1927-12-16T12:00:00+00:00,51.5000,-4.5000,10.6001
1927-12-16T12:00:00+00:00,51.5000,-3.5000,10.7863
1928-01-16T12:00:00+00:00,53.5000,-5.5000,8.9250
1928-01-16T12:00:00+00:00,53.5000,-4.5000,8.8200
1928-01-16T12:00:00+00:00,53.5000,-3.5000,8.4887
1928-01-16T12:00:00+00:00,52.5000,-6.5000,9.6971
1928-01-16T12:00:00+00:00,52.5000,-5.5000,9.3409
1928-01-16T12:00:00+00:00,52.5000,-4.5000,9.2306
1928-01-16T12:00:00+00:00,51.5000,-6.5000,9.8735
1928-01-16T12:00:00+00:00,51.5000,-5.5000,9.7178
1928-01-16T12:00:00+00:00,51.5000,-4.5000,9.6139
1928-01-16T12:00:00+00:00,51.5000,-3.5000,9.8265
1928-02-15T12:00:00+00:00,53.5000,-5.5000,8.3624
1928-02-15T12:00:00+00:00,53.5000,-4.5000,8.2543
1928-02-15T12:00:00+00:00,53.5000,-3.5000,7.9218
1928-02-15T12:00:00+00:00,52.5000,-6.5000,9.2376
1928-02-15T12:00:00+00:00,52.5000,-5.5000,8.7945
1928-02-15T12:00:00+00:00,52.5000,-4.5000,8.6879
1928-02-15T12:00:00+00:00,51.5000,-6.5000,9.4685
1928-02-15T12:00:00+00:00,51.5000,-5.5000,9.2517
1928-02-15T12:00:00+00:00,51.5000,-4.5000,9.1583
1928-02-15T12:00:00+00:00,51.5000,-3.5000,9.4915
1928-03-16T12:00:00+00:00,53.5000,-5.5000,8.1077
1928-03-16T12:00:00+00:00,53.5000,-4.5000,8.0145
1928-03-16T12:00:00+00:00,53.5000,-3.5000,7.8085
1928-03-16T12:00:00+00:00,52.5000,-6.5000,8.8419
1928-03-16T12:00:00+00:00,52.5000,-5.5000,8.3873
1928-03-16T12:00:00+00:00,52.5000,-4.5000,8.3167
1928-03-16T12:00:00+00:00,51.5000,-6.5000,9.0983
1928-03-16T12:00:00+00:00,51.5000,-5.5000,8.8675
1928-03-16T12:00:00+00:00,51.5000,-4.5000,8.8093
1928-03-16T12:00:00+00:00,51.5000,-3.5000,9.2256
1928-04-16T00:00:00+00:00,53.5000,-5.5000,8.7094
1928-04-16T00:00:00+00:00,53.5000,-4.5000,8.6657
1928-04-16T00:00:00+00:00,53.5000,-3.5000,8.4564
1928-04-16T00:00:00+00:00,52.5000,-6.5000,9.4489
1928-04-16T00:00:00+00:00,52.5000,-5.5000,9.0654
1928-04-16T00:00:00+00:00,52.5000,-4.5000,9.0223
1928-04-16T00:00:00+00:00,51.5000,-6.5000,9.6861
1928-04-16T00:00:00+00:00,51.5000,-5.5000,9.5018
1928-04-16T00:00:00+00:00,51.5000,-4.5000,9.4625
1928-04-16T00:00:00+00:00,51.5000,-3.5000,9.7832
1928-05-16T12:00:00+00:00,53.5000,-5.5000,9.9568
1928-05-16T12:00:00+00:00,53.5000,-4.5000,9.9829
1928-05-16T12:00:00+00:00,53.5000,-3.5000,9.9462
1928-05-16T12:00:00+00:00,52.5000,-6.5000,10.6590
1928-05-16T12:00:00+00:00,52.5000,-5.5000,10.3084
1928-05-16T12:00:00+00:00,52.5000,-4.5000,10.3058
1928-05-16T12:00:00+00:00,51.5000,-6.5000,10.8791
1928-05-16T12:00:00+00:00,51.5000,-5.5000,10.7421
1928-05-16T12:00:00+00:00,51.5000,-4.5000,10.7559
1928-05-16T12:00:00+00:00,51.5000,-3.5000,11.0638
1928-06-16T00:00:00+00:00,53.5000,-5.5000,12.0325
1928-06-16T00:00:00+00:00,53.5000,-4.5000,12.0102
1928-06-16T00:00:00+00:00,53.5000,-3.5000,11.8825
1928-06-16T00:00:00+00:00,52.5000,-6.5000,12.8911
1928-06-16T00:00:00+00:00,52.5000,-5.5000,12.4843
1928-06-16T00:00:00+00:00,52.5000,-4.5000,12.4289
1928-06-16T00:00:00+00:00,51.5000,-6.5000,13.1435
1928-06-16T00:00:00+00:00,51.5000,-5.5000,12.9945
1928-06-16T00:00:00+00:00,51.5000,-4.5000,12.9135
1928-06-16T00:00:00+00:00,51.5000,-3.5000,13.0076
1928-07-16T12:00:00+00:00,53.5000,-5.5000,13.4227
1928-07-16T12:00:00+00:00,53.5000,-4.5000,13.4749
1928-07-16T12:00:00+00:00,53.5000,-3.5000,13.4458
1928-07-16T12:00:00+00:00,52.5000,-6.5000,14.4320
1928-07-16T12:00:00+00:00,52.5000,-5.5000,13.9602
1928-07-16T12:00:00+00:00,52.5000,-4.5000,13.9616
1928-07-16T12:00:00+00:00,51.5000,-6.5000,14.7347
1928-07-16T12:00:00+00:00,51.5000,-5.5000,14.5741
1928-07-16T12:00:00+00:00,51.5000,-4.5000,14.5722
1928-07-16T12:00:00+00:00,51.5000,-3.5000,14.8740
1928-08-16T12:00:00+00:00,53.5000,-5.5000,14.9473
1928-08-16T12:00:00+00:00,53.5000,-4.5000,14.9015
1928-08-16T12:00:00+00:00,53.5000,-3.5000,14.6169
1928-08-16T12:00:00+00:00,52.5000,-6.5000,15.8426
1928-08-16T12:00:00+00:00,52.5000,-5.5000,15.4985
1928-08-16T12:00:00+00:00,52.5000,-4.5000,15.4479
1928-08-16T12:00:00+00:00,51.5000,-6.5000,16.1038
1928-08-16T12:00:00+00:00,51.5000,-5.5000,15.9957
1928-08-16T12:00:00+00:00,51.5000,-4.5000,15.9116
1928-08-16T12:00:00+00:00,51.5000,-3.5000,15.9318
1928-09-16T00:00:00+00:00,53.5000,-5.5000,14.8136
1928-09-16T00:00:00+00:00,53.5000,-4.5000,14.8489
1928-09-16T00:00:00+00:00,53.5000,-3.5000,14.8568
1928-09-16T00:00:00+00:00,52.5000,-6.5000,15.2104
1928-09-16T00:00:00+00:00,52.5000,-5.5000,15.0697
1928-09-16T00:00:00+00:00,52.5000,-4.5000,15.1028
1928-09-16T00:00:00+00:00,51.5000,-6.5000,15.3617
1928-09-16T00:00:00+00:00,51.5000,-5.5000,15.3657
1928-09-16T00:00:00+00:00,51.5000,-4.5000,15.4310
1928-09-16T00:00:00+00:00,51.5000,-3.5000,15.6416
1928-10-16T12:00:00+00:00,53.5000,-5.5000,13.8830
1928-10-16T12:00:00+00:00,53.5000,-4.5000,13.8996
1928-10-16T12:00:00+00:00,53.5000,-3.5000,13.8737
1928-10-16T12:00:00+00:00,52.5000,-6.5000,13.9996
1928-10-16T12:00:00+00:00,52.5000,-5.5000,14.0017
1928-10-16T12:00:00+00:00,52.5000,-4.5000,14.0631
1928-10-16T12:00:00+00:00,51.5000,-6.5000,14.0540
1928-10-16T12:00:00+00:00,51.5000,-5.5000,14.1484
1928-10-16T12:00:00+00:00,51.5000,-4.5000,14.2810
1928-10-16T12:00:00+00:00,51.5000,-3.5000,14.5418
1928-11-16T00:00:00+00:00,53.5000,-5.5000,11.9512
1928-11-16T00:00:00+00:00,53.5000,-4.5000,11.9695
1928-11-16T00:00:00+00:00,53.5000,-3.5000,11.9545
1928-11-16T00:00:00+00:00,52.5000,-6.5000,12.1349
1928-11-16T00:00:00+00:00,52.5000,-5.5000,12.0777
1928-11-16T00:00:00+00:00,52.5000,-4.5000,12.1425
1928-11-16T00:00:00+00:00,51.5000,-6.5000,12.1958
1928-11-16T00:00:00+00:00,51.5000,-5.5000,12.2720
1928-11-16T00:00:00+00:00,51.5000,-4.5000,12.4447
1928-11-16T00:00:00+00:00,51.5000,-3.5000,12.8910
1928-12-16T12:00:00+00:00,53.5000,-5.5000,10.3488
1928-12-16T12:00:00+00:00,53.5000,-4.5000,10.2678
1928-12-16T12:00:00+00:00,53.5000,-3.5000,10.0579
1928-12-16T12:00:00+00:00,52.5000,-6.5000,10.7806
1928-12-16T12:00:00+00:00,52.5000,-5.5000,10.5830
1928-12-16T12:00:00+00:00,52.5000,-4.5000,10.5484
1928-12-16T12:00:00+00:00,51.5000,-6.5000,10.8988
1928-12-16T12:00:00+00:00,51.5000,-5.5000,10.8746
1928-12-16T12:00:00+00:00,51.5000,-4.5000,10.9017
1928-12-16T12:00:00+00:00,51.5000,-3.5000,11.1972
1929-01-16T12:00:00+00:00,53.5000,-5.5000,8.8593
1929-01-16T12:00:00+00:00,53.5000,-4.5000,8.7082
1929-01-16T12:00:00+00:00,53.5000,-3.5000,8.2999
1929-01-16T12:00:00+00:00,52.5000,-6.5000,9.6422
1929-01-16T12:00:00+00:00,52.5000,-5.5000,9.2860
1929-01-16T12:00:00+00:00,52.5000,-4.5000,9.1398
1929-01-16T12:00:00+00:00,51.5000,-6.5000,9.8186
1929-01-16T12:00:00+00:00,51.5000,-5.5000,9.6628
1929-01-16T12:00:00+00:00,51.5000,-4.5000,9.5050
1929-01-16T12:00:00+00:00,51.5000,-3.5000,9.5919
1929-02-15T00:00:00+00:00,53.5000,-5.5000,8.3224
1929-02-15T00:00:00+00:00,53.5000,-4.5000,8.0948
1929-02-15T00:00:00+00:00,53.5000,-3.5000,7.5433
1929-02-15T00:00:00+00:00,52.5000,-6.5000,9.2847
1929-02-15T00:00:00+00:00,52.5000,-5.5000,8.8416
1929-02-15T00:00:00+00:00,52.5000,-4.5000,8.6217
1929-02-15T00:00:00+00:00,51.5000,-6.5000,9.5156
1929-02-15T00:00:00+00:00,51.5000,-5.5000,9.2988
1929-02-15T00:00:00+00:00,51.5000,-4.5000,9.0355
1929-02-15T00:00:00+00:00,51.5000,-3.5000,8.9721
1929-03-16T12:00:00+00:00,53.5000,-5.5000,7.8757
1929-03-16T12:00:00+00:00,53.5000,-4.5000,7.6524
1929-03-16T12:00:00+00:00,53.5000,-3.5000,7.1714
1929-03-16T12:00:00+00:00,52.5000,-6.5000,8.7959
1929-03-16T12:00:00+00:00,52.5000,-5.5000,8.3413
1929-03-16T12:00:00+00:00,52.5000,-4.5000,8.1200
1929-03-16T12:00:00+00:00,51.5000,-6.5000,9.0523
1929-03-16T12:00:00+00:00,51.5000,-5.5000,8.8214
1929-03-16T12:00:00+00:00,51.5000,-4.5000,8.5374
1929-03-16T12:00:00+00:00,51.5000,-3.5000,8.4265
1929-04-16T00:00:00+00:00,53.5000,-5.5000,8.4483
1929-04-16T00:00:00+00:00,53.5000,-4.5000,8.3016
1929-04-16T00:00:00+00:00,53.5000,-3.5000,7.9750
1929-04-16T00:00:00+00:00,52.5000,-6.5000,9.2339
1929-04-16T00:00:00+00:00,52.5000,-5.5000,8.8504
1929-04-16T00:00:00+00:00,52.5000,-4.5000,8.6882
1929-04-16T00:00:00+00:00,51.5000,-6.5000,9.4710
1929-04-16T00:00:00+00:00,51.5000,-5.5000,9.2868
1929-04-16T00:00:00+00:00,51.5000,-4.5000,9.0688
1929-04-16T00:00:00+00:00,51.5000,-3.5000,8.9727
1929-05-16T12:00:00+00:00,53.5000,-5.5000,9.6195
1929-05-16T12:00:00+00:00,53.5000,-4.5000,9.5633
1929-05-16T12:00:00+00:00,53.5000,-3.5000,9.4163
1929-05-16T12:00:00+00:00,52.5000,-6.5000,10.3463
1929-05-16T12:00:00+00:00,52.5000,-5.5000,9.9958
1929-05-16T12:00:00+00:00,52.5000,-4.5000,9.9125
1929-05-16T12:00:00+00:00,51.5000,-6.5000,10.5664
1929-05-16T12:00:00+00:00,51.5000,-5.5000,10.4294
1929-05-16T12:00:00+00:00,51.5000,-4.5000,10.3223
1929-05-16T12:00:00+00:00,51.5000,-3.5000,10.3480
1929-06-16T00:00:00+00:00,53.5000,-5.5000,11.8133
1929-06-16T00:00:00+00:00,53.5000,-4.5000,11.7983
1929-06-16T00:00:00+00:00,53.5000,-3.5000,11.5627
1929-06-16T00:00:00+00:00,52.5000,-6.5000,12.8321
1929-06-16T00:00:00+00:00,52.5000,-5.5000,12.4254
1929-06-16T00:00:00+00:00,52.5000,-4.5000,12.3547
1929-06-16T00:00:00+00:00,51.5000,-6.5000,13.0846
1929-06-16T00:00:00+00:00,51.5000,-5.5000,12.9356
1929-06-16T00:00:00+00:00,51.5000,-4.5000,12.8316
1929-06-16T00:00:00+00:00,51.5000,-3.5000,12.8721
1929-07-16T12:00:00+00:00,53.5000,-5.5000,13.7946
1929-07-16T12:00:00+00:00,53.5000,-4.5000,13.6981
1929-07-16T12:00:00+00:00,53.5000,-3.5000,13.3018
1929-07-16T12:00:00+00:00,52.5000,-6.5000,14.9162
1929-07-16T12:00:00+00:00,52.5000,-5.5000,14.4444
1929-07-16T12:00:00+00:00,52.5000,-4.5000,14.3501
1929-07-16T12:00:00+00:00,51.5000,-6.5000,15.2189
1929-07-16T12:00:00+00:00,51.5000,-5.5000,15.0583
1929-07-16T12:00:00+00:00,51.5000,-4.5000,14.9128
1929-07-16T12:00:00+00:00,51.5000,-3.5000,14.8796
1929-08-16T12:00:00+00:00,53.5000,-5.5000,14.5081
1929-08-16T12:00:00+00:00,53.5000,-4.5000,14.5402
1929-08-16T12:00:00+00:00,53.5000,-3.5000,14.3495
1929-08-16T12:00:00+00:00,52.5000,-6.5000,15.4593
1929-08-16T12:00:00+00:00,52.5000,-5.5000,15.1152
1929-08-16T12:00:00+00:00,52.5000,-4.5000,15.1065
1929-08-16T12:00:00+00:00,51.5000,-6.5000,15.7205
1929-08-16T12:00:00+00:00,51.5000,-5.5000,15.6124
1929-08-16T12:00:00+00:00,51.5000,-4.5000,15.5912
1929-08-16T12:00:00+00:00,51.5000,-3.5000,15.7580
1929-09-16T00:00:00+00:00,53.5000,-5.5000,15.3793
1929-09-16T00:00:00+00:00,53.5000,-4.5000,15.3948
1929-09-16T00:00:00+00:00,53.5000,-3.5000,15.1744
1929-09-16T00:00:00+00:00,52.5000,-6.5000,15.9730
1929-09-16T00:00:00+00:00,52.5000,-5.5000,15.8323
1929-09-16T00:00:00+00:00,52.5000,-4.5000,15.8515
1929-09-16T00:00:00+00:00,51.5000,-6.5000,16.1243
1929-09-16T00:00:00+00:00,51.5000,-5.5000,16.1283
1929-09-16T00:00:00+00:00,51.5000,-4.5000,16.1727
1929-09-16T00:00:00+00:00,51.5000,-3.5000,16.3344
1929-10-16T12:00:00+00:00,53.5000,-5.5000,13.6126
1929-10-16T12:00:00+00:00,53.5000,-4.5000,13.6607
1929-10-16T12:00:00+00:00,53.5000,-3.5000,13.6705
1929-10-16T12:00:00+00:00,52.5000,-6.5000,13.7327
1929-10-16T12:00:00+00:00,52.5000,-5.5000,13.7348
1929-10-16T12:00:00+00:00,52.5000,-4.5000,13.8239
1929-10-16T12:00:00+00:00,51.5000,-6.5000,13.7871
1929-10-16T12:00:00+00:00,51.5000,-5.5000,13.8815
1929-10-16T12:00:00+00:00,51.5000,-4.5000,14.0556
1929-10-16T12:00:00+00:00,51.5000,-3.5000,14.4131
1929-11-16T00:00:00+00:00,53.5000,-5.5000,11.7535
1929-11-16T00:00:00+00:00,53.5000,-4.5000,11.7607
1929-11-16T00:00:00+00:00,53.5000,-3.5000,11.7252
1929-11-16T00:00:00+00:00,52.5000,-6.5000,11.9577
1929-11-16T00:00:00+00:00,52.5000,-5.5000,11.9005
1929-11-16T00:00:00+00:00,52.5000,-4.5000,11.9486
1929-11-16T00:00:00+00:00,51.5000,-6.5000,12.0186
1929-11-16T00:00:00+00:00,51.5000,-5.5000,12.0948
1929-11-16T00:00:00+00:00,51.5000,-4.5000,12.2424
1929-11-16T00:00:00+00:00,51.5000,-3.5000,12.6301
1929-12-16T12:00:00+00:00,53.5000,-5.5000,10.4409
1929-12-16T12:00:00+00:00,53.5000,-4.5000,10.3585
1929-12-16T12:00:00+00:00,53.5000,-3.5000,10.2441
1929-12-16T12:00:00+00:00,52.5000,-6.5000,10.7684
1929-12-16T12:00:00+00:00,52.5000,-5.5000,10.5708
1929-12-16T12:00:00+00:00,52.5000,-4.5000,10.5386
1929-12-16T12:00:00+00:00,51.5000,-6.5000,10.8865
1929-12-16T12:00:00+00:00,51.5000,-5.5000,10.8624
1929-12-16T12:00:00+00:00,51.5000,-4.5000,10.8931
1929-12-16T12:00:00+00:00,51.5000,-3.5000,11.1972
1930-01-16T12:00:00+00:00,53.5000,-5.5000,9.1064
1930-01-16T12:00:00+00:00,53.5000,-4.5000,9.0802
1930-01-16T12:00:00+00:00,53.5000,-3.5000,9.0167
1930-01-16T12:00:00+00:00,52.5000,-6.5000,9.6886
1930-01-16T12:00:00+00:00,52.5000,-5.5000,9.3324
1930-01-16T12:00:00+00:00,52.5000,-4.5000,9.3015
1930-01-16T12:00:00+00:00,51.5000,-6.5000,9.8650
1930-01-16T12:00:00+00:00,51.5000,-5.5000,9.7093
1930-01-16T12:00:00+00:00,51.5000,-4.5000,9.7244
1930-01-16T12:00:00+00:00,51.5000,-3.5000,10.2149
1930-02-15T00:00:00+00:00,53.5000,-5.5000,7.8868
1930-02-15T00:00:00+00:00,53.5000,-4.5000,7.7591
1930-02-15T00:00:00+00:00,53.5000,-3.5000,7.6282
1930-02-15T00:00:00+00:00,52.5000,-6.5000,8.5743
1930-02-15T00:00:00+00:00,52.5000,-5.5000,8.1311
1930-02-15T00:00:00+00:00,52.5000,-4.5000,7.9883
1930-02-15T00:00:00+00:00,51.5000,-6.5000,8.8051
1930-02-15T00:00:00+00:00,51.5000,-5.5000,8.5883
1930-02-15T00:00:00+00:00,51.5000,-4.5000,8.4406
1930-02-15T00:00:00+00:00,51.5000,-3.5000,8.6469
1930-03-16T12:00:00+00:00,53.5000,-5.5000,7.5282
1930-03-16T12:00:00+00:00,53.5000,-4.5000,7.4179
1930-03-16T12:00:00+00:00,53.5000,-3.5000,7.2018
1930-03-16T12:00:00+00:00,52.5000,-6.5000,8.3732
1930-03-16T12:00:00+00:00,52.5000,-5.5000,7.9187
1930-03-16T12:00:00+00:00,52.5000,-4.5000,7.7721
1930-03-16T12:00:00+00:00,51.5000,-6.5000,8.6296
1930-03-16T12:00:00+00:00,51.5000,-5.5000,8.3988
1930-03-16T12:00:00+00:00,51.5000,-4.5000,8.2268
1930-03-16T12:00:00+00:00,51.5000,-3.5000,8.3774
1930-04-16T00:00:00+00:00,53.5000,-5.5000,8.3858
1930-04-16T00:00:00+00:00,53.5000,-4.5000,8.3472
1930-04-16T00:00:00+00:00,53.5000,-3.5000,8.2667
1930-04-16T00:00:00+00:00,52.5000,-6.5000,9.1134
1930-04-16T00:00:00+00:00,52.5000,-5.5000,8.7299
1930-04-16T00:00:00+00:00,52.5000,-4.5000,8.6359
1930-04-16T00:00:00+00:00,51.5000,-6.5000,9.3506
1930-04-16T00:00:00+00:00,51.5000,-5.5000,9.1664
1930-04-16T00:00:00+00:00,51.5000,-4.5000,9.0507
1930-04-16T00:00:00+00:00,51.5000,-3.5000,9.1933
1930-05-16T12:00:00+00:00,53.5000,-5.5000,10.0012
1930-05-16T12:00:00+00:00,53.5000,-4.5000,9.9709
1930-05-16T12:00:00+00:00,53.5000,-3.5000,9.8503
1930-05-16T12:00:00+00:00,52.5000,-6.5000,10.7828
1930-05-16T12:00:00+00:00,52.5000,-5.5000,10.4323
1930-05-16T12:00:00+00:00,52.5000,-4.5000,10.3473
1930-05-16T12:00:00+00:00,51.5000,-6.5000,11.0029
1930-05-16T12:00:00+00:00,51.5000,-5.5000,10.8660
1930-05-16T12:00:00+00:00,51.5000,-4.5000,10.7563
1930-05-16T12:00:00+00:00,51.5000,-3.5000,10.7762
1930-06-16T00:00:00+00:00,53.5000,-5.5000,12.7412
1930-06-16T00:00:00+00:00,53.5000,-4.5000,12.7268
1930-06-16T00:00:00+00:00,53.5000,-3.5000,12.4799
1930-06-16T00:00:00+00:00,52.5000,-6.5000,13.8046
1930-06-16T00:00:00+00:00,52.5000,-5.5000,13.3978
1930-06-16T00:00:00+00:00,52.5000,-4.5000,13.3115
1930-06-16T00:00:00+00:00,51.5000,-6.5000,14.0570
1930-06-16T00:00:00+00:00,51.5000,-5.5000,13.9081
1930-06-16T00:00:00+00:00,51.5000,-4.5000,13.7807
1930-06-16T00:00:00+00:00,51.5000,-3.5000,13.7666
1930-07-16T12:00:00+00:00,53.5000,-5.5000,13.6425
1930-07-16T12:00:00+00:00,53.5000,-4.5000,13.7060
1930-07-16T12:00:00+00:00,53.5000,-3.5000,13.6648
1930-07-16T12:00:00+00:00,52.5000,-6.5000,14.6841
1930-07-16T12:00:00+00:00,52.5000,-5.5000,14.2124
1930-07-16T12:00:00+00:00,52.5000,-4.5000,14.2205
1930-07-16T12:00:00+00:00,51.5000,-6.5000,14.9869
1930-07-16T12:00:00+00:00,51.5000,-5.5000,14.8263
1930-07-16T12:00:00+00:00,51.5000,-4.5000,14.8345
1930-07-16T12:00:00+00:00,51.5000,-3.5000,15.1600
1930-08-16T12:00:00+00:00,53.5000,-5.5000,14.2693
1930-08-16T12:00:00+00:00,53.5000,-4.5000,14.2907
1930-08-16T12:00:00+00:00,53.5000,-3.5000,14.2484
1930-08-16T12:00:00+00:00,52.5000,-6.5000,15.0170
1930-08-16T12:00:00+00:00,52.5000,-5.5000,14.6729
1930-08-16T12:00:00+00:00,52.5000,-4.5000,14.6756
1930-08-16T12:00:00+00:00,51.5000,-6.5000,15.2782
1930-08-16T12:00:00+00:00,51.5000,-5.5000,15.1701
1930-08-16T12:00:00+00:00,51.5000,-4.5000,15.1660
1930-08-16T12:00:00+00:00,51.5000,-3.5000,15.3727
1930-09-16T00:00:00+00:00,53.5000,-5.5000,14.4091
1930-09-16T00:00:00+00:00,53.5000,-4.5000,14.4676
1930-09-16T00:00:00+00:00,53.5000,-3.5000,14.5105
1930-09-16T00:00:00+00:00,52.5000,-6.5000,14.7874
1930-09-16T00:00:00+00:00,52.5000,-5.5000,14.6466
1930-09-16T00:00:00+00:00,52.5000,-4.5000,14.7063
1930-09-16T00:00:00+00:00,51.5000,-6.5000,14.9387
1930-09-16T00:00:00+00:00,51.5000,-5.5000,14.9427
1930-09-16T00:00:00+00:00,51.5000,-4.5000,15.0478
1930-09-16T00:00:00+00:00,51.5000,-3.5000,15.3511
1930-10-16T12:00:00+00:00,53.5000,-5.5000,13.4375
1930-10-16T12:00:00+00:00,53.5000,-4.5000,13.5165
1930-10-16T12:00:00+00:00,53.5000,-3.5000,13.6543
1930-10-16T12:00:00+00:00,52.5000,-6.5000,13.4872
1930-10-16T12:00:00+00:00,52.5000,-5.5000,13.4893
1930-10-16T12:00:00+00:00,52.5000,-4.5000,13.5958
1930-10-16T12:00:00+00:00,51.5000,-6.5000,13.5416
1930-10-16T12:00:00+00:00,51.5000,-5.5000,13.6360
1930-10-16T12:00:00+00:00,51.5000,-4.5000,13.8362
1930-10-16T12:00:00+00:00,51.5000,-3.5000,14.2547
1930-11-16T00:00:00+00:00,53.5000,-5.5000,11.6489
1930-11-16T00:00:00+00:00,53.5000,-4.5000,11.6534
1930-11-16T00:00:00+00:00,53.5000,-3.5000,11.6182
1930-11-16T00:00:00+00:00,52.5000,-6.5000,11.8495
1930-11-16T00:00:00+00:00,52.5000,-5.5000,11.7923
1930-11-16T00:00:00+00:00,52.5000,-4.5000,11.8381
1930-11-16T00:00:00+00:00,51.5000,-6.5000,11.9104
1930-11-16T00:00:00+00:00,51.5000,-5.5000,11.9866
1930-11-16T00:00:00+00:00,51.5000,-4.5000,12.1307
1930-11-16T00:00:00+00:00,51.5000,-3.5000,12.5103
1930-12-16T12:00:00+00:00,53.5000,-5.5000,10.2977
1930-12-16T12:00:00+00:00,53.5000,-4.5000,10.2595
1930-12-16T12:00:00+00:00,53.5000,-3.5000,10.1936
1930-12-16T12:00:00+00:00,52.5000,-6.5000,10.6617
1930-12-16T12:00:00+00:00,52.5000,-5.5000,10.4641
1930-12-16T12:00:00+00:00,52.5000,-4.5000,10.4558
1930-12-16T12:00:00+00:00,51.5000,-6.5000,10.7799
1930-12-16T12:00:00+00:00,51.5000,-5.5000,10.7557
1930-12-16T12:00:00+00:00,51.5000,-4.5000,10.8222
1930-12-16T12:00:00+00:00,51.5000,-3.5000,11.2097
1931-01-16T12:00:00+00:00,53.5000,-5.5000,8.9699
1931-01-16T12:00:00+00:00,53.5000,-4.5000,8.9032
1931-01-16T12:00:00+00:00,53.5000,-3.5000,8.7489
1931-01-16T12:00:00+00:00,52.5000,-6.5000,9.5786
1931-01-16T12:00:00+00:00,52.5000,-5.5000,9.2224
1931-01-16T12:00:00+00:00,52.5000,-4.5000,9.1628
1931-01-16T12:00:00+00:00,51.5000,-6.5000,9.7550
1931-01-16T12:00:00+00:00,51.5000,-5.5000,9.5993
1931-01-16T12:00:00+00:00,51.5000,-4.5000,9.5714
1931-01-16T12:00:00+00:00,51.5000,-3.5000,9.9612
1931-02-15T00:00:00+00:00,53.5000,-5.5000,7.7106
1931-02-15T00:00:00+00:00,53.5000,-4.5000,7.6680
1931-02-15T00:00:00+00:00,53.5000,-3.5000,7.4805
1931-02-15T00:00:00+00:00,52.5000,-6.5000,8.5450
1931-02-15T00:00:00+00:00,52.5000,-5.5000,8.1018
1931-02-15T00:00:00+00:00,52.5000,-4.5000,8.0415
1931-02-15T00:00:00+00:00,51.5000,-6.5000,8.7758
1931-02-15T00:00:00+00:00,51.5000,-5.5000,8.5590
1931-02-15T00:00:00+00:00,51.5000,-4.5000,8.5350
1931-02-15T00:00:00+00:00,51.5000,-3.5000,9.0299
1931-03-16T12:00:00+00:00,53.5000,-5.5000,7.5400
1931-03-16T12:00:00+00:00,53.5000,-4.5000,7.4704
1931-03-16T12:00:00+00:00,53.5000,-3.5000,7.2566
1931-03-16T12:00:00+00:00,52.5000,-6.5000,8.3889
1931-03-16T12:00:00+00:00,52.5000,-5.5000,7.9344
1931-03-16T12:00:00+00:00,52.5000,-4.5000,7.8457
1931-03-16T12:00:00+00:00,51.5000,-6.5000,8.6453
1931-03-16T12:00:00+00:00,51.5000,-5.5000,8.4145
1931-03-16T12:00:00+00:00,51.5000,-4.5000,8.3294
1931-03-16T12:00:00+00:00,51.5000,-3.5000,8.6826
1931-04-16T00:00:00+00:00,53.5000,-5.5000,8.1526
1931-04-16T00:00:00+00:00,53.5000,-4.5000,8.1177
1931-04-16T00:00:00+00:00,53.5000,-3.5000,8.0848
1931-04-16T00:00:00+00:00,52.5000,-6.5000,8.7888
1931-04-16T00:00:00+00:00,52.5000,-5.5000,8.4053
1931-04-16T00:00:00+00:00,52.5000,-4.5000,8.3388
1931-04-16T00:00:00+00:00,51.5000,-6.5000,9.0260
1931-04-16T00:00:00+00:00,51.5000,-5.5000,8.8418
1931-04-16T00:00:00+00:00,51.5000,-4.5000,8.7673
1931-04-16T00:00:00+00:00,51.5000,-3.5000,9.0060
1931-05-16T12:00:00+00:00,53.5000,-5.5000,9.9308
1931-05-16T12:00:00+00:00,53.5000,-4.5000,9.8717
1931-05-16T12:00:00+00:00,53.5000,-3.5000,9.7957
1931-05-16T12:00:00+00:00,52.5000,-6.5000,10.5700
1931-05-16T12:00:00+00:00,52.5000,-5.5000,10.2195
1931-05-16T12:00:00+00:00,52.5000,-4.5000,10.1400
1931-05-16T12:00:00+00:00,51.5000,-6.5000,10.7901
1931-05-16T12:00:00+00:00,51.5000,-5.5000,10.6531
1931-05-16T12:00:00+00:00,51.5000,-4.5000,10.5518
1931-05-16T12:00:00+00:00,51.5000,-3.5000,10.5910
1931-06-16T00:00:00+00:00,53.5000,-5.5000,12.0508
1931-06-16T00:00:00+00:00,53.5000,-4.5000,12.0139
1931-06-16T00:00:00+00:00,53.5000,-3.5000,11.8646
1931-06-16T00:00:00+00:00,52.5000,-6.5000,12.9201
1931-06-16T00:00:00+00:00,52.5000,-5.5000,12.5134
1931-06-16T00:00:00+00:00,52.5000,-4.5000,12.4415
1931-06-16T00:00:00+00:00,51.5000,-6.5000,13.1725
1931-06-16T00:00:00+00:00,51.5000,-5.5000,13.0236
1931-06-16T00:00:00+00:00,51.5000,-4.5000,12.9179
1931-06-16T00:00:00+00:00,51.5000,-3.5000,12.9543
1931-07-16T12:00:00+00:00,53.5000,-5.5000,13.6111
1931-07-16T12:00:00+00:00,53.5000,-4.5000,13.5694
1931-07-16T12:00:00+00:00,53.5000,-3.5000,13.3508
1931-07-16T12:00:00+00:00,52.5000,-6.5000,14.6143
1931-07-16T12:00:00+00:00,52.5000,-5.5000,14.1425
1931-07-16T12:00:00+00:00,52.5000,-4.5000,14.1007
1931-07-16T12:00:00+00:00,51.5000,-6.5000,14.9170
1931-07-16T12:00:00+00:00,51.5000,-5.5000,14.7564
1931-07-16T12:00:00+00:00,51.5000,-4.5000,14.6897
1931-07-16T12:00:00+00:00,51.5000,-3.5000,14.8404
1931-08-16T12:00:00+00:00,53.5000,-5.5000,14.3104
1931-08-16T12:00:00+00:00,53.5000,-4.5000,14.3215
1931-08-16T12:00:00+00:00,53.5000,-3.5000,14.2448
1931-08-16T12:00:00+00:00,52.5000,-6.5000,15.0484
1931-08-16T12:00:00+00:00,52.5000,-5.5000,14.7043
1931-08-16T12:00:00+00:00,52.5000,-4.5000,14.7136
1931-08-16T12:00:00+00:00,51.5000,-6.5000,15.3096
1931-08-16T12:00:00+00:00,51.5000,-5.5000,15.2015
1931-08-16T12:00:00+00:00,51.5000,-4.5000,15.2074
1931-08-16T12:00:00+00:00,51.5000,-3.5000,15.4375
1931-09-16T00:00:00+00:00,53.5000,-5.5000,13.7532
1931-09-16T00:00:00+00:00,53.5000,-4.5000,13.7764
1931-09-16T00:00:00+00:00,53.5000,-3.5000,13.8054
1931-09-16T00:00:00+00:00,52.5000,-6.5000,14.0896
1931-09-16T00:00:00+00:00,52.5000,-5.5000,13.9488
1931-09-16T00:00:00+00:00,52.5000,-4.5000,13.9834
1931-09-16T00:00:00+00:00,51.5000,-6.5000,14.2409
1931-09-16T00:00:00+00:00,51.5000,-5.5000,14.2448
1931-09-16T00:00:00+00:00,51.5000,-4.5000,14.3123
1931-09-16T00:00:00+00:00,51.5000,-3.5000,14.5278
1931-10-16T12:00:00+00:00,53.5000,-5.5000,13.7086
1931-10-16T12:00:00+00:00,53.5000,-4.5000,13.6569
1931-10-16T12:00:00+00:00,53.5000,-3.5000,13.5246
1931-10-16T12:00:00+00:00,52.5000,-6.5000,13.8190
1931-10-16T12:00:00+00:00,52.5000,-5.5000,13.8211
1931-10-16T12:00:00+00:00,52.5000,-4.5000,13.8364
1931-10-16T12:00:00+00:00,51.5000,-6.5000,13.8734
1931-10-16T12:00:00+00:00,51.5000,-5.5000,13.9678
1931-10-16T12:00:00+00:00,51.5000,-4.5000,14.0312
1931-10-16T12:00:00+00:00,51.5000,-3.5000,14.1305
1931-11-16T00:00:00+00:00,53.5000,-5.5000,12.1466
1931-11-16T00:00:00+00:00,53.5000,-4.5000,12.0929
1931-11-16T00:00:00+00:00,53.5000,-3.5000,11.9129
1931-11-16T00:00:00+00:00,52.5000,-6.5000,12.3652
1931-11-16T00:00:00+00:00,52.5000,-5.5000,12.3080
1931-11-16T00:00:00+00:00,52.5000,-4.5000,12.3298
1931-11-16T00:00:00+00:00,51.5000,-6.5000,12.4261
1931-11-16T00:00:00+00:00,51.5000,-5.5000,12.5023
1931-11-16T00:00:00+00:00,51.5000,-4.5000,12.6105
1931-11-16T00:00:00+00:00,51.5000,-3.5000,12.9063
1931-12-16T12:00:00+00:00,53.5000,-5.5000,10.6296
1931-12-16T12:00:00+00:00,53.5000,-4.5000,10.5810
1931-12-16T12:00:00+00:00,53.5000,-3.5000,10.3886
1931-12-16T12:00:00+00:00,52.5000,-6.5000,11.0729
1931-12-16T12:00:00+00:00,52.5000,-5.5000,10.8753
1931-12-16T12:00:00+00:00,52.5000,-4.5000,10.8749
1931-12-16T12:00:00+00:00,51.5000,-6.5000,11.1911
1931-12-16T12:00:00+00:00,51.5000,-5.5000,11.1669
1931-12-16T12:00:00+00:00,51.5000,-4.5000,11.2453
1931-12-16T12:00:00+00:00,51.5000,-3.5000,11.6606
1932-01-16T12:00:00+00:00,53.5000,-5.5000,9.8406
1932-01-16T12:00:00+00:00,53.5000,-4.5000,9.7332
1932-01-16T12:00:00+00:00,53.5000,-3.5000,9.3769
1932-01-16T12:00:00+00:00,52.5000,-6.5000,10.6232
1932-01-16T12:00:00+00:00,52.5000,-5.5000,10.2670
1932-01-16T12:00:00+00:00,52.5000,-4.5000,10.1603
1932-01-16T12:00:00+00:00,51.5000,-6.5000,10.7995
1932-01-16T12:00:00+00:00,51.5000,-5.5000,10.6438
1932-01-16T12:00:00+00:00,51.5000,-4.5000,10.5454
1932-01-16T12:00:00+00:00,51.5000,-3.5000,10.7709
1932-02-15T12:00:00+00:00,53.5000,-5.5000,8.8462
1932-02-15T12:00:00+00:00,53.5000,-4.5000,8.6660
1932-02-15T12:00:00+00:00,53.5000,-3.5000,8.1854
1932-02-15T12:00:00+00:00,52.5000,-6.5000,9.7984
1932-02-15T12:00:00+00:00,52.5000,-5.5000,9.3552
1932-02-15T12:00:00+00:00,52.5000,-4.5000,9.1762
1932-02-15T12:00:00+00:00,51.5000,-6.5000,10.0293
1932-02-15T12:00:00+00:00,51.5000,-5.5000,9.8124
1932-02-15T12:00:00+00:00,51.5000,-4.5000,9.6103
1932-02-15T12:00:00+00:00,51.5000,-3.5000,9.6896
1932-03-16T12:00:00+00:00,53.5000,-5.5000,8.1051
1932-03-16T12:00:00+00:00,53.5000,-4.5000,7.9187
1932-03-16T12:00:00+00:00,53.5000,-3.5000,7.5409
1932-03-16T12:00:00+00:00,52.5000,-6.5000,8.9234
1932-03-16T12:00:00+00:00,52.5000,-5.5000,8.4688
1932-03-16T12:00:00+00:00,52.5000,-4.5000,8.3023
1932-03-16T12:00:00+00:00,51.5000,-6.5000,9.1798
1932-03-16T12:00:00+00:00,51.5000,-5.5000,8.9490
1932-03-16T12:00:00+00:00,51.5000,-4.5000,8.7470
1932-03-16T12:00:00+00:00,51.5000,-3.5000,8.8278
1932-04-16T00:00:00+00:00,53.5000,-5.5000,8.5023
1932-04-16T00:00:00+00:00,53.5000,-4.5000,8.3429
1932-04-16T00:00:00+00:00,53.5000,-3.5000,8.1158
1932-04-16T00:00:00+00:00,52.5000,-6.5000,9.1445
1932-04-16T00:00:00+00:00,52.5000,-5.5000,8.7609
1932-04-16T00:00:00+00:00,52.5000,-4.5000,8.6017
1932-04-16T00:00:00+00:00,51.5000,-6.5000,9.3816
1932-04-16T00:00:00+00:00,51.5000,-5.5000,9.1974
1932-04-16T00:00:00+00:00,51.5000,-4.5000,8.9839
1932-04-16T00:00:00+00:00,51.5000,-3.5000,8.8981
1932-05-16T12:00:00+00:00,53.5000,-5.5000,9.8895
1932-05-16T12:00:00+00:00,53.5000,-4.5000,9.8518
1932-05-16T12:00:00+00:00,53.5000,-3.5000,9.6850
1932-05-16T12:00:00+00:00,52.5000,-6.5000,10.6369
1932-05-16T12:00:00+00:00,52.5000,-5.5000,10.2863
1932-05-16T12:00:00+00:00,52.5000,-4.5000,10.2304
1932-05-16T12:00:00+00:00,51.5000,-6.5000,10.8570
1932-05-16T12:00:00+00:00,51.5000,-5.5000,10.7200
1932-05-16T12:00:00+00:00,51.5000,-4.5000,10.6538
1932-05-16T12:00:00+00:00,51.5000,-3.5000,10.7751
1932-06-16T00:00:00+00:00,53.5000,-5.5000,12.3408
1932-06-16T00:00:00+00:00,53.5000,-4.5000,12.3103
1932-06-16T00:00:00+00:00,53.5000,-3.5000,12.1400
1932-06-16T00:00:00+00:00,52.5000,-6.5000,13.2378
1932-06-16T00:00:00+00:00,52.5000,-5.5000,12.8310
1932-06-16T00:00:00+00:00,52.5000,-4.5000,12.7655
1932-06-16T00:00:00+00:00,51.5000,-6.5000,13.4902
1932-06-16T00:00:00+00:00,51.5000,-5.5000,13.3413
1932-06-16T00:00:00+00:00,51.5000,-4.5000,13.2450
1932-06-16T00:00:00+00:00,51.5000,-3.5000,13.3036
1932-07-16T12:00:00+00:00,53.5000,-5.5000,14.0693
1932-07-16T12:00:00+00:00,53.5000,-4.5000,14.1483
1932-07-16T12:00:00+00:00,53.5000,-3.5000,14.1967
1932-07-16T12:00:00+00:00,52.5000,-6.5000,15.0305
1932-07-16T12:00:00+00:00,52.5000,-5.5000,14.5587
1932-07-16T12:00:00+00:00,52.5000,-4.5000,14.5855
1932-07-16T12:00:00+00:00,51.5000,-6.5000,15.3332
1932-07-16T12:00:00+00:00,51.5000,-5.5000,15.1726
1932-07-16T12:00:00+00:00,51.5000,-4.5000,15.2088
1932-07-16T12:00:00+00:00,51.5000,-3.5000,15.5994
1932-08-16T12:00:00+00:00,53.5000,-5.5000,15.4365
1932-08-16T12:00:00+00:00,53.5000,-4.5000,15.5499
1932-08-16T12:00:00+00:00,53.5000,-3.5000,15.5925
1932-08-16T12:00:00+00:00,52.5000,-6.5000,16.2102
1932-08-16T12:00:00+00:00,52.5000,-5.5000,15.8662
1932-08-16T12:00:00+00:00,52.5000,-4.5000,15.9515
1932-08-16T12:00:00+00:00,51.5000,-6.5000,16.4714
1932-08-16T12:00:00+00:00,51.5000,-5.5000,16.3633
1932-08-16T12:00:00+00:00,51.5000,-4.5000,16.4833
1932-08-16T12:00:00+00:00,51.5000,-3.5000,16.9794
1932-09-16T00:00:00+00:00,53.5000,-5.5000,14.8756
1932-09-16T00:00:00+00:00,53.5000,-4.5000,14.9764
1932-09-16T00:00:00+00:00,53.5000,-3.5000,15.0205
1932-09-16T00:00:00+00:00,52.5000,-6.5000,15.2685
1932-09-16T00:00:00+00:00,52.5000,-5.5000,15.1277
1932-09-16T00:00:00+00:00,52.5000,-4.5000,15.2430
1932-09-16T00:00:00+00:00,51.5000,-6.5000,15.4197
1932-09-16T00:00:00+00:00,51.5000,-5.5000,15.4237
1932-09-16T00:00:00+00:00,51.5000,-4.5000,15.6122
1932-09-16T00:00:00+00:00,51.5000,-3.5000,16.1101
1932-10-16T12:00:00+00:00,53.5000,-5.5000,13.3716
1932-10-16T12:00:00+00:00,53.5000,-4.5000,13.3842
1932-10-16T12:00:00+00:00,53.5000,-3.5000,13.3567
1932-10-16T12:00:00+00:00,52.5000,-6.5000,13.4760
1932-10-16T12:00:00+00:00,52.5000,-5.5000,13.4780
1932-10-16T12:00:00+00:00,52.5000,-4.5000,13.5404
1932-10-16T12:00:00+00:00,51.5000,-6.5000,13.5303
1932-10-16T12:00:00+00:00,51.5000,-5.5000,13.6247
1932-10-16T12:00:00+00:00,51.5000,-4.5000,13.7587
1932-10-16T12:00:00+00:00,51.5000,-3.5000,14.0228
1932-11-16T00:00:00+00:00,53.5000,-5.5000,11.9111
1932-11-16T00:00:00+00:00,53.5000,-4.5000,11.8698
1932-11-16T00:00:00+00:00,53.5000,-3.5000,11.7775
1932-11-16T00:00:00+00:00,52.5000,-6.5000,12.0675
1932-11-16T00:00:00+00:00,52.5000,-5.5000,12.0103
1932-11-16T00:00:00+00:00,52.5000,-4.5000,12.0379
1932-11-16T00:00:00+00:00,51.5000,-6.5000,12.1284
1932-11-16T00:00:00+00:00,51.5000,-5.5000,12.2046
1932-11-16T00:00:00+00:00,51.5000,-4.5000,12.3215
1932-11-16T00:00:00+00:00,51.5000,-3.5000,12.6375
1932-12-16T12:00:00+00:00,53.5000,-5.5000,10.4284
1932-12-16T12:00:00+00:00,53.5000,-4.5000,10.3337
1932-12-16T12:00:00+00:00,53.5000,-3.5000,10.1223
1932-12-16T12:00:00+00:00,52.5000,-6.5000,10.8477
1932-12-16T12:00:00+00:00,52.5000,-5.5000,10.6501
1932-12-16T12:00:00+00:00,52.5000,-4.5000,10.6020
1932-12-16T12:00:00+00:00,51.5000,-6.5000,10.9659
1932-12-16T12:00:00+00:00,51.5000,-5.5000,10.9417
1932-12-16T12:00:00+00:00,51.5000,-4.5000,10.9485
1932-12-16T12:00:00+00:00,51.5000,-3.5000,11.1968
1933-01-16T12:00:00+00:00,53.5000,-5.5000,9.2280
1933-01-16T12:00:00+00:00,53.5000,-4.5000,9.0933
1933-01-16T12:00:00+00:00,53.5000,-3.5000,8.8120
1933-01-16T12:00:00+00:00,52.5000,-6.5000,9.9210
1933-01-16T12:00:00+00:00,52.5000,-5.5000,9.5648
1933-01-16T12:00:00+00:00,52.5000,-4.5000,9.4247
1933-01-16T12:00:00+00:00,51.5000,-6.5000,10.0974
1933-01-16T12:00:00+00:00,51.5000,-5.5000,9.9417
1933-01-16T12:00:00+00:00,51.5000,-4.5000,9.7930
1933-01-16T12:00:00+00:00,51.5000,-3.5000,9.9013
1933-02-15T00:00:00+00:00,53.5000,-5.5000,8.1919
1933-02-15T00:00:00+00:00,53.5000,-4.5000,7.9963
1933-02-15T00:00:00+00:00,53.5000,-3.5000,7.6280
1933-02-15T00:00:00+00:00,52.5000,-6.5000,9.0230
1933-02-15T00:00:00+00:00,52.5000,-5.5000,8.5798
1933-02-15T00:00:00+00:00,52.5000,-4.5000,8.3821
1933-02-15T00:00:00+00:00,51.5000,-6.5000,9.2538
1933-02-15T00:00:00+00:00,51.5000,-5.5000,9.0370
1933-02-15T00:00:00+00:00,51.5000,-4.5000,8.8069
1933-02-15T00:00:00+00:00,51.5000,-3.5000,8.8210
1933-03-16T12:00:00+00:00,53.5000,-5.5000,8.1375
1933-03-16T12:00:00+00:00,53.5000,-4.5000,7.9970
1933-03-16T12:00:00+00:00,53.5000,-3.5000,7.6563
1933-03-16T12:00:00+00:00,52.5000,-6.5000,8.9953
1933-03-16T12:00:00+00:00,52.5000,-5.5000,8.5407
1933-03-16T12:00:00+00:00,52.5000,-4.5000,8.4047
1933-03-16T12:00:00+00:00,51.5000,-6.5000,9.2517
1933-03-16T12:00:00+00:00,51.5000,-5.5000,9.0209
1933-03-16T12:00:00+00:00,51.5000,-4.5000,8.8647
1933-03-16T12:00:00+00:00,51.5000,-3.5000,9.0521
1933-04-16T00:00:00+00:00,53.5000,-5.5000,9.2609
1933-04-16T00:00:00+00:00,53.5000,-4.5000,9.1622
1933-04-16T00:00:00+00:00,53.5000,-3.5000,8.8753
1933-04-16T00:00:00+00:00,52.5000,-6.5000,10.0038
1933-04-16T00:00:00+00:00,52.5000,-5.5000,9.6203
1933-04-16T00:00:00+00:00,52.5000,-4.5000,9.5317
1933-04-16T00:00:00+00:00,51.5000,-6.5000,10.2410
1933-04-16T00:00:00+00:00,51.5000,-5.5000,10.0567
1933-04-16T00:00:00+00:00,51.5000,-4.5000,9.9492
1933-04-16T00:00:00+00:00,51.5000,-3.5000,10.1106
1933-05-16T12:00:00+00:00,53.5000,-5.5000,10.5410
1933-05-16T12:00:00+00:00,53.5000,-4.5000,10.5271
1933-05-16T12:00:00+00:00,53.5000,-3.5000,10.3836
1933-05-16T12:00:00+00:00,52.5000,-6.5000,11.2999
1933-05-16T12:00:00+00:00,52.5000,-5.5000,10.9493
1933-05-16T12:00:00+00:00,52.5000,-4.5000,10.9118
1933-05-16T12:00:00+00:00,51.5000,-6.5000,11.5200
1933-05-16T12:00:00+00:00,51.5000,-5.5000,11.3830
1933-05-16T12:00:00+00:00,51.5000,-4.5000,11.3444
1933-05-16T12:00:00+00:00,51.5000,-3.5000,11.5301
1933-06-16T00:00:00+00:00,53.5000,-5.5000,12.7491
1933-06-16T00:00:00+00:00,53.5000,-4.5000,12.7569
1933-06-16T00:00:00+00:00,53.5000,-3.5000,12.5416
1933-06-16T00:00:00+00:00,52.5000,-6.5000,13.7438
1933-06-16T00:00:00+00:00,52.5000,-5.5000,13.3370
1933-06-16T00:00:00+00:00,52.5000,-4.5000,13.3026
1933-06-16T00:00:00+00:00,51.5000,-6.5000,13.9962
1933-06-16T00:00:00+00:00,51.5000,-5.5000,13.8473
1933-06-16T00:00:00+00:00,51.5000,-4.5000,13.7977
1933-06-16T00:00:00+00:00,51.5000,-3.5000,13.9652
1933-07-16T12:00:00+00:00,53.5000,-5.5000,14.5288
1933-07-16T12:00:00+00:00,53.5000,-4.5000,14.6178
1933-07-16T12:00:00+00:00,53.5000,-3.5000,14.5656
1933-07-16T12:00:00+00:00,52.5000,-6.5000,15.6745
1933-07-16T12:00:00+00:00,52.5000,-5.5000,15.2027
1933-07-16T12:00:00+00:00,52.5000,-4.5000,15.2025
1933-07-16T12:00:00+00:00,51.5000,-6.5000,15.9772
1933-07-16T12:00:00+00:00,51.5000,-5.5000,15.8166
1933-07-16T12:00:00+00:00,51.5000,-4.5000,15.8123
1933-07-16T12:00:00+00:00,51.5000,-3.5000,16.1084
1933-08-16T12:00:00+00:00,53.5000,-5.5000,15.6315
1933-08-16T12:00:00+00:00,53.5000,-4.5000,15.6902
1933-08-16T12:00:00+00:00,53.5000,-3.5000,15.6262
1933-08-16T12:00:00+00:00,52.5000,-6.5000,16.4752
1933-08-16T12:00:00+00:00,52.5000,-5.5000,16.1312
1933-08-16T12:00:00+00:00,52.5000,-4.5000,16.1527
1933-08-16T12:00:00+00:00,51.5000,-6.5000,16.7364
1933-08-16T12:00:00+00:00,51.5000,-5.5000,16.6283
1933-08-16T12:00:00+00:00,51.5000,-4.5000,16.6526
1933-08-16T12:00:00+00:00,51.5000,-3.5000,16.9255
1933-09-16T00:00:00+00:00,53.5000,-5.5000,15.7895
1933-09-16T00:00:00+00:00,53.5000,-4.5000,15.8323
1933-09-16T00:00:00+00:00,53.5000,-3.5000,15.6907
1933-09-16T00:00:00+00:00,52.5000,-6.5000,16.3383
1933-09-16T00:00:00+00:00,52.5000,-5.5000,16.1976
1933-09-16T00:00:00+00:00,52.5000,-4.5000,16.2407
1933-09-16T00:00:00+00:00,51.5000,-6.5000,16.4896
1933-09-16T00:00:00+00:00,51.5000,-5.5000,16.4936
1933-09-16T00:00:00+00:00,51.5000,-4.5000,16.5739
1933-09-16T00:00:00+00:00,51.5000,-3.5000,16.8195
1933-10-16T12:00:00+00:00,53.5000,-5.5000,14.3923
1933-10-16T12:00:00+00:00,53.5000,-4.5000,14.4492
1933-10-16T12:00:00+00:00,53.5000,-3.5000,14.4370
1933-10-16T12:00:00+00:00,52.5000,-6.5000,14.5409
1933-10-16T12:00:00+00:00,52.5000,-5.5000,14.5429
1933-10-16T12:00:00+00:00,52.5000,-4.5000,14.6420
1933-10-16T12:00:00+00:00,51.5000,-6.5000,14.5952
1933-10-16T12:00:00+00:00,51.5000,-5.5000,14.6896
1933-10-16T12:00:00+00:00,51.5000,-4.5000,14.8787
1933-10-16T12:00:00+00:00,51.5000,-3.5000,15.2710
1933-11-16T00:00:00+00:00,53.5000,-5.5000,11.7044
1933-11-16T00:00:00+00:00,53.5000,-4.5000,11.7173
1933-11-16T00:00:00+00:00,53.5000,-3.5000,11.6880
1933-11-16T00:00:00+00:00,52.5000,-6.5000,11.8905
1933-11-16T00:00:00+00:00,52.5000,-5.5000,11.8333
1933-11-16T00:00:00+00:00,52.5000,-4.5000,11.8960
1933-11-16T00:00:00+00:00,51.5000,-6.5000,11.9514
1933-11-16T00:00:00+00:00,51.5000,-5.5000,12.0276
1933-11-16T00:00:00+00:00,51.5000,-4.5000,12.1972
1933-11-16T00:00:00+00:00,51.5000,-3.5000,12.6361
1933-12-16T12:00:00+00:00,53.5000,-5.5000,10.2035
1933-12-16T12:00:00+00:00,53.5000,-4.5000,10.0313
1933-12-16T12:00:00+00:00,53.5000,-3.5000,9.7875
1933-12-16T12:00:00+00:00,52.5000,-6.5000,10.5845
1933-12-16T12:00:00+00:00,52.5000,-5.5000,10.3870
1933-12-16T12:00:00+00:00,52.5000,-4.5000,10.2579
1933-12-16T12:00:00+00:00,51.5000,-6.5000,10.7027
1933-12-16T12:00:00+00:00,51.5000,-5.5000,10.6786
1933-12-16T12:00:00+00:00,51.5000,-4.5000,10.5640
1933-12-16T12:00:00+00:00,51.5000,-3.5000,10.5291
1934-01-16T12:00:00+00:00,53.5000,-5.5000,9.4337
1934-01-16T12:00:00+00:00,53.5000,-4.5000,9.2841
1934-01-16T12:00:00+00:00,53.5000,-3.5000,8.9459
1934-01-16T12:00:00+00:00,52.5000,-6.5000,10.2148
1934-01-16T12:00:00+00:00,52.5000,-5.5000,9.8586
1934-01-16T12:00:00+00:00,52.5000,-4.5000,9.6805
1934-01-16T12:00:00+00:00,51.5000,-6.5000,10.3912
1934-01-16T12:00:00+00:00,51.5000,-5.5000,10.2355
1934-01-16T12:00:00+00:00,51.5000,-4.5000,10.0299
1934-01-16T12:00:00+00:00,51.5000,-3.5000,10.0053
1934-02-15T00:00:00+00:00,53.5000,-5.5000,8.2003
1934-02-15T00:00:00+00:00,53.5000,-4.5000,8.0497
1934-02-15T00:00:00+00:00,53.5000,-3.5000,7.8372
1934-02-15T00:00:00+00:00,52.5000,-6.5000,8.9854
1934-02-15T00:00:00+00:00,52.5000,-5.5000,8.5422
1934-02-15T00:00:00+00:00,52.5000,-4.5000,8.3571
1934-02-15T00:00:00+00:00,51.5000,-6.5000,9.2162
1934-02-15T00:00:00+00:00,51.5000,-5.5000,8.9994
1934-02-15T00:00:00+00:00,51.5000,-4.5000,8.7882
1934-02-15T00:00:00+00:00,51.5000,-3.5000,8.8463
1934-03-16T12:00:00+00:00,53.5000,-5.5000,7.9676
1934-03-16T12:00:00+00:00,53.5000,-4.5000,7.8179
1934-03-16T12:00:00+00:00,53.5000,-3.5000,7.6051
1934-03-16T12:00:00+00:00,52.5000,-6.5000,8.6517
1934-03-16T12:00:00+00:00,52.5000,-5.5000,8.1971
1934-03-16T12:00:00+00:00,52.5000,-4.5000,8.0701
1934-03-16T12:00:00+00:00,51.5000,-6.5000,8.9080
1934-03-16T12:00:00+00:00,51.5000,-5.5000,8.6772
1934-03-16T12:00:00+00:00,51.5000,-4.5000,8.5346
1934-03-16T12:00:00+00:00,51.5000,-3.5000,8.7538
1934-04-16T00:00:00+00:00,53.5000,-5.5000,7.9962
1934-04-16T00:00:00+00:00,53.5000,-4.5000,7.9628
1934-04-16T00:00:00+00:00,53.5000,-3.5000,7.9438
1934-04-16T00:00:00+00:00,52.5000,-6.5000,8.6322
1934-04-16T00:00:00+00:00,52.5000,-5.5000,8.2487
1934-04-16T00:00:00+00:00,52.5000,-4.5000,8.1775
1934-04-16T00:00:00+00:00,51.5000,-6.5000,8.8694
1934-04-16T00:00:00+00:00,51.5000,-5.5000,8.6852
1934-04-16T00:00:00+00:00,51.5000,-4.5000,8.6037
1934-04-16T00:00:00+00:00,51.5000,-3.5000,8.8260
1934-05-16T12:00:00+00:00,53.5000,-5.5000,9.4080
1934-05-16T12:00:00+00:00,53.5000,-4.5000,9.4621
1934-05-16T12:00:00+00:00,53.5000,-3.5000,9.5702
1934-05-16T12:00:00+00:00,52.5000,-6.5000,9.9929
1934-05-16T12:00:00+00:00,52.5000,-5.5000,9.6423
1934-05-16T12:00:00+00:00,52.5000,-4.5000,9.6680
1934-05-16T12:00:00+00:00,51.5000,-6.5000,10.2130
1934-05-16T12:00:00+00:00,51.5000,-5.5000,10.0760
1934-05-16T12:00:00+00:00,51.5000,-4.5000,10.1322
1934-05-16T12:00:00+00:00,51.5000,-3.5000,10.5391
1934-06-16T00:00:00+00:00,53.5000,-5.5000,12.0986
1934-06-16T00:00:00+00:00,53.5000,-4.5000,12.0695
1934-06-16T00:00:00+00:00,53.5000,-3.5000,11.9297
1934-06-16T00:00:00+00:00,52.5000,-6.5000,12.9528
1934-06-16T00:00:00+00:00,52.5000,-5.5000,12.5460
1934-06-16T00:00:00+00:00,52.5000,-4.5000,12.4887
1934-06-16T00:00:00+00:00,51.5000,-6.5000,13.2052
1934-06-16T00:00:00+00:00,51.5000,-5.5000,13.0563
1934-06-16T00:00:00+00:00,51.5000,-4.5000,12.9724
1934-06-16T00:00:00+00:00,51.5000,-3.5000,13.0598
1934-07-16T12:00:00+00:00,53.5000,-5.5000,14.6547
1934-07-16T12:00:00+00:00,53.5000,-4.5000,14.6762
1934-07-16T12:00:00+00:00,53.5000,-3.5000,14.4692
1934-07-16T12:00:00+00:00,52.5000,-6.5000,15.8394
1934-07-16T12:00:00+00:00,52.5000,-5.5000,15.3676
1934-07-16T12:00:00+00:00,52.5000,-4.5000,15.3241
1934-07-16T12:00:00+00:00,51.5000,-6.5000,16.1421
1934-07-16T12:00:00+00:00,51.5000,-5.5000,15.9815
1934-07-16T12:00:00+00:00,51.5000,-4.5000,15.9123
1934-07-16T12:00:00+00:00,51.5000,-3.5000,16.0571
1934-08-16T12:00:00+00:00,53.5000,-5.5000,14.8027
1934-08-16T12:00:00+00:00,53.5000,-4.5000,14.8520
1934-08-16T12:00:00+00:00,53.5000,-3.5000,14.7594
1934-08-16T12:00:00+00:00,52.5000,-6.5000,15.5842
1934-08-16T12:00:00+00:00,52.5000,-5.5000,15.2402
1934-08-16T12:00:00+00:00,52.5000,-4.5000,15.2930
1934-08-16T12:00:00+00:00,51.5000,-6.5000,15.8454
1934-08-16T12:00:00+00:00,51.5000,-5.5000,15.7373
1934-08-16T12:00:00+00:00,51.5000,-4.5000,15.8085
1934-08-16T12:00:00+00:00,51.5000,-3.5000,16.1909
1934-09-16T00:00:00+00:00,53.5000,-5.5000,14.6171
1934-09-16T00:00:00+00:00,53.5000,-4.5000,14.7260
1934-09-16T00:00:00+00:00,53.5000,-3.5000,14.8404
1934-09-16T00:00:00+00:00,52.5000,-6.5000,14.9571
1934-09-16T00:00:00+00:00,52.5000,-5.5000,14.8163
1934-09-16T00:00:00+00:00,52.5000,-4.5000,14.9352
1934-09-16T00:00:00+00:00,51.5000,-6.5000,15.1083
1934-09-16T00:00:00+00:00,51.5000,-5.5000,15.1123
1934-09-16T00:00:00+00:00,51.5000,-4.5000,15.3062
1934-09-16T00:00:00+00:00,51.5000,-3.5000,15.8166
1934-10-16T12:00:00+00:00,53.5000,-5.5000,13.5530
1934-10-16T12:00:00+00:00,53.5000,-4.5000,13.5937
1934-10-16T12:00:00+00:00,53.5000,-3.5000,13.6679
1934-10-16T12:00:00+00:00,52.5000,-6.5000,13.6006
1934-10-16T12:00:00+00:00,52.5000,-5.5000,13.6026
1934-10-16T12:00:00+00:00,52.5000,-4.5000,13.6847
1934-10-16T12:00:00+00:00,51.5000,-6.5000,13.6549
1934-10-16T12:00:00+00:00,51.5000,-5.5000,13.7493
1934-10-16T12:00:00+00:00,51.5000,-4.5000,13.9128
1934-10-16T12:00:00+00:00,51.5000,-3.5000,14.2456
1934-11-16T00:00:00+00:00,53.5000,-5.5000,11.4606
1934-11-16T00:00:00+00:00,53.5000,-4.5000,11.4135
1934-11-16T00:00:00+00:00,53.5000,-3.5000,11.3290
1934-11-16T00:00:00+00:00,52.5000,-6.5000,11.6408
1934-11-16T00:00:00+00:00,52.5000,-5.5000,11.5836
1934-11-16T00:00:00+00:00,52.5000,-4.5000,11.5869
1934-11-16T00:00:00+00:00,51.5000,-6.5000,11.7017
1934-11-16T00:00:00+00:00,51.5000,-5.5000,11.7780
1934-11-16T00:00:00+00:00,51.5000,-4.5000,11.8583
1934-11-16T00:00:00+00:00,51.5000,-3.5000,12.0890
1934-12-16T12:00:00+00:00,53.5000,-5.5000,10.8744
1934-12-16T12:00:00+00:00,53.5000,-4.5000,10.8208
1934-12-16T12:00:00+00:00,53.5000,-3.5000,10.6958
1934-12-16T12:00:00+00:00,52.5000,-6.5000,11.2627
1934-12-16T12:00:00+00:00,52.5000,-5.5000,11.0651
1934-12-16T12:00:00+00:00,52.5000,-4.5000,11.0510
1934-12-16T12:00:00+00:00,51.5000,-6.5000,11.3809
1934-12-16T12:00:00+00:00,51.5000,-5.5000,11.3567
1934-12-16T12:00:00+00:00,51.5000,-4.5000,11.4145
1934-12-16T12:00:00+00:00,51.5000,-3.5000,11.7817
1935-01-16T12:00:00+00:00,53.5000,-5.5000,9.5880
1935-01-16T12:00:00+00:00,53.5000,-4.5000,9.5260
1935-01-16T12:00:00+00:00,53.5000,-3.5000,9.3154
1935-01-16T12:00:00+00:00,52.5000,-6.5000,10.2834
1935-01-16T12:00:00+00:00,52.5000,-5.5000,9.9272
1935-01-16T12:00:00+00:00,52.5000,-4.5000,9.8596
1935-01-16T12:00:00+00:00,51.5000,-6.5000,10.4598
1935-01-16T12:00:00+00:00,51.5000,-5.5000,10.3041
1935-01-16T12:00:00+00:00,51.5000,-4.5000,10.2641
1935-01-16T12:00:00+00:00,51.5000,-3.5000,10.6260
1935-02-15T00:00:00+00:00,53.5000,-5.5000,8.8835
1935-02-15T00:00:00+00:00,53.5000,-4.5000,8.7325
1935-02-15T00:00:00+00:00,53.5000,-3.5000,8.4158
1935-02-15T00:00:00+00:00,52.5000,-6.5000,9.6737
1935-02-15T00:00:00+00:00,52.5000,-5.5000,9.2306
1935-02-15T00:00:00+00:00,52.5000,-4.5000,9.0943
1935-02-15T00:00:00+00:00,51.5000,-6.5000,9.9046
1935-02-15T00:00:00+00:00,51.5000,-5.5000,9.6878
1935-02-15T00:00:00+00:00,51.5000,-4.5000,9.5498
1935-02-15T00:00:00+00:00,51.5000,-3.5000,9.7789
1935-03-16T12:00:00+00:00,53.5000,-5.5000,7.9817
1935-03-16T12:00:00+00:00,53.5000,-4.5000,7.9389
1935-03-16T12:00:00+00:00,53.5000,-3.5000,7.8186
1935-03-16T12:00:00+00:00,52.5000,-6.5000,8.7974
1935-03-16T12:00:00+00:00,52.5000,-5.5000,8.3428
1935-03-16T12:00:00+00:00,52.5000,-4.5000,8.2642
1935-03-16T12:00:00+00:00,51.5000,-6.5000,9.0538
1935-03-16T12:00:00+00:00,51.5000,-5.5000,8.8230
1935-03-16T12:00:00+00:00,51.5000,-4.5000,8.7529
1935-03-16T12:00:00+00:00,51.5000,-3.5000,9.1414
1935-04-16T00:00:00+00:00,53.5000,-5.5000,8.8320
1935-04-16T00:00:00+00:00,53.5000,-4.5000,8.7991
1935-04-16T00:00:00+00:00,53.5000,-3.5000,8.6897
1935-04-16T00:00:00+00:00,52.5000,-6.5000,9.5535
1935-04-16T00:00:00+00:00,52.5000,-5.5000,9.1699
1935-04-16T00:00:00+00:00,52.5000,-4.5000,9.1019
1935-04-16T00:00:00+00:00,51.5000,-6.5000,9.7906
1935-04-16T00:00:00+00:00,51.5000,-5.5000,9.6064
1935-04-16T00:00:00+00:00,51.5000,-4.5000,9.5297
1935-04-16T00:00:00+00:00,51.5000,-3.5000,9.7632
1935-05-16T12:00:00+00:00,53.5000,-5.5000,10.0987
1935-05-16T12:00:00+00:00,53.5000,-4.5000,10.0838
1935-05-16T12:00:00+00:00,53.5000,-3.5000,9.9896
1935-05-16T12:00:00+00:00,52.5000,-6.5000,10.7959
1935-05-16T12:00:00+00:00,52.5000,-5.5000,10.4453
1935-05-16T12:00:00+00:00,52.5000,-4.5000,10.4123
1935-05-16T12:00:00+00:00,51.5000,-6.5000,11.0160
1935-05-16T12:00:00+00:00,51.5000,-5.5000,10.8790
1935-05-16T12:00:00+00:00,51.5000,-4.5000,10.8473
1935-05-16T12:00:00+00:00,51.5000,-3.5000,11.0489
1935-06-16T00:00:00+00:00,53.5000,-5.5000,11.2519
1935-06-16T00:00:00+00:00,53.5000,-4.5000,11.2424
1935-06-16T00:00:00+00:00,53.5000,-3.5000,11.2338
1935-06-16T00:00:00+00:00,52.5000,-6.5000,12.0218
1935-06-16T00:00:00+00:00,52.5000,-5.5000,11.6150
1935-06-16T00:00:00+00:00,52.5000,-4.5000,11.5636
1935-06-16T00:00:00+00:00,51.5000,-6.5000,12.2742
1935-06-16T00:00:00+00:00,51.5000,-5.5000,12.1253
1935-06-16T00:00:00+00:00,51.5000,-4.5000,12.0502
1935-06-16T00:00:00+00:00,51.5000,-3.5000,12.1582
1935-07-16T12:00:00+00:00,53.5000,-5.5000,13.6359
1935-07-16T12:00:00+00:00,53.5000,-4.5000,13.7247
1935-07-16T12:00:00+00:00,53.5000,-3.5000,13.7595
1935-07-16T12:00:00+00:00,52.5000,-6.5000,14.5955
1935-07-16T12:00:00+00:00,52.5000,-5.5000,14.1237
1935-07-16T12:00:00+00:00,52.5000,-4.5000,14.1728
1935-07-16T12:00:00+00:00,51.5000,-6.5000,14.8982
1935-07-16T12:00:00+00:00,51.5000,-5.5000,14.7376
1935-07-16T12:00:00+00:00,51.5000,-4.5000,14.8073
1935-07-16T12:00:00+00:00,51.5000,-3.5000,15.2762
1935-08-16T12:00:00+00:00,53.5000,-5.5000,14.8037
1935-08-16T12:00:00+00:00,53.5000,-4.5000,14.8817
1935-08-16T12:00:00+00:00,53.5000,-3.5000,14.7839
1935-08-16T12:00:00+00:00,52.5000,-6.5000,15.6752
1935-08-16T12:00:00+00:00,52.5000,-5.5000,15.3312
1935-08-16T12:00:00+00:00,52.5000,-4.5000,15.3847
1935-08-16T12:00:00+00:00,51.5000,-6.5000,15.9364
1935-08-16T12:00:00+00:00,51.5000,-5.5000,15.8283
1935-08-16T12:00:00+00:00,51.5000,-4.5000,15.9005
1935-08-16T12:00:00+00:00,51.5000,-3.5000,16.2853
1935-09-16T00:00:00+00:00,53.5000,-5.5000,14.3578
1935-09-16T00:00:00+00:00,53.5000,-4.5000,14.4304
1935-09-16T00:00:00+00:00,53.5000,-3.5000,14.4602
1935-09-16T00:00:00+00:00,52.5000,-6.5000,14.7784
1935-09-16T00:00:00+00:00,52.5000,-5.5000,14.6376
1935-09-16T00:00:00+00:00,52.5000,-4.5000,14.7039
1935-09-16T00:00:00+00:00,51.5000,-6.5000,14.9297
1935-09-16T00:00:00+00:00,51.5000,-5.5000,14.9337
1935-09-16T00:00:00+00:00,51.5000,-4.5000,15.0486
1935-09-16T00:00:00+00:00,51.5000,-3.5000,15.3749
1935-10-16T12:00:00+00:00,53.5000,-5.5000,13.1753
1935-10-16T12:00:00+00:00,53.5000,-4.5000,13.2427
1935-10-16T12:00:00+00:00,53.5000,-3.5000,13.3326
1935-10-16T12:00:00+00:00,52.5000,-6.5000,13.2806
1935-10-16T12:00:00+00:00,52.5000,-5.5000,13.2826
1935-10-16T12:00:00+00:00,52.5000,-4.5000,13.3679
1935-10-16T12:00:00+00:00,51.5000,-6.5000,13.3349
1935-10-16T12:00:00+00:00,51.5000,-5.5000,13.4293
1935-10-16T12:00:00+00:00,51.5000,-4.5000,13.5977
1935-10-16T12:00:00+00:00,51.5000,-3.5000,13.9419
1935-11-16T00:00:00+00:00,53.5000,-5.5000,11.3291
1935-11-16T00:00:00+00:00,53.5000,-4.5000,11.4081
1935-11-16T00:00:00+00:00,53.5000,-3.5000,11.5180
1935-11-16T00:00:00+00:00,52.5000,-6.5000,11.4725
1935-11-16T00:00:00+00:00,52.5000,-5.5000,11.4153
1935-11-16T00:00:00+00:00,52.5000,-4.5000,11.5288
1935-11-16T00:00:00+00:00,51.5000,-6.5000,11.5334
1935-11-16T00:00:00+00:00,51.5000,-5.5000,11.6096
1935-11-16T00:00:00+00:00,51.5000,-4.5000,11.8552
1935-11-16T00:00:00+00:00,51.5000,-3.5000,12.4717
1935-12-16T12:00:00+00:00,53.5000,-5.5000,9.9995
1935-12-16T12:00:00+00:00,53.5000,-4.5000,9.9149
1935-12-16T12:00:00+00:00,53.5000,-3.5000,9.8034
1935-12-16T12:00:00+00:00,52.5000,-6.5000,10.3372
1935-12-16T12:00:00+00:00,52.5000,-5.5000,10.1396
1935-12-16T12:00:00+00:00,52.5000,-4.5000,10.0976
1935-12-16T12:00:00+00:00,51.5000,-6.5000,10.4554
1935-12-16T12:00:00+00:00,51.5000,-5.5000,10.4313
1935-12-16T12:00:00+00:00,51.5000,-4.5000,10.4472
1935-12-16T12:00:00+00:00,51.5000,-3.5000,10.7169
1936-01-16T12:00:00+00:00,53.5000,-5.5000,8.8778
1936-01-16T12:00:00+00:00,53.5000,-4.5000,8.8365
1936-01-16T12:00:00+00:00,53.5000,-3.5000,8.6593
1936-01-16T12:00:00+00:00,52.5000,-6.5000,9.6125
1936-01-16T12:00:00+00:00,52.5000,-5.5000,9.2563
1936-01-16T12:00:00+00:00,52.5000,-4.5000,9.1834
1936-01-16T12:00:00+00:00,51.5000,-6.5000,9.7889
1936-01-16T12:00:00+00:00,51.5000,-5.5000,9.6331
1936-01-16T12:00:00+00:00,51.5000,-4.5000,9.5853
1936-01-16T12:00:00+00:00,51.5000,-3.5000,9.9288
1936-02-15T12:00:00+00:00,53.5000,-5.5000,8.1482
1936-02-15T12:00:00+00:00,53.5000,-4.5000,8.0386
1936-02-15T12:00:00+00:00,53.5000,-3.5000,7.7263
1936-02-15T12:00:00+00:00,52.5000,-6.5000,9.0687
1936-02-15T12:00:00+00:00,52.5000,-5.5000,8.6255
1936-02-15T12:00:00+00:00,52.5000,-4.5000,8.4840
1936-02-15T12:00:00+00:00,51.5000,-6.5000,9.2995
1936-02-15T12:00:00+00:00,51.5000,-5.5000,9.0827
1936-02-15T12:00:00+00:00,51.5000,-4.5000,8.9369
1936-02-15T12:00:00+00:00,51.5000,-3.5000,9.1476
1936-03-16T12:00:00+00:00,53.5000,-5.5000,7.9731
1936-03-16T12:00:00+00:00,53.5000,-4.5000,7.9161
1936-03-16T12:00:00+00:00,53.5000,-3.5000,7.6181
1936-03-16T12:00:00+00:00,52.5000,-6.5000,8.8920
1936-03-16T12:00:00+00:00,52.5000,-5.5000,8.4374
1936-03-16T12:00:00+00:00,52.5000,-4.5000,8.3749
1936-03-16T12:00:00+00:00,51.5000,-6.5000,9.1483
1936-03-16T12:00:00+00:00,51.5000,-5.5000,8.9175
1936-03-16T12:00:00+00:00,51.5000,-4.5000,8.8716
1936-03-16T12:00:00+00:00,51.5000,-3.5000,9.3163
1936-04-16T00:00:00+00:00,53.5000,-5.5000,8.4108
1936-04-16T00:00:00+00:00,53.5000,-4.5000,8.3953
1936-04-16T00:00:00+00:00,53.5000,-3.5000,8.3143
1936-04-16T00:00:00+00:00,52.5000,-6.5000,9.0655
1936-04-16T00:00:00+00:00,52.5000,-5.5000,8.6819
1936-04-16T00:00:00+00:00,52.5000,-4.5000,8.6591
1936-04-16T00:00:00+00:00,51.5000,-6.5000,9.3026
1936-04-16T00:00:00+00:00,51.5000,-5.5000,9.1184
1936-04-16T00:00:00+00:00,51.5000,-4.5000,9.1095
1936-04-16T00:00:00+00:00,51.5000,-3.5000,9.5012
1936-05-16T12:00:00+00:00,53.5000,-5.5000,9.7490
1936-05-16T12:00:00+00:00,53.5000,-4.5000,9.7754
1936-05-16T12:00:00+00:00,53.5000,-3.5000,9.7817
1936-05-16T12:00:00+00:00,52.5000,-6.5000,10.4089
1936-05-16T12:00:00+00:00,52.5000,-5.5000,10.0583
1936-05-16T12:00:00+00:00,52.5000,-4.5000,10.0556
1936-05-16T12:00:00+00:00,51.5000,-6.5000,10.6290
1936-05-16T12:00:00+00:00,51.5000,-5.5000,10.4920
1936-05-16T12:00:00+00:00,51.5000,-4.5000,10.5057
1936-05-16T12:00:00+00:00,51.5000,-3.5000,10.8135
1936-06-16T00:00:00+00:00,53.5000,-5.5000,11.9329
1936-06-16T00:00:00+00:00,53.5000,-4.5000,11.9378
1936-06-16T00:00:00+00:00,53.5000,-3.5000,11.9100
1936-06-16T00:00:00+00:00,52.5000,-6.5000,12.7301
1936-06-16T00:00:00+00:00,52.5000,-5.5000,12.3233
1936-06-16T00:00:00+00:00,52.5000,-4.5000,12.2895
1936-06-16T00:00:00+00:00,51.5000,-6.5000,12.9825
1936-06-16T00:00:00+00:00,51.5000,-5.5000,12.8335
1936-06-16T00:00:00+00:00,51.5000,-4.5000,12.7849
1936-06-16T00:00:00+00:00,51.5000,-3.5000,12.9545
1936-07-16T12:00:00+00:00,53.5000,-5.5000,13.8233
1936-07-16T12:00:00+00:00,53.5000,-4.5000,13.9061
1936-07-16T12:00:00+00:00,53.5000,-3.5000,14.0172
1936-07-16T12:00:00+00:00,52.5000,-6.5000,14.7300
1936-07-16T12:00:00+00:00,52.5000,-5.5000,14.2582
1936-07-16T12:00:00+00:00,52.5000,-4.5000,14.2865
1936-07-16T12:00:00+00:00,51.5000,-6.5000,15.0327
1936-07-16T12:00:00+00:00,51.5000,-5.5000,14.8721
1936-07-16T12:00:00+00:00,51.5000,-4.5000,14.9105
1936-07-16T12:00:00+00:00,51.5000,-3.5000,15.3063
1936-08-16T12:00:00+00:00,53.5000,-5.5000,14.6480
1936-08-16T12:00:00+00:00,53.5000,-4.5000,14.7199
1936-08-16T12:00:00+00:00,53.5000,-3.5000,14.7420
1936-08-16T12:00:00+00:00,52.5000,-6.5000,15.3972
1936-08-16T12:00:00+00:00,52.5000,-5.5000,15.0532
1936-08-16T12:00:00+00:00,52.5000,-4.5000,15.0986
1936-08-16T12:00:00+00:00,51.5000,-6.5000,15.6584
1936-08-16T12:00:00+00:00,51.5000,-5.5000,15.5503
1936-08-16T12:00:00+00:00,51.5000,-4.5000,15.6105
1936-08-16T12:00:00+00:00,51.5000,-3.5000,15.9672
1936-09-16T00:00:00+00:00,53.5000,-5.5000,15.4426
1936-09-16T00:00:00+00:00,53.5000,-4.5000,15.4348
1936-09-16T00:00:00+00:00,53.5000,-3.5000,15.3281
1936-09-16T00:00:00+00:00,52.5000,-6.5000,15.8555
1936-09-16T00:00:00+00:00,52.5000,-5.5000,15.7147
1936-09-16T00:00:00+00:00,52.5000,-4.5000,15.7325
1936-09-16T00:00:00+00:00,51.5000,-6.5000,16.0067
1936-09-16T00:00:00+00:00,51.5000,-5.5000,16.0107
1936-09-16T00:00:00+00:00,51.5000,-4.5000,16.0530
1936-09-16T00:00:00+00:00,51.5000,-3.5000,16.2097
1936-10-16T12:00:00+00:00,53.5000,-5.5000,13.9680
1936-10-16T12:00:00+00:00,53.5000,-4.5000,13.9400
1936-10-16T12:00:00+00:00,53.5000,-3.5000,13.8584
1936-10-16T12:00:00+00:00,52.5000,-6.5000,14.1156
1936-10-16T12:00:00+00:00,52.5000,-5.5000,14.1176
1936-10-16T12:00:00+00:00,52.5000,-4.5000,14.1244
1936-10-16T12:00:00+00:00,51.5000,-6.5000,14.1699
1936-10-16T12:00:00+00:00,51.5000,-5.5000,14.2643
1936-10-16T12:00:00+00:00,51.5000,-4.5000,14.3150
1936-10-16T12:00:00+00:00,51.5000,-3.5000,14.3844
1936-11-16T00:00:00+00:00,53.5000,-5.5000,11.5936
1936-11-16T00:00:00+00:00,53.5000,-4.5000,11.5716
1936-11-16T00:00:00+00:00,53.5000,-3.5000,11.5595
1936-11-16T00:00:00+00:00,52.5000,-6.5000,11.7335
1936-11-16T00:00:00+00:00,52.5000,-5.5000,11.6763
1936-11-16T00:00:00+00:00,52.5000,-4.5000,11.7012
1936-11-16T00:00:00+00:00,51.5000,-6.5000,11.7944
1936-11-16T00:00:00+00:00,51.5000,-5.5000,11.8706
1936-11-16T00:00:00+00:00,51.5000,-4.5000,11.9833
1936-11-16T00:00:00+00:00,51.5000,-3.5000,12.2897
1936-12-16T12:00:00+00:00,53.5000,-5.5000,10.1634
1936-12-16T12:00:00+00:00,53.5000,-4.5000,10.0755
1936-12-16T12:00:00+00:00,53.5000,-3.5000,9.8891
1936-12-16T12:00:00+00:00,52.5000,-6.5000,10.5787
1936-12-16T12:00:00+00:00,52.5000,-5.5000,10.3811
1936-12-16T12:00:00+00:00,52.5000,-4.5000,10.3328
1936-12-16T12:00:00+00:00,51.5000,-6.5000,10.6969
1936-12-16T12:00:00+00:00,51.5000,-5.5000,10.6727
1936-12-16T12:00:00+00:00,51.5000,-4.5000,10.6792
1936-12-16T12:00:00+00:00,51.5000,-3.5000,10.9267
1937-01-16T12:00:00+00:00,53.5000,-5.5000,9.3255
1937-01-16T12:00:00+00:00,53.5000,-4.5000,9.2804
1937-01-16T12:00:00+00:00,53.5000,-3.5000,9.1037
1937-01-16T12:00:00+00:00,52.5000,-6.5000,10.0452
1937-01-16T12:00:00+00:00,52.5000,-5.5000,9.6889
1937-01-16T12:00:00+00:00,52.5000,-4.5000,9.6174
1937-01-16T12:00:00+00:00,51.5000,-6.5000,10.2215
1937-01-16T12:00:00+00:00,51.5000,-5.5000,10.0658
1937-01-16T12:00:00+00:00,51.5000,-4.5000,10.0201
1937-01-16T12:00:00+00:00,51.5000,-3.5000,10.3685
1937-02-15T00:00:00+00:00,53.5000,-5.5000,8.3844
1937-02-15T00:00:00+00:00,53.5000,-4.5000,8.2856
1937-02-15T00:00:00+00:00,53.5000,-3.5000,7.9594
1937-02-15T00:00:00+00:00,52.5000,-6.5000,9.3403
1937-02-15T00:00:00+00:00,52.5000,-5.5000,8.8971
1937-02-15T00:00:00+00:00,52.5000,-4.5000,8.7611
1937-02-15T00:00:00+00:00,51.5000,-6.5000,9.5711
1937-02-15T00:00:00+00:00,51.5000,-5.5000,9.3543
1937-02-15T00:00:00+00:00,51.5000,-4.5000,9.2167
1937-02-15T00:00:00+00:00,51.5000,-3.5000,9.4464
1937-03-16T12:00:00+00:00,53.5000,-5.5000,7.6230
1937-03-16T12:00:00+00:00,53.5000,-4.5000,7.5267
1937-03-16T12:00:00+00:00,53.5000,-3.5000,7.0905
1937-03-16T12:00:00+00:00,52.5000,-6.5000,8.6712
1937-03-16T12:00:00+00:00,52.5000,-5.5000,8.2166
1937-03-16T12:00:00+00:00,52.5000,-4.5000,8.0995
1937-03-16T12:00:00+00:00,51.5000,-6.5000,8.9276
1937-03-16T12:00:00+00:00,51.5000,-5.5000,8.6968
1937-03-16T12:00:00+00:00,51.5000,-4.5000,8.5689
1937-03-16T12:00:00+00:00,51.5000,-3.5000,8.8224
1937-04-16T00:00:00+00:00,53.5000,-5.5000,8.5066
1937-04-16T00:00:00+00:00,53.5000,-4.5000,8.4985
1937-04-16T00:00:00+00:00,53.5000,-3.5000,8.3124
1937-04-16T00:00:00+00:00,52.5000,-6.5000,9.2905
1937-04-16T00:00:00+00:00,52.5000,-5.5000,8.9069
1937-04-16T00:00:00+00:00,52.5000,-4.5000,8.8834
1937-04-16T00:00:00+00:00,51.5000,-6.5000,9.5276
1937-04-16T00:00:00+00:00,51.5000,-5.5000,9.3434
1937-04-16T00:00:00+00:00,51.5000,-4.5000,9.3334
1937-04-16T00:00:00+00:00,51.5000,-3.5000,9.7226
1937-05-16T12:00:00+00:00,53.5000,-5.5000,10.0235
1937-05-16T12:00:00+00:00,53.5000,-4.5000,10.1043
1937-05-16T12:00:00+00:00,53.5000,-3.5000,10.0654
1937-05-16T12:00:00+00:00,52.5000,-6.5000,10.8219
1937-05-16T12:00:00+00:00,52.5000,-5.5000,10.4713
1937-05-16T12:00:00+00:00,52.5000,-4.5000,10.5038
1937-05-16T12:00:00+00:00,51.5000,-6.5000,11.0420
1937-05-16T12:00:00+00:00,51.5000,-5.5000,10.9050
1937-05-16T12:00:00+00:00,51.5000,-4.5000,10.9715
1937-05-16T12:00:00+00:00,51.5000,-3.5000,11.4022
1937-06-16T00:00:00+00:00,53.5000,-5.5000,12.0130
1937-06-16T00:00:00+00:00,53.5000,-4.5000,12.1072
1937-06-16T00:00:00+00:00,53.5000,-3.5000,12.1301
1937-06-16T00:00:00+00:00,52.5000,-6.5000,12.9248
1937-06-16T00:00:00+00:00,52.5000,-5.5000,12.5180
1937-06-16T00:00:00+00:00,52.5000,-4.5000,12.5355
1937-06-16T00:00:00+00:00,51.5000,-6.5000,13.1772
1937-06-16T00:00:00+00:00,51.5000,-5.5000,13.0283
1937-06-16T00:00:00+00:00,51.5000,-4.5000,13.0565
1937-06-16T00:00:00+00:00,51.5000,-3.5000,13.4056
1937-07-16T12:00:00+00:00,53.5000,-5.5000,13.9679
1937-07-16T12:00:00+00:00,53.5000,-4.5000,14.0249
1937-07-16T12:00:00+00:00,53.5000,-3.5000,13.8735
1937-07-16T12:00:00+00:00,52.5000,-6.5000,15.0974
1937-07-16T12:00:00+00:00,52.5000,-5.5000,14.6256
1937-07-16T12:00:00+00:00,52.5000,-4.5000,14.6352
1937-07-16T12:00:00+00:00,51.5000,-6.5000,15.4001
1937-07-16T12:00:00+00:00,51.5000,-5.5000,15.2395
1937-07-16T12:00:00+00:00,51.5000,-4.5000,15.2498
1937-07-16T12:00:00+00:00,51.5000,-3.5000,15.5801
1937-08-16T12:00:00+00:00,53.5000,-5.5000,15.6779
1937-08-16T12:00:00+00:00,53.5000,-4.5000,15.6806
1937-08-16T12:00:00+00:00,53.5000,-3.5000,15.3903
1937-08-16T12:00:00+00:00,52.5000,-6.5000,16.6481
1937-08-16T12:00:00+00:00,52.5000,-5.5000,16.3040
1937-08-16T12:00:00+00:00,52.5000,-4.5000,16.2915
1937-08-16T12:00:00+00:00,51.5000,-6.5000,16.9093
1937-08-16T12:00:00+00:00,51.5000,-5.5000,16.8012
1937-08-16T12:00:00+00:00,51.5000,-4.5000,16.7743
1937-08-16T12:00:00+00:00,51.5000,-3.5000,16.9279
1937-09-16T00:00:00+00:00,53.5000,-5.5000,14.6679
1937-09-16T00:00:00+00:00,53.5000,-4.5000,14.7527
1937-09-16T00:00:00+00:00,53.5000,-3.5000,14.7731
1937-09-16T00:00:00+00:00,52.5000,-6.5000,15.1075
1937-09-16T00:00:00+00:00,52.5000,-5.5000,14.9667
1937-09-16T00:00:00+00:00,52.5000,-4.5000,15.0466
1937-09-16T00:00:00+00:00,51.5000,-6.5000,15.2587
1937-09-16T00:00:00+00:00,51.5000,-5.5000,15.2627
1937-09-16T00:00:00+00:00,51.5000,-4.5000,15.3982
1937-09-16T00:00:00+00:00,51.5000,-3.5000,15.7723
1937-10-16T12:00:00+00:00,53.5000,-5.5000,13.7714
1937-10-16T12:00:00+00:00,53.5000,-4.5000,13.8666
1937-10-16T12:00:00+00:00,53.5000,-3.5000,13.9517
1937-10-16T12:00:00+00:00,52.5000,-6.5000,13.9358
1937-10-16T12:00:00+00:00,52.5000,-5.5000,13.9379
1937-10-16T12:00:00+00:00,52.5000,-4.5000,14.0379
1937-10-16T12:00:00+00:00,51.5000,-6.5000,13.9902
1937-10-16T12:00:00+00:00,51.5000,-5.5000,14.0846
1937-10-16T12:00:00+00:00,51.5000,-4.5000,14.2750
1937-10-16T12:00:00+00:00,51.5000,-3.5000,14.6706
1937-11-16T00:00:00+00:00,53.5000,-5.5000,12.2439
1937-11-16T00:00:00+00:00,53.5000,-4.5000,12.2684
1937-11-16T00:00:00+00:00,53.5000,-3.5000,12.2115
1937-11-16T00:00:00+00:00,52.5000,-6.5000,12.4815
1937-11-16T00:00:00+00:00,52.5000,-5.5000,12.4243
1937-11-16T00:00:00+00:00,52.5000,-4.5000,12.4925
1937-11-16T00:00:00+00:00,51.5000,-6.5000,12.5424
1937-11-16T00:00:00+00:00,51.5000,-5.5000,12.6186
1937-11-16T00:00:00+00:00,51.5000,-4.5000,12.7964
1937-11-16T00:00:00+00:00,51.5000,-3.5000,13.2546
1937-12-16T12:00:00+00:00,53.5000,-5.5000,10.2815
1937-12-16T12:00:00+00:00,53.5000,-4.5000,10.2017
1937-12-16T12:00:00+00:00,53.5000,-3.5000,9.9751
1937-12-16T12:00:00+00:00,52.5000,-6.5000,10.6893
1937-12-16T12:00:00+00:00,52.5000,-5.5000,10.4918
1937-12-16T12:00:00+00:00,52.5000,-4.5000,10.4794
1937-12-16T12:00:00+00:00,51.5000,-6.5000,10.8075
1937-12-16T12:00:00+00:00,51.5000,-5.5000,10.7834
1937-12-16T12:00:00+00:00,51.5000,-4.5000,10.8437
1937-12-16T12:00:00+00:00,51.5000,-3.5000,11.2171
1938-01-16T12:00:00+00:00,53.5000,-5.5000,9.3948
1938-01-16T12:00:00+00:00,53.5000,-4.5000,9.3134
1938-01-16T12:00:00+00:00,53.5000,-3.5000,9.1167
1938-01-16T12:00:00+00:00,52.5000,-6.5000,10.0326
1938-01-16T12:00:00+00:00,52.5000,-5.5000,9.6764
1938-01-16T12:00:00+00:00,52.5000,-4.5000,9.6014
1938-01-16T12:00:00+00:00,51.5000,-6.5000,10.2090
1938-01-16T12:00:00+00:00,51.5000,-5.5000,10.0533
1938-01-16T12:00:00+00:00,51.5000,-4.5000,10.0023
1938-01-16T12:00:00+00:00,51.5000,-3.5000,10.3383
1938-02-15T00:00:00+00:00,53.5000,-5.5000,8.6050
1938-02-15T00:00:00+00:00,53.5000,-4.5000,8.4601
1938-02-15T00:00:00+00:00,53.5000,-3.5000,8.1183
1938-02-15T00:00:00+00:00,52.5000,-6.5000,9.4337
1938-02-15T00:00:00+00:00,52.5000,-5.5000,8.9905
1938-02-15T00:00:00+00:00,52.5000,-4.5000,8.8567
1938-02-15T00:00:00+00:00,51.5000,-6.5000,9.6645
1938-02-15T00:00:00+00:00,51.5000,-5.5000,9.4477
1938-02-15T00:00:00+00:00,51.5000,-4.5000,9.3135
1938-02-15T00:00:00+00:00,51.5000,-3.5000,9.5513
1938-03-16T12:00:00+00:00,53.5000,-5.5000,8.6593
1938-03-16T12:00:00+00:00,53.5000,-4.5000,8.5351
1938-03-16T12:00:00+00:00,53.5000,-3.5000,8.3213
1938-03-16T12:00:00+00:00,52.5000,-6.5000,9.4746
1938-03-16T12:00:00+00:00,52.5000,-5.5000,9.0200
1938-03-16T12:00:00+00:00,52.5000,-4.5000,8.8664
1938-03-16T12:00:00+00:00,51.5000,-6.5000,9.7309
1938-03-16T12:00:00+00:00,51.5000,-5.5000,9.5001
1938-03-16T12:00:00+00:00,51.5000,-4.5000,9.3175
1938-03-16T12:00:00+00:00,51.5000,-3.5000,9.4434
1938-04-16T00:00:00+00:00,53.5000,-5.5000,9.2332
1938-04-16T00:00:00+00:00,53.5000,-4.5000,9.1881
1938-04-16T00:00:00+00:00,53.5000,-3.5000,9.0905
1938-04-16T00:00:00+00:00,52.5000,-6.5000,9.9805
1938-04-16T00:00:00+00:00,52.5000,-5.5000,9.5969
1938-04-16T00:00:00+00:00,52.5000,-4.5000,9.4918
1938-04-16T00:00:00+00:00,51.5000,-6.5000,10.2176
1938-04-16T00:00:00+00:00,51.5000,-5.5000,10.0334
1938-04-16T00:00:00+00:00,51.5000,-4.5000,9.9010
1938-04-16T00:00:00+00:00,51.5000,-3.5000,10.0046
1938-05-16T12:00:00+00:00,53.5000,-5.5000,10.2848
1938-05-16T12:00:00+00:00,53.5000,-4.5000,10.2406
1938-05-16T12:00:00+00:00,53.5000,-3.5000,10.1204
1938-05-16T12:00:00+00:00,52.5000,-6.5000,10.9769
1938-05-16T12:00:00+00:00,52.5000,-5.5000,10.6263
1938-05-16T12:00:00+00:00,52.5000,-4.5000,10.5651
1938-05-16T12:00:00+00:00,51.5000,-6.5000,11.1970
1938-05-16T12:00:00+00:00,51.5000,-5.5000,11.0600
1938-05-16T12:00:00+00:00,51.5000,-4.5000,10.9859
1938-05-16T12:00:00+00:00,51.5000,-3.5000,11.0885
1938-06-16T00:00:00+00:00,53.5000,-5.5000,11.8885
1938-06-16T00:00:00+00:00,53.5000,-4.5000,11.8798
1938-06-16T00:00:00+00:00,53.5000,-3.5000,11.8227
1938-06-16T00:00:00+00:00,52.5000,-6.5000,12.6688
1938-06-16T00:00:00+00:00,52.5000,-5.5000,12.2620
1938-06-16T00:00:00+00:00,52.5000,-4.5000,12.2309
1938-06-16T00:00:00+00:00,51.5000,-6.5000,12.9212
1938-06-16T00:00:00+00:00,51.5000,-5.5000,12.7723
1938-06-16T00:00:00+00:00,51.5000,-4.5000,12.7276
1938-06-16T00:00:00+00:00,51.5000,-3.5000,12.9065
1938-07-16T12:00:00+00:00,53.5000,-5.5000,13.3231
1938-07-16T12:00:00+00:00,53.5000,-4.5000,13.2841
1938-07-16T12:00:00+00:00,53.5000,-3.5000,13.1676
1938-07-16T12:00:00+00:00,52.5000,-6.5000,14.2405
1938-07-16T12:00:00+00:00,52.5000,-5.5000,13.7687
1938-07-16T12:00:00+00:00,52.5000,-4.5000,13.7229
1938-07-16T12:00:00+00:00,51.5000,-6.5000,14.5432
1938-07-16T12:00:00+00:00,51.5000,-5.5000,14.3826
1938-07-16T12:00:00+00:00,51.5000,-4.5000,14.3100
1938-07-16T12:00:00+00:00,51.5000,-3.5000,14.4467
1938-08-16T12:00:00+00:00,53.5000,-5.5000,15.0040
1938-08-16T12:00:00+00:00,53.5000,-4.5000,15.0523
1938-08-16T12:00:00+00:00,53.5000,-3.5000,15.0190
1938-08-16T12:00:00+00:00,52.5000,-6.5000,15.7752
1938-08-16T12:00:00+00:00,52.5000,-5.5000,15.4312
1938-08-16T12:00:00+00:00,52.5000,-4.5000,15.4579
1938-08-16T12:00:00+00:00,51.5000,-6.5000,16.0364
1938-08-16T12:00:00+00:00,51.5000,-5.5000,15.9283
1938-08-16T12:00:00+00:00,51.5000,-4.5000,15.9604
1938-08-16T12:00:00+00:00,51.5000,-3.5000,16.2515
1938-09-16T00:00:00+00:00,53.5000,-5.5000,14.7513
1938-09-16T00:00:00+00:00,53.5000,-4.5000,14.8459
1938-09-16T00:00:00+00:00,53.5000,-3.5000,14.9419
1938-09-16T00:00:00+00:00,52.5000,-6.5000,15.1255
1938-09-16T00:00:00+00:00,52.5000,-5.5000,14.9847
1938-09-16T00:00:00+00:00,52.5000,-4.5000,15.0741
1938-09-16T00:00:00+00:00,51.5000,-6.5000,15.2767
1938-09-16T00:00:00+00:00,51.5000,-5.5000,15.2807
1938-09-16T00:00:00+00:00,51.5000,-4.5000,15.4303
1938-09-16T00:00:00+00:00,51.5000,-3.5000,15.8375
1938-10-16T12:00:00+00:00,53.5000,-5.5000,13.8644
1938-10-16T12:00:00+00:00,53.5000,-4.5000,13.9039
1938-10-16T12:00:00+00:00,53.5000,-3.5000,13.9101
1938-10-16T12:00:00+00:00,52.5000,-6.5000,13.9776
1938-10-16T12:00:00+00:00,52.5000,-5.5000,13.9796
1938-10-16T12:00:00+00:00,52.5000,-4.5000,14.0610
1938-10-16T12:00:00+00:00,51.5000,-6.5000,14.0319
1938-10-16T12:00:00+00:00,51.5000,-5.5000,14.1263
1938-10-16T12:00:00+00:00,51.5000,-4.5000,14.2889
1938-10-16T12:00:00+00:00,51.5000,-3.5000,14.6194
1938-11-16T00:00:00+00:00,53.5000,-5.5000,12.8793
1938-11-16T00:00:00+00:00,53.5000,-4.5000,12.8434
1938-11-16T00:00:00+00:00,53.5000,-3.5000,12.6716
1938-11-16T00:00:00+00:00,52.5000,-6.5000,13.1465
1938-11-16T00:00:00+00:00,52.5000,-5.5000,13.0893
1938-11-16T00:00:00+00:00,52.5000,-4.5000,13.1094
1938-11-16T00:00:00+00:00,51.5000,-6.5000,13.2074
1938-11-16T00:00:00+00:00,51.5000,-5.5000,13.2836
1938-11-16T00:00:00+00:00,51.5000,-4.5000,13.3892
1938-11-16T00:00:00+00:00,51.5000,-3.5000,13.6790
1938-12-16T12:00:00+00:00,53.5000,-5.5000,10.7173
1938-12-16T12:00:00+00:00,53.5000,-4.5000,10.6467
1938-12-16T12:00:00+00:00,53.5000,-3.5000,10.4508
1938-12-16T12:00:00+00:00,52.5000,-6.5000,11.1847
1938-12-16T12:00:00+00:00,52.5000,-5.5000,10.9871
1938-12-16T12:00:00+00:00,52.5000,-4.5000,10.9435
1938-12-16T12:00:00+00:00,51.5000,-6.5000,11.3029
1938-12-16T12:00:00+00:00,51.5000,-5.5000,11.2787
1938-12-16T12:00:00+00:00,51.5000,-4.5000,11.2922
1938-12-16T12:00:00+00:00,51.5000,-3.5000,11.5560
1939-01-16T12:00:00+00:00,53.5000,-5.5000,9.4684
1939-01-16T12:00:00+00:00,53.5000,-4.5000,9.4048
1939-01-16T12:00:00+00:00,53.5000,-3.5000,9.1873
1939-01-16T12:00:00+00:00,52.5000,-6.5000,10.2150
1939-01-16T12:00:00+00:00,52.5000,-5.5000,9.8588
1939-01-16T12:00:00+00:00,52.5000,-4.5000,9.7665
1939-01-16T12:00:00+00:00,51.5000,-6.5000,10.3914
1939-01-16T12:00:00+00:00,51.5000,-5.5000,10.2357
1939-01-16T12:00:00+00:00,51.5000,-4.5000,10.1588
1939-01-16T12:00:00+00:00,51.5000,-3.5000,10.4344
1939-02-15T00:00:00+00:00,53.5000,-5.5000,8.8266
1939-02-15T00:00:00+00:00,53.5000,-4.5000,8.6729
1939-02-15T00:00:00+00:00,53.5000,-3.5000,8.3316
1939-02-15T00:00:00+00:00,52.5000,-6.5000,9.6667
1939-02-15T00:00:00+00:00,52.5000,-5.5000,9.2235
1939-02-15T00:00:00+00:00,52.5000,-4.5000,9.0705
1939-02-15T00:00:00+00:00,51.5000,-6.5000,9.8975
1939-02-15T00:00:00+00:00,51.5000,-5.5000,9.6807
1939-02-15T00:00:00+00:00,51.5000,-4.5000,9.5177
1939-02-15T00:00:00+00:00,51.5000,-3.5000,9.6882
1939-03-16T12:00:00+00:00,53.5000,-5.5000,8.3340
1939-03-16T12:00:00+00:00,53.5000,-4.5000,8.1887
1939-03-16T12:00:00+00:00,53.5000,-3.5000,7.8941
1939-03-16T12:00:00+00:00,52.5000,-6.5000,9.2054
1939-03-16T12:00:00+00:00,52.5000,-5.5000,8.7508
1939-03-16T12:00:00+00:00,52.5000,-4.5000,8.5778
1939-03-16T12:00:00+00:00,51.5000,-6.5000,9.4618
1939-03-16T12:00:00+00:00,51.5000,-5.5000,9.2310
1939-03-16T12:00:00+00:00,51.5000,-4.5000,9.0192
1939-03-16T12:00:00+00:00,51.5000,-3.5000,9.0771
1939-04-16T00:00:00+00:00,53.5000,-5.5000,8.8694
1939-04-16T00:00:00+00:00,53.5000,-4.5000,8.8262
1939-04-16T00:00:00+00:00,53.5000,-3.5000,8.6618
1939-04-16T00:00:00+00:00,52.5000,-6.5000,9.6395
1939-04-16T00:00:00+00:00,52.5000,-5.5000,9.2559
1939-04-16T00:00:00+00:00,52.5000,-4.5000,9.1758
1939-04-16T00:00:00+00:00,51.5000,-6.5000,9.8766
1939-04-16T00:00:00+00:00,51.5000,-5.5000,9.6924
1939-04-16T00:00:00+00:00,51.5000,-4.5000,9.5976
1939-04-16T00:00:00+00:00,51.5000,-3.5000,9.7887
1939-05-16T12:00:00+00:00,53.5000,-5.5000,10.5685
1939-05-16T12:00:00+00:00,53.5000,-4.5000,10.5242
1939-05-16T12:00:00+00:00,53.5000,-3.5000,10.3438
1939-05-16T12:00:00+00:00,52.5000,-6.5000,11.2989
1939-05-16T12:00:00+00:00,52.5000,-5.5000,10.9483
1939-05-16T12:00:00+00:00,52.5000,-4.5000,10.8979
1939-05-16T12:00:00+00:00,51.5000,-6.5000,11.5190
1939-05-16T12:00:00+00:00,51.5000,-5.5000,11.3820
1939-05-16T12:00:00+00:00,51.5000,-4.5000,11.3241
1939-05-16T12:00:00+00:00,51.5000,-3.5000,11.4646
1939-06-16T00:00:00+00:00,53.5000,-5.5000,12.9141
1939-06-16T00:00:00+00:00,53.5000,-4.5000,12.9206
1939-06-16T00:00:00+00:00,53.5000,-3.5000,12.6490
1939-06-16T00:00:00+00:00,52.5000,-6.5000,13.9688
1939-06-16T00:00:00+00:00,52.5000,-5.5000,13.5620
1939-06-16T00:00:00+00:00,52.5000,-4.5000,13.5239
1939-06-16T00:00:00+00:00,51.5000,-6.5000,14.2212
1939-06-16T00:00:00+00:00,51.5000,-5.5000,14.0723
1939-06-16T00:00:00+00:00,51.5000,-4.5000,14.0171
1939-06-16T00:00:00+00:00,51.5000,-3.5000,14.1715
1939-07-16T12:00:00+00:00,53.5000,-5.5000,14.1114
1939-07-16T12:00:00+00:00,53.5000,-4.5000,14.0760
1939-07-16T12:00:00+00:00,53.5000,-3.5000,13.7017
1939-07-16T12:00:00+00:00,52.5000,-6.5000,15.3015
1939-07-16T12:00:00+00:00,52.5000,-5.5000,14.8297
1939-07-16T12:00:00+00:00,52.5000,-4.5000,14.7818
1939-07-16T12:00:00+00:00,51.5000,-6.5000,15.6042
1939-07-16T12:00:00+00:00,51.5000,-5.5000,15.4436
1939-07-16T12:00:00+00:00,51.5000,-4.5000,15.3678
1939-07-16T12:00:00+00:00,51.5000,-3.5000,15.4970
1939-08-16T12:00:00+00:00,53.5000,-5.5000,15.6302
1939-08-16T12:00:00+00:00,53.5000,-4.5000,15.6363
1939-08-16T12:00:00+00:00,53.5000,-3.5000,15.4258
1939-08-16T12:00:00+00:00,52.5000,-6.5000,16.4972
1939-08-16T12:00:00+00:00,52.5000,-5.5000,16.1532
1939-08-16T12:00:00+00:00,52.5000,-4.5000,16.1573
1939-08-16T12:00:00+00:00,51.5000,-6.5000,16.7584
1939-08-16T12:00:00+00:00,51.5000,-5.5000,16.6503
1939-08-16T12:00:00+00:00,51.5000,-4.5000,16.6485
1939-08-16T12:00:00+00:00,51.5000,-3.5000,16.8606
1939-09-16T00:00:00+00:00,53.5000,-5.5000,15.6511
1939-09-16T00:00:00+00:00,53.5000,-4.5000,15.7848
1939-09-16T00:00:00+00:00,53.5000,-3.5000,15.8561
1939-09-16T00:00:00+00:00,52.5000,-6.5000,16.0965
1939-09-16T00:00:00+00:00,52.5000,-5.5000,15.9557
1939-09-16T00:00:00+00:00,52.5000,-4.5000,16.0804
1939-09-16T00:00:00+00:00,51.5000,-6.5000,16.2477
1939-09-16T00:00:00+00:00,51.5000,-5.5000,16.2517
1939-09-16T00:00:00+00:00,51.5000,-4.5000,16.4543
1939-09-16T00:00:00+00:00,51.5000,-3.5000,16.9853
1939-10-16T12:00:00+00:00,53.5000,-5.5000,13.6853
1939-10-16T12:00:00+00:00,53.5000,-4.5000,13.7626
1939-10-16T12:00:00+00:00,53.5000,-3.5000,13.8214
1939-10-16T12:00:00+00:00,52.5000,-6.5000,13.8156
1939-10-16T12:00:00+00:00,52.5000,-5.5000,13.8176
1939-10-16T12:00:00+00:00,52.5000,-4.5000,13.9210
1939-10-16T12:00:00+00:00,51.5000,-6.5000,13.8699
1939-10-16T12:00:00+00:00,51.5000,-5.5000,13.9643
1939-10-16T12:00:00+00:00,51.5000,-4.5000,14.1598
1939-10-16T12:00:00+00:00,51.5000,-3.5000,14.5671
1939-11-16T00:00:00+00:00,53.5000,-5.5000,11.9884
1939-11-16T00:00:00+00:00,53.5000,-4.5000,12.0160
1939-11-16T00:00:00+00:00,53.5000,-3.5000,12.0460
1939-11-16T00:00:00+00:00,52.5000,-6.5000,12.1415
1939-11-16T00:00:00+00:00,52.5000,-5.5000,12.0843
1939-11-16T00:00:00+00:00,52.5000,-4.5000,12.1558
1939-11-16T00:00:00+00:00,51.5000,-6.5000,12.2024
1939-11-16T00:00:00+00:00,51.5000,-5.5000,12.2786
1939-11-16T00:00:00+00:00,51.5000,-4.5000,12.4614
1939-11-16T00:00:00+00:00,51.5000,-3.5000,12.9311
1939-12-16T12:00:00+00:00,53.5000,-5.5000,10.3854
1939-12-16T12:00:00+00:00,53.5000,-4.5000,10.2775
1939-12-16T12:00:00+00:00,53.5000,-3.5000,10.0683
1939-12-16T12:00:00+00:00,52.5000,-6.5000,10.7707
1939-12-16T12:00:00+00:00,52.5000,-5.5000,10.5731
1939-12-16T12:00:00+00:00,52.5000,-4.5000,10.5212
1939-12-16T12:00:00+00:00,51.5000,-6.5000,10.8889
1939-12-16T12:00:00+00:00,51.5000,-5.5000,10.8647
1939-12-16T12:00:00+00:00,51.5000,-4.5000,10.8657
1939-12-16T12:00:00+00:00,51.5000,-3.5000,11.1005
1940-01-16T12:00:00+00:00,53.5000,-5.5000,8.9552
1940-01-16T12:00:00+00:00,53.5000,-4.5000,8.7895
1940-01-16T12:00:00+00:00,53.5000,-3.5000,8.4573
1940-01-16T12:00:00+00:00,52.5000,-6.5000,9.6360
1940-01-16T12:00:00+00:00,52.5000,-5.5000,9.2798
1940-01-16T12:00:00+00:00,52.5000,-4.5000,9.1246
1940-01-16T12:00:00+00:00,51.5000,-6.5000,9.8124
1940-01-16T12:00:00+00:00,51.5000,-5.5000,9.6567
1940-01-16T12:00:00+00:00,51.5000,-4.5000,9.4854
1940-01-16T12:00:00+00:00,51.5000,-3.5000,9.5409
1940-02-15T12:00:00+00:00,53.5000,-5.5000,7.5907
1940-02-15T12:00:00+00:00,53.5000,-4.5000,7.3631
1940-02-15T12:00:00+00:00,53.5000,-3.5000,6.9728
1940-02-15T12:00:00+00:00,52.5000,-6.5000,8.3687
1940-02-15T12:00:00+00:00,52.5000,-5.5000,7.9255
1940-02-15T12:00:00+00:00,52.5000,-4.5000,7.7174
1940-02-15T12:00:00+00:00,51.5000,-6.5000,8.5995
1940-02-15T12:00:00+00:00,51.5000,-5.5000,8.3827
1940-02-15T12:00:00+00:00,51.5000,-4.5000,8.1370
1940-02-15T12:00:00+00:00,51.5000,-3.5000,8.1147
1940-03-16T12:00:00+00:00,53.5000,-5.5000,7.4079
1940-03-16T12:00:00+00:00,53.5000,-4.5000,7.2024
1940-03-16T12:00:00+00:00,53.5000,-3.5000,6.8860
1940-03-16T12:00:00+00:00,52.5000,-6.5000,8.1734
1940-03-16T12:00:00+00:00,52.5000,-5.5000,7.7188
1940-03-16T12:00:00+00:00,52.5000,-4.5000,7.5194
1940-03-16T12:00:00+00:00,51.5000,-6.5000,8.4298
1940-03-16T12:00:00+00:00,51.5000,-5.5000,8.1990
1940-03-16T12:00:00+00:00,51.5000,-4.5000,7.9476
1940-03-16T12:00:00+00:00,51.5000,-3.5000,7.9131
1940-04-16T00:00:00+00:00,53.5000,-5.5000,8.2885
1940-04-16T00:00:00+00:00,53.5000,-4.5000,8.1874
1940-04-16T00:00:00+00:00,53.5000,-3.5000,8.0196
1940-04-16T00:00:00+00:00,52.5000,-6.5000,8.9475
1940-04-16T00:00:00+00:00,52.5000,-5.5000,8.5639
1940-04-16T00:00:00+00:00,52.5000,-4.5000,8.4541
1940-04-16T00:00:00+00:00,51.5000,-6.5000,9.1846
1940-04-16T00:00:00+00:00,51.5000,-5.5000,9.0004
1940-04-16T00:00:00+00:00,51.5000,-4.5000,8.8609
1940-04-16T00:00:00+00:00,51.5000,-3.5000,8.9478
1940-05-16T12:00:00+00:00,53.5000,-5.5000,10.0697
1940-05-16T12:00:00+00:00,53.5000,-4.5000,10.0401
1940-05-16T12:00:00+00:00,53.5000,-3.5000,9.9643
1940-05-16T12:00:00+00:00,52.5000,-6.5000,10.7209
1940-05-16T12:00:00+00:00,52.5000,-5.5000,10.3703
1940-05-16T12:00:00+00:00,52.5000,-4.5000,10.3291
1940-05-16T12:00:00+00:00,51.5000,-6.5000,10.9410
1940-05-16T12:00:00+00:00,51.5000,-5.5000,10.8040
1940-05-16T12:00:00+00:00,51.5000,-4.5000,10.7600
1940-05-16T12:00:00+00:00,51.5000,-3.5000,10.9330
1940-06-16T00:00:00+00:00,53.5000,-5.5000,12.5928
1940-06-16T00:00:00+00:00,53.5000,-4.5000,12.5880
1940-06-16T00:00:00+00:00,53.5000,-3.5000,12.5233
1940-06-16T00:00:00+00:00,52.5000,-6.5000,13.3898
1940-06-16T00:00:00+00:00,52.5000,-5.5000,12.9830
1940-06-16T00:00:00+00:00,52.5000,-4.5000,12.9532
1940-06-16T00:00:00+00:00,51.5000,-6.5000,13.6422
1940-06-16T00:00:00+00:00,51.5000,-5.5000,13.4933
1940-06-16T00:00:00+00:00,51.5000,-4.5000,13.4507
1940-06-16T00:00:00+00:00,51.5000,-3.5000,13.6343
1940-07-16T12:00:00+00:00,53.5000,-5.5000,13.7576
1940-07-16T12:00:00+00:00,53.5000,-4.5000,13.8027
1940-07-16T12:00:00+00:00,53.5000,-3.5000,13.6747
1940-07-16T12:00:00+00:00,52.5000,-6.5000,14.8755
1940-07-16T12:00:00+00:00,52.5000,-5.5000,14.4037
1940-07-16T12:00:00+00:00,52.5000,-4.5000,14.3895
1940-07-16T12:00:00+00:00,51.5000,-6.5000,15.1782
1940-07-16T12:00:00+00:00,51.5000,-5.5000,15.0176
1940-07-16T12:00:00+00:00,51.5000,-4.5000,14.9923
1940-07-16T12:00:00+00:00,51.5000,-3.5000,15.2394
1940-08-16T12:00:00+00:00,53.5000,-5.5000,14.9295
1940-08-16T12:00:00+00:00,53.5000,-4.5000,14.9867
1940-08-16T12:00:00+00:00,53.5000,-3.5000,14.9280
1940-08-16T12:00:00+00:00,52.5000,-6.5000,15.7432
1940-08-16T12:00:00+00:00,52.5000,-5.5000,15.3992
1940-08-16T12:00:00+00:00,52.5000,-4.5000,15.4308
1940-08-16T12:00:00+00:00,51.5000,-6.5000,16.0044
1940-08-16T12:00:00+00:00,51.5000,-5.5000,15.8963
1940-08-16T12:00:00+00:00,51.5000,-4.5000,15.9356
1940-08-16T12:00:00+00:00,51.5000,-3.5000,16.2437
1940-09-16T00:00:00+00:00,53.5000,-5.5000,14.5769
1940-09-16T00:00:00+00:00,53.5000,-4.5000,14.6556
1940-09-16T00:00:00+00:00,53.5000,-3.5000,14.6505
1940-09-16T00:00:00+00:00,52.5000,-6.5000,15.0205
1940-09-16T00:00:00+00:00,52.5000,-5.5000,14.8797
1940-09-16T00:00:00+00:00,52.5000,-4.5000,14.9611
1940-09-16T00:00:00+00:00,51.5000,-6.5000,15.1717
1940-09-16T00:00:00+00:00,51.5000,-5.5000,15.1757
1940-09-16T00:00:00+00:00,51.5000,-4.5000,15.3134
1940-09-16T00:00:00+00:00,51.5000,-3.5000,15.6927
1940-10-16T12:00:00+00:00,53.5000,-5.5000,13.5915
1940-10-16T12:00:00+00:00,53.5000,-4.5000,13.6584
1940-10-16T12:00:00+00:00,53.5000,-3.5000,13.6731
1940-10-16T12:00:00+00:00,52.5000,-6.5000,13.7486
1940-10-16T12:00:00+00:00,52.5000,-5.5000,13.7506
1940-10-16T12:00:00+00:00,52.5000,-4.5000,13.8470
1940-10-16T12:00:00+00:00,51.5000,-6.5000,13.8029
1940-10-16T12:00:00+00:00,51.5000,-5.5000,13.8973
1940-10-16T12:00:00+00:00,51.5000,-4.5000,14.0823
1940-10-16T12:00:00+00:00,51.5000,-3.5000,14.4651
1940-11-16T00:00:00+00:00,53.5000,-5.5000,11.2751
1940-11-16T00:00:00+00:00,53.5000,-4.5000,11.2818
1940-11-16T00:00:00+00:00,53.5000,-3.5000,11.2622
1940-11-16T00:00:00+00:00,52.5000,-6.5000,11.4805
1940-11-16T00:00:00+00:00,52.5000,-5.5000,11.4233
1940-11-16T00:00:00+00:00,52.5000,-4.5000,11.4621
1940-11-16T00:00:00+00:00,51.5000,-6.5000,11.5414
1940-11-16T00:00:00+00:00,51.5000,-5.5000,11.6176
1940-11-16T00:00:00+00:00,51.5000,-4.5000,11.7512
1940-11-16T00:00:00+00:00,51.5000,-3.5000,12.1063
1940-12-16T12:00:00+00:00,53.5000,-5.5000,9.5142
1940-12-16T12:00:00+00:00,53.5000,-4.5000,9.4437
1940-12-16T12:00:00+00:00,53.5000,-3.5000,9.3103
1940-12-16T12:00:00+00:00,52.5000,-6.5000,9.9117
1940-12-16T12:00:00+00:00,52.5000,-5.5000,9.7141
1940-12-16T12:00:00+00:00,52.5000,-4.5000,9.6744
1940-12-16T12:00:00+00:00,51.5000,-6.5000,10.0299
1940-12-16T12:00:00+00:00,51.5000,-5.5000,10.0057
1940-12-16T12:00:00+00:00,51.5000,-4.5000,10.0251
1940-12-16T12:00:00+00:00,51.5000,-3.5000,10.3028
1941-01-16T12:00:00+00:00,53.5000,-5.5000,8.2380
1941-01-16T12:00:00+00:00,53.5000,-4.5000,8.1358
1941-01-16T12:00:00+00:00,53.5000,-3.5000,7.9263
1941-01-16T12:00:00+00:00,52.5000,-6.5000,8.9050
1941-01-16T12:00:00+00:00,52.5000,-5.5000,8.5488
1941-01-16T12:00:00+00:00,52.5000,-4.5000,8.4345
1941-01-16T12:00:00+00:00,51.5000,-6.5000,9.0814
1941-01-16T12:00:00+00:00,51.5000,-5.5000,8.9257
1941-01-16T12:00:00+00:00,51.5000,-4.5000,8.8157
1941-01-16T12:00:00+00:00,51.5000,-3.5000,9.0143
1941-02-15T00:00:00+00:00,53.5000,-5.5000,7.4094
1941-02-15T00:00:00+00:00,53.5000,-4.5000,7.2366
1941-02-15T00:00:00+00:00,53.5000,-3.5000,6.8780
1941-02-15T00:00:00+00:00,52.5000,-6.5000,8.2407
1941-02-15T00:00:00+00:00,52.5000,-5.5000,7.7975
1941-02-15T00:00:00+00:00,52.5000,-4.5000,7.6289
1941-02-15T00:00:00+00:00,51.5000,-6.5000,8.4715
1941-02-15T00:00:00+00:00,51.5000,-5.5000,8.2547
1941-02-15T00:00:00+00:00,51.5000,-4.5000,8.0683
1941-02-15T00:00:00+00:00,51.5000,-3.5000,8.1842
1941-03-16T12:00:00+00:00,53.5000,-5.5000,7.3864
1941-03-16T12:00:00+00:00,53.5000,-4.5000,7.2241
1941-03-16T12:00:00+00:00,53.5000,-3.5000,6.8418
1941-03-16T12:00:00+00:00,52.5000,-6.5000,8.2744
1941-03-16T12:00:00+00:00,52.5000,-5.5000,7.8198
1941-03-16T12:00:00+00:00,52.5000,-4.5000,7.6569
1941-03-16T12:00:00+00:00,51.5000,-6.5000,8.5308
1941-03-16T12:00:00+00:00,51.5000,-5.5000,8.3000
1941-03-16T12:00:00+00:00,51.5000,-4.5000,8.1034
1941-03-16T12:00:00+00:00,51.5000,-3.5000,8.1966
1941-04-16T00:00:00+00:00,53.5000,-5.5000,8.1433
1941-04-16T00:00:00+00:00,53.5000,-4.5000,8.0603
1941-04-16T00:00:00+00:00,53.5000,-3.5000,7.8349
1941-04-16T00:00:00+00:00,52.5000,-6.5000,8.8895
1941-04-16T00:00:00+00:00,52.5000,-5.5000,8.5059
1941-04-16T00:00:00+00:00,52.5000,-4.5000,8.4086
1941-04-16T00:00:00+00:00,51.5000,-6.5000,9.1266
1941-04-16T00:00:00+00:00,51.5000,-5.5000,8.9424
1941-04-16T00:00:00+00:00,51.5000,-4.5000,8.8216
1941-04-16T00:00:00+00:00,51.5000,-3.5000,8.9523
1941-05-16T12:00:00+00:00,53.5000,-5.5000,9.5765
1941-05-16T12:00:00+00:00,53.5000,-4.5000,9.5448
1941-05-16T12:00:00+00:00,53.5000,-3.5000,9.4083
1941-05-16T12:00:00+00:00,52.5000,-6.5000,10.2979
1941-05-16T12:00:00+00:00,52.5000,-5.5000,9.9473
1941-05-16T12:00:00+00:00,52.5000,-4.5000,9.8983
1941-05-16T12:00:00+00:00,51.5000,-6.5000,10.5180
1941-05-16T12:00:00+00:00,51.5000,-5.5000,10.3810
1941-05-16T12:00:00+00:00,51.5000,-4.5000,10.3252
1941-05-16T12:00:00+00:00,51.5000,-3.5000,10.4706
1941-06-16T00:00:00+00:00,53.5000,-5.5000,11.9211
1941-06-16T00:00:00+00:00,53.5000,-4.5000,11.8827
1941-06-16T00:00:00+00:00,53.5000,-3.5000,11.7378
1941-06-16T00:00:00+00:00,52.5000,-6.5000,12.7778
1941-06-16T00:00:00+00:00,52.5000,-5.5000,12.3710
1941-06-16T00:00:00+00:00,52.5000,-4.5000,12.3011
1941-06-16T00:00:00+00:00,51.5000,-6.5000,13.0302
1941-06-16T00:00:00+00:00,51.5000,-5.5000,12.8813
1941-06-16T00:00:00+00:00,51.5000,-4.5000,12.7785
1941-06-16T00:00:00+00:00,51.5000,-3.5000,12.8217
1941-07-16T12:00:00+00:00,53.5000,-5.5000,13.5756
1941-07-16T12:00:00+00:00,53.5000,-4.5000,13.5003
1941-07-16T12:00:00+00:00,53.5000,-3.5000,13.2747
1941-07-16T12:00:00+00:00,52.5000,-6.5000,14.6135
1941-07-16T12:00:00+00:00,52.5000,-5.5000,14.1417
1941-07-16T12:00:00+00:00,52.5000,-4.5000,14.0357
1941-07-16T12:00:00+00:00,51.5000,-6.5000,14.9162
1941-07-16T12:00:00+00:00,51.5000,-5.5000,14.7556
1941-07-16T12:00:00+00:00,51.5000,-4.5000,14.5926
1941-07-16T12:00:00+00:00,51.5000,-3.5000,14.5186
1941-08-16T12:00:00+00:00,53.5000,-5.5000,14.9735
1941-08-16T12:00:00+00:00,53.5000,-4.5000,14.9592
1941-08-16T12:00:00+00:00,53.5000,-3.5000,14.8595
1941-08-16T12:00:00+00:00,52.5000,-6.5000,15.7182
1941-08-16T12:00:00+00:00,52.5000,-5.5000,15.3742
1941-08-16T12:00:00+00:00,52.5000,-4.5000,15.3536
1941-08-16T12:00:00+00:00,51.5000,-6.5000,15.9794
1941-08-16T12:00:00+00:00,51.5000,-5.5000,15.8713
1941-08-16T12:00:00+00:00,51.5000,-4.5000,15.8325
1941-08-16T12:00:00+00:00,51.5000,-3.5000,15.9581
1941-09-16T00:00:00+00:00,53.5000,-5.5000,15.0484
1941-09-16T00:00:00+00:00,53.5000,-4.5000,15.0865
1941-09-16T00:00:00+00:00,53.5000,-3.5000,15.0937
1941-09-16T00:00:00+00:00,52.5000,-6.5000,15.4105
1941-09-16T00:00:00+00:00,52.5000,-5.5000,15.2697
1941-09-16T00:00:00+00:00,52.5000,-4.5000,15.3248
1941-09-16T00:00:00+00:00,51.5000,-6.5000,15.5617
1941-09-16T00:00:00+00:00,51.5000,-5.5000,15.5657
1941-09-16T00:00:00+00:00,51.5000,-4.5000,15.6640
1941-09-16T00:00:00+00:00,51.5000,-3.5000,15.9515
1941-10-16T12:00:00+00:00,53.5000,-5.5000,14.0328
1941-10-16T12:00:00+00:00,53.5000,-4.5000,14.0420
1941-10-16T12:00:00+00:00,53.5000,-3.5000,14.0299
1941-10-16T12:00:00+00:00,52.5000,-6.5000,14.1226
1941-10-16T12:00:00+00:00,52.5000,-5.5000,14.1246
1941-10-16T12:00:00+00:00,52.5000,-4.5000,14.1816
1941-10-16T12:00:00+00:00,51.5000,-6.5000,14.1769
1941-10-16T12:00:00+00:00,51.5000,-5.5000,14.2713
1941-10-16T12:00:00+00:00,51.5000,-4.5000,14.3972
1941-10-16T12:00:00+00:00,51.5000,-3.5000,14.6422
1941-11-16T00:00:00+00:00,53.5000,-5.5000,12.0671
1941-11-16T00:00:00+00:00,53.5000,-4.5000,12.0171
1941-11-16T00:00:00+00:00,53.5000,-3.5000,11.9235
1941-11-16T00:00:00+00:00,52.5000,-6.5000,12.2455
1941-11-16T00:00:00+00:00,52.5000,-5.5000,12.1883
1941-11-16T00:00:00+00:00,52.5000,-4.5000,12.1926
1941-11-16T00:00:00+00:00,51.5000,-6.5000,12.3064
1941-11-16T00:00:00+00:00,51.5000,-5.5000,12.3826
1941-11-16T00:00:00+00:00,51.5000,-4.5000,12.4645
1941-11-16T00:00:00+00:00,51.5000,-3.5000,12.6988
1941-12-16T12:00:00+00:00,53.5000,-5.5000,9.7529
1941-12-16T12:00:00+00:00,53.5000,-4.5000,9.5909
1941-12-16T12:00:00+00:00,53.5000,-3.5000,9.2693
1941-12-16T12:00:00+00:00,52.5000,-6.5000,10.2317
1941-12-16T12:00:00+00:00,52.5000,-5.5000,10.0341
1941-12-16T12:00:00+00:00,52.5000,-4.5000,9.9104
1941-12-16T12:00:00+00:00,51.5000,-6.5000,10.3499
1941-12-16T12:00:00+00:00,51.5000,-5.5000,10.3257
1941-12-16T12:00:00+00:00,51.5000,-4.5000,10.2191
1941-12-16T12:00:00+00:00,51.5000,-3.5000,10.2028
1942-01-16T12:00:00+00:00,53.5000,-5.5000,8.4102
1942-01-16T12:00:00+00:00,53.5000,-4.5000,8.2128
1942-01-16T12:00:00+00:00,53.5000,-3.5000,7.8741
1942-01-16T12:00:00+00:00,52.5000,-6.5000,9.0810
1942-01-16T12:00:00+00:00,52.5000,-5.5000,8.7248
1942-01-16T12:00:00+00:00,52.5000,-4.5000,8.5302
1942-01-16T12:00:00+00:00,51.5000,-6.5000,9.2574
1942-01-16T12:00:00+00:00,51.5000,-5.5000,9.1017
1942-01-16T12:00:00+00:00,51.5000,-4.5000,8.8714
1942-01-16T12:00:00+00:00,51.5000,-3.5000,8.7890
1942-02-15T00:00:00+00:00,53.5000,-5.5000,7.3259
1942-02-15T00:00:00+00:00,53.5000,-4.5000,7.0244
1942-02-15T00:00:00+00:00,53.5000,-3.5000,6.5530
1942-02-15T00:00:00+00:00,52.5000,-6.5000,8.1047
1942-02-15T00:00:00+00:00,52.5000,-5.5000,7.6615
1942-02-15T00:00:00+00:00,52.5000,-4.5000,7.3827
1942-02-15T00:00:00+00:00,51.5000,-6.5000,8.3355
1942-02-15T00:00:00+00:00,51.5000,-5.5000,8.1187
1942-02-15T00:00:00+00:00,51.5000,-4.5000,7.7669
1942-02-15T00:00:00+00:00,51.5000,-3.5000,7.4970
1942-03-16T12:00:00+00:00,53.5000,-5.5000,6.9851
1942-03-16T12:00:00+00:00,53.5000,-4.5000,6.7178
1942-03-16T12:00:00+00:00,53.5000,-3.5000,6.2498
1942-03-16T12:00:00+00:00,52.5000,-6.5000,7.8534
1942-03-16T12:00:00+00:00,52.5000,-5.5000,7.3988
1942-03-16T12:00:00+00:00,52.5000,-4.5000,7.1310
1942-03-16T12:00:00+00:00,51.5000,-6.5000,8.1098
1942-03-16T12:00:00+00:00,51.5000,-5.5000,7.8790
1942-03-16T12:00:00+00:00,51.5000,-4.5000,7.5251
1942-03-16T12:00:00+00:00,51.5000,-3.5000,7.2512
1942-04-16T00:00:00+00:00,53.5000,-5.5000,8.4223
1942-04-16T00:00:00+00:00,53.5000,-4.5000,8.3025
1942-04-16T00:00:00+00:00,53.5000,-3.5000,8.0091
1942-04-16T00:00:00+00:00,52.5000,-6.5000,9.1855
1942-04-16T00:00:00+00:00,52.5000,-5.5000,8.8019
1942-04-16T00:00:00+00:00,52.5000,-4.5000,8.6748
1942-04-16T00:00:00+00:00,51.5000,-6.5000,9.4226
1942-04-16T00:00:00+00:00,51.5000,-5.5000,9.2384
1942-04-16T00:00:00+00:00,51.5000,-4.5000,9.0730
1942-04-16T00:00:00+00:00,51.5000,-3.5000,9.0996
1942-05-16T12:00:00+00:00,53.5000,-5.5000,10.1141
1942-05-16T12:00:00+00:00,53.5000,-4.5000,10.0354
1942-05-16T12:00:00+00:00,53.5000,-3.5000,9.7979
1942-05-16T12:00:00+00:00,52.5000,-6.5000,10.8639
1942-05-16T12:00:00+00:00,52.5000,-5.5000,10.5133
1942-05-16T12:00:00+00:00,52.5000,-4.5000,10.4300
1942-05-16T12:00:00+00:00,51.5000,-6.5000,11.0840
1942-05-16T12:00:00+00:00,51.5000,-5.5000,10.9470
1942-05-16T12:00:00+00:00,51.5000,-4.5000,10.8398
1942-05-16T12:00:00+00:00,51.5000,-3.5000,10.8653
1942-06-16T00:00:00+00:00,53.5000,-5.5000,12.0553
1942-06-16T00:00:00+00:00,53.5000,-4.5000,12.0219
1942-06-16T00:00:00+00:00,53.5000,-3.5000,11.7663
1942-06-16T00:00:00+00:00,52.5000,-6.5000,13.0008
1942-06-16T00:00:00+00:00,52.5000,-5.5000,12.5940
1942-06-16T00:00:00+00:00,52.5000,-4.5000,12.5425
1942-06-16T00:00:00+00:00,51.5000,-6.5000,13.2532
1942-06-16T00:00:00+00:00,51.5000,-5.5000,13.1043
1942-06-16T00:00:00+00:00,51.5000,-4.5000,13.0290
1942-06-16T00:00:00+00:00,51.5000,-3.5000,13.1366
1942-07-16T12:00:00+00:00,53.5000,-5.5000,13.3565
1942-07-16T12:00:00+00:00,53.5000,-4.5000,13.3674
1942-07-16T12:00:00+00:00,53.5000,-3.5000,13.2435
1942-07-16T12:00:00+00:00,52.5000,-6.5000,14.3955
1942-07-16T12:00:00+00:00,52.5000,-5.5000,13.9237
1942-07-16T12:00:00+00:00,52.5000,-4.5000,13.8955
1942-07-16T12:00:00+00:00,51.5000,-6.5000,14.6982
1942-07-16T12:00:00+00:00,51.5000,-5.5000,14.5376
1942-07-16T12:00:00+00:00,51.5000,-4.5000,14.4913
1942-07-16T12:00:00+00:00,51.5000,-3.5000,14.6894
1942-08-16T12:00:00+00:00,53.5000,-5.5000,14.5537
1942-08-16T12:00:00+00:00,53.5000,-4.5000,14.5707
1942-08-16T12:00:00+00:00,53.5000,-3.5000,14.4720
1942-08-16T12:00:00+00:00,52.5000,-6.5000,15.3902
1942-08-16T12:00:00+00:00,52.5000,-5.5000,15.0462
1942-08-16T12:00:00+00:00,52.5000,-4.5000,15.0260
1942-08-16T12:00:00+00:00,51.5000,-6.5000,15.6514
1942-08-16T12:00:00+00:00,51.5000,-5.5000,15.5433
1942-08-16T12:00:00+00:00,51.5000,-4.5000,15.5050
1942-08-16T12:00:00+00:00,51.5000,-3.5000,15.6319
1942-09-16T00:00:00+00:00,53.5000,-5.5000,14.3834
1942-09-16T00:00:00+00:00,53.5000,-4.5000,14.4441
1942-09-16T00:00:00+00:00,53.5000,-3.5000,14.4052
1942-09-16T00:00:00+00:00,52.5000,-6.5000,14.8495
1942-09-16T00:00:00+00:00,52.5000,-5.5000,14.7087
1942-09-16T00:00:00+00:00,52.5000,-4.5000,14.7688
1942-09-16T00:00:00+00:00,51.5000,-6.5000,15.0007
1942-09-16T00:00:00+00:00,51.5000,-5.5000,15.0047
1942-09-16T00:00:00+00:00,51.5000,-4.5000,15.1105
1942-09-16T00:00:00+00:00,51.5000,-3.5000,15.4155
1942-10-16T12:00:00+00:00,53.5000,-5.5000,13.4368
1942-10-16T12:00:00+00:00,53.5000,-4.5000,13.4926
1942-10-16T12:00:00+00:00,53.5000,-3.5000,13.4932
1942-10-16T12:00:00+00:00,52.5000,-6.5000,13.5946
1942-10-16T12:00:00+00:00,52.5000,-5.5000,13.5966
1942-10-16T12:00:00+00:00,52.5000,-4.5000,13.6830
1942-10-16T12:00:00+00:00,51.5000,-6.5000,13.6489
1942-10-16T12:00:00+00:00,51.5000,-5.5000,13.7433
1942-10-16T12:00:00+00:00,51.5000,-4.5000,13.9133
1942-10-16T12:00:00+00:00,51.5000,-3.5000,14.2611
1942-11-16T00:00:00+00:00,53.5000,-5.5000,11.8018
1942-11-16T00:00:00+00:00,53.5000,-4.5000,11.7144
1942-11-16T00:00:00+00:00,53.5000,-3.5000,11.5220
1942-11-16T00:00:00+00:00,52.5000,-6.5000,12.0437
1942-11-16T00:00:00+00:00,52.5000,-5.5000,11.9865
1942-11-16T00:00:00+00:00,52.5000,-4.5000,11.9524
1942-11-16T00:00:00+00:00,51.5000,-6.5000,12.1046
1942-11-16T00:00:00+00:00,51.5000,-5.5000,12.1808
1942-11-16T00:00:00+00:00,51.5000,-4.5000,12.2051
1942-11-16T00:00:00+00:00,51.5000,-3.5000,12.3050
1942-12-16T12:00:00+00:00,53.5000,-5.5000,10.2054
1942-12-16T12:00:00+00:00,53.5000,-4.5000,10.0794
1942-12-16T12:00:00+00:00,53.5000,-3.5000,9.8726
1942-12-16T12:00:00+00:00,52.5000,-6.5000,10.5817
1942-12-16T12:00:00+00:00,52.5000,-5.5000,10.3841
1942-12-16T12:00:00+00:00,52.5000,-4.5000,10.3084
1942-12-16T12:00:00+00:00,51.5000,-6.5000,10.6999
1942-12-16T12:00:00+00:00,51.5000,-5.5000,10.6757
1942-12-16T12:00:00+00:00,51.5000,-4.5000,10.6411
1942-12-16T12:00:00+00:00,51.5000,-3.5000,10.7928
1943-01-16T12:00:00+00:00,53.5000,-5.5000,8.8657
1943-01-16T12:00:00+00:00,53.5000,-4.5000,8.6841
1943-01-16T12:00:00+00:00,53.5000,-3.5000,8.4043
1943-01-16T12:00:00+00:00,52.5000,-6.5000,9.4810
1943-01-16T12:00:00+00:00,52.5000,-5.5000,9.1248
1943-01-16T12:00:00+00:00,52.5000,-4.5000,8.9522
1943-01-16T12:00:00+00:00,51.5000,-6.5000,9.6574
1943-01-16T12:00:00+00:00,51.5000,-5.5000,9.5017
1943-01-16T12:00:00+00:00,51.5000,-4.5000,9.3044
1943-01-16T12:00:00+00:00,51.5000,-3.5000,9.2990
1943-02-15T00:00:00+00:00,53.5000,-5.5000,8.0318
1943-02-15T00:00:00+00:00,53.5000,-4.5000,7.7618
1943-02-15T00:00:00+00:00,53.5000,-3.5000,7.4315
1943-02-15T00:00:00+00:00,52.5000,-6.5000,8.6627
1943-02-15T00:00:00+00:00,52.5000,-5.5000,8.2195
1943-02-15T00:00:00+00:00,52.5000,-4.5000,7.9913
1943-02-15T00:00:00+00:00,51.5000,-6.5000,8.8935
1943-02-15T00:00:00+00:00,51.5000,-5.5000,8.6767
1943-02-15T00:00:00+00:00,51.5000,-4.5000,8.4009
1943-02-15T00:00:00+00:00,51.5000,-3.5000,8.3081
1943-03-16T12:00:00+00:00,53.5000,-5.5000,7.7506
1943-03-16T12:00:00+00:00,53.5000,-4.5000,7.5567
1943-03-16T12:00:00+00:00,53.5000,-3.5000,7.2270
1943-03-16T12:00:00+00:00,52.5000,-6.5000,8.5754
1943-03-16T12:00:00+00:00,52.5000,-5.5000,8.1208
1943-03-16T12:00:00+00:00,52.5000,-4.5000,7.9156
1943-03-16T12:00:00+00:00,51.5000,-6.5000,8.8318
1943-03-16T12:00:00+00:00,51.5000,-5.5000,8.6010
1943-03-16T12:00:00+00:00,51.5000,-4.5000,8.3410
1943-03-16T12:00:00+00:00,51.5000,-3.5000,8.2864
1943-04-16T00:00:00+00:00,53.5000,-5.5000,8.7995
1943-04-16T00:00:00+00:00,53.5000,-4.5000,8.7290
1943-04-16T00:00:00+00:00,53.5000,-3.5000,8.6424
1943-04-16T00:00:00+00:00,52.5000,-6.5000,9.4485
1943-04-16T00:00:00+00:00,52.5000,-5.5000,9.0649
1943-04-16T00:00:00+00:00,52.5000,-4.5000,8.9653
1943-04-16T00:00:00+00:00,51.5000,-6.5000,9.6856
1943-04-16T00:00:00+00:00,51.5000,-5.5000,9.5014
1943-04-16T00:00:00+00:00,51.5000,-4.5000,9.3773
1943-04-16T00:00:00+00:00,51.5000,-3.5000,9.5001
1943-05-16T12:00:00+00:00,53.5000,-5.5000,10.6115
1943-05-16T12:00:00+00:00,53.5000,-4.5000,10.6434
1943-05-16T12:00:00+00:00,53.5000,-3.5000,10.5619
1943-05-16T12:00:00+00:00,52.5000,-6.5000,11.4359
1943-05-16T12:00:00+00:00,52.5000,-5.5000,11.0853
1943-05-16T12:00:00+00:00,52.5000,-4.5000,11.0526
1943-05-16T12:00:00+00:00,51.5000,-6.5000,11.6560
1943-05-16T12:00:00+00:00,51.5000,-5.5000,11.5190
1943-05-16T12:00:00+00:00,51.5000,-4.5000,11.4877
1943-05-16T12:00:00+00:00,51.5000,-3.5000,11.6905
1943-06-16T00:00:00+00:00,53.5000,-5.5000,12.7655
1943-06-16T00:00:00+00:00,53.5000,-4.5000,12.8363
1943-06-16T00:00:00+00:00,53.5000,-3.5000,12.8578
1943-06-16T00:00:00+00:00,52.5000,-6.5000,13.6188
1943-06-16T00:00:00+00:00,52.5000,-5.5000,13.2120
1943-06-16T00:00:00+00:00,52.5000,-4.5000,13.2244
1943-06-16T00:00:00+00:00,51.5000,-6.5000,13.8712
1943-06-16T00:00:00+00:00,51.5000,-5.5000,13.7223
1943-06-16T00:00:00+00:00,51.5000,-4.5000,13.7428
1943-06-16T00:00:00+00:00,51.5000,-3.5000,14.0740
1943-07-16T12:00:00+00:00,53.5000,-5.5000,14.4108
1943-07-16T12:00:00+00:00,53.5000,-4.5000,14.4238
1943-07-16T12:00:00+00:00,53.5000,-3.5000,14.3142
1943-07-16T12:00:00+00:00,52.5000,-6.5000,15.4165
1943-07-16T12:00:00+00:00,52.5000,-5.5000,14.9447
1943-07-16T12:00:00+00:00,52.5000,-4.5000,14.9293
1943-07-16T12:00:00+00:00,51.5000,-6.5000,15.7192
1943-07-16T12:00:00+00:00,51.5000,-5.5000,15.5586
1943-07-16T12:00:00+00:00,51.5000,-4.5000,15.5316
1943-07-16T12:00:00+00:00,51.5000,-3.5000,15.7747
1943-08-16T12:00:00+00:00,53.5000,-5.5000,14.7807
1943-08-16T12:00:00+00:00,53.5000,-4.5000,14.8029
1943-08-16T12:00:00+00:00,53.5000,-3.5000,14.7382
1943-08-16T12:00:00+00:00,52.5000,-6.5000,15.5382
1943-08-16T12:00:00+00:00,52.5000,-5.5000,15.1942
1943-08-16T12:00:00+00:00,52.5000,-4.5000,15.2044
1943-08-16T12:00:00+00:00,51.5000,-6.5000,15.7994
1943-08-16T12:00:00+00:00,51.5000,-5.5000,15.6913
1943-08-16T12:00:00+00:00,51.5000,-4.5000,15.6986
1943-08-16T12:00:00+00:00,51.5000,-3.5000,15.9318
1943-09-16T00:00:00+00:00,53.5000,-5.5000,14.6766
1943-09-16T00:00:00+00:00,53.5000,-4.5000,14.7641
1943-09-16T00:00:00+00:00,53.5000,-3.5000,14.9347
1943-09-16T00:00:00+00:00,52.5000,-6.5000,14.9635
1943-09-16T00:00:00+00:00,52.5000,-5.5000,14.8227
1943-09-16T00:00:00+00:00,52.5000,-4.5000,14.9078
1943-09-16T00:00:00+00:00,51.5000,-6.5000,15.1147
1943-09-16T00:00:00+00:00,51.5000,-5.5000,15.1187
1943-09-16T00:00:00+00:00,51.5000,-4.5000,15.2620
1943-09-16T00:00:00+00:00,51.5000,-3.5000,15.6545
1943-10-16T12:00:00+00:00,53.5000,-5.5000,13.6442
1943-10-16T12:00:00+00:00,53.5000,-4.5000,13.6687
1943-10-16T12:00:00+00:00,53.5000,-3.5000,13.7073
1943-10-16T12:00:00+00:00,52.5000,-6.5000,13.7384
1943-10-16T12:00:00+00:00,52.5000,-5.5000,13.7405
1943-10-16T12:00:00+00:00,52.5000,-4.5000,13.7926
1943-10-16T12:00:00+00:00,51.5000,-6.5000,13.7928
1943-10-16T12:00:00+00:00,51.5000,-5.5000,13.8872
1943-10-16T12:00:00+00:00,51.5000,-4.5000,14.0058
1943-10-16T12:00:00+00:00,51.5000,-3.5000,14.2338
1943-11-16T00:00:00+00:00,53.5000,-5.5000,12.1020
1943-11-16T00:00:00+00:00,53.5000,-4.5000,12.0790
1943-11-16T00:00:00+00:00,53.5000,-3.5000,12.0664
1943-11-16T00:00:00+00:00,52.5000,-6.5000,12.2505
1943-11-16T00:00:00+00:00,52.5000,-5.5000,12.1933
1943-11-16T00:00:00+00:00,52.5000,-4.5000,12.2126
1943-11-16T00:00:00+00:00,51.5000,-6.5000,12.3114
1943-11-16T00:00:00+00:00,51.5000,-5.5000,12.3876
1943-11-16T00:00:00+00:00,51.5000,-4.5000,12.4920
1943-11-16T00:00:00+00:00,51.5000,-3.5000,12.7788
1943-12-16T12:00:00+00:00,53.5000,-5.5000,10.5580
1943-12-16T12:00:00+00:00,53.5000,-4.5000,10.4702
1943-12-16T12:00:00+00:00,53.5000,-3.5000,10.3344
1943-12-16T12:00:00+00:00,52.5000,-6.5000,10.9687
1943-12-16T12:00:00+00:00,52.5000,-5.5000,10.7711
1943-12-16T12:00:00+00:00,52.5000,-4.5000,10.6999
1943-12-16T12:00:00+00:00,51.5000,-6.5000,11.0869
1943-12-16T12:00:00+00:00,51.5000,-5.5000,11.0627
1943-12-16T12:00:00+00:00,51.5000,-4.5000,11.0349
1943-12-16T12:00:00+00:00,51.5000,-3.5000,11.2023
1944-01-16T12:00:00+00:00,53.5000,-5.5000,8.9511
1944-01-16T12:00:00+00:00,53.5000,-4.5000,8.8154
1944-01-16T12:00:00+00:00,53.5000,-3.5000,8.6238
1944-01-16T12:00:00+00:00,52.5000,-6.5000,9.5780
1944-01-16T12:00:00+00:00,52.5000,-5.5000,9.2218
1944-01-16T12:00:00+00:00,52.5000,-4.5000,9.0682
1944-01-16T12:00:00+00:00,51.5000,-6.5000,9.7544
1944-01-16T12:00:00+00:00,51.5000,-5.5000,9.5987
1944-01-16T12:00:00+00:00,51.5000,-4.5000,9.4299
1944-01-16T12:00:00+00:00,51.5000,-3.5000,9.4910
1944-02-15T12:00:00+00:00,53.5000,-5.5000,7.7848
1944-02-15T12:00:00+00:00,53.5000,-4.5000,7.6023
1944-02-15T12:00:00+00:00,53.5000,-3.5000,7.3761
1944-02-15T12:00:00+00:00,52.5000,-6.5000,8.4757
1944-02-15T12:00:00+00:00,52.5000,-5.5000,8.0325
1944-02-15T12:00:00+00:00,52.5000,-4.5000,7.8535
1944-02-15T12:00:00+00:00,51.5000,-6.5000,8.7065
1944-02-15T12:00:00+00:00,51.5000,-5.5000,8.4897
1944-02-15T12:00:00+00:00,51.5000,-4.5000,8.2877
1944-02-15T12:00:00+00:00,51.5000,-3.5000,8.3673
1944-03-16T12:00:00+00:00,53.5000,-5.5000,7.7414
1944-03-16T12:00:00+00:00,53.5000,-4.5000,7.4556
1944-03-16T12:00:00+00:00,53.5000,-3.5000,7.0566
1944-03-16T12:00:00+00:00,52.5000,-6.5000,8.4284
1944-03-16T12:00:00+00:00,52.5000,-5.5000,7.9738
1944-03-16T12:00:00+00:00,52.5000,-4.5000,7.7344
1944-03-16T12:00:00+00:00,51.5000,-6.5000,8.6848
1944-03-16T12:00:00+00:00,51.5000,-5.5000,8.4540
1944-03-16T12:00:00+00:00,51.5000,-4.5000,8.1426
1944-03-16T12:00:00+00:00,51.5000,-3.5000,7.9681
1944-04-16T00:00:00+00:00,53.5000,-5.5000,9.0909
1944-04-16T00:00:00+00:00,53.5000,-4.5000,9.0884
1944-04-16T00:00:00+00:00,53.5000,-3.5000,8.9668
1944-04-16T00:00:00+00:00,52.5000,-6.5000,9.7635
1944-04-16T00:00:00+00:00,52.5000,-5.5000,9.3799
1944-04-16T00:00:00+00:00,52.5000,-4.5000,9.3881
1944-04-16T00:00:00+00:00,51.5000,-6.5000,10.0006
1944-04-16T00:00:00+00:00,51.5000,-5.5000,9.8164
1944-04-16T00:00:00+00:00,51.5000,-4.5000,9.8539
1944-04-16T00:00:00+00:00,51.5000,-3.5000,10.3538
1944-05-16T12:00:00+00:00,53.5000,-5.5000,10.3933
1944-05-16T12:00:00+00:00,53.5000,-4.5000,10.3694
1944-05-16T12:00:00+00:00,53.5000,-3.5000,10.1712
1944-05-16T12:00:00+00:00,52.5000,-6.5000,11.1592
1944-05-16T12:00:00+00:00,52.5000,-5.5000,10.8086
1944-05-16T12:00:00+00:00,52.5000,-4.5000,10.7798
1944-05-16T12:00:00+00:00,51.5000,-6.5000,11.3793
1944-05-16T12:00:00+00:00,51.5000,-5.5000,11.2423
1944-05-16T12:00:00+00:00,51.5000,-4.5000,11.2168
1944-05-16T12:00:00+00:00,51.5000,-3.5000,11.4330
1944-06-16T00:00:00+00:00,53.5000,-5.5000,12.4103
1944-06-16T00:00:00+00:00,53.5000,-4.5000,12.4017
1944-06-16T00:00:00+00:00,53.5000,-3.5000,12.2470
1944-06-16T00:00:00+00:00,52.5000,-6.5000,13.3089
1944-06-16T00:00:00+00:00,52.5000,-5.5000,12.9021
1944-06-16T00:00:00+00:00,52.5000,-4.5000,12.8607
1944-06-16T00:00:00+00:00,51.5000,-6.5000,13.5613
1944-06-16T00:00:00+00:00,51.5000,-5.5000,13.4123
1944-06-16T00:00:00+00:00,51.5000,-4.5000,13.3523
1944-06-16T00:00:00+00:00,51.5000,-3.5000,13.4953
1944-07-16T12:00:00+00:00,53.5000,-5.5000,14.0321
1944-07-16T12:00:00+00:00,53.5000,-4.5000,14.0903
1944-07-16T12:00:00+00:00,53.5000,-3.5000,13.9176
1944-07-16T12:00:00+00:00,52.5000,-6.5000,15.1669
1944-07-16T12:00:00+00:00,52.5000,-5.5000,14.6951
1944-07-16T12:00:00+00:00,52.5000,-4.5000,14.7145
1944-07-16T12:00:00+00:00,51.5000,-6.5000,15.4696
1944-07-16T12:00:00+00:00,51.5000,-5.5000,15.3090
1944-07-16T12:00:00+00:00,51.5000,-4.5000,15.3340
1944-07-16T12:00:00+00:00,51.5000,-3.5000,15.6986
1944-08-16T12:00:00+00:00,53.5000,-5.5000,16.0675
1944-08-16T12:00:00+00:00,53.5000,-4.5000,16.0759
1944-08-16T12:00:00+00:00,53.5000,-3.5000,15.8432
1944-08-16T12:00:00+00:00,52.5000,-6.5000,16.9767
1944-08-16T12:00:00+00:00,52.5000,-5.5000,16.6326
1944-08-16T12:00:00+00:00,52.5000,-4.5000,16.6304
1944-08-16T12:00:00+00:00,51.5000,-6.5000,17.2379
1944-08-16T12:00:00+00:00,51.5000,-5.5000,17.1298
1944-08-16T12:00:00+00:00,51.5000,-4.5000,17.1184
1944-08-16T12:00:00+00:00,51.5000,-3.5000,17.3081
1944-09-16T00:00:00+00:00,53.5000,-5.5000,14.8972
1944-09-16T00:00:00+00:00,53.5000,-4.5000,14.9965
1944-09-16T00:00:00+00:00,53.5000,-3.5000,15.0211
1944-09-16T00:00:00+00:00,52.5000,-6.5000,15.3709
1944-09-16T00:00:00+00:00,52.5000,-5.5000,15.2302
1944-09-16T00:00:00+00:00,52.5000,-4.5000,15.3125
1944-09-16T00:00:00+00:00,51.5000,-6.5000,15.5222
1944-09-16T00:00:00+00:00,51.5000,-5.5000,15.5262
1944-09-16T00:00:00+00:00,51.5000,-4.5000,15.6653
1944-09-16T00:00:00+00:00,51.5000,-3.5000,16.0479
1944-10-16T12:00:00+00:00,53.5000,-5.5000,13.4096
1944-10-16T12:00:00+00:00,53.5000,-4.5000,13.4624
1944-10-16T12:00:00+00:00,53.5000,-3.5000,13.4867
1944-10-16T12:00:00+00:00,52.5000,-6.5000,13.5590
1944-10-16T12:00:00+00:00,52.5000,-5.5000,13.5611
1944-10-16T12:00:00+00:00,52.5000,-4.5000,13.6352
1944-10-16T12:00:00+00:00,51.5000,-6.5000,13.6134
1944-10-16T12:00:00+00:00,51.5000,-5.5000,13.7078
1944-10-16T12:00:00+00:00,51.5000,-4.5000,13.8593
1944-10-16T12:00:00+00:00,51.5000,-3.5000,14.1640
1944-11-16T00:00:00+00:00,53.5000,-5.5000,11.7111
1944-11-16T00:00:00+00:00,53.5000,-4.5000,11.7407
1944-11-16T00:00:00+00:00,53.5000,-3.5000,11.7345
1944-11-16T00:00:00+00:00,52.5000,-6.5000,11.9475
1944-11-16T00:00:00+00:00,52.5000,-5.5000,11.8903
1944-11-16T00:00:00+00:00,52.5000,-4.5000,11.9413
1944-11-16T00:00:00+00:00,51.5000,-6.5000,12.0084
1944-11-16T00:00:00+00:00,51.5000,-5.5000,12.0846
1944-11-16T00:00:00+00:00,51.5000,-4.5000,12.2366
1944-11-16T00:00:00+00:00,51.5000,-3.5000,12.6346
1944-12-16T12:00:00+00:00,53.5000,-5.5000,9.9643
1944-12-16T12:00:00+00:00,53.5000,-4.5000,9.9123
1944-12-16T12:00:00+00:00,53.5000,-3.5000,9.7033
1944-12-16T12:00:00+00:00,52.5000,-6.5000,10.5276
1944-12-16T12:00:00+00:00,52.5000,-5.5000,10.3300
1944-12-16T12:00:00+00:00,52.5000,-4.5000,10.2728
1944-12-16T12:00:00+00:00,51.5000,-6.5000,10.6458
1944-12-16T12:00:00+00:00,51.5000,-5.5000,10.6216
1944-12-16T12:00:00+00:00,51.5000,-4.5000,10.6148
1944-12-16T12:00:00+00:00,51.5000,-3.5000,10.8314
1945-01-16T12:00:00+00:00,53.5000,-5.5000,8.7347
1945-01-16T12:00:00+00:00,53.5000,-4.5000,8.6619
1945-01-16T12:00:00+00:00,53.5000,-3.5000,8.2593
1945-01-16T12:00:00+00:00,52.5000,-6.5000,9.6697
1945-01-16T12:00:00+00:00,52.5000,-5.5000,9.3135
1945-01-16T12:00:00+00:00,52.5000,-4.5000,9.2057
1945-01-16T12:00:00+00:00,51.5000,-6.5000,9.8461
1945-01-16T12:00:00+00:00,51.5000,-5.5000,9.6903
1945-01-16T12:00:00+00:00,51.5000,-4.5000,9.5903
1945-01-16T12:00:00+00:00,51.5000,-3.5000,9.8118
1945-02-15T00:00:00+00:00,53.5000,-5.5000,7.7354
1945-02-15T00:00:00+00:00,53.5000,-4.5000,7.6123
1945-02-15T00:00:00+00:00,53.5000,-3.5000,7.2831
1945-02-15T00:00:00+00:00,52.5000,-6.5000,8.6547
1945-02-15T00:00:00+00:00,52.5000,-5.5000,8.2115
1945-02-15T00:00:00+00:00,52.5000,-4.5000,8.0589
1945-02-15T00:00:00+00:00,51.5000,-6.5000,8.8855
1945-02-15T00:00:00+00:00,51.5000,-5.5000,8.6687
1945-02-15T00:00:00+00:00,51.5000,-4.5000,8.5064
1945-02-15T00:00:00+00:00,51.5000,-3.5000,8.6784
1945-03-16T12:00:00+00:00,53.5000,-5.5000,7.6229
1945-03-16T12:00:00+00:00,53.5000,-4.5000,7.5885
1945-03-16T12:00:00+00:00,53.5000,-3.5000,7.3462
1945-03-16T12:00:00+00:00,52.5000,-6.5000,8.5715
1945-03-16T12:00:00+00:00,52.5000,-5.5000,8.1169
1945-03-16T12:00:00+00:00,52.5000,-4.5000,8.0455
1945-03-16T12:00:00+00:00,51.5000,-6.5000,8.8279
1945-03-16T12:00:00+00:00,51.5000,-5.5000,8.5971
1945-03-16T12:00:00+00:00,51.5000,-4.5000,8.5378
1945-03-16T12:00:00+00:00,51.5000,-3.5000,8.9514
1945-04-16T00:00:00+00:00,53.5000,-5.5000,8.8972
1945-04-16T00:00:00+00:00,53.5000,-4.5000,8.8538
1945-04-16T00:00:00+00:00,53.5000,-3.5000,8.5888
1945-04-16T00:00:00+00:00,52.5000,-6.5000,9.7964
1945-04-16T00:00:00+00:00,52.5000,-5.5000,9.4129
1945-04-16T00:00:00+00:00,52.5000,-4.5000,9.3181
1945-04-16T00:00:00+00:00,51.5000,-6.5000,10.0336
1945-04-16T00:00:00+00:00,51.5000,-5.5000,9.8493
1945-04-16T00:00:00+00:00,51.5000,-4.5000,9.7325
1945-04-16T00:00:00+00:00,51.5000,-3.5000,9.8724
1945-05-16T12:00:00+00:00,53.5000,-5.5000,10.5692
1945-05-16T12:00:00+00:00,53.5000,-4.5000,10.5985
1945-05-16T12:00:00+00:00,53.5000,-3.5000,10.4758
1945-05-16T12:00:00+00:00,52.5000,-6.5000,11.4049
1945-05-16T12:00:00+00:00,52.5000,-5.5000,11.0543
1945-05-16T12:00:00+00:00,52.5000,-4.5000,11.0327
1945-05-16T12:00:00+00:00,51.5000,-6.5000,11.6250
1945-05-16T12:00:00+00:00,51.5000,-5.5000,11.4880
1945-05-16T12:00:00+00:00,51.5000,-4.5000,11.4734
1945-05-16T12:00:00+00:00,51.5000,-3.5000,11.7151
1945-06-16T00:00:00+00:00,53.5000,-5.5000,12.7335
1945-06-16T00:00:00+00:00,53.5000,-4.5000,12.8035
1945-06-16T00:00:00+00:00,53.5000,-3.5000,12.7844
1945-06-16T00:00:00+00:00,52.5000,-6.5000,13.6583
1945-06-16T00:00:00+00:00,52.5000,-5.5000,13.2516
1945-06-16T00:00:00+00:00,52.5000,-4.5000,13.2472
1945-06-16T00:00:00+00:00,51.5000,-6.5000,13.9107
1945-06-16T00:00:00+00:00,51.5000,-5.5000,13.7618
1945-06-16T00:00:00+00:00,51.5000,-4.5000,13.7573
1945-06-16T00:00:00+00:00,51.5000,-3.5000,14.0300
1945-07-16T12:00:00+00:00,53.5000,-5.5000,14.1901
1945-07-16T12:00:00+00:00,53.5000,-4.5000,14.2475
1945-07-16T12:00:00+00:00,53.5000,-3.5000,14.2248
1945-07-16T12:00:00+00:00,52.5000,-6.5000,15.2599
1945-07-16T12:00:00+00:00,52.5000,-5.5000,14.7881
1945-07-16T12:00:00+00:00,52.5000,-4.5000,14.7637
1945-07-16T12:00:00+00:00,51.5000,-6.5000,15.5626
1945-07-16T12:00:00+00:00,51.5000,-5.5000,15.4020
1945-07-16T12:00:00+00:00,51.5000,-4.5000,15.3614
1945-07-16T12:00:00+00:00,51.5000,-3.5000,15.5729
1945-08-16T12:00:00+00:00,53.5000,-5.5000,15.1822
1945-08-16T12:00:00+00:00,53.5000,-4.5000,15.2724
1945-08-16T12:00:00+00:00,53.5000,-3.5000,15.3702
1945-08-16T12:00:00+00:00,52.5000,-6.5000,15.9362
1945-08-16T12:00:00+00:00,52.5000,-5.5000,15.5922
1945-08-16T12:00:00+00:00,52.5000,-4.5000,15.6249
1945-08-16T12:00:00+00:00,51.5000,-6.5000,16.1974
1945-08-16T12:00:00+00:00,51.5000,-5.5000,16.0893
1945-08-16T12:00:00+00:00,51.5000,-4.5000,16.1303
1945-08-16T12:00:00+00:00,51.5000,-3.5000,16.4423
1945-09-16T00:00:00+00:00,53.5000,-5.5000,14.6981
1945-09-16T00:00:00+00:00,53.5000,-4.5000,14.7588
1945-09-16T00:00:00+00:00,53.5000,-3.5000,14.8092
1945-09-16T00:00:00+00:00,52.5000,-6.5000,15.0935
1945-09-16T00:00:00+00:00,52.5000,-5.5000,14.9527
1945-09-16T00:00:00+00:00,52.5000,-4.5000,15.0035
1945-09-16T00:00:00+00:00,51.5000,-6.5000,15.2447
1945-09-16T00:00:00+00:00,51.5000,-5.5000,15.2487
1945-09-16T00:00:00+00:00,51.5000,-4.5000,15.3404
1945-09-16T00:00:00+00:00,51.5000,-3.5000,15.6126
1945-10-16T12:00:00+00:00,53.5000,-5.5000,14.3110
1945-10-16T12:00:00+00:00,53.5000,-4.5000,14.3257
1945-10-16T12:00:00+00:00,53.5000,-3.5000,14.2691
1945-10-16T12:00:00+00:00,52.5000,-6.5000,14.4616
1945-10-16T12:00:00+00:00,52.5000,-5.5000,14.4636
1945-10-16T12:00:00+00:00,52.5000,-4.5000,14.5205
1945-10-16T12:00:00+00:00,51.5000,-6.5000,14.5159
1945-10-16T12:00:00+00:00,51.5000,-5.5000,14.6103
1945-10-16T12:00:00+00:00,51.5000,-4.5000,14.7360
1945-10-16T12:00:00+00:00,51.5000,-3.5000,14.9806
1945-11-16T00:00:00+00:00,53.5000,-5.5000,12.7633
1945-11-16T00:00:00+00:00,53.5000,-4.5000,12.7234
1945-11-16T00:00:00+00:00,53.5000,-3.5000,12.4557
1945-11-16T00:00:00+00:00,52.5000,-6.5000,13.1867
1945-11-16T00:00:00+00:00,52.5000,-5.5000,13.1295
1945-11-16T00:00:00+00:00,52.5000,-4.5000,13.1135
1945-11-16T00:00:00+00:00,51.5000,-6.5000,13.2476
1945-11-16T00:00:00+00:00,51.5000,-5.5000,13.3239
1945-11-16T00:00:00+00:00,51.5000,-4.5000,13.3753
1945-11-16T00:00:00+00:00,51.5000,-3.5000,13.5387
1945-12-16T12:00:00+00:00,53.5000,-5.5000,11.3248
1945-12-16T12:00:00+00:00,53.5000,-4.5000,11.2252
1945-12-16T12:00:00+00:00,53.5000,-3.5000,10.9441
1945-12-16T12:00:00+00:00,52.5000,-6.5000,11.8659
1945-12-16T12:00:00+00:00,52.5000,-5.5000,11.6683
1945-12-16T12:00:00+00:00,52.5000,-4.5000,11.5870
1945-12-16T12:00:00+00:00,51.5000,-6.5000,11.9841
1945-12-16T12:00:00+00:00,51.5000,-5.5000,11.9599
1945-12-16T12:00:00+00:00,51.5000,-4.5000,11.9169
1945-12-16T12:00:00+00:00,51.5000,-3.5000,12.0489
1946-01-16T12:00:00+00:00,53.5000,-5.5000,10.1688
1946-01-16T12:00:00+00:00,53.5000,-4.5000,9.9664
1946-01-16T12:00:00+00:00,53.5000,-3.5000,9.4967
1946-01-16T12:00:00+00:00,52.5000,-6.5000,10.9720
1946-01-16T12:00:00+00:00,52.5000,-5.5000,10.6158
1946-01-16T12:00:00+00:00,52.5000,-4.5000,10.4130
1946-01-16T12:00:00+00:00,51.5000,-6.5000,11.1483
1946-01-16T12:00:00+00:00,51.5000,-5.5000,10.9926
1946-01-16T12:00:00+00:00,51.5000,-4.5000,10.7500
1946-01-16T12:00:00+00:00,51.5000,-3.5000,10.6390
1946-02-15T00:00:00+00:00,53.5000,-5.5000,9.1157
1946-02-15T00:00:00+00:00,53.5000,-4.5000,9.0198
1946-02-15T00:00:00+00:00,53.5000,-3.5000,8.5848
1946-02-15T00:00:00+00:00,52.5000,-6.5000,10.1760
1946-02-15T00:00:00+00:00,52.5000,-5.5000,9.7329
1946-02-15T00:00:00+00:00,52.5000,-4.5000,9.6034
1946-02-15T00:00:00+00:00,51.5000,-6.5000,10.4069
1946-02-15T00:00:00+00:00,51.5000,-5.5000,10.1900
1946-02-15T00:00:00+00:00,51.5000,-4.5000,10.0624
1946-02-15T00:00:00+00:00,51.5000,-3.5000,10.3153
1946-03-16T12:00:00+00:00,53.5000,-5.5000,8.2509
1946-03-16T12:00:00+00:00,53.5000,-4.5000,8.1068
1946-03-16T12:00:00+00:00,53.5000,-3.5000,7.7300
1946-03-16T12:00:00+00:00,52.5000,-6.5000,9.2142
1946-03-16T12:00:00+00:00,52.5000,-5.5000,8.7596
1946-03-16T12:00:00+00:00,52.5000,-4.5000,8.5836
1946-03-16T12:00:00+00:00,51.5000,-6.5000,9.4705
1946-03-16T12:00:00+00:00,51.5000,-5.5000,9.2397
1946-03-16T12:00:00+00:00,51.5000,-4.5000,9.0235
1946-03-16T12:00:00+00:00,51.5000,-3.5000,9.0710
1946-04-16T00:00:00+00:00,53.5000,-5.5000,9.4194
1946-04-16T00:00:00+00:00,53.5000,-4.5000,9.2996
1946-04-16T00:00:00+00:00,53.5000,-3.5000,8.9277
1946-04-16T00:00:00+00:00,52.5000,-6.5000,10.2879
1946-04-16T00:00:00+00:00,52.5000,-5.5000,9.9044
1946-04-16T00:00:00+00:00,52.5000,-4.5000,9.7638
1946-04-16T00:00:00+00:00,51.5000,-6.5000,10.5251
1946-04-16T00:00:00+00:00,51.5000,-5.5000,10.3409
1946-04-16T00:00:00+00:00,51.5000,-4.5000,10.1552
1946-04-16T00:00:00+00:00,51.5000,-3.5000,10.1345
1946-05-16T12:00:00+00:00,53.5000,-5.5000,10.1784
1946-05-16T12:00:00+00:00,53.5000,-4.5000,10.2056
1946-05-16T12:00:00+00:00,53.5000,-3.5000,10.1630
1946-05-16T12:00:00+00:00,52.5000,-6.5000,10.9998
1946-05-16T12:00:00+00:00,52.5000,-5.5000,10.6492
1946-05-16T12:00:00+00:00,52.5000,-4.5000,10.5915
1946-05-16T12:00:00+00:00,51.5000,-6.5000,11.2199
1946-05-16T12:00:00+00:00,51.5000,-5.5000,11.0829
1946-05-16T12:00:00+00:00,51.5000,-4.5000,11.0141
1946-05-16T12:00:00+00:00,51.5000,-3.5000,11.1292
1946-06-16T00:00:00+00:00,53.5000,-5.5000,11.9757
1946-06-16T00:00:00+00:00,53.5000,-4.5000,11.9812
1946-06-16T00:00:00+00:00,53.5000,-3.5000,12.0512
1946-06-16T00:00:00+00:00,52.5000,-6.5000,12.7188
1946-06-16T00:00:00+00:00,52.5000,-5.5000,12.3121
1946-06-16T00:00:00+00:00,52.5000,-4.5000,12.2573
1946-06-16T00:00:00+00:00,51.5000,-6.5000,12.9713
1946-06-16T00:00:00+00:00,51.5000,-5.5000,12.8223
1946-06-16T00:00:00+00:00,51.5000,-4.5000,12.7422
1946-06-16T00:00:00+00:00,51.5000,-3.5000,12.8383
1946-07-16T12:00:00+00:00,53.5000,-5.5000,13.8473
1946-07-16T12:00:00+00:00,53.5000,-4.5000,13.8848
1946-07-16T12:00:00+00:00,53.5000,-3.5000,13.7902
1946-07-16T12:00:00+00:00,52.5000,-6.5000,14.9467
1946-07-16T12:00:00+00:00,52.5000,-5.5000,14.4749
1946-07-16T12:00:00+00:00,52.5000,-4.5000,14.4418
1946-07-16T12:00:00+00:00,51.5000,-6.5000,15.2495
1946-07-16T12:00:00+00:00,51.5000,-5.5000,15.0889
1946-07-16T12:00:00+00:00,51.5000,-4.5000,15.0352
1946-07-16T12:00:00+00:00,51.5000,-3.5000,15.2162
1946-08-16T12:00:00+00:00,53.5000,-5.5000,14.3823
1946-08-16T12:00:00+00:00,53.5000,-4.5000,14.4560
1946-08-16T12:00:00+00:00,53.5000,-3.5000,14.5983
1946-08-16T12:00:00+00:00,52.5000,-6.5000,14.9899
1946-08-16T12:00:00+00:00,52.5000,-5.5000,14.6458
1946-08-16T12:00:00+00:00,52.5000,-4.5000,14.7049
1946-08-16T12:00:00+00:00,51.5000,-6.5000,15.2511
1946-08-16T12:00:00+00:00,51.5000,-5.5000,15.1430
1946-08-16T12:00:00+00:00,51.5000,-4.5000,15.2235
1946-08-16T12:00:00+00:00,51.5000,-3.5000,15.6277
1946-09-16T00:00:00+00:00,53.5000,-5.5000,14.2115
1946-09-16T00:00:00+00:00,53.5000,-4.5000,14.3592
1946-09-16T00:00:00+00:00,53.5000,-3.5000,14.6071
1946-09-16T00:00:00+00:00,52.5000,-6.5000,14.5220
1946-09-16T00:00:00+00:00,52.5000,-5.5000,14.3812
1946-09-16T00:00:00+00:00,52.5000,-4.5000,14.5062
1946-09-16T00:00:00+00:00,51.5000,-6.5000,14.6732
1946-09-16T00:00:00+00:00,51.5000,-5.5000,14.6772
1946-09-16T00:00:00+00:00,51.5000,-4.5000,14.8802
1946-09-16T00:00:00+00:00,51.5000,-3.5000,15.4120
1946-10-16T12:00:00+00:00,53.5000,-5.5000,13.6302
1946-10-16T12:00:00+00:00,53.5000,-4.5000,13.6814
1946-10-16T12:00:00+00:00,53.5000,-3.5000,13.6681
1946-10-16T12:00:00+00:00,52.5000,-6.5000,13.8381
1946-10-16T12:00:00+00:00,52.5000,-5.5000,13.8402
1946-10-16T12:00:00+00:00,52.5000,-4.5000,13.9016
1946-10-16T12:00:00+00:00,51.5000,-6.5000,13.8925
1946-10-16T12:00:00+00:00,51.5000,-5.5000,13.9869
1946-10-16T12:00:00+00:00,51.5000,-4.5000,14.1195
1946-10-16T12:00:00+00:00,51.5000,-3.5000,14.3802
1946-11-16T00:00:00+00:00,53.5000,-5.5000,12.0795
1946-11-16T00:00:00+00:00,53.5000,-4.5000,12.0532
1946-11-16T00:00:00+00:00,53.5000,-3.5000,11.8466
1946-11-16T00:00:00+00:00,52.5000,-6.5000,12.4124
1946-11-16T00:00:00+00:00,52.5000,-5.5000,12.3552
1946-11-16T00:00:00+00:00,52.5000,-4.5000,12.3743
1946-11-16T00:00:00+00:00,51.5000,-6.5000,12.4733
1946-11-16T00:00:00+00:00,51.5000,-5.5000,12.5495
1946-11-16T00:00:00+00:00,51.5000,-4.5000,12.6537
1946-11-16T00:00:00+00:00,51.5000,-3.5000,12.9402
1946-12-16T12:00:00+00:00,53.5000,-5.5000,10.4283
1946-12-16T12:00:00+00:00,53.5000,-4.5000,10.3327
1946-12-16T12:00:00+00:00,53.5000,-3.5000,10.0258
1946-12-16T12:00:00+00:00,52.5000,-6.5000,10.9665
1946-12-16T12:00:00+00:00,52.5000,-5.5000,10.7689
1946-12-16T12:00:00+00:00,52.5000,-4.5000,10.7078
1946-12-16T12:00:00+00:00,51.5000,-6.5000,11.0847
1946-12-16T12:00:00+00:00,51.5000,-5.5000,11.0605
1946-12-16T12:00:00+00:00,51.5000,-4.5000,11.0479
1946-12-16T12:00:00+00:00,51.5000,-3.5000,11.2509
1947-01-16T12:00:00+00:00,53.5000,-5.5000,9.0658
1947-01-16T12:00:00+00:00,53.5000,-4.5000,8.9371
1947-01-16T12:00:00+00:00,53.5000,-3.5000,8.5206
1947-01-16T12:00:00+00:00,52.5000,-6.5000,9.8875
1947-01-16T12:00:00+00:00,52.5000,-5.5000,9.5313
1947-01-16T12:00:00+00:00,52.5000,-4.5000,9.4032
1947-01-16T12:00:00+00:00,51.5000,-6.5000,10.0639
1947-01-16T12:00:00+00:00,51.5000,-5.5000,9.9081
1947-01-16T12:00:00+00:00,51.5000,-4.5000,9.7776
1947-01-16T12:00:00+00:00,51.5000,-3.5000,9.9279
1947-02-15T00:00:00+00:00,53.5000,-5.5000,7.6396
1947-02-15T00:00:00+00:00,53.5000,-4.5000,7.4143
1947-02-15T00:00:00+00:00,53.5000,-3.5000,6.8997
1947-02-15T00:00:00+00:00,52.5000,-6.5000,8.5975
1947-02-15T00:00:00+00:00,52.5000,-5.5000,8.1543
1947-02-15T00:00:00+00:00,52.5000,-4.5000,7.9218
1947-02-15T00:00:00+00:00,51.5000,-6.5000,8.8283
1947-02-15T00:00:00+00:00,51.5000,-5.5000,8.6115
1947-02-15T00:00:00+00:00,51.5000,-4.5000,8.3292
1947-02-15T00:00:00+00:00,51.5000,-3.5000,8.2214
1947-03-16T12:00:00+00:00,53.5000,-5.5000,6.9359
1947-03-16T12:00:00+00:00,53.5000,-4.5000,6.7474
1947-03-16T12:00:00+00:00,53.5000,-3.5000,6.3145
1947-03-16T12:00:00+00:00,52.5000,-6.5000,7.7951
1947-03-16T12:00:00+00:00,52.5000,-5.5000,7.3405
1947-03-16T12:00:00+00:00,52.5000,-4.5000,7.1780
1947-03-16T12:00:00+00:00,51.5000,-6.5000,8.0515
1947-03-16T12:00:00+00:00,51.5000,-5.5000,7.8207
1947-03-16T12:00:00+00:00,51.5000,-4.5000,7.6247
1947-03-16T12:00:00+00:00,51.5000,-3.5000,7.7196
1947-04-16T00:00:00+00:00,53.5000,-5.5000,8.1306
1947-04-16T00:00:00+00:00,53.5000,-4.5000,8.0601
1947-04-16T00:00:00+00:00,53.5000,-3.5000,7.7852
1947-04-16T00:00:00+00:00,52.5000,-6.5000,8.9307
1947-04-16T00:00:00+00:00,52.5000,-5.5000,8.5471
1947-04-16T00:00:00+00:00,52.5000,-4.5000,8.4662
1947-04-16T00:00:00+00:00,51.5000,-6.5000,9.1678
1947-04-16T00:00:00+00:00,51.5000,-5.5000,8.9836
1947-04-16T00:00:00+00:00,51.5000,-4.5000,8.8876
1947-04-16T00:00:00+00:00,51.5000,-3.5000,9.0759
1947-05-16T12:00:00+00:00,53.5000,-5.5000,9.6528
1947-05-16T12:00:00+00:00,53.5000,-4.5000,9.6144
1947-05-16T12:00:00+00:00,53.5000,-3.5000,9.4213
1947-05-16T12:00:00+00:00,52.5000,-6.5000,10.3934
1947-05-16T12:00:00+00:00,52.5000,-5.5000,10.0428
1947-05-16T12:00:00+00:00,52.5000,-4.5000,10.0023
1947-05-16T12:00:00+00:00,51.5000,-6.5000,10.6135
1947-05-16T12:00:00+00:00,51.5000,-5.5000,10.4765
1947-05-16T12:00:00+00:00,51.5000,-4.5000,10.4335
1947-05-16T12:00:00+00:00,51.5000,-3.5000,10.6090
1947-06-16T00:00:00+00:00,53.5000,-5.5000,11.8113
1947-06-16T00:00:00+00:00,53.5000,-4.5000,11.8795
1947-06-16T00:00:00+00:00,53.5000,-3.5000,11.8475
1947-06-16T00:00:00+00:00,52.5000,-6.5000,12.7619
1947-06-16T00:00:00+00:00,52.5000,-5.5000,12.3551
1947-06-16T00:00:00+00:00,52.5000,-4.5000,12.3417
1947-06-16T00:00:00+00:00,51.5000,-6.5000,13.0143
1947-06-16T00:00:00+00:00,51.5000,-5.5000,12.8653
1947-06-16T00:00:00+00:00,51.5000,-4.5000,12.8473
1947-06-16T00:00:00+00:00,51.5000,-3.5000,13.0883
1947-07-16T12:00:00+00:00,53.5000,-5.5000,13.3309
1947-07-16T12:00:00+00:00,53.5000,-4.5000,13.4052
1947-07-16T12:00:00+00:00,53.5000,-3.5000,13.5099
1947-07-16T12:00:00+00:00,52.5000,-6.5000,14.2502
1947-07-16T12:00:00+00:00,52.5000,-5.5000,13.7784
1947-07-16T12:00:00+00:00,52.5000,-4.5000,13.7910
1947-07-16T12:00:00+00:00,51.5000,-6.5000,14.5529
1947-07-16T12:00:00+00:00,51.5000,-5.5000,14.3923
1947-07-16T12:00:00+00:00,51.5000,-4.5000,14.4072
1947-07-16T12:00:00+00:00,51.5000,-3.5000,14.7483
1947-08-16T12:00:00+00:00,53.5000,-5.5000,16.0769
1947-08-16T12:00:00+00:00,53.5000,-4.5000,16.0485
1947-08-16T12:00:00+00:00,53.5000,-3.5000,15.7218
1947-08-16T12:00:00+00:00,52.5000,-6.5000,17.1042
1947-08-16T12:00:00+00:00,52.5000,-5.5000,16.7602
1947-08-16T12:00:00+00:00,52.5000,-4.5000,16.6906
1947-08-16T12:00:00+00:00,51.5000,-6.5000,17.3654
1947-08-16T12:00:00+00:00,51.5000,-5.5000,17.2573
1947-08-16T12:00:00+00:00,51.5000,-4.5000,17.1449
1947-08-16T12:00:00+00:00,51.5000,-3.5000,17.0990
1947-09-16T00:00:00+00:00,53.5000,-5.5000,15.3217
1947-09-16T00:00:00+00:00,53.5000,-4.5000,15.3859
1947-09-16T00:00:00+00:00,53.5000,-3.5000,15.2404
1947-09-16T00:00:00+00:00,52.5000,-6.5000,15.9270
1947-09-16T00:00:00+00:00,52.5000,-5.5000,15.7862
1947-09-16T00:00:00+00:00,52.5000,-4.5000,15.8353
1947-09-16T00:00:00+00:00,51.5000,-6.5000,16.0782
1947-09-16T00:00:00+00:00,51.5000,-5.5000,16.0822
1947-09-16T00:00:00+00:00,51.5000,-4.5000,16.1714
1947-09-16T00:00:00+00:00,51.5000,-3.5000,16.4375
1947-10-16T12:00:00+00:00,53.5000,-5.5000,14.3849
1947-10-16T12:00:00+00:00,53.5000,-4.5000,14.4005
1947-10-16T12:00:00+00:00,53.5000,-3.5000,14.2291
1947-10-16T12:00:00+00:00,52.5000,-6.5000,14.6434
1947-10-16T12:00:00+00:00,52.5000,-5.5000,14.6455
1947-10-16T12:00:00+00:00,52.5000,-4.5000,14.7072
1947-10-16T12:00:00+00:00,51.5000,-6.5000,14.6978
1947-10-16T12:00:00+00:00,51.5000,-5.5000,14.7922
1947-10-16T12:00:00+00:00,51.5000,-4.5000,14.9251
1947-10-16T12:00:00+00:00,51.5000,-3.5000,15.1867
1947-11-16T00:00:00+00:00,53.5000,-5.5000,12.5551
1947-11-16T00:00:00+00:00,53.5000,-4.5000,12.4899
1947-11-16T00:00:00+00:00,53.5000,-3.5000,12.1786
1947-11-16T00:00:00+00:00,52.5000,-6.5000,12.8607
1947-11-16T00:00:00+00:00,52.5000,-5.5000,12.8035
1947-11-16T00:00:00+00:00,52.5000,-4.5000,12.8304
1947-11-16T00:00:00+00:00,51.5000,-6.5000,12.9216
1947-11-16T00:00:00+00:00,51.5000,-5.5000,12.9979
1947-11-16T00:00:00+00:00,51.5000,-4.5000,13.1136
1947-11-16T00:00:00+00:00,51.5000,-3.5000,13.4270
1947-12-16T12:00:00+00:00,53.5000,-5.5000,10.7906
1947-12-16T12:00:00+00:00,53.5000,-4.5000,10.6092
1947-12-16T12:00:00+00:00,53.5000,-3.5000,10.1884
1947-12-16T12:00:00+00:00,52.5000,-6.5000,11.2469
1947-12-16T12:00:00+00:00,52.5000,-5.5000,11.0493
1947-12-16T12:00:00+00:00,52.5000,-4.5000,10.9575
1947-12-16T12:00:00+00:00,51.5000,-6.5000,11.3651
1947-12-16T12:00:00+00:00,51.5000,-5.5000,11.3410
1947-12-16T12:00:00+00:00,51.5000,-4.5000,11.2821
1947-12-16T12:00:00+00:00,51.5000,-3.5000,11.3772
1948-01-16T12:00:00+00:00,53.5000,-5.5000,9.4931
1948-01-16T12:00:00+00:00,53.5000,-4.5000,9.3282
1948-01-16T12:00:00+00:00,53.5000,-3.5000,8.9093
1948-01-16T12:00:00+00:00,52.5000,-6.5000,10.2875
1948-01-16T12:00:00+00:00,52.5000,-5.5000,9.9313
1948-01-16T12:00:00+00:00,52.5000,-4.5000,9.7638
1948-01-16T12:00:00+00:00,51.5000,-6.5000,10.4639
1948-01-16T12:00:00+00:00,51.5000,-5.5000,10.3082
1948-01-16T12:00:00+00:00,51.5000,-4.5000,10.1185
1948-01-16T12:00:00+00:00,51.5000,-3.5000,10.1308
1948-02-15T12:00:00+00:00,53.5000,-5.5000,8.4385
1948-02-15T12:00:00+00:00,53.5000,-4.5000,8.2859
1948-02-15T12:00:00+00:00,53.5000,-3.5000,7.9527
1948-02-15T12:00:00+00:00,52.5000,-6.5000,9.2020
1948-02-15T12:00:00+00:00,52.5000,-5.5000,8.7589
1948-02-15T12:00:00+00:00,52.5000,-4.5000,8.6418
1948-02-15T12:00:00+00:00,51.5000,-6.5000,9.4329
1948-02-15T12:00:00+00:00,51.5000,-5.5000,9.2160
1948-02-15T12:00:00+00:00,51.5000,-4.5000,9.1070
1948-02-15T12:00:00+00:00,51.5000,-3.5000,9.4034
1948-03-16T12:00:00+00:00,53.5000,-5.5000,8.5247
1948-03-16T12:00:00+00:00,53.5000,-4.5000,8.3742
1948-03-16T12:00:00+00:00,53.5000,-3.5000,8.1018
1948-03-16T12:00:00+00:00,52.5000,-6.5000,9.2806
1948-03-16T12:00:00+00:00,52.5000,-5.5000,8.8260
1948-03-16T12:00:00+00:00,52.5000,-4.5000,8.6917
1948-03-16T12:00:00+00:00,51.5000,-6.5000,9.5370
1948-03-16T12:00:00+00:00,51.5000,-5.5000,9.3062
1948-03-16T12:00:00+00:00,51.5000,-4.5000,9.1525
1948-03-16T12:00:00+00:00,51.5000,-3.5000,9.3460
1948-04-16T00:00:00+00:00,53.5000,-5.5000,9.2200
1948-04-16T00:00:00+00:00,53.5000,-4.5000,9.1909
1948-04-16T00:00:00+00:00,53.5000,-3.5000,9.0855
1948-04-16T00:00:00+00:00,52.5000,-6.5000,9.8660
1948-04-16T00:00:00+00:00,52.5000,-5.5000,9.4825
1948-04-16T00:00:00+00:00,52.5000,-4.5000,9.4559
1948-04-16T00:00:00+00:00,51.5000,-6.5000,10.1032
1948-04-16T00:00:00+00:00,51.5000,-5.5000,9.9189
1948-04-16T00:00:00+00:00,51.5000,-4.5000,9.9044
1948-04-16T00:00:00+00:00,51.5000,-3.5000,10.2831
1948-05-16T12:00:00+00:00,53.5000,-5.5000,10.7317
1948-05-16T12:00:00+00:00,53.5000,-4.5000,10.7998
1948-05-16T12:00:00+00:00,53.5000,-3.5000,10.7617
1948-05-16T12:00:00+00:00,52.5000,-6.5000,11.4990
1948-05-16T12:00:00+00:00,52.5000,-5.5000,11.1485
1948-05-16T12:00:00+00:00,52.5000,-4.5000,11.1769
1948-05-16T12:00:00+00:00,51.5000,-6.5000,11.7191
1948-05-16T12:00:00+00:00,51.5000,-5.5000,11.5822
1948-05-16T12:00:00+00:00,51.5000,-4.5000,11.6425
1948-05-16T12:00:00+00:00,51.5000,-3.5000,12.0591
1948-06-16T00:00:00+00:00,53.5000,-5.5000,12.2879
1948-06-16T00:00:00+00:00,53.5000,-4.5000,12.3501
1948-06-16T00:00:00+00:00,53.5000,-3.5000,12.4288
1948-06-16T00:00:00+00:00,52.5000,-6.5000,13.0389
1948-06-16T00:00:00+00:00,52.5000,-5.5000,12.6322
1948-06-16T00:00:00+00:00,52.5000,-4.5000,12.6540
1948-06-16T00:00:00+00:00,51.5000,-6.5000,13.2914
1948-06-16T00:00:00+00:00,51.5000,-5.5000,13.1424
1948-06-16T00:00:00+00:00,51.5000,-4.5000,13.1772
1948-06-16T00:00:00+00:00,51.5000,-3.5000,13.5415
1948-07-16T12:00:00+00:00,53.5000,-5.5000,13.2257
1948-07-16T12:00:00+00:00,53.5000,-4.5000,13.2912
1948-07-16T12:00:00+00:00,53.5000,-3.5000,13.2696
1948-07-16T12:00:00+00:00,52.5000,-6.5000,14.2176
1948-07-16T12:00:00+00:00,52.5000,-5.5000,13.7458
1948-07-16T12:00:00+00:00,52.5000,-4.5000,13.7720
1948-07-16T12:00:00+00:00,51.5000,-6.5000,14.5203
1948-07-16T12:00:00+00:00,51.5000,-5.5000,14.3597
1948-07-16T12:00:00+00:00,51.5000,-4.5000,14.3950
1948-07-16T12:00:00+00:00,51.5000,-3.5000,14.7834
1948-08-16T12:00:00+00:00,53.5000,-5.5000,14.8723
1948-08-16T12:00:00+00:00,53.5000,-4.5000,14.9030
1948-08-16T12:00:00+00:00,53.5000,-3.5000,14.8297
1948-08-16T12:00:00+00:00,52.5000,-6.5000,15.6932
1948-08-16T12:00:00+00:00,52.5000,-5.5000,15.3491
1948-08-16T12:00:00+00:00,52.5000,-4.5000,15.3448
1948-08-16T12:00:00+00:00,51.5000,-6.5000,15.9544
1948-08-16T12:00:00+00:00,51.5000,-5.5000,15.8462
1948-08-16T12:00:00+00:00,51.5000,-4.5000,15.8317
1948-08-16T12:00:00+00:00,51.5000,-3.5000,16.0139
1948-09-16T00:00:00+00:00,53.5000,-5.5000,14.1707
1948-09-16T00:00:00+00:00,53.5000,-4.5000,14.2525
1948-09-16T00:00:00+00:00,53.5000,-3.5000,14.3061
1948-09-16T00:00:00+00:00,52.5000,-6.5000,14.5873
1948-09-16T00:00:00+00:00,52.5000,-5.5000,14.4465
1948-09-16T00:00:00+00:00,52.5000,-4.5000,14.5167
1948-09-16T00:00:00+00:00,51.5000,-6.5000,14.7385
1948-09-16T00:00:00+00:00,51.5000,-5.5000,14.7425
1948-09-16T00:00:00+00:00,51.5000,-4.5000,14.8634
1948-09-16T00:00:00+00:00,51.5000,-3.5000,15.2038
1948-10-16T12:00:00+00:00,53.5000,-5.5000,13.8909
1948-10-16T12:00:00+00:00,53.5000,-4.5000,13.9099
1948-10-16T12:00:00+00:00,53.5000,-3.5000,13.7640
1948-10-16T12:00:00+00:00,52.5000,-6.5000,14.1525
1948-10-16T12:00:00+00:00,52.5000,-5.5000,14.1546
1948-10-16T12:00:00+00:00,52.5000,-4.5000,14.2070
1948-10-16T12:00:00+00:00,51.5000,-6.5000,14.2069
1948-10-16T12:00:00+00:00,51.5000,-5.5000,14.3013
1948-10-16T12:00:00+00:00,51.5000,-4.5000,14.4204
1948-10-16T12:00:00+00:00,51.5000,-3.5000,14.6497
1948-11-16T00:00:00+00:00,53.5000,-5.5000,12.0973
1948-11-16T00:00:00+00:00,53.5000,-4.5000,12.0337
1948-11-16T00:00:00+00:00,53.5000,-3.5000,11.7202
1948-11-16T00:00:00+00:00,52.5000,-6.5000,12.4375
1948-11-16T00:00:00+00:00,52.5000,-5.5000,12.3803
1948-11-16T00:00:00+00:00,52.5000,-4.5000,12.3933
1948-11-16T00:00:00+00:00,51.5000,-6.5000,12.4984
1948-11-16T00:00:00+00:00,51.5000,-5.5000,12.5746
1948-11-16T00:00:00+00:00,51.5000,-4.5000,12.6696
1948-11-16T00:00:00+00:00,51.5000,-3.5000,12.9346
1948-12-16T12:00:00+00:00,53.5000,-5.5000,10.8421
1948-12-16T12:00:00+00:00,53.5000,-4.5000,10.7171
1948-12-16T12:00:00+00:00,53.5000,-3.5000,10.4210
1948-12-16T12:00:00+00:00,52.5000,-6.5000,11.3422
1948-12-16T12:00:00+00:00,52.5000,-5.5000,11.1447
1948-12-16T12:00:00+00:00,52.5000,-4.5000,11.0531
1948-12-16T12:00:00+00:00,51.5000,-6.5000,11.4604
1948-12-16T12:00:00+00:00,51.5000,-5.5000,11.4363
1948-12-16T12:00:00+00:00,51.5000,-4.5000,11.3779
1948-12-16T12:00:00+00:00,51.5000,-3.5000,11.4742
1949-01-16T12:00:00+00:00,53.5000,-5.5000,10.0865
1949-01-16T12:00:00+00:00,53.5000,-4.5000,9.8537
1949-01-16T12:00:00+00:00,53.5000,-3.5000,9.3484
1949-01-16T12:00:00+00:00,52.5000,-6.5000,10.3610
1949-01-16T12:00:00+00:00,52.5000,-5.5000,10.3284
1949-01-16T12:00:00+00:00,52.5000,-4.5000,10.2545
1949-01-16T12:00:00+00:00,51.5000,-6.5000,10.5195
1949-01-16T12:00:00+00:00,51.5000,-5.5000,10.6310
1949-01-16T12:00:00+00:00,51.5000,-4.5000,10.6371
1949-01-16T12:00:00+00:00,51.5000,-3.5000,10.8011
1949-02-15T00:00:00+00:00,53.5000,-5.5000,8.9116
1949-02-15T00:00:00+00:00,53.5000,-4.5000,8.7121
1949-02-15T00:00:00+00:00,53.5000,-3.5000,8.3011
1949-02-15T00:00:00+00:00,52.5000,-6.5000,9.6029
1949-02-15T00:00:00+00:00,52.5000,-5.5000,9.2781
1949-02-15T00:00:00+00:00,52.5000,-4.5000,9.1086
1949-02-15T00:00:00+00:00,51.5000,-6.5000,9.8607
1949-02-15T00:00:00+00:00,51.5000,-5.5000,9.7543
1949-02-15T00:00:00+00:00,51.5000,-4.5000,9.5725
1949-02-15T00:00:00+00:00,51.5000,-3.5000,9.6338
1949-03-16T12:00:00+00:00,53.5000,-5.5000,8.5596
1949-03-16T12:00:00+00:00,53.5000,-4.5000,8.3369
1949-03-16T12:00:00+00:00,53.5000,-3.5000,7.9046
1949-03-16T12:00:00+00:00,52.5000,-6.5000,9.1658
1949-03-16T12:00:00+00:00,52.5000,-5.5000,8.8733
1949-03-16T12:00:00+00:00,52.5000,-4.5000,8.6928
1949-03-16T12:00:00+00:00,51.5000,-6.5000,9.4667
1949-03-16T12:00:00+00:00,51.5000,-5.5000,9.3550
1949-03-16T12:00:00+00:00,51.5000,-4.5000,9.1649
1949-03-16T12:00:00+00:00,51.5000,-3.5000,8.9170
1949-04-16T00:00:00+00:00,53.5000,-5.5000,9.2353
1949-04-16T00:00:00+00:00,53.5000,-4.5000,9.1506
1949-04-16T00:00:00+00:00,53.5000,-3.5000,8.9168
1949-04-16T00:00:00+00:00,52.5000,-6.5000,10.0602
1949-04-16T00:00:00+00:00,52.5000,-5.5000,9.6555
1949-04-16T00:00:00+00:00,52.5000,-4.5000,9.5053
1949-04-16T00:00:00+00:00,51.5000,-6.5000,10.3230
1949-04-16T00:00:00+00:00,51.5000,-5.5000,10.1346
1949-04-16T00:00:00+00:00,51.5000,-4.5000,9.9282
1949-04-16T00:00:00+00:00,51.5000,-3.5000,9.8296
1949-05-16T12:00:00+00:00,53.5000,-5.5000,10.1309
1949-05-16T12:00:00+00:00,53.5000,-4.5000,10.1775
1949-05-16T12:00:00+00:00,53.5000,-3.5000,10.0629
1949-05-16T12:00:00+00:00,52.5000,-6.5000,11.2243
1949-05-16T12:00:00+00:00,52.5000,-5.5000,10.7406
1949-05-16T12:00:00+00:00,52.5000,-4.5000,10.6777
1949-05-16T12:00:00+00:00,51.5000,-6.5000,11.4585
1949-05-16T12:00:00+00:00,51.5000,-5.5000,11.2849
1949-05-16T12:00:00+00:00,51.5000,-4.5000,11.1813
1949-05-16T12:00:00+00:00,51.5000,-3.5000,11.2542
1949-06-16T00:00:00+00:00,53.5000,-5.5000,12.4676
1949-06-16T00:00:00+00:00,53.5000,-4.5000,12.5235
1949-06-16T00:00:00+00:00,53.5000,-3.5000,12.5254
1949-06-16T00:00:00+00:00,52.5000,-6.5000,13.3783
1949-06-16T00:00:00+00:00,52.5000,-5.5000,12.9306
1949-06-16T00:00:00+00:00,52.5000,-4.5000,12.8685
1949-06-16T00:00:00+00:00,51.5000,-6.5000,13.6968
1949-06-16T00:00:00+00:00,51.5000,-5.5000,13.4979
1949-06-16T00:00:00+00:00,51.5000,-4.5000,13.3709
1949-06-16T00:00:00+00:00,51.5000,-3.5000,13.5407
1949-07-16T12:00:00+00:00,53.5000,-5.5000,14.5718
1949-07-16T12:00:00+00:00,53.5000,-4.5000,14.5150
1949-07-16T12:00:00+00:00,53.5000,-3.5000,14.0793
1949-07-16T12:00:00+00:00,52.5000,-6.5000,16.2625
1949-07-16T12:00:00+00:00,52.5000,-5.5000,15.5535
1949-07-16T12:00:00+00:00,52.5000,-4.5000,15.3955
1949-07-16T12:00:00+00:00,51.5000,-6.5000,16.7212
1949-07-16T12:00:00+00:00,51.5000,-5.5000,16.4933
1949-07-16T12:00:00+00:00,51.5000,-4.5000,16.2277
1949-07-16T12:00:00+00:00,51.5000,-3.5000,16.3140
1949-08-16T12:00:00+00:00,53.5000,-5.5000,15.5374
1949-08-16T12:00:00+00:00,53.5000,-4.5000,15.4265
1949-08-16T12:00:00+00:00,53.5000,-3.5000,14.9688
1949-08-16T12:00:00+00:00,52.5000,-6.5000,16.5974
1949-08-16T12:00:00+00:00,52.5000,-5.5000,16.2068
1949-08-16T12:00:00+00:00,52.5000,-4.5000,16.1264
1949-08-16T12:00:00+00:00,51.5000,-6.5000,16.9226
1949-08-16T12:00:00+00:00,51.5000,-5.5000,16.8775
1949-08-16T12:00:00+00:00,51.5000,-4.5000,16.7772
1949-08-16T12:00:00+00:00,51.5000,-3.5000,16.9017
1949-09-16T00:00:00+00:00,53.5000,-5.5000,16.1985
1949-09-16T00:00:00+00:00,53.5000,-4.5000,16.1761
1949-09-16T00:00:00+00:00,53.5000,-3.5000,15.9629
1949-09-16T00:00:00+00:00,52.5000,-6.5000,16.9723
1949-09-16T00:00:00+00:00,52.5000,-5.5000,16.6697
1949-09-16T00:00:00+00:00,52.5000,-4.5000,16.5567
1949-09-16T00:00:00+00:00,51.5000,-6.5000,17.1946
1949-09-16T00:00:00+00:00,51.5000,-5.5000,17.0628
1949-09-16T00:00:00+00:00,51.5000,-4.5000,16.8728
1949-09-16T00:00:00+00:00,51.5000,-3.5000,17.0905
1949-10-16T12:00:00+00:00,53.5000,-5.5000,14.9527
1949-10-16T12:00:00+00:00,53.5000,-4.5000,15.0625
1949-10-16T12:00:00+00:00,53.5000,-3.5000,14.9233
1949-10-16T12:00:00+00:00,52.5000,-6.5000,15.7564
1949-10-16T12:00:00+00:00,52.5000,-5.5000,15.5575
1949-10-16T12:00:00+00:00,52.5000,-4.5000,15.5388
1949-10-16T12:00:00+00:00,51.5000,-6.5000,15.7482
1949-10-16T12:00:00+00:00,51.5000,-5.5000,15.8785
1949-10-16T12:00:00+00:00,51.5000,-4.5000,15.8059
1949-10-16T12:00:00+00:00,51.5000,-3.5000,15.8667
1949-11-16T00:00:00+00:00,53.5000,-5.5000,12.5268
1949-11-16T00:00:00+00:00,53.5000,-4.5000,12.4313
1949-11-16T00:00:00+00:00,53.5000,-3.5000,12.1880
1949-11-16T00:00:00+00:00,52.5000,-6.5000,12.6247
1949-11-16T00:00:00+00:00,52.5000,-5.5000,12.6674
1949-11-16T00:00:00+00:00,52.5000,-4.5000,12.6529
1949-11-16T00:00:00+00:00,51.5000,-6.5000,12.7171
1949-11-16T00:00:00+00:00,51.5000,-5.5000,12.8097
1949-11-16T00:00:00+00:00,51.5000,-4.5000,12.8637
1949-11-16T00:00:00+00:00,51.5000,-3.5000,12.8705
1949-12-16T12:00:00+00:00,53.5000,-5.5000,10.8395
1949-12-16T12:00:00+00:00,53.5000,-4.5000,10.5378
1949-12-16T12:00:00+00:00,53.5000,-3.5000,10.1672
1949-12-16T12:00:00+00:00,52.5000,-6.5000,10.5715
1949-12-16T12:00:00+00:00,52.5000,-5.5000,10.6590
1949-12-16T12:00:00+00:00,52.5000,-4.5000,10.5540
1949-12-16T12:00:00+00:00,51.5000,-6.5000,10.7711
1949-12-16T12:00:00+00:00,51.5000,-5.5000,10.8020
1949-12-16T12:00:00+00:00,51.5000,-4.5000,10.8207
1949-12-16T12:00:00+00:00,51.5000,-3.5000,10.7076
1950-01-16T12:00:00+00:00,53.5000,-5.5000,10.1219
1950-01-16T12:00:00+00:00,53.5000,-4.5000,9.7738
1950-01-16T12:00:00+00:00,53.5000,-3.5000,9.1101
1950-01-16T12:00:00+00:00,52.5000,-6.5000,10.4926
1950-01-16T12:00:00+00:00,52.5000,-5.5000,10.3717
1950-01-16T12:00:00+00:00,52.5000,-4.5000,10.1718
1950-01-16T12:00:00+00:00,51.5000,-6.5000,10.6070
1950-01-16T12:00:00+00:00,51.5000,-5.5000,10.6217
1950-01-16T12:00:00+00:00,51.5000,-4.5000,10.4722
1950-01-16T12:00:00+00:00,51.5000,-3.5000,10.2094
1950-02-15T00:00:00+00:00,53.5000,-5.5000,8.8668
1950-02-15T00:00:00+00:00,53.5000,-4.5000,8.6036
1950-02-15T00:00:00+00:00,53.5000,-3.5000,8.1047
1950-02-15T00:00:00+00:00,52.5000,-6.5000,9.1768
1950-02-15T00:00:00+00:00,52.5000,-5.5000,9.0723
1950-02-15T00:00:00+00:00,52.5000,-4.5000,8.9740
1950-02-15T00:00:00+00:00,51.5000,-6.5000,9.3921
1950-02-15T00:00:00+00:00,51.5000,-5.5000,9.3937
1950-02-15T00:00:00+00:00,51.5000,-4.5000,9.4132
1950-02-15T00:00:00+00:00,51.5000,-3.5000,9.8080
1950-03-16T12:00:00+00:00,53.5000,-5.5000,8.8772
1950-03-16T12:00:00+00:00,53.5000,-4.5000,8.7725
1950-03-16T12:00:00+00:00,53.5000,-3.5000,8.5637
1950-03-16T12:00:00+00:00,52.5000,-6.5000,9.4355
1950-03-16T12:00:00+00:00,52.5000,-5.5000,9.1496
1950-03-16T12:00:00+00:00,52.5000,-4.5000,8.9866
1950-03-16T12:00:00+00:00,51.5000,-6.5000,9.6649
1950-03-16T12:00:00+00:00,51.5000,-5.5000,9.5647
1950-03-16T12:00:00+00:00,51.5000,-4.5000,9.3629
1950-03-16T12:00:00+00:00,51.5000,-3.5000,9.2556
1950-04-16T00:00:00+00:00,53.5000,-5.5000,9.1424
1950-04-16T00:00:00+00:00,53.5000,-4.5000,9.0497
1950-04-16T00:00:00+00:00,53.5000,-3.5000,8.7395
1950-04-16T00:00:00+00:00,52.5000,-6.5000,9.8342
1950-04-16T00:00:00+00:00,52.5000,-5.5000,9.5659
1950-04-16T00:00:00+00:00,52.5000,-4.5000,9.4741
1950-04-16T00:00:00+00:00,51.5000,-6.5000,10.0895
1950-04-16T00:00:00+00:00,51.5000,-5.5000,10.0002
1950-04-16T00:00:00+00:00,51.5000,-4.5000,9.8643
1950-04-16T00:00:00+00:00,51.5000,-3.5000,9.7899
1950-05-16T12:00:00+00:00,53.5000,-5.5000,10.4384
1950-05-16T12:00:00+00:00,53.5000,-4.5000,10.3510
1950-05-16T12:00:00+00:00,53.5000,-3.5000,10.0348
1950-05-16T12:00:00+00:00,52.5000,-6.5000,11.4593
1950-05-16T12:00:00+00:00,52.5000,-5.5000,11.0017
1950-05-16T12:00:00+00:00,52.5000,-4.5000,10.8983
1950-05-16T12:00:00+00:00,51.5000,-6.5000,11.6799
1950-05-16T12:00:00+00:00,51.5000,-5.5000,11.5112
1950-05-16T12:00:00+00:00,51.5000,-4.5000,11.4038
1950-05-16T12:00:00+00:00,51.5000,-3.5000,11.5333
1950-06-16T00:00:00+00:00,53.5000,-5.5000,12.3872
1950-06-16T00:00:00+00:00,53.5000,-4.5000,12.3644
1950-06-16T00:00:00+00:00,53.5000,-3.5000,12.0544
1950-06-16T00:00:00+00:00,52.5000,-6.5000,13.9068
1950-06-16T00:00:00+00:00,52.5000,-5.5000,13.2371
1950-06-16T00:00:00+00:00,52.5000,-4.5000,13.1061
1950-06-16T00:00:00+00:00,51.5000,-6.5000,14.1197
1950-06-16T00:00:00+00:00,51.5000,-5.5000,13.9953
1950-06-16T00:00:00+00:00,51.5000,-4.5000,13.8573
1950-06-16T00:00:00+00:00,51.5000,-3.5000,14.0039
1950-07-16T12:00:00+00:00,53.5000,-5.5000,14.4246
1950-07-16T12:00:00+00:00,53.5000,-4.5000,14.2925
1950-07-16T12:00:00+00:00,53.5000,-3.5000,13.9561
1950-07-16T12:00:00+00:00,52.5000,-6.5000,15.7431
1950-07-16T12:00:00+00:00,52.5000,-5.5000,15.0720
1950-07-16T12:00:00+00:00,52.5000,-4.5000,14.8966
1950-07-16T12:00:00+00:00,51.5000,-6.5000,16.0918
1950-07-16T12:00:00+00:00,51.5000,-5.5000,15.7957
1950-07-16T12:00:00+00:00,51.5000,-4.5000,15.5947
1950-07-16T12:00:00+00:00,51.5000,-3.5000,15.6713
1950-08-16T12:00:00+00:00,53.5000,-5.5000,14.6058
1950-08-16T12:00:00+00:00,53.5000,-4.5000,14.6136
1950-08-16T12:00:00+00:00,53.5000,-3.5000,14.4432
1950-08-16T12:00:00+00:00,52.5000,-6.5000,15.8047
1950-08-16T12:00:00+00:00,52.5000,-5.5000,15.2513
1950-08-16T12:00:00+00:00,52.5000,-4.5000,15.2005
1950-08-16T12:00:00+00:00,51.5000,-6.5000,16.0879
1950-08-16T12:00:00+00:00,51.5000,-5.5000,15.9168
1950-08-16T12:00:00+00:00,51.5000,-4.5000,15.8991
1950-08-16T12:00:00+00:00,51.5000,-3.5000,16.1933
1950-09-16T00:00:00+00:00,53.5000,-5.5000,14.0885
1950-09-16T00:00:00+00:00,53.5000,-4.5000,14.1559
1950-09-16T00:00:00+00:00,53.5000,-3.5000,14.0945
1950-09-16T00:00:00+00:00,52.5000,-6.5000,14.5000
1950-09-16T00:00:00+00:00,52.5000,-5.5000,14.4198
1950-09-16T00:00:00+00:00,52.5000,-4.5000,14.5151
1950-09-16T00:00:00+00:00,51.5000,-6.5000,14.7229
1950-09-16T00:00:00+00:00,51.5000,-5.5000,14.7837
1950-09-16T00:00:00+00:00,51.5000,-4.5000,14.9379
1950-09-16T00:00:00+00:00,51.5000,-3.5000,15.3423
1950-10-16T12:00:00+00:00,53.5000,-5.5000,13.2516
1950-10-16T12:00:00+00:00,53.5000,-4.5000,13.2426
1950-10-16T12:00:00+00:00,53.5000,-3.5000,13.0642
1950-10-16T12:00:00+00:00,52.5000,-6.5000,13.6122
1950-10-16T12:00:00+00:00,52.5000,-5.5000,13.5515
1950-10-16T12:00:00+00:00,52.5000,-4.5000,13.6223
1950-10-16T12:00:00+00:00,51.5000,-6.5000,13.6880
1950-10-16T12:00:00+00:00,51.5000,-5.5000,13.8306
1950-10-16T12:00:00+00:00,51.5000,-4.5000,14.0246
1950-10-16T12:00:00+00:00,51.5000,-3.5000,14.1289
1950-11-16T00:00:00+00:00,53.5000,-5.5000,11.6292
1950-11-16T00:00:00+00:00,53.5000,-4.5000,11.4846
1950-11-16T00:00:00+00:00,53.5000,-3.5000,11.0669
1950-11-16T00:00:00+00:00,52.5000,-6.5000,11.9156
1950-11-16T00:00:00+00:00,52.5000,-5.5000,11.9208
1950-11-16T00:00:00+00:00,52.5000,-4.5000,11.9160
1950-11-16T00:00:00+00:00,51.5000,-6.5000,11.9901
1950-11-16T00:00:00+00:00,51.5000,-5.5000,12.1595
1950-11-16T00:00:00+00:00,51.5000,-4.5000,12.2766
1950-11-16T00:00:00+00:00,51.5000,-3.5000,12.5612
1950-12-16T12:00:00+00:00,53.5000,-5.5000,9.6206
1950-12-16T12:00:00+00:00,53.5000,-4.5000,9.5184
1950-12-16T12:00:00+00:00,53.5000,-3.5000,9.0380
1950-12-16T12:00:00+00:00,52.5000,-6.5000,10.2595
1950-12-16T12:00:00+00:00,52.5000,-5.5000,10.1647
1950-12-16T12:00:00+00:00,52.5000,-4.5000,10.2069
1950-12-16T12:00:00+00:00,51.5000,-6.5000,10.3379
1950-12-16T12:00:00+00:00,51.5000,-5.5000,10.5033
1950-12-16T12:00:00+00:00,51.5000,-4.5000,10.6555
1950-12-16T12:00:00+00:00,51.5000,-3.5000,10.4370
1951-01-16T12:00:00+00:00,53.5000,-5.5000,8.6760
1951-01-16T12:00:00+00:00,53.5000,-4.5000,8.3942
1951-01-16T12:00:00+00:00,53.5000,-3.5000,7.6527
1951-01-16T12:00:00+00:00,52.5000,-6.5000,9.4618
1951-01-16T12:00:00+00:00,52.5000,-5.5000,9.2452
1951-01-16T12:00:00+00:00,52.5000,-4.5000,9.1536
1951-01-16T12:00:00+00:00,51.5000,-6.5000,9.5753
1951-01-16T12:00:00+00:00,51.5000,-5.5000,9.6513
1951-01-16T12:00:00+00:00,51.5000,-4.5000,9.6627
1951-01-16T12:00:00+00:00,51.5000,-3.5000,9.2514
1951-02-15T00:00:00+00:00,53.5000,-5.5000,7.9438
1951-02-15T00:00:00+00:00,53.5000,-4.5000,7.8241
1951-02-15T00:00:00+00:00,53.5000,-3.5000,7.3481
1951-02-15T00:00:00+00:00,52.5000,-6.5000,8.7278
1951-02-15T00:00:00+00:00,52.5000,-5.5000,8.5153
1951-02-15T00:00:00+00:00,52.5000,-4.5000,8.4729
1951-02-15T00:00:00+00:00,51.5000,-6.5000,8.9196
1951-02-15T00:00:00+00:00,51.5000,-5.5000,8.9768
1951-02-15T00:00:00+00:00,51.5000,-4.5000,8.9549
1951-02-15T00:00:00+00:00,51.5000,-3.5000,8.6447
1951-03-16T12:00:00+00:00,53.5000,-5.5000,7.1531
1951-03-16T12:00:00+00:00,53.5000,-4.5000,7.1097
1951-03-16T12:00:00+00:00,53.5000,-3.5000,6.7724
1951-03-16T12:00:00+00:00,52.5000,-6.5000,8.3848
1951-03-16T12:00:00+00:00,52.5000,-5.5000,7.8798
1951-03-16T12:00:00+00:00,52.5000,-4.5000,7.7732
1951-03-16T12:00:00+00:00,51.5000,-6.5000,8.5658
1951-03-16T12:00:00+00:00,51.5000,-5.5000,8.4391
1951-03-16T12:00:00+00:00,51.5000,-4.5000,8.2985
1951-03-16T12:00:00+00:00,51.5000,-3.5000,8.4525
1951-04-16T00:00:00+00:00,53.5000,-5.5000,8.1516
1951-04-16T00:00:00+00:00,53.5000,-4.5000,8.0695
1951-04-16T00:00:00+00:00,53.5000,-3.5000,7.7488
1951-04-16T00:00:00+00:00,52.5000,-6.5000,8.8926
1951-04-16T00:00:00+00:00,52.5000,-5.5000,8.6181
1951-04-16T00:00:00+00:00,52.5000,-4.5000,8.5940
1951-04-16T00:00:00+00:00,51.5000,-6.5000,9.1351
1951-04-16T00:00:00+00:00,51.5000,-5.5000,9.0988
1951-04-16T00:00:00+00:00,51.5000,-4.5000,9.1061
1951-04-16T00:00:00+00:00,51.5000,-3.5000,8.9524
1951-05-16T12:00:00+00:00,53.5000,-5.5000,9.1815
1951-05-16T12:00:00+00:00,53.5000,-4.5000,9.0944
1951-05-16T12:00:00+00:00,53.5000,-3.5000,8.6798
1951-05-16T12:00:00+00:00,52.5000,-6.5000,10.2368
1951-05-16T12:00:00+00:00,52.5000,-5.5000,9.8428
1951-05-16T12:00:00+00:00,52.5000,-4.5000,9.7812
1951-05-16T12:00:00+00:00,51.5000,-6.5000,10.4434
1951-05-16T12:00:00+00:00,51.5000,-5.5000,10.4126
1951-05-16T12:00:00+00:00,51.5000,-4.5000,10.3623
1951-05-16T12:00:00+00:00,51.5000,-3.5000,10.4663
1951-06-16T00:00:00+00:00,53.5000,-5.5000,11.8303
1951-06-16T00:00:00+00:00,53.5000,-4.5000,11.6359
1951-06-16T00:00:00+00:00,53.5000,-3.5000,11.0941
1951-06-16T00:00:00+00:00,52.5000,-6.5000,13.1085
1951-06-16T00:00:00+00:00,52.5000,-5.5000,12.5418
1951-06-16T00:00:00+00:00,52.5000,-4.5000,12.3948
1951-06-16T00:00:00+00:00,51.5000,-6.5000,13.3349
1951-06-16T00:00:00+00:00,51.5000,-5.5000,13.1272
1951-06-16T00:00:00+00:00,51.5000,-4.5000,13.0050
1951-06-16T00:00:00+00:00,51.5000,-3.5000,13.1039
1951-07-16T12:00:00+00:00,53.5000,-5.5000,13.4067
1951-07-16T12:00:00+00:00,53.5000,-4.5000,13.4546
1951-07-16T12:00:00+00:00,53.5000,-3.5000,13.1447
1951-07-16T12:00:00+00:00,52.5000,-6.5000,15.2301
1951-07-16T12:00:00+00:00,52.5000,-5.5000,14.4806
1951-07-16T12:00:00+00:00,52.5000,-4.5000,14.4313
1951-07-16T12:00:00+00:00,51.5000,-6.5000,15.6821
1951-07-16T12:00:00+00:00,51.5000,-5.5000,15.4390
1951-07-16T12:00:00+00:00,51.5000,-4.5000,15.3276
1951-07-16T12:00:00+00:00,51.5000,-3.5000,15.5836
1951-08-16T12:00:00+00:00,53.5000,-5.5000,14.5731
1951-08-16T12:00:00+00:00,53.5000,-4.5000,14.5391
1951-08-16T12:00:00+00:00,53.5000,-3.5000,14.3105
1951-08-16T12:00:00+00:00,52.5000,-6.5000,15.3690
1951-08-16T12:00:00+00:00,52.5000,-5.5000,15.0553
1951-08-16T12:00:00+00:00,52.5000,-4.5000,15.0472
1951-08-16T12:00:00+00:00,51.5000,-6.5000,15.8091
1951-08-16T12:00:00+00:00,51.5000,-5.5000,15.7126
1951-08-16T12:00:00+00:00,51.5000,-4.5000,15.6846
1951-08-16T12:00:00+00:00,51.5000,-3.5000,15.8981
1951-09-16T00:00:00+00:00,53.5000,-5.5000,14.5775
1951-09-16T00:00:00+00:00,53.5000,-4.5000,14.5810
1951-09-16T00:00:00+00:00,53.5000,-3.5000,14.4530
1951-09-16T00:00:00+00:00,52.5000,-6.5000,15.0631
1951-09-16T00:00:00+00:00,52.5000,-5.5000,14.9030
1951-09-16T00:00:00+00:00,52.5000,-4.5000,14.9370
1951-09-16T00:00:00+00:00,51.5000,-6.5000,15.1861
1951-09-16T00:00:00+00:00,51.5000,-5.5000,15.1621
1951-09-16T00:00:00+00:00,51.5000,-4.5000,15.2442
1951-09-16T00:00:00+00:00,51.5000,-3.5000,15.4642
1951-10-16T12:00:00+00:00,53.5000,-5.5000,13.7430
1951-10-16T12:00:00+00:00,53.5000,-4.5000,13.8018
1951-10-16T12:00:00+00:00,53.5000,-3.5000,13.6964
1951-10-16T12:00:00+00:00,52.5000,-6.5000,13.9909
1951-10-16T12:00:00+00:00,52.5000,-5.5000,14.0343
1951-10-16T12:00:00+00:00,52.5000,-4.5000,14.1566
1951-10-16T12:00:00+00:00,51.5000,-6.5000,14.1261
1951-10-16T12:00:00+00:00,51.5000,-5.5000,14.2198
1951-10-16T12:00:00+00:00,51.5000,-4.5000,14.3844
1951-10-16T12:00:00+00:00,51.5000,-3.5000,14.6332
1951-11-16T00:00:00+00:00,53.5000,-5.5000,12.2430
1951-11-16T00:00:00+00:00,53.5000,-4.5000,12.2037
1951-11-16T00:00:00+00:00,53.5000,-3.5000,12.0159
1951-11-16T00:00:00+00:00,52.5000,-6.5000,12.2651
1951-11-16T00:00:00+00:00,52.5000,-5.5000,12.3874
1951-11-16T00:00:00+00:00,52.5000,-4.5000,12.4417
1951-11-16T00:00:00+00:00,51.5000,-6.5000,12.3667
1951-11-16T00:00:00+00:00,51.5000,-5.5000,12.5450
1951-11-16T00:00:00+00:00,51.5000,-4.5000,12.6661
1951-11-16T00:00:00+00:00,51.5000,-3.5000,12.6525
1951-12-16T12:00:00+00:00,53.5000,-5.5000,11.4026
1951-12-16T12:00:00+00:00,53.5000,-4.5000,11.1062
1951-12-16T12:00:00+00:00,53.5000,-3.5000,10.7112
1951-12-16T12:00:00+00:00,52.5000,-6.5000,11.1920
1951-12-16T12:00:00+00:00,52.5000,-5.5000,11.2726
1951-12-16T12:00:00+00:00,52.5000,-4.5000,11.1466
1951-12-16T12:00:00+00:00,51.5000,-6.5000,11.2466
1951-12-16T12:00:00+00:00,51.5000,-5.5000,11.3167
1951-12-16T12:00:00+00:00,51.5000,-4.5000,11.3098
1951-12-16T12:00:00+00:00,51.5000,-3.5000,11.4383
1952-01-16T12:00:00+00:00,53.5000,-5.5000,9.6527
1952-01-16T12:00:00+00:00,53.5000,-4.5000,9.3470
1952-01-16T12:00:00+00:00,53.5000,-3.5000,8.8694
1952-01-16T12:00:00+00:00,52.5000,-6.5000,9.7256
1952-01-16T12:00:00+00:00,52.5000,-5.5000,9.6900
1952-01-16T12:00:00+00:00,52.5000,-4.5000,9.5386
1952-01-16T12:00:00+00:00,51.5000,-6.5000,9.8759
1952-01-16T12:00:00+00:00,51.5000,-5.5000,9.9007
1952-01-16T12:00:00+00:00,51.5000,-4.5000,9.8506
1952-01-16T12:00:00+00:00,51.5000,-3.5000,10.0740
1952-02-15T12:00:00+00:00,53.5000,-5.5000,8.3004
1952-02-15T12:00:00+00:00,53.5000,-4.5000,8.0766
1952-02-15T12:00:00+00:00,53.5000,-3.5000,7.6605
1952-02-15T12:00:00+00:00,52.5000,-6.5000,8.8592
1952-02-15T12:00:00+00:00,52.5000,-5.5000,8.5860
1952-02-15T12:00:00+00:00,52.5000,-4.5000,8.4314
1952-02-15T12:00:00+00:00,51.5000,-6.5000,9.0532
1952-02-15T12:00:00+00:00,51.5000,-5.5000,8.9487
1952-02-15T12:00:00+00:00,51.5000,-4.5000,8.8203
1952-02-15T12:00:00+00:00,51.5000,-3.5000,8.4991
1952-03-16T12:00:00+00:00,53.5000,-5.5000,8.1596
1952-03-16T12:00:00+00:00,53.5000,-4.5000,7.8830
1952-03-16T12:00:00+00:00,53.5000,-3.5000,7.4885
1952-03-16T12:00:00+00:00,52.5000,-6.5000,8.6243
1952-03-16T12:00:00+00:00,52.5000,-5.5000,8.3100
1952-03-16T12:00:00+00:00,52.5000,-4.5000,8.1215
1952-03-16T12:00:00+00:00,51.5000,-6.5000,8.9422
1952-03-16T12:00:00+00:00,51.5000,-5.5000,8.7277
1952-03-16T12:00:00+00:00,51.5000,-4.5000,8.6077
1952-03-16T12:00:00+00:00,51.5000,-3.5000,8.9712
1952-04-16T00:00:00+00:00,53.5000,-5.5000,8.3863
1952-04-16T00:00:00+00:00,53.5000,-4.5000,8.3044
1952-04-16T00:00:00+00:00,53.5000,-3.5000,7.9278
1952-04-16T00:00:00+00:00,52.5000,-6.5000,9.5750
1952-04-16T00:00:00+00:00,52.5000,-5.5000,9.0715
1952-04-16T00:00:00+00:00,52.5000,-4.5000,8.9868
1952-04-16T00:00:00+00:00,51.5000,-6.5000,9.8166
1952-04-16T00:00:00+00:00,51.5000,-5.5000,9.6801
1952-04-16T00:00:00+00:00,51.5000,-4.5000,9.5944
1952-04-16T00:00:00+00:00,51.5000,-3.5000,9.7673
1952-05-16T12:00:00+00:00,53.5000,-5.5000,10.0584
1952-05-16T12:00:00+00:00,53.5000,-4.5000,10.0460
1952-05-16T12:00:00+00:00,53.5000,-3.5000,9.7256
1952-05-16T12:00:00+00:00,52.5000,-6.5000,11.1920
1952-05-16T12:00:00+00:00,52.5000,-5.5000,10.7754
1952-05-16T12:00:00+00:00,52.5000,-4.5000,10.7659
1952-05-16T12:00:00+00:00,51.5000,-6.5000,11.4593
1952-05-16T12:00:00+00:00,51.5000,-5.5000,11.4100
1952-05-16T12:00:00+00:00,51.5000,-4.5000,11.4148
1952-05-16T12:00:00+00:00,51.5000,-3.5000,11.6643
1952-06-16T00:00:00+00:00,53.5000,-5.5000,12.2884
1952-06-16T00:00:00+00:00,53.5000,-4.5000,12.1746
1952-06-16T00:00:00+00:00,53.5000,-3.5000,11.8546
1952-06-16T00:00:00+00:00,52.5000,-6.5000,13.5895
1952-06-16T00:00:00+00:00,52.5000,-5.5000,12.9338
1952-06-16T00:00:00+00:00,52.5000,-4.5000,12.7796
1952-06-16T00:00:00+00:00,51.5000,-6.5000,13.9410
1952-06-16T00:00:00+00:00,51.5000,-5.5000,13.6844
1952-06-16T00:00:00+00:00,51.5000,-4.5000,13.5629
1952-06-16T00:00:00+00:00,51.5000,-3.5000,13.9230
1952-07-16T12:00:00+00:00,53.5000,-5.5000,14.2767
1952-07-16T12:00:00+00:00,53.5000,-4.5000,14.0925
1952-07-16T12:00:00+00:00,53.5000,-3.5000,13.6564
1952-07-16T12:00:00+00:00,52.5000,-6.5000,15.9049
1952-07-16T12:00:00+00:00,52.5000,-5.5000,15.0530
1952-07-16T12:00:00+00:00,52.5000,-4.5000,14.8046
1952-07-16T12:00:00+00:00,51.5000,-6.5000,16.2912
1952-07-16T12:00:00+00:00,51.5000,-5.5000,15.9179
1952-07-16T12:00:00+00:00,51.5000,-4.5000,15.7109
1952-07-16T12:00:00+00:00,51.5000,-3.5000,16.1374
1952-08-16T12:00:00+00:00,53.5000,-5.5000,15.0298
1952-08-16T12:00:00+00:00,53.5000,-4.5000,14.9798
1952-08-16T12:00:00+00:00,53.5000,-3.5000,14.7241
1952-08-16T12:00:00+00:00,52.5000,-6.5000,16.1580
1952-08-16T12:00:00+00:00,52.5000,-5.5000,15.6389
1952-08-16T12:00:00+00:00,52.5000,-4.5000,15.5578
1952-08-16T12:00:00+00:00,51.5000,-6.5000,16.4783
1952-08-16T12:00:00+00:00,51.5000,-5.5000,16.3154
1952-08-16T12:00:00+00:00,51.5000,-4.5000,16.2544
1952-08-16T12:00:00+00:00,51.5000,-3.5000,16.5701
1952-09-16T00:00:00+00:00,53.5000,-5.5000,14.3497
1952-09-16T00:00:00+00:00,53.5000,-4.5000,14.2967
1952-09-16T00:00:00+00:00,53.5000,-3.5000,14.1889
1952-09-16T00:00:00+00:00,52.5000,-6.5000,15.1520
1952-09-16T00:00:00+00:00,52.5000,-5.5000,14.6977
1952-09-16T00:00:00+00:00,52.5000,-4.5000,14.6157
1952-09-16T00:00:00+00:00,51.5000,-6.5000,15.4205
1952-09-16T00:00:00+00:00,51.5000,-5.5000,15.1026
1952-09-16T00:00:00+00:00,51.5000,-4.5000,15.0663
1952-09-16T00:00:00+00:00,51.5000,-3.5000,15.2571
1952-10-16T12:00:00+00:00,53.5000,-5.5000,13.1661
1952-10-16T12:00:00+00:00,53.5000,-4.5000,13.0507
1952-10-16T12:00:00+00:00,53.5000,-3.5000,12.7511
1952-10-16T12:00:00+00:00,52.5000,-6.5000,13.4731
1952-10-16T12:00:00+00:00,52.5000,-5.5000,13.3975
1952-10-16T12:00:00+00:00,52.5000,-4.5000,13.4248
1952-10-16T12:00:00+00:00,51.5000,-6.5000,13.5450
1952-10-16T12:00:00+00:00,51.5000,-5.5000,13.5779
1952-10-16T12:00:00+00:00,51.5000,-4.5000,13.7556
1952-10-16T12:00:00+00:00,51.5000,-3.5000,13.7651
1952-11-16T00:00:00+00:00,53.5000,-5.5000,11.4889
1952-11-16T00:00:00+00:00,53.5000,-4.5000,11.4125
1952-11-16T00:00:00+00:00,53.5000,-3.5000,11.0822
1952-11-16T00:00:00+00:00,52.5000,-6.5000,11.9330
1952-11-16T00:00:00+00:00,52.5000,-5.5000,11.8631
1952-11-16T00:00:00+00:00,52.5000,-4.5000,11.8996
1952-11-16T00:00:00+00:00,51.5000,-6.5000,12.0290
1952-11-16T00:00:00+00:00,51.5000,-5.5000,12.1179
1952-11-16T00:00:00+00:00,51.5000,-4.5000,12.2439
1952-11-16T00:00:00+00:00,51.5000,-3.5000,12.0847
1952-12-16T12:00:00+00:00,53.5000,-5.5000,10.0372
1952-12-16T12:00:00+00:00,53.5000,-4.5000,9.7569
1952-12-16T12:00:00+00:00,53.5000,-3.5000,9.2469
1952-12-16T12:00:00+00:00,52.5000,-6.5000,10.3736
1952-12-16T12:00:00+00:00,52.5000,-5.5000,10.2370
1952-12-16T12:00:00+00:00,52.5000,-4.5000,10.1400
1952-12-16T12:00:00+00:00,51.5000,-6.5000,10.4754
1952-12-16T12:00:00+00:00,51.5000,-5.5000,10.4385
1952-12-16T12:00:00+00:00,51.5000,-4.5000,10.4846
1952-12-16T12:00:00+00:00,51.5000,-3.5000,10.2676
1953-01-16T12:00:00+00:00,53.5000,-5.5000,9.7785
1953-01-16T12:00:00+00:00,53.5000,-4.5000,9.3298
1953-01-16T12:00:00+00:00,53.5000,-3.5000,8.6762
1953-01-16T12:00:00+00:00,52.5000,-6.5000,9.7451
1953-01-16T12:00:00+00:00,52.5000,-5.5000,9.7219
1953-01-16T12:00:00+00:00,52.5000,-4.5000,9.4928
1953-01-16T12:00:00+00:00,51.5000,-6.5000,9.9132
1953-01-16T12:00:00+00:00,51.5000,-5.5000,9.8810
1953-01-16T12:00:00+00:00,51.5000,-4.5000,9.6985
1953-01-16T12:00:00+00:00,51.5000,-3.5000,9.5210
1953-02-15T00:00:00+00:00,53.5000,-5.5000,8.5898
1953-02-15T00:00:00+00:00,53.5000,-4.5000,8.2951
1953-02-15T00:00:00+00:00,53.5000,-3.5000,7.7112
1953-02-15T00:00:00+00:00,52.5000,-6.5000,9.0474
1953-02-15T00:00:00+00:00,52.5000,-5.5000,8.8795
1953-02-15T00:00:00+00:00,52.5000,-4.5000,8.7206
1953-02-15T00:00:00+00:00,51.5000,-6.5000,9.2421
1953-02-15T00:00:00+00:00,51.5000,-5.5000,9.2004
1953-02-15T00:00:00+00:00,51.5000,-4.5000,9.0483
1953-02-15T00:00:00+00:00,51.5000,-3.5000,8.9753
1953-03-16T12:00:00+00:00,53.5000,-5.5000,8.1451
1953-03-16T12:00:00+00:00,53.5000,-4.5000,7.9547
1953-03-16T12:00:00+00:00,53.5000,-3.5000,7.5728
1953-03-16T12:00:00+00:00,52.5000,-6.5000,8.8407
1953-03-16T12:00:00+00:00,52.5000,-5.5000,8.4957
1953-03-16T12:00:00+00:00,52.5000,-4.5000,8.3346
1953-03-16T12:00:00+00:00,51.5000,-6.5000,9.0892
1953-03-16T12:00:00+00:00,51.5000,-5.5000,8.9272
1953-03-16T12:00:00+00:00,51.5000,-4.5000,8.7488
1953-03-16T12:00:00+00:00,51.5000,-3.5000,8.3548
1953-04-16T00:00:00+00:00,53.5000,-5.5000,8.5779
1953-04-16T00:00:00+00:00,53.5000,-4.5000,8.4986
1953-04-16T00:00:00+00:00,53.5000,-3.5000,8.3213
1953-04-16T00:00:00+00:00,52.5000,-6.5000,9.3540
1953-04-16T00:00:00+00:00,52.5000,-5.5000,8.9387
1953-04-16T00:00:00+00:00,52.5000,-4.5000,8.8208
1953-04-16T00:00:00+00:00,51.5000,-6.5000,9.6172
1953-04-16T00:00:00+00:00,51.5000,-5.5000,9.4042
1953-04-16T00:00:00+00:00,51.5000,-4.5000,9.2485
1953-04-16T00:00:00+00:00,51.5000,-3.5000,9.0400
1953-05-16T12:00:00+00:00,53.5000,-5.5000,10.1158
1953-05-16T12:00:00+00:00,53.5000,-4.5000,10.1391
1953-05-16T12:00:00+00:00,53.5000,-3.5000,9.9393
1953-05-16T12:00:00+00:00,52.5000,-6.5000,11.3581
1953-05-16T12:00:00+00:00,52.5000,-5.5000,10.8220
1953-05-16T12:00:00+00:00,52.5000,-4.5000,10.7416
1953-05-16T12:00:00+00:00,51.5000,-6.5000,11.6031
1953-05-16T12:00:00+00:00,51.5000,-5.5000,11.4126
1953-05-16T12:00:00+00:00,51.5000,-4.5000,11.2583
1953-05-16T12:00:00+00:00,51.5000,-3.5000,11.1382
1953-06-16T00:00:00+00:00,53.5000,-5.5000,12.0052
1953-06-16T00:00:00+00:00,53.5000,-4.5000,12.0111
1953-06-16T00:00:00+00:00,53.5000,-3.5000,11.8142
1953-06-16T00:00:00+00:00,52.5000,-6.5000,13.2238
1953-06-16T00:00:00+00:00,52.5000,-5.5000,12.6845
1953-06-16T00:00:00+00:00,52.5000,-4.5000,12.6280
1953-06-16T00:00:00+00:00,51.5000,-6.5000,13.5175
1953-06-16T00:00:00+00:00,51.5000,-5.5000,13.3479
1953-06-16T00:00:00+00:00,51.5000,-4.5000,13.2556
1953-06-16T00:00:00+00:00,51.5000,-3.5000,13.3619
1953-07-16T12:00:00+00:00,53.5000,-5.5000,13.9709
1953-07-16T12:00:00+00:00,53.5000,-4.5000,13.9933
1953-07-16T12:00:00+00:00,53.5000,-3.5000,13.8919
1953-07-16T12:00:00+00:00,52.5000,-6.5000,15.0643
1953-07-16T12:00:00+00:00,52.5000,-5.5000,14.5516
1953-07-16T12:00:00+00:00,52.5000,-4.5000,14.4934
1953-07-16T12:00:00+00:00,51.5000,-6.5000,15.3746
1953-07-16T12:00:00+00:00,51.5000,-5.5000,15.1961
1953-07-16T12:00:00+00:00,51.5000,-4.5000,15.1326
1953-07-16T12:00:00+00:00,51.5000,-3.5000,15.2862
1953-08-16T12:00:00+00:00,53.5000,-5.5000,14.9065
1953-08-16T12:00:00+00:00,53.5000,-4.5000,14.8934
1953-08-16T12:00:00+00:00,53.5000,-3.5000,14.7097
1953-08-16T12:00:00+00:00,52.5000,-6.5000,15.7636
1953-08-16T12:00:00+00:00,52.5000,-5.5000,15.4033
1953-08-16T12:00:00+00:00,52.5000,-4.5000,15.3843
1953-08-16T12:00:00+00:00,51.5000,-6.5000,16.1609
1953-08-16T12:00:00+00:00,51.5000,-5.5000,16.0550
1953-08-16T12:00:00+00:00,51.5000,-4.5000,16.0187
1953-08-16T12:00:00+00:00,51.5000,-3.5000,16.2393
1953-09-16T00:00:00+00:00,53.5000,-5.5000,14.7821
1953-09-16T00:00:00+00:00,53.5000,-4.5000,14.8259
1953-09-16T00:00:00+00:00,53.5000,-3.5000,14.8307
1953-09-16T00:00:00+00:00,52.5000,-6.5000,15.2115
1953-09-16T00:00:00+00:00,52.5000,-5.5000,15.0298
1953-09-16T00:00:00+00:00,52.5000,-4.5000,15.0558
1953-09-16T00:00:00+00:00,51.5000,-6.5000,15.3643
1953-09-16T00:00:00+00:00,51.5000,-5.5000,15.3817
1953-09-16T00:00:00+00:00,51.5000,-4.5000,15.4689
1953-09-16T00:00:00+00:00,51.5000,-3.5000,15.7796
1953-10-16T12:00:00+00:00,53.5000,-5.5000,13.7876
1953-10-16T12:00:00+00:00,53.5000,-4.5000,13.8456
1953-10-16T12:00:00+00:00,53.5000,-3.5000,13.8099
1953-10-16T12:00:00+00:00,52.5000,-6.5000,14.1173
1953-10-16T12:00:00+00:00,52.5000,-5.5000,14.0490
1953-10-16T12:00:00+00:00,52.5000,-4.5000,14.1188
1953-10-16T12:00:00+00:00,51.5000,-6.5000,14.2435
1953-10-16T12:00:00+00:00,51.5000,-5.5000,14.2922
1953-10-16T12:00:00+00:00,51.5000,-4.5000,14.4104
1953-10-16T12:00:00+00:00,51.5000,-3.5000,14.6845
1953-11-16T00:00:00+00:00,53.5000,-5.5000,12.7731
1953-11-16T00:00:00+00:00,53.5000,-4.5000,12.6862
1953-11-16T00:00:00+00:00,53.5000,-3.5000,12.4137
1953-11-16T00:00:00+00:00,52.5000,-6.5000,12.8729
1953-11-16T00:00:00+00:00,52.5000,-5.5000,12.9517
1953-11-16T00:00:00+00:00,52.5000,-4.5000,12.9433
1953-11-16T00:00:00+00:00,51.5000,-6.5000,12.9447
1953-11-16T00:00:00+00:00,51.5000,-5.5000,13.0767
1953-11-16T00:00:00+00:00,51.5000,-4.5000,13.1252
1953-11-16T00:00:00+00:00,51.5000,-3.5000,13.1498
1953-12-16T12:00:00+00:00,53.5000,-5.5000,12.0270
1953-12-16T12:00:00+00:00,53.5000,-4.5000,11.8616
1953-12-16T12:00:00+00:00,53.5000,-3.5000,11.5649
1953-12-16T12:00:00+00:00,52.5000,-6.5000,12.2192
1953-12-16T12:00:00+00:00,52.5000,-5.5000,12.1532
1953-12-16T12:00:00+00:00,52.5000,-4.5000,11.9904
1953-12-16T12:00:00+00:00,51.5000,-6.5000,12.3334
1953-12-16T12:00:00+00:00,51.5000,-5.5000,12.3133
1953-12-16T12:00:00+00:00,51.5000,-4.5000,12.1400
1953-12-16T12:00:00+00:00,51.5000,-3.5000,12.1404
1954-01-16T12:00:00+00:00,53.5000,-5.5000,10.3673
1954-01-16T12:00:00+00:00,53.5000,-4.5000,10.2019
1954-01-16T12:00:00+00:00,53.5000,-3.5000,9.7882
1954-01-16T12:00:00+00:00,52.5000,-6.5000,10.7300
1954-01-16T12:00:00+00:00,52.5000,-5.5000,10.6606
1954-01-16T12:00:00+00:00,52.5000,-4.5000,10.5867
1954-01-16T12:00:00+00:00,51.5000,-6.5000,10.8898
1954-01-16T12:00:00+00:00,51.5000,-5.5000,10.9936
1954-01-16T12:00:00+00:00,51.5000,-4.5000,10.9375
1954-01-16T12:00:00+00:00,51.5000,-3.5000,10.9622
1954-02-15T00:00:00+00:00,53.5000,-5.5000,9.1551
1954-02-15T00:00:00+00:00,53.5000,-4.5000,9.0491
1954-02-15T00:00:00+00:00,53.5000,-3.5000,8.7951
1954-02-15T00:00:00+00:00,52.5000,-6.5000,9.4494
1954-02-15T00:00:00+00:00,52.5000,-5.5000,9.3692
1954-02-15T00:00:00+00:00,52.5000,-4.5000,9.2844
1954-02-15T00:00:00+00:00,51.5000,-6.5000,9.6096
1954-02-15T00:00:00+00:00,51.5000,-5.5000,9.6153
1954-02-15T00:00:00+00:00,51.5000,-4.5000,9.4798
1954-02-15T00:00:00+00:00,51.5000,-3.5000,9.3965
1954-03-16T12:00:00+00:00,53.5000,-5.5000,8.5913
1954-03-16T12:00:00+00:00,53.5000,-4.5000,8.3732
1954-03-16T12:00:00+00:00,53.5000,-3.5000,7.9124
1954-03-16T12:00:00+00:00,52.5000,-6.5000,9.0258
1954-03-16T12:00:00+00:00,52.5000,-5.5000,8.8706
1954-03-16T12:00:00+00:00,52.5000,-4.5000,8.7411
1954-03-16T12:00:00+00:00,51.5000,-6.5000,9.2746
1954-03-16T12:00:00+00:00,51.5000,-5.5000,9.2440
1954-03-16T12:00:00+00:00,51.5000,-4.5000,9.1061
1954-03-16T12:00:00+00:00,51.5000,-3.5000,8.7892
1954-04-16T00:00:00+00:00,53.5000,-5.5000,9.2186
1954-04-16T00:00:00+00:00,53.5000,-4.5000,9.0907
1954-04-16T00:00:00+00:00,53.5000,-3.5000,8.7776
1954-04-16T00:00:00+00:00,52.5000,-6.5000,9.8230
1954-04-16T00:00:00+00:00,52.5000,-5.5000,9.5610
1954-04-16T00:00:00+00:00,52.5000,-4.5000,9.4486
1954-04-16T00:00:00+00:00,51.5000,-6.5000,10.0350
1954-04-16T00:00:00+00:00,51.5000,-5.5000,9.9454
1954-04-16T00:00:00+00:00,51.5000,-4.5000,9.8073
1954-04-16T00:00:00+00:00,51.5000,-3.5000,9.8494
1954-05-16T12:00:00+00:00,53.5000,-5.5000,10.0948
1954-05-16T12:00:00+00:00,53.5000,-4.5000,10.0711
1954-05-16T12:00:00+00:00,53.5000,-3.5000,9.7864
1954-05-16T12:00:00+00:00,52.5000,-6.5000,11.0848
1954-05-16T12:00:00+00:00,52.5000,-5.5000,10.7106
1954-05-16T12:00:00+00:00,52.5000,-4.5000,10.6757
1954-05-16T12:00:00+00:00,51.5000,-6.5000,11.3242
1954-05-16T12:00:00+00:00,51.5000,-5.5000,11.2451
1954-05-16T12:00:00+00:00,51.5000,-4.5000,11.1780
1954-05-16T12:00:00+00:00,51.5000,-3.5000,11.2304
1954-06-16T00:00:00+00:00,53.5000,-5.5000,11.6422
1954-06-16T00:00:00+00:00,53.5000,-4.5000,11.6973
1954-06-16T00:00:00+00:00,53.5000,-3.5000,11.6191
1954-06-16T00:00:00+00:00,52.5000,-6.5000,13.1044
1954-06-16T00:00:00+00:00,52.5000,-5.5000,12.3830
1954-06-16T00:00:00+00:00,52.5000,-4.5000,12.2849
1954-06-16T00:00:00+00:00,51.5000,-6.5000,13.4091
1954-06-16T00:00:00+00:00,51.5000,-5.5000,13.0937
1954-06-16T00:00:00+00:00,51.5000,-4.5000,12.9576
1954-06-16T00:00:00+00:00,51.5000,-3.5000,13.2301
1954-07-16T12:00:00+00:00,53.5000,-5.5000,12.9103
1954-07-16T12:00:00+00:00,53.5000,-4.5000,13.0576
1954-07-16T12:00:00+00:00,53.5000,-3.5000,12.9590
1954-07-16T12:00:00+00:00,52.5000,-6.5000,14.2205
1954-07-16T12:00:00+00:00,52.5000,-5.5000,13.7498
1954-07-16T12:00:00+00:00,52.5000,-4.5000,13.7691
1954-07-16T12:00:00+00:00,51.5000,-6.5000,14.4657
1954-07-16T12:00:00+00:00,51.5000,-5.5000,14.4305
1954-07-16T12:00:00+00:00,51.5000,-4.5000,14.3795
1954-07-16T12:00:00+00:00,51.5000,-3.5000,14.4899
1954-08-16T12:00:00+00:00,53.5000,-5.5000,13.7968
1954-08-16T12:00:00+00:00,53.5000,-4.5000,13.9043
1954-08-16T12:00:00+00:00,53.5000,-3.5000,14.0662
1954-08-16T12:00:00+00:00,52.5000,-6.5000,14.5550
1954-08-16T12:00:00+00:00,52.5000,-5.5000,14.1319
1954-08-16T12:00:00+00:00,52.5000,-4.5000,14.1098
1954-08-16T12:00:00+00:00,51.5000,-6.5000,14.8258
1954-08-16T12:00:00+00:00,51.5000,-5.5000,14.5843
1954-08-16T12:00:00+00:00,51.5000,-4.5000,14.5343
1954-08-16T12:00:00+00:00,51.5000,-3.5000,14.8181
1954-09-16T00:00:00+00:00,53.5000,-5.5000,13.7393
1954-09-16T00:00:00+00:00,53.5000,-4.5000,13.8273
1954-09-16T00:00:00+00:00,53.5000,-3.5000,13.8610
1954-09-16T00:00:00+00:00,52.5000,-6.5000,14.2825
1954-09-16T00:00:00+00:00,52.5000,-5.5000,14.0688
1954-09-16T00:00:00+00:00,52.5000,-4.5000,14.1106
1954-09-16T00:00:00+00:00,51.5000,-6.5000,14.4118
1954-09-16T00:00:00+00:00,51.5000,-5.5000,14.3650
1954-09-16T00:00:00+00:00,51.5000,-4.5000,14.4593
1954-09-16T00:00:00+00:00,51.5000,-3.5000,14.8519
1954-10-16T12:00:00+00:00,53.5000,-5.5000,13.4954
1954-10-16T12:00:00+00:00,53.5000,-4.5000,13.5591
1954-10-16T12:00:00+00:00,53.5000,-3.5000,13.4399
1954-10-16T12:00:00+00:00,52.5000,-6.5000,13.9343
1954-10-16T12:00:00+00:00,52.5000,-5.5000,13.8783
1954-10-16T12:00:00+00:00,52.5000,-4.5000,13.9494
1954-10-16T12:00:00+00:00,51.5000,-6.5000,14.0407
1954-10-16T12:00:00+00:00,51.5000,-5.5000,14.1256
1954-10-16T12:00:00+00:00,51.5000,-4.5000,14.2021
1954-10-16T12:00:00+00:00,51.5000,-3.5000,14.3290
1954-11-16T00:00:00+00:00,53.5000,-5.5000,12.3186
1954-11-16T00:00:00+00:00,53.5000,-4.5000,12.2372
1954-11-16T00:00:00+00:00,53.5000,-3.5000,11.9773
1954-11-16T00:00:00+00:00,52.5000,-6.5000,12.4015
1954-11-16T00:00:00+00:00,52.5000,-5.5000,12.4877
1954-11-16T00:00:00+00:00,52.5000,-4.5000,12.5143
1954-11-16T00:00:00+00:00,51.5000,-6.5000,12.5075
1954-11-16T00:00:00+00:00,51.5000,-5.5000,12.7077
1954-11-16T00:00:00+00:00,51.5000,-4.5000,12.8339
1954-11-16T00:00:00+00:00,51.5000,-3.5000,13.1135
1954-12-16T12:00:00+00:00,53.5000,-5.5000,11.0680
1954-12-16T12:00:00+00:00,53.5000,-4.5000,10.8594
1954-12-16T12:00:00+00:00,53.5000,-3.5000,10.4112
1954-12-16T12:00:00+00:00,52.5000,-6.5000,11.2724
1954-12-16T12:00:00+00:00,52.5000,-5.5000,11.2670
1954-12-16T12:00:00+00:00,52.5000,-4.5000,11.1903
1954-12-16T12:00:00+00:00,51.5000,-6.5000,11.3707
1954-12-16T12:00:00+00:00,51.5000,-5.5000,11.4736
1954-12-16T12:00:00+00:00,51.5000,-4.5000,11.4949
1954-12-16T12:00:00+00:00,51.5000,-3.5000,11.7377
1955-01-16T12:00:00+00:00,53.5000,-5.5000,9.7173
1955-01-16T12:00:00+00:00,53.5000,-4.5000,9.4608
1955-01-16T12:00:00+00:00,53.5000,-3.5000,8.8459
1955-01-16T12:00:00+00:00,52.5000,-6.5000,10.1769
1955-01-16T12:00:00+00:00,52.5000,-5.5000,10.0898
1955-01-16T12:00:00+00:00,52.5000,-4.5000,10.0004
1955-01-16T12:00:00+00:00,51.5000,-6.5000,10.3580
1955-01-16T12:00:00+00:00,51.5000,-5.5000,10.4518
1955-01-16T12:00:00+00:00,51.5000,-4.5000,10.4143
1955-01-16T12:00:00+00:00,51.5000,-3.5000,10.4785
1955-02-15T00:00:00+00:00,53.5000,-5.5000,8.1831
1955-02-15T00:00:00+00:00,53.5000,-4.5000,8.0626
1955-02-15T00:00:00+00:00,53.5000,-3.5000,7.6783
1955-02-15T00:00:00+00:00,52.5000,-6.5000,9.1126
1955-02-15T00:00:00+00:00,52.5000,-5.5000,8.7302
1955-02-15T00:00:00+00:00,52.5000,-4.5000,8.5891
1955-02-15T00:00:00+00:00,51.5000,-6.5000,9.3708
1955-02-15T00:00:00+00:00,51.5000,-5.5000,9.2723
1955-02-15T00:00:00+00:00,51.5000,-4.5000,9.0999
1955-02-15T00:00:00+00:00,51.5000,-3.5000,9.2342
1955-03-16T12:00:00+00:00,53.5000,-5.5000,7.4215
1955-03-16T12:00:00+00:00,53.5000,-4.5000,7.2135
1955-03-16T12:00:00+00:00,53.5000,-3.5000,6.8966
1955-03-16T12:00:00+00:00,52.5000,-6.5000,8.3324
1955-03-16T12:00:00+00:00,52.5000,-5.5000,7.7735
1955-03-16T12:00:00+00:00,52.5000,-4.5000,7.5657
1955-03-16T12:00:00+00:00,51.5000,-6.5000,8.6325
1955-03-16T12:00:00+00:00,51.5000,-5.5000,8.2834
1955-03-16T12:00:00+00:00,51.5000,-4.5000,8.0956
1955-03-16T12:00:00+00:00,51.5000,-3.5000,7.7688
1955-04-16T00:00:00+00:00,53.5000,-5.5000,8.4530
1955-04-16T00:00:00+00:00,53.5000,-4.5000,8.2761
1955-04-16T00:00:00+00:00,53.5000,-3.5000,8.0253
1955-04-16T00:00:00+00:00,52.5000,-6.5000,9.4147
1955-04-16T00:00:00+00:00,52.5000,-5.5000,8.8081
1955-04-16T00:00:00+00:00,52.5000,-4.5000,8.5877
1955-04-16T00:00:00+00:00,51.5000,-6.5000,9.7883
1955-04-16T00:00:00+00:00,51.5000,-5.5000,9.3679
1955-04-16T00:00:00+00:00,51.5000,-4.5000,9.1112
1955-04-16T00:00:00+00:00,51.5000,-3.5000,8.8608
1955-05-16T12:00:00+00:00,53.5000,-5.5000,9.2923
1955-05-16T12:00:00+00:00,53.5000,-4.5000,9.1762
1955-05-16T12:00:00+00:00,53.5000,-3.5000,8.9196
1955-05-16T12:00:00+00:00,52.5000,-6.5000,10.6093
1955-05-16T12:00:00+00:00,52.5000,-5.5000,9.8764
1955-05-16T12:00:00+00:00,52.5000,-4.5000,9.7085
1955-05-16T12:00:00+00:00,51.5000,-6.5000,10.9395
1955-05-16T12:00:00+00:00,51.5000,-5.5000,10.5322
1955-05-16T12:00:00+00:00,51.5000,-4.5000,10.3783
1955-05-16T12:00:00+00:00,51.5000,-3.5000,10.3317
1955-06-16T00:00:00+00:00,53.5000,-5.5000,11.2568
1955-06-16T00:00:00+00:00,53.5000,-4.5000,11.2168
1955-06-16T00:00:00+00:00,53.5000,-3.5000,11.0854
1955-06-16T00:00:00+00:00,52.5000,-6.5000,12.8773
1955-06-16T00:00:00+00:00,52.5000,-5.5000,11.9676
1955-06-16T00:00:00+00:00,52.5000,-4.5000,11.7599
1955-06-16T00:00:00+00:00,51.5000,-6.5000,13.2682
1955-06-16T00:00:00+00:00,51.5000,-5.5000,12.7474
1955-06-16T00:00:00+00:00,51.5000,-4.5000,12.5298
1955-06-16T00:00:00+00:00,51.5000,-3.5000,12.9935
1955-07-16T12:00:00+00:00,53.5000,-5.5000,14.4045
1955-07-16T12:00:00+00:00,53.5000,-4.5000,14.1590
1955-07-16T12:00:00+00:00,53.5000,-3.5000,13.7557
1955-07-16T12:00:00+00:00,52.5000,-6.5000,15.8432
1955-07-16T12:00:00+00:00,52.5000,-5.5000,14.9928
1955-07-16T12:00:00+00:00,52.5000,-4.5000,14.7194
1955-07-16T12:00:00+00:00,51.5000,-6.5000,16.2561
1955-07-16T12:00:00+00:00,51.5000,-5.5000,15.8251
1955-07-16T12:00:00+00:00,51.5000,-4.5000,15.6299
1955-07-16T12:00:00+00:00,51.5000,-3.5000,16.0913
1955-08-16T12:00:00+00:00,53.5000,-5.5000,15.8944
1955-08-16T12:00:00+00:00,53.5000,-4.5000,15.6868
1955-08-16T12:00:00+00:00,53.5000,-3.5000,15.3272
1955-08-16T12:00:00+00:00,52.5000,-6.5000,17.0411
1955-08-16T12:00:00+00:00,52.5000,-5.5000,16.3746
1955-08-16T12:00:00+00:00,52.5000,-4.5000,16.1905
1955-08-16T12:00:00+00:00,51.5000,-6.5000,17.5472
1955-08-16T12:00:00+00:00,51.5000,-5.5000,17.1871
1955-08-16T12:00:00+00:00,51.5000,-4.5000,17.0465
1955-08-16T12:00:00+00:00,51.5000,-3.5000,17.4211
1955-09-16T00:00:00+00:00,53.5000,-5.5000,15.3065
1955-09-16T00:00:00+00:00,53.5000,-4.5000,15.2787
1955-09-16T00:00:00+00:00,53.5000,-3.5000,15.1384
1955-09-16T00:00:00+00:00,52.5000,-6.5000,15.9684
1955-09-16T00:00:00+00:00,52.5000,-5.5000,15.6650
1955-09-16T00:00:00+00:00,52.5000,-4.5000,15.6596
1955-09-16T00:00:00+00:00,51.5000,-6.5000,16.3770
1955-09-16T00:00:00+00:00,51.5000,-5.5000,16.2032
1955-09-16T00:00:00+00:00,51.5000,-4.5000,16.1998
1955-09-16T00:00:00+00:00,51.5000,-3.5000,16.4623
1955-10-16T12:00:00+00:00,53.5000,-5.5000,13.8612
1955-10-16T12:00:00+00:00,53.5000,-4.5000,13.8989
1955-10-16T12:00:00+00:00,53.5000,-3.5000,13.7345
1955-10-16T12:00:00+00:00,52.5000,-6.5000,14.4231
1955-10-16T12:00:00+00:00,52.5000,-5.5000,14.2925
1955-10-16T12:00:00+00:00,52.5000,-4.5000,14.3536
1955-10-16T12:00:00+00:00,51.5000,-6.5000,14.5507
1955-10-16T12:00:00+00:00,51.5000,-5.5000,14.5299
1955-10-16T12:00:00+00:00,51.5000,-4.5000,14.5917
1955-10-16T12:00:00+00:00,51.5000,-3.5000,14.7057
1955-11-16T00:00:00+00:00,53.5000,-5.5000,12.3339
1955-11-16T00:00:00+00:00,53.5000,-4.5000,12.3138
1955-11-16T00:00:00+00:00,53.5000,-3.5000,12.0627
1955-11-16T00:00:00+00:00,52.5000,-6.5000,12.7185
1955-11-16T00:00:00+00:00,52.5000,-5.5000,12.6981
1955-11-16T00:00:00+00:00,52.5000,-4.5000,12.7399
1955-11-16T00:00:00+00:00,51.5000,-6.5000,12.7752
1955-11-16T00:00:00+00:00,51.5000,-5.5000,12.9206
1955-11-16T00:00:00+00:00,51.5000,-4.5000,13.0063
1955-11-16T00:00:00+00:00,51.5000,-3.5000,13.1177
1955-12-16T12:00:00+00:00,53.5000,-5.5000,11.4999
1955-12-16T12:00:00+00:00,53.5000,-4.5000,11.3023
1955-12-16T12:00:00+00:00,53.5000,-3.5000,10.8819
1955-12-16T12:00:00+00:00,52.5000,-6.5000,11.6517
1955-12-16T12:00:00+00:00,52.5000,-5.5000,11.6708
1955-12-16T12:00:00+00:00,52.5000,-4.5000,11.5970
1955-12-16T12:00:00+00:00,51.5000,-6.5000,11.7409
1955-12-16T12:00:00+00:00,51.5000,-5.5000,11.8181
1955-12-16T12:00:00+00:00,51.5000,-4.5000,11.7950
1955-12-16T12:00:00+00:00,51.5000,-3.5000,11.8542
1956-01-16T12:00:00+00:00,53.5000,-5.5000,9.8183
1956-01-16T12:00:00+00:00,53.5000,-4.5000,9.5525
1956-01-16T12:00:00+00:00,53.5000,-3.5000,8.9948
1956-01-16T12:00:00+00:00,52.5000,-6.5000,10.1858
1956-01-16T12:00:00+00:00,52.5000,-5.5000,10.0934
1956-01-16T12:00:00+00:00,52.5000,-4.5000,9.9906
1956-01-16T12:00:00+00:00,51.5000,-6.5000,10.3517
1956-01-16T12:00:00+00:00,51.5000,-5.5000,10.3760
1956-01-16T12:00:00+00:00,51.5000,-4.5000,10.3417
1956-01-16T12:00:00+00:00,51.5000,-3.5000,10.4747
1956-02-15T12:00:00+00:00,53.5000,-5.5000,8.0052
1956-02-15T12:00:00+00:00,53.5000,-4.5000,7.9801
1956-02-15T12:00:00+00:00,53.5000,-3.5000,7.7576
1956-02-15T12:00:00+00:00,52.5000,-6.5000,8.7347
1956-02-15T12:00:00+00:00,52.5000,-5.5000,8.4737
1956-02-15T12:00:00+00:00,52.5000,-4.5000,8.4128
1956-02-15T12:00:00+00:00,51.5000,-6.5000,9.0276
1956-02-15T12:00:00+00:00,51.5000,-5.5000,8.9539
1956-02-15T12:00:00+00:00,51.5000,-4.5000,8.8315
1956-02-15T12:00:00+00:00,51.5000,-3.5000,8.9660
1956-03-16T12:00:00+00:00,53.5000,-5.5000,7.8942
1956-03-16T12:00:00+00:00,53.5000,-4.5000,7.7345
1956-03-16T12:00:00+00:00,53.5000,-3.5000,7.3291
1956-03-16T12:00:00+00:00,52.5000,-6.5000,8.5583
1956-03-16T12:00:00+00:00,52.5000,-5.5000,8.2969
1956-03-16T12:00:00+00:00,52.5000,-4.5000,8.1625
1956-03-16T12:00:00+00:00,51.5000,-6.5000,8.8186
1956-03-16T12:00:00+00:00,51.5000,-5.5000,8.7199
1956-03-16T12:00:00+00:00,51.5000,-4.5000,8.5143
1956-03-16T12:00:00+00:00,51.5000,-3.5000,8.4328
1956-04-16T00:00:00+00:00,53.5000,-5.5000,8.5327
1956-04-16T00:00:00+00:00,53.5000,-4.5000,8.3864
1956-04-16T00:00:00+00:00,53.5000,-3.5000,7.9696
1956-04-16T00:00:00+00:00,52.5000,-6.5000,9.2868
1956-04-16T00:00:00+00:00,52.5000,-5.5000,8.9948
1956-04-16T00:00:00+00:00,52.5000,-4.5000,8.9179
1956-04-16T00:00:00+00:00,51.5000,-6.5000,9.5410
1956-04-16T00:00:00+00:00,51.5000,-5.5000,9.4343
1956-04-16T00:00:00+00:00,51.5000,-4.5000,9.3243
1956-04-16T00:00:00+00:00,51.5000,-3.5000,8.9715
1956-05-16T12:00:00+00:00,53.5000,-5.5000,9.6446
1956-05-16T12:00:00+00:00,53.5000,-4.5000,9.5823
1956-05-16T12:00:00+00:00,53.5000,-3.5000,9.2885
1956-05-16T12:00:00+00:00,52.5000,-6.5000,10.8585
1956-05-16T12:00:00+00:00,52.5000,-5.5000,10.2981
1956-05-16T12:00:00+00:00,52.5000,-4.5000,10.1781
1956-05-16T12:00:00+00:00,51.5000,-6.5000,11.1946
1956-05-16T12:00:00+00:00,51.5000,-5.5000,10.9258
1956-05-16T12:00:00+00:00,51.5000,-4.5000,10.7471
1956-05-16T12:00:00+00:00,51.5000,-3.5000,10.8452
1956-06-16T00:00:00+00:00,53.5000,-5.5000,11.3194
1956-06-16T00:00:00+00:00,53.5000,-4.5000,11.4364
1956-06-16T00:00:00+00:00,53.5000,-3.5000,11.4169
1956-06-16T00:00:00+00:00,52.5000,-6.5000,12.5078
1956-06-16T00:00:00+00:00,52.5000,-5.5000,11.9939
1956-06-16T00:00:00+00:00,52.5000,-4.5000,11.9612
1956-06-16T00:00:00+00:00,51.5000,-6.5000,12.7921
1956-06-16T00:00:00+00:00,51.5000,-5.5000,12.6312
1956-06-16T00:00:00+00:00,51.5000,-4.5000,12.5119
1956-06-16T00:00:00+00:00,51.5000,-3.5000,12.6052
1956-07-16T12:00:00+00:00,53.5000,-5.5000,13.1804
1956-07-16T12:00:00+00:00,53.5000,-4.5000,13.1119
1956-07-16T12:00:00+00:00,53.5000,-3.5000,12.8237
1956-07-16T12:00:00+00:00,52.5000,-6.5000,14.7128
1956-07-16T12:00:00+00:00,52.5000,-5.5000,13.9588
1956-07-16T12:00:00+00:00,52.5000,-4.5000,13.8063
1956-07-16T12:00:00+00:00,51.5000,-6.5000,15.1018
1956-07-16T12:00:00+00:00,51.5000,-5.5000,14.7696
1956-07-16T12:00:00+00:00,51.5000,-4.5000,14.5900
1956-07-16T12:00:00+00:00,51.5000,-3.5000,14.8097
1956-08-16T12:00:00+00:00,53.5000,-5.5000,14.0377
1956-08-16T12:00:00+00:00,53.5000,-4.5000,14.1013
1956-08-16T12:00:00+00:00,53.5000,-3.5000,13.9900
1956-08-16T12:00:00+00:00,52.5000,-6.5000,14.8911
1956-08-16T12:00:00+00:00,52.5000,-5.5000,14.5807
1956-08-16T12:00:00+00:00,52.5000,-4.5000,14.6709
1956-08-16T12:00:00+00:00,51.5000,-6.5000,15.1144
1956-08-16T12:00:00+00:00,51.5000,-5.5000,15.0639
1956-08-16T12:00:00+00:00,51.5000,-4.5000,15.1782
1956-08-16T12:00:00+00:00,51.5000,-3.5000,15.2443
1956-09-16T00:00:00+00:00,53.5000,-5.5000,14.3866
1956-09-16T00:00:00+00:00,53.5000,-4.5000,14.4786
1956-09-16T00:00:00+00:00,53.5000,-3.5000,14.4892
1956-09-16T00:00:00+00:00,52.5000,-6.5000,14.8871
1956-09-16T00:00:00+00:00,52.5000,-5.5000,14.7254
1956-09-16T00:00:00+00:00,52.5000,-4.5000,14.8064
1956-09-16T00:00:00+00:00,51.5000,-6.5000,15.0861
1956-09-16T00:00:00+00:00,51.5000,-5.5000,14.9905
1956-09-16T00:00:00+00:00,51.5000,-4.5000,15.0651
1956-09-16T00:00:00+00:00,51.5000,-3.5000,15.1488
1956-10-16T12:00:00+00:00,53.5000,-5.5000,13.6694
1956-10-16T12:00:00+00:00,53.5000,-4.5000,13.7220
1956-10-16T12:00:00+00:00,53.5000,-3.5000,13.5760
1956-10-16T12:00:00+00:00,52.5000,-6.5000,14.0961
1956-10-16T12:00:00+00:00,52.5000,-5.5000,14.0546
1956-10-16T12:00:00+00:00,52.5000,-4.5000,14.1340
1956-10-16T12:00:00+00:00,51.5000,-6.5000,14.1753
1956-10-16T12:00:00+00:00,51.5000,-5.5000,14.2830
1956-10-16T12:00:00+00:00,51.5000,-4.5000,14.4135
1956-10-16T12:00:00+00:00,51.5000,-3.5000,14.6897
1956-11-16T00:00:00+00:00,53.5000,-5.5000,12.2234
1956-11-16T00:00:00+00:00,53.5000,-4.5000,12.0754
1956-11-16T00:00:00+00:00,53.5000,-3.5000,11.7725
1956-11-16T00:00:00+00:00,52.5000,-6.5000,12.3440
1956-11-16T00:00:00+00:00,52.5000,-5.5000,12.3486
1956-11-16T00:00:00+00:00,52.5000,-4.5000,12.3186
1956-11-16T00:00:00+00:00,51.5000,-6.5000,12.3942
1956-11-16T00:00:00+00:00,51.5000,-5.5000,12.4473
1956-11-16T00:00:00+00:00,51.5000,-4.5000,12.5106
1956-11-16T00:00:00+00:00,51.5000,-3.5000,12.3806
1956-12-16T12:00:00+00:00,53.5000,-5.5000,10.8541
1956-12-16T12:00:00+00:00,53.5000,-4.5000,10.6897
1956-12-16T12:00:00+00:00,53.5000,-3.5000,10.4425
1956-12-16T12:00:00+00:00,52.5000,-6.5000,11.1482
1956-12-16T12:00:00+00:00,52.5000,-5.5000,10.9781
1956-12-16T12:00:00+00:00,52.5000,-4.5000,10.8470
1956-12-16T12:00:00+00:00,51.5000,-6.5000,11.2189
1956-12-16T12:00:00+00:00,51.5000,-5.5000,11.1899
1956-12-16T12:00:00+00:00,51.5000,-4.5000,11.1354
1956-12-16T12:00:00+00:00,51.5000,-3.5000,10.9945
1957-01-16T12:00:00+00:00,53.5000,-5.5000,9.8426
1957-01-16T12:00:00+00:00,53.5000,-4.5000,9.6176
1957-01-16T12:00:00+00:00,53.5000,-3.5000,9.1652
1957-01-16T12:00:00+00:00,52.5000,-6.5000,10.1713
1957-01-16T12:00:00+00:00,52.5000,-5.5000,10.0710
1957-01-16T12:00:00+00:00,52.5000,-4.5000,9.9701
1957-01-16T12:00:00+00:00,51.5000,-6.5000,10.3003
1957-01-16T12:00:00+00:00,51.5000,-5.5000,10.3379
1957-01-16T12:00:00+00:00,51.5000,-4.5000,10.3073
1957-01-16T12:00:00+00:00,51.5000,-3.5000,10.4538
1957-02-15T00:00:00+00:00,53.5000,-5.5000,9.2012
1957-02-15T00:00:00+00:00,53.5000,-4.5000,9.0180
1957-02-15T00:00:00+00:00,53.5000,-3.5000,8.6999
1957-02-15T00:00:00+00:00,52.5000,-6.5000,9.4297
1957-02-15T00:00:00+00:00,52.5000,-5.5000,9.3350
1957-02-15T00:00:00+00:00,52.5000,-4.5000,9.2500
1957-02-15T00:00:00+00:00,51.5000,-6.5000,9.6417
1957-02-15T00:00:00+00:00,51.5000,-5.5000,9.6211
1957-02-15T00:00:00+00:00,51.5000,-4.5000,9.5959
1957-02-15T00:00:00+00:00,51.5000,-3.5000,9.8522
1957-03-16T12:00:00+00:00,53.5000,-5.5000,9.0766
1957-03-16T12:00:00+00:00,53.5000,-4.5000,8.9258
1957-03-16T12:00:00+00:00,53.5000,-3.5000,8.5248
1957-03-16T12:00:00+00:00,52.5000,-6.5000,9.6041
1957-03-16T12:00:00+00:00,52.5000,-5.5000,9.4361
1957-03-16T12:00:00+00:00,52.5000,-4.5000,9.3022
1957-03-16T12:00:00+00:00,51.5000,-6.5000,9.8178
1957-03-16T12:00:00+00:00,51.5000,-5.5000,9.8313
1957-03-16T12:00:00+00:00,51.5000,-4.5000,9.6376
1957-03-16T12:00:00+00:00,51.5000,-3.5000,9.4552
1957-04-16T00:00:00+00:00,53.5000,-5.5000,9.7126
1957-04-16T00:00:00+00:00,53.5000,-4.5000,9.6773
1957-04-16T00:00:00+00:00,53.5000,-3.5000,9.4564
1957-04-16T00:00:00+00:00,52.5000,-6.5000,10.4171
1957-04-16T00:00:00+00:00,52.5000,-5.5000,10.1465
1957-04-16T00:00:00+00:00,52.5000,-4.5000,10.0886
1957-04-16T00:00:00+00:00,51.5000,-6.5000,10.6045
1957-04-16T00:00:00+00:00,51.5000,-5.5000,10.5278
1957-04-16T00:00:00+00:00,51.5000,-4.5000,10.4234
1957-04-16T00:00:00+00:00,51.5000,-3.5000,10.4661
1957-05-16T12:00:00+00:00,53.5000,-5.5000,10.4362
1957-05-16T12:00:00+00:00,53.5000,-4.5000,10.5268
1957-05-16T12:00:00+00:00,53.5000,-3.5000,10.4901
1957-05-16T12:00:00+00:00,52.5000,-6.5000,11.4063
1957-05-16T12:00:00+00:00,52.5000,-5.5000,10.9951
1957-05-16T12:00:00+00:00,52.5000,-4.5000,10.9515
1957-05-16T12:00:00+00:00,51.5000,-6.5000,11.5778
1957-05-16T12:00:00+00:00,51.5000,-5.5000,11.4602
1957-05-16T12:00:00+00:00,51.5000,-4.5000,11.3526
1957-05-16T12:00:00+00:00,51.5000,-3.5000,11.3600
1957-06-16T00:00:00+00:00,53.5000,-5.5000,12.9049
1957-06-16T00:00:00+00:00,53.5000,-4.5000,12.9142
1957-06-16T00:00:00+00:00,53.5000,-3.5000,12.7015
1957-06-16T00:00:00+00:00,52.5000,-6.5000,14.0892
1957-06-16T00:00:00+00:00,52.5000,-5.5000,13.5896
1957-06-16T00:00:00+00:00,52.5000,-4.5000,13.5342
1957-06-16T00:00:00+00:00,51.5000,-6.5000,14.4871
1957-06-16T00:00:00+00:00,51.5000,-5.5000,14.2905
1957-06-16T00:00:00+00:00,51.5000,-4.5000,14.1318
1957-06-16T00:00:00+00:00,51.5000,-3.5000,14.1037
1957-07-16T12:00:00+00:00,53.5000,-5.5000,14.3187
1957-07-16T12:00:00+00:00,53.5000,-4.5000,14.2907
1957-07-16T12:00:00+00:00,53.5000,-3.5000,14.1077
1957-07-16T12:00:00+00:00,52.5000,-6.5000,15.9509
1957-07-16T12:00:00+00:00,52.5000,-5.5000,15.1028
1957-07-16T12:00:00+00:00,52.5000,-4.5000,14.9296
1957-07-16T12:00:00+00:00,51.5000,-6.5000,16.3127
1957-07-16T12:00:00+00:00,51.5000,-5.5000,15.8482
1957-07-16T12:00:00+00:00,51.5000,-4.5000,15.5976
1957-07-16T12:00:00+00:00,51.5000,-3.5000,15.6988
1957-08-16T12:00:00+00:00,53.5000,-5.5000,14.8140
1957-08-16T12:00:00+00:00,53.5000,-4.5000,14.9409
1957-08-16T12:00:00+00:00,53.5000,-3.5000,14.8821
1957-08-16T12:00:00+00:00,52.5000,-6.5000,16.0322
1957-08-16T12:00:00+00:00,52.5000,-5.5000,15.5413
1957-08-16T12:00:00+00:00,52.5000,-4.5000,15.5640
1957-08-16T12:00:00+00:00,51.5000,-6.5000,16.2515
1957-08-16T12:00:00+00:00,51.5000,-5.5000,16.0787
1957-08-16T12:00:00+00:00,51.5000,-4.5000,16.0339
1957-08-16T12:00:00+00:00,51.5000,-3.5000,16.1162
1957-09-16T00:00:00+00:00,53.5000,-5.5000,14.2749
1957-09-16T00:00:00+00:00,53.5000,-4.5000,14.3421
1957-09-16T00:00:00+00:00,53.5000,-3.5000,14.2921
1957-09-16T00:00:00+00:00,52.5000,-6.5000,14.7614
1957-09-16T00:00:00+00:00,52.5000,-5.5000,14.6248
1957-09-16T00:00:00+00:00,52.5000,-4.5000,14.7069
1957-09-16T00:00:00+00:00,51.5000,-6.5000,14.9228
1957-09-16T00:00:00+00:00,51.5000,-5.5000,14.9384
1957-09-16T00:00:00+00:00,51.5000,-4.5000,15.0594
1957-09-16T00:00:00+00:00,51.5000,-3.5000,15.3132
1957-10-16T12:00:00+00:00,53.5000,-5.5000,13.4175
1957-10-16T12:00:00+00:00,53.5000,-4.5000,13.5005
1957-10-16T12:00:00+00:00,53.5000,-3.5000,13.4819
1957-10-16T12:00:00+00:00,52.5000,-6.5000,13.8842
1957-10-16T12:00:00+00:00,52.5000,-5.5000,13.7521
1957-10-16T12:00:00+00:00,52.5000,-4.5000,13.8381
1957-10-16T12:00:00+00:00,51.5000,-6.5000,13.9673
1957-10-16T12:00:00+00:00,51.5000,-5.5000,13.9689
1957-10-16T12:00:00+00:00,51.5000,-4.5000,14.1281
1957-10-16T12:00:00+00:00,51.5000,-3.5000,14.5061
1957-11-16T00:00:00+00:00,53.5000,-5.5000,12.2882
1957-11-16T00:00:00+00:00,53.5000,-4.5000,12.1659
1957-11-16T00:00:00+00:00,53.5000,-3.5000,11.9559
1957-11-16T00:00:00+00:00,52.5000,-6.5000,12.2158
1957-11-16T00:00:00+00:00,52.5000,-5.5000,12.2970
1957-11-16T00:00:00+00:00,52.5000,-4.5000,12.3186
1957-11-16T00:00:00+00:00,51.5000,-6.5000,12.2415
1957-11-16T00:00:00+00:00,51.5000,-5.5000,12.3087
1957-11-16T00:00:00+00:00,51.5000,-4.5000,12.4699
1957-11-16T00:00:00+00:00,51.5000,-3.5000,12.7753
1957-12-16T12:00:00+00:00,53.5000,-5.5000,11.0995
1957-12-16T12:00:00+00:00,53.5000,-4.5000,10.9015
1957-12-16T12:00:00+00:00,53.5000,-3.5000,10.5454
1957-12-16T12:00:00+00:00,52.5000,-6.5000,11.2051
1957-12-16T12:00:00+00:00,52.5000,-5.5000,11.1971
1957-12-16T12:00:00+00:00,52.5000,-4.5000,11.1208
1957-12-16T12:00:00+00:00,51.5000,-6.5000,11.2201
1957-12-16T12:00:00+00:00,51.5000,-5.5000,11.2857
1957-12-16T12:00:00+00:00,51.5000,-4.5000,11.3105
1957-12-16T12:00:00+00:00,51.5000,-3.5000,11.4669
1958-01-16T12:00:00+00:00,53.5000,-5.5000,9.9040
1958-01-16T12:00:00+00:00,53.5000,-4.5000,9.7306
1958-01-16T12:00:00+00:00,53.5000,-3.5000,9.3985
1958-01-16T12:00:00+00:00,52.5000,-6.5000,10.0276
1958-01-16T12:00:00+00:00,52.5000,-5.5000,10.0249
1958-01-16T12:00:00+00:00,52.5000,-4.5000,9.9667
1958-01-16T12:00:00+00:00,51.5000,-6.5000,10.1731
1958-01-16T12:00:00+00:00,51.5000,-5.5000,10.2618
1958-01-16T12:00:00+00:00,51.5000,-4.5000,10.2634
1958-01-16T12:00:00+00:00,51.5000,-3.5000,10.4007
1958-02-15T00:00:00+00:00,53.5000,-5.5000,9.0032
1958-02-15T00:00:00+00:00,53.5000,-4.5000,8.7789
1958-02-15T00:00:00+00:00,53.5000,-3.5000,8.1611
1958-02-15T00:00:00+00:00,52.5000,-6.5000,9.5420
1958-02-15T00:00:00+00:00,52.5000,-5.5000,9.4533
1958-02-15T00:00:00+00:00,52.5000,-4.5000,9.3544
1958-02-15T00:00:00+00:00,51.5000,-6.5000,9.7561
1958-02-15T00:00:00+00:00,51.5000,-5.5000,9.8539
1958-02-15T00:00:00+00:00,51.5000,-4.5000,9.7331
1958-02-15T00:00:00+00:00,51.5000,-3.5000,9.6524
1958-03-16T12:00:00+00:00,53.5000,-5.5000,8.0862
1958-03-16T12:00:00+00:00,53.5000,-4.5000,7.8621
1958-03-16T12:00:00+00:00,53.5000,-3.5000,7.3978
1958-03-16T12:00:00+00:00,52.5000,-6.5000,8.7101
1958-03-16T12:00:00+00:00,52.5000,-5.5000,8.4320
1958-03-16T12:00:00+00:00,52.5000,-4.5000,8.2773
1958-03-16T12:00:00+00:00,51.5000,-6.5000,9.0132
1958-03-16T12:00:00+00:00,51.5000,-5.5000,8.9060
1958-03-16T12:00:00+00:00,51.5000,-4.5000,8.7468
1958-03-16T12:00:00+00:00,51.5000,-3.5000,8.8696
1958-04-16T00:00:00+00:00,53.5000,-5.5000,8.3022
1958-04-16T00:00:00+00:00,53.5000,-4.5000,8.1158
1958-04-16T00:00:00+00:00,53.5000,-3.5000,7.7066
1958-04-16T00:00:00+00:00,52.5000,-6.5000,9.1151
1958-04-16T00:00:00+00:00,52.5000,-5.5000,8.7230
1958-04-16T00:00:00+00:00,52.5000,-4.5000,8.5991
1958-04-16T00:00:00+00:00,51.5000,-6.5000,9.4325
1958-04-16T00:00:00+00:00,51.5000,-5.5000,9.2622
1958-04-16T00:00:00+00:00,51.5000,-4.5000,9.1539
1958-04-16T00:00:00+00:00,51.5000,-3.5000,9.3257
1958-05-16T12:00:00+00:00,53.5000,-5.5000,9.5192
1958-05-16T12:00:00+00:00,53.5000,-4.5000,9.4353
1958-05-16T12:00:00+00:00,53.5000,-3.5000,9.2050
1958-05-16T12:00:00+00:00,52.5000,-6.5000,10.4719
1958-05-16T12:00:00+00:00,52.5000,-5.5000,9.9882
1958-05-16T12:00:00+00:00,52.5000,-4.5000,9.8957
1958-05-16T12:00:00+00:00,51.5000,-6.5000,10.8644
1958-05-16T12:00:00+00:00,51.5000,-5.5000,10.6230
1958-05-16T12:00:00+00:00,51.5000,-4.5000,10.5175
1958-05-16T12:00:00+00:00,51.5000,-3.5000,10.7095
1958-06-16T00:00:00+00:00,53.5000,-5.5000,11.2405
1958-06-16T00:00:00+00:00,53.5000,-4.5000,11.2987
1958-06-16T00:00:00+00:00,53.5000,-3.5000,11.1090
1958-06-16T00:00:00+00:00,52.5000,-6.5000,12.7033
1958-06-16T00:00:00+00:00,52.5000,-5.5000,12.0815
1958-06-16T00:00:00+00:00,52.5000,-4.5000,12.0430
1958-06-16T00:00:00+00:00,51.5000,-6.5000,13.0955
1958-06-16T00:00:00+00:00,51.5000,-5.5000,12.8847
1958-06-16T00:00:00+00:00,51.5000,-4.5000,12.7660
1958-06-16T00:00:00+00:00,51.5000,-3.5000,12.8731
1958-07-16T12:00:00+00:00,53.5000,-5.5000,13.6572
1958-07-16T12:00:00+00:00,53.5000,-4.5000,13.6079
1958-07-16T12:00:00+00:00,53.5000,-3.5000,13.3443
1958-07-16T12:00:00+00:00,52.5000,-6.5000,14.7917
1958-07-16T12:00:00+00:00,52.5000,-5.5000,14.2902
1958-07-16T12:00:00+00:00,52.5000,-4.5000,14.2141
1958-07-16T12:00:00+00:00,51.5000,-6.5000,15.0687
1958-07-16T12:00:00+00:00,51.5000,-5.5000,14.9174
1958-07-16T12:00:00+00:00,51.5000,-4.5000,14.8578
1958-07-16T12:00:00+00:00,51.5000,-3.5000,15.1054
1958-08-16T12:00:00+00:00,53.5000,-5.5000,14.6744
1958-08-16T12:00:00+00:00,53.5000,-4.5000,14.7095
1958-08-16T12:00:00+00:00,53.5000,-3.5000,14.5802
1958-08-16T12:00:00+00:00,52.5000,-6.5000,15.5109
1958-08-16T12:00:00+00:00,52.5000,-5.5000,15.1857
1958-08-16T12:00:00+00:00,52.5000,-4.5000,15.2173
1958-08-16T12:00:00+00:00,51.5000,-6.5000,15.7373
1958-08-16T12:00:00+00:00,51.5000,-5.5000,15.7058
1958-08-16T12:00:00+00:00,51.5000,-4.5000,15.7477
1958-08-16T12:00:00+00:00,51.5000,-3.5000,15.8252
1958-09-16T00:00:00+00:00,53.5000,-5.5000,15.1240
1958-09-16T00:00:00+00:00,53.5000,-4.5000,15.1051
1958-09-16T00:00:00+00:00,53.5000,-3.5000,14.9739
1958-09-16T00:00:00+00:00,52.5000,-6.5000,15.6408
1958-09-16T00:00:00+00:00,52.5000,-5.5000,15.4321
1958-09-16T00:00:00+00:00,52.5000,-4.5000,15.4079
1958-09-16T00:00:00+00:00,51.5000,-6.5000,15.8296
1958-09-16T00:00:00+00:00,51.5000,-5.5000,15.7336
1958-09-16T00:00:00+00:00,51.5000,-4.5000,15.7018
1958-09-16T00:00:00+00:00,51.5000,-3.5000,15.8076
1958-10-16T12:00:00+00:00,53.5000,-5.5000,13.8388
1958-10-16T12:00:00+00:00,53.5000,-4.5000,13.9899
1958-10-16T12:00:00+00:00,53.5000,-3.5000,14.0660
1958-10-16T12:00:00+00:00,52.5000,-6.5000,14.0718
1958-10-16T12:00:00+00:00,52.5000,-5.5000,14.1007
1958-10-16T12:00:00+00:00,52.5000,-4.5000,14.2397
1958-10-16T12:00:00+00:00,51.5000,-6.5000,14.1789
1958-10-16T12:00:00+00:00,51.5000,-5.5000,14.3126
1958-10-16T12:00:00+00:00,51.5000,-4.5000,14.4917
1958-10-16T12:00:00+00:00,51.5000,-3.5000,14.8123
1958-11-16T00:00:00+00:00,53.5000,-5.5000,12.8649
1958-11-16T00:00:00+00:00,53.5000,-4.5000,12.8697
1958-11-16T00:00:00+00:00,53.5000,-3.5000,12.6355
1958-11-16T00:00:00+00:00,52.5000,-6.5000,12.9256
1958-11-16T00:00:00+00:00,52.5000,-5.5000,13.1266
1958-11-16T00:00:00+00:00,52.5000,-4.5000,13.2481
1958-11-16T00:00:00+00:00,51.5000,-6.5000,12.9530
1958-11-16T00:00:00+00:00,51.5000,-5.5000,13.2636
1958-11-16T00:00:00+00:00,51.5000,-4.5000,13.4528
1958-11-16T00:00:00+00:00,51.5000,-3.5000,13.5808
1958-12-16T12:00:00+00:00,53.5000,-5.5000,11.9437
1958-12-16T12:00:00+00:00,53.5000,-4.5000,11.8574
1958-12-16T12:00:00+00:00,53.5000,-3.5000,11.6058
1958-12-16T12:00:00+00:00,52.5000,-6.5000,11.7920
1958-12-16T12:00:00+00:00,52.5000,-5.5000,12.0131
1958-12-16T12:00:00+00:00,52.5000,-4.5000,12.0330
1958-12-16T12:00:00+00:00,51.5000,-6.5000,11.8079
1958-12-16T12:00:00+00:00,51.5000,-5.5000,12.0413
1958-12-16T12:00:00+00:00,51.5000,-4.5000,12.0986
1958-12-16T12:00:00+00:00,51.5000,-3.5000,12.1131
1959-01-16T12:00:00+00:00,53.5000,-5.5000,10.4111
1959-01-16T12:00:00+00:00,53.5000,-4.5000,10.0380
1959-01-16T12:00:00+00:00,53.5000,-3.5000,9.4262
1959-01-16T12:00:00+00:00,52.5000,-6.5000,10.5933
1959-01-16T12:00:00+00:00,52.5000,-5.5000,10.5089
1959-01-16T12:00:00+00:00,52.5000,-4.5000,10.3137
1959-01-16T12:00:00+00:00,51.5000,-6.5000,10.6790
1959-01-16T12:00:00+00:00,51.5000,-5.5000,10.6282
1959-01-16T12:00:00+00:00,51.5000,-4.5000,10.5103
1959-01-16T12:00:00+00:00,51.5000,-3.5000,10.5475
1959-02-15T00:00:00+00:00,53.5000,-5.5000,9.1625
1959-02-15T00:00:00+00:00,53.5000,-4.5000,9.0021
1959-02-15T00:00:00+00:00,53.5000,-3.5000,8.6625
1959-02-15T00:00:00+00:00,52.5000,-6.5000,9.7215
1959-02-15T00:00:00+00:00,52.5000,-5.5000,9.4732
1959-02-15T00:00:00+00:00,52.5000,-4.5000,9.3508
1959-02-15T00:00:00+00:00,51.5000,-6.5000,9.8873
1959-02-15T00:00:00+00:00,51.5000,-5.5000,9.7769
1959-02-15T00:00:00+00:00,51.5000,-4.5000,9.6625
1959-02-15T00:00:00+00:00,51.5000,-3.5000,9.7760
1959-03-16T12:00:00+00:00,53.5000,-5.5000,9.0023
1959-03-16T12:00:00+00:00,53.5000,-4.5000,8.7479
1959-03-16T12:00:00+00:00,53.5000,-3.5000,8.1979
1959-03-16T12:00:00+00:00,52.5000,-6.5000,9.4773
1959-03-16T12:00:00+00:00,52.5000,-5.5000,9.3216
1959-03-16T12:00:00+00:00,52.5000,-4.5000,9.1585
1959-03-16T12:00:00+00:00,51.5000,-6.5000,9.7344
1959-03-16T12:00:00+00:00,51.5000,-5.5000,9.7387
1959-03-16T12:00:00+00:00,51.5000,-4.5000,9.5558
1959-03-16T12:00:00+00:00,51.5000,-3.5000,9.2785
1959-04-16T00:00:00+00:00,53.5000,-5.5000,9.4753
1959-04-16T00:00:00+00:00,53.5000,-4.5000,9.3838
1959-04-16T00:00:00+00:00,53.5000,-3.5000,9.1572
1959-04-16T00:00:00+00:00,52.5000,-6.5000,10.0427
1959-04-16T00:00:00+00:00,52.5000,-5.5000,9.7815
1959-04-16T00:00:00+00:00,52.5000,-4.5000,9.7264
1959-04-16T00:00:00+00:00,51.5000,-6.5000,10.2837
1959-04-16T00:00:00+00:00,51.5000,-5.5000,10.2134
1959-04-16T00:00:00+00:00,51.5000,-4.5000,10.1868
1959-04-16T00:00:00+00:00,51.5000,-3.5000,10.4079
1959-05-16T12:00:00+00:00,53.5000,-5.5000,10.8596
1959-05-16T12:00:00+00:00,53.5000,-4.5000,10.9656
1959-05-16T12:00:00+00:00,53.5000,-3.5000,10.9300
1959-05-16T12:00:00+00:00,52.5000,-6.5000,11.8514
1959-05-16T12:00:00+00:00,52.5000,-5.5000,11.4476
1959-05-16T12:00:00+00:00,52.5000,-4.5000,11.4662
1959-05-16T12:00:00+00:00,51.5000,-6.5000,12.0788
1959-05-16T12:00:00+00:00,51.5000,-5.5000,11.9713
1959-05-16T12:00:00+00:00,51.5000,-4.5000,11.9378
1959-05-16T12:00:00+00:00,51.5000,-3.5000,12.0246
1959-06-16T00:00:00+00:00,53.5000,-5.5000,12.8562
1959-06-16T00:00:00+00:00,53.5000,-4.5000,12.8805
1959-06-16T00:00:00+00:00,53.5000,-3.5000,12.8123
1959-06-16T00:00:00+00:00,52.5000,-6.5000,14.0245
1959-06-16T00:00:00+00:00,52.5000,-5.5000,13.4324
1959-06-16T00:00:00+00:00,52.5000,-4.5000,13.2895
1959-06-16T00:00:00+00:00,51.5000,-6.5000,14.3743
1959-06-16T00:00:00+00:00,51.5000,-5.5000,14.0547
1959-06-16T00:00:00+00:00,51.5000,-4.5000,13.7909
1959-06-16T00:00:00+00:00,51.5000,-3.5000,13.9530
1959-07-16T12:00:00+00:00,53.5000,-5.5000,14.2622
1959-07-16T12:00:00+00:00,53.5000,-4.5000,14.4811
1959-07-16T12:00:00+00:00,53.5000,-3.5000,14.5432
1959-07-16T12:00:00+00:00,52.5000,-6.5000,16.0231
1959-07-16T12:00:00+00:00,52.5000,-5.5000,15.2379
1959-07-16T12:00:00+00:00,52.5000,-4.5000,15.2321
1959-07-16T12:00:00+00:00,51.5000,-6.5000,16.4158
1959-07-16T12:00:00+00:00,51.5000,-5.5000,16.1696
1959-07-16T12:00:00+00:00,51.5000,-4.5000,16.0915
1959-07-16T12:00:00+00:00,51.5000,-3.5000,16.4337
1959-08-16T12:00:00+00:00,53.5000,-5.5000,15.5690
1959-08-16T12:00:00+00:00,53.5000,-4.5000,15.6800
1959-08-16T12:00:00+00:00,53.5000,-3.5000,15.6581
1959-08-16T12:00:00+00:00,52.5000,-6.5000,16.6315
1959-08-16T12:00:00+00:00,52.5000,-5.5000,16.1827
1959-08-16T12:00:00+00:00,52.5000,-4.5000,16.1934
1959-08-16T12:00:00+00:00,51.5000,-6.5000,17.0714
1959-08-16T12:00:00+00:00,51.5000,-5.5000,16.8830
1959-08-16T12:00:00+00:00,51.5000,-4.5000,16.8232
1959-08-16T12:00:00+00:00,51.5000,-3.5000,17.0975
1959-09-16T00:00:00+00:00,53.5000,-5.5000,15.6152
1959-09-16T00:00:00+00:00,53.5000,-4.5000,15.6595
1959-09-16T00:00:00+00:00,53.5000,-3.5000,15.4394
1959-09-16T00:00:00+00:00,52.5000,-6.5000,16.6824
1959-09-16T00:00:00+00:00,52.5000,-5.5000,16.2993
1959-09-16T00:00:00+00:00,52.5000,-4.5000,16.3196
1959-09-16T00:00:00+00:00,51.5000,-6.5000,16.9560
1959-09-16T00:00:00+00:00,51.5000,-5.5000,16.8466
1959-09-16T00:00:00+00:00,51.5000,-4.5000,16.8517
1959-09-16T00:00:00+00:00,51.5000,-3.5000,17.0726
1959-10-16T12:00:00+00:00,53.5000,-5.5000,14.6427
1959-10-16T12:00:00+00:00,53.5000,-4.5000,14.7648
1959-10-16T12:00:00+00:00,53.5000,-3.5000,14.7562
1959-10-16T12:00:00+00:00,52.5000,-6.5000,15.3495
1959-10-16T12:00:00+00:00,52.5000,-5.5000,15.1162
1959-10-16T12:00:00+00:00,52.5000,-4.5000,15.1947
1959-10-16T12:00:00+00:00,51.5000,-6.5000,15.5112
1959-10-16T12:00:00+00:00,51.5000,-5.5000,15.4634
1959-10-16T12:00:00+00:00,51.5000,-4.5000,15.5592
1959-10-16T12:00:00+00:00,51.5000,-3.5000,15.8633
1959-11-16T00:00:00+00:00,53.5000,-5.5000,12.8523
1959-11-16T00:00:00+00:00,53.5000,-4.5000,12.8855
1959-11-16T00:00:00+00:00,53.5000,-3.5000,12.8272
1959-11-16T00:00:00+00:00,52.5000,-6.5000,12.8013
1959-11-16T00:00:00+00:00,52.5000,-5.5000,12.9614
1959-11-16T00:00:00+00:00,52.5000,-4.5000,13.0640
1959-11-16T00:00:00+00:00,51.5000,-6.5000,12.8355
1959-11-16T00:00:00+00:00,51.5000,-5.5000,13.0369
1959-11-16T00:00:00+00:00,51.5000,-4.5000,13.2040
1959-11-16T00:00:00+00:00,51.5000,-3.5000,13.3816
1959-12-16T12:00:00+00:00,53.5000,-5.5000,11.5450
1959-12-16T12:00:00+00:00,53.5000,-4.5000,11.5429
1959-12-16T12:00:00+00:00,53.5000,-3.5000,11.4668
1959-12-16T12:00:00+00:00,52.5000,-6.5000,11.4918
1959-12-16T12:00:00+00:00,52.5000,-5.5000,11.6221
1959-12-16T12:00:00+00:00,52.5000,-4.5000,11.6726
1959-12-16T12:00:00+00:00,51.5000,-6.5000,11.4974
1959-12-16T12:00:00+00:00,51.5000,-5.5000,11.6424
1959-12-16T12:00:00+00:00,51.5000,-4.5000,11.7332
1959-12-16T12:00:00+00:00,51.5000,-3.5000,11.8375
1960-01-16T12:00:00+00:00,53.5000,-5.5000,10.3536
1960-01-16T12:00:00+00:00,53.5000,-4.5000,10.1964
1960-01-16T12:00:00+00:00,53.5000,-3.5000,9.8358
1960-01-16T12:00:00+00:00,52.5000,-6.5000,10.3243
1960-01-16T12:00:00+00:00,52.5000,-5.5000,10.4638
1960-01-16T12:00:00+00:00,52.5000,-4.5000,10.4536
1960-01-16T12:00:00+00:00,51.5000,-6.5000,10.4276
1960-01-16T12:00:00+00:00,51.5000,-5.5000,10.5752
1960-01-16T12:00:00+00:00,51.5000,-4.5000,10.5967
1960-01-16T12:00:00+00:00,51.5000,-3.5000,10.6039
1960-02-15T12:00:00+00:00,53.5000,-5.5000,9.3717
1960-02-15T12:00:00+00:00,53.5000,-4.5000,9.2399
1960-02-15T12:00:00+00:00,53.5000,-3.5000,8.9560
1960-02-15T12:00:00+00:00,52.5000,-6.5000,9.4820
1960-02-15T12:00:00+00:00,52.5000,-5.5000,9.5045
1960-02-15T12:00:00+00:00,52.5000,-4.5000,9.4682
1960-02-15T12:00:00+00:00,51.5000,-6.5000,9.6449
1960-02-15T12:00:00+00:00,51.5000,-5.5000,9.7103
1960-02-15T12:00:00+00:00,51.5000,-4.5000,9.6924
1960-02-15T12:00:00+00:00,51.5000,-3.5000,9.7794
1960-03-16T12:00:00+00:00,53.5000,-5.5000,8.6997
1960-03-16T12:00:00+00:00,53.5000,-4.5000,8.5761
1960-03-16T12:00:00+00:00,53.5000,-3.5000,8.2430
1960-03-16T12:00:00+00:00,52.5000,-6.5000,9.2658
1960-03-16T12:00:00+00:00,52.5000,-5.5000,9.0547
1960-03-16T12:00:00+00:00,52.5000,-4.5000,8.9577
1960-03-16T12:00:00+00:00,51.5000,-6.5000,9.5583
1960-03-16T12:00:00+00:00,51.5000,-5.5000,9.5154
1960-03-16T12:00:00+00:00,51.5000,-4.5000,9.3726
1960-03-16T12:00:00+00:00,51.5000,-3.5000,9.4207
1960-04-16T00:00:00+00:00,53.5000,-5.5000,9.2072
1960-04-16T00:00:00+00:00,53.5000,-4.5000,9.1677
1960-04-16T00:00:00+00:00,53.5000,-3.5000,9.1070
1960-04-16T00:00:00+00:00,52.5000,-6.5000,10.0555
1960-04-16T00:00:00+00:00,52.5000,-5.5000,9.5526
1960-04-16T00:00:00+00:00,52.5000,-4.5000,9.4119
1960-04-16T00:00:00+00:00,51.5000,-6.5000,10.3077
1960-04-16T00:00:00+00:00,51.5000,-5.5000,10.0472
1960-04-16T00:00:00+00:00,51.5000,-4.5000,9.8984
1960-04-16T00:00:00+00:00,51.5000,-3.5000,10.1878
1960-05-16T12:00:00+00:00,53.5000,-5.5000,11.1296
1960-05-16T12:00:00+00:00,53.5000,-4.5000,11.1390
1960-05-16T12:00:00+00:00,53.5000,-3.5000,11.0953
1960-05-16T12:00:00+00:00,52.5000,-6.5000,12.0313
1960-05-16T12:00:00+00:00,52.5000,-5.5000,11.5523
1960-05-16T12:00:00+00:00,52.5000,-4.5000,11.4534
1960-05-16T12:00:00+00:00,51.5000,-6.5000,12.3611
1960-05-16T12:00:00+00:00,51.5000,-5.5000,12.1178
1960-05-16T12:00:00+00:00,51.5000,-4.5000,11.9709
1960-05-16T12:00:00+00:00,51.5000,-3.5000,12.1652
1960-06-16T00:00:00+00:00,53.5000,-5.5000,13.1190
1960-06-16T00:00:00+00:00,53.5000,-4.5000,13.1871
1960-06-16T00:00:00+00:00,53.5000,-3.5000,13.1221
1960-06-16T00:00:00+00:00,52.5000,-6.5000,14.4154
1960-06-16T00:00:00+00:00,52.5000,-5.5000,13.8039
1960-06-16T00:00:00+00:00,52.5000,-4.5000,13.7279
1960-06-16T00:00:00+00:00,51.5000,-6.5000,14.8219
1960-06-16T00:00:00+00:00,51.5000,-5.5000,14.5580
1960-06-16T00:00:00+00:00,51.5000,-4.5000,14.4073
1960-06-16T00:00:00+00:00,51.5000,-3.5000,14.6425
1960-07-16T12:00:00+00:00,53.5000,-5.5000,13.9376
1960-07-16T12:00:00+00:00,53.5000,-4.5000,14.0505
1960-07-16T12:00:00+00:00,53.5000,-3.5000,13.9600
1960-07-16T12:00:00+00:00,52.5000,-6.5000,15.0467
1960-07-16T12:00:00+00:00,52.5000,-5.5000,14.6444
1960-07-16T12:00:00+00:00,52.5000,-4.5000,14.6840
1960-07-16T12:00:00+00:00,51.5000,-6.5000,15.4082
1960-07-16T12:00:00+00:00,51.5000,-5.5000,15.3285
1960-07-16T12:00:00+00:00,51.5000,-4.5000,15.3146
1960-07-16T12:00:00+00:00,51.5000,-3.5000,15.5216
1960-08-16T12:00:00+00:00,53.5000,-5.5000,14.5766
1960-08-16T12:00:00+00:00,53.5000,-4.5000,14.6505
1960-08-16T12:00:00+00:00,53.5000,-3.5000,14.5373
1960-08-16T12:00:00+00:00,52.5000,-6.5000,15.5876
1960-08-16T12:00:00+00:00,52.5000,-5.5000,15.1960
1960-08-16T12:00:00+00:00,52.5000,-4.5000,15.2219
1960-08-16T12:00:00+00:00,51.5000,-6.5000,15.9297
1960-08-16T12:00:00+00:00,51.5000,-5.5000,15.8163
1960-08-16T12:00:00+00:00,51.5000,-4.5000,15.8136
1960-08-16T12:00:00+00:00,51.5000,-3.5000,16.0732
1960-09-16T00:00:00+00:00,53.5000,-5.5000,14.8820
1960-09-16T00:00:00+00:00,53.5000,-4.5000,14.8791
1960-09-16T00:00:00+00:00,53.5000,-3.5000,14.7235
1960-09-16T00:00:00+00:00,52.5000,-6.5000,15.3571
1960-09-16T00:00:00+00:00,52.5000,-5.5000,15.2179
1960-09-16T00:00:00+00:00,52.5000,-4.5000,15.2620
1960-09-16T00:00:00+00:00,51.5000,-6.5000,15.5403
1960-09-16T00:00:00+00:00,51.5000,-5.5000,15.5302
1960-09-16T00:00:00+00:00,51.5000,-4.5000,15.6283
1960-09-16T00:00:00+00:00,51.5000,-3.5000,15.9164
1960-10-16T12:00:00+00:00,53.5000,-5.5000,13.6572
1960-10-16T12:00:00+00:00,53.5000,-4.5000,13.8541
1960-10-16T12:00:00+00:00,53.5000,-3.5000,14.0445
1960-10-16T12:00:00+00:00,52.5000,-6.5000,13.7085
1960-10-16T12:00:00+00:00,52.5000,-5.5000,13.8172
1960-10-16T12:00:00+00:00,52.5000,-4.5000,13.9750
1960-10-16T12:00:00+00:00,51.5000,-6.5000,13.8015
1960-10-16T12:00:00+00:00,51.5000,-5.5000,13.9705
1960-10-16T12:00:00+00:00,51.5000,-4.5000,14.1590
1960-10-16T12:00:00+00:00,51.5000,-3.5000,14.4935
1960-11-16T00:00:00+00:00,53.5000,-5.5000,12.4590
1960-11-16T00:00:00+00:00,53.5000,-4.5000,12.4542
1960-11-16T00:00:00+00:00,53.5000,-3.5000,12.4424
1960-11-16T00:00:00+00:00,52.5000,-6.5000,12.2484
1960-11-16T00:00:00+00:00,52.5000,-5.5000,12.4131
1960-11-16T00:00:00+00:00,52.5000,-4.5000,12.4798
1960-11-16T00:00:00+00:00,51.5000,-6.5000,12.2157
1960-11-16T00:00:00+00:00,51.5000,-5.5000,12.3895
1960-11-16T00:00:00+00:00,51.5000,-4.5000,12.5679
1960-11-16T00:00:00+00:00,51.5000,-3.5000,12.8356
1960-12-16T12:00:00+00:00,53.5000,-5.5000,11.0194
1960-12-16T12:00:00+00:00,53.5000,-4.5000,10.8931
1960-12-16T12:00:00+00:00,53.5000,-3.5000,10.6846
1960-12-16T12:00:00+00:00,52.5000,-6.5000,11.0058
1960-12-16T12:00:00+00:00,52.5000,-5.5000,11.0475
1960-12-16T12:00:00+00:00,52.5000,-4.5000,11.0186
1960-12-16T12:00:00+00:00,51.5000,-6.5000,11.0383
1960-12-16T12:00:00+00:00,51.5000,-5.5000,11.1311
1960-12-16T12:00:00+00:00,51.5000,-4.5000,11.2034
1960-12-16T12:00:00+00:00,51.5000,-3.5000,11.4225
1961-01-16T12:00:00+00:00,53.5000,-5.5000,9.8836
1961-01-16T12:00:00+00:00,53.5000,-4.5000,9.6919
1961-01-16T12:00:00+00:00,53.5000,-3.5000,9.2808
1961-01-16T12:00:00+00:00,52.5000,-6.5000,10.1477
1961-01-16T12:00:00+00:00,52.5000,-5.5000,10.0996
1961-01-16T12:00:00+00:00,52.5000,-4.5000,10.0246
1961-01-16T12:00:00+00:00,51.5000,-6.5000,10.2052
1961-01-16T12:00:00+00:00,51.5000,-5.5000,10.2656
1961-01-16T12:00:00+00:00,51.5000,-4.5000,10.2482
1961-01-16T12:00:00+00:00,51.5000,-3.5000,10.3193
1961-02-15T00:00:00+00:00,53.5000,-5.5000,8.9170
1961-02-15T00:00:00+00:00,53.5000,-4.5000,8.7919
1961-02-15T00:00:00+00:00,53.5000,-3.5000,8.4026
1961-02-15T00:00:00+00:00,52.5000,-6.5000,9.6422
1961-02-15T00:00:00+00:00,52.5000,-5.5000,9.3839
1961-02-15T00:00:00+00:00,52.5000,-4.5000,9.2733
1961-02-15T00:00:00+00:00,51.5000,-6.5000,9.7491
1961-02-15T00:00:00+00:00,51.5000,-5.5000,9.7793
1961-02-15T00:00:00+00:00,51.5000,-4.5000,9.6878
1961-02-15T00:00:00+00:00,51.5000,-3.5000,9.8213
1961-03-16T12:00:00+00:00,53.5000,-5.5000,8.8875
1961-03-16T12:00:00+00:00,53.5000,-4.5000,8.8437
1961-03-16T12:00:00+00:00,53.5000,-3.5000,8.6155
1961-03-16T12:00:00+00:00,52.5000,-6.5000,9.3899
1961-03-16T12:00:00+00:00,52.5000,-5.5000,9.2421
1961-03-16T12:00:00+00:00,52.5000,-4.5000,9.2235
1961-03-16T12:00:00+00:00,51.5000,-6.5000,9.5921
1961-03-16T12:00:00+00:00,51.5000,-5.5000,9.6431
1961-03-16T12:00:00+00:00,51.5000,-4.5000,9.6423
1961-03-16T12:00:00+00:00,51.5000,-3.5000,9.8999
1961-04-16T00:00:00+00:00,53.5000,-5.5000,9.5306
1961-04-16T00:00:00+00:00,53.5000,-4.5000,9.5894
1961-04-16T00:00:00+00:00,53.5000,-3.5000,9.4233
1961-04-16T00:00:00+00:00,52.5000,-6.5000,10.4620
1961-04-16T00:00:00+00:00,52.5000,-5.5000,10.1384
1961-04-16T00:00:00+00:00,52.5000,-4.5000,10.1317
1961-04-16T00:00:00+00:00,51.5000,-6.5000,10.6855
1961-04-16T00:00:00+00:00,51.5000,-5.5000,10.6832
1961-04-16T00:00:00+00:00,51.5000,-4.5000,10.6259
1961-04-16T00:00:00+00:00,51.5000,-3.5000,10.7592
1961-05-16T12:00:00+00:00,53.5000,-5.5000,10.6442
1961-05-16T12:00:00+00:00,53.5000,-4.5000,10.7159
1961-05-16T12:00:00+00:00,53.5000,-3.5000,10.5913
1961-05-16T12:00:00+00:00,52.5000,-6.5000,11.8791
1961-05-16T12:00:00+00:00,52.5000,-5.5000,11.3522
1961-05-16T12:00:00+00:00,52.5000,-4.5000,11.3235
1961-05-16T12:00:00+00:00,51.5000,-6.5000,12.1784
1961-05-16T12:00:00+00:00,51.5000,-5.5000,12.0014
1961-05-16T12:00:00+00:00,51.5000,-4.5000,11.9527
1961-05-16T12:00:00+00:00,51.5000,-3.5000,12.2935
1961-06-16T00:00:00+00:00,53.5000,-5.5000,12.5605
1961-06-16T00:00:00+00:00,53.5000,-4.5000,12.6375
1961-06-16T00:00:00+00:00,53.5000,-3.5000,12.5368
1961-06-16T00:00:00+00:00,52.5000,-6.5000,13.4728
1961-06-16T00:00:00+00:00,52.5000,-5.5000,13.1422
1961-06-16T00:00:00+00:00,52.5000,-4.5000,13.1868
1961-06-16T00:00:00+00:00,51.5000,-6.5000,13.8557
1961-06-16T00:00:00+00:00,51.5000,-5.5000,13.8671
1961-06-16T00:00:00+00:00,51.5000,-4.5000,13.9185
1961-06-16T00:00:00+00:00,51.5000,-3.5000,14.2809
1961-07-16T12:00:00+00:00,53.5000,-5.5000,13.6387
1961-07-16T12:00:00+00:00,53.5000,-4.5000,13.7327
1961-07-16T12:00:00+00:00,53.5000,-3.5000,13.6507
1961-07-16T12:00:00+00:00,52.5000,-6.5000,14.7600
1961-07-16T12:00:00+00:00,52.5000,-5.5000,14.3158
1961-07-16T12:00:00+00:00,52.5000,-4.5000,14.3361
1961-07-16T12:00:00+00:00,51.5000,-6.5000,15.2999
1961-07-16T12:00:00+00:00,51.5000,-5.5000,15.1753
1961-07-16T12:00:00+00:00,51.5000,-4.5000,15.1502
1961-07-16T12:00:00+00:00,51.5000,-3.5000,15.5397
1961-08-16T12:00:00+00:00,53.5000,-5.5000,14.5638
1961-08-16T12:00:00+00:00,53.5000,-4.5000,14.5259
1961-08-16T12:00:00+00:00,53.5000,-3.5000,14.2675
1961-08-16T12:00:00+00:00,52.5000,-6.5000,15.6271
1961-08-16T12:00:00+00:00,52.5000,-5.5000,15.1677
1961-08-16T12:00:00+00:00,52.5000,-4.5000,15.1158
1961-08-16T12:00:00+00:00,51.5000,-6.5000,15.9636
1961-08-16T12:00:00+00:00,51.5000,-5.5000,15.7975
1961-08-16T12:00:00+00:00,51.5000,-4.5000,15.7465
1961-08-16T12:00:00+00:00,51.5000,-3.5000,16.0191
1961-09-16T00:00:00+00:00,53.5000,-5.5000,14.9312
1961-09-16T00:00:00+00:00,53.5000,-4.5000,14.8317
1961-09-16T00:00:00+00:00,53.5000,-3.5000,14.4098
1961-09-16T00:00:00+00:00,52.5000,-6.5000,15.4532
1961-09-16T00:00:00+00:00,52.5000,-5.5000,15.3752
1961-09-16T00:00:00+00:00,52.5000,-4.5000,15.4333
1961-09-16T00:00:00+00:00,51.5000,-6.5000,15.6779
1961-09-16T00:00:00+00:00,51.5000,-5.5000,15.7692
1961-09-16T00:00:00+00:00,51.5000,-4.5000,15.9172
1961-09-16T00:00:00+00:00,51.5000,-3.5000,16.2045
1961-10-16T12:00:00+00:00,53.5000,-5.5000,13.8240
1961-10-16T12:00:00+00:00,53.5000,-4.5000,13.9934
1961-10-16T12:00:00+00:00,53.5000,-3.5000,13.9727
1961-10-16T12:00:00+00:00,52.5000,-6.5000,14.1321
1961-10-16T12:00:00+00:00,52.5000,-5.5000,14.2235
1961-10-16T12:00:00+00:00,52.5000,-4.5000,14.4283
1961-10-16T12:00:00+00:00,51.5000,-6.5000,14.1566
1961-10-16T12:00:00+00:00,51.5000,-5.5000,14.4301
1961-10-16T12:00:00+00:00,51.5000,-4.5000,14.7134
1961-10-16T12:00:00+00:00,51.5000,-3.5000,15.0586
1961-11-16T00:00:00+00:00,53.5000,-5.5000,12.1088
1961-11-16T00:00:00+00:00,53.5000,-4.5000,12.0958
1961-11-16T00:00:00+00:00,53.5000,-3.5000,11.9202
1961-11-16T00:00:00+00:00,52.5000,-6.5000,11.9020
1961-11-16T00:00:00+00:00,52.5000,-5.5000,12.1932
1961-11-16T00:00:00+00:00,52.5000,-4.5000,12.3399
1961-11-16T00:00:00+00:00,51.5000,-6.5000,11.9233
1961-11-16T00:00:00+00:00,51.5000,-5.5000,12.2575
1961-11-16T00:00:00+00:00,51.5000,-4.5000,12.5388
1961-11-16T00:00:00+00:00,51.5000,-3.5000,12.8496
1961-12-16T12:00:00+00:00,53.5000,-5.5000,10.9018
1961-12-16T12:00:00+00:00,53.5000,-4.5000,10.6993
1961-12-16T12:00:00+00:00,53.5000,-3.5000,10.3306
1961-12-16T12:00:00+00:00,52.5000,-6.5000,11.0277
1961-12-16T12:00:00+00:00,52.5000,-5.5000,11.0115
1961-12-16T12:00:00+00:00,52.5000,-4.5000,10.9424
1961-12-16T12:00:00+00:00,51.5000,-6.5000,11.1130
1961-12-16T12:00:00+00:00,51.5000,-5.5000,11.1479
1961-12-16T12:00:00+00:00,51.5000,-4.5000,11.1774
1961-12-16T12:00:00+00:00,51.5000,-3.5000,11.3853
1962-01-16T12:00:00+00:00,53.5000,-5.5000,9.3343
1962-01-16T12:00:00+00:00,53.5000,-4.5000,9.1252
1962-01-16T12:00:00+00:00,53.5000,-3.5000,8.5840
1962-01-16T12:00:00+00:00,52.5000,-6.5000,9.8736
1962-01-16T12:00:00+00:00,52.5000,-5.5000,9.7418
1962-01-16T12:00:00+00:00,52.5000,-4.5000,9.6743
1962-01-16T12:00:00+00:00,51.5000,-6.5000,10.0302
1962-01-16T12:00:00+00:00,51.5000,-5.5000,10.0726
1962-01-16T12:00:00+00:00,51.5000,-4.5000,10.0632
1962-01-16T12:00:00+00:00,51.5000,-3.5000,10.2037
1962-02-15T00:00:00+00:00,53.5000,-5.5000,8.5871
1962-02-15T00:00:00+00:00,53.5000,-4.5000,8.3609
1962-02-15T00:00:00+00:00,53.5000,-3.5000,8.0059
1962-02-15T00:00:00+00:00,52.5000,-6.5000,9.1864
1962-02-15T00:00:00+00:00,52.5000,-5.5000,8.8324
1962-02-15T00:00:00+00:00,52.5000,-4.5000,8.6268
1962-02-15T00:00:00+00:00,51.5000,-6.5000,9.4270
1962-02-15T00:00:00+00:00,51.5000,-5.5000,9.2097
1962-02-15T00:00:00+00:00,51.5000,-4.5000,9.0312
1962-02-15T00:00:00+00:00,51.5000,-3.5000,9.2803
1962-03-16T12:00:00+00:00,53.5000,-5.5000,7.9205
1962-03-16T12:00:00+00:00,53.5000,-4.5000,7.6017
1962-03-16T12:00:00+00:00,53.5000,-3.5000,7.0198
1962-03-16T12:00:00+00:00,52.5000,-6.5000,8.5987
1962-03-16T12:00:00+00:00,52.5000,-5.5000,8.2526
1962-03-16T12:00:00+00:00,52.5000,-4.5000,8.0333
1962-03-16T12:00:00+00:00,51.5000,-6.5000,8.8132
1962-03-16T12:00:00+00:00,51.5000,-5.5000,8.6324
1962-03-16T12:00:00+00:00,51.5000,-4.5000,8.4271
1962-03-16T12:00:00+00:00,51.5000,-3.5000,8.4525
1962-04-16T00:00:00+00:00,53.5000,-5.5000,8.2634
1962-04-16T00:00:00+00:00,53.5000,-4.5000,8.1791
1962-04-16T00:00:00+00:00,53.5000,-3.5000,8.1342
1962-04-16T00:00:00+00:00,52.5000,-6.5000,8.9152
1962-04-16T00:00:00+00:00,52.5000,-5.5000,8.4562
1962-04-16T00:00:00+00:00,52.5000,-4.5000,8.3125
1962-04-16T00:00:00+00:00,51.5000,-6.5000,9.1761
1962-04-16T00:00:00+00:00,51.5000,-5.5000,8.8866
1962-04-16T00:00:00+00:00,51.5000,-4.5000,8.7604
1962-04-16T00:00:00+00:00,51.5000,-3.5000,9.0546
1962-05-16T12:00:00+00:00,53.5000,-5.5000,9.6963
1962-05-16T12:00:00+00:00,53.5000,-4.5000,9.6714
1962-05-16T12:00:00+00:00,53.5000,-3.5000,9.6064
1962-05-16T12:00:00+00:00,52.5000,-6.5000,10.3808
1962-05-16T12:00:00+00:00,52.5000,-5.5000,10.0057
1962-05-16T12:00:00+00:00,52.5000,-4.5000,9.9412
1962-05-16T12:00:00+00:00,51.5000,-6.5000,10.6308
1962-05-16T12:00:00+00:00,51.5000,-5.5000,10.3988
1962-05-16T12:00:00+00:00,51.5000,-4.5000,10.3104
1962-05-16T12:00:00+00:00,51.5000,-3.5000,10.4142
1962-06-16T00:00:00+00:00,53.5000,-5.5000,11.4258
1962-06-16T00:00:00+00:00,53.5000,-4.5000,11.3375
1962-06-16T00:00:00+00:00,53.5000,-3.5000,11.2884
1962-06-16T00:00:00+00:00,52.5000,-6.5000,12.4634
1962-06-16T00:00:00+00:00,52.5000,-5.5000,11.7749
1962-06-16T00:00:00+00:00,52.5000,-4.5000,11.5894
1962-06-16T00:00:00+00:00,51.5000,-6.5000,12.8530
1962-06-16T00:00:00+00:00,51.5000,-5.5000,12.3907
1962-06-16T00:00:00+00:00,51.5000,-4.5000,12.2313
1962-06-16T00:00:00+00:00,51.5000,-3.5000,12.6822
1962-07-16T12:00:00+00:00,53.5000,-5.5000,12.8655
1962-07-16T12:00:00+00:00,53.5000,-4.5000,12.9680
1962-07-16T12:00:00+00:00,53.5000,-3.5000,12.8395
1962-07-16T12:00:00+00:00,52.5000,-6.5000,14.7035
1962-07-16T12:00:00+00:00,52.5000,-5.5000,13.8677
1962-07-16T12:00:00+00:00,52.5000,-4.5000,13.7616
1962-07-16T12:00:00+00:00,51.5000,-6.5000,15.0901
1962-07-16T12:00:00+00:00,51.5000,-5.5000,14.7756
1962-07-16T12:00:00+00:00,51.5000,-4.5000,14.5619
1962-07-16T12:00:00+00:00,51.5000,-3.5000,14.7224
1962-08-16T12:00:00+00:00,53.5000,-5.5000,13.9792
1962-08-16T12:00:00+00:00,53.5000,-4.5000,13.9174
1962-08-16T12:00:00+00:00,53.5000,-3.5000,13.6873
1962-08-16T12:00:00+00:00,52.5000,-6.5000,14.7960
1962-08-16T12:00:00+00:00,52.5000,-5.5000,14.4309
1962-08-16T12:00:00+00:00,52.5000,-4.5000,14.4028
1962-08-16T12:00:00+00:00,51.5000,-6.5000,15.1696
1962-08-16T12:00:00+00:00,51.5000,-5.5000,15.0012
1962-08-16T12:00:00+00:00,51.5000,-4.5000,14.9889
1962-08-16T12:00:00+00:00,51.5000,-3.5000,15.2683
1962-09-16T00:00:00+00:00,53.5000,-5.5000,14.0508
1962-09-16T00:00:00+00:00,53.5000,-4.5000,14.0124
1962-09-16T00:00:00+00:00,53.5000,-3.5000,13.8559
1962-09-16T00:00:00+00:00,52.5000,-6.5000,14.5521
1962-09-16T00:00:00+00:00,52.5000,-5.5000,14.3468
1962-09-16T00:00:00+00:00,52.5000,-4.5000,14.3491
1962-09-16T00:00:00+00:00,51.5000,-6.5000,14.8020
1962-09-16T00:00:00+00:00,51.5000,-5.5000,14.7258
1962-09-16T00:00:00+00:00,51.5000,-4.5000,14.7762
1962-09-16T00:00:00+00:00,51.5000,-3.5000,15.0658
1962-10-16T12:00:00+00:00,53.5000,-5.5000,13.6057
1962-10-16T12:00:00+00:00,53.5000,-4.5000,13.5203
1962-10-16T12:00:00+00:00,53.5000,-3.5000,13.3645
1962-10-16T12:00:00+00:00,52.5000,-6.5000,13.8747
1962-10-16T12:00:00+00:00,52.5000,-5.5000,13.7421
1962-10-16T12:00:00+00:00,52.5000,-4.5000,13.7114
1962-10-16T12:00:00+00:00,51.5000,-6.5000,14.0099
1962-10-16T12:00:00+00:00,51.5000,-5.5000,13.9431
1962-10-16T12:00:00+00:00,51.5000,-4.5000,14.0087
1962-10-16T12:00:00+00:00,51.5000,-3.5000,14.3672
1962-11-16T00:00:00+00:00,53.5000,-5.5000,11.2630
1962-11-16T00:00:00+00:00,53.5000,-4.5000,11.3661
1962-11-16T00:00:00+00:00,53.5000,-3.5000,11.2143
1962-11-16T00:00:00+00:00,52.5000,-6.5000,11.8409
1962-11-16T00:00:00+00:00,52.5000,-5.5000,11.7917
1962-11-16T00:00:00+00:00,52.5000,-4.5000,11.9038
1962-11-16T00:00:00+00:00,51.5000,-6.5000,11.8953
1962-11-16T00:00:00+00:00,51.5000,-5.5000,12.1024
1962-11-16T00:00:00+00:00,51.5000,-4.5000,12.2599
1962-11-16T00:00:00+00:00,51.5000,-3.5000,12.5156
1962-12-16T12:00:00+00:00,53.5000,-5.5000,10.5063
1962-12-16T12:00:00+00:00,53.5000,-4.5000,10.3310
1962-12-16T12:00:00+00:00,53.5000,-3.5000,9.9648
1962-12-16T12:00:00+00:00,52.5000,-6.5000,10.8618
1962-12-16T12:00:00+00:00,52.5000,-5.5000,10.7402
1962-12-16T12:00:00+00:00,52.5000,-4.5000,10.6478
1962-12-16T12:00:00+00:00,51.5000,-6.5000,10.9299
1962-12-16T12:00:00+00:00,51.5000,-5.5000,10.9416
1962-12-16T12:00:00+00:00,51.5000,-4.5000,10.9342
1962-12-16T12:00:00+00:00,51.5000,-3.5000,11.1547
1963-01-16T12:00:00+00:00,53.5000,-5.5000,8.2007
1963-01-16T12:00:00+00:00,53.5000,-4.5000,7.9537
1963-01-16T12:00:00+00:00,53.5000,-3.5000,7.4468
1963-01-16T12:00:00+00:00,52.5000,-6.5000,8.8087
1963-01-16T12:00:00+00:00,52.5000,-5.5000,8.5507
1963-01-16T12:00:00+00:00,52.5000,-4.5000,8.3862
1963-01-16T12:00:00+00:00,51.5000,-6.5000,9.0262
1963-01-16T12:00:00+00:00,51.5000,-5.5000,8.9195
1963-01-16T12:00:00+00:00,51.5000,-4.5000,8.7618
1963-01-16T12:00:00+00:00,51.5000,-3.5000,8.8041
1963-02-15T00:00:00+00:00,53.5000,-5.5000,6.9919
1963-02-15T00:00:00+00:00,53.5000,-4.5000,6.8506
1963-02-15T00:00:00+00:00,53.5000,-3.5000,6.5697
1963-02-15T00:00:00+00:00,52.5000,-6.5000,7.7884
1963-02-15T00:00:00+00:00,52.5000,-5.5000,7.3701
1963-02-15T00:00:00+00:00,52.5000,-4.5000,7.1827
1963-02-15T00:00:00+00:00,51.5000,-6.5000,8.0126
1963-02-15T00:00:00+00:00,51.5000,-5.5000,7.7225
1963-02-15T00:00:00+00:00,51.5000,-4.5000,7.4145
1963-02-15T00:00:00+00:00,51.5000,-3.5000,7.1566
1963-03-16T12:00:00+00:00,53.5000,-5.5000,6.8386
1963-03-16T12:00:00+00:00,53.5000,-4.5000,6.6659
1963-03-16T12:00:00+00:00,53.5000,-3.5000,6.4351
1963-03-16T12:00:00+00:00,52.5000,-6.5000,7.6791
1963-03-16T12:00:00+00:00,52.5000,-5.5000,7.1401
1963-03-16T12:00:00+00:00,52.5000,-4.5000,6.9179
1963-03-16T12:00:00+00:00,51.5000,-6.5000,8.0408
1963-03-16T12:00:00+00:00,51.5000,-5.5000,7.6332
1963-03-16T12:00:00+00:00,51.5000,-4.5000,7.3453
1963-03-16T12:00:00+00:00,51.5000,-3.5000,7.4200
1963-04-16T00:00:00+00:00,53.5000,-5.5000,7.3277
1963-04-16T00:00:00+00:00,53.5000,-4.5000,7.2893
1963-04-16T00:00:00+00:00,53.5000,-3.5000,7.1293
1963-04-16T00:00:00+00:00,52.5000,-6.5000,8.6237
1963-04-16T00:00:00+00:00,52.5000,-5.5000,7.9303
1963-04-16T00:00:00+00:00,52.5000,-4.5000,7.7681
1963-04-16T00:00:00+00:00,51.5000,-6.5000,8.9304
1963-04-16T00:00:00+00:00,51.5000,-5.5000,8.5401
1963-04-16T00:00:00+00:00,51.5000,-4.5000,8.3006
1963-04-16T00:00:00+00:00,51.5000,-3.5000,8.4000
1963-05-16T12:00:00+00:00,53.5000,-5.5000,8.7793
1963-05-16T12:00:00+00:00,53.5000,-4.5000,8.7428
1963-05-16T12:00:00+00:00,53.5000,-3.5000,8.6974
1963-05-16T12:00:00+00:00,52.5000,-6.5000,9.6710
1963-05-16T12:00:00+00:00,52.5000,-5.5000,9.1343
1963-05-16T12:00:00+00:00,52.5000,-4.5000,9.0376
1963-05-16T12:00:00+00:00,51.5000,-6.5000,10.0395
1963-05-16T12:00:00+00:00,51.5000,-5.5000,9.6857
1963-05-16T12:00:00+00:00,51.5000,-4.5000,9.6039
1963-05-16T12:00:00+00:00,51.5000,-3.5000,9.9923
1963-06-16T00:00:00+00:00,53.5000,-5.5000,11.5268
1963-06-16T00:00:00+00:00,53.5000,-4.5000,11.3731
1963-06-16T00:00:00+00:00,53.5000,-3.5000,11.1766
1963-06-16T00:00:00+00:00,52.5000,-6.5000,12.5130
1963-06-16T00:00:00+00:00,52.5000,-5.5000,11.8894
1963-06-16T00:00:00+00:00,52.5000,-4.5000,11.6924
1963-06-16T00:00:00+00:00,51.5000,-6.5000,12.8398
1963-06-16T00:00:00+00:00,51.5000,-5.5000,12.4425
1963-06-16T00:00:00+00:00,51.5000,-4.5000,12.2826
1963-06-16T00:00:00+00:00,51.5000,-3.5000,12.6329
1963-07-16T12:00:00+00:00,53.5000,-5.5000,13.0724
1963-07-16T12:00:00+00:00,53.5000,-4.5000,13.0128
1963-07-16T12:00:00+00:00,53.5000,-3.5000,12.8566
1963-07-16T12:00:00+00:00,52.5000,-6.5000,14.2318
1963-07-16T12:00:00+00:00,52.5000,-5.5000,13.6082
1963-07-16T12:00:00+00:00,52.5000,-4.5000,13.4810
1963-07-16T12:00:00+00:00,51.5000,-6.5000,14.5493
1963-07-16T12:00:00+00:00,51.5000,-5.5000,14.2205
1963-07-16T12:00:00+00:00,51.5000,-4.5000,14.0974
1963-07-16T12:00:00+00:00,51.5000,-3.5000,14.3604
1963-08-16T12:00:00+00:00,53.5000,-5.5000,13.9743
1963-08-16T12:00:00+00:00,53.5000,-4.5000,13.9283
1963-08-16T12:00:00+00:00,53.5000,-3.5000,13.7492
1963-08-16T12:00:00+00:00,52.5000,-6.5000,14.6640
1963-08-16T12:00:00+00:00,52.5000,-5.5000,14.3564
1963-08-16T12:00:00+00:00,52.5000,-4.5000,14.3545
1963-08-16T12:00:00+00:00,51.5000,-6.5000,14.9615
1963-08-16T12:00:00+00:00,51.5000,-5.5000,14.8466
1963-08-16T12:00:00+00:00,51.5000,-4.5000,14.8850
1963-08-16T12:00:00+00:00,51.5000,-3.5000,15.1560
1963-09-16T00:00:00+00:00,53.5000,-5.5000,13.2519
1963-09-16T00:00:00+00:00,53.5000,-4.5000,13.3460
1963-09-16T00:00:00+00:00,53.5000,-3.5000,13.3038
1963-09-16T00:00:00+00:00,52.5000,-6.5000,13.7868
1963-09-16T00:00:00+00:00,52.5000,-5.5000,13.6520
1963-09-16T00:00:00+00:00,52.5000,-4.5000,13.7737
1963-09-16T00:00:00+00:00,51.5000,-6.5000,14.0023
1963-09-16T00:00:00+00:00,51.5000,-5.5000,14.0176
1963-09-16T00:00:00+00:00,51.5000,-4.5000,14.1984
1963-09-16T00:00:00+00:00,51.5000,-3.5000,14.6029
1963-10-16T12:00:00+00:00,53.5000,-5.5000,13.0376
1963-10-16T12:00:00+00:00,53.5000,-4.5000,13.1394
1963-10-16T12:00:00+00:00,53.5000,-3.5000,13.1968
1963-10-16T12:00:00+00:00,52.5000,-6.5000,13.0875
1963-10-16T12:00:00+00:00,52.5000,-5.5000,13.1753
1963-10-16T12:00:00+00:00,52.5000,-4.5000,13.3014
1963-10-16T12:00:00+00:00,51.5000,-6.5000,13.2506
1963-10-16T12:00:00+00:00,51.5000,-5.5000,13.3504
1963-10-16T12:00:00+00:00,51.5000,-4.5000,13.5137
1963-10-16T12:00:00+00:00,51.5000,-3.5000,13.8112
1963-11-16T00:00:00+00:00,53.5000,-5.5000,11.8459
1963-11-16T00:00:00+00:00,53.5000,-4.5000,11.8498
1963-11-16T00:00:00+00:00,53.5000,-3.5000,11.6432
1963-11-16T00:00:00+00:00,52.5000,-6.5000,11.9258
1963-11-16T00:00:00+00:00,52.5000,-5.5000,12.0901
1963-11-16T00:00:00+00:00,52.5000,-4.5000,12.2012
1963-11-16T00:00:00+00:00,51.5000,-6.5000,12.0244
1963-11-16T00:00:00+00:00,51.5000,-5.5000,12.2861
1963-11-16T00:00:00+00:00,51.5000,-4.5000,12.4751
1963-11-16T00:00:00+00:00,51.5000,-3.5000,12.7324
1963-12-16T12:00:00+00:00,53.5000,-5.5000,10.4416
1963-12-16T12:00:00+00:00,53.5000,-4.5000,10.3262
1963-12-16T12:00:00+00:00,53.5000,-3.5000,9.9959
1963-12-16T12:00:00+00:00,52.5000,-6.5000,10.6020
1963-12-16T12:00:00+00:00,52.5000,-5.5000,10.6557
1963-12-16T12:00:00+00:00,52.5000,-4.5000,10.6538
1963-12-16T12:00:00+00:00,51.5000,-6.5000,10.6772
1963-12-16T12:00:00+00:00,51.5000,-5.5000,10.8577
1963-12-16T12:00:00+00:00,51.5000,-4.5000,10.9328
1963-12-16T12:00:00+00:00,51.5000,-3.5000,11.0970
1964-01-16T12:00:00+00:00,53.5000,-5.5000,9.2251
1964-01-16T12:00:00+00:00,53.5000,-4.5000,9.1249
1964-01-16T12:00:00+00:00,53.5000,-3.5000,8.9257
1964-01-16T12:00:00+00:00,52.5000,-6.5000,9.8729
1964-01-16T12:00:00+00:00,52.5000,-5.5000,9.5364
1964-01-16T12:00:00+00:00,52.5000,-4.5000,9.3917
1964-01-16T12:00:00+00:00,51.5000,-6.5000,10.1183
1964-01-16T12:00:00+00:00,51.5000,-5.5000,9.9368
1964-01-16T12:00:00+00:00,51.5000,-4.5000,9.7563
1964-01-16T12:00:00+00:00,51.5000,-3.5000,9.8691
1964-02-15T12:00:00+00:00,53.5000,-5.5000,8.6025
1964-02-15T12:00:00+00:00,53.5000,-4.5000,8.4383
1964-02-15T12:00:00+00:00,53.5000,-3.5000,8.0029
1964-02-15T12:00:00+00:00,52.5000,-6.5000,9.2869
1964-02-15T12:00:00+00:00,52.5000,-5.5000,9.0376
1964-02-15T12:00:00+00:00,52.5000,-4.5000,8.9182
1964-02-15T12:00:00+00:00,51.5000,-6.5000,9.5211
1964-02-15T12:00:00+00:00,51.5000,-5.5000,9.4797
1964-02-15T12:00:00+00:00,51.5000,-4.5000,9.3347
1964-02-15T12:00:00+00:00,51.5000,-3.5000,9.3549
1964-03-16T12:00:00+00:00,53.5000,-5.5000,8.3287
1964-03-16T12:00:00+00:00,53.5000,-4.5000,8.1040
1964-03-16T12:00:00+00:00,53.5000,-3.5000,7.7425
1964-03-16T12:00:00+00:00,52.5000,-6.5000,9.0116
1964-03-16T12:00:00+00:00,52.5000,-5.5000,8.6082
1964-03-16T12:00:00+00:00,52.5000,-4.5000,8.3908
1964-03-16T12:00:00+00:00,51.5000,-6.5000,9.3086
1964-03-16T12:00:00+00:00,51.5000,-5.5000,9.0542
1964-03-16T12:00:00+00:00,51.5000,-4.5000,8.7850
1964-03-16T12:00:00+00:00,51.5000,-3.5000,8.7515
1964-04-16T00:00:00+00:00,53.5000,-5.5000,8.6468
1964-04-16T00:00:00+00:00,53.5000,-4.5000,8.5163
1964-04-16T00:00:00+00:00,53.5000,-3.5000,8.2130
1964-04-16T00:00:00+00:00,52.5000,-6.5000,9.2524
1964-04-16T00:00:00+00:00,52.5000,-5.5000,8.9776
1964-04-16T00:00:00+00:00,52.5000,-4.5000,8.8755
1964-04-16T00:00:00+00:00,51.5000,-6.5000,9.5451
1964-04-16T00:00:00+00:00,51.5000,-5.5000,9.4040
1964-04-16T00:00:00+00:00,51.5000,-4.5000,9.2439
1964-04-16T00:00:00+00:00,51.5000,-3.5000,9.1898
1964-05-16T12:00:00+00:00,53.5000,-5.5000,10.2482
1964-05-16T12:00:00+00:00,53.5000,-4.5000,10.1745
1964-05-16T12:00:00+00:00,53.5000,-3.5000,10.0366
1964-05-16T12:00:00+00:00,52.5000,-6.5000,11.2168
1964-05-16T12:00:00+00:00,52.5000,-5.5000,10.6585
1964-05-16T12:00:00+00:00,52.5000,-4.5000,10.5175
1964-05-16T12:00:00+00:00,51.5000,-6.5000,11.4826
1964-05-16T12:00:00+00:00,51.5000,-5.5000,11.1682
1964-05-16T12:00:00+00:00,51.5000,-4.5000,11.0257
1964-05-16T12:00:00+00:00,51.5000,-3.5000,11.2314
1964-06-16T00:00:00+00:00,53.5000,-5.5000,11.8577
1964-06-16T00:00:00+00:00,53.5000,-4.5000,11.9264
1964-06-16T00:00:00+00:00,53.5000,-3.5000,11.8830
1964-06-16T00:00:00+00:00,52.5000,-6.5000,13.1083
1964-06-16T00:00:00+00:00,52.5000,-5.5000,12.5073
1964-06-16T00:00:00+00:00,52.5000,-4.5000,12.4370
1964-06-16T00:00:00+00:00,51.5000,-6.5000,13.5078
1964-06-16T00:00:00+00:00,51.5000,-5.5000,13.2775
1964-06-16T00:00:00+00:00,51.5000,-4.5000,13.1568
1964-06-16T00:00:00+00:00,51.5000,-3.5000,13.4465
1964-07-16T12:00:00+00:00,53.5000,-5.5000,13.1602
1964-07-16T12:00:00+00:00,53.5000,-4.5000,13.1895
1964-07-16T12:00:00+00:00,53.5000,-3.5000,12.8967
1964-07-16T12:00:00+00:00,52.5000,-6.5000,15.1150
1964-07-16T12:00:00+00:00,52.5000,-5.5000,14.2431
1964-07-16T12:00:00+00:00,52.5000,-4.5000,14.1228
1964-07-16T12:00:00+00:00,51.5000,-6.5000,15.4904
1964-07-16T12:00:00+00:00,51.5000,-5.5000,15.2273
1964-07-16T12:00:00+00:00,51.5000,-4.5000,15.0769
1964-07-16T12:00:00+00:00,51.5000,-3.5000,15.4164
1964-08-16T12:00:00+00:00,53.5000,-5.5000,14.3554
1964-08-16T12:00:00+00:00,53.5000,-4.5000,14.3952
1964-08-16T12:00:00+00:00,53.5000,-3.5000,14.2183
1964-08-16T12:00:00+00:00,52.5000,-6.5000,15.8541
1964-08-16T12:00:00+00:00,52.5000,-5.5000,15.1665
1964-08-16T12:00:00+00:00,52.5000,-4.5000,15.0840
1964-08-16T12:00:00+00:00,51.5000,-6.5000,16.1949
1964-08-16T12:00:00+00:00,51.5000,-5.5000,15.9632
1964-08-16T12:00:00+00:00,51.5000,-4.5000,15.8533
1964-08-16T12:00:00+00:00,51.5000,-3.5000,16.1594
1964-09-16T00:00:00+00:00,53.5000,-5.5000,14.4407
1964-09-16T00:00:00+00:00,53.5000,-4.5000,14.5591
1964-09-16T00:00:00+00:00,53.5000,-3.5000,14.5240
1964-09-16T00:00:00+00:00,52.5000,-6.5000,15.4919
1964-09-16T00:00:00+00:00,52.5000,-5.5000,15.0662
1964-09-16T00:00:00+00:00,52.5000,-4.5000,15.0721
1964-09-16T00:00:00+00:00,51.5000,-6.5000,15.7222
1964-09-16T00:00:00+00:00,51.5000,-5.5000,15.6026
1964-09-16T00:00:00+00:00,51.5000,-4.5000,15.5793
1964-09-16T00:00:00+00:00,51.5000,-3.5000,15.8262
1964-10-16T12:00:00+00:00,53.5000,-5.5000,13.3556
1964-10-16T12:00:00+00:00,53.5000,-4.5000,13.4269
1964-10-16T12:00:00+00:00,53.5000,-3.5000,13.3805
1964-10-16T12:00:00+00:00,52.5000,-6.5000,13.6382
1964-10-16T12:00:00+00:00,52.5000,-5.5000,13.6275
1964-10-16T12:00:00+00:00,52.5000,-4.5000,13.7462
1964-10-16T12:00:00+00:00,51.5000,-6.5000,13.7543
1964-10-16T12:00:00+00:00,51.5000,-5.5000,13.8372
1964-10-16T12:00:00+00:00,51.5000,-4.5000,14.0264
1964-10-16T12:00:00+00:00,51.5000,-3.5000,14.3533
1964-11-16T00:00:00+00:00,53.5000,-5.5000,12.2690
1964-11-16T00:00:00+00:00,53.5000,-4.5000,12.1746
1964-11-16T00:00:00+00:00,53.5000,-3.5000,11.9498
1964-11-16T00:00:00+00:00,52.5000,-6.5000,12.2475
1964-11-16T00:00:00+00:00,52.5000,-5.5000,12.3497
1964-11-16T00:00:00+00:00,52.5000,-4.5000,12.3698
1964-11-16T00:00:00+00:00,51.5000,-6.5000,12.2716
1964-11-16T00:00:00+00:00,51.5000,-5.5000,12.3999
1964-11-16T00:00:00+00:00,51.5000,-4.5000,12.5120
1964-11-16T00:00:00+00:00,51.5000,-3.5000,12.6856
1964-12-16T12:00:00+00:00,53.5000,-5.5000,10.8388
1964-12-16T12:00:00+00:00,53.5000,-4.5000,10.9302
1964-12-16T12:00:00+00:00,53.5000,-3.5000,10.9600
1964-12-16T12:00:00+00:00,52.5000,-6.5000,11.0795
1964-12-16T12:00:00+00:00,52.5000,-5.5000,11.0704
1964-12-16T12:00:00+00:00,52.5000,-4.5000,11.1240
1964-12-16T12:00:00+00:00,51.5000,-6.5000,11.0889
1964-12-16T12:00:00+00:00,51.5000,-5.5000,11.2189
1964-12-16T12:00:00+00:00,51.5000,-4.5000,11.2692
1964-12-16T12:00:00+00:00,51.5000,-3.5000,11.3171
1965-01-16T12:00:00+00:00,53.5000,-5.5000,9.2688
1965-01-16T12:00:00+00:00,53.5000,-4.5000,9.2640
1965-01-16T12:00:00+00:00,53.5000,-3.5000,9.0815
1965-01-16T12:00:00+00:00,52.5000,-6.5000,9.6296
1965-01-16T12:00:00+00:00,52.5000,-5.5000,9.5926
1965-01-16T12:00:00+00:00,52.5000,-4.5000,9.5926
1965-01-16T12:00:00+00:00,51.5000,-6.5000,9.7480
1965-01-16T12:00:00+00:00,51.5000,-5.5000,9.8754
1965-01-16T12:00:00+00:00,51.5000,-4.5000,9.8569
1965-01-16T12:00:00+00:00,51.5000,-3.5000,9.9158
1965-02-15T00:00:00+00:00,53.5000,-5.5000,7.7957
1965-02-15T00:00:00+00:00,53.5000,-4.5000,7.8147
1965-02-15T00:00:00+00:00,53.5000,-3.5000,7.6870
1965-02-15T00:00:00+00:00,52.5000,-6.5000,8.5577
1965-02-15T00:00:00+00:00,52.5000,-5.5000,8.2584
1965-02-15T00:00:00+00:00,52.5000,-4.5000,8.1907
1965-02-15T00:00:00+00:00,51.5000,-6.5000,8.7140
1965-02-15T00:00:00+00:00,51.5000,-5.5000,8.6510
1965-02-15T00:00:00+00:00,51.5000,-4.5000,8.4971
1965-02-15T00:00:00+00:00,51.5000,-3.5000,8.4348
1965-03-16T12:00:00+00:00,53.5000,-5.5000,7.5241
1965-03-16T12:00:00+00:00,53.5000,-4.5000,7.4516
1965-03-16T12:00:00+00:00,53.5000,-3.5000,7.3230
1965-03-16T12:00:00+00:00,52.5000,-6.5000,8.3318
1965-03-16T12:00:00+00:00,52.5000,-5.5000,7.8688
1965-03-16T12:00:00+00:00,52.5000,-4.5000,7.7170
1965-03-16T12:00:00+00:00,51.5000,-6.5000,8.6103
1965-03-16T12:00:00+00:00,51.5000,-5.5000,8.2814
1965-03-16T12:00:00+00:00,51.5000,-4.5000,8.0587
1965-03-16T12:00:00+00:00,51.5000,-3.5000,8.1548
1965-04-16T00:00:00+00:00,53.5000,-5.5000,8.7056
1965-04-16T00:00:00+00:00,53.5000,-4.5000,8.6080
1965-04-16T00:00:00+00:00,53.5000,-3.5000,8.5043
1965-04-16T00:00:00+00:00,52.5000,-6.5000,9.3490
1965-04-16T00:00:00+00:00,52.5000,-5.5000,8.9267
1965-04-16T00:00:00+00:00,52.5000,-4.5000,8.7564
1965-04-16T00:00:00+00:00,51.5000,-6.5000,9.5346
1965-04-16T00:00:00+00:00,51.5000,-5.5000,9.2179
1965-04-16T00:00:00+00:00,51.5000,-4.5000,9.0173
1965-04-16T00:00:00+00:00,51.5000,-3.5000,9.1478
1965-05-16T12:00:00+00:00,53.5000,-5.5000,9.7862
1965-05-16T12:00:00+00:00,53.5000,-4.5000,9.7915
1965-05-16T12:00:00+00:00,53.5000,-3.5000,9.7349
1965-05-16T12:00:00+00:00,52.5000,-6.5000,10.9443
1965-05-16T12:00:00+00:00,52.5000,-5.5000,10.3118
1965-05-16T12:00:00+00:00,52.5000,-4.5000,10.1656
1965-05-16T12:00:00+00:00,51.5000,-6.5000,11.1390
1965-05-16T12:00:00+00:00,51.5000,-5.5000,10.7747
1965-05-16T12:00:00+00:00,51.5000,-4.5000,10.5870
1965-05-16T12:00:00+00:00,51.5000,-3.5000,10.7722
1965-06-16T00:00:00+00:00,53.5000,-5.5000,11.9031
1965-06-16T00:00:00+00:00,53.5000,-4.5000,11.8795
1965-06-16T00:00:00+00:00,53.5000,-3.5000,11.8686
1965-06-16T00:00:00+00:00,52.5000,-6.5000,13.1478
1965-06-16T00:00:00+00:00,52.5000,-5.5000,12.3909
1965-06-16T00:00:00+00:00,52.5000,-4.5000,12.1821
1965-06-16T00:00:00+00:00,51.5000,-6.5000,13.4934
1965-06-16T00:00:00+00:00,51.5000,-5.5000,13.0287
1965-06-16T00:00:00+00:00,51.5000,-4.5000,12.7621
1965-06-16T00:00:00+00:00,51.5000,-3.5000,12.9966
1965-07-16T12:00:00+00:00,53.5000,-5.5000,13.4492
1965-07-16T12:00:00+00:00,53.5000,-4.5000,13.4787
1965-07-16T12:00:00+00:00,53.5000,-3.5000,13.4770
1965-07-16T12:00:00+00:00,52.5000,-6.5000,14.7631
1965-07-16T12:00:00+00:00,52.5000,-5.5000,14.0388
1965-07-16T12:00:00+00:00,52.5000,-4.5000,13.8641
1965-07-16T12:00:00+00:00,51.5000,-6.5000,15.1857
1965-07-16T12:00:00+00:00,51.5000,-5.5000,14.7972
1965-07-16T12:00:00+00:00,51.5000,-4.5000,14.5076
1965-07-16T12:00:00+00:00,51.5000,-3.5000,14.6047
1965-08-16T12:00:00+00:00,53.5000,-5.5000,14.2923
1965-08-16T12:00:00+00:00,53.5000,-4.5000,14.2840
1965-08-16T12:00:00+00:00,53.5000,-3.5000,14.1536
1965-08-16T12:00:00+00:00,52.5000,-6.5000,15.4735
1965-08-16T12:00:00+00:00,52.5000,-5.5000,14.8738
1965-08-16T12:00:00+00:00,52.5000,-4.5000,14.7557
1965-08-16T12:00:00+00:00,51.5000,-6.5000,15.7515
1965-08-16T12:00:00+00:00,51.5000,-5.5000,15.4476
1965-08-16T12:00:00+00:00,51.5000,-4.5000,15.2882
1965-08-16T12:00:00+00:00,51.5000,-3.5000,15.4698
1965-09-16T00:00:00+00:00,53.5000,-5.5000,13.7035
1965-09-16T00:00:00+00:00,53.5000,-4.5000,13.7683
1965-09-16T00:00:00+00:00,53.5000,-3.5000,13.8853
1965-09-16T00:00:00+00:00,52.5000,-6.5000,13.8897
1965-09-16T00:00:00+00:00,52.5000,-5.5000,13.7925
1965-09-16T00:00:00+00:00,52.5000,-4.5000,13.8595
1965-09-16T00:00:00+00:00,51.5000,-6.5000,14.0726
1965-09-16T00:00:00+00:00,51.5000,-5.5000,13.9938
1965-09-16T00:00:00+00:00,51.5000,-4.5000,14.1409
1965-09-16T00:00:00+00:00,51.5000,-3.5000,14.6138
1965-10-16T12:00:00+00:00,53.5000,-5.5000,13.4722
1965-10-16T12:00:00+00:00,53.5000,-4.5000,13.5422
1965-10-16T12:00:00+00:00,53.5000,-3.5000,13.6166
1965-10-16T12:00:00+00:00,52.5000,-6.5000,13.7212
1965-10-16T12:00:00+00:00,52.5000,-5.5000,13.6258
1965-10-16T12:00:00+00:00,52.5000,-4.5000,13.6812
1965-10-16T12:00:00+00:00,51.5000,-6.5000,13.7752
1965-10-16T12:00:00+00:00,51.5000,-5.5000,13.7631
1965-10-16T12:00:00+00:00,51.5000,-4.5000,13.8916
1965-10-16T12:00:00+00:00,51.5000,-3.5000,14.2270
1965-11-16T00:00:00+00:00,53.5000,-5.5000,11.4360
1965-11-16T00:00:00+00:00,53.5000,-4.5000,11.4790
1965-11-16T00:00:00+00:00,53.5000,-3.5000,11.4784
1965-11-16T00:00:00+00:00,52.5000,-6.5000,11.7625
1965-11-16T00:00:00+00:00,52.5000,-5.5000,11.6536
1965-11-16T00:00:00+00:00,52.5000,-4.5000,11.6804
1965-11-16T00:00:00+00:00,51.5000,-6.5000,11.8575
1965-11-16T00:00:00+00:00,51.5000,-5.5000,11.8632
1965-11-16T00:00:00+00:00,51.5000,-4.5000,11.9706
1965-11-16T00:00:00+00:00,51.5000,-3.5000,12.4041
1965-12-16T12:00:00+00:00,53.5000,-5.5000,9.9421
1965-12-16T12:00:00+00:00,53.5000,-4.5000,9.7839
1965-12-16T12:00:00+00:00,53.5000,-3.5000,9.4949
1965-12-16T12:00:00+00:00,52.5000,-6.5000,10.0090
1965-12-16T12:00:00+00:00,52.5000,-5.5000,10.0242
1965-12-16T12:00:00+00:00,52.5000,-4.5000,9.9856
1965-12-16T12:00:00+00:00,51.5000,-6.5000,10.1688
1965-12-16T12:00:00+00:00,51.5000,-5.5000,10.2378
1965-12-16T12:00:00+00:00,51.5000,-4.5000,10.3108
1965-12-16T12:00:00+00:00,51.5000,-3.5000,10.6778
1966-01-16T12:00:00+00:00,53.5000,-5.5000,8.3508
1966-01-16T12:00:00+00:00,53.5000,-4.5000,8.2852
1966-01-16T12:00:00+00:00,53.5000,-3.5000,7.9785
1966-01-16T12:00:00+00:00,52.5000,-6.5000,9.2581
1966-01-16T12:00:00+00:00,52.5000,-5.5000,8.9026
1966-01-16T12:00:00+00:00,52.5000,-4.5000,8.8305
1966-01-16T12:00:00+00:00,51.5000,-6.5000,9.4653
1966-01-16T12:00:00+00:00,51.5000,-5.5000,9.3857
1966-01-16T12:00:00+00:00,51.5000,-4.5000,9.3405
1966-01-16T12:00:00+00:00,51.5000,-3.5000,9.6589
1966-02-15T00:00:00+00:00,53.5000,-5.5000,8.2020
1966-02-15T00:00:00+00:00,53.5000,-4.5000,8.1360
1966-02-15T00:00:00+00:00,53.5000,-3.5000,7.7713
1966-02-15T00:00:00+00:00,52.5000,-6.5000,9.1670
1966-02-15T00:00:00+00:00,52.5000,-5.5000,8.8237
1966-02-15T00:00:00+00:00,52.5000,-4.5000,8.7648
1966-02-15T00:00:00+00:00,51.5000,-6.5000,9.4266
1966-02-15T00:00:00+00:00,51.5000,-5.5000,9.3800
1966-02-15T00:00:00+00:00,51.5000,-4.5000,9.3345
1966-02-15T00:00:00+00:00,51.5000,-3.5000,9.6586
1966-03-16T12:00:00+00:00,53.5000,-5.5000,8.4190
1966-03-16T12:00:00+00:00,53.5000,-4.5000,8.3542
1966-03-16T12:00:00+00:00,53.5000,-3.5000,7.9417
1966-03-16T12:00:00+00:00,52.5000,-6.5000,9.4604
1966-03-16T12:00:00+00:00,52.5000,-5.5000,9.1069
1966-03-16T12:00:00+00:00,52.5000,-4.5000,9.0836
1966-03-16T12:00:00+00:00,51.5000,-6.5000,9.6690
1966-03-16T12:00:00+00:00,51.5000,-5.5000,9.6766
1966-03-16T12:00:00+00:00,51.5000,-4.5000,9.6655
1966-03-16T12:00:00+00:00,51.5000,-3.5000,9.8417
1966-04-16T00:00:00+00:00,53.5000,-5.5000,8.5790
1966-04-16T00:00:00+00:00,53.5000,-4.5000,8.5624
1966-04-16T00:00:00+00:00,53.5000,-3.5000,8.1529
1966-04-16T00:00:00+00:00,52.5000,-6.5000,9.6349
1966-04-16T00:00:00+00:00,52.5000,-5.5000,9.3350
1966-04-16T00:00:00+00:00,52.5000,-4.5000,9.3709
1966-04-16T00:00:00+00:00,51.5000,-6.5000,9.9212
1966-04-16T00:00:00+00:00,51.5000,-5.5000,9.9955
1966-04-16T00:00:00+00:00,51.5000,-4.5000,10.0412
1966-04-16T00:00:00+00:00,51.5000,-3.5000,10.2865
1966-05-16T12:00:00+00:00,53.5000,-5.5000,9.8455
1966-05-16T12:00:00+00:00,53.5000,-4.5000,9.8725
1966-05-16T12:00:00+00:00,53.5000,-3.5000,9.7111
1966-05-16T12:00:00+00:00,52.5000,-6.5000,10.7874
1966-05-16T12:00:00+00:00,52.5000,-5.5000,10.4097
1966-05-16T12:00:00+00:00,52.5000,-4.5000,10.4154
1966-05-16T12:00:00+00:00,51.5000,-6.5000,11.1370
1966-05-16T12:00:00+00:00,51.5000,-5.5000,11.0706
1966-05-16T12:00:00+00:00,51.5000,-4.5000,11.1081
1966-05-16T12:00:00+00:00,51.5000,-3.5000,11.5455
1966-06-16T00:00:00+00:00,53.5000,-5.5000,12.4864
1966-06-16T00:00:00+00:00,53.5000,-4.5000,12.4937
1966-06-16T00:00:00+00:00,53.5000,-3.5000,12.1087
1966-06-16T00:00:00+00:00,52.5000,-6.5000,13.5823
1966-06-16T00:00:00+00:00,52.5000,-5.5000,13.2822
1966-06-16T00:00:00+00:00,52.5000,-4.5000,13.3130
1966-06-16T00:00:00+00:00,51.5000,-6.5000,13.7918
1966-06-16T00:00:00+00:00,51.5000,-5.5000,13.9555
1966-06-16T00:00:00+00:00,51.5000,-4.5000,13.9825
1966-06-16T00:00:00+00:00,51.5000,-3.5000,14.0356
1966-07-16T12:00:00+00:00,53.5000,-5.5000,14.0822
1966-07-16T12:00:00+00:00,53.5000,-4.5000,14.0724
1966-07-16T12:00:00+00:00,53.5000,-3.5000,13.9075
1966-07-16T12:00:00+00:00,52.5000,-6.5000,15.7363
1966-07-16T12:00:00+00:00,52.5000,-5.5000,14.8851
1966-07-16T12:00:00+00:00,52.5000,-4.5000,14.7098
1966-07-16T12:00:00+00:00,51.5000,-6.5000,16.0052
1966-07-16T12:00:00+00:00,51.5000,-5.5000,15.6253
1966-07-16T12:00:00+00:00,51.5000,-4.5000,15.4401
1966-07-16T12:00:00+00:00,51.5000,-3.5000,15.7655
1966-08-16T12:00:00+00:00,53.5000,-5.5000,14.7699
1966-08-16T12:00:00+00:00,53.5000,-4.5000,14.7337
1966-08-16T12:00:00+00:00,53.5000,-3.5000,14.6238
1966-08-16T12:00:00+00:00,52.5000,-6.5000,15.8324
1966-08-16T12:00:00+00:00,52.5000,-5.5000,15.2487
1966-08-16T12:00:00+00:00,52.5000,-4.5000,15.1353
1966-08-16T12:00:00+00:00,51.5000,-6.5000,16.1164
1966-08-16T12:00:00+00:00,51.5000,-5.5000,15.8264
1966-08-16T12:00:00+00:00,51.5000,-4.5000,15.7325
1966-08-16T12:00:00+00:00,51.5000,-3.5000,16.0673
1966-09-16T00:00:00+00:00,53.5000,-5.5000,15.0050
1966-09-16T00:00:00+00:00,53.5000,-4.5000,15.0522
1966-09-16T00:00:00+00:00,53.5000,-3.5000,14.9974
1966-09-16T00:00:00+00:00,52.5000,-6.5000,15.5840
1966-09-16T00:00:00+00:00,52.5000,-5.5000,15.3655
1966-09-16T00:00:00+00:00,52.5000,-4.5000,15.3882
1966-09-16T00:00:00+00:00,51.5000,-6.5000,15.8141
1966-09-16T00:00:00+00:00,51.5000,-5.5000,15.7804
1966-09-16T00:00:00+00:00,51.5000,-4.5000,15.8288
1966-09-16T00:00:00+00:00,51.5000,-3.5000,16.1406
1966-10-16T12:00:00+00:00,53.5000,-5.5000,13.7009
1966-10-16T12:00:00+00:00,53.5000,-4.5000,13.8287
1966-10-16T12:00:00+00:00,53.5000,-3.5000,13.8229
1966-10-16T12:00:00+00:00,52.5000,-6.5000,14.3459
1966-10-16T12:00:00+00:00,52.5000,-5.5000,14.1565
1966-10-16T12:00:00+00:00,52.5000,-4.5000,14.2523
1966-10-16T12:00:00+00:00,51.5000,-6.5000,14.4309
1966-10-16T12:00:00+00:00,51.5000,-5.5000,14.4822
1966-10-16T12:00:00+00:00,51.5000,-4.5000,14.6392
1966-10-16T12:00:00+00:00,51.5000,-3.5000,15.0040
1966-11-16T00:00:00+00:00,53.5000,-5.5000,11.7703
1966-11-16T00:00:00+00:00,53.5000,-4.5000,11.7608
1966-11-16T00:00:00+00:00,53.5000,-3.5000,11.6558
1966-11-16T00:00:00+00:00,52.5000,-6.5000,11.9446
1966-11-16T00:00:00+00:00,52.5000,-5.5000,11.9442
1966-11-16T00:00:00+00:00,52.5000,-4.5000,11.9784
1966-11-16T00:00:00+00:00,51.5000,-6.5000,11.9393
1966-11-16T00:00:00+00:00,51.5000,-5.5000,12.0619
1966-11-16T00:00:00+00:00,51.5000,-4.5000,12.2037
1966-11-16T00:00:00+00:00,51.5000,-3.5000,12.5283
1966-12-16T12:00:00+00:00,53.5000,-5.5000,9.4937
1966-12-16T12:00:00+00:00,53.5000,-4.5000,9.5676
1966-12-16T12:00:00+00:00,53.5000,-3.5000,9.3401
1966-12-16T12:00:00+00:00,52.5000,-6.5000,10.4845
1966-12-16T12:00:00+00:00,52.5000,-5.5000,10.2066
1966-12-16T12:00:00+00:00,52.5000,-4.5000,10.2375
1966-12-16T12:00:00+00:00,51.5000,-6.5000,10.5205
1966-12-16T12:00:00+00:00,51.5000,-5.5000,10.5847
1966-12-16T12:00:00+00:00,51.5000,-4.5000,10.6399
1966-12-16T12:00:00+00:00,51.5000,-3.5000,10.8963
1967-01-16T12:00:00+00:00,53.5000,-5.5000,9.0024
1967-01-16T12:00:00+00:00,53.5000,-4.5000,8.9939
1967-01-16T12:00:00+00:00,53.5000,-3.5000,8.7615
1967-01-16T12:00:00+00:00,52.5000,-6.5000,9.8946
1967-01-16T12:00:00+00:00,52.5000,-5.5000,9.5662
1967-01-16T12:00:00+00:00,52.5000,-4.5000,9.5219
1967-01-16T12:00:00+00:00,51.5000,-6.5000,9.9850
1967-01-16T12:00:00+00:00,51.5000,-5.5000,9.9272
1967-01-16T12:00:00+00:00,51.5000,-4.5000,9.8841
1967-01-16T12:00:00+00:00,51.5000,-3.5000,10.0546
1967-02-15T00:00:00+00:00,53.5000,-5.5000,8.9117
1967-02-15T00:00:00+00:00,53.5000,-4.5000,8.7373
1967-02-15T00:00:00+00:00,53.5000,-3.5000,8.3913
1967-02-15T00:00:00+00:00,52.5000,-6.5000,9.4405
1967-02-15T00:00:00+00:00,52.5000,-5.5000,9.1964
1967-02-15T00:00:00+00:00,52.5000,-4.5000,9.0974
1967-02-15T00:00:00+00:00,51.5000,-6.5000,9.6160
1967-02-15T00:00:00+00:00,51.5000,-5.5000,9.5370
1967-02-15T00:00:00+00:00,51.5000,-4.5000,9.5098
1967-02-15T00:00:00+00:00,51.5000,-3.5000,9.7987
1967-03-16T12:00:00+00:00,53.5000,-5.5000,8.5724
1967-03-16T12:00:00+00:00,53.5000,-4.5000,8.4824
1967-03-16T12:00:00+00:00,53.5000,-3.5000,8.2889
1967-03-16T12:00:00+00:00,52.5000,-6.5000,9.1218
1967-03-16T12:00:00+00:00,52.5000,-5.5000,8.8493
1967-03-16T12:00:00+00:00,52.5000,-4.5000,8.7785
1967-03-16T12:00:00+00:00,51.5000,-6.5000,9.2910
1967-03-16T12:00:00+00:00,51.5000,-5.5000,9.1720
1967-03-16T12:00:00+00:00,51.5000,-4.5000,9.1497
1967-03-16T12:00:00+00:00,51.5000,-3.5000,9.4751
1967-04-16T00:00:00+00:00,53.5000,-5.5000,8.6463
1967-04-16T00:00:00+00:00,53.5000,-4.5000,8.6636
1967-04-16T00:00:00+00:00,53.5000,-3.5000,8.4638
1967-04-16T00:00:00+00:00,52.5000,-6.5000,9.7858
1967-04-16T00:00:00+00:00,52.5000,-5.5000,9.3030
1967-04-16T00:00:00+00:00,52.5000,-4.5000,9.2418
1967-04-16T00:00:00+00:00,51.5000,-6.5000,9.8866
1967-04-16T00:00:00+00:00,51.5000,-5.5000,9.7675
1967-04-16T00:00:00+00:00,51.5000,-4.5000,9.6905
1967-04-16T00:00:00+00:00,51.5000,-3.5000,9.8353
1967-05-16T12:00:00+00:00,53.5000,-5.5000,9.5931
1967-05-16T12:00:00+00:00,53.5000,-4.5000,9.5553
1967-05-16T12:00:00+00:00,53.5000,-3.5000,9.4038
1967-05-16T12:00:00+00:00,52.5000,-6.5000,10.5542
1967-05-16T12:00:00+00:00,52.5000,-5.5000,10.0635
1967-05-16T12:00:00+00:00,52.5000,-4.5000,9.9654
1967-05-16T12:00:00+00:00,51.5000,-6.5000,10.7631
1967-05-16T12:00:00+00:00,51.5000,-5.5000,10.5356
1967-05-16T12:00:00+00:00,51.5000,-4.5000,10.4652
1967-05-16T12:00:00+00:00,51.5000,-3.5000,10.7922
1967-06-16T00:00:00+00:00,53.5000,-5.5000,12.4307
1967-06-16T00:00:00+00:00,53.5000,-4.5000,12.3767
1967-06-16T00:00:00+00:00,53.5000,-3.5000,12.2009
1967-06-16T00:00:00+00:00,52.5000,-6.5000,13.6500
1967-06-16T00:00:00+00:00,52.5000,-5.5000,13.0066
1967-06-16T00:00:00+00:00,52.5000,-4.5000,12.8348
1967-06-16T00:00:00+00:00,51.5000,-6.5000,13.9487
1967-06-16T00:00:00+00:00,51.5000,-5.5000,13.6256
1967-06-16T00:00:00+00:00,51.5000,-4.5000,13.4262
1967-06-16T00:00:00+00:00,51.5000,-3.5000,13.6761
1967-07-16T12:00:00+00:00,53.5000,-5.5000,13.7149
1967-07-16T12:00:00+00:00,53.5000,-4.5000,13.7651
1967-07-16T12:00:00+00:00,53.5000,-3.5000,13.7470
1967-07-16T12:00:00+00:00,52.5000,-6.5000,14.5721
1967-07-16T12:00:00+00:00,52.5000,-5.5000,14.1741
1967-07-16T12:00:00+00:00,52.5000,-4.5000,14.1783
1967-07-16T12:00:00+00:00,51.5000,-6.5000,15.0310
1967-07-16T12:00:00+00:00,51.5000,-5.5000,14.8840
1967-07-16T12:00:00+00:00,51.5000,-4.5000,14.9429
1967-07-16T12:00:00+00:00,51.5000,-3.5000,15.6082
1967-08-16T12:00:00+00:00,53.5000,-5.5000,14.8963
1967-08-16T12:00:00+00:00,53.5000,-4.5000,14.8374
1967-08-16T12:00:00+00:00,53.5000,-3.5000,14.6610
1967-08-16T12:00:00+00:00,52.5000,-6.5000,15.6079
1967-08-16T12:00:00+00:00,52.5000,-5.5000,15.2660
1967-08-16T12:00:00+00:00,52.5000,-4.5000,15.2260
1967-08-16T12:00:00+00:00,51.5000,-6.5000,15.9746
1967-08-16T12:00:00+00:00,51.5000,-5.5000,15.8350
1967-08-16T12:00:00+00:00,51.5000,-4.5000,15.8369
1967-08-16T12:00:00+00:00,51.5000,-3.5000,16.2268
1967-09-16T00:00:00+00:00,53.5000,-5.5000,14.3075
1967-09-16T00:00:00+00:00,53.5000,-4.5000,14.3975
1967-09-16T00:00:00+00:00,53.5000,-3.5000,14.4250
1967-09-16T00:00:00+00:00,52.5000,-6.5000,14.2533
1967-09-16T00:00:00+00:00,52.5000,-5.5000,14.4176
1967-09-16T00:00:00+00:00,52.5000,-4.5000,14.6107
1967-09-16T00:00:00+00:00,51.5000,-6.5000,14.4186
1967-09-16T00:00:00+00:00,51.5000,-5.5000,14.6582
1967-09-16T00:00:00+00:00,51.5000,-4.5000,14.9687
1967-09-16T00:00:00+00:00,51.5000,-3.5000,15.4045
1967-10-16T12:00:00+00:00,53.5000,-5.5000,13.0702
1967-10-16T12:00:00+00:00,53.5000,-4.5000,13.1691
1967-10-16T12:00:00+00:00,53.5000,-3.5000,13.2086
1967-10-16T12:00:00+00:00,52.5000,-6.5000,13.1615
1967-10-16T12:00:00+00:00,52.5000,-5.5000,13.2347
1967-10-16T12:00:00+00:00,52.5000,-4.5000,13.3821
1967-10-16T12:00:00+00:00,51.5000,-6.5000,13.2398
1967-10-16T12:00:00+00:00,51.5000,-5.5000,13.4097
1967-10-16T12:00:00+00:00,51.5000,-4.5000,13.6594
1967-10-16T12:00:00+00:00,51.5000,-3.5000,14.0548
1967-11-16T00:00:00+00:00,53.5000,-5.5000,11.6282
1967-11-16T00:00:00+00:00,53.5000,-4.5000,11.7242
1967-11-16T00:00:00+00:00,53.5000,-3.5000,11.7852
1967-11-16T00:00:00+00:00,52.5000,-6.5000,11.3119
1967-11-16T00:00:00+00:00,52.5000,-5.5000,11.6238
1967-11-16T00:00:00+00:00,52.5000,-4.5000,11.7998
1967-11-16T00:00:00+00:00,51.5000,-6.5000,11.3312
1967-11-16T00:00:00+00:00,51.5000,-5.5000,11.6850
1967-11-16T00:00:00+00:00,51.5000,-4.5000,11.9655
1967-11-16T00:00:00+00:00,51.5000,-3.5000,12.2702
1967-12-16T12:00:00+00:00,53.5000,-5.5000,10.6597
1967-12-16T12:00:00+00:00,53.5000,-4.5000,10.6231
1967-12-16T12:00:00+00:00,53.5000,-3.5000,10.5622
1967-12-16T12:00:00+00:00,52.5000,-6.5000,10.5192
1967-12-16T12:00:00+00:00,52.5000,-5.5000,10.6411
1967-12-16T12:00:00+00:00,52.5000,-4.5000,10.6682
1967-12-16T12:00:00+00:00,51.5000,-6.5000,10.5422
1967-12-16T12:00:00+00:00,51.5000,-5.5000,10.6563
1967-12-16T12:00:00+00:00,51.5000,-4.5000,10.7619
1967-12-16T12:00:00+00:00,51.5000,-3.5000,10.9965
1968-01-16T12:00:00+00:00,53.5000,-5.5000,9.5624
1968-01-16T12:00:00+00:00,53.5000,-4.5000,9.4232
1968-01-16T12:00:00+00:00,53.5000,-3.5000,9.2408
1968-01-16T12:00:00+00:00,52.5000,-6.5000,9.4482
1968-01-16T12:00:00+00:00,52.5000,-5.5000,9.5132
1968-01-16T12:00:00+00:00,52.5000,-4.5000,9.4486
1968-01-16T12:00:00+00:00,51.5000,-6.5000,9.6379
1968-01-16T12:00:00+00:00,51.5000,-5.5000,9.6631
1968-01-16T12:00:00+00:00,51.5000,-4.5000,9.6202
1968-01-16T12:00:00+00:00,51.5000,-3.5000,9.7571
1968-02-15T12:00:00+00:00,53.5000,-5.5000,8.9290
1968-02-15T12:00:00+00:00,53.5000,-4.5000,8.7137
1968-02-15T12:00:00+00:00,53.5000,-3.5000,8.4492
1968-02-15T12:00:00+00:00,52.5000,-6.5000,8.9380
1968-02-15T12:00:00+00:00,52.5000,-5.5000,8.8873
1968-02-15T12:00:00+00:00,52.5000,-4.5000,8.7754
1968-02-15T12:00:00+00:00,51.5000,-6.5000,9.0867
1968-02-15T12:00:00+00:00,51.5000,-5.5000,8.9971
1968-02-15T12:00:00+00:00,51.5000,-4.5000,8.9390
1968-02-15T12:00:00+00:00,51.5000,-3.5000,9.0977
1968-03-16T12:00:00+00:00,53.5000,-5.5000,8.1361
1968-03-16T12:00:00+00:00,53.5000,-4.5000,8.0083
1968-03-16T12:00:00+00:00,53.5000,-3.5000,7.7261
1968-03-16T12:00:00+00:00,52.5000,-6.5000,8.6762
1968-03-16T12:00:00+00:00,52.5000,-5.5000,8.4314
1968-03-16T12:00:00+00:00,52.5000,-4.5000,8.3280
1968-03-16T12:00:00+00:00,51.5000,-6.5000,8.8485
1968-03-16T12:00:00+00:00,51.5000,-5.5000,8.7438
1968-03-16T12:00:00+00:00,51.5000,-4.5000,8.6132
1968-03-16T12:00:00+00:00,51.5000,-3.5000,8.6032
1968-04-16T00:00:00+00:00,53.5000,-5.5000,8.5569
1968-04-16T00:00:00+00:00,53.5000,-4.5000,8.5077
1968-04-16T00:00:00+00:00,53.5000,-3.5000,8.4078
1968-04-16T00:00:00+00:00,52.5000,-6.5000,9.1372
1968-04-16T00:00:00+00:00,52.5000,-5.5000,8.8200
1968-04-16T00:00:00+00:00,52.5000,-4.5000,8.7371
1968-04-16T00:00:00+00:00,51.5000,-6.5000,9.3165
1968-04-16T00:00:00+00:00,51.5000,-5.5000,9.1605
1968-04-16T00:00:00+00:00,51.5000,-4.5000,9.0858
1968-04-16T00:00:00+00:00,51.5000,-3.5000,9.3058
1968-05-16T12:00:00+00:00,53.5000,-5.5000,9.9380
1968-05-16T12:00:00+00:00,53.5000,-4.5000,9.9416
1968-05-16T12:00:00+00:00,53.5000,-3.5000,9.8334
1968-05-16T12:00:00+00:00,52.5000,-6.5000,10.6541
1968-05-16T12:00:00+00:00,52.5000,-5.5000,10.3371
1968-05-16T12:00:00+00:00,52.5000,-4.5000,10.2929
1968-05-16T12:00:00+00:00,51.5000,-6.5000,10.8720
1968-05-16T12:00:00+00:00,51.5000,-5.5000,10.7395
1968-05-16T12:00:00+00:00,51.5000,-4.5000,10.6726
1968-05-16T12:00:00+00:00,51.5000,-3.5000,10.8251
1968-06-16T00:00:00+00:00,53.5000,-5.5000,12.3499
1968-06-16T00:00:00+00:00,53.5000,-4.5000,12.2808
1968-06-16T00:00:00+00:00,53.5000,-3.5000,12.1938
1968-06-16T00:00:00+00:00,52.5000,-6.5000,13.5703
1968-06-16T00:00:00+00:00,52.5000,-5.5000,12.8287
1968-06-16T00:00:00+00:00,52.5000,-4.5000,12.6072
1968-06-16T00:00:00+00:00,51.5000,-6.5000,13.8881
1968-06-16T00:00:00+00:00,51.5000,-5.5000,13.4375
1968-06-16T00:00:00+00:00,51.5000,-4.5000,13.1675
1968-06-16T00:00:00+00:00,51.5000,-3.5000,13.3384
1968-07-16T12:00:00+00:00,53.5000,-5.5000,14.0631
1968-07-16T12:00:00+00:00,53.5000,-4.5000,13.9703
1968-07-16T12:00:00+00:00,53.5000,-3.5000,13.7232
1968-07-16T12:00:00+00:00,52.5000,-6.5000,15.4316
1968-07-16T12:00:00+00:00,52.5000,-5.5000,14.7090
1968-07-16T12:00:00+00:00,52.5000,-4.5000,14.5431
1968-07-16T12:00:00+00:00,51.5000,-6.5000,15.6907
1968-07-16T12:00:00+00:00,51.5000,-5.5000,15.3802
1968-07-16T12:00:00+00:00,51.5000,-4.5000,15.2389
1968-07-16T12:00:00+00:00,51.5000,-3.5000,15.4870
1968-08-16T12:00:00+00:00,53.5000,-5.5000,15.1473
1968-08-16T12:00:00+00:00,53.5000,-4.5000,15.0580
1968-08-16T12:00:00+00:00,53.5000,-3.5000,14.9236
1968-08-16T12:00:00+00:00,52.5000,-6.5000,15.9924
1968-08-16T12:00:00+00:00,52.5000,-5.5000,15.4884
1968-08-16T12:00:00+00:00,52.5000,-4.5000,15.3579
1968-08-16T12:00:00+00:00,51.5000,-6.5000,16.4326
1968-08-16T12:00:00+00:00,51.5000,-5.5000,16.0768
1968-08-16T12:00:00+00:00,51.5000,-4.5000,15.9005
1968-08-16T12:00:00+00:00,51.5000,-3.5000,16.0569
1968-09-16T00:00:00+00:00,53.5000,-5.5000,14.6317
1968-09-16T00:00:00+00:00,53.5000,-4.5000,14.6887
1968-09-16T00:00:00+00:00,53.5000,-3.5000,14.7611
1968-09-16T00:00:00+00:00,52.5000,-6.5000,15.2791
1968-09-16T00:00:00+00:00,52.5000,-5.5000,14.9233
1968-09-16T00:00:00+00:00,52.5000,-4.5000,14.9360
1968-09-16T00:00:00+00:00,51.5000,-6.5000,15.4895
1968-09-16T00:00:00+00:00,51.5000,-5.5000,15.2436
1968-09-16T00:00:00+00:00,51.5000,-4.5000,15.2866
1968-09-16T00:00:00+00:00,51.5000,-3.5000,15.6029
1968-10-16T12:00:00+00:00,53.5000,-5.5000,14.0697
1968-10-16T12:00:00+00:00,53.5000,-4.5000,14.1478
1968-10-16T12:00:00+00:00,53.5000,-3.5000,14.2752
1968-10-16T12:00:00+00:00,52.5000,-6.5000,13.9786
1968-10-16T12:00:00+00:00,52.5000,-5.5000,14.0599
1968-10-16T12:00:00+00:00,52.5000,-4.5000,14.1781
1968-10-16T12:00:00+00:00,51.5000,-6.5000,14.1467
1968-10-16T12:00:00+00:00,51.5000,-5.5000,14.1649
1968-10-16T12:00:00+00:00,51.5000,-4.5000,14.3548
1968-10-16T12:00:00+00:00,51.5000,-3.5000,14.7474
1968-11-16T00:00:00+00:00,53.5000,-5.5000,12.5591
1968-11-16T00:00:00+00:00,53.5000,-4.5000,12.4464
1968-11-16T00:00:00+00:00,53.5000,-3.5000,12.1804
1968-11-16T00:00:00+00:00,52.5000,-6.5000,12.5962
1968-11-16T00:00:00+00:00,52.5000,-5.5000,12.6715
1968-11-16T00:00:00+00:00,52.5000,-4.5000,12.6911
1968-11-16T00:00:00+00:00,51.5000,-6.5000,12.7319
1968-11-16T00:00:00+00:00,51.5000,-5.5000,12.8204
1968-11-16T00:00:00+00:00,51.5000,-4.5000,12.9293
1968-11-16T00:00:00+00:00,51.5000,-3.5000,13.1762
1968-12-16T12:00:00+00:00,53.5000,-5.5000,11.3993
1968-12-16T12:00:00+00:00,53.5000,-4.5000,11.2196
1968-12-16T12:00:00+00:00,53.5000,-3.5000,10.7757
1968-12-16T12:00:00+00:00,52.5000,-6.5000,11.7133
1968-12-16T12:00:00+00:00,52.5000,-5.5000,11.6777
1968-12-16T12:00:00+00:00,52.5000,-4.5000,11.6031
1968-12-16T12:00:00+00:00,51.5000,-6.5000,11.8323
1968-12-16T12:00:00+00:00,51.5000,-5.5000,11.9425
1968-12-16T12:00:00+00:00,51.5000,-4.5000,11.9193
1968-12-16T12:00:00+00:00,51.5000,-3.5000,12.0273
1969-01-16T12:00:00+00:00,53.5000,-5.5000,10.6586
1969-01-16T12:00:00+00:00,53.5000,-4.5000,10.3880
1969-01-16T12:00:00+00:00,53.5000,-3.5000,10.0727
1969-01-16T12:00:00+00:00,52.5000,-6.5000,10.7594
1969-01-16T12:00:00+00:00,52.5000,-5.5000,10.6176
1969-01-16T12:00:00+00:00,52.5000,-4.5000,10.4295
1969-01-16T12:00:00+00:00,51.5000,-6.5000,10.8330
1969-01-16T12:00:00+00:00,51.5000,-5.5000,10.7312
1969-01-16T12:00:00+00:00,51.5000,-4.5000,10.6197
1969-01-16T12:00:00+00:00,51.5000,-3.5000,10.7473
1969-02-15T00:00:00+00:00,53.5000,-5.5000,8.5994
1969-02-15T00:00:00+00:00,53.5000,-4.5000,8.4626
1969-02-15T00:00:00+00:00,53.5000,-3.5000,8.2166
1969-02-15T00:00:00+00:00,52.5000,-6.5000,8.9339
1969-02-15T00:00:00+00:00,52.5000,-5.5000,8.7780
1969-02-15T00:00:00+00:00,52.5000,-4.5000,8.7022
1969-02-15T00:00:00+00:00,51.5000,-6.5000,9.2869
1969-02-15T00:00:00+00:00,51.5000,-5.5000,9.2139
1969-02-15T00:00:00+00:00,51.5000,-4.5000,9.1656
1969-02-15T00:00:00+00:00,51.5000,-3.5000,9.4891
1969-03-16T12:00:00+00:00,53.5000,-5.5000,7.9826
1969-03-16T12:00:00+00:00,53.5000,-4.5000,7.7485
1969-03-16T12:00:00+00:00,53.5000,-3.5000,7.3162
1969-03-16T12:00:00+00:00,52.5000,-6.5000,8.6891
1969-03-16T12:00:00+00:00,52.5000,-5.5000,8.3182
1969-03-16T12:00:00+00:00,52.5000,-4.5000,8.1413
1969-03-16T12:00:00+00:00,51.5000,-6.5000,9.0795
1969-03-16T12:00:00+00:00,51.5000,-5.5000,8.8788
1969-03-16T12:00:00+00:00,51.5000,-4.5000,8.7042
1969-03-16T12:00:00+00:00,51.5000,-3.5000,8.9289
1969-04-16T00:00:00+00:00,53.5000,-5.5000,8.4469
1969-04-16T00:00:00+00:00,53.5000,-4.5000,8.3375
1969-04-16T00:00:00+00:00,53.5000,-3.5000,7.9658
1969-04-16T00:00:00+00:00,52.5000,-6.5000,9.1065
1969-04-16T00:00:00+00:00,52.5000,-5.5000,8.8870
1969-04-16T00:00:00+00:00,52.5000,-4.5000,8.8415
1969-04-16T00:00:00+00:00,51.5000,-6.5000,9.4084
1969-04-16T00:00:00+00:00,51.5000,-5.5000,9.4143
1969-04-16T00:00:00+00:00,51.5000,-4.5000,9.3705
1969-04-16T00:00:00+00:00,51.5000,-3.5000,9.5353
1969-05-16T12:00:00+00:00,53.5000,-5.5000,9.6464
1969-05-16T12:00:00+00:00,53.5000,-4.5000,9.5612
1969-05-16T12:00:00+00:00,53.5000,-3.5000,9.2383
1969-05-16T12:00:00+00:00,52.5000,-6.5000,10.9205
1969-05-16T12:00:00+00:00,52.5000,-5.5000,10.3153
1969-05-16T12:00:00+00:00,52.5000,-4.5000,10.1833
1969-05-16T12:00:00+00:00,51.5000,-6.5000,11.1702
1969-05-16T12:00:00+00:00,51.5000,-5.5000,10.9493
1969-05-16T12:00:00+00:00,51.5000,-4.5000,10.8408
1969-05-16T12:00:00+00:00,51.5000,-3.5000,11.1332
1969-06-16T00:00:00+00:00,53.5000,-5.5000,12.3413
1969-06-16T00:00:00+00:00,53.5000,-4.5000,12.2640
1969-06-16T00:00:00+00:00,53.5000,-3.5000,11.8938
1969-06-16T00:00:00+00:00,52.5000,-6.5000,13.3805
1969-06-16T00:00:00+00:00,52.5000,-5.5000,12.9820
1969-06-16T00:00:00+00:00,52.5000,-4.5000,12.9252
1969-06-16T00:00:00+00:00,51.5000,-6.5000,13.6592
1969-06-16T00:00:00+00:00,51.5000,-5.5000,13.5775
1969-06-16T00:00:00+00:00,51.5000,-4.5000,13.5232
1969-06-16T00:00:00+00:00,51.5000,-3.5000,13.6859
1969-07-16T12:00:00+00:00,53.5000,-5.5000,14.0074
1969-07-16T12:00:00+00:00,53.5000,-4.5000,14.1024
1969-07-16T12:00:00+00:00,53.5000,-3.5000,13.8551
1969-07-16T12:00:00+00:00,52.5000,-6.5000,15.3836
1969-07-16T12:00:00+00:00,52.5000,-5.5000,14.9248
1969-07-16T12:00:00+00:00,52.5000,-4.5000,14.9440
1969-07-16T12:00:00+00:00,51.5000,-6.5000,15.6846
1969-07-16T12:00:00+00:00,51.5000,-5.5000,15.7457
1969-07-16T12:00:00+00:00,51.5000,-4.5000,15.7257
1969-07-16T12:00:00+00:00,51.5000,-3.5000,15.8920
1969-08-16T12:00:00+00:00,53.5000,-5.5000,14.9946
1969-08-16T12:00:00+00:00,53.5000,-4.5000,15.0607
1969-08-16T12:00:00+00:00,53.5000,-3.5000,15.0147
1969-08-16T12:00:00+00:00,52.5000,-6.5000,16.2168
1969-08-16T12:00:00+00:00,52.5000,-5.5000,15.6256
1969-08-16T12:00:00+00:00,52.5000,-4.5000,15.5690
1969-08-16T12:00:00+00:00,51.5000,-6.5000,16.5268
1969-08-16T12:00:00+00:00,51.5000,-5.5000,16.2843
1969-08-16T12:00:00+00:00,51.5000,-4.5000,16.2005
1969-08-16T12:00:00+00:00,51.5000,-3.5000,16.4885
1969-09-16T00:00:00+00:00,53.5000,-5.5000,14.7038
1969-09-16T00:00:00+00:00,53.5000,-4.5000,14.8086
1969-09-16T00:00:00+00:00,53.5000,-3.5000,14.8424
1969-09-16T00:00:00+00:00,52.5000,-6.5000,15.5235
1969-09-16T00:00:00+00:00,52.5000,-5.5000,15.1625
1969-09-16T00:00:00+00:00,52.5000,-4.5000,15.1746
1969-09-16T00:00:00+00:00,51.5000,-6.5000,15.7966
1969-09-16T00:00:00+00:00,51.5000,-5.5000,15.6011
1969-09-16T00:00:00+00:00,51.5000,-4.5000,15.5796
1969-09-16T00:00:00+00:00,51.5000,-3.5000,15.8387
1969-10-16T12:00:00+00:00,53.5000,-5.5000,14.3392
1969-10-16T12:00:00+00:00,53.5000,-4.5000,14.4902
1969-10-16T12:00:00+00:00,53.5000,-3.5000,14.5537
1969-10-16T12:00:00+00:00,52.5000,-6.5000,14.7314
1969-10-16T12:00:00+00:00,52.5000,-5.5000,14.6723
1969-10-16T12:00:00+00:00,52.5000,-4.5000,14.7879
1969-10-16T12:00:00+00:00,51.5000,-6.5000,14.9714
1969-10-16T12:00:00+00:00,51.5000,-5.5000,14.9948
1969-10-16T12:00:00+00:00,51.5000,-4.5000,15.0973
1969-10-16T12:00:00+00:00,51.5000,-3.5000,15.3832
1969-11-16T00:00:00+00:00,53.5000,-5.5000,12.2791
1969-11-16T00:00:00+00:00,53.5000,-4.5000,12.3103
1969-11-16T00:00:00+00:00,53.5000,-3.5000,12.3361
1969-11-16T00:00:00+00:00,52.5000,-6.5000,12.8313
1969-11-16T00:00:00+00:00,52.5000,-5.5000,12.5430
1969-11-16T00:00:00+00:00,52.5000,-4.5000,12.4861
1969-11-16T00:00:00+00:00,51.5000,-6.5000,12.8813
1969-11-16T00:00:00+00:00,51.5000,-5.5000,12.7596
1969-11-16T00:00:00+00:00,51.5000,-4.5000,12.7652
1969-11-16T00:00:00+00:00,51.5000,-3.5000,13.1679
1969-12-16T12:00:00+00:00,53.5000,-5.5000,10.6127
1969-12-16T12:00:00+00:00,53.5000,-4.5000,10.5292
1969-12-16T12:00:00+00:00,53.5000,-3.5000,10.1662
1969-12-16T12:00:00+00:00,52.5000,-6.5000,11.0788
1969-12-16T12:00:00+00:00,52.5000,-5.5000,11.0170
1969-12-16T12:00:00+00:00,52.5000,-4.5000,10.9970
1969-12-16T12:00:00+00:00,51.5000,-6.5000,11.1313
1969-12-16T12:00:00+00:00,51.5000,-5.5000,11.2918
1969-12-16T12:00:00+00:00,51.5000,-4.5000,11.3066
1969-12-16T12:00:00+00:00,51.5000,-3.5000,11.3643
1970-01-16T12:00:00+00:00,53.5000,-5.5000,9.8309
1970-01-16T12:00:00+00:00,53.5000,-4.5000,9.5861
1970-01-16T12:00:00+00:00,53.5000,-3.5000,8.9844
1970-01-16T12:00:00+00:00,52.5000,-6.5000,10.3071
1970-01-16T12:00:00+00:00,52.5000,-5.5000,10.2152
1970-01-16T12:00:00+00:00,52.5000,-4.5000,10.0905
1970-01-16T12:00:00+00:00,51.5000,-6.5000,10.4305
1970-01-16T12:00:00+00:00,51.5000,-5.5000,10.4790
1970-01-16T12:00:00+00:00,51.5000,-4.5000,10.3562
1970-01-16T12:00:00+00:00,51.5000,-3.5000,10.2973
1970-02-15T00:00:00+00:00,53.5000,-5.5000,8.6330
1970-02-15T00:00:00+00:00,53.5000,-4.5000,8.4162
1970-02-15T00:00:00+00:00,53.5000,-3.5000,7.8875
1970-02-15T00:00:00+00:00,52.5000,-6.5000,9.5977
1970-02-15T00:00:00+00:00,52.5000,-5.5000,9.1799
1970-02-15T00:00:00+00:00,52.5000,-4.5000,8.9927
1970-02-15T00:00:00+00:00,51.5000,-6.5000,9.7969
1970-02-15T00:00:00+00:00,51.5000,-5.5000,9.6656
1970-02-15T00:00:00+00:00,51.5000,-4.5000,9.4781
1970-02-15T00:00:00+00:00,51.5000,-3.5000,9.5671
1970-03-16T12:00:00+00:00,53.5000,-5.5000,7.6272
1970-03-16T12:00:00+00:00,53.5000,-4.5000,7.4260
1970-03-16T12:00:00+00:00,53.5000,-3.5000,7.0695
1970-03-16T12:00:00+00:00,52.5000,-6.5000,8.5192
1970-03-16T12:00:00+00:00,52.5000,-5.5000,8.0155
1970-03-16T12:00:00+00:00,52.5000,-4.5000,7.8081
1970-03-16T12:00:00+00:00,51.5000,-6.5000,8.8512
1970-03-16T12:00:00+00:00,51.5000,-5.5000,8.5423
1970-03-16T12:00:00+00:00,51.5000,-4.5000,8.3268
1970-03-16T12:00:00+00:00,51.5000,-3.5000,8.5633
1970-04-16T00:00:00+00:00,53.5000,-5.5000,7.9923
1970-04-16T00:00:00+00:00,53.5000,-4.5000,7.8649
1970-04-16T00:00:00+00:00,53.5000,-3.5000,7.5107
1970-04-16T00:00:00+00:00,52.5000,-6.5000,9.0315
1970-04-16T00:00:00+00:00,52.5000,-5.5000,8.5362
1970-04-16T00:00:00+00:00,52.5000,-4.5000,8.3895
1970-04-16T00:00:00+00:00,51.5000,-6.5000,9.2337
1970-04-16T00:00:00+00:00,51.5000,-5.5000,9.0041
1970-04-16T00:00:00+00:00,51.5000,-4.5000,8.8462
1970-04-16T00:00:00+00:00,51.5000,-3.5000,8.9899
1970-05-16T12:00:00+00:00,53.5000,-5.5000,10.1323
1970-05-16T12:00:00+00:00,53.5000,-4.5000,10.0135
1970-05-16T12:00:00+00:00,53.5000,-3.5000,9.7578
1970-05-16T12:00:00+00:00,52.5000,-6.5000,11.1517
1970-05-16T12:00:00+00:00,52.5000,-5.5000,10.5985
1970-05-16T12:00:00+00:00,52.5000,-4.5000,10.4240
1970-05-16T12:00:00+00:00,51.5000,-6.5000,11.3073
1970-05-16T12:00:00+00:00,51.5000,-5.5000,11.0441
1970-05-16T12:00:00+00:00,51.5000,-4.5000,10.8866
1970-05-16T12:00:00+00:00,51.5000,-3.5000,11.0548
1970-06-16T00:00:00+00:00,53.5000,-5.5000,12.6610
1970-06-16T00:00:00+00:00,53.5000,-4.5000,12.6189
1970-06-16T00:00:00+00:00,53.5000,-3.5000,12.4926
1970-06-16T00:00:00+00:00,52.5000,-6.5000,14.1501
1970-06-16T00:00:00+00:00,52.5000,-5.5000,13.3142
1970-06-16T00:00:00+00:00,52.5000,-4.5000,13.0647
1970-06-16T00:00:00+00:00,51.5000,-6.5000,14.4575
1970-06-16T00:00:00+00:00,51.5000,-5.5000,14.0218
1970-06-16T00:00:00+00:00,51.5000,-4.5000,13.6768
1970-06-16T00:00:00+00:00,51.5000,-3.5000,13.7340
1970-07-16T12:00:00+00:00,53.5000,-5.5000,13.0414
1970-07-16T12:00:00+00:00,53.5000,-4.5000,13.1547
1970-07-16T12:00:00+00:00,53.5000,-3.5000,13.1035
1970-07-16T12:00:00+00:00,52.5000,-6.5000,14.3934
1970-07-16T12:00:00+00:00,52.5000,-5.5000,13.8077
1970-07-16T12:00:00+00:00,52.5000,-4.5000,13.7604
1970-07-16T12:00:00+00:00,51.5000,-6.5000,14.7573
1970-07-16T12:00:00+00:00,51.5000,-5.5000,14.5557
1970-07-16T12:00:00+00:00,51.5000,-4.5000,14.4240
1970-07-16T12:00:00+00:00,51.5000,-3.5000,14.6232
1970-08-16T12:00:00+00:00,53.5000,-5.5000,14.5032
1970-08-16T12:00:00+00:00,53.5000,-4.5000,14.6482
1970-08-16T12:00:00+00:00,53.5000,-3.5000,14.6802
1970-08-16T12:00:00+00:00,52.5000,-6.5000,15.1924
1970-08-16T12:00:00+00:00,52.5000,-5.5000,14.9771
1970-08-16T12:00:00+00:00,52.5000,-4.5000,15.0799
1970-08-16T12:00:00+00:00,51.5000,-6.5000,15.5251
1970-08-16T12:00:00+00:00,51.5000,-5.5000,15.4918
1970-08-16T12:00:00+00:00,51.5000,-4.5000,15.5684
1970-08-16T12:00:00+00:00,51.5000,-3.5000,15.8694
1970-09-16T00:00:00+00:00,53.5000,-5.5000,14.2477
1970-09-16T00:00:00+00:00,53.5000,-4.5000,14.3174
1970-09-16T00:00:00+00:00,53.5000,-3.5000,14.3277
1970-09-16T00:00:00+00:00,52.5000,-6.5000,14.4101
1970-09-16T00:00:00+00:00,52.5000,-5.5000,14.4260
1970-09-16T00:00:00+00:00,52.5000,-4.5000,14.5517
1970-09-16T00:00:00+00:00,51.5000,-6.5000,14.6563
1970-09-16T00:00:00+00:00,51.5000,-5.5000,14.7197
1970-09-16T00:00:00+00:00,51.5000,-4.5000,14.8965
1970-09-16T00:00:00+00:00,51.5000,-3.5000,15.2272
1970-10-16T12:00:00+00:00,53.5000,-5.5000,13.3137
1970-10-16T12:00:00+00:00,53.5000,-4.5000,13.3903
1970-10-16T12:00:00+00:00,53.5000,-3.5000,13.3722
1970-10-16T12:00:00+00:00,52.5000,-6.5000,13.4850
1970-10-16T12:00:00+00:00,52.5000,-5.5000,13.5265
1970-10-16T12:00:00+00:00,52.5000,-4.5000,13.6676
1970-10-16T12:00:00+00:00,51.5000,-6.5000,13.5468
1970-10-16T12:00:00+00:00,51.5000,-5.5000,13.6830
1970-10-16T12:00:00+00:00,51.5000,-4.5000,13.9212
1970-10-16T12:00:00+00:00,51.5000,-3.5000,14.2553
1970-11-16T00:00:00+00:00,53.5000,-5.5000,11.7335
1970-11-16T00:00:00+00:00,53.5000,-4.5000,11.8106
1970-11-16T00:00:00+00:00,53.5000,-3.5000,11.6778
1970-11-16T00:00:00+00:00,52.5000,-6.5000,11.9159
1970-11-16T00:00:00+00:00,52.5000,-5.5000,12.0580
1970-11-16T00:00:00+00:00,52.5000,-4.5000,12.2175
1970-11-16T00:00:00+00:00,51.5000,-6.5000,11.9527
1970-11-16T00:00:00+00:00,51.5000,-5.5000,12.2405
1970-11-16T00:00:00+00:00,51.5000,-4.5000,12.4843
1970-11-16T00:00:00+00:00,51.5000,-3.5000,12.7633
1970-12-16T12:00:00+00:00,53.5000,-5.5000,10.8780
1970-12-16T12:00:00+00:00,53.5000,-4.5000,10.7515
1970-12-16T12:00:00+00:00,53.5000,-3.5000,10.5781
1970-12-16T12:00:00+00:00,52.5000,-6.5000,11.1885
1970-12-16T12:00:00+00:00,52.5000,-5.5000,10.9992
1970-12-16T12:00:00+00:00,52.5000,-4.5000,10.8977
1970-12-16T12:00:00+00:00,51.5000,-6.5000,11.2401
1970-12-16T12:00:00+00:00,51.5000,-5.5000,11.1777
1970-12-16T12:00:00+00:00,51.5000,-4.5000,11.1744
1970-12-16T12:00:00+00:00,51.5000,-3.5000,11.4828
1971-01-16T12:00:00+00:00,53.5000,-5.5000,9.2044
1971-01-16T12:00:00+00:00,53.5000,-4.5000,9.1168
1971-01-16T12:00:00+00:00,53.5000,-3.5000,8.7644
1971-01-16T12:00:00+00:00,52.5000,-6.5000,9.9705
1971-01-16T12:00:00+00:00,52.5000,-5.5000,9.7101
1971-01-16T12:00:00+00:00,52.5000,-4.5000,9.6464
1971-01-16T12:00:00+00:00,51.5000,-6.5000,10.1006
1971-01-16T12:00:00+00:00,51.5000,-5.5000,10.0840
1971-01-16T12:00:00+00:00,51.5000,-4.5000,10.0282
1971-01-16T12:00:00+00:00,51.5000,-3.5000,10.1389
1971-02-15T00:00:00+00:00,53.5000,-5.5000,8.6303
1971-02-15T00:00:00+00:00,53.5000,-4.5000,8.4936
1971-02-15T00:00:00+00:00,53.5000,-3.5000,8.2961
1971-02-15T00:00:00+00:00,52.5000,-6.5000,8.9324
1971-02-15T00:00:00+00:00,52.5000,-5.5000,8.7551
1971-02-15T00:00:00+00:00,52.5000,-4.5000,8.6551
1971-02-15T00:00:00+00:00,51.5000,-6.5000,9.1532
1971-02-15T00:00:00+00:00,51.5000,-5.5000,9.0683
1971-02-15T00:00:00+00:00,51.5000,-4.5000,8.9986
1971-02-15T00:00:00+00:00,51.5000,-3.5000,9.2140
1971-03-16T12:00:00+00:00,53.5000,-5.5000,8.3820
1971-03-16T12:00:00+00:00,53.5000,-4.5000,8.3012
1971-03-16T12:00:00+00:00,53.5000,-3.5000,8.1106
1971-03-16T12:00:00+00:00,52.5000,-6.5000,8.8159
1971-03-16T12:00:00+00:00,52.5000,-5.5000,8.6256
1971-03-16T12:00:00+00:00,52.5000,-4.5000,8.5650
1971-03-16T12:00:00+00:00,51.5000,-6.5000,9.0011
1971-03-16T12:00:00+00:00,51.5000,-5.5000,8.9241
1971-03-16T12:00:00+00:00,51.5000,-4.5000,8.8544
1971-03-16T12:00:00+00:00,51.5000,-3.5000,8.9629
1971-04-16T00:00:00+00:00,53.5000,-5.5000,9.1691
1971-04-16T00:00:00+00:00,53.5000,-4.5000,9.0331
1971-04-16T00:00:00+00:00,53.5000,-3.5000,8.8038
1971-04-16T00:00:00+00:00,52.5000,-6.5000,9.5265
1971-04-16T00:00:00+00:00,52.5000,-5.5000,9.3341
1971-04-16T00:00:00+00:00,52.5000,-4.5000,9.2446
1971-04-16T00:00:00+00:00,51.5000,-6.5000,9.6624
1971-04-16T00:00:00+00:00,51.5000,-5.5000,9.5552
1971-04-16T00:00:00+00:00,51.5000,-4.5000,9.4738
1971-04-16T00:00:00+00:00,51.5000,-3.5000,9.5066
1971-05-16T12:00:00+00:00,53.5000,-5.5000,10.4437
1971-05-16T12:00:00+00:00,53.5000,-4.5000,10.3920
1971-05-16T12:00:00+00:00,53.5000,-3.5000,10.2571
1971-05-16T12:00:00+00:00,52.5000,-6.5000,11.2228
1971-05-16T12:00:00+00:00,52.5000,-5.5000,10.8108
1971-05-16T12:00:00+00:00,52.5000,-4.5000,10.6975
1971-05-16T12:00:00+00:00,51.5000,-6.5000,11.4008
1971-05-16T12:00:00+00:00,51.5000,-5.5000,11.2058
1971-05-16T12:00:00+00:00,51.5000,-4.5000,11.0810
1971-05-16T12:00:00+00:00,51.5000,-3.5000,11.1994
1971-06-16T00:00:00+00:00,53.5000,-5.5000,12.1418
1971-06-16T00:00:00+00:00,53.5000,-4.5000,12.0977
1971-06-16T00:00:00+00:00,53.5000,-3.5000,12.0883
1971-06-16T00:00:00+00:00,52.5000,-6.5000,12.8189
1971-06-16T00:00:00+00:00,52.5000,-5.5000,12.3828
1971-06-16T00:00:00+00:00,52.5000,-4.5000,12.2338
1971-06-16T00:00:00+00:00,51.5000,-6.5000,13.0684
1971-06-16T00:00:00+00:00,51.5000,-5.5000,12.8206
1971-06-16T00:00:00+00:00,51.5000,-4.5000,12.6473
1971-06-16T00:00:00+00:00,51.5000,-3.5000,12.8093
1971-07-16T12:00:00+00:00,53.5000,-5.5000,13.8206
1971-07-16T12:00:00+00:00,53.5000,-4.5000,13.7754
1971-07-16T12:00:00+00:00,53.5000,-3.5000,13.5829
1971-07-16T12:00:00+00:00,52.5000,-6.5000,15.3454
1971-07-16T12:00:00+00:00,52.5000,-5.5000,14.5472
1971-07-16T12:00:00+00:00,52.5000,-4.5000,14.3700
1971-07-16T12:00:00+00:00,51.5000,-6.5000,15.7604
1971-07-16T12:00:00+00:00,51.5000,-5.5000,15.4313
1971-07-16T12:00:00+00:00,51.5000,-4.5000,15.2477
1971-07-16T12:00:00+00:00,51.5000,-3.5000,15.6217
1971-08-16T12:00:00+00:00,53.5000,-5.5000,14.6504
1971-08-16T12:00:00+00:00,53.5000,-4.5000,14.6214
1971-08-16T12:00:00+00:00,53.5000,-3.5000,14.5039
1971-08-16T12:00:00+00:00,52.5000,-6.5000,16.0250
1971-08-16T12:00:00+00:00,52.5000,-5.5000,15.2648
1971-08-16T12:00:00+00:00,52.5000,-4.5000,15.1006
1971-08-16T12:00:00+00:00,51.5000,-6.5000,16.3834
1971-08-16T12:00:00+00:00,51.5000,-5.5000,16.0137
1971-08-16T12:00:00+00:00,51.5000,-4.5000,15.8447
1971-08-16T12:00:00+00:00,51.5000,-3.5000,16.2149
1971-09-16T00:00:00+00:00,53.5000,-5.5000,14.8774
1971-09-16T00:00:00+00:00,53.5000,-4.5000,14.9568
1971-09-16T00:00:00+00:00,53.5000,-3.5000,15.0070
1971-09-16T00:00:00+00:00,52.5000,-6.5000,16.1249
1971-09-16T00:00:00+00:00,52.5000,-5.5000,15.4486
1971-09-16T00:00:00+00:00,52.5000,-4.5000,15.3280
1971-09-16T00:00:00+00:00,51.5000,-6.5000,16.4228
1971-09-16T00:00:00+00:00,51.5000,-5.5000,16.0500
1971-09-16T00:00:00+00:00,51.5000,-4.5000,15.8678
1971-09-16T00:00:00+00:00,51.5000,-3.5000,16.1172
1971-10-16T12:00:00+00:00,53.5000,-5.5000,14.5233
1971-10-16T12:00:00+00:00,53.5000,-4.5000,14.6203
1971-10-16T12:00:00+00:00,53.5000,-3.5000,14.5963
1971-10-16T12:00:00+00:00,52.5000,-6.5000,15.1940
1971-10-16T12:00:00+00:00,52.5000,-5.5000,14.9604
1971-10-16T12:00:00+00:00,52.5000,-4.5000,14.9805
1971-10-16T12:00:00+00:00,51.5000,-6.5000,15.3292
1971-10-16T12:00:00+00:00,51.5000,-5.5000,15.2394
1971-10-16T12:00:00+00:00,51.5000,-4.5000,15.2086
1971-10-16T12:00:00+00:00,51.5000,-3.5000,15.2659
1971-11-16T00:00:00+00:00,53.5000,-5.5000,12.2216
1971-11-16T00:00:00+00:00,53.5000,-4.5000,12.2268
1971-11-16T00:00:00+00:00,53.5000,-3.5000,12.0222
1971-11-16T00:00:00+00:00,52.5000,-6.5000,12.5315
1971-11-16T00:00:00+00:00,52.5000,-5.5000,12.5536
1971-11-16T00:00:00+00:00,52.5000,-4.5000,12.6269
1971-11-16T00:00:00+00:00,51.5000,-6.5000,12.6235
1971-11-16T00:00:00+00:00,51.5000,-5.5000,12.7929
1971-11-16T00:00:00+00:00,51.5000,-4.5000,12.9361
1971-11-16T00:00:00+00:00,51.5000,-3.5000,13.2026
1971-12-16T12:00:00+00:00,53.5000,-5.5000,10.7133
1971-12-16T12:00:00+00:00,53.5000,-4.5000,10.7264
1971-12-16T12:00:00+00:00,53.5000,-3.5000,10.4481
1971-12-16T12:00:00+00:00,52.5000,-6.5000,11.1257
1971-12-16T12:00:00+00:00,52.5000,-5.5000,11.1626
1971-12-16T12:00:00+00:00,52.5000,-4.5000,11.2525
1971-12-16T12:00:00+00:00,51.5000,-6.5000,11.1221
1971-12-16T12:00:00+00:00,51.5000,-5.5000,11.3971
1971-12-16T12:00:00+00:00,51.5000,-4.5000,11.5599
1971-12-16T12:00:00+00:00,51.5000,-3.5000,11.7543
1972-01-16T12:00:00+00:00,53.5000,-5.5000,9.4317
1972-01-16T12:00:00+00:00,53.5000,-4.5000,9.3928
1972-01-16T12:00:00+00:00,53.5000,-3.5000,9.0428
1972-01-16T12:00:00+00:00,52.5000,-6.5000,10.1519
1972-01-16T12:00:00+00:00,52.5000,-5.5000,9.9875
1972-01-16T12:00:00+00:00,52.5000,-4.5000,9.9726
1972-01-16T12:00:00+00:00,51.5000,-6.5000,10.2779
1972-01-16T12:00:00+00:00,51.5000,-5.5000,10.3785
1972-01-16T12:00:00+00:00,51.5000,-4.5000,10.3538
1972-01-16T12:00:00+00:00,51.5000,-3.5000,10.4264
1972-02-15T12:00:00+00:00,53.5000,-5.5000,9.0464
1972-02-15T12:00:00+00:00,53.5000,-4.5000,8.8975
1972-02-15T12:00:00+00:00,53.5000,-3.5000,8.6592
1972-02-15T12:00:00+00:00,52.5000,-6.5000,9.2913
1972-02-15T12:00:00+00:00,52.5000,-5.5000,9.1671
1972-02-15T12:00:00+00:00,52.5000,-4.5000,9.0541
1972-02-15T12:00:00+00:00,51.5000,-6.5000,9.4233
1972-02-15T12:00:00+00:00,51.5000,-5.5000,9.3768
1972-02-15T12:00:00+00:00,51.5000,-4.5000,9.2852
1972-02-15T12:00:00+00:00,51.5000,-3.5000,9.4154
1972-03-16T12:00:00+00:00,53.5000,-5.5000,8.3122
1972-03-16T12:00:00+00:00,53.5000,-4.5000,8.2030
1972-03-16T12:00:00+00:00,53.5000,-3.5000,7.9768
1972-03-16T12:00:00+00:00,52.5000,-6.5000,8.8355
1972-03-16T12:00:00+00:00,52.5000,-5.5000,8.5798
1972-03-16T12:00:00+00:00,52.5000,-4.5000,8.4824
1972-03-16T12:00:00+00:00,51.5000,-6.5000,9.0623
1972-03-16T12:00:00+00:00,51.5000,-5.5000,8.9748
1972-03-16T12:00:00+00:00,51.5000,-4.5000,8.8952
1972-03-16T12:00:00+00:00,51.5000,-3.5000,9.1418
1972-04-16T00:00:00+00:00,53.5000,-5.5000,9.0465
1972-04-16T00:00:00+00:00,53.5000,-4.5000,9.0433
1972-04-16T00:00:00+00:00,53.5000,-3.5000,8.9416
1972-04-16T00:00:00+00:00,52.5000,-6.5000,9.3585
1972-04-16T00:00:00+00:00,52.5000,-5.5000,9.2746
1972-04-16T00:00:00+00:00,52.5000,-4.5000,9.2845
1972-04-16T00:00:00+00:00,51.5000,-6.5000,9.5287
1972-04-16T00:00:00+00:00,51.5000,-5.5000,9.5800
1972-04-16T00:00:00+00:00,51.5000,-4.5000,9.5965
1972-04-16T00:00:00+00:00,51.5000,-3.5000,9.7706
1972-05-16T12:00:00+00:00,53.5000,-5.5000,10.0648
1972-05-16T12:00:00+00:00,53.5000,-4.5000,9.9375
1972-05-16T12:00:00+00:00,53.5000,-3.5000,9.6983
1972-05-16T12:00:00+00:00,52.5000,-6.5000,10.2538
1972-05-16T12:00:00+00:00,52.5000,-5.5000,10.1884
1972-05-16T12:00:00+00:00,52.5000,-4.5000,10.1775
1972-05-16T12:00:00+00:00,51.5000,-6.5000,10.4078
1972-05-16T12:00:00+00:00,51.5000,-5.5000,10.4359
1972-05-16T12:00:00+00:00,51.5000,-4.5000,10.5042
1972-05-16T12:00:00+00:00,51.5000,-3.5000,10.6700
1972-06-16T00:00:00+00:00,53.5000,-5.5000,11.1751
1972-06-16T00:00:00+00:00,53.5000,-4.5000,11.1904
1972-06-16T00:00:00+00:00,53.5000,-3.5000,11.1746
1972-06-16T00:00:00+00:00,52.5000,-6.5000,11.7569
1972-06-16T00:00:00+00:00,52.5000,-5.5000,11.4701
1972-06-16T00:00:00+00:00,52.5000,-4.5000,11.4481
1972-06-16T00:00:00+00:00,51.5000,-6.5000,11.9406
1972-06-16T00:00:00+00:00,51.5000,-5.5000,11.8745
1972-06-16T00:00:00+00:00,51.5000,-4.5000,11.8912
1972-06-16T00:00:00+00:00,51.5000,-3.5000,12.1714
1972-07-16T12:00:00+00:00,53.5000,-5.5000,13.3632
1972-07-16T12:00:00+00:00,53.5000,-4.5000,13.4313
1972-07-16T12:00:00+00:00,53.5000,-3.5000,13.4740
1972-07-16T12:00:00+00:00,52.5000,-6.5000,14.3441
1972-07-16T12:00:00+00:00,52.5000,-5.5000,13.8429
1972-07-16T12:00:00+00:00,52.5000,-4.5000,13.7631
1972-07-16T12:00:00+00:00,51.5000,-6.5000,14.6382
1972-07-16T12:00:00+00:00,51.5000,-5.5000,14.3961
1972-07-16T12:00:00+00:00,51.5000,-4.5000,14.2514
1972-07-16T12:00:00+00:00,51.5000,-3.5000,14.4049
1972-08-16T12:00:00+00:00,53.5000,-5.5000,14.4695
1972-08-16T12:00:00+00:00,53.5000,-4.5000,14.5278
1972-08-16T12:00:00+00:00,53.5000,-3.5000,14.6316
1972-08-16T12:00:00+00:00,52.5000,-6.5000,15.2979
1972-08-16T12:00:00+00:00,52.5000,-5.5000,14.8110
1972-08-16T12:00:00+00:00,52.5000,-4.5000,14.7222
1972-08-16T12:00:00+00:00,51.5000,-6.5000,15.5870
1972-08-16T12:00:00+00:00,51.5000,-5.5000,15.3192
1972-08-16T12:00:00+00:00,51.5000,-4.5000,15.1859
1972-08-16T12:00:00+00:00,51.5000,-3.5000,15.4044
1972-09-16T00:00:00+00:00,53.5000,-5.5000,14.2087
1972-09-16T00:00:00+00:00,53.5000,-4.5000,14.1296
1972-09-16T00:00:00+00:00,53.5000,-3.5000,14.0477
1972-09-16T00:00:00+00:00,52.5000,-6.5000,14.9174
1972-09-16T00:00:00+00:00,52.5000,-5.5000,14.4616
1972-09-16T00:00:00+00:00,52.5000,-4.5000,14.3328
1972-09-16T00:00:00+00:00,51.5000,-6.5000,15.1390
1972-09-16T00:00:00+00:00,51.5000,-5.5000,14.7972
1972-09-16T00:00:00+00:00,51.5000,-4.5000,14.6892
1972-09-16T00:00:00+00:00,51.5000,-3.5000,14.9411
1972-10-16T12:00:00+00:00,53.5000,-5.5000,13.2136
1972-10-16T12:00:00+00:00,53.5000,-4.5000,13.2901
1972-10-16T12:00:00+00:00,53.5000,-3.5000,13.3784
1972-10-16T12:00:00+00:00,52.5000,-6.5000,13.6440
1972-10-16T12:00:00+00:00,52.5000,-5.5000,13.4336
1972-10-16T12:00:00+00:00,52.5000,-4.5000,13.4643
1972-10-16T12:00:00+00:00,51.5000,-6.5000,13.7609
1972-10-16T12:00:00+00:00,51.5000,-5.5000,13.6232
1972-10-16T12:00:00+00:00,51.5000,-4.5000,13.6928
1972-10-16T12:00:00+00:00,51.5000,-3.5000,14.0090
1972-11-16T00:00:00+00:00,53.5000,-5.5000,11.7370
1972-11-16T00:00:00+00:00,53.5000,-4.5000,11.7278
1972-11-16T00:00:00+00:00,53.5000,-3.5000,11.6391
1972-11-16T00:00:00+00:00,52.5000,-6.5000,12.0716
1972-11-16T00:00:00+00:00,52.5000,-5.5000,11.9585
1972-11-16T00:00:00+00:00,52.5000,-4.5000,11.9430
1972-11-16T00:00:00+00:00,51.5000,-6.5000,12.1328
1972-11-16T00:00:00+00:00,51.5000,-5.5000,12.1347
1972-11-16T00:00:00+00:00,51.5000,-4.5000,12.1741
1972-11-16T00:00:00+00:00,51.5000,-3.5000,12.4333
1972-12-16T12:00:00+00:00,53.5000,-5.5000,10.7495
1972-12-16T12:00:00+00:00,53.5000,-4.5000,10.7786
1972-12-16T12:00:00+00:00,53.5000,-3.5000,10.7813
1972-12-16T12:00:00+00:00,52.5000,-6.5000,10.7075
1972-12-16T12:00:00+00:00,52.5000,-5.5000,10.8078
1972-12-16T12:00:00+00:00,52.5000,-4.5000,10.8724
1972-12-16T12:00:00+00:00,51.5000,-6.5000,10.8488
1972-12-16T12:00:00+00:00,51.5000,-5.5000,10.9754
1972-12-16T12:00:00+00:00,51.5000,-4.5000,11.0868
1972-12-16T12:00:00+00:00,51.5000,-3.5000,11.3567
1973-01-16T12:00:00+00:00,53.5000,-5.5000,10.0243
1973-01-16T12:00:00+00:00,53.5000,-4.5000,9.9583
1973-01-16T12:00:00+00:00,53.5000,-3.5000,9.7277
1973-01-16T12:00:00+00:00,52.5000,-6.5000,10.2238
1973-01-16T12:00:00+00:00,52.5000,-5.5000,10.2407
1973-01-16T12:00:00+00:00,52.5000,-4.5000,10.2210
1973-01-16T12:00:00+00:00,51.5000,-6.5000,10.3232
1973-01-16T12:00:00+00:00,51.5000,-5.5000,10.4478
1973-01-16T12:00:00+00:00,51.5000,-4.5000,10.4270
1973-01-16T12:00:00+00:00,51.5000,-3.5000,10.4529
1973-02-15T00:00:00+00:00,53.5000,-5.5000,9.2848
1973-02-15T00:00:00+00:00,53.5000,-4.5000,9.1953
1973-02-15T00:00:00+00:00,53.5000,-3.5000,9.0804
1973-02-15T00:00:00+00:00,52.5000,-6.5000,9.4207
1973-02-15T00:00:00+00:00,52.5000,-5.5000,9.3431
1973-02-15T00:00:00+00:00,52.5000,-4.5000,9.2665
1973-02-15T00:00:00+00:00,51.5000,-6.5000,9.6136
1973-02-15T00:00:00+00:00,51.5000,-5.5000,9.5649
1973-02-15T00:00:00+00:00,51.5000,-4.5000,9.4937
1973-02-15T00:00:00+00:00,51.5000,-3.5000,9.6797
1973-03-16T12:00:00+00:00,53.5000,-5.5000,8.6642
1973-03-16T12:00:00+00:00,53.5000,-4.5000,8.6393
1973-03-16T12:00:00+00:00,53.5000,-3.5000,8.5669
1973-03-16T12:00:00+00:00,52.5000,-6.5000,8.7917
1973-03-16T12:00:00+00:00,52.5000,-5.5000,8.7696
1973-03-16T12:00:00+00:00,52.5000,-4.5000,8.7709
1973-03-16T12:00:00+00:00,51.5000,-6.5000,9.0493
1973-03-16T12:00:00+00:00,51.5000,-5.5000,9.0944
1973-03-16T12:00:00+00:00,51.5000,-4.5000,9.0860
1973-03-16T12:00:00+00:00,51.5000,-3.5000,9.2594
1973-04-16T00:00:00+00:00,53.5000,-5.5000,9.0340
1973-04-16T00:00:00+00:00,53.5000,-4.5000,9.0575
1973-04-16T00:00:00+00:00,53.5000,-3.5000,9.0440
1973-04-16T00:00:00+00:00,52.5000,-6.5000,9.6029
1973-04-16T00:00:00+00:00,52.5000,-5.5000,9.3223
1973-04-16T00:00:00+00:00,52.5000,-4.5000,9.2696
1973-04-16T00:00:00+00:00,51.5000,-6.5000,9.7246
1973-04-16T00:00:00+00:00,51.5000,-5.5000,9.6327
1973-04-16T00:00:00+00:00,51.5000,-4.5000,9.5542
1973-04-16T00:00:00+00:00,51.5000,-3.5000,9.6618
1973-05-16T12:00:00+00:00,53.5000,-5.5000,10.0663
1973-05-16T12:00:00+00:00,53.5000,-4.5000,10.1454
1973-05-16T12:00:00+00:00,53.5000,-3.5000,10.1981
1973-05-16T12:00:00+00:00,52.5000,-6.5000,10.6548
1973-05-16T12:00:00+00:00,52.5000,-5.5000,10.3867
1973-05-16T12:00:00+00:00,52.5000,-4.5000,10.3679
1973-05-16T12:00:00+00:00,51.5000,-6.5000,10.8728
1973-05-16T12:00:00+00:00,51.5000,-5.5000,10.7467
1973-05-16T12:00:00+00:00,51.5000,-4.5000,10.6816
1973-05-16T12:00:00+00:00,51.5000,-3.5000,10.8499
1973-06-16T00:00:00+00:00,53.5000,-5.5000,12.4234
1973-06-16T00:00:00+00:00,53.5000,-4.5000,12.4777
1973-06-16T00:00:00+00:00,53.5000,-3.5000,12.4912
1973-06-16T00:00:00+00:00,52.5000,-6.5000,13.6440
1973-06-16T00:00:00+00:00,52.5000,-5.5000,12.9924
1973-06-16T00:00:00+00:00,52.5000,-4.5000,12.8450
1973-06-16T00:00:00+00:00,51.5000,-6.5000,13.9471
1973-06-16T00:00:00+00:00,51.5000,-5.5000,13.6204
1973-06-16T00:00:00+00:00,51.5000,-4.5000,13.3664
1973-06-16T00:00:00+00:00,51.5000,-3.5000,13.4257
1973-07-16T12:00:00+00:00,53.5000,-5.5000,14.1774
1973-07-16T12:00:00+00:00,53.5000,-4.5000,14.2486
1973-07-16T12:00:00+00:00,53.5000,-3.5000,14.2602
1973-07-16T12:00:00+00:00,52.5000,-6.5000,15.9618
1973-07-16T12:00:00+00:00,52.5000,-5.5000,14.9944
1973-07-16T12:00:00+00:00,52.5000,-4.5000,14.8086
1973-07-16T12:00:00+00:00,51.5000,-6.5000,16.3155
1973-07-16T12:00:00+00:00,51.5000,-5.5000,15.8440
1973-07-16T12:00:00+00:00,51.5000,-4.5000,15.5679
1973-07-16T12:00:00+00:00,51.5000,-3.5000,15.7462
1973-08-16T12:00:00+00:00,53.5000,-5.5000,15.0585
1973-08-16T12:00:00+00:00,53.5000,-4.5000,15.2111
1973-08-16T12:00:00+00:00,53.5000,-3.5000,15.3382
1973-08-16T12:00:00+00:00,52.5000,-6.5000,16.3896
1973-08-16T12:00:00+00:00,52.5000,-5.5000,15.7063
1973-08-16T12:00:00+00:00,52.5000,-4.5000,15.5955
1973-08-16T12:00:00+00:00,51.5000,-6.5000,16.6785
1973-08-16T12:00:00+00:00,51.5000,-5.5000,16.3815
1973-08-16T12:00:00+00:00,51.5000,-4.5000,16.1414
1973-08-16T12:00:00+00:00,51.5000,-3.5000,16.2158
1973-09-16T00:00:00+00:00,53.5000,-5.5000,14.7854
1973-09-16T00:00:00+00:00,53.5000,-4.5000,14.9171
1973-09-16T00:00:00+00:00,53.5000,-3.5000,14.9287
1973-09-16T00:00:00+00:00,52.5000,-6.5000,15.7970
1973-09-16T00:00:00+00:00,52.5000,-5.5000,15.3746
1973-09-16T00:00:00+00:00,52.5000,-4.5000,15.3940
1973-09-16T00:00:00+00:00,51.5000,-6.5000,16.0266
1973-09-16T00:00:00+00:00,51.5000,-5.5000,15.8455
1973-09-16T00:00:00+00:00,51.5000,-4.5000,15.8051
1973-09-16T00:00:00+00:00,51.5000,-3.5000,15.9324
1973-10-16T12:00:00+00:00,53.5000,-5.5000,13.5151
1973-10-16T12:00:00+00:00,53.5000,-4.5000,13.6651
1973-10-16T12:00:00+00:00,53.5000,-3.5000,13.8062
1973-10-16T12:00:00+00:00,52.5000,-6.5000,13.9130
1973-10-16T12:00:00+00:00,52.5000,-5.5000,13.7823
1973-10-16T12:00:00+00:00,52.5000,-4.5000,13.8511
1973-10-16T12:00:00+00:00,51.5000,-6.5000,13.9673
1973-10-16T12:00:00+00:00,51.5000,-5.5000,13.9345
1973-10-16T12:00:00+00:00,51.5000,-4.5000,14.0110
1973-10-16T12:00:00+00:00,51.5000,-3.5000,14.2469
1973-11-16T00:00:00+00:00,53.5000,-5.5000,12.3251
1973-11-16T00:00:00+00:00,53.5000,-4.5000,12.1882
1973-11-16T00:00:00+00:00,53.5000,-3.5000,11.8495
1973-11-16T00:00:00+00:00,52.5000,-6.5000,12.5070
1973-11-16T00:00:00+00:00,52.5000,-5.5000,12.5202
1973-11-16T00:00:00+00:00,52.5000,-4.5000,12.4999
1973-11-16T00:00:00+00:00,51.5000,-6.5000,12.5607
1973-11-16T00:00:00+00:00,51.5000,-5.5000,12.6445
1973-11-16T00:00:00+00:00,51.5000,-4.5000,12.7125
1973-11-16T00:00:00+00:00,51.5000,-3.5000,12.8999
1973-12-16T12:00:00+00:00,53.5000,-5.5000,10.3185
1973-12-16T12:00:00+00:00,53.5000,-4.5000,10.1900
1973-12-16T12:00:00+00:00,53.5000,-3.5000,9.7943
1973-12-16T12:00:00+00:00,52.5000,-6.5000,10.7783
1973-12-16T12:00:00+00:00,52.5000,-5.5000,10.6843
1973-12-16T12:00:00+00:00,52.5000,-4.5000,10.6634
1973-12-16T12:00:00+00:00,51.5000,-6.5000,10.9400
1973-12-16T12:00:00+00:00,51.5000,-5.5000,11.0332
1973-12-16T12:00:00+00:00,51.5000,-4.5000,11.0924
1973-12-16T12:00:00+00:00,51.5000,-3.5000,11.3570
1974-01-16T12:00:00+00:00,53.5000,-5.5000,9.6348
1974-01-16T12:00:00+00:00,53.5000,-4.5000,9.5353
1974-01-16T12:00:00+00:00,53.5000,-3.5000,9.2131
1974-01-16T12:00:00+00:00,52.5000,-6.5000,10.1905
1974-01-16T12:00:00+00:00,52.5000,-5.5000,10.0174
1974-01-16T12:00:00+00:00,52.5000,-4.5000,9.9573
1974-01-16T12:00:00+00:00,51.5000,-6.5000,10.3316
1974-01-16T12:00:00+00:00,51.5000,-5.5000,10.3786
1974-01-16T12:00:00+00:00,51.5000,-4.5000,10.3486
1974-01-16T12:00:00+00:00,51.5000,-3.5000,10.5159
1974-02-15T00:00:00+00:00,53.5000,-5.5000,9.2947
1974-02-15T00:00:00+00:00,53.5000,-4.5000,9.0775
1974-02-15T00:00:00+00:00,53.5000,-3.5000,8.6467
1974-02-15T00:00:00+00:00,52.5000,-6.5000,9.6154
1974-02-15T00:00:00+00:00,52.5000,-5.5000,9.5117
1974-02-15T00:00:00+00:00,52.5000,-4.5000,9.4265
1974-02-15T00:00:00+00:00,51.5000,-6.5000,9.7412
1974-02-15T00:00:00+00:00,51.5000,-5.5000,9.7502
1974-02-15T00:00:00+00:00,51.5000,-4.5000,9.7323
1974-02-15T00:00:00+00:00,51.5000,-3.5000,9.8702
1974-03-16T12:00:00+00:00,53.5000,-5.5000,8.7660
1974-03-16T12:00:00+00:00,53.5000,-4.5000,8.7019
1974-03-16T12:00:00+00:00,53.5000,-3.5000,8.4600
1974-03-16T12:00:00+00:00,52.5000,-6.5000,9.1879
1974-03-16T12:00:00+00:00,52.5000,-5.5000,9.0730
1974-03-16T12:00:00+00:00,52.5000,-4.5000,9.0420
1974-03-16T12:00:00+00:00,51.5000,-6.5000,9.3526
1974-03-16T12:00:00+00:00,51.5000,-5.5000,9.4040
1974-03-16T12:00:00+00:00,51.5000,-4.5000,9.3682
1974-03-16T12:00:00+00:00,51.5000,-3.5000,9.4708
1974-04-16T00:00:00+00:00,53.5000,-5.5000,9.6174
1974-04-16T00:00:00+00:00,53.5000,-4.5000,9.4735
1974-04-16T00:00:00+00:00,53.5000,-3.5000,9.1300
1974-04-16T00:00:00+00:00,52.5000,-6.5000,10.0100
1974-04-16T00:00:00+00:00,52.5000,-5.5000,9.8823
1974-04-16T00:00:00+00:00,52.5000,-4.5000,9.8429
1974-04-16T00:00:00+00:00,51.5000,-6.5000,10.1271
1974-04-16T00:00:00+00:00,51.5000,-5.5000,10.1522
1974-04-16T00:00:00+00:00,51.5000,-4.5000,10.1539
1974-04-16T00:00:00+00:00,51.5000,-3.5000,10.2078
1974-05-16T12:00:00+00:00,53.5000,-5.5000,10.2880
1974-05-16T12:00:00+00:00,53.5000,-4.5000,10.2459
1974-05-16T12:00:00+00:00,53.5000,-3.5000,10.0943
1974-05-16T12:00:00+00:00,52.5000,-6.5000,11.0041
1974-05-16T12:00:00+00:00,52.5000,-5.5000,10.6591
1974-05-16T12:00:00+00:00,52.5000,-4.5000,10.5753
1974-05-16T12:00:00+00:00,51.5000,-6.5000,11.1743
1974-05-16T12:00:00+00:00,51.5000,-5.5000,11.0544
1974-05-16T12:00:00+00:00,51.5000,-4.5000,10.9718
1974-05-16T12:00:00+00:00,51.5000,-3.5000,11.1157
1974-06-16T00:00:00+00:00,53.5000,-5.5000,12.3247
1974-06-16T00:00:00+00:00,53.5000,-4.5000,12.2583
1974-06-16T00:00:00+00:00,53.5000,-3.5000,11.9538
1974-06-16T00:00:00+00:00,52.5000,-6.5000,13.1650
1974-06-16T00:00:00+00:00,52.5000,-5.5000,12.8489
1974-06-16T00:00:00+00:00,52.5000,-4.5000,12.8113
1974-06-16T00:00:00+00:00,51.5000,-6.5000,13.4210
1974-06-16T00:00:00+00:00,51.5000,-5.5000,13.3983
1974-06-16T00:00:00+00:00,51.5000,-4.5000,13.3655
1974-06-16T00:00:00+00:00,51.5000,-3.5000,13.4668
1974-07-16T12:00:00+00:00,53.5000,-5.5000,13.5912
1974-07-16T12:00:00+00:00,53.5000,-4.5000,13.6152
1974-07-16T12:00:00+00:00,53.5000,-3.5000,13.3731
1974-07-16T12:00:00+00:00,52.5000,-6.5000,15.0855
1974-07-16T12:00:00+00:00,52.5000,-5.5000,14.4477
1974-07-16T12:00:00+00:00,52.5000,-4.5000,14.3548
1974-07-16T12:00:00+00:00,51.5000,-6.5000,15.2627
1974-07-16T12:00:00+00:00,51.5000,-5.5000,15.1057
1974-07-16T12:00:00+00:00,51.5000,-4.5000,14.9741
1974-07-16T12:00:00+00:00,51.5000,-3.5000,15.0583
1974-08-16T12:00:00+00:00,53.5000,-5.5000,14.7882
1974-08-16T12:00:00+00:00,53.5000,-4.5000,14.7346
1974-08-16T12:00:00+00:00,53.5000,-3.5000,14.6017
1974-08-16T12:00:00+00:00,52.5000,-6.5000,15.7333
1974-08-16T12:00:00+00:00,52.5000,-5.5000,15.2171
1974-08-16T12:00:00+00:00,52.5000,-4.5000,15.0685
1974-08-16T12:00:00+00:00,51.5000,-6.5000,16.0153
1974-08-16T12:00:00+00:00,51.5000,-5.5000,15.7595
1974-08-16T12:00:00+00:00,51.5000,-4.5000,15.5989
1974-08-16T12:00:00+00:00,51.5000,-3.5000,15.8657
1974-09-16T00:00:00+00:00,53.5000,-5.5000,14.1929
1974-09-16T00:00:00+00:00,53.5000,-4.5000,14.3445
1974-09-16T00:00:00+00:00,53.5000,-3.5000,14.4734
1974-09-16T00:00:00+00:00,52.5000,-6.5000,13.8885
1974-09-16T00:00:00+00:00,52.5000,-5.5000,14.2088
1974-09-16T00:00:00+00:00,52.5000,-4.5000,14.4252
1974-09-16T00:00:00+00:00,51.5000,-6.5000,14.0015
1974-09-16T00:00:00+00:00,51.5000,-5.5000,14.2664
1974-09-16T00:00:00+00:00,51.5000,-4.5000,14.5096
1974-09-16T00:00:00+00:00,51.5000,-3.5000,14.6778
1974-10-16T12:00:00+00:00,53.5000,-5.5000,12.7050
1974-10-16T12:00:00+00:00,53.5000,-4.5000,12.7983
1974-10-16T12:00:00+00:00,53.5000,-3.5000,13.0158
1974-10-16T12:00:00+00:00,52.5000,-6.5000,12.4025
1974-10-16T12:00:00+00:00,52.5000,-5.5000,12.5590
1974-10-16T12:00:00+00:00,52.5000,-4.5000,12.6474
1974-10-16T12:00:00+00:00,51.5000,-6.5000,12.3947
1974-10-16T12:00:00+00:00,51.5000,-5.5000,12.5130
1974-10-16T12:00:00+00:00,51.5000,-4.5000,12.6829
1974-10-16T12:00:00+00:00,51.5000,-3.5000,12.9903
1974-11-16T00:00:00+00:00,53.5000,-5.5000,11.1857
1974-11-16T00:00:00+00:00,53.5000,-4.5000,11.0674
1974-11-16T00:00:00+00:00,53.5000,-3.5000,10.8490
1974-11-16T00:00:00+00:00,52.5000,-6.5000,11.1083
1974-11-16T00:00:00+00:00,52.5000,-5.5000,11.2056
1974-11-16T00:00:00+00:00,52.5000,-4.5000,11.2164
1974-11-16T00:00:00+00:00,51.5000,-6.5000,11.0954
1974-11-16T00:00:00+00:00,51.5000,-5.5000,11.2337
1974-11-16T00:00:00+00:00,51.5000,-4.5000,11.3860
1974-11-16T00:00:00+00:00,51.5000,-3.5000,11.6696
1974-12-16T12:00:00+00:00,53.5000,-5.5000,9.5570
1974-12-16T12:00:00+00:00,53.5000,-4.5000,9.6941
1974-12-16T12:00:00+00:00,53.5000,-3.5000,9.6318
1974-12-16T12:00:00+00:00,52.5000,-6.5000,10.2400
1974-12-16T12:00:00+00:00,52.5000,-5.5000,10.1014
1974-12-16T12:00:00+00:00,52.5000,-4.5000,10.1818
1974-12-16T12:00:00+00:00,51.5000,-6.5000,10.3121
1974-12-16T12:00:00+00:00,51.5000,-5.5000,10.4524
1974-12-16T12:00:00+00:00,51.5000,-4.5000,10.5354
1974-12-16T12:00:00+00:00,51.5000,-3.5000,10.7495
1975-01-16T12:00:00+00:00,53.5000,-5.5000,9.0794
1975-01-16T12:00:00+00:00,53.5000,-4.5000,9.1399
1975-01-16T12:00:00+00:00,53.5000,-3.5000,8.8332
1975-01-16T12:00:00+00:00,52.5000,-6.5000,10.0586
1975-01-16T12:00:00+00:00,52.5000,-5.5000,9.8387
1975-01-16T12:00:00+00:00,52.5000,-4.5000,9.8738
1975-01-16T12:00:00+00:00,51.5000,-6.5000,10.1568
1975-01-16T12:00:00+00:00,51.5000,-5.5000,10.2668
1975-01-16T12:00:00+00:00,51.5000,-4.5000,10.2484
1975-01-16T12:00:00+00:00,51.5000,-3.5000,10.2530
1975-02-15T00:00:00+00:00,53.5000,-5.5000,8.9206
1975-02-15T00:00:00+00:00,53.5000,-4.5000,8.8280
1975-02-15T00:00:00+00:00,53.5000,-3.5000,8.5716
1975-02-15T00:00:00+00:00,52.5000,-6.5000,9.3587
1975-02-15T00:00:00+00:00,52.5000,-5.5000,9.2108
1975-02-15T00:00:00+00:00,52.5000,-4.5000,9.1368
1975-02-15T00:00:00+00:00,51.5000,-6.5000,9.5116
1975-02-15T00:00:00+00:00,51.5000,-5.5000,9.5094
1975-02-15T00:00:00+00:00,51.5000,-4.5000,9.4401
1975-02-15T00:00:00+00:00,51.5000,-3.5000,9.5915
1975-03-16T12:00:00+00:00,53.5000,-5.5000,8.2633
1975-03-16T12:00:00+00:00,53.5000,-4.5000,8.2007
1975-03-16T12:00:00+00:00,53.5000,-3.5000,7.9362
1975-03-16T12:00:00+00:00,52.5000,-6.5000,8.9369
1975-03-16T12:00:00+00:00,52.5000,-5.5000,8.6874
1975-03-16T12:00:00+00:00,52.5000,-4.5000,8.6363
1975-03-16T12:00:00+00:00,51.5000,-6.5000,9.1324
1975-03-16T12:00:00+00:00,51.5000,-5.5000,9.0954
1975-03-16T12:00:00+00:00,51.5000,-4.5000,9.0479
1975-03-16T12:00:00+00:00,51.5000,-3.5000,9.2582
1975-04-16T00:00:00+00:00,53.5000,-5.5000,8.4835
1975-04-16T00:00:00+00:00,53.5000,-4.5000,8.4490
1975-04-16T00:00:00+00:00,53.5000,-3.5000,8.3396
1975-04-16T00:00:00+00:00,52.5000,-6.5000,9.2310
1975-04-16T00:00:00+00:00,52.5000,-5.5000,8.8393
1975-04-16T00:00:00+00:00,52.5000,-4.5000,8.7631
1975-04-16T00:00:00+00:00,51.5000,-6.5000,9.4678
1975-04-16T00:00:00+00:00,51.5000,-5.5000,9.2716
1975-04-16T00:00:00+00:00,51.5000,-4.5000,9.1991
1975-04-16T00:00:00+00:00,51.5000,-3.5000,9.4685
1975-05-16T12:00:00+00:00,53.5000,-5.5000,10.0102
1975-05-16T12:00:00+00:00,53.5000,-4.5000,9.9961
1975-05-16T12:00:00+00:00,53.5000,-3.5000,9.8485
1975-05-16T12:00:00+00:00,52.5000,-6.5000,10.9315
1975-05-16T12:00:00+00:00,52.5000,-5.5000,10.4960
1975-05-16T12:00:00+00:00,52.5000,-4.5000,10.4193
1975-05-16T12:00:00+00:00,51.5000,-6.5000,11.1875
1975-05-16T12:00:00+00:00,51.5000,-5.5000,10.9940
1975-05-16T12:00:00+00:00,51.5000,-4.5000,10.8747
1975-05-16T12:00:00+00:00,51.5000,-3.5000,10.9607
1975-06-16T00:00:00+00:00,53.5000,-5.5000,12.3244
1975-06-16T00:00:00+00:00,53.5000,-4.5000,12.1936
1975-06-16T00:00:00+00:00,53.5000,-3.5000,11.8769
1975-06-16T00:00:00+00:00,52.5000,-6.5000,13.7075
1975-06-16T00:00:00+00:00,52.5000,-5.5000,12.9737
1975-06-16T00:00:00+00:00,52.5000,-4.5000,12.7383
1975-06-16T00:00:00+00:00,51.5000,-6.5000,14.0576
1975-06-16T00:00:00+00:00,51.5000,-5.5000,13.6277
1975-06-16T00:00:00+00:00,51.5000,-4.5000,13.3010
1975-06-16T00:00:00+00:00,51.5000,-3.5000,13.2919
1975-07-16T12:00:00+00:00,53.5000,-5.5000,14.2170
1975-07-16T12:00:00+00:00,53.5000,-4.5000,14.2458
1975-07-16T12:00:00+00:00,53.5000,-3.5000,14.1368
1975-07-16T12:00:00+00:00,52.5000,-6.5000,15.6492
1975-07-16T12:00:00+00:00,52.5000,-5.5000,14.9425
1975-07-16T12:00:00+00:00,52.5000,-4.5000,14.8244
1975-07-16T12:00:00+00:00,51.5000,-6.5000,16.0885
1975-07-16T12:00:00+00:00,51.5000,-5.5000,15.7403
1975-07-16T12:00:00+00:00,51.5000,-4.5000,15.5163
1975-07-16T12:00:00+00:00,51.5000,-3.5000,15.5970
1975-08-16T12:00:00+00:00,53.5000,-5.5000,15.4880
1975-08-16T12:00:00+00:00,53.5000,-4.5000,15.6573
1975-08-16T12:00:00+00:00,53.5000,-3.5000,15.5940
1975-08-16T12:00:00+00:00,52.5000,-6.5000,16.6281
1975-08-16T12:00:00+00:00,52.5000,-5.5000,16.2501
1975-08-16T12:00:00+00:00,52.5000,-4.5000,16.3432
1975-08-16T12:00:00+00:00,51.5000,-6.5000,16.9454
1975-08-16T12:00:00+00:00,51.5000,-5.5000,16.9436
1975-08-16T12:00:00+00:00,51.5000,-4.5000,16.9596
1975-08-16T12:00:00+00:00,51.5000,-3.5000,17.0249
1975-09-16T00:00:00+00:00,53.5000,-5.5000,14.6896
1975-09-16T00:00:00+00:00,53.5000,-4.5000,14.8139
1975-09-16T00:00:00+00:00,53.5000,-3.5000,14.8870
1975-09-16T00:00:00+00:00,52.5000,-6.5000,15.2433
1975-09-16T00:00:00+00:00,52.5000,-5.5000,15.0412
1975-09-16T00:00:00+00:00,52.5000,-4.5000,15.1157
1975-09-16T00:00:00+00:00,51.5000,-6.5000,15.4771
1975-09-16T00:00:00+00:00,51.5000,-5.5000,15.3761
1975-09-16T00:00:00+00:00,51.5000,-4.5000,15.4329
1975-09-16T00:00:00+00:00,51.5000,-3.5000,15.6667
1975-10-16T12:00:00+00:00,53.5000,-5.5000,13.5063
1975-10-16T12:00:00+00:00,53.5000,-4.5000,13.6351
1975-10-16T12:00:00+00:00,53.5000,-3.5000,13.7481
1975-10-16T12:00:00+00:00,52.5000,-6.5000,13.8268
1975-10-16T12:00:00+00:00,52.5000,-5.5000,13.7379
1975-10-16T12:00:00+00:00,52.5000,-4.5000,13.8210
1975-10-16T12:00:00+00:00,51.5000,-6.5000,13.8469
1975-10-16T12:00:00+00:00,51.5000,-5.5000,13.8658
1975-10-16T12:00:00+00:00,51.5000,-4.5000,13.9837
1975-10-16T12:00:00+00:00,51.5000,-3.5000,14.2065
1975-11-16T00:00:00+00:00,53.5000,-5.5000,12.4685
1975-11-16T00:00:00+00:00,53.5000,-4.5000,12.4065
1975-11-16T00:00:00+00:00,53.5000,-3.5000,12.3221
1975-11-16T00:00:00+00:00,52.5000,-6.5000,12.2287
1975-11-16T00:00:00+00:00,52.5000,-5.5000,12.3921
1975-11-16T00:00:00+00:00,52.5000,-4.5000,12.4147
1975-11-16T00:00:00+00:00,51.5000,-6.5000,12.2311
1975-11-16T00:00:00+00:00,51.5000,-5.5000,12.3612
1975-11-16T00:00:00+00:00,51.5000,-4.5000,12.4811
1975-11-16T00:00:00+00:00,51.5000,-3.5000,12.7096
1975-12-16T12:00:00+00:00,53.5000,-5.5000,10.7345
1975-12-16T12:00:00+00:00,53.5000,-4.5000,10.6597
1975-12-16T12:00:00+00:00,53.5000,-3.5000,10.5054
1975-12-16T12:00:00+00:00,52.5000,-6.5000,10.7711
1975-12-16T12:00:00+00:00,52.5000,-5.5000,10.8087
1975-12-16T12:00:00+00:00,52.5000,-4.5000,10.7947
1975-12-16T12:00:00+00:00,51.5000,-6.5000,10.8346
1975-12-16T12:00:00+00:00,51.5000,-5.5000,10.9430
1975-12-16T12:00:00+00:00,51.5000,-4.5000,11.0010
1975-12-16T12:00:00+00:00,51.5000,-3.5000,11.2120
1976-01-16T12:00:00+00:00,53.5000,-5.5000,9.5758
1976-01-16T12:00:00+00:00,53.5000,-4.5000,9.5574
1976-01-16T12:00:00+00:00,53.5000,-3.5000,9.2332
1976-01-16T12:00:00+00:00,52.5000,-6.5000,10.1752
1976-01-16T12:00:00+00:00,52.5000,-5.5000,10.0927
1976-01-16T12:00:00+00:00,52.5000,-4.5000,10.1236
1976-01-16T12:00:00+00:00,51.5000,-6.5000,10.2912
1976-01-16T12:00:00+00:00,51.5000,-5.5000,10.4531
1976-01-16T12:00:00+00:00,51.5000,-4.5000,10.4763
1976-01-16T12:00:00+00:00,51.5000,-3.5000,10.5028
1976-02-15T12:00:00+00:00,53.5000,-5.5000,8.6806
1976-02-15T12:00:00+00:00,53.5000,-4.5000,8.6005
1976-02-15T12:00:00+00:00,53.5000,-3.5000,8.3346
1976-02-15T12:00:00+00:00,52.5000,-6.5000,9.1114
1976-02-15T12:00:00+00:00,52.5000,-5.5000,8.9941
1976-02-15T12:00:00+00:00,52.5000,-4.5000,8.9398
1976-02-15T12:00:00+00:00,51.5000,-6.5000,9.3066
1976-02-15T12:00:00+00:00,51.5000,-5.5000,9.3704
1976-02-15T12:00:00+00:00,51.5000,-4.5000,9.2970
1976-02-15T12:00:00+00:00,51.5000,-3.5000,9.3452
1976-03-16T12:00:00+00:00,53.5000,-5.5000,8.4051
1976-03-16T12:00:00+00:00,53.5000,-4.5000,8.1936
1976-03-16T12:00:00+00:00,53.5000,-3.5000,7.8378
1976-03-16T12:00:00+00:00,52.5000,-6.5000,9.0492
1976-03-16T12:00:00+00:00,52.5000,-5.5000,8.6838
1976-03-16T12:00:00+00:00,52.5000,-4.5000,8.5038
1976-03-16T12:00:00+00:00,51.5000,-6.5000,9.2475
1976-03-16T12:00:00+00:00,51.5000,-5.5000,9.0759
1976-03-16T12:00:00+00:00,51.5000,-4.5000,8.9039
1976-03-16T12:00:00+00:00,51.5000,-3.5000,8.9703
1976-04-16T00:00:00+00:00,53.5000,-5.5000,8.8044
1976-04-16T00:00:00+00:00,53.5000,-4.5000,8.7481
1976-04-16T00:00:00+00:00,53.5000,-3.5000,8.5049
1976-04-16T00:00:00+00:00,52.5000,-6.5000,9.4970
1976-04-16T00:00:00+00:00,52.5000,-5.5000,9.2229
1976-04-16T00:00:00+00:00,52.5000,-4.5000,9.1595
1976-04-16T00:00:00+00:00,51.5000,-6.5000,9.7133
1976-04-16T00:00:00+00:00,51.5000,-5.5000,9.6512
1976-04-16T00:00:00+00:00,51.5000,-4.5000,9.5603
1976-04-16T00:00:00+00:00,51.5000,-3.5000,9.6541
1976-05-16T12:00:00+00:00,53.5000,-5.5000,10.1212
1976-05-16T12:00:00+00:00,53.5000,-4.5000,10.0752
1976-05-16T12:00:00+00:00,53.5000,-3.5000,9.8062
1976-05-16T12:00:00+00:00,52.5000,-6.5000,10.9624
1976-05-16T12:00:00+00:00,52.5000,-5.5000,10.6350
1976-05-16T12:00:00+00:00,52.5000,-4.5000,10.5805
1976-05-16T12:00:00+00:00,51.5000,-6.5000,11.1299
1976-05-16T12:00:00+00:00,51.5000,-5.5000,11.0933
1976-05-16T12:00:00+00:00,51.5000,-4.5000,11.0361
1976-05-16T12:00:00+00:00,51.5000,-3.5000,11.1146
1976-06-16T00:00:00+00:00,53.5000,-5.5000,12.4041
1976-06-16T00:00:00+00:00,53.5000,-4.5000,12.4716
1976-06-16T00:00:00+00:00,53.5000,-3.5000,12.1274
1976-06-16T00:00:00+00:00,52.5000,-6.5000,13.9457
1976-06-16T00:00:00+00:00,52.5000,-5.5000,13.4209
1976-06-16T00:00:00+00:00,52.5000,-4.5000,13.4029
1976-06-16T00:00:00+00:00,51.5000,-6.5000,14.2687
1976-06-16T00:00:00+00:00,51.5000,-5.5000,14.2543
1976-06-16T00:00:00+00:00,51.5000,-4.5000,14.1463
1976-06-16T00:00:00+00:00,51.5000,-3.5000,14.1891
1976-07-16T12:00:00+00:00,53.5000,-5.5000,14.6624
1976-07-16T12:00:00+00:00,53.5000,-4.5000,14.6801
1976-07-16T12:00:00+00:00,53.5000,-3.5000,14.4106
1976-07-16T12:00:00+00:00,52.5000,-6.5000,16.3732
1976-07-16T12:00:00+00:00,52.5000,-5.5000,15.6157
1976-07-16T12:00:00+00:00,52.5000,-4.5000,15.5306
1976-07-16T12:00:00+00:00,51.5000,-6.5000,16.8642
1976-07-16T12:00:00+00:00,51.5000,-5.5000,16.6090
1976-07-16T12:00:00+00:00,51.5000,-4.5000,16.4565
1976-07-16T12:00:00+00:00,51.5000,-3.5000,16.6576
1976-08-16T12:00:00+00:00,53.5000,-5.5000,16.1098
1976-08-16T12:00:00+00:00,53.5000,-4.5000,15.9752
1976-08-16T12:00:00+00:00,53.5000,-3.5000,15.6958
1976-08-16T12:00:00+00:00,52.5000,-6.5000,17.4216
1976-08-16T12:00:00+00:00,52.5000,-5.5000,16.6882
1976-08-16T12:00:00+00:00,52.5000,-4.5000,16.4480
1976-08-16T12:00:00+00:00,51.5000,-6.5000,17.7629
1976-08-16T12:00:00+00:00,51.5000,-5.5000,17.3439
1976-08-16T12:00:00+00:00,51.5000,-4.5000,17.0374
1976-08-16T12:00:00+00:00,51.5000,-3.5000,17.0920
1976-09-16T00:00:00+00:00,53.5000,-5.5000,14.7209
1976-09-16T00:00:00+00:00,53.5000,-4.5000,14.7232
1976-09-16T00:00:00+00:00,53.5000,-3.5000,14.7649
1976-09-16T00:00:00+00:00,52.5000,-6.5000,15.1825
1976-09-16T00:00:00+00:00,52.5000,-5.5000,14.8900
1976-09-16T00:00:00+00:00,52.5000,-4.5000,14.8419
1976-09-16T00:00:00+00:00,51.5000,-6.5000,15.5079
1976-09-16T00:00:00+00:00,51.5000,-5.5000,15.1951
1976-09-16T00:00:00+00:00,51.5000,-4.5000,15.1252
1976-09-16T00:00:00+00:00,51.5000,-3.5000,15.4022
1976-10-16T12:00:00+00:00,53.5000,-5.5000,13.7282
1976-10-16T12:00:00+00:00,53.5000,-4.5000,13.7463
1976-10-16T12:00:00+00:00,53.5000,-3.5000,13.7474
1976-10-16T12:00:00+00:00,52.5000,-6.5000,13.5475
1976-10-16T12:00:00+00:00,52.5000,-5.5000,13.7067
1976-10-16T12:00:00+00:00,52.5000,-4.5000,13.8160
1976-10-16T12:00:00+00:00,51.5000,-6.5000,13.5978
1976-10-16T12:00:00+00:00,51.5000,-5.5000,13.6795
1976-10-16T12:00:00+00:00,51.5000,-4.5000,13.8706
1976-10-16T12:00:00+00:00,51.5000,-3.5000,14.1116
1976-11-16T00:00:00+00:00,53.5000,-5.5000,11.8473
1976-11-16T00:00:00+00:00,53.5000,-4.5000,11.8592
1976-11-16T00:00:00+00:00,53.5000,-3.5000,11.6080
1976-11-16T00:00:00+00:00,52.5000,-6.5000,12.0608
1976-11-16T00:00:00+00:00,52.5000,-5.5000,12.1921
1976-11-16T00:00:00+00:00,52.5000,-4.5000,12.3011
1976-11-16T00:00:00+00:00,51.5000,-6.5000,12.0008
1976-11-16T00:00:00+00:00,51.5000,-5.5000,12.2845
1976-11-16T00:00:00+00:00,51.5000,-4.5000,12.4562
1976-11-16T00:00:00+00:00,51.5000,-3.5000,12.5101
1976-12-16T12:00:00+00:00,53.5000,-5.5000,10.2642
1976-12-16T12:00:00+00:00,53.5000,-4.5000,10.2333
1976-12-16T12:00:00+00:00,53.5000,-3.5000,9.9365
1976-12-16T12:00:00+00:00,52.5000,-6.5000,10.4790
1976-12-16T12:00:00+00:00,52.5000,-5.5000,10.5913
1976-12-16T12:00:00+00:00,52.5000,-4.5000,10.6504
1976-12-16T12:00:00+00:00,51.5000,-6.5000,10.4420
1976-12-16T12:00:00+00:00,51.5000,-5.5000,10.7401
1976-12-16T12:00:00+00:00,51.5000,-4.5000,10.8475
1976-12-16T12:00:00+00:00,51.5000,-3.5000,10.8602
1977-01-16T12:00:00+00:00,53.5000,-5.5000,9.3662
1977-01-16T12:00:00+00:00,53.5000,-4.5000,9.1977
1977-01-16T12:00:00+00:00,53.5000,-3.5000,8.8469
1977-01-16T12:00:00+00:00,52.5000,-6.5000,9.6309
1977-01-16T12:00:00+00:00,52.5000,-5.5000,9.5639
1977-01-16T12:00:00+00:00,52.5000,-4.5000,9.4686
1977-01-16T12:00:00+00:00,51.5000,-6.5000,9.6807
1977-01-16T12:00:00+00:00,51.5000,-5.5000,9.7496
1977-01-16T12:00:00+00:00,51.5000,-4.5000,9.6984
1977-01-16T12:00:00+00:00,51.5000,-3.5000,9.7650
1977-02-15T00:00:00+00:00,53.5000,-5.5000,8.7264
1977-02-15T00:00:00+00:00,53.5000,-4.5000,8.5776
1977-02-15T00:00:00+00:00,53.5000,-3.5000,8.2262
1977-02-15T00:00:00+00:00,52.5000,-6.5000,8.9029
1977-02-15T00:00:00+00:00,52.5000,-5.5000,8.9179
1977-02-15T00:00:00+00:00,52.5000,-4.5000,8.8877
1977-02-15T00:00:00+00:00,51.5000,-6.5000,9.0869
1977-02-15T00:00:00+00:00,51.5000,-5.5000,9.1665
1977-02-15T00:00:00+00:00,51.5000,-4.5000,9.1636
1977-02-15T00:00:00+00:00,51.5000,-3.5000,9.2718
1977-03-16T12:00:00+00:00,53.5000,-5.5000,8.3019
1977-03-16T12:00:00+00:00,53.5000,-4.5000,8.2228
1977-03-16T12:00:00+00:00,53.5000,-3.5000,7.9058
1977-03-16T12:00:00+00:00,52.5000,-6.5000,8.9970
1977-03-16T12:00:00+00:00,52.5000,-5.5000,8.7557
1977-03-16T12:00:00+00:00,52.5000,-4.5000,8.7145
1977-03-16T12:00:00+00:00,51.5000,-6.5000,9.1690
1977-03-16T12:00:00+00:00,51.5000,-5.5000,9.1697
1977-03-16T12:00:00+00:00,51.5000,-4.5000,9.1539
1977-03-16T12:00:00+00:00,51.5000,-3.5000,9.3742
1977-04-16T00:00:00+00:00,53.5000,-5.5000,8.9887
1977-04-16T00:00:00+00:00,53.5000,-4.5000,8.9173
1977-04-16T00:00:00+00:00,53.5000,-3.5000,8.7562
1977-04-16T00:00:00+00:00,52.5000,-6.5000,9.5837
1977-04-16T00:00:00+00:00,52.5000,-5.5000,9.2780
1977-04-16T00:00:00+00:00,52.5000,-4.5000,9.1746
1977-04-16T00:00:00+00:00,51.5000,-6.5000,9.6725
1977-04-16T00:00:00+00:00,51.5000,-5.5000,9.5920
1977-04-16T00:00:00+00:00,51.5000,-4.5000,9.5101
1977-04-16T00:00:00+00:00,51.5000,-3.5000,9.6700
1977-05-16T12:00:00+00:00,53.5000,-5.5000,10.2703
1977-05-16T12:00:00+00:00,53.5000,-4.5000,10.1592
1977-05-16T12:00:00+00:00,53.5000,-3.5000,9.9184
1977-05-16T12:00:00+00:00,52.5000,-6.5000,10.9370
1977-05-16T12:00:00+00:00,52.5000,-5.5000,10.6004
1977-05-16T12:00:00+00:00,52.5000,-4.5000,10.4741
1977-05-16T12:00:00+00:00,51.5000,-6.5000,11.1078
1977-05-16T12:00:00+00:00,51.5000,-5.5000,10.9799
1977-05-16T12:00:00+00:00,51.5000,-4.5000,10.8561
1977-05-16T12:00:00+00:00,51.5000,-3.5000,10.9405
1977-06-16T00:00:00+00:00,53.5000,-5.5000,12.2003
1977-06-16T00:00:00+00:00,53.5000,-4.5000,12.1356
1977-06-16T00:00:00+00:00,53.5000,-3.5000,12.0064
1977-06-16T00:00:00+00:00,52.5000,-6.5000,13.3474
1977-06-16T00:00:00+00:00,52.5000,-5.5000,12.6935
1977-06-16T00:00:00+00:00,52.5000,-4.5000,12.4989
1977-06-16T00:00:00+00:00,51.5000,-6.5000,13.4509
1977-06-16T00:00:00+00:00,51.5000,-5.5000,13.0647
1977-06-16T00:00:00+00:00,51.5000,-4.5000,12.8431
1977-06-16T00:00:00+00:00,51.5000,-3.5000,12.9220
1977-07-16T12:00:00+00:00,53.5000,-5.5000,13.9100
1977-07-16T12:00:00+00:00,53.5000,-4.5000,13.9159
1977-07-16T12:00:00+00:00,53.5000,-3.5000,13.7639
1977-07-16T12:00:00+00:00,52.5000,-6.5000,15.0232
1977-07-16T12:00:00+00:00,52.5000,-5.5000,14.5181
1977-07-16T12:00:00+00:00,52.5000,-4.5000,14.4593
1977-07-16T12:00:00+00:00,51.5000,-6.5000,15.3224
1977-07-16T12:00:00+00:00,51.5000,-5.5000,15.1206
1977-07-16T12:00:00+00:00,51.5000,-4.5000,15.0335
1977-07-16T12:00:00+00:00,51.5000,-3.5000,15.1992
1977-08-16T12:00:00+00:00,53.5000,-5.5000,15.2090
1977-08-16T12:00:00+00:00,53.5000,-4.5000,15.2897
1977-08-16T12:00:00+00:00,53.5000,-3.5000,15.3230
1977-08-16T12:00:00+00:00,52.5000,-6.5000,16.3404
1977-08-16T12:00:00+00:00,52.5000,-5.5000,15.7583
1977-08-16T12:00:00+00:00,52.5000,-4.5000,15.6363
1977-08-16T12:00:00+00:00,51.5000,-6.5000,16.5777
1977-08-16T12:00:00+00:00,51.5000,-5.5000,16.2582
1977-08-16T12:00:00+00:00,51.5000,-4.5000,15.9980
1977-08-16T12:00:00+00:00,51.5000,-3.5000,15.9218
1977-09-16T00:00:00+00:00,53.5000,-5.5000,14.7312
1977-09-16T00:00:00+00:00,53.5000,-4.5000,14.8234
1977-09-16T00:00:00+00:00,53.5000,-3.5000,14.6561
1977-09-16T00:00:00+00:00,52.5000,-6.5000,15.3774
1977-09-16T00:00:00+00:00,52.5000,-5.5000,15.2782
1977-09-16T00:00:00+00:00,52.5000,-4.5000,15.3719
1977-09-16T00:00:00+00:00,51.5000,-6.5000,15.5338
1977-09-16T00:00:00+00:00,51.5000,-5.5000,15.6213
1977-09-16T00:00:00+00:00,51.5000,-4.5000,15.6750
1977-09-16T00:00:00+00:00,51.5000,-3.5000,15.7006
1977-10-16T12:00:00+00:00,53.5000,-5.5000,14.0600
1977-10-16T12:00:00+00:00,53.5000,-4.5000,14.1720
1977-10-16T12:00:00+00:00,53.5000,-3.5000,14.1409
1977-10-16T12:00:00+00:00,52.5000,-6.5000,14.3114
1977-10-16T12:00:00+00:00,52.5000,-5.5000,14.3650
1977-10-16T12:00:00+00:00,52.5000,-4.5000,14.5090
1977-10-16T12:00:00+00:00,51.5000,-6.5000,14.3458
1977-10-16T12:00:00+00:00,51.5000,-5.5000,14.5000
1977-10-16T12:00:00+00:00,51.5000,-4.5000,14.6562
1977-10-16T12:00:00+00:00,51.5000,-3.5000,14.6961
1977-11-16T00:00:00+00:00,53.5000,-5.5000,12.3796
1977-11-16T00:00:00+00:00,53.5000,-4.5000,12.4534
1977-11-16T00:00:00+00:00,53.5000,-3.5000,12.3762
1977-11-16T00:00:00+00:00,52.5000,-6.5000,12.2848
1977-11-16T00:00:00+00:00,52.5000,-5.5000,12.5463
1977-11-16T00:00:00+00:00,52.5000,-4.5000,12.7041
1977-11-16T00:00:00+00:00,51.5000,-6.5000,12.2739
1977-11-16T00:00:00+00:00,51.5000,-5.5000,12.6068
1977-11-16T00:00:00+00:00,51.5000,-4.5000,12.8233
1977-11-16T00:00:00+00:00,51.5000,-3.5000,12.9399
1977-12-16T12:00:00+00:00,53.5000,-5.5000,10.6895
1977-12-16T12:00:00+00:00,53.5000,-4.5000,10.6927
1977-12-16T12:00:00+00:00,53.5000,-3.5000,10.6294
1977-12-16T12:00:00+00:00,52.5000,-6.5000,10.7423
1977-12-16T12:00:00+00:00,52.5000,-5.5000,10.8033
1977-12-16T12:00:00+00:00,52.5000,-4.5000,10.8366
1977-12-16T12:00:00+00:00,51.5000,-6.5000,10.7981
1977-12-16T12:00:00+00:00,51.5000,-5.5000,10.9199
1977-12-16T12:00:00+00:00,51.5000,-4.5000,10.9903
1977-12-16T12:00:00+00:00,51.5000,-3.5000,11.1380
1978-01-16T12:00:00+00:00,53.5000,-5.5000,9.4330
1978-01-16T12:00:00+00:00,53.5000,-4.5000,9.2947
1978-01-16T12:00:00+00:00,53.5000,-3.5000,8.8977
1978-01-16T12:00:00+00:00,52.5000,-6.5000,9.8558
1978-01-16T12:00:00+00:00,52.5000,-5.5000,9.7736
1978-01-16T12:00:00+00:00,52.5000,-4.5000,9.7103
1978-01-16T12:00:00+00:00,51.5000,-6.5000,9.9720
1978-01-16T12:00:00+00:00,51.5000,-5.5000,10.0524
1978-01-16T12:00:00+00:00,51.5000,-4.5000,10.0037
1978-01-16T12:00:00+00:00,51.5000,-3.5000,10.0492
1978-02-15T00:00:00+00:00,53.5000,-5.5000,8.4587
1978-02-15T00:00:00+00:00,53.5000,-4.5000,8.2522
1978-02-15T00:00:00+00:00,53.5000,-3.5000,7.8755
1978-02-15T00:00:00+00:00,52.5000,-6.5000,8.8377
1978-02-15T00:00:00+00:00,52.5000,-5.5000,8.6667
1978-02-15T00:00:00+00:00,52.5000,-4.5000,8.5250
1978-02-15T00:00:00+00:00,51.5000,-6.5000,9.0092
1978-02-15T00:00:00+00:00,51.5000,-5.5000,8.8928
1978-02-15T00:00:00+00:00,51.5000,-4.5000,8.7592
1978-02-15T00:00:00+00:00,51.5000,-3.5000,8.8597
1978-03-16T12:00:00+00:00,53.5000,-5.5000,7.9851
1978-03-16T12:00:00+00:00,53.5000,-4.5000,7.8482
1978-03-16T12:00:00+00:00,53.5000,-3.5000,7.6339
1978-03-16T12:00:00+00:00,52.5000,-6.5000,8.6283
1978-03-16T12:00:00+00:00,52.5000,-5.5000,8.2486
1978-03-16T12:00:00+00:00,52.5000,-4.5000,8.0923
1978-03-16T12:00:00+00:00,51.5000,-6.5000,8.8682
1978-03-16T12:00:00+00:00,51.5000,-5.5000,8.6706
1978-03-16T12:00:00+00:00,51.5000,-4.5000,8.5151
1978-03-16T12:00:00+00:00,51.5000,-3.5000,8.7065
1978-04-16T00:00:00+00:00,53.5000,-5.5000,8.5247
1978-04-16T00:00:00+00:00,53.5000,-4.5000,8.3996
1978-04-16T00:00:00+00:00,53.5000,-3.5000,8.2123
1978-04-16T00:00:00+00:00,52.5000,-6.5000,9.0941
1978-04-16T00:00:00+00:00,52.5000,-5.5000,8.7499
1978-04-16T00:00:00+00:00,52.5000,-4.5000,8.6341
1978-04-16T00:00:00+00:00,51.5000,-6.5000,9.2616
1978-04-16T00:00:00+00:00,51.5000,-5.5000,9.0845
1978-04-16T00:00:00+00:00,51.5000,-4.5000,9.0161
1978-04-16T00:00:00+00:00,51.5000,-3.5000,9.2649
1978-05-16T12:00:00+00:00,53.5000,-5.5000,10.3465
1978-05-16T12:00:00+00:00,53.5000,-4.5000,10.2235
1978-05-16T12:00:00+00:00,53.5000,-3.5000,9.8526
1978-05-16T12:00:00+00:00,52.5000,-6.5000,11.3111
1978-05-16T12:00:00+00:00,52.5000,-5.5000,10.8845
1978-05-16T12:00:00+00:00,52.5000,-4.5000,10.7293
1978-05-16T12:00:00+00:00,51.5000,-6.5000,11.4380
1978-05-16T12:00:00+00:00,51.5000,-5.5000,11.2594
1978-05-16T12:00:00+00:00,51.5000,-4.5000,11.0578
1978-05-16T12:00:00+00:00,51.5000,-3.5000,10.9800
1978-06-16T00:00:00+00:00,53.5000,-5.5000,12.1623
1978-06-16T00:00:00+00:00,53.5000,-4.5000,12.0862
1978-06-16T00:00:00+00:00,53.5000,-3.5000,11.8300
1978-06-16T00:00:00+00:00,52.5000,-6.5000,13.3506
1978-06-16T00:00:00+00:00,52.5000,-5.5000,12.7638
1978-06-16T00:00:00+00:00,52.5000,-4.5000,12.6242
1978-06-16T00:00:00+00:00,51.5000,-6.5000,13.6188
1978-06-16T00:00:00+00:00,51.5000,-5.5000,13.3674
1978-06-16T00:00:00+00:00,51.5000,-4.5000,13.2079
1978-06-16T00:00:00+00:00,51.5000,-3.5000,13.3456
1978-07-16T12:00:00+00:00,53.5000,-5.5000,12.9665
1978-07-16T12:00:00+00:00,53.5000,-4.5000,12.9496
1978-07-16T12:00:00+00:00,53.5000,-3.5000,12.7342
1978-07-16T12:00:00+00:00,52.5000,-6.5000,13.8601
1978-07-16T12:00:00+00:00,52.5000,-5.5000,13.5129
1978-07-16T12:00:00+00:00,52.5000,-4.5000,13.5182
1978-07-16T12:00:00+00:00,51.5000,-6.5000,14.1960
1978-07-16T12:00:00+00:00,51.5000,-5.5000,14.0769
1978-07-16T12:00:00+00:00,51.5000,-4.5000,14.0848
1978-07-16T12:00:00+00:00,51.5000,-3.5000,14.3032
1978-08-16T12:00:00+00:00,53.5000,-5.5000,14.3669
1978-08-16T12:00:00+00:00,53.5000,-4.5000,14.2807
1978-08-16T12:00:00+00:00,53.5000,-3.5000,14.0033
1978-08-16T12:00:00+00:00,52.5000,-6.5000,15.3683
1978-08-16T12:00:00+00:00,52.5000,-5.5000,14.8946
1978-08-16T12:00:00+00:00,52.5000,-4.5000,14.8081
1978-08-16T12:00:00+00:00,51.5000,-6.5000,15.6476
1978-08-16T12:00:00+00:00,51.5000,-5.5000,15.4211
1978-08-16T12:00:00+00:00,51.5000,-4.5000,15.3504
1978-08-16T12:00:00+00:00,51.5000,-3.5000,15.5949
1978-09-16T00:00:00+00:00,53.5000,-5.5000,14.5460
1978-09-16T00:00:00+00:00,53.5000,-4.5000,14.5260
1978-09-16T00:00:00+00:00,53.5000,-3.5000,14.3060
1978-09-16T00:00:00+00:00,52.5000,-6.5000,15.4987
1978-09-16T00:00:00+00:00,52.5000,-5.5000,15.0945
1978-09-16T00:00:00+00:00,52.5000,-4.5000,15.0431
1978-09-16T00:00:00+00:00,51.5000,-6.5000,15.7762
1978-09-16T00:00:00+00:00,51.5000,-5.5000,15.6162
1978-09-16T00:00:00+00:00,51.5000,-4.5000,15.5295
1978-09-16T00:00:00+00:00,51.5000,-3.5000,15.6094
1978-10-16T12:00:00+00:00,53.5000,-5.5000,13.6464
1978-10-16T12:00:00+00:00,53.5000,-4.5000,13.8114
1978-10-16T12:00:00+00:00,53.5000,-3.5000,13.7482
1978-10-16T12:00:00+00:00,52.5000,-6.5000,14.3107
1978-10-16T12:00:00+00:00,52.5000,-5.5000,14.2118
1978-10-16T12:00:00+00:00,52.5000,-4.5000,14.3806
1978-10-16T12:00:00+00:00,51.5000,-6.5000,14.4946
1978-10-16T12:00:00+00:00,51.5000,-5.5000,14.5463
1978-10-16T12:00:00+00:00,51.5000,-4.5000,14.6984
1978-10-16T12:00:00+00:00,51.5000,-3.5000,14.8789
1978-11-16T00:00:00+00:00,53.5000,-5.5000,12.6182
1978-11-16T00:00:00+00:00,53.5000,-4.5000,12.6524
1978-11-16T00:00:00+00:00,53.5000,-3.5000,12.5016
1978-11-16T00:00:00+00:00,52.5000,-6.5000,13.1432
1978-11-16T00:00:00+00:00,52.5000,-5.5000,13.0274
1978-11-16T00:00:00+00:00,52.5000,-4.5000,13.0472
1978-11-16T00:00:00+00:00,51.5000,-6.5000,13.2490
1978-11-16T00:00:00+00:00,51.5000,-5.5000,13.2574
1978-11-16T00:00:00+00:00,51.5000,-4.5000,13.2773
1978-11-16T00:00:00+00:00,51.5000,-3.5000,13.4521
1978-12-16T12:00:00+00:00,53.5000,-5.5000,11.0863
1978-12-16T12:00:00+00:00,53.5000,-4.5000,11.0645
1978-12-16T12:00:00+00:00,53.5000,-3.5000,10.8292
1978-12-16T12:00:00+00:00,52.5000,-6.5000,11.4252
1978-12-16T12:00:00+00:00,52.5000,-5.5000,11.4209
1978-12-16T12:00:00+00:00,52.5000,-4.5000,11.4303
1978-12-16T12:00:00+00:00,51.5000,-6.5000,11.5125
1978-12-16T12:00:00+00:00,51.5000,-5.5000,11.6409
1978-12-16T12:00:00+00:00,51.5000,-4.5000,11.6575
1978-12-16T12:00:00+00:00,51.5000,-3.5000,11.7565
1979-01-16T12:00:00+00:00,53.5000,-5.5000,9.1408
1979-01-16T12:00:00+00:00,53.5000,-4.5000,8.9736
1979-01-16T12:00:00+00:00,53.5000,-3.5000,8.6151
1979-01-16T12:00:00+00:00,52.5000,-6.5000,9.6329
1979-01-16T12:00:00+00:00,52.5000,-5.5000,9.4337
1979-01-16T12:00:00+00:00,52.5000,-4.5000,9.2925
1979-01-16T12:00:00+00:00,51.5000,-6.5000,9.8112
1979-01-16T12:00:00+00:00,51.5000,-5.5000,9.7641
1979-01-16T12:00:00+00:00,51.5000,-4.5000,9.6053
1979-01-16T12:00:00+00:00,51.5000,-3.5000,9.6172
1979-02-15T00:00:00+00:00,53.5000,-5.5000,7.4766
1979-02-15T00:00:00+00:00,53.5000,-4.5000,7.4072
1979-02-15T00:00:00+00:00,53.5000,-3.5000,7.2760
1979-02-15T00:00:00+00:00,52.5000,-6.5000,8.5011
1979-02-15T00:00:00+00:00,52.5000,-5.5000,7.9160
1979-02-15T00:00:00+00:00,52.5000,-4.5000,7.7135
1979-02-15T00:00:00+00:00,51.5000,-6.5000,8.8570
1979-02-15T00:00:00+00:00,51.5000,-5.5000,8.5021
1979-02-15T00:00:00+00:00,51.5000,-4.5000,8.2406
1979-02-15T00:00:00+00:00,51.5000,-3.5000,8.5117
1979-03-16T12:00:00+00:00,53.5000,-5.5000,7.4846
1979-03-16T12:00:00+00:00,53.5000,-4.5000,7.4013
1979-03-16T12:00:00+00:00,53.5000,-3.5000,7.1881
1979-03-16T12:00:00+00:00,52.5000,-6.5000,8.3069
1979-03-16T12:00:00+00:00,52.5000,-5.5000,7.8919
1979-03-16T12:00:00+00:00,52.5000,-4.5000,7.7631
1979-03-16T12:00:00+00:00,51.5000,-6.5000,8.6757
1979-03-16T12:00:00+00:00,51.5000,-5.5000,8.4743
1979-03-16T12:00:00+00:00,51.5000,-4.5000,8.2890
1979-03-16T12:00:00+00:00,51.5000,-3.5000,8.4441
1979-04-16T00:00:00+00:00,53.5000,-5.5000,7.9026
1979-04-16T00:00:00+00:00,53.5000,-4.5000,7.8266
1979-04-16T00:00:00+00:00,53.5000,-3.5000,7.6442
1979-04-16T00:00:00+00:00,52.5000,-6.5000,8.8027
1979-04-16T00:00:00+00:00,52.5000,-5.5000,8.3198
1979-04-16T00:00:00+00:00,52.5000,-4.5000,8.1789
1979-04-16T00:00:00+00:00,51.5000,-6.5000,9.1316
1979-04-16T00:00:00+00:00,51.5000,-5.5000,8.8913
1979-04-16T00:00:00+00:00,51.5000,-4.5000,8.7350
1979-04-16T00:00:00+00:00,51.5000,-3.5000,9.0357
1979-05-16T12:00:00+00:00,53.5000,-5.5000,9.0926
1979-05-16T12:00:00+00:00,53.5000,-4.5000,9.0937
1979-05-16T12:00:00+00:00,53.5000,-3.5000,8.8570
1979-05-16T12:00:00+00:00,52.5000,-6.5000,10.2110
1979-05-16T12:00:00+00:00,52.5000,-5.5000,9.7514
1979-05-16T12:00:00+00:00,52.5000,-4.5000,9.6993
1979-05-16T12:00:00+00:00,51.5000,-6.5000,10.4404
1979-05-16T12:00:00+00:00,51.5000,-5.5000,10.3238
1979-05-16T12:00:00+00:00,51.5000,-4.5000,10.2462
1979-05-16T12:00:00+00:00,51.5000,-3.5000,10.3777
1979-06-16T00:00:00+00:00,53.5000,-5.5000,11.5185
1979-06-16T00:00:00+00:00,53.5000,-4.5000,11.4250
1979-06-16T00:00:00+00:00,53.5000,-3.5000,11.1353
1979-06-16T00:00:00+00:00,52.5000,-6.5000,13.0026
1979-06-16T00:00:00+00:00,52.5000,-5.5000,12.2365
1979-06-16T00:00:00+00:00,52.5000,-4.5000,12.0577
1979-06-16T00:00:00+00:00,51.5000,-6.5000,13.2609
1979-06-16T00:00:00+00:00,51.5000,-5.5000,12.9373
1979-06-16T00:00:00+00:00,51.5000,-4.5000,12.7829
1979-06-16T00:00:00+00:00,51.5000,-3.5000,13.0880
1979-07-16T12:00:00+00:00,53.5000,-5.5000,13.3609
1979-07-16T12:00:00+00:00,53.5000,-4.5000,13.3106
1979-07-16T12:00:00+00:00,53.5000,-3.5000,12.9555
1979-07-16T12:00:00+00:00,52.5000,-6.5000,15.0780
1979-07-16T12:00:00+00:00,52.5000,-5.5000,14.2930
1979-07-16T12:00:00+00:00,52.5000,-4.5000,14.1388
1979-07-16T12:00:00+00:00,51.5000,-6.5000,15.4671
1979-07-16T12:00:00+00:00,51.5000,-5.5000,15.1876
1979-07-16T12:00:00+00:00,51.5000,-4.5000,15.0003
1979-07-16T12:00:00+00:00,51.5000,-3.5000,15.2616
1979-08-16T12:00:00+00:00,53.5000,-5.5000,14.0289
1979-08-16T12:00:00+00:00,53.5000,-4.5000,13.8754
1979-08-16T12:00:00+00:00,53.5000,-3.5000,13.4161
1979-08-16T12:00:00+00:00,52.5000,-6.5000,15.3163
1979-08-16T12:00:00+00:00,52.5000,-5.5000,14.7253
1979-08-16T12:00:00+00:00,52.5000,-4.5000,14.5895
1979-08-16T12:00:00+00:00,51.5000,-6.5000,15.5350
1979-08-16T12:00:00+00:00,51.5000,-5.5000,15.2739
1979-08-16T12:00:00+00:00,51.5000,-4.5000,15.1841
1979-08-16T12:00:00+00:00,51.5000,-3.5000,15.4691
1979-09-16T00:00:00+00:00,53.5000,-5.5000,14.0070
1979-09-16T00:00:00+00:00,53.5000,-4.5000,14.1146
1979-09-16T00:00:00+00:00,53.5000,-3.5000,14.0002
1979-09-16T00:00:00+00:00,52.5000,-6.5000,15.2769
1979-09-16T00:00:00+00:00,52.5000,-5.5000,14.7683
1979-09-16T00:00:00+00:00,52.5000,-4.5000,14.7725
1979-09-16T00:00:00+00:00,51.5000,-6.5000,15.4042
1979-09-16T00:00:00+00:00,51.5000,-5.5000,15.2679
1979-09-16T00:00:00+00:00,51.5000,-4.5000,15.2541
1979-09-16T00:00:00+00:00,51.5000,-3.5000,15.4235
1979-10-16T12:00:00+00:00,53.5000,-5.5000,13.5357
1979-10-16T12:00:00+00:00,53.5000,-4.5000,13.6527
1979-10-16T12:00:00+00:00,53.5000,-3.5000,13.6340
1979-10-16T12:00:00+00:00,52.5000,-6.5000,13.8910
1979-10-16T12:00:00+00:00,52.5000,-5.5000,13.8766
1979-10-16T12:00:00+00:00,52.5000,-4.5000,13.9947
1979-10-16T12:00:00+00:00,51.5000,-6.5000,14.0811
1979-10-16T12:00:00+00:00,51.5000,-5.5000,14.2125
1979-10-16T12:00:00+00:00,51.5000,-4.5000,14.3590
1979-10-16T12:00:00+00:00,51.5000,-3.5000,14.4867
1979-11-16T00:00:00+00:00,53.5000,-5.5000,12.3760
1979-11-16T00:00:00+00:00,53.5000,-4.5000,12.3878
1979-11-16T00:00:00+00:00,53.5000,-3.5000,12.2812
1979-11-16T00:00:00+00:00,52.5000,-6.5000,12.2555
1979-11-16T00:00:00+00:00,52.5000,-5.5000,12.4694
1979-11-16T00:00:00+00:00,52.5000,-4.5000,12.5706
1979-11-16T00:00:00+00:00,51.5000,-6.5000,12.3313
1979-11-16T00:00:00+00:00,51.5000,-5.5000,12.5876
1979-11-16T00:00:00+00:00,51.5000,-4.5000,12.7582
1979-11-16T00:00:00+00:00,51.5000,-3.5000,12.9660
1979-12-16T12:00:00+00:00,53.5000,-5.5000,10.5892
1979-12-16T12:00:00+00:00,53.5000,-4.5000,10.6618
1979-12-16T12:00:00+00:00,53.5000,-3.5000,10.6512
1979-12-16T12:00:00+00:00,52.5000,-6.5000,11.0371
1979-12-16T12:00:00+00:00,52.5000,-5.5000,10.9076
1979-12-16T12:00:00+00:00,52.5000,-4.5000,10.9503
1979-12-16T12:00:00+00:00,51.5000,-6.5000,11.1040
1979-12-16T12:00:00+00:00,51.5000,-5.5000,11.1532
1979-12-16T12:00:00+00:00,51.5000,-4.5000,11.2467
1979-12-16T12:00:00+00:00,51.5000,-3.5000,11.5665
1980-01-16T12:00:00+00:00,53.5000,-5.5000,9.5569
1980-01-16T12:00:00+00:00,53.5000,-4.5000,9.4271
1980-01-16T12:00:00+00:00,53.5000,-3.5000,9.1960
1980-01-16T12:00:00+00:00,52.5000,-6.5000,9.6217
1980-01-16T12:00:00+00:00,52.5000,-5.5000,9.6313
1980-01-16T12:00:00+00:00,52.5000,-4.5000,9.5673
1980-01-16T12:00:00+00:00,51.5000,-6.5000,9.7896
1980-01-16T12:00:00+00:00,51.5000,-5.5000,9.8237
1980-01-16T12:00:00+00:00,51.5000,-4.5000,9.7840
1980-01-16T12:00:00+00:00,51.5000,-3.5000,9.9369
1980-02-15T12:00:00+00:00,53.5000,-5.5000,8.4069
1980-02-15T12:00:00+00:00,53.5000,-4.5000,8.2871
1980-02-15T12:00:00+00:00,53.5000,-3.5000,8.0009
1980-02-15T12:00:00+00:00,52.5000,-6.5000,9.1868
1980-02-15T12:00:00+00:00,52.5000,-5.5000,8.8139
1980-02-15T12:00:00+00:00,52.5000,-4.5000,8.7084
1980-02-15T12:00:00+00:00,51.5000,-6.5000,9.3874
1980-02-15T12:00:00+00:00,51.5000,-5.5000,9.2663
1980-02-15T12:00:00+00:00,51.5000,-4.5000,9.2162
1980-02-15T12:00:00+00:00,51.5000,-3.5000,9.5495
1980-03-16T12:00:00+00:00,53.5000,-5.5000,8.4368
1980-03-16T12:00:00+00:00,53.5000,-4.5000,8.2387
1980-03-16T12:00:00+00:00,53.5000,-3.5000,7.8810
1980-03-16T12:00:00+00:00,52.5000,-6.5000,8.8823
1980-03-16T12:00:00+00:00,52.5000,-5.5000,8.6604
1980-03-16T12:00:00+00:00,52.5000,-4.5000,8.5550
1980-03-16T12:00:00+00:00,51.5000,-6.5000,9.0879
1980-03-16T12:00:00+00:00,51.5000,-5.5000,9.0069
1980-03-16T12:00:00+00:00,51.5000,-4.5000,8.9500
1980-03-16T12:00:00+00:00,51.5000,-3.5000,9.1273
1980-04-16T00:00:00+00:00,53.5000,-5.5000,9.1685
1980-04-16T00:00:00+00:00,53.5000,-4.5000,9.1062
1980-04-16T00:00:00+00:00,53.5000,-3.5000,8.9406
1980-04-16T00:00:00+00:00,52.5000,-6.5000,9.6841
1980-04-16T00:00:00+00:00,52.5000,-5.5000,9.4445
1980-04-16T00:00:00+00:00,52.5000,-4.5000,9.3692
1980-04-16T00:00:00+00:00,51.5000,-6.5000,9.9208
1980-04-16T00:00:00+00:00,51.5000,-5.5000,9.8152
1980-04-16T00:00:00+00:00,51.5000,-4.5000,9.7217
1980-04-16T00:00:00+00:00,51.5000,-3.5000,9.8885
1980-05-16T12:00:00+00:00,53.5000,-5.5000,10.2211
1980-05-16T12:00:00+00:00,53.5000,-4.5000,10.2713
1980-05-16T12:00:00+00:00,53.5000,-3.5000,10.2645
1980-05-16T12:00:00+00:00,52.5000,-6.5000,10.8584
1980-05-16T12:00:00+00:00,52.5000,-5.5000,10.5698
1980-05-16T12:00:00+00:00,52.5000,-4.5000,10.5766
1980-05-16T12:00:00+00:00,51.5000,-6.5000,11.1742
1980-05-16T12:00:00+00:00,51.5000,-5.5000,11.0301
1980-05-16T12:00:00+00:00,51.5000,-4.5000,11.0201
1980-05-16T12:00:00+00:00,51.5000,-3.5000,11.2885
1980-06-16T00:00:00+00:00,53.5000,-5.5000,12.5671
1980-06-16T00:00:00+00:00,53.5000,-4.5000,12.4622
1980-06-16T00:00:00+00:00,53.5000,-3.5000,12.3747
1980-06-16T00:00:00+00:00,52.5000,-6.5000,13.1224
1980-06-16T00:00:00+00:00,52.5000,-5.5000,12.7416
1980-06-16T00:00:00+00:00,52.5000,-4.5000,12.6269
1980-06-16T00:00:00+00:00,51.5000,-6.5000,13.4161
1980-06-16T00:00:00+00:00,51.5000,-5.5000,13.1434
1980-06-16T00:00:00+00:00,51.5000,-4.5000,13.0710
1980-06-16T00:00:00+00:00,51.5000,-3.5000,13.4034
1980-07-16T12:00:00+00:00,53.5000,-5.5000,13.2402
1980-07-16T12:00:00+00:00,53.5000,-4.5000,13.2178
1980-07-16T12:00:00+00:00,53.5000,-3.5000,13.0622
1980-07-16T12:00:00+00:00,52.5000,-6.5000,14.1789
1980-07-16T12:00:00+00:00,52.5000,-5.5000,13.7445
1980-07-16T12:00:00+00:00,52.5000,-4.5000,13.7048
1980-07-16T12:00:00+00:00,51.5000,-6.5000,14.4863
1980-07-16T12:00:00+00:00,51.5000,-5.5000,14.3336
1980-07-16T12:00:00+00:00,51.5000,-4.5000,14.3285
1980-07-16T12:00:00+00:00,51.5000,-3.5000,14.6635
1980-08-16T12:00:00+00:00,53.5000,-5.5000,14.6304
1980-08-16T12:00:00+00:00,53.5000,-4.5000,14.7795
1980-08-16T12:00:00+00:00,53.5000,-3.5000,14.8713
1980-08-16T12:00:00+00:00,52.5000,-6.5000,15.4017
1980-08-16T12:00:00+00:00,52.5000,-5.5000,15.0901
1980-08-16T12:00:00+00:00,52.5000,-4.5000,15.1578
1980-08-16T12:00:00+00:00,51.5000,-6.5000,15.6949
1980-08-16T12:00:00+00:00,51.5000,-5.5000,15.6562
1980-08-16T12:00:00+00:00,51.5000,-4.5000,15.7207
1980-08-16T12:00:00+00:00,51.5000,-3.5000,16.0588
1980-09-16T00:00:00+00:00,53.5000,-5.5000,14.8525
1980-09-16T00:00:00+00:00,53.5000,-4.5000,15.0017
1980-09-16T00:00:00+00:00,53.5000,-3.5000,15.1121
1980-09-16T00:00:00+00:00,52.5000,-6.5000,14.9966
1980-09-16T00:00:00+00:00,52.5000,-5.5000,15.0515
1980-09-16T00:00:00+00:00,52.5000,-4.5000,15.2081
1980-09-16T00:00:00+00:00,51.5000,-6.5000,15.2711
1980-09-16T00:00:00+00:00,51.5000,-5.5000,15.3691
1980-09-16T00:00:00+00:00,51.5000,-4.5000,15.5277
1980-09-16T00:00:00+00:00,51.5000,-3.5000,15.8028
1980-10-16T12:00:00+00:00,53.5000,-5.5000,13.0555
1980-10-16T12:00:00+00:00,53.5000,-4.5000,13.1616
1980-10-16T12:00:00+00:00,53.5000,-3.5000,13.1433
1980-10-16T12:00:00+00:00,52.5000,-6.5000,13.2409
1980-10-16T12:00:00+00:00,52.5000,-5.5000,13.3157
1980-10-16T12:00:00+00:00,52.5000,-4.5000,13.4611
1980-10-16T12:00:00+00:00,51.5000,-6.5000,13.3516
1980-10-16T12:00:00+00:00,51.5000,-5.5000,13.5024
1980-10-16T12:00:00+00:00,51.5000,-4.5000,13.7145
1980-10-16T12:00:00+00:00,51.5000,-3.5000,14.0849
1980-11-16T00:00:00+00:00,53.5000,-5.5000,11.4481
1980-11-16T00:00:00+00:00,53.5000,-4.5000,11.5958
1980-11-16T00:00:00+00:00,53.5000,-3.5000,11.6828
1980-11-16T00:00:00+00:00,52.5000,-6.5000,11.6794
1980-11-16T00:00:00+00:00,52.5000,-5.5000,11.7038
1980-11-16T00:00:00+00:00,52.5000,-4.5000,11.8287
1980-11-16T00:00:00+00:00,51.5000,-6.5000,11.7503
1980-11-16T00:00:00+00:00,51.5000,-5.5000,11.9029
1980-11-16T00:00:00+00:00,51.5000,-4.5000,12.0668
1980-11-16T00:00:00+00:00,51.5000,-3.5000,12.3434
1980-12-16T12:00:00+00:00,53.5000,-5.5000,10.3125
1980-12-16T12:00:00+00:00,53.5000,-4.5000,10.2602
1980-12-16T12:00:00+00:00,53.5000,-3.5000,10.1546
1980-12-16T12:00:00+00:00,52.5000,-6.5000,10.5817
1980-12-16T12:00:00+00:00,52.5000,-5.5000,10.4657
1980-12-16T12:00:00+00:00,52.5000,-4.5000,10.4179
1980-12-16T12:00:00+00:00,51.5000,-6.5000,10.6625
1980-12-16T12:00:00+00:00,51.5000,-5.5000,10.6520
1980-12-16T12:00:00+00:00,51.5000,-4.5000,10.6440
1980-12-16T12:00:00+00:00,51.5000,-3.5000,10.8131
1981-01-16T12:00:00+00:00,53.5000,-5.5000,9.5266
1981-01-16T12:00:00+00:00,53.5000,-4.5000,9.4133
1981-01-16T12:00:00+00:00,53.5000,-3.5000,9.1331
1981-01-16T12:00:00+00:00,52.5000,-6.5000,9.9706
1981-01-16T12:00:00+00:00,52.5000,-5.5000,9.8109
1981-01-16T12:00:00+00:00,52.5000,-4.5000,9.6947
1981-01-16T12:00:00+00:00,51.5000,-6.5000,10.0544
1981-01-16T12:00:00+00:00,51.5000,-5.5000,10.0350
1981-01-16T12:00:00+00:00,51.5000,-4.5000,9.8918
1981-01-16T12:00:00+00:00,51.5000,-3.5000,9.8583
1981-02-15T00:00:00+00:00,53.5000,-5.5000,8.4371
1981-02-15T00:00:00+00:00,53.5000,-4.5000,8.3566
1981-02-15T00:00:00+00:00,53.5000,-3.5000,8.0942
1981-02-15T00:00:00+00:00,52.5000,-6.5000,9.0137
1981-02-15T00:00:00+00:00,52.5000,-5.5000,8.8023
1981-02-15T00:00:00+00:00,52.5000,-4.5000,8.7179
1981-02-15T00:00:00+00:00,51.5000,-6.5000,9.2010
1981-02-15T00:00:00+00:00,51.5000,-5.5000,9.1670
1981-02-15T00:00:00+00:00,51.5000,-4.5000,9.0410
1981-02-15T00:00:00+00:00,51.5000,-3.5000,9.0498
1981-03-16T12:00:00+00:00,53.5000,-5.5000,8.2110
1981-03-16T12:00:00+00:00,53.5000,-4.5000,8.1127
1981-03-16T12:00:00+00:00,53.5000,-3.5000,7.7798
1981-03-16T12:00:00+00:00,52.5000,-6.5000,8.8251
1981-03-16T12:00:00+00:00,52.5000,-5.5000,8.6202
1981-03-16T12:00:00+00:00,52.5000,-4.5000,8.5542
1981-03-16T12:00:00+00:00,51.5000,-6.5000,9.0766
1981-03-16T12:00:00+00:00,51.5000,-5.5000,9.0507
1981-03-16T12:00:00+00:00,51.5000,-4.5000,8.9481
1981-03-16T12:00:00+00:00,51.5000,-3.5000,9.0096
1981-04-16T00:00:00+00:00,53.5000,-5.5000,9.0537
1981-04-16T00:00:00+00:00,53.5000,-4.5000,9.0549
1981-04-16T00:00:00+00:00,53.5000,-3.5000,8.8679
1981-04-16T00:00:00+00:00,52.5000,-6.5000,9.7228
1981-04-16T00:00:00+00:00,52.5000,-5.5000,9.4971
1981-04-16T00:00:00+00:00,52.5000,-4.5000,9.4800
1981-04-16T00:00:00+00:00,51.5000,-6.5000,9.8940
1981-04-16T00:00:00+00:00,51.5000,-5.5000,9.8605
1981-04-16T00:00:00+00:00,51.5000,-4.5000,9.7949
1981-04-16T00:00:00+00:00,51.5000,-3.5000,9.8197
1981-05-16T12:00:00+00:00,53.5000,-5.5000,10.0733
1981-05-16T12:00:00+00:00,53.5000,-4.5000,10.1132
1981-05-16T12:00:00+00:00,53.5000,-3.5000,10.0732
1981-05-16T12:00:00+00:00,52.5000,-6.5000,10.5146
1981-05-16T12:00:00+00:00,52.5000,-5.5000,10.3611
1981-05-16T12:00:00+00:00,52.5000,-4.5000,10.4057
1981-05-16T12:00:00+00:00,51.5000,-6.5000,10.6861
1981-05-16T12:00:00+00:00,51.5000,-5.5000,10.6610
1981-05-16T12:00:00+00:00,51.5000,-4.5000,10.7148
1981-05-16T12:00:00+00:00,51.5000,-3.5000,10.8715
1981-06-16T00:00:00+00:00,53.5000,-5.5000,11.9238
1981-06-16T00:00:00+00:00,53.5000,-4.5000,11.9167
1981-06-16T00:00:00+00:00,53.5000,-3.5000,11.7969
1981-06-16T00:00:00+00:00,52.5000,-6.5000,12.8821
1981-06-16T00:00:00+00:00,52.5000,-5.5000,12.4194
1981-06-16T00:00:00+00:00,52.5000,-4.5000,12.3641
1981-06-16T00:00:00+00:00,51.5000,-6.5000,13.1614
1981-06-16T00:00:00+00:00,51.5000,-5.5000,12.9801
1981-06-16T00:00:00+00:00,51.5000,-4.5000,12.9383
1981-06-16T00:00:00+00:00,51.5000,-3.5000,13.2271
1981-07-16T12:00:00+00:00,53.5000,-5.5000,13.7027
1981-07-16T12:00:00+00:00,53.5000,-4.5000,13.6682
1981-07-16T12:00:00+00:00,53.5000,-3.5000,13.5368
1981-07-16T12:00:00+00:00,52.5000,-6.5000,14.6365
1981-07-16T12:00:00+00:00,52.5000,-5.5000,14.1672
1981-07-16T12:00:00+00:00,52.5000,-4.5000,14.0848
1981-07-16T12:00:00+00:00,51.5000,-6.5000,14.9680
1981-07-16T12:00:00+00:00,51.5000,-5.5000,14.7519
1981-07-16T12:00:00+00:00,51.5000,-4.5000,14.6769
1981-07-16T12:00:00+00:00,51.5000,-3.5000,14.9760
1981-08-16T12:00:00+00:00,53.5000,-5.5000,15.1089
1981-08-16T12:00:00+00:00,53.5000,-4.5000,15.1116
1981-08-16T12:00:00+00:00,53.5000,-3.5000,14.9507
1981-08-16T12:00:00+00:00,52.5000,-6.5000,16.5980
1981-08-16T12:00:00+00:00,52.5000,-5.5000,15.8495
1981-08-16T12:00:00+00:00,52.5000,-4.5000,15.7061
1981-08-16T12:00:00+00:00,51.5000,-6.5000,16.9050
1981-08-16T12:00:00+00:00,51.5000,-5.5000,16.4987
1981-08-16T12:00:00+00:00,51.5000,-4.5000,16.2712
1981-08-16T12:00:00+00:00,51.5000,-3.5000,16.3676
1981-09-16T00:00:00+00:00,53.5000,-5.5000,14.8214
1981-09-16T00:00:00+00:00,53.5000,-4.5000,14.8602
1981-09-16T00:00:00+00:00,53.5000,-3.5000,14.8205
1981-09-16T00:00:00+00:00,52.5000,-6.5000,16.1443
1981-09-16T00:00:00+00:00,52.5000,-5.5000,15.4406
1981-09-16T00:00:00+00:00,52.5000,-4.5000,15.3037
1981-09-16T00:00:00+00:00,51.5000,-6.5000,16.4026
1981-09-16T00:00:00+00:00,51.5000,-5.5000,16.0085
1981-09-16T00:00:00+00:00,51.5000,-4.5000,15.8318
1981-09-16T00:00:00+00:00,51.5000,-3.5000,16.1062
1981-10-16T12:00:00+00:00,53.5000,-5.5000,13.2321
1981-10-16T12:00:00+00:00,53.5000,-4.5000,13.2594
1981-10-16T12:00:00+00:00,53.5000,-3.5000,13.3005
1981-10-16T12:00:00+00:00,52.5000,-6.5000,13.2916
1981-10-16T12:00:00+00:00,52.5000,-5.5000,13.2809
1981-10-16T12:00:00+00:00,52.5000,-4.5000,13.3392
1981-10-16T12:00:00+00:00,51.5000,-6.5000,13.3605
1981-10-16T12:00:00+00:00,51.5000,-5.5000,13.3761
1981-10-16T12:00:00+00:00,51.5000,-4.5000,13.5089
1981-10-16T12:00:00+00:00,51.5000,-3.5000,13.7656
1981-11-16T00:00:00+00:00,53.5000,-5.5000,11.7188
1981-11-16T00:00:00+00:00,53.5000,-4.5000,11.7520
1981-11-16T00:00:00+00:00,53.5000,-3.5000,11.7064
1981-11-16T00:00:00+00:00,52.5000,-6.5000,11.6148
1981-11-16T00:00:00+00:00,52.5000,-5.5000,11.7969
1981-11-16T00:00:00+00:00,52.5000,-4.5000,11.9329
1981-11-16T00:00:00+00:00,51.5000,-6.5000,11.7107
1981-11-16T00:00:00+00:00,51.5000,-5.5000,11.8894
1981-11-16T00:00:00+00:00,51.5000,-4.5000,12.1110
1981-11-16T00:00:00+00:00,51.5000,-3.5000,12.3881
1981-12-16T12:00:00+00:00,53.5000,-5.5000,9.8611
1981-12-16T12:00:00+00:00,53.5000,-4.5000,9.8691
1981-12-16T12:00:00+00:00,53.5000,-3.5000,9.7112
1981-12-16T12:00:00+00:00,52.5000,-6.5000,10.7969
1981-12-16T12:00:00+00:00,52.5000,-5.5000,10.3991
1981-12-16T12:00:00+00:00,52.5000,-4.5000,10.3284
1981-12-16T12:00:00+00:00,51.5000,-6.5000,10.8628
1981-12-16T12:00:00+00:00,51.5000,-5.5000,10.7263
1981-12-16T12:00:00+00:00,51.5000,-4.5000,10.6669
1981-12-16T12:00:00+00:00,51.5000,-3.5000,10.8964
1982-01-16T12:00:00+00:00,53.5000,-5.5000,9.1033
1982-01-16T12:00:00+00:00,53.5000,-4.5000,8.9546
1982-01-16T12:00:00+00:00,53.5000,-3.5000,8.6168
1982-01-16T12:00:00+00:00,52.5000,-6.5000,9.6979
1982-01-16T12:00:00+00:00,52.5000,-5.5000,9.4438
1982-01-16T12:00:00+00:00,52.5000,-4.5000,9.3245
1982-01-16T12:00:00+00:00,51.5000,-6.5000,9.9359
1982-01-16T12:00:00+00:00,51.5000,-5.5000,9.8384
1982-01-16T12:00:00+00:00,51.5000,-4.5000,9.7164
1982-01-16T12:00:00+00:00,51.5000,-3.5000,9.8484
1982-02-15T00:00:00+00:00,53.5000,-5.5000,8.1853
1982-02-15T00:00:00+00:00,53.5000,-4.5000,8.2024
1982-02-15T00:00:00+00:00,53.5000,-3.5000,7.9635
1982-02-15T00:00:00+00:00,52.5000,-6.5000,9.5520
1982-02-15T00:00:00+00:00,52.5000,-5.5000,8.9711
1982-02-15T00:00:00+00:00,52.5000,-4.5000,8.8641
1982-02-15T00:00:00+00:00,51.5000,-6.5000,9.8484
1982-02-15T00:00:00+00:00,51.5000,-5.5000,9.6184
1982-02-15T00:00:00+00:00,51.5000,-4.5000,9.4183
1982-02-15T00:00:00+00:00,51.5000,-3.5000,9.5554
1982-03-16T12:00:00+00:00,53.5000,-5.5000,7.9461
1982-03-16T12:00:00+00:00,53.5000,-4.5000,7.8691
1982-03-16T12:00:00+00:00,53.5000,-3.5000,7.5362
1982-03-16T12:00:00+00:00,52.5000,-6.5000,8.8350
1982-03-16T12:00:00+00:00,52.5000,-5.5000,8.4905
1982-03-16T12:00:00+00:00,52.5000,-4.5000,8.4297
1982-03-16T12:00:00+00:00,51.5000,-6.5000,9.1602
1982-03-16T12:00:00+00:00,51.5000,-5.5000,9.0714
1982-03-16T12:00:00+00:00,51.5000,-4.5000,9.0048
1982-03-16T12:00:00+00:00,51.5000,-3.5000,9.2859
1982-04-16T00:00:00+00:00,53.5000,-5.5000,8.8993
1982-04-16T00:00:00+00:00,53.5000,-4.5000,8.8883
1982-04-16T00:00:00+00:00,53.5000,-3.5000,8.7778
1982-04-16T00:00:00+00:00,52.5000,-6.5000,9.7824
1982-04-16T00:00:00+00:00,52.5000,-5.5000,9.3413
1982-04-16T00:00:00+00:00,52.5000,-4.5000,9.2563
1982-04-16T00:00:00+00:00,51.5000,-6.5000,9.9907
1982-04-16T00:00:00+00:00,51.5000,-5.5000,9.8212
1982-04-16T00:00:00+00:00,51.5000,-4.5000,9.7305
1982-04-16T00:00:00+00:00,51.5000,-3.5000,9.9776
1982-05-16T12:00:00+00:00,53.5000,-5.5000,9.9833
1982-05-16T12:00:00+00:00,53.5000,-4.5000,9.9358
1982-05-16T12:00:00+00:00,53.5000,-3.5000,9.7517
1982-05-16T12:00:00+00:00,52.5000,-6.5000,10.9465
1982-05-16T12:00:00+00:00,52.5000,-5.5000,10.4686
1982-05-16T12:00:00+00:00,52.5000,-4.5000,10.3966
1982-05-16T12:00:00+00:00,51.5000,-6.5000,11.2111
1982-05-16T12:00:00+00:00,51.5000,-5.5000,11.0212
1982-05-16T12:00:00+00:00,51.5000,-4.5000,11.0037
1982-05-16T12:00:00+00:00,51.5000,-3.5000,11.4106
1982-06-16T00:00:00+00:00,53.5000,-5.5000,12.5985
1982-06-16T00:00:00+00:00,53.5000,-4.5000,12.6309
1982-06-16T00:00:00+00:00,53.5000,-3.5000,12.4317
1982-06-16T00:00:00+00:00,52.5000,-6.5000,14.0733
1982-06-16T00:00:00+00:00,52.5000,-5.5000,13.4153
1982-06-16T00:00:00+00:00,52.5000,-4.5000,13.3352
1982-06-16T00:00:00+00:00,51.5000,-6.5000,14.3538
1982-06-16T00:00:00+00:00,51.5000,-5.5000,14.1605
1982-06-16T00:00:00+00:00,51.5000,-4.5000,14.0528
1982-06-16T00:00:00+00:00,51.5000,-3.5000,14.2739
1982-07-16T12:00:00+00:00,53.5000,-5.5000,14.2842
1982-07-16T12:00:00+00:00,53.5000,-4.5000,14.0219
1982-07-16T12:00:00+00:00,53.5000,-3.5000,13.5573
1982-07-16T12:00:00+00:00,52.5000,-6.5000,15.6194
1982-07-16T12:00:00+00:00,52.5000,-5.5000,14.8617
1982-07-16T12:00:00+00:00,52.5000,-4.5000,14.6142
1982-07-16T12:00:00+00:00,51.5000,-6.5000,15.9751
1982-07-16T12:00:00+00:00,51.5000,-5.5000,15.5611
1982-07-16T12:00:00+00:00,51.5000,-4.5000,15.3919
1982-07-16T12:00:00+00:00,51.5000,-3.5000,15.7932
1982-08-16T12:00:00+00:00,53.5000,-5.5000,15.1334
1982-08-16T12:00:00+00:00,53.5000,-4.5000,14.9753
1982-08-16T12:00:00+00:00,53.5000,-3.5000,14.6539
1982-08-16T12:00:00+00:00,52.5000,-6.5000,16.1425
1982-08-16T12:00:00+00:00,52.5000,-5.5000,15.5990
1982-08-16T12:00:00+00:00,52.5000,-4.5000,15.4531
1982-08-16T12:00:00+00:00,51.5000,-6.5000,16.5253
1982-08-16T12:00:00+00:00,51.5000,-5.5000,16.2213
1982-08-16T12:00:00+00:00,51.5000,-4.5000,16.0906
1982-08-16T12:00:00+00:00,51.5000,-3.5000,16.3408
1982-09-16T00:00:00+00:00,53.5000,-5.5000,14.3842
1982-09-16T00:00:00+00:00,53.5000,-4.5000,14.4020
1982-09-16T00:00:00+00:00,53.5000,-3.5000,14.2745
1982-09-16T00:00:00+00:00,52.5000,-6.5000,15.0089
1982-09-16T00:00:00+00:00,52.5000,-5.5000,14.7826
1982-09-16T00:00:00+00:00,52.5000,-4.5000,14.8155
1982-09-16T00:00:00+00:00,51.5000,-6.5000,15.3247
1982-09-16T00:00:00+00:00,51.5000,-5.5000,15.2481
1982-09-16T00:00:00+00:00,51.5000,-4.5000,15.2836
1982-09-16T00:00:00+00:00,51.5000,-3.5000,15.5164
1982-10-16T12:00:00+00:00,53.5000,-5.5000,13.3634
1982-10-16T12:00:00+00:00,53.5000,-4.5000,13.3809
1982-10-16T12:00:00+00:00,53.5000,-3.5000,13.3010
1982-10-16T12:00:00+00:00,52.5000,-6.5000,13.5010
1982-10-16T12:00:00+00:00,52.5000,-5.5000,13.5318
1982-10-16T12:00:00+00:00,52.5000,-4.5000,13.5956
1982-10-16T12:00:00+00:00,51.5000,-6.5000,13.5545
1982-10-16T12:00:00+00:00,51.5000,-5.5000,13.6131
1982-10-16T12:00:00+00:00,51.5000,-4.5000,13.7287
1982-10-16T12:00:00+00:00,51.5000,-3.5000,13.9285
1982-11-16T00:00:00+00:00,53.5000,-5.5000,11.6350
1982-11-16T00:00:00+00:00,53.5000,-4.5000,11.5501
1982-11-16T00:00:00+00:00,53.5000,-3.5000,11.2537
1982-11-16T00:00:00+00:00,52.5000,-6.5000,11.8700
1982-11-16T00:00:00+00:00,52.5000,-5.5000,11.8885
1982-11-16T00:00:00+00:00,52.5000,-4.5000,11.9141
1982-11-16T00:00:00+00:00,51.5000,-6.5000,11.8940
1982-11-16T00:00:00+00:00,51.5000,-5.5000,12.0463
1982-11-16T00:00:00+00:00,51.5000,-4.5000,12.1802
1982-11-16T00:00:00+00:00,51.5000,-3.5000,12.4238
1982-12-16T12:00:00+00:00,53.5000,-5.5000,10.2599
1982-12-16T12:00:00+00:00,53.5000,-4.5000,10.1433
1982-12-16T12:00:00+00:00,53.5000,-3.5000,9.8912
1982-12-16T12:00:00+00:00,52.5000,-6.5000,10.6337
1982-12-16T12:00:00+00:00,52.5000,-5.5000,10.4868
1982-12-16T12:00:00+00:00,52.5000,-4.5000,10.4151
1982-12-16T12:00:00+00:00,51.5000,-6.5000,10.6757
1982-12-16T12:00:00+00:00,51.5000,-5.5000,10.7093
1982-12-16T12:00:00+00:00,51.5000,-4.5000,10.7226
1982-12-16T12:00:00+00:00,51.5000,-3.5000,10.9439
1983-01-16T12:00:00+00:00,53.5000,-5.5000,9.4273
1983-01-16T12:00:00+00:00,53.5000,-4.5000,9.3159
1983-01-16T12:00:00+00:00,53.5000,-3.5000,9.0327
1983-01-16T12:00:00+00:00,52.5000,-6.5000,9.5913
1983-01-16T12:00:00+00:00,52.5000,-5.5000,9.6102
1983-01-16T12:00:00+00:00,52.5000,-4.5000,9.5900
1983-01-16T12:00:00+00:00,51.5000,-6.5000,9.7980
1983-01-16T12:00:00+00:00,51.5000,-5.5000,9.8836
1983-01-16T12:00:00+00:00,51.5000,-4.5000,9.8899
1983-01-16T12:00:00+00:00,51.5000,-3.5000,10.0573
1983-02-15T00:00:00+00:00,53.5000,-5.5000,8.3577
1983-02-15T00:00:00+00:00,53.5000,-4.5000,8.0542
1983-02-15T00:00:00+00:00,53.5000,-3.5000,7.4913
1983-02-15T00:00:00+00:00,52.5000,-6.5000,8.7455
1983-02-15T00:00:00+00:00,52.5000,-5.5000,8.5900
1983-02-15T00:00:00+00:00,52.5000,-4.5000,8.4292
1983-02-15T00:00:00+00:00,51.5000,-6.5000,8.9109
1983-02-15T00:00:00+00:00,51.5000,-5.5000,8.8872
1983-02-15T00:00:00+00:00,51.5000,-4.5000,8.7812
1983-02-15T00:00:00+00:00,51.5000,-3.5000,8.8580
1983-03-16T12:00:00+00:00,53.5000,-5.5000,7.7148
1983-03-16T12:00:00+00:00,53.5000,-4.5000,7.4533
1983-03-16T12:00:00+00:00,53.5000,-3.5000,6.9745
1983-03-16T12:00:00+00:00,52.5000,-6.5000,8.5747
1983-03-16T12:00:00+00:00,52.5000,-5.5000,8.1096
1983-03-16T12:00:00+00:00,52.5000,-4.5000,7.9029
1983-03-16T12:00:00+00:00,51.5000,-6.5000,8.8597
1983-03-16T12:00:00+00:00,51.5000,-5.5000,8.5943
1983-03-16T12:00:00+00:00,51.5000,-4.5000,8.4044
1983-03-16T12:00:00+00:00,51.5000,-3.5000,8.5778
1983-04-16T00:00:00+00:00,53.5000,-5.5000,8.0832
1983-04-16T00:00:00+00:00,53.5000,-4.5000,7.9745
1983-04-16T00:00:00+00:00,53.5000,-3.5000,7.7790
1983-04-16T00:00:00+00:00,52.5000,-6.5000,8.6592
1983-04-16T00:00:00+00:00,52.5000,-5.5000,8.3415
1983-04-16T00:00:00+00:00,52.5000,-4.5000,8.2453
1983-04-16T00:00:00+00:00,51.5000,-6.5000,8.9377
1983-04-16T00:00:00+00:00,51.5000,-5.5000,8.7493
1983-04-16T00:00:00+00:00,51.5000,-4.5000,8.6732
1983-04-16T00:00:00+00:00,51.5000,-3.5000,8.9598
1983-05-16T12:00:00+00:00,53.5000,-5.5000,9.2517
1983-05-16T12:00:00+00:00,53.5000,-4.5000,9.3010
1983-05-16T12:00:00+00:00,53.5000,-3.5000,9.2024
1983-05-16T12:00:00+00:00,52.5000,-6.5000,10.4532
1983-05-16T12:00:00+00:00,52.5000,-5.5000,9.8927
1983-05-16T12:00:00+00:00,52.5000,-4.5000,9.8390
1983-05-16T12:00:00+00:00,51.5000,-6.5000,10.6958
1983-05-16T12:00:00+00:00,51.5000,-5.5000,10.4794
1983-05-16T12:00:00+00:00,51.5000,-4.5000,10.4176
1983-05-16T12:00:00+00:00,51.5000,-3.5000,10.7117
1983-06-16T00:00:00+00:00,53.5000,-5.5000,11.6223
1983-06-16T00:00:00+00:00,53.5000,-4.5000,11.6209
1983-06-16T00:00:00+00:00,53.5000,-3.5000,11.4723
1983-06-16T00:00:00+00:00,52.5000,-6.5000,12.7362
1983-06-16T00:00:00+00:00,52.5000,-5.5000,12.2100
1983-06-16T00:00:00+00:00,52.5000,-4.5000,12.1635
1983-06-16T00:00:00+00:00,51.5000,-6.5000,13.1803
1983-06-16T00:00:00+00:00,51.5000,-5.5000,12.9504
1983-06-16T00:00:00+00:00,51.5000,-4.5000,12.9101
1983-06-16T00:00:00+00:00,51.5000,-3.5000,13.1427
1983-07-16T12:00:00+00:00,53.5000,-5.5000,14.5115
1983-07-16T12:00:00+00:00,53.5000,-4.5000,14.3484
1983-07-16T12:00:00+00:00,53.5000,-3.5000,14.0503
1983-07-16T12:00:00+00:00,52.5000,-6.5000,16.4020
1983-07-16T12:00:00+00:00,52.5000,-5.5000,15.2995
1983-07-16T12:00:00+00:00,52.5000,-4.5000,14.9606
1983-07-16T12:00:00+00:00,51.5000,-6.5000,16.8676
1983-07-16T12:00:00+00:00,51.5000,-5.5000,16.2761
1983-07-16T12:00:00+00:00,51.5000,-4.5000,15.9257
1983-07-16T12:00:00+00:00,51.5000,-3.5000,16.3311
1983-08-16T12:00:00+00:00,53.5000,-5.5000,15.6984
1983-08-16T12:00:00+00:00,53.5000,-4.5000,15.6500
1983-08-16T12:00:00+00:00,53.5000,-3.5000,15.3927
1983-08-16T12:00:00+00:00,52.5000,-6.5000,17.2242
1983-08-16T12:00:00+00:00,52.5000,-5.5000,16.4625
1983-08-16T12:00:00+00:00,52.5000,-4.5000,16.3028
1983-08-16T12:00:00+00:00,51.5000,-6.5000,17.6440
1983-08-16T12:00:00+00:00,51.5000,-5.5000,17.2566
1983-08-16T12:00:00+00:00,51.5000,-4.5000,17.0094
1983-08-16T12:00:00+00:00,51.5000,-3.5000,17.0942
1983-09-16T00:00:00+00:00,53.5000,-5.5000,14.3196
1983-09-16T00:00:00+00:00,53.5000,-4.5000,14.4271
1983-09-16T00:00:00+00:00,53.5000,-3.5000,14.3707
1983-09-16T00:00:00+00:00,52.5000,-6.5000,14.8662
1983-09-16T00:00:00+00:00,52.5000,-5.5000,14.7554
1983-09-16T00:00:00+00:00,52.5000,-4.5000,14.8436
1983-09-16T00:00:00+00:00,51.5000,-6.5000,15.0712
1983-09-16T00:00:00+00:00,51.5000,-5.5000,15.0986
1983-09-16T00:00:00+00:00,51.5000,-4.5000,15.1395
1983-09-16T00:00:00+00:00,51.5000,-3.5000,15.1904
1983-10-16T12:00:00+00:00,53.5000,-5.5000,13.4547
1983-10-16T12:00:00+00:00,53.5000,-4.5000,13.5173
1983-10-16T12:00:00+00:00,53.5000,-3.5000,13.4379
1983-10-16T12:00:00+00:00,52.5000,-6.5000,14.0806
1983-10-16T12:00:00+00:00,52.5000,-5.5000,13.8731
1983-10-16T12:00:00+00:00,52.5000,-4.5000,13.8919
1983-10-16T12:00:00+00:00,51.5000,-6.5000,14.1366
1983-10-16T12:00:00+00:00,51.5000,-5.5000,14.1031
1983-10-16T12:00:00+00:00,51.5000,-4.5000,14.1047
1983-10-16T12:00:00+00:00,51.5000,-3.5000,14.1333
1983-11-16T00:00:00+00:00,53.5000,-5.5000,12.0283
1983-11-16T00:00:00+00:00,53.5000,-4.5000,12.0523
1983-11-16T00:00:00+00:00,53.5000,-3.5000,11.9805
1983-11-16T00:00:00+00:00,52.5000,-6.5000,12.6638
1983-11-16T00:00:00+00:00,52.5000,-5.5000,12.3973
1983-11-16T00:00:00+00:00,52.5000,-4.5000,12.3570
1983-11-16T00:00:00+00:00,51.5000,-6.5000,12.6951
1983-11-16T00:00:00+00:00,51.5000,-5.5000,12.6036
1983-11-16T00:00:00+00:00,51.5000,-4.5000,12.5801
1983-11-16T00:00:00+00:00,51.5000,-3.5000,12.7527
1983-12-16T12:00:00+00:00,53.5000,-5.5000,11.0908
1983-12-16T12:00:00+00:00,53.5000,-4.5000,10.8616
1983-12-16T12:00:00+00:00,53.5000,-3.5000,10.4442
1983-12-16T12:00:00+00:00,52.5000,-6.5000,11.1639
1983-12-16T12:00:00+00:00,52.5000,-5.5000,11.1840
1983-12-16T12:00:00+00:00,52.5000,-4.5000,11.1144
1983-12-16T12:00:00+00:00,51.5000,-6.5000,11.2562
1983-12-16T12:00:00+00:00,51.5000,-5.5000,11.3065
1983-12-16T12:00:00+00:00,51.5000,-4.5000,11.3352
1983-12-16T12:00:00+00:00,51.5000,-3.5000,11.5062
1984-01-16T12:00:00+00:00,53.5000,-5.5000,8.8361
1984-01-16T12:00:00+00:00,53.5000,-4.5000,8.6954
1984-01-16T12:00:00+00:00,53.5000,-3.5000,8.3258
1984-01-16T12:00:00+00:00,52.5000,-6.5000,9.6457
1984-01-16T12:00:00+00:00,52.5000,-5.5000,9.2971
1984-01-16T12:00:00+00:00,52.5000,-4.5000,9.1848
1984-01-16T12:00:00+00:00,51.5000,-6.5000,9.9188
1984-01-16T12:00:00+00:00,51.5000,-5.5000,9.8220
1984-01-16T12:00:00+00:00,51.5000,-4.5000,9.7494
1984-01-16T12:00:00+00:00,51.5000,-3.5000,10.0756
1984-02-15T12:00:00+00:00,53.5000,-5.5000,7.9682
1984-02-15T12:00:00+00:00,53.5000,-4.5000,7.8258
1984-02-15T12:00:00+00:00,53.5000,-3.5000,7.3051
1984-02-15T12:00:00+00:00,52.5000,-6.5000,8.9532
1984-02-15T12:00:00+00:00,52.5000,-5.5000,8.6221
1984-02-15T12:00:00+00:00,52.5000,-4.5000,8.5376
1984-02-15T12:00:00+00:00,51.5000,-6.5000,9.2006
1984-02-15T12:00:00+00:00,51.5000,-5.5000,9.1635
1984-02-15T12:00:00+00:00,51.5000,-4.5000,9.0828
1984-02-15T12:00:00+00:00,51.5000,-3.5000,9.2553
1984-03-16T12:00:00+00:00,53.5000,-5.5000,8.0168
1984-03-16T12:00:00+00:00,53.5000,-4.5000,7.8881
1984-03-16T12:00:00+00:00,53.5000,-3.5000,7.6227
1984-03-16T12:00:00+00:00,52.5000,-6.5000,8.7652
1984-03-16T12:00:00+00:00,52.5000,-5.5000,8.3758
1984-03-16T12:00:00+00:00,52.5000,-4.5000,8.2180
1984-03-16T12:00:00+00:00,51.5000,-6.5000,8.9891
1984-03-16T12:00:00+00:00,51.5000,-5.5000,8.7551
1984-03-16T12:00:00+00:00,51.5000,-4.5000,8.5607
1984-03-16T12:00:00+00:00,51.5000,-3.5000,8.6714
1984-04-16T00:00:00+00:00,53.5000,-5.5000,8.5033
1984-04-16T00:00:00+00:00,53.5000,-4.5000,8.4157
1984-04-16T00:00:00+00:00,53.5000,-3.5000,8.0939
1984-04-16T00:00:00+00:00,52.5000,-6.5000,9.4088
1984-04-16T00:00:00+00:00,52.5000,-5.5000,9.0255
1984-04-16T00:00:00+00:00,52.5000,-4.5000,8.9379
1984-04-16T00:00:00+00:00,51.5000,-6.5000,9.7025
1984-04-16T00:00:00+00:00,51.5000,-5.5000,9.5761
1984-04-16T00:00:00+00:00,51.5000,-4.5000,9.4510
1984-04-16T00:00:00+00:00,51.5000,-3.5000,9.5369
1984-05-16T12:00:00+00:00,53.5000,-5.5000,9.9496
1984-05-16T12:00:00+00:00,53.5000,-4.5000,9.8574
1984-05-16T12:00:00+00:00,53.5000,-3.5000,9.7612
1984-05-16T12:00:00+00:00,52.5000,-6.5000,10.9151
1984-05-16T12:00:00+00:00,52.5000,-5.5000,10.2966
1984-05-16T12:00:00+00:00,52.5000,-4.5000,10.1032
1984-05-16T12:00:00+00:00,51.5000,-6.5000,11.2134
1984-05-16T12:00:00+00:00,51.5000,-5.5000,10.7488
1984-05-16T12:00:00+00:00,51.5000,-4.5000,10.5241
1984-05-16T12:00:00+00:00,51.5000,-3.5000,10.7295
1984-06-16T00:00:00+00:00,53.5000,-5.5000,11.8420
1984-06-16T00:00:00+00:00,53.5000,-4.5000,11.8273
1984-06-16T00:00:00+00:00,53.5000,-3.5000,11.4479
1984-06-16T00:00:00+00:00,52.5000,-6.5000,13.0066
1984-06-16T00:00:00+00:00,52.5000,-5.5000,12.6278
1984-06-16T00:00:00+00:00,52.5000,-4.5000,12.6312
1984-06-16T00:00:00+00:00,51.5000,-6.5000,13.3090
1984-06-16T00:00:00+00:00,51.5000,-5.5000,13.3130
1984-06-16T00:00:00+00:00,51.5000,-4.5000,13.2848
1984-06-16T00:00:00+00:00,51.5000,-3.5000,13.3444
1984-07-16T12:00:00+00:00,53.5000,-5.5000,13.9982
1984-07-16T12:00:00+00:00,53.5000,-4.5000,13.8669
1984-07-16T12:00:00+00:00,53.5000,-3.5000,13.5298
1984-07-16T12:00:00+00:00,52.5000,-6.5000,15.2019
1984-07-16T12:00:00+00:00,52.5000,-5.5000,14.6036
1984-07-16T12:00:00+00:00,52.5000,-4.5000,14.4607
1984-07-16T12:00:00+00:00,51.5000,-6.5000,15.6880
1984-07-16T12:00:00+00:00,51.5000,-5.5000,15.4426
1984-07-16T12:00:00+00:00,51.5000,-4.5000,15.3384
1984-07-16T12:00:00+00:00,51.5000,-3.5000,15.5600
1984-08-16T12:00:00+00:00,53.5000,-5.5000,15.6984
1984-08-16T12:00:00+00:00,53.5000,-4.5000,15.5872
1984-08-16T12:00:00+00:00,53.5000,-3.5000,15.2387
1984-08-16T12:00:00+00:00,52.5000,-6.5000,17.0838
1984-08-16T12:00:00+00:00,52.5000,-5.5000,16.3976
1984-08-16T12:00:00+00:00,52.5000,-4.5000,16.2288
1984-08-16T12:00:00+00:00,51.5000,-6.5000,17.4555
1984-08-16T12:00:00+00:00,51.5000,-5.5000,17.2069
1984-08-16T12:00:00+00:00,51.5000,-4.5000,17.0463
1984-08-16T12:00:00+00:00,51.5000,-3.5000,17.3487
1984-09-16T00:00:00+00:00,53.5000,-5.5000,14.5949
1984-09-16T00:00:00+00:00,53.5000,-4.5000,14.7292
1984-09-16T00:00:00+00:00,53.5000,-3.5000,14.8188
1984-09-16T00:00:00+00:00,52.5000,-6.5000,15.4991
1984-09-16T00:00:00+00:00,52.5000,-5.5000,15.0802
1984-09-16T00:00:00+00:00,52.5000,-4.5000,15.0740
1984-09-16T00:00:00+00:00,51.5000,-6.5000,15.5930
1984-09-16T00:00:00+00:00,51.5000,-5.5000,15.4695
1984-09-16T00:00:00+00:00,51.5000,-4.5000,15.4491
1984-09-16T00:00:00+00:00,51.5000,-3.5000,15.6190
1984-10-16T12:00:00+00:00,53.5000,-5.5000,13.4922
1984-10-16T12:00:00+00:00,53.5000,-4.5000,13.6100
1984-10-16T12:00:00+00:00,53.5000,-3.5000,13.7371
1984-10-16T12:00:00+00:00,52.5000,-6.5000,13.5962
1984-10-16T12:00:00+00:00,52.5000,-5.5000,13.6137
1984-10-16T12:00:00+00:00,52.5000,-4.5000,13.6991
1984-10-16T12:00:00+00:00,51.5000,-6.5000,13.7175
1984-10-16T12:00:00+00:00,51.5000,-5.5000,13.6992
1984-10-16T12:00:00+00:00,51.5000,-4.5000,13.7757
1984-10-16T12:00:00+00:00,51.5000,-3.5000,13.9632
1984-11-16T00:00:00+00:00,53.5000,-5.5000,12.1115
1984-11-16T00:00:00+00:00,53.5000,-4.5000,12.1182
1984-11-16T00:00:00+00:00,53.5000,-3.5000,11.9175
1984-11-16T00:00:00+00:00,52.5000,-6.5000,12.4519
1984-11-16T00:00:00+00:00,52.5000,-5.5000,12.4539
1984-11-16T00:00:00+00:00,52.5000,-4.5000,12.5105
1984-11-16T00:00:00+00:00,51.5000,-6.5000,12.4329
1984-11-16T00:00:00+00:00,51.5000,-5.5000,12.6239
1984-11-16T00:00:00+00:00,51.5000,-4.5000,12.7325
1984-11-16T00:00:00+00:00,51.5000,-3.5000,12.8077
1984-12-16T12:00:00+00:00,53.5000,-5.5000,10.7049
1984-12-16T12:00:00+00:00,53.5000,-4.5000,10.6772
1984-12-16T12:00:00+00:00,53.5000,-3.5000,10.4676
1984-12-16T12:00:00+00:00,52.5000,-6.5000,11.1388
1984-12-16T12:00:00+00:00,52.5000,-5.5000,11.0452
1984-12-16T12:00:00+00:00,52.5000,-4.5000,11.0210
1984-12-16T12:00:00+00:00,51.5000,-6.5000,11.1905
1984-12-16T12:00:00+00:00,51.5000,-5.5000,11.2452
1984-12-16T12:00:00+00:00,51.5000,-4.5000,11.2352
1984-12-16T12:00:00+00:00,51.5000,-3.5000,11.3580
1985-01-16T12:00:00+00:00,53.5000,-5.5000,8.9017
1985-01-16T12:00:00+00:00,53.5000,-4.5000,8.7574
1985-01-16T12:00:00+00:00,53.5000,-3.5000,8.3548
1985-01-16T12:00:00+00:00,52.5000,-6.5000,9.6304
1985-01-16T12:00:00+00:00,52.5000,-5.5000,9.3551
1985-01-16T12:00:00+00:00,52.5000,-4.5000,9.2405
1985-01-16T12:00:00+00:00,51.5000,-6.5000,9.7747
1985-01-16T12:00:00+00:00,51.5000,-5.5000,9.7088
1985-01-16T12:00:00+00:00,51.5000,-4.5000,9.6009
1985-01-16T12:00:00+00:00,51.5000,-3.5000,9.7063
1985-02-15T00:00:00+00:00,53.5000,-5.5000,8.0886
1985-02-15T00:00:00+00:00,53.5000,-4.5000,7.9186
1985-02-15T00:00:00+00:00,53.5000,-3.5000,7.3040
1985-02-15T00:00:00+00:00,52.5000,-6.5000,9.2321
1985-02-15T00:00:00+00:00,52.5000,-5.5000,8.8440
1985-02-15T00:00:00+00:00,52.5000,-4.5000,8.7199
1985-02-15T00:00:00+00:00,51.5000,-6.5000,9.4514
1985-02-15T00:00:00+00:00,51.5000,-5.5000,9.4077
1985-02-15T00:00:00+00:00,51.5000,-4.5000,9.2345
1985-02-15T00:00:00+00:00,51.5000,-3.5000,9.1564
1985-03-16T12:00:00+00:00,53.5000,-5.5000,8.0189
1985-03-16T12:00:00+00:00,53.5000,-4.5000,7.8132
1985-03-16T12:00:00+00:00,53.5000,-3.5000,7.5035
1985-03-16T12:00:00+00:00,52.5000,-6.5000,8.7119
1985-03-16T12:00:00+00:00,52.5000,-5.5000,8.2848
1985-03-16T12:00:00+00:00,52.5000,-4.5000,8.0866
1985-03-16T12:00:00+00:00,51.5000,-6.5000,9.0579
1985-03-16T12:00:00+00:00,51.5000,-5.5000,8.7713
1985-03-16T12:00:00+00:00,51.5000,-4.5000,8.5583
1985-03-16T12:00:00+00:00,51.5000,-3.5000,8.7382
1985-04-16T00:00:00+00:00,53.5000,-5.5000,8.5954
1985-04-16T00:00:00+00:00,53.5000,-4.5000,8.5474
1985-04-16T00:00:00+00:00,53.5000,-3.5000,8.2280
1985-04-16T00:00:00+00:00,52.5000,-6.5000,9.3695
1985-04-16T00:00:00+00:00,52.5000,-5.5000,9.1220
1985-04-16T00:00:00+00:00,52.5000,-4.5000,9.1068
1985-04-16T00:00:00+00:00,51.5000,-6.5000,9.6027
1985-04-16T00:00:00+00:00,51.5000,-5.5000,9.6148
1985-04-16T00:00:00+00:00,51.5000,-4.5000,9.5790
1985-04-16T00:00:00+00:00,51.5000,-3.5000,9.6526
1985-05-16T12:00:00+00:00,53.5000,-5.5000,9.7258
1985-05-16T12:00:00+00:00,53.5000,-4.5000,9.6710
1985-05-16T12:00:00+00:00,53.5000,-3.5000,9.4769
1985-05-16T12:00:00+00:00,52.5000,-6.5000,10.7345
1985-05-16T12:00:00+00:00,52.5000,-5.5000,10.2265
1985-05-16T12:00:00+00:00,52.5000,-4.5000,10.1210
1985-05-16T12:00:00+00:00,51.5000,-6.5000,11.0065
1985-05-16T12:00:00+00:00,51.5000,-5.5000,10.7843
1985-05-16T12:00:00+00:00,51.5000,-4.5000,10.6717
1985-05-16T12:00:00+00:00,51.5000,-3.5000,10.8555
1985-06-16T00:00:00+00:00,53.5000,-5.5000,11.4386
1985-06-16T00:00:00+00:00,53.5000,-4.5000,11.3512
1985-06-16T00:00:00+00:00,53.5000,-3.5000,11.1036
1985-06-16T00:00:00+00:00,52.5000,-6.5000,12.8200
1985-06-16T00:00:00+00:00,52.5000,-5.5000,12.0901
1985-06-16T00:00:00+00:00,52.5000,-4.5000,11.9198
1985-06-16T00:00:00+00:00,51.5000,-6.5000,13.1416
1985-06-16T00:00:00+00:00,51.5000,-5.5000,12.7624
1985-06-16T00:00:00+00:00,51.5000,-4.5000,12.5885
1985-06-16T00:00:00+00:00,51.5000,-3.5000,12.8674
1985-07-16T12:00:00+00:00,53.5000,-5.5000,13.5049
1985-07-16T12:00:00+00:00,53.5000,-4.5000,13.3115
1985-07-16T12:00:00+00:00,53.5000,-3.5000,12.8385
1985-07-16T12:00:00+00:00,52.5000,-6.5000,14.9727
1985-07-16T12:00:00+00:00,52.5000,-5.5000,14.2387
1985-07-16T12:00:00+00:00,52.5000,-4.5000,14.0400
1985-07-16T12:00:00+00:00,51.5000,-6.5000,15.3192
1985-07-16T12:00:00+00:00,51.5000,-5.5000,15.0330
1985-07-16T12:00:00+00:00,51.5000,-4.5000,14.8938
1985-07-16T12:00:00+00:00,51.5000,-3.5000,15.2596
1985-08-16T12:00:00+00:00,53.5000,-5.5000,13.8406
1985-08-16T12:00:00+00:00,53.5000,-4.5000,13.9441
1985-08-16T12:00:00+00:00,53.5000,-3.5000,13.9598
1985-08-16T12:00:00+00:00,52.5000,-6.5000,14.5945
1985-08-16T12:00:00+00:00,52.5000,-5.5000,14.2937
1985-08-16T12:00:00+00:00,52.5000,-4.5000,14.3482
1985-08-16T12:00:00+00:00,51.5000,-6.5000,14.8773
1985-08-16T12:00:00+00:00,51.5000,-5.5000,14.8112
1985-08-16T12:00:00+00:00,51.5000,-4.5000,14.8668
1985-08-16T12:00:00+00:00,51.5000,-3.5000,15.1734
1985-09-16T00:00:00+00:00,53.5000,-5.5000,13.7450
1985-09-16T00:00:00+00:00,53.5000,-4.5000,13.8401
1985-09-16T00:00:00+00:00,53.5000,-3.5000,13.6976
1985-09-16T00:00:00+00:00,52.5000,-6.5000,14.7244
1985-09-16T00:00:00+00:00,52.5000,-5.5000,14.4018
1985-09-16T00:00:00+00:00,52.5000,-4.5000,14.4620
1985-09-16T00:00:00+00:00,51.5000,-6.5000,14.9305
1985-09-16T00:00:00+00:00,51.5000,-5.5000,14.9257
1985-09-16T00:00:00+00:00,51.5000,-4.5000,14.9879
1985-09-16T00:00:00+00:00,51.5000,-3.5000,15.2116
1985-10-16T12:00:00+00:00,53.5000,-5.5000,13.6971
1985-10-16T12:00:00+00:00,53.5000,-4.5000,13.6821
1985-10-16T12:00:00+00:00,53.5000,-3.5000,13.4511
1985-10-16T12:00:00+00:00,52.5000,-6.5000,14.3373
1985-10-16T12:00:00+00:00,52.5000,-5.5000,14.1399
1985-10-16T12:00:00+00:00,52.5000,-4.5000,14.1512
1985-10-16T12:00:00+00:00,51.5000,-6.5000,14.4529
1985-10-16T12:00:00+00:00,51.5000,-5.5000,14.4288
1985-10-16T12:00:00+00:00,51.5000,-4.5000,14.4761
1985-10-16T12:00:00+00:00,51.5000,-3.5000,14.6706
1985-11-16T00:00:00+00:00,53.5000,-5.5000,12.1345
1985-11-16T00:00:00+00:00,53.5000,-4.5000,12.1252
1985-11-16T00:00:00+00:00,53.5000,-3.5000,11.9865
1985-11-16T00:00:00+00:00,52.5000,-6.5000,12.3678
1985-11-16T00:00:00+00:00,52.5000,-5.5000,12.3601
1985-11-16T00:00:00+00:00,52.5000,-4.5000,12.3865
1985-11-16T00:00:00+00:00,51.5000,-6.5000,12.4423
1985-11-16T00:00:00+00:00,51.5000,-5.5000,12.5173
1985-11-16T00:00:00+00:00,51.5000,-4.5000,12.5959
1985-11-16T00:00:00+00:00,51.5000,-3.5000,12.8235
1985-12-16T12:00:00+00:00,53.5000,-5.5000,10.4058
1985-12-16T12:00:00+00:00,53.5000,-4.5000,10.3833
1985-12-16T12:00:00+00:00,53.5000,-3.5000,10.1052
1985-12-16T12:00:00+00:00,52.5000,-6.5000,10.8532
1985-12-16T12:00:00+00:00,52.5000,-5.5000,10.8174
1985-12-16T12:00:00+00:00,52.5000,-4.5000,10.8620
1985-12-16T12:00:00+00:00,51.5000,-6.5000,11.0117
1985-12-16T12:00:00+00:00,51.5000,-5.5000,11.1616
1985-12-16T12:00:00+00:00,51.5000,-4.5000,11.2397
1985-12-16T12:00:00+00:00,51.5000,-3.5000,11.4234
1986-01-16T12:00:00+00:00,53.5000,-5.5000,9.3491
1986-01-16T12:00:00+00:00,53.5000,-4.5000,9.2285
1986-01-16T12:00:00+00:00,53.5000,-3.5000,8.8556
1986-01-16T12:00:00+00:00,52.5000,-6.5000,9.9672
1986-01-16T12:00:00+00:00,52.5000,-5.5000,9.7687
1986-01-16T12:00:00+00:00,52.5000,-4.5000,9.7050
1986-01-16T12:00:00+00:00,51.5000,-6.5000,10.1396
1986-01-16T12:00:00+00:00,51.5000,-5.5000,10.1445
1986-01-16T12:00:00+00:00,51.5000,-4.5000,10.1056
1986-01-16T12:00:00+00:00,51.5000,-3.5000,10.2632
1986-02-15T00:00:00+00:00,53.5000,-5.5000,7.2986
1986-02-15T00:00:00+00:00,53.5000,-4.5000,7.1055
1986-02-15T00:00:00+00:00,53.5000,-3.5000,6.6782
1986-02-15T00:00:00+00:00,52.5000,-6.5000,8.4251
1986-02-15T00:00:00+00:00,52.5000,-5.5000,7.8538
1986-02-15T00:00:00+00:00,52.5000,-4.5000,7.6336
1986-02-15T00:00:00+00:00,51.5000,-6.5000,8.6883
1986-02-15T00:00:00+00:00,51.5000,-5.5000,8.4078
1986-02-15T00:00:00+00:00,51.5000,-4.5000,8.1531
1986-02-15T00:00:00+00:00,51.5000,-3.5000,8.2148
1986-03-16T12:00:00+00:00,53.5000,-5.5000,6.8537
1986-03-16T12:00:00+00:00,53.5000,-4.5000,6.7147
1986-03-16T12:00:00+00:00,53.5000,-3.5000,6.3193
1986-03-16T12:00:00+00:00,52.5000,-6.5000,7.8042
1986-03-16T12:00:00+00:00,52.5000,-5.5000,7.3864
1986-03-16T12:00:00+00:00,52.5000,-4.5000,7.2467
1986-03-16T12:00:00+00:00,51.5000,-6.5000,8.1298
1986-03-16T12:00:00+00:00,51.5000,-5.5000,7.9675
1986-03-16T12:00:00+00:00,51.5000,-4.5000,7.7577
1986-03-16T12:00:00+00:00,51.5000,-3.5000,7.7397
1986-04-16T00:00:00+00:00,53.5000,-5.5000,7.3210
1986-04-16T00:00:00+00:00,53.5000,-4.5000,7.1974
1986-04-16T00:00:00+00:00,53.5000,-3.5000,7.0428
1986-04-16T00:00:00+00:00,52.5000,-6.5000,8.2009
1986-04-16T00:00:00+00:00,52.5000,-5.5000,7.6387
1986-04-16T00:00:00+00:00,52.5000,-4.5000,7.4465
1986-04-16T00:00:00+00:00,51.5000,-6.5000,8.4856
1986-04-16T00:00:00+00:00,51.5000,-5.5000,8.1182
1986-04-16T00:00:00+00:00,51.5000,-4.5000,7.9186
1986-04-16T00:00:00+00:00,51.5000,-3.5000,8.1668
1986-05-16T12:00:00+00:00,53.5000,-5.5000,9.0668
1986-05-16T12:00:00+00:00,53.5000,-4.5000,9.0355
1986-05-16T12:00:00+00:00,53.5000,-3.5000,9.0005
1986-05-16T12:00:00+00:00,52.5000,-6.5000,9.5676
1986-05-16T12:00:00+00:00,52.5000,-5.5000,9.2712
1986-05-16T12:00:00+00:00,52.5000,-4.5000,9.2430
1986-05-16T12:00:00+00:00,51.5000,-6.5000,9.8533
1986-05-16T12:00:00+00:00,51.5000,-5.5000,9.7063
1986-05-16T12:00:00+00:00,51.5000,-4.5000,9.7264
1986-05-16T12:00:00+00:00,51.5000,-3.5000,10.0553
1986-06-16T00:00:00+00:00,53.5000,-5.5000,11.3465
1986-06-16T00:00:00+00:00,53.5000,-4.5000,11.4063
1986-06-16T00:00:00+00:00,53.5000,-3.5000,11.2419
1986-06-16T00:00:00+00:00,52.5000,-6.5000,12.3136
1986-06-16T00:00:00+00:00,52.5000,-5.5000,11.9793
1986-06-16T00:00:00+00:00,52.5000,-4.5000,11.9996
1986-06-16T00:00:00+00:00,51.5000,-6.5000,12.5674
1986-06-16T00:00:00+00:00,51.5000,-5.5000,12.5623
1986-06-16T00:00:00+00:00,51.5000,-4.5000,12.5468
1986-06-16T00:00:00+00:00,51.5000,-3.5000,12.6446
1986-07-16T12:00:00+00:00,53.5000,-5.5000,13.3611
1986-07-16T12:00:00+00:00,53.5000,-4.5000,13.3306
1986-07-16T12:00:00+00:00,53.5000,-3.5000,13.0428
1986-07-16T12:00:00+00:00,52.5000,-6.5000,14.9071
1986-07-16T12:00:00+00:00,52.5000,-5.5000,14.1986
1986-07-16T12:00:00+00:00,52.5000,-4.5000,14.1016
1986-07-16T12:00:00+00:00,51.5000,-6.5000,15.3668
1986-07-16T12:00:00+00:00,51.5000,-5.5000,15.1066
1986-07-16T12:00:00+00:00,51.5000,-4.5000,15.0039
1986-07-16T12:00:00+00:00,51.5000,-3.5000,15.3808
1986-08-16T12:00:00+00:00,53.5000,-5.5000,13.6045
1986-08-16T12:00:00+00:00,53.5000,-4.5000,13.5559
1986-08-16T12:00:00+00:00,53.5000,-3.5000,13.3303
1986-08-16T12:00:00+00:00,52.5000,-6.5000,14.1778
1986-08-16T12:00:00+00:00,52.5000,-5.5000,13.9785
1986-08-16T12:00:00+00:00,52.5000,-4.5000,14.0171
1986-08-16T12:00:00+00:00,51.5000,-6.5000,14.4782
1986-08-16T12:00:00+00:00,51.5000,-5.5000,14.4840
1986-08-16T12:00:00+00:00,51.5000,-4.5000,14.6209
1986-08-16T12:00:00+00:00,51.5000,-3.5000,15.0975
1986-09-16T00:00:00+00:00,53.5000,-5.5000,13.4948
1986-09-16T00:00:00+00:00,53.5000,-4.5000,13.4213
1986-09-16T00:00:00+00:00,53.5000,-3.5000,13.2198
1986-09-16T00:00:00+00:00,52.5000,-6.5000,14.0663
1986-09-16T00:00:00+00:00,52.5000,-5.5000,13.8060
1986-09-16T00:00:00+00:00,52.5000,-4.5000,13.7595
1986-09-16T00:00:00+00:00,51.5000,-6.5000,14.1856
1986-09-16T00:00:00+00:00,51.5000,-5.5000,14.1215
1986-09-16T00:00:00+00:00,51.5000,-4.5000,14.1489
1986-09-16T00:00:00+00:00,51.5000,-3.5000,14.4030
1986-10-16T12:00:00+00:00,53.5000,-5.5000,13.2668
1986-10-16T12:00:00+00:00,53.5000,-4.5000,13.2510
1986-10-16T12:00:00+00:00,53.5000,-3.5000,13.1182
1986-10-16T12:00:00+00:00,52.5000,-6.5000,13.7683
1986-10-16T12:00:00+00:00,52.5000,-5.5000,13.5714
1986-10-16T12:00:00+00:00,52.5000,-4.5000,13.5511
1986-10-16T12:00:00+00:00,51.5000,-6.5000,13.8206
1986-10-16T12:00:00+00:00,51.5000,-5.5000,13.7787
1986-10-16T12:00:00+00:00,51.5000,-4.5000,13.8093
1986-10-16T12:00:00+00:00,51.5000,-3.5000,14.0197
1986-11-16T00:00:00+00:00,53.5000,-5.5000,11.3928
1986-11-16T00:00:00+00:00,53.5000,-4.5000,11.3894
1986-11-16T00:00:00+00:00,53.5000,-3.5000,11.2796
1986-11-16T00:00:00+00:00,52.5000,-6.5000,11.6952
1986-11-16T00:00:00+00:00,52.5000,-5.5000,11.6283
1986-11-16T00:00:00+00:00,52.5000,-4.5000,11.6594
1986-11-16T00:00:00+00:00,51.5000,-6.5000,11.7631
1986-11-16T00:00:00+00:00,51.5000,-5.5000,11.8103
1986-11-16T00:00:00+00:00,51.5000,-4.5000,11.9279
1986-11-16T00:00:00+00:00,51.5000,-3.5000,12.2649
1986-12-16T12:00:00+00:00,53.5000,-5.5000,10.3496
1986-12-16T12:00:00+00:00,53.5000,-4.5000,10.1965
1986-12-16T12:00:00+00:00,53.5000,-3.5000,9.8339
1986-12-16T12:00:00+00:00,52.5000,-6.5000,10.6026
1986-12-16T12:00:00+00:00,52.5000,-5.5000,10.5730
1986-12-16T12:00:00+00:00,52.5000,-4.5000,10.5433
1986-12-16T12:00:00+00:00,51.5000,-6.5000,10.6995
1986-12-16T12:00:00+00:00,51.5000,-5.5000,10.7748
1986-12-16T12:00:00+00:00,51.5000,-4.5000,10.8366
1986-12-16T12:00:00+00:00,51.5000,-3.5000,11.0611
1987-01-16T12:00:00+00:00,53.5000,-5.5000,8.6351
1987-01-16T12:00:00+00:00,53.5000,-4.5000,8.5427
1987-01-16T12:00:00+00:00,53.5000,-3.5000,8.1481
1987-01-16T12:00:00+00:00,52.5000,-6.5000,9.2655
1987-01-16T12:00:00+00:00,52.5000,-5.5000,9.1184
1987-01-16T12:00:00+00:00,52.5000,-4.5000,9.0765
1987-01-16T12:00:00+00:00,51.5000,-6.5000,9.4145
1987-01-16T12:00:00+00:00,51.5000,-5.5000,9.4758
1987-01-16T12:00:00+00:00,51.5000,-4.5000,9.4016
1987-01-16T12:00:00+00:00,51.5000,-3.5000,9.3335
1987-02-15T00:00:00+00:00,53.5000,-5.5000,7.6430
1987-02-15T00:00:00+00:00,53.5000,-4.5000,7.4707
1987-02-15T00:00:00+00:00,53.5000,-3.5000,7.0979
1987-02-15T00:00:00+00:00,52.5000,-6.5000,8.3486
1987-02-15T00:00:00+00:00,52.5000,-5.5000,8.0209
1987-02-15T00:00:00+00:00,52.5000,-4.5000,7.8835
1987-02-15T00:00:00+00:00,51.5000,-6.5000,8.5652
1987-02-15T00:00:00+00:00,51.5000,-5.5000,8.3970
1987-02-15T00:00:00+00:00,51.5000,-4.5000,8.2533
1987-02-15T00:00:00+00:00,51.5000,-3.5000,8.3443
1987-03-16T12:00:00+00:00,53.5000,-5.5000,7.3683
1987-03-16T12:00:00+00:00,53.5000,-4.5000,7.1722
1987-03-16T12:00:00+00:00,53.5000,-3.5000,6.7254
1987-03-16T12:00:00+00:00,52.5000,-6.5000,8.3412
1987-03-16T12:00:00+00:00,52.5000,-5.5000,7.8720
1987-03-16T12:00:00+00:00,52.5000,-4.5000,7.6984
1987-03-16T12:00:00+00:00,51.5000,-6.5000,8.6098
1987-03-16T12:00:00+00:00,51.5000,-5.5000,8.3739
1987-03-16T12:00:00+00:00,51.5000,-4.5000,8.1695
1987-03-16T12:00:00+00:00,51.5000,-3.5000,8.2111
1987-04-16T00:00:00+00:00,53.5000,-5.5000,8.3270
1987-04-16T00:00:00+00:00,53.5000,-4.5000,8.2246
1987-04-16T00:00:00+00:00,53.5000,-3.5000,7.9468
1987-04-16T00:00:00+00:00,52.5000,-6.5000,9.6083
1987-04-16T00:00:00+00:00,52.5000,-5.5000,8.9334
1987-04-16T00:00:00+00:00,52.5000,-4.5000,8.7478
1987-04-16T00:00:00+00:00,51.5000,-6.5000,9.8533
1987-04-16T00:00:00+00:00,51.5000,-5.5000,9.5197
1987-04-16T00:00:00+00:00,51.5000,-4.5000,9.3043
1987-04-16T00:00:00+00:00,51.5000,-3.5000,9.4541
1987-05-16T12:00:00+00:00,53.5000,-5.5000,9.6547
1987-05-16T12:00:00+00:00,53.5000,-4.5000,9.6285
1987-05-16T12:00:00+00:00,53.5000,-3.5000,9.4527
1987-05-16T12:00:00+00:00,52.5000,-6.5000,10.6395
1987-05-16T12:00:00+00:00,52.5000,-5.5000,10.1715
1987-05-16T12:00:00+00:00,52.5000,-4.5000,10.0946
1987-05-16T12:00:00+00:00,51.5000,-6.5000,10.9400
1987-05-16T12:00:00+00:00,51.5000,-5.5000,10.7258
1987-05-16T12:00:00+00:00,51.5000,-4.5000,10.6325
1987-05-16T12:00:00+00:00,51.5000,-3.5000,10.8558
1987-06-16T00:00:00+00:00,53.5000,-5.5000,11.6916
1987-06-16T00:00:00+00:00,53.5000,-4.5000,11.6019
1987-06-16T00:00:00+00:00,53.5000,-3.5000,11.2820
1987-06-16T00:00:00+00:00,52.5000,-6.5000,12.8697
1987-06-16T00:00:00+00:00,52.5000,-5.5000,12.3244
1987-06-16T00:00:00+00:00,52.5000,-4.5000,12.2121
1987-06-16T00:00:00+00:00,51.5000,-6.5000,13.1686
1987-06-16T00:00:00+00:00,51.5000,-5.5000,12.9706
1987-06-16T00:00:00+00:00,51.5000,-4.5000,12.8555
1987-06-16T00:00:00+00:00,51.5000,-3.5000,13.0270
1987-07-16T12:00:00+00:00,53.5000,-5.5000,13.9774
1987-07-16T12:00:00+00:00,53.5000,-4.5000,13.7841
1987-07-16T12:00:00+00:00,53.5000,-3.5000,13.2146
1987-07-16T12:00:00+00:00,52.5000,-6.5000,15.8432
1987-07-16T12:00:00+00:00,52.5000,-5.5000,14.9456
1987-07-16T12:00:00+00:00,52.5000,-4.5000,14.7232
1987-07-16T12:00:00+00:00,51.5000,-6.5000,16.1996
1987-07-16T12:00:00+00:00,51.5000,-5.5000,15.7962
1987-07-16T12:00:00+00:00,51.5000,-4.5000,15.5875
1987-07-16T12:00:00+00:00,51.5000,-3.5000,15.8511
1987-08-16T12:00:00+00:00,53.5000,-5.5000,15.0257
1987-08-16T12:00:00+00:00,53.5000,-4.5000,15.0725
1987-08-16T12:00:00+00:00,53.5000,-3.5000,14.9097
1987-08-16T12:00:00+00:00,52.5000,-6.5000,16.5111
1987-08-16T12:00:00+00:00,52.5000,-5.5000,15.8295
1987-08-16T12:00:00+00:00,52.5000,-4.5000,15.7473
1987-08-16T12:00:00+00:00,51.5000,-6.5000,16.8923
1987-08-16T12:00:00+00:00,51.5000,-5.5000,16.6145
1987-08-16T12:00:00+00:00,51.5000,-4.5000,16.4608
1987-08-16T12:00:00+00:00,51.5000,-3.5000,16.6539
1987-09-16T00:00:00+00:00,53.5000,-5.5000,14.3136
1987-09-16T00:00:00+00:00,53.5000,-4.5000,14.4129
1987-09-16T00:00:00+00:00,53.5000,-3.5000,14.3869
1987-09-16T00:00:00+00:00,52.5000,-6.5000,15.3313
1987-09-16T00:00:00+00:00,52.5000,-5.5000,14.8912
1987-09-16T00:00:00+00:00,52.5000,-4.5000,14.8984
1987-09-16T00:00:00+00:00,51.5000,-6.5000,15.6894
1987-09-16T00:00:00+00:00,51.5000,-5.5000,15.5278
1987-09-16T00:00:00+00:00,51.5000,-4.5000,15.5196
1987-09-16T00:00:00+00:00,51.5000,-3.5000,15.8909
1987-10-16T12:00:00+00:00,53.5000,-5.5000,13.2462
1987-10-16T12:00:00+00:00,53.5000,-4.5000,13.2661
1987-10-16T12:00:00+00:00,53.5000,-3.5000,13.2025
1987-10-16T12:00:00+00:00,52.5000,-6.5000,13.4645
1987-10-16T12:00:00+00:00,52.5000,-5.5000,13.4347
1987-10-16T12:00:00+00:00,52.5000,-4.5000,13.4908
1987-10-16T12:00:00+00:00,51.5000,-6.5000,13.6155
1987-10-16T12:00:00+00:00,51.5000,-5.5000,13.6745
1987-10-16T12:00:00+00:00,51.5000,-4.5000,13.7950
1987-10-16T12:00:00+00:00,51.5000,-3.5000,14.1069
1987-11-16T00:00:00+00:00,53.5000,-5.5000,11.9199
1987-11-16T00:00:00+00:00,53.5000,-4.5000,11.9797
1987-11-16T00:00:00+00:00,53.5000,-3.5000,11.9054
1987-11-16T00:00:00+00:00,52.5000,-6.5000,11.8613
1987-11-16T00:00:00+00:00,52.5000,-5.5000,12.0778
1987-11-16T00:00:00+00:00,52.5000,-4.5000,12.2078
1987-11-16T00:00:00+00:00,51.5000,-6.5000,11.9357
1987-11-16T00:00:00+00:00,51.5000,-5.5000,12.1825
1987-11-16T00:00:00+00:00,51.5000,-4.5000,12.3467
1987-11-16T00:00:00+00:00,51.5000,-3.5000,12.4826
1987-12-16T12:00:00+00:00,53.5000,-5.5000,10.2780
1987-12-16T12:00:00+00:00,53.5000,-4.5000,10.1717
1987-12-16T12:00:00+00:00,53.5000,-3.5000,9.9094
1987-12-16T12:00:00+00:00,52.5000,-6.5000,10.5379
1987-12-16T12:00:00+00:00,52.5000,-5.5000,10.4848
1987-12-16T12:00:00+00:00,52.5000,-4.5000,10.4636
1987-12-16T12:00:00+00:00,51.5000,-6.5000,10.7197
1987-12-16T12:00:00+00:00,51.5000,-5.5000,10.7011
1987-12-16T12:00:00+00:00,51.5000,-4.5000,10.7220
1987-12-16T12:00:00+00:00,51.5000,-3.5000,10.9283
1988-01-16T12:00:00+00:00,53.5000,-5.5000,9.6702
1988-01-16T12:00:00+00:00,53.5000,-4.5000,9.6137
1988-01-16T12:00:00+00:00,53.5000,-3.5000,9.2262
1988-01-16T12:00:00+00:00,52.5000,-6.5000,10.4672
1988-01-16T12:00:00+00:00,52.5000,-5.5000,10.2620
1988-01-16T12:00:00+00:00,52.5000,-4.5000,10.2208
1988-01-16T12:00:00+00:00,51.5000,-6.5000,10.5392
1988-01-16T12:00:00+00:00,51.5000,-5.5000,10.6296
1988-01-16T12:00:00+00:00,51.5000,-4.5000,10.5695
1988-01-16T12:00:00+00:00,51.5000,-3.5000,10.5496
1988-02-15T12:00:00+00:00,53.5000,-5.5000,9.0226
1988-02-15T12:00:00+00:00,53.5000,-4.5000,8.8449
1988-02-15T12:00:00+00:00,53.5000,-3.5000,8.6202
1988-02-15T12:00:00+00:00,52.5000,-6.5000,9.3386
1988-02-15T12:00:00+00:00,52.5000,-5.5000,9.1175
1988-02-15T12:00:00+00:00,52.5000,-4.5000,8.9609
1988-02-15T12:00:00+00:00,51.5000,-6.5000,9.5197
1988-02-15T12:00:00+00:00,51.5000,-5.5000,9.3722
1988-02-15T12:00:00+00:00,51.5000,-4.5000,9.2542
1988-02-15T12:00:00+00:00,51.5000,-3.5000,9.5036
1988-03-16T12:00:00+00:00,53.5000,-5.5000,7.8589
1988-03-16T12:00:00+00:00,53.5000,-4.5000,7.6534
1988-03-16T12:00:00+00:00,53.5000,-3.5000,7.3208
1988-03-16T12:00:00+00:00,52.5000,-6.5000,8.4863
1988-03-16T12:00:00+00:00,52.5000,-5.5000,8.1198
1988-03-16T12:00:00+00:00,52.5000,-4.5000,7.9532
1988-03-16T12:00:00+00:00,51.5000,-6.5000,8.7582
1988-03-16T12:00:00+00:00,51.5000,-5.5000,8.5744
1988-03-16T12:00:00+00:00,51.5000,-4.5000,8.4779
1988-03-16T12:00:00+00:00,51.5000,-3.5000,8.4559
1988-04-16T00:00:00+00:00,53.5000,-5.5000,8.7213
1988-04-16T00:00:00+00:00,53.5000,-4.5000,8.6010
1988-04-16T00:00:00+00:00,53.5000,-3.5000,8.3864
1988-04-16T00:00:00+00:00,52.5000,-6.5000,9.4305
1988-04-16T00:00:00+00:00,52.5000,-5.5000,9.0301
1988-04-16T00:00:00+00:00,52.5000,-4.5000,8.8899
1988-04-16T00:00:00+00:00,51.5000,-6.5000,9.6675
1988-04-16T00:00:00+00:00,51.5000,-5.5000,9.4725
1988-04-16T00:00:00+00:00,51.5000,-4.5000,9.3532
1988-04-16T00:00:00+00:00,51.5000,-3.5000,9.3687
1988-05-16T12:00:00+00:00,53.5000,-5.5000,10.0268
1988-05-16T12:00:00+00:00,53.5000,-4.5000,10.0565
1988-05-16T12:00:00+00:00,53.5000,-3.5000,9.8878
1988-05-16T12:00:00+00:00,52.5000,-6.5000,11.2014
1988-05-16T12:00:00+00:00,52.5000,-5.5000,10.6896
1988-05-16T12:00:00+00:00,52.5000,-4.5000,10.6445
1988-05-16T12:00:00+00:00,51.5000,-6.5000,11.4554
1988-05-16T12:00:00+00:00,51.5000,-5.5000,11.3045
1988-05-16T12:00:00+00:00,51.5000,-4.5000,11.2552
1988-05-16T12:00:00+00:00,51.5000,-3.5000,11.5289
1988-06-16T00:00:00+00:00,53.5000,-5.5000,12.7233
1988-06-16T00:00:00+00:00,53.5000,-4.5000,12.8114
1988-06-16T00:00:00+00:00,53.5000,-3.5000,12.5530
1988-06-16T00:00:00+00:00,52.5000,-6.5000,13.8398
1988-06-16T00:00:00+00:00,52.5000,-5.5000,13.5340
1988-06-16T00:00:00+00:00,52.5000,-4.5000,13.5873
1988-06-16T00:00:00+00:00,51.5000,-6.5000,14.0717
1988-06-16T00:00:00+00:00,51.5000,-5.5000,14.1466
1988-06-16T00:00:00+00:00,51.5000,-4.5000,14.1322
1988-06-16T00:00:00+00:00,51.5000,-3.5000,14.1275
1988-07-16T12:00:00+00:00,53.5000,-5.5000,13.7444
1988-07-16T12:00:00+00:00,53.5000,-4.5000,13.7498
1988-07-16T12:00:00+00:00,53.5000,-3.5000,13.6251
1988-07-16T12:00:00+00:00,52.5000,-6.5000,14.5983
1988-07-16T12:00:00+00:00,52.5000,-5.5000,14.2296
1988-07-16T12:00:00+00:00,52.5000,-4.5000,14.2086
1988-07-16T12:00:00+00:00,51.5000,-6.5000,14.8914
1988-07-16T12:00:00+00:00,51.5000,-5.5000,14.8193
1988-07-16T12:00:00+00:00,51.5000,-4.5000,14.8342
1988-07-16T12:00:00+00:00,51.5000,-3.5000,15.1862
1988-08-16T12:00:00+00:00,53.5000,-5.5000,14.1657
1988-08-16T12:00:00+00:00,53.5000,-4.5000,14.3515
1988-08-16T12:00:00+00:00,53.5000,-3.5000,14.4223
1988-08-16T12:00:00+00:00,52.5000,-6.5000,14.5897
1988-08-16T12:00:00+00:00,52.5000,-5.5000,14.5635
1988-08-16T12:00:00+00:00,52.5000,-4.5000,14.7853
1988-08-16T12:00:00+00:00,51.5000,-6.5000,14.9678
1988-08-16T12:00:00+00:00,51.5000,-5.5000,15.0802
1988-08-16T12:00:00+00:00,51.5000,-4.5000,15.3195
1988-08-16T12:00:00+00:00,51.5000,-3.5000,15.6130
1988-09-16T00:00:00+00:00,53.5000,-5.5000,13.9980
1988-09-16T00:00:00+00:00,53.5000,-4.5000,14.2005
1988-09-16T00:00:00+00:00,53.5000,-3.5000,14.4005
1988-09-16T00:00:00+00:00,52.5000,-6.5000,14.4431
1988-09-16T00:00:00+00:00,52.5000,-5.5000,14.3111
1988-09-16T00:00:00+00:00,52.5000,-4.5000,14.4183
1988-09-16T00:00:00+00:00,51.5000,-6.5000,14.6427
1988-09-16T00:00:00+00:00,51.5000,-5.5000,14.6506
1988-09-16T00:00:00+00:00,51.5000,-4.5000,14.7410
1988-09-16T00:00:00+00:00,51.5000,-3.5000,15.0265
1988-10-16T12:00:00+00:00,53.5000,-5.5000,13.1873
1988-10-16T12:00:00+00:00,53.5000,-4.5000,13.2277
1988-10-16T12:00:00+00:00,53.5000,-3.5000,13.2563
1988-10-16T12:00:00+00:00,52.5000,-6.5000,13.2304
1988-10-16T12:00:00+00:00,52.5000,-5.5000,13.2592
1988-10-16T12:00:00+00:00,52.5000,-4.5000,13.3619
1988-10-16T12:00:00+00:00,51.5000,-6.5000,13.3982
1988-10-16T12:00:00+00:00,51.5000,-5.5000,13.4387
1988-10-16T12:00:00+00:00,51.5000,-4.5000,13.6441
1988-10-16T12:00:00+00:00,51.5000,-3.5000,13.8547
1988-11-16T00:00:00+00:00,53.5000,-5.5000,11.6656
1988-11-16T00:00:00+00:00,53.5000,-4.5000,11.6045
1988-11-16T00:00:00+00:00,53.5000,-3.5000,11.2665
1988-11-16T00:00:00+00:00,52.5000,-6.5000,12.1427
1988-11-16T00:00:00+00:00,52.5000,-5.5000,12.0809
1988-11-16T00:00:00+00:00,52.5000,-4.5000,12.1274
1988-11-16T00:00:00+00:00,51.5000,-6.5000,12.2588
1988-11-16T00:00:00+00:00,51.5000,-5.5000,12.3786
1988-11-16T00:00:00+00:00,51.5000,-4.5000,12.5187
1988-11-16T00:00:00+00:00,51.5000,-3.5000,12.8150
1988-12-16T12:00:00+00:00,53.5000,-5.5000,10.7332
1988-12-16T12:00:00+00:00,53.5000,-4.5000,10.6300
1988-12-16T12:00:00+00:00,53.5000,-3.5000,10.2468
1988-12-16T12:00:00+00:00,52.5000,-6.5000,11.1985
1988-12-16T12:00:00+00:00,52.5000,-5.5000,11.1263
1988-12-16T12:00:00+00:00,52.5000,-4.5000,11.0915
1988-12-16T12:00:00+00:00,51.5000,-6.5000,11.3145
1988-12-16T12:00:00+00:00,51.5000,-5.5000,11.4477
1988-12-16T12:00:00+00:00,51.5000,-4.5000,11.4561
1988-12-16T12:00:00+00:00,51.5000,-3.5000,11.3200
1989-01-16T12:00:00+00:00,53.5000,-5.5000,10.4975
1989-01-16T12:00:00+00:00,53.5000,-4.5000,10.2040
1989-01-16T12:00:00+00:00,53.5000,-3.5000,9.9149
1989-01-16T12:00:00+00:00,52.5000,-6.5000,10.1866
1989-01-16T12:00:00+00:00,52.5000,-5.5000,10.2445
1989-01-16T12:00:00+00:00,52.5000,-4.5000,10.1346
1989-01-16T12:00:00+00:00,51.5000,-6.5000,10.4298
1989-01-16T12:00:00+00:00,51.5000,-5.5000,10.4040
1989-01-16T12:00:00+00:00,51.5000,-4.5000,10.4292
1989-01-16T12:00:00+00:00,51.5000,-3.5000,10.7928
1989-02-15T00:00:00+00:00,53.5000,-5.5000,8.5746
1989-02-15T00:00:00+00:00,53.5000,-4.5000,8.3464
1989-02-15T00:00:00+00:00,53.5000,-3.5000,7.6942
1989-02-15T00:00:00+00:00,52.5000,-6.5000,9.7049
1989-02-15T00:00:00+00:00,52.5000,-5.5000,9.2739
1989-02-15T00:00:00+00:00,52.5000,-4.5000,9.0816
1989-02-15T00:00:00+00:00,51.5000,-6.5000,9.9580
1989-02-15T00:00:00+00:00,51.5000,-5.5000,9.9024
1989-02-15T00:00:00+00:00,51.5000,-4.5000,9.7336
1989-02-15T00:00:00+00:00,51.5000,-3.5000,9.5906
1989-03-16T12:00:00+00:00,53.5000,-5.5000,8.3041
1989-03-16T12:00:00+00:00,53.5000,-4.5000,8.1057
1989-03-16T12:00:00+00:00,53.5000,-3.5000,7.5428
1989-03-16T12:00:00+00:00,52.5000,-6.5000,9.4694
1989-03-16T12:00:00+00:00,52.5000,-5.5000,8.9773
1989-03-16T12:00:00+00:00,52.5000,-4.5000,8.8594
1989-03-16T12:00:00+00:00,51.5000,-6.5000,9.7210
1989-03-16T12:00:00+00:00,51.5000,-5.5000,9.6302
1989-03-16T12:00:00+00:00,51.5000,-4.5000,9.5829
1989-03-16T12:00:00+00:00,51.5000,-3.5000,9.8930
1989-04-16T00:00:00+00:00,53.5000,-5.5000,8.7260
1989-04-16T00:00:00+00:00,53.5000,-4.5000,8.7012
1989-04-16T00:00:00+00:00,53.5000,-3.5000,8.4454
1989-04-16T00:00:00+00:00,52.5000,-6.5000,9.6914
1989-04-16T00:00:00+00:00,52.5000,-5.5000,9.3042
1989-04-16T00:00:00+00:00,52.5000,-4.5000,9.2867
1989-04-16T00:00:00+00:00,51.5000,-6.5000,9.8818
1989-04-16T00:00:00+00:00,51.5000,-5.5000,9.8180
1989-04-16T00:00:00+00:00,51.5000,-4.5000,9.8556
1989-04-16T00:00:00+00:00,51.5000,-3.5000,10.2329
1989-05-16T12:00:00+00:00,53.5000,-5.5000,10.8220
1989-05-16T12:00:00+00:00,53.5000,-4.5000,10.8046
1989-05-16T12:00:00+00:00,53.5000,-3.5000,10.5853
1989-05-16T12:00:00+00:00,52.5000,-6.5000,12.1440
1989-05-16T12:00:00+00:00,52.5000,-5.5000,11.5171
1989-05-16T12:00:00+00:00,52.5000,-4.5000,11.3412
1989-05-16T12:00:00+00:00,51.5000,-6.5000,12.3256
1989-05-16T12:00:00+00:00,51.5000,-5.5000,12.0548
1989-05-16T12:00:00+00:00,51.5000,-4.5000,11.7920
1989-05-16T12:00:00+00:00,51.5000,-3.5000,11.8118
1989-06-16T00:00:00+00:00,53.5000,-5.5000,13.0480
1989-06-16T00:00:00+00:00,53.5000,-4.5000,13.1732
1989-06-16T00:00:00+00:00,53.5000,-3.5000,13.2912
1989-06-16T00:00:00+00:00,52.5000,-6.5000,14.3486
1989-06-16T00:00:00+00:00,52.5000,-5.5000,13.6593
1989-06-16T00:00:00+00:00,52.5000,-4.5000,13.5630
1989-06-16T00:00:00+00:00,51.5000,-6.5000,14.6726
1989-06-16T00:00:00+00:00,51.5000,-5.5000,14.3364
1989-06-16T00:00:00+00:00,51.5000,-4.5000,14.1573
1989-06-16T00:00:00+00:00,51.5000,-3.5000,14.3773
1989-07-16T12:00:00+00:00,53.5000,-5.5000,15.2265
1989-07-16T12:00:00+00:00,53.5000,-4.5000,15.3485
1989-07-16T12:00:00+00:00,53.5000,-3.5000,15.2620
1989-07-16T12:00:00+00:00,52.5000,-6.5000,17.2428
1989-07-16T12:00:00+00:00,52.5000,-5.5000,16.2883
1989-07-16T12:00:00+00:00,52.5000,-4.5000,16.1513
1989-07-16T12:00:00+00:00,51.5000,-6.5000,17.5986
1989-07-16T12:00:00+00:00,51.5000,-5.5000,17.2117
1989-07-16T12:00:00+00:00,51.5000,-4.5000,16.9549
1989-07-16T12:00:00+00:00,51.5000,-3.5000,17.1033
1989-08-16T12:00:00+00:00,53.5000,-5.5000,15.8224
1989-08-16T12:00:00+00:00,53.5000,-4.5000,15.9037
1989-08-16T12:00:00+00:00,53.5000,-3.5000,15.7694
1989-08-16T12:00:00+00:00,52.5000,-6.5000,16.8240
1989-08-16T12:00:00+00:00,52.5000,-5.5000,16.4668
1989-08-16T12:00:00+00:00,52.5000,-4.5000,16.5086
1989-08-16T12:00:00+00:00,51.5000,-6.5000,17.2977
1989-08-16T12:00:00+00:00,51.5000,-5.5000,17.1900
1989-08-16T12:00:00+00:00,51.5000,-4.5000,17.1761
1989-08-16T12:00:00+00:00,51.5000,-3.5000,17.4716
1989-09-16T00:00:00+00:00,53.5000,-5.5000,14.9582
1989-09-16T00:00:00+00:00,53.5000,-4.5000,15.1781
1989-09-16T00:00:00+00:00,53.5000,-3.5000,15.4157
1989-09-16T00:00:00+00:00,52.5000,-6.5000,15.8477
1989-09-16T00:00:00+00:00,52.5000,-5.5000,15.4331
1989-09-16T00:00:00+00:00,52.5000,-4.5000,15.4726
1989-09-16T00:00:00+00:00,51.5000,-6.5000,16.1924
1989-09-16T00:00:00+00:00,51.5000,-5.5000,16.0256
1989-09-16T00:00:00+00:00,51.5000,-4.5000,16.0294
1989-09-16T00:00:00+00:00,51.5000,-3.5000,16.4751
1989-10-16T12:00:00+00:00,53.5000,-5.5000,14.5365
1989-10-16T12:00:00+00:00,53.5000,-4.5000,14.5834
1989-10-16T12:00:00+00:00,53.5000,-3.5000,14.5884
1989-10-16T12:00:00+00:00,52.5000,-6.5000,14.6199
1989-10-16T12:00:00+00:00,52.5000,-5.5000,14.6535
1989-10-16T12:00:00+00:00,52.5000,-4.5000,14.7242
1989-10-16T12:00:00+00:00,51.5000,-6.5000,14.7464
1989-10-16T12:00:00+00:00,51.5000,-5.5000,14.7812
1989-10-16T12:00:00+00:00,51.5000,-4.5000,14.9019
1989-10-16T12:00:00+00:00,51.5000,-3.5000,15.2116
1989-11-16T00:00:00+00:00,53.5000,-5.5000,12.5949
1989-11-16T00:00:00+00:00,53.5000,-4.5000,12.6264
1989-11-16T00:00:00+00:00,53.5000,-3.5000,12.4836
1989-11-16T00:00:00+00:00,52.5000,-6.5000,12.7381
1989-11-16T00:00:00+00:00,52.5000,-5.5000,12.8479
1989-11-16T00:00:00+00:00,52.5000,-4.5000,12.9106
1989-11-16T00:00:00+00:00,51.5000,-6.5000,12.7599
1989-11-16T00:00:00+00:00,51.5000,-5.5000,12.9860
1989-11-16T00:00:00+00:00,51.5000,-4.5000,13.0831
1989-11-16T00:00:00+00:00,51.5000,-3.5000,13.1733
1989-12-16T12:00:00+00:00,53.5000,-5.5000,11.2542
1989-12-16T12:00:00+00:00,53.5000,-4.5000,11.0596
1989-12-16T12:00:00+00:00,53.5000,-3.5000,10.6004
1989-12-16T12:00:00+00:00,52.5000,-6.5000,11.4638
1989-12-16T12:00:00+00:00,52.5000,-5.5000,11.4846
1989-12-16T12:00:00+00:00,52.5000,-4.5000,11.4408
1989-12-16T12:00:00+00:00,51.5000,-6.5000,11.5568
1989-12-16T12:00:00+00:00,51.5000,-5.5000,11.6566
1989-12-16T12:00:00+00:00,51.5000,-4.5000,11.6590
1989-12-16T12:00:00+00:00,51.5000,-3.5000,11.6440
1990-01-16T12:00:00+00:00,53.5000,-5.5000,9.7959
1990-01-16T12:00:00+00:00,53.5000,-4.5000,9.6516
1990-01-16T12:00:00+00:00,53.5000,-3.5000,9.1301
1990-01-16T12:00:00+00:00,52.5000,-6.5000,10.5422
1990-01-16T12:00:00+00:00,52.5000,-5.5000,10.3581
1990-01-16T12:00:00+00:00,52.5000,-4.5000,10.2547
1990-01-16T12:00:00+00:00,51.5000,-6.5000,10.7183
1990-01-16T12:00:00+00:00,51.5000,-5.5000,10.7839
1990-01-16T12:00:00+00:00,51.5000,-4.5000,10.6474
1990-01-16T12:00:00+00:00,51.5000,-3.5000,10.4340
1990-02-15T00:00:00+00:00,53.5000,-5.5000,9.5768
1990-02-15T00:00:00+00:00,53.5000,-4.5000,9.3531
1990-02-15T00:00:00+00:00,53.5000,-3.5000,8.8897
1990-02-15T00:00:00+00:00,52.5000,-6.5000,10.1514
1990-02-15T00:00:00+00:00,52.5000,-5.5000,9.9092
1990-02-15T00:00:00+00:00,52.5000,-4.5000,9.7773
1990-02-15T00:00:00+00:00,51.5000,-6.5000,10.2722
1990-02-15T00:00:00+00:00,51.5000,-5.5000,10.2307
1990-02-15T00:00:00+00:00,51.5000,-4.5000,10.1653
1990-02-15T00:00:00+00:00,51.5000,-3.5000,10.3429
1990-03-16T12:00:00+00:00,53.5000,-5.5000,8.9702
1990-03-16T12:00:00+00:00,53.5000,-4.5000,8.8267
1990-03-16T12:00:00+00:00,53.5000,-3.5000,8.4663
1990-03-16T12:00:00+00:00,52.5000,-6.5000,9.8516
1990-03-16T12:00:00+00:00,52.5000,-5.5000,9.4401
1990-03-16T12:00:00+00:00,52.5000,-4.5000,9.3106
1990-03-16T12:00:00+00:00,51.5000,-6.5000,10.0479
1990-03-16T12:00:00+00:00,51.5000,-5.5000,9.9305
1990-03-16T12:00:00+00:00,51.5000,-4.5000,9.8305
1990-03-16T12:00:00+00:00,51.5000,-3.5000,10.0546
1990-04-16T00:00:00+00:00,53.5000,-5.5000,9.3098
1990-04-16T00:00:00+00:00,53.5000,-4.5000,9.1750
1990-04-16T00:00:00+00:00,53.5000,-3.5000,8.9216
1990-04-16T00:00:00+00:00,52.5000,-6.5000,10.0743
1990-04-16T00:00:00+00:00,52.5000,-5.5000,9.6522
1990-04-16T00:00:00+00:00,52.5000,-4.5000,9.5234
1990-04-16T00:00:00+00:00,51.5000,-6.5000,10.2256
1990-04-16T00:00:00+00:00,51.5000,-5.5000,10.0492
1990-04-16T00:00:00+00:00,51.5000,-4.5000,9.9948
1990-04-16T00:00:00+00:00,51.5000,-3.5000,10.3453
1990-05-16T12:00:00+00:00,53.5000,-5.5000,11.1957
1990-05-16T12:00:00+00:00,53.5000,-4.5000,11.1331
1990-05-16T12:00:00+00:00,53.5000,-3.5000,10.8412
1990-05-16T12:00:00+00:00,52.5000,-6.5000,12.5462
1990-05-16T12:00:00+00:00,52.5000,-5.5000,11.8993
1990-05-16T12:00:00+00:00,52.5000,-4.5000,11.7688
1990-05-16T12:00:00+00:00,51.5000,-6.5000,12.7487
1990-05-16T12:00:00+00:00,51.5000,-5.5000,12.4963
1990-05-16T12:00:00+00:00,51.5000,-4.5000,12.3567
1990-05-16T12:00:00+00:00,51.5000,-3.5000,12.4883
1990-06-16T00:00:00+00:00,53.5000,-5.5000,12.7729
1990-06-16T00:00:00+00:00,53.5000,-4.5000,12.8018
1990-06-16T00:00:00+00:00,53.5000,-3.5000,12.6948
1990-06-16T00:00:00+00:00,52.5000,-6.5000,13.8878
1990-06-16T00:00:00+00:00,52.5000,-5.5000,13.3685
1990-06-16T00:00:00+00:00,52.5000,-4.5000,13.2637
1990-06-16T00:00:00+00:00,51.5000,-6.5000,14.1409
1990-06-16T00:00:00+00:00,51.5000,-5.5000,13.9882
1990-06-16T00:00:00+00:00,51.5000,-4.5000,13.8217
1990-06-16T00:00:00+00:00,51.5000,-3.5000,13.9998
1990-07-16T12:00:00+00:00,53.5000,-5.5000,14.3067
1990-07-16T12:00:00+00:00,53.5000,-4.5000,14.2885
1990-07-16T12:00:00+00:00,53.5000,-3.5000,14.0586
1990-07-16T12:00:00+00:00,52.5000,-6.5000,15.6282
1990-07-16T12:00:00+00:00,52.5000,-5.5000,15.0264
1990-07-16T12:00:00+00:00,52.5000,-4.5000,14.9334
1990-07-16T12:00:00+00:00,51.5000,-6.5000,15.8959
1990-07-16T12:00:00+00:00,51.5000,-5.5000,15.6995
1990-07-16T12:00:00+00:00,51.5000,-4.5000,15.5774
1990-07-16T12:00:00+00:00,51.5000,-3.5000,15.6766
1990-08-16T12:00:00+00:00,53.5000,-5.5000,15.6211
1990-08-16T12:00:00+00:00,53.5000,-4.5000,15.5938
1990-08-16T12:00:00+00:00,53.5000,-3.5000,15.3204
1990-08-16T12:00:00+00:00,52.5000,-6.5000,17.0019
1990-08-16T12:00:00+00:00,52.5000,-5.5000,16.3741
1990-08-16T12:00:00+00:00,52.5000,-4.5000,16.2972
1990-08-16T12:00:00+00:00,51.5000,-6.5000,17.3470
1990-08-16T12:00:00+00:00,51.5000,-5.5000,17.1528
1990-08-16T12:00:00+00:00,51.5000,-4.5000,17.0839
1990-08-16T12:00:00+00:00,51.5000,-3.5000,17.3845
1990-09-16T00:00:00+00:00,53.5000,-5.5000,15.2671
1990-09-16T00:00:00+00:00,53.5000,-4.5000,15.2773
1990-09-16T00:00:00+00:00,53.5000,-3.5000,15.1616
1990-09-16T00:00:00+00:00,52.5000,-6.5000,15.9232
1990-09-16T00:00:00+00:00,52.5000,-5.5000,15.6565
1990-09-16T00:00:00+00:00,52.5000,-4.5000,15.6506
1990-09-16T00:00:00+00:00,51.5000,-6.5000,16.1376
1990-09-16T00:00:00+00:00,51.5000,-5.5000,16.0554
1990-09-16T00:00:00+00:00,51.5000,-4.5000,16.0602
1990-09-16T00:00:00+00:00,51.5000,-3.5000,16.2633
1990-10-16T12:00:00+00:00,53.5000,-5.5000,13.9665
1990-10-16T12:00:00+00:00,53.5000,-4.5000,14.0033
1990-10-16T12:00:00+00:00,53.5000,-3.5000,13.8944
1990-10-16T12:00:00+00:00,52.5000,-6.5000,14.3117
1990-10-16T12:00:00+00:00,52.5000,-5.5000,14.2665
1990-10-16T12:00:00+00:00,52.5000,-4.5000,14.3141
1990-10-16T12:00:00+00:00,51.5000,-6.5000,14.4456
1990-10-16T12:00:00+00:00,51.5000,-5.5000,14.5016
1990-10-16T12:00:00+00:00,51.5000,-4.5000,14.5661
1990-10-16T12:00:00+00:00,51.5000,-3.5000,14.6480
1990-11-16T00:00:00+00:00,53.5000,-5.5000,12.4075
1990-11-16T00:00:00+00:00,53.5000,-4.5000,12.4178
1990-11-16T00:00:00+00:00,53.5000,-3.5000,12.4141
1990-11-16T00:00:00+00:00,52.5000,-6.5000,12.0603
1990-11-16T00:00:00+00:00,52.5000,-5.5000,12.3244
1990-11-16T00:00:00+00:00,52.5000,-4.5000,12.4421
1990-11-16T00:00:00+00:00,51.5000,-6.5000,12.1753
1990-11-16T00:00:00+00:00,51.5000,-5.5000,12.3822
1990-11-16T00:00:00+00:00,51.5000,-4.5000,12.6069
1990-11-16T00:00:00+00:00,51.5000,-3.5000,12.9778
1990-12-16T12:00:00+00:00,53.5000,-5.5000,10.7903
1990-12-16T12:00:00+00:00,53.5000,-4.5000,10.5803
1990-12-16T12:00:00+00:00,53.5000,-3.5000,10.1884
1990-12-16T12:00:00+00:00,52.5000,-6.5000,10.9534
1990-12-16T12:00:00+00:00,52.5000,-5.5000,10.9233
1990-12-16T12:00:00+00:00,52.5000,-4.5000,10.8413
1990-12-16T12:00:00+00:00,51.5000,-6.5000,10.9967
1990-12-16T12:00:00+00:00,51.5000,-5.5000,11.0625
1990-12-16T12:00:00+00:00,51.5000,-4.5000,11.0883
1990-12-16T12:00:00+00:00,51.5000,-3.5000,11.2845
1991-01-16T12:00:00+00:00,53.5000,-5.5000,9.0317
1991-01-16T12:00:00+00:00,53.5000,-4.5000,8.8920
1991-01-16T12:00:00+00:00,53.5000,-3.5000,8.4558
1991-01-16T12:00:00+00:00,52.5000,-6.5000,9.7287
1991-01-16T12:00:00+00:00,52.5000,-5.5000,9.5084
1991-01-16T12:00:00+00:00,52.5000,-4.5000,9.4267
1991-01-16T12:00:00+00:00,51.5000,-6.5000,9.8731
1991-01-16T12:00:00+00:00,51.5000,-5.5000,9.8720
1991-01-16T12:00:00+00:00,51.5000,-4.5000,9.8085
1991-01-16T12:00:00+00:00,51.5000,-3.5000,9.9251
1991-02-15T00:00:00+00:00,53.5000,-5.5000,8.5416
1991-02-15T00:00:00+00:00,53.5000,-4.5000,8.3015
1991-02-15T00:00:00+00:00,53.5000,-3.5000,7.8450
1991-02-15T00:00:00+00:00,52.5000,-6.5000,9.1061
1991-02-15T00:00:00+00:00,52.5000,-5.5000,8.8408
1991-02-15T00:00:00+00:00,52.5000,-4.5000,8.6704
1991-02-15T00:00:00+00:00,51.5000,-6.5000,9.1984
1991-02-15T00:00:00+00:00,51.5000,-5.5000,9.0963
1991-02-15T00:00:00+00:00,51.5000,-4.5000,8.9421
1991-02-15T00:00:00+00:00,51.5000,-3.5000,8.5697
1991-03-16T12:00:00+00:00,53.5000,-5.5000,7.8952
1991-03-16T12:00:00+00:00,53.5000,-4.5000,7.7543
1991-03-16T12:00:00+00:00,53.5000,-3.5000,7.3660
1991-03-16T12:00:00+00:00,52.5000,-6.5000,8.7658
1991-03-16T12:00:00+00:00,52.5000,-5.5000,8.3886
1991-03-16T12:00:00+00:00,52.5000,-4.5000,8.2734
1991-03-16T12:00:00+00:00,51.5000,-6.5000,8.9870
1991-03-16T12:00:00+00:00,51.5000,-5.5000,8.8628
1991-03-16T12:00:00+00:00,51.5000,-4.5000,8.7332
1991-03-16T12:00:00+00:00,51.5000,-3.5000,8.8051
1991-04-16T00:00:00+00:00,53.5000,-5.5000,8.7515
1991-04-16T00:00:00+00:00,53.5000,-4.5000,8.6756
1991-04-16T00:00:00+00:00,53.5000,-3.5000,8.4796
1991-04-16T00:00:00+00:00,52.5000,-6.5000,9.3510
1991-04-16T00:00:00+00:00,52.5000,-5.5000,9.0660
1991-04-16T00:00:00+00:00,52.5000,-4.5000,8.9963
1991-04-16T00:00:00+00:00,51.5000,-6.5000,9.5742
1991-04-16T00:00:00+00:00,51.5000,-5.5000,9.4808
1991-04-16T00:00:00+00:00,51.5000,-4.5000,9.4209
1991-04-16T00:00:00+00:00,51.5000,-3.5000,9.6083
1991-05-16T12:00:00+00:00,53.5000,-5.5000,10.1219
1991-05-16T12:00:00+00:00,53.5000,-4.5000,10.0936
1991-05-16T12:00:00+00:00,53.5000,-3.5000,9.9535
1991-05-16T12:00:00+00:00,52.5000,-6.5000,10.8489
1991-05-16T12:00:00+00:00,52.5000,-5.5000,10.5069
1991-05-16T12:00:00+00:00,52.5000,-4.5000,10.4522
1991-05-16T12:00:00+00:00,51.5000,-6.5000,11.0379
1991-05-16T12:00:00+00:00,51.5000,-5.5000,10.8761
1991-05-16T12:00:00+00:00,51.5000,-4.5000,10.8210
1991-05-16T12:00:00+00:00,51.5000,-3.5000,10.9828
1991-06-16T00:00:00+00:00,53.5000,-5.5000,11.9439
1991-06-16T00:00:00+00:00,53.5000,-4.5000,11.9066
1991-06-16T00:00:00+00:00,53.5000,-3.5000,11.8141
1991-06-16T00:00:00+00:00,52.5000,-6.5000,12.5757
1991-06-16T00:00:00+00:00,52.5000,-5.5000,12.2485
1991-06-16T00:00:00+00:00,52.5000,-4.5000,12.1764
1991-06-16T00:00:00+00:00,51.5000,-6.5000,12.8940
1991-06-16T00:00:00+00:00,51.5000,-5.5000,12.7214
1991-06-16T00:00:00+00:00,51.5000,-4.5000,12.6011
1991-06-16T00:00:00+00:00,51.5000,-3.5000,12.6433
1991-07-16T12:00:00+00:00,53.5000,-5.5000,13.8776
1991-07-16T12:00:00+00:00,53.5000,-4.5000,13.8851
1991-07-16T12:00:00+00:00,53.5000,-3.5000,13.8100
1991-07-16T12:00:00+00:00,52.5000,-6.5000,14.7825
1991-07-16T12:00:00+00:00,52.5000,-5.5000,14.3429
1991-07-16T12:00:00+00:00,52.5000,-4.5000,14.2889
1991-07-16T12:00:00+00:00,51.5000,-6.5000,15.0794
1991-07-16T12:00:00+00:00,51.5000,-5.5000,14.8379
1991-07-16T12:00:00+00:00,51.5000,-4.5000,14.7796
1991-07-16T12:00:00+00:00,51.5000,-3.5000,15.0827
1991-08-16T12:00:00+00:00,53.5000,-5.5000,15.5256
1991-08-16T12:00:00+00:00,53.5000,-4.5000,15.6167
1991-08-16T12:00:00+00:00,53.5000,-3.5000,15.8495
1991-08-16T12:00:00+00:00,52.5000,-6.5000,16.0419
1991-08-16T12:00:00+00:00,52.5000,-5.5000,15.6844
1991-08-16T12:00:00+00:00,52.5000,-4.5000,15.6306
1991-08-16T12:00:00+00:00,51.5000,-6.5000,16.3597
1991-08-16T12:00:00+00:00,51.5000,-5.5000,16.1174
1991-08-16T12:00:00+00:00,51.5000,-4.5000,16.0032
1991-08-16T12:00:00+00:00,51.5000,-3.5000,16.2861
1991-09-16T00:00:00+00:00,53.5000,-5.5000,15.4267
1991-09-16T00:00:00+00:00,53.5000,-4.5000,15.5429
1991-09-16T00:00:00+00:00,53.5000,-3.5000,15.5634
1991-09-16T00:00:00+00:00,52.5000,-6.5000,16.4355
1991-09-16T00:00:00+00:00,52.5000,-5.5000,15.9850
1991-09-16T00:00:00+00:00,52.5000,-4.5000,15.9665
1991-09-16T00:00:00+00:00,51.5000,-6.5000,16.6653
1991-09-16T00:00:00+00:00,51.5000,-5.5000,16.4774
1991-09-16T00:00:00+00:00,51.5000,-4.5000,16.4114
1991-09-16T00:00:00+00:00,51.5000,-3.5000,16.6119
1991-10-16T12:00:00+00:00,53.5000,-5.5000,13.6706
1991-10-16T12:00:00+00:00,53.5000,-4.5000,13.7083
1991-10-16T12:00:00+00:00,53.5000,-3.5000,13.5904
1991-10-16T12:00:00+00:00,52.5000,-6.5000,13.8146
1991-10-16T12:00:00+00:00,52.5000,-5.5000,13.9028
1991-10-16T12:00:00+00:00,52.5000,-4.5000,14.0235
1991-10-16T12:00:00+00:00,51.5000,-6.5000,13.9410
1991-10-16T12:00:00+00:00,51.5000,-5.5000,14.1091
1991-10-16T12:00:00+00:00,51.5000,-4.5000,14.3000
1991-10-16T12:00:00+00:00,51.5000,-3.5000,14.5782
1991-11-16T00:00:00+00:00,53.5000,-5.5000,11.3991
1991-11-16T00:00:00+00:00,53.5000,-4.5000,11.4850
1991-11-16T00:00:00+00:00,53.5000,-3.5000,11.5238
1991-11-16T00:00:00+00:00,52.5000,-6.5000,11.3224
1991-11-16T00:00:00+00:00,52.5000,-5.5000,11.4905
1991-11-16T00:00:00+00:00,52.5000,-4.5000,11.6261
1991-11-16T00:00:00+00:00,51.5000,-6.5000,11.4249
1991-11-16T00:00:00+00:00,51.5000,-5.5000,11.6752
1991-11-16T00:00:00+00:00,51.5000,-4.5000,11.9015
1991-11-16T00:00:00+00:00,51.5000,-3.5000,12.2695
1991-12-16T12:00:00+00:00,53.5000,-5.5000,10.5258
1991-12-16T12:00:00+00:00,53.5000,-4.5000,10.5030
1991-12-16T12:00:00+00:00,53.5000,-3.5000,10.2991
1991-12-16T12:00:00+00:00,52.5000,-6.5000,10.6111
1991-12-16T12:00:00+00:00,52.5000,-5.5000,10.7353
1991-12-16T12:00:00+00:00,52.5000,-4.5000,10.7902
1991-12-16T12:00:00+00:00,51.5000,-6.5000,10.7032
1991-12-16T12:00:00+00:00,51.5000,-5.5000,10.9297
1991-12-16T12:00:00+00:00,51.5000,-4.5000,11.0234
1991-12-16T12:00:00+00:00,51.5000,-3.5000,11.1508
1992-01-16T12:00:00+00:00,53.5000,-5.5000,9.5773
1992-01-16T12:00:00+00:00,53.5000,-4.5000,9.3109
1992-01-16T12:00:00+00:00,53.5000,-3.5000,8.9125
1992-01-16T12:00:00+00:00,52.5000,-6.5000,10.0066
1992-01-16T12:00:00+00:00,52.5000,-5.5000,9.7387
1992-01-16T12:00:00+00:00,52.5000,-4.5000,9.5300
1992-01-16T12:00:00+00:00,51.5000,-6.5000,10.1846
1992-01-16T12:00:00+00:00,51.5000,-5.5000,10.0142
1992-01-16T12:00:00+00:00,51.5000,-4.5000,9.8542
1992-01-16T12:00:00+00:00,51.5000,-3.5000,10.0495
1992-02-15T12:00:00+00:00,53.5000,-5.5000,8.8656
1992-02-15T12:00:00+00:00,53.5000,-4.5000,8.5909
1992-02-15T12:00:00+00:00,53.5000,-3.5000,8.1737
1992-02-15T12:00:00+00:00,52.5000,-6.5000,9.3456
1992-02-15T12:00:00+00:00,52.5000,-5.5000,9.0495
1992-02-15T12:00:00+00:00,52.5000,-4.5000,8.8334
1992-02-15T12:00:00+00:00,51.5000,-6.5000,9.5707
1992-02-15T12:00:00+00:00,51.5000,-5.5000,9.3602
1992-02-15T12:00:00+00:00,51.5000,-4.5000,9.1697
1992-02-15T12:00:00+00:00,51.5000,-3.5000,9.3332
1992-03-16T12:00:00+00:00,53.5000,-5.5000,8.7702
1992-03-16T12:00:00+00:00,53.5000,-4.5000,8.3345
1992-03-16T12:00:00+00:00,53.5000,-3.5000,7.8215
1992-03-16T12:00:00+00:00,52.5000,-6.5000,9.1822
1992-03-16T12:00:00+00:00,52.5000,-5.5000,8.7749
1992-03-16T12:00:00+00:00,52.5000,-4.5000,8.4306
1992-03-16T12:00:00+00:00,51.5000,-6.5000,9.4156
1992-03-16T12:00:00+00:00,51.5000,-5.5000,9.0868
1992-03-16T12:00:00+00:00,51.5000,-4.5000,8.8203
1992-03-16T12:00:00+00:00,51.5000,-3.5000,8.7686
1992-04-16T00:00:00+00:00,53.5000,-5.5000,8.9360
1992-04-16T00:00:00+00:00,53.5000,-4.5000,8.8031
1992-04-16T00:00:00+00:00,53.5000,-3.5000,8.5157
1992-04-16T00:00:00+00:00,52.5000,-6.5000,9.5164
1992-04-16T00:00:00+00:00,52.5000,-5.5000,9.2402
1992-04-16T00:00:00+00:00,52.5000,-4.5000,9.1482
1992-04-16T00:00:00+00:00,51.5000,-6.5000,9.7322
1992-04-16T00:00:00+00:00,51.5000,-5.5000,9.6322
1992-04-16T00:00:00+00:00,51.5000,-4.5000,9.5548
1992-04-16T00:00:00+00:00,51.5000,-3.5000,9.6858
1992-05-16T12:00:00+00:00,53.5000,-5.5000,10.4681
1992-05-16T12:00:00+00:00,53.5000,-4.5000,10.4709
1992-05-16T12:00:00+00:00,53.5000,-3.5000,10.4224
1992-05-16T12:00:00+00:00,52.5000,-6.5000,11.5444
1992-05-16T12:00:00+00:00,52.5000,-5.5000,10.9522
1992-05-16T12:00:00+00:00,52.5000,-4.5000,10.8215
1992-05-16T12:00:00+00:00,51.5000,-6.5000,11.6621
1992-05-16T12:00:00+00:00,51.5000,-5.5000,11.3466
1992-05-16T12:00:00+00:00,51.5000,-4.5000,11.2035
1992-05-16T12:00:00+00:00,51.5000,-3.5000,11.3863
1992-06-16T00:00:00+00:00,53.5000,-5.5000,13.2286
1992-06-16T00:00:00+00:00,53.5000,-4.5000,13.2998
1992-06-16T00:00:00+00:00,53.5000,-3.5000,13.3697
1992-06-16T00:00:00+00:00,52.5000,-6.5000,14.6162
1992-06-16T00:00:00+00:00,52.5000,-5.5000,13.8370
1992-06-16T00:00:00+00:00,52.5000,-4.5000,13.6146
1992-06-16T00:00:00+00:00,51.5000,-6.5000,14.8089
1992-06-16T00:00:00+00:00,51.5000,-5.5000,14.3611
1992-06-16T00:00:00+00:00,51.5000,-4.5000,14.0047
1992-06-16T00:00:00+00:00,51.5000,-3.5000,14.2883
1992-07-16T12:00:00+00:00,53.5000,-5.5000,14.7122
1992-07-16T12:00:00+00:00,53.5000,-4.5000,14.7609
1992-07-16T12:00:00+00:00,53.5000,-3.5000,14.7051
1992-07-16T12:00:00+00:00,52.5000,-6.5000,16.0458
1992-07-16T12:00:00+00:00,52.5000,-5.5000,15.3829
1992-07-16T12:00:00+00:00,52.5000,-4.5000,15.2364
1992-07-16T12:00:00+00:00,51.5000,-6.5000,16.3522
1992-07-16T12:00:00+00:00,51.5000,-5.5000,16.0380
1992-07-16T12:00:00+00:00,51.5000,-4.5000,15.8149
1992-07-16T12:00:00+00:00,51.5000,-3.5000,16.1330
1992-08-16T12:00:00+00:00,53.5000,-5.5000,14.9473
1992-08-16T12:00:00+00:00,53.5000,-4.5000,15.1125
1992-08-16T12:00:00+00:00,53.5000,-3.5000,15.2115
1992-08-16T12:00:00+00:00,52.5000,-6.5000,15.8926
1992-08-16T12:00:00+00:00,52.5000,-5.5000,15.4902
1992-08-16T12:00:00+00:00,52.5000,-4.5000,15.5204
1992-08-16T12:00:00+00:00,51.5000,-6.5000,16.1588
1992-08-16T12:00:00+00:00,51.5000,-5.5000,15.9826
1992-08-16T12:00:00+00:00,51.5000,-4.5000,15.9779
1992-08-16T12:00:00+00:00,51.5000,-3.5000,16.3348
1992-09-16T00:00:00+00:00,53.5000,-5.5000,14.2984
1992-09-16T00:00:00+00:00,53.5000,-4.5000,14.4431
1992-09-16T00:00:00+00:00,53.5000,-3.5000,14.5836
1992-09-16T00:00:00+00:00,52.5000,-6.5000,14.2308
1992-09-16T00:00:00+00:00,52.5000,-5.5000,14.3846
1992-09-16T00:00:00+00:00,52.5000,-4.5000,14.5885
1992-09-16T00:00:00+00:00,51.5000,-6.5000,14.4456
1992-09-16T00:00:00+00:00,51.5000,-5.5000,14.5485
1992-09-16T00:00:00+00:00,51.5000,-4.5000,14.8200
1992-09-16T00:00:00+00:00,51.5000,-3.5000,15.1060
1992-10-16T12:00:00+00:00,53.5000,-5.5000,13.2754
1992-10-16T12:00:00+00:00,53.5000,-4.5000,13.2904
1992-10-16T12:00:00+00:00,53.5000,-3.5000,13.2659
1992-10-16T12:00:00+00:00,52.5000,-6.5000,13.1655
1992-10-16T12:00:00+00:00,52.5000,-5.5000,13.2983
1992-10-16T12:00:00+00:00,52.5000,-4.5000,13.3784
1992-10-16T12:00:00+00:00,51.5000,-6.5000,13.1869
1992-10-16T12:00:00+00:00,51.5000,-5.5000,13.3483
1992-10-16T12:00:00+00:00,51.5000,-4.5000,13.5378
1992-10-16T12:00:00+00:00,51.5000,-3.5000,13.8809
1992-11-16T00:00:00+00:00,53.5000,-5.5000,11.5336
1992-11-16T00:00:00+00:00,53.5000,-4.5000,11.4365
1992-11-16T00:00:00+00:00,53.5000,-3.5000,11.2234
1992-11-16T00:00:00+00:00,52.5000,-6.5000,11.7718
1992-11-16T00:00:00+00:00,52.5000,-5.5000,11.6994
1992-11-16T00:00:00+00:00,52.5000,-4.5000,11.6723
1992-11-16T00:00:00+00:00,51.5000,-6.5000,11.7493
1992-11-16T00:00:00+00:00,51.5000,-5.5000,11.8667
1992-11-16T00:00:00+00:00,51.5000,-4.5000,11.9814
1992-11-16T00:00:00+00:00,51.5000,-3.5000,12.2966
1992-12-16T12:00:00+00:00,53.5000,-5.5000,10.2634
1992-12-16T12:00:00+00:00,53.5000,-4.5000,10.0468
1992-12-16T12:00:00+00:00,53.5000,-3.5000,9.3902
1992-12-16T12:00:00+00:00,52.5000,-6.5000,10.8743
1992-12-16T12:00:00+00:00,52.5000,-5.5000,10.7844
1992-12-16T12:00:00+00:00,52.5000,-4.5000,10.7318
1992-12-16T12:00:00+00:00,51.5000,-6.5000,10.9323
1992-12-16T12:00:00+00:00,51.5000,-5.5000,11.1020
1992-12-16T12:00:00+00:00,51.5000,-4.5000,11.1242
1992-12-16T12:00:00+00:00,51.5000,-3.5000,11.1690
1993-01-16T12:00:00+00:00,53.5000,-5.5000,9.2302
1993-01-16T12:00:00+00:00,53.5000,-4.5000,8.8409
1993-01-16T12:00:00+00:00,53.5000,-3.5000,8.2377
1993-01-16T12:00:00+00:00,52.5000,-6.5000,9.6328
1993-01-16T12:00:00+00:00,52.5000,-5.5000,9.3813
1993-01-16T12:00:00+00:00,52.5000,-4.5000,9.1644
1993-01-16T12:00:00+00:00,51.5000,-6.5000,9.8695
1993-01-16T12:00:00+00:00,51.5000,-5.5000,9.7475
1993-01-16T12:00:00+00:00,51.5000,-4.5000,9.6646
1993-01-16T12:00:00+00:00,51.5000,-3.5000,10.0111
1993-02-15T00:00:00+00:00,53.5000,-5.5000,7.8522
1993-02-15T00:00:00+00:00,53.5000,-4.5000,7.7974
1993-02-15T00:00:00+00:00,53.5000,-3.5000,7.5716
1993-02-15T00:00:00+00:00,52.5000,-6.5000,8.9567
1993-02-15T00:00:00+00:00,52.5000,-5.5000,8.4240
1993-02-15T00:00:00+00:00,52.5000,-4.5000,8.3375
1993-02-15T00:00:00+00:00,51.5000,-6.5000,9.2908
1993-02-15T00:00:00+00:00,51.5000,-5.5000,9.0685
1993-02-15T00:00:00+00:00,51.5000,-4.5000,9.0295
1993-02-15T00:00:00+00:00,51.5000,-3.5000,9.5545
1993-03-16T12:00:00+00:00,53.5000,-5.5000,7.7839
1993-03-16T12:00:00+00:00,53.5000,-4.5000,7.6265
1993-03-16T12:00:00+00:00,53.5000,-3.5000,7.5144
1993-03-16T12:00:00+00:00,52.5000,-6.5000,8.3667
1993-03-16T12:00:00+00:00,52.5000,-5.5000,7.9074
1993-03-16T12:00:00+00:00,52.5000,-4.5000,7.7084
1993-03-16T12:00:00+00:00,51.5000,-6.5000,8.8012
1993-03-16T12:00:00+00:00,51.5000,-5.5000,8.4445
1993-03-16T12:00:00+00:00,51.5000,-4.5000,8.2631
1993-03-16T12:00:00+00:00,51.5000,-3.5000,8.7329
1993-04-16T00:00:00+00:00,53.5000,-5.5000,8.9185
1993-04-16T00:00:00+00:00,53.5000,-4.5000,8.9174
1993-04-16T00:00:00+00:00,53.5000,-3.5000,8.8998
1993-04-16T00:00:00+00:00,52.5000,-6.5000,9.6885
1993-04-16T00:00:00+00:00,52.5000,-5.5000,9.2520
1993-04-16T00:00:00+00:00,52.5000,-4.5000,9.1600
1993-04-16T00:00:00+00:00,51.5000,-6.5000,9.9859
1993-04-16T00:00:00+00:00,51.5000,-5.5000,9.7691
1993-04-16T00:00:00+00:00,51.5000,-4.5000,9.6526
1993-04-16T00:00:00+00:00,51.5000,-3.5000,9.9127
1993-05-16T12:00:00+00:00,53.5000,-5.5000,10.1692
1993-05-16T12:00:00+00:00,53.5000,-4.5000,10.3589
1993-05-16T12:00:00+00:00,53.5000,-3.5000,10.5496
1993-05-16T12:00:00+00:00,52.5000,-6.5000,11.2198
1993-05-16T12:00:00+00:00,52.5000,-5.5000,10.7053
1993-05-16T12:00:00+00:00,52.5000,-4.5000,10.6949
1993-05-16T12:00:00+00:00,51.5000,-6.5000,11.5166
1993-05-16T12:00:00+00:00,51.5000,-5.5000,11.2995
1993-05-16T12:00:00+00:00,51.5000,-4.5000,11.2009
1993-05-16T12:00:00+00:00,51.5000,-3.5000,11.3845
1993-06-16T00:00:00+00:00,53.5000,-5.5000,12.1262
1993-06-16T00:00:00+00:00,53.5000,-4.5000,12.3065
1993-06-16T00:00:00+00:00,53.5000,-3.5000,12.4533
1993-06-16T00:00:00+00:00,52.5000,-6.5000,13.5120
1993-06-16T00:00:00+00:00,52.5000,-5.5000,12.8237
1993-06-16T00:00:00+00:00,52.5000,-4.5000,12.8098
1993-06-16T00:00:00+00:00,51.5000,-6.5000,13.8239
1993-06-16T00:00:00+00:00,51.5000,-5.5000,13.4944
1993-06-16T00:00:00+00:00,51.5000,-4.5000,13.4220
1993-06-16T00:00:00+00:00,51.5000,-3.5000,13.7124
1993-07-16T12:00:00+00:00,53.5000,-5.5000,13.7521
1993-07-16T12:00:00+00:00,53.5000,-4.5000,13.8393
1993-07-16T12:00:00+00:00,53.5000,-3.5000,13.8048
1993-07-16T12:00:00+00:00,52.5000,-6.5000,15.2620
1993-07-16T12:00:00+00:00,52.5000,-5.5000,14.5267
1993-07-16T12:00:00+00:00,52.5000,-4.5000,14.4350
1993-07-16T12:00:00+00:00,51.5000,-6.5000,15.5884
1993-07-16T12:00:00+00:00,51.5000,-5.5000,15.2480
1993-07-16T12:00:00+00:00,51.5000,-4.5000,15.0804
1993-07-16T12:00:00+00:00,51.5000,-3.5000,15.2933
1993-08-16T12:00:00+00:00,53.5000,-5.5000,14.8874
1993-08-16T12:00:00+00:00,53.5000,-4.5000,15.0551
1993-08-16T12:00:00+00:00,53.5000,-3.5000,15.0586
1993-08-16T12:00:00+00:00,52.5000,-6.5000,15.8848
1993-08-16T12:00:00+00:00,52.5000,-5.5000,15.5354
1993-08-16T12:00:00+00:00,52.5000,-4.5000,15.6042
1993-08-16T12:00:00+00:00,51.5000,-6.5000,16.1514
1993-08-16T12:00:00+00:00,51.5000,-5.5000,16.1205
1993-08-16T12:00:00+00:00,51.5000,-4.5000,16.1131
1993-08-16T12:00:00+00:00,51.5000,-3.5000,16.1870
1993-09-16T00:00:00+00:00,53.5000,-5.5000,14.5792
1993-09-16T00:00:00+00:00,53.5000,-4.5000,14.7288
1993-09-16T00:00:00+00:00,53.5000,-3.5000,14.7363
1993-09-16T00:00:00+00:00,52.5000,-6.5000,15.1600
1993-09-16T00:00:00+00:00,52.5000,-5.5000,15.0334
1993-09-16T00:00:00+00:00,52.5000,-4.5000,15.1445
1993-09-16T00:00:00+00:00,51.5000,-6.5000,15.3086
1993-09-16T00:00:00+00:00,51.5000,-5.5000,15.3730
1993-09-16T00:00:00+00:00,51.5000,-4.5000,15.4881
1993-09-16T00:00:00+00:00,51.5000,-3.5000,15.7346
1993-10-16T12:00:00+00:00,53.5000,-5.5000,13.1564
1993-10-16T12:00:00+00:00,53.5000,-4.5000,13.1606
1993-10-16T12:00:00+00:00,53.5000,-3.5000,13.0912
1993-10-16T12:00:00+00:00,52.5000,-6.5000,13.1923
1993-10-16T12:00:00+00:00,52.5000,-5.5000,13.2579
1993-10-16T12:00:00+00:00,52.5000,-4.5000,13.2893
1993-10-16T12:00:00+00:00,51.5000,-6.5000,13.2974
1993-10-16T12:00:00+00:00,51.5000,-5.5000,13.4253
1993-10-16T12:00:00+00:00,51.5000,-4.5000,13.5204
1993-10-16T12:00:00+00:00,51.5000,-3.5000,13.8253
1993-11-16T00:00:00+00:00,53.5000,-5.5000,11.3932
1993-11-16T00:00:00+00:00,53.5000,-4.5000,11.3649
1993-11-16T00:00:00+00:00,53.5000,-3.5000,11.1094
1993-11-16T00:00:00+00:00,52.5000,-6.5000,11.5602
1993-11-16T00:00:00+00:00,52.5000,-5.5000,11.6666
1993-11-16T00:00:00+00:00,52.5000,-4.5000,11.7852
1993-11-16T00:00:00+00:00,51.5000,-6.5000,11.6136
1993-11-16T00:00:00+00:00,51.5000,-5.5000,11.9057
1993-11-16T00:00:00+00:00,51.5000,-4.5000,12.1469
1993-11-16T00:00:00+00:00,51.5000,-3.5000,11.9915
1993-12-16T12:00:00+00:00,53.5000,-5.5000,10.0948
1993-12-16T12:00:00+00:00,53.5000,-4.5000,9.8656
1993-12-16T12:00:00+00:00,53.5000,-3.5000,9.5303
1993-12-16T12:00:00+00:00,52.5000,-6.5000,10.2451
1993-12-16T12:00:00+00:00,52.5000,-5.5000,10.1469
1993-12-16T12:00:00+00:00,52.5000,-4.5000,10.0627
1993-12-16T12:00:00+00:00,51.5000,-6.5000,10.4244
1993-12-16T12:00:00+00:00,51.5000,-5.5000,10.3888
1993-12-16T12:00:00+00:00,51.5000,-4.5000,10.4390
1993-12-16T12:00:00+00:00,51.5000,-3.5000,10.3409
1994-01-16T12:00:00+00:00,53.5000,-5.5000,8.4144
1994-01-16T12:00:00+00:00,53.5000,-4.5000,8.3213
1994-01-16T12:00:00+00:00,53.5000,-3.5000,8.0167
1994-01-16T12:00:00+00:00,52.5000,-6.5000,9.2392
1994-01-16T12:00:00+00:00,52.5000,-5.5000,8.8934
1994-01-16T12:00:00+00:00,52.5000,-4.5000,8.8193
1994-01-16T12:00:00+00:00,51.5000,-6.5000,9.4336
1994-01-16T12:00:00+00:00,51.5000,-5.5000,9.4100
1994-01-16T12:00:00+00:00,51.5000,-4.5000,9.3957
1994-01-16T12:00:00+00:00,51.5000,-3.5000,9.2135
1994-02-15T00:00:00+00:00,53.5000,-5.5000,7.9671
1994-02-15T00:00:00+00:00,53.5000,-4.5000,7.6672
1994-02-15T00:00:00+00:00,53.5000,-3.5000,7.2032
1994-02-15T00:00:00+00:00,52.5000,-6.5000,8.8704
1994-02-15T00:00:00+00:00,52.5000,-5.5000,8.3164
1994-02-15T00:00:00+00:00,52.5000,-4.5000,8.0393
1994-02-15T00:00:00+00:00,51.5000,-6.5000,9.1412
1994-02-15T00:00:00+00:00,51.5000,-5.5000,8.8297
1994-02-15T00:00:00+00:00,51.5000,-4.5000,8.6135
1994-02-15T00:00:00+00:00,51.5000,-3.5000,8.9434
1994-03-16T12:00:00+00:00,53.5000,-5.5000,7.5655
1994-03-16T12:00:00+00:00,53.5000,-4.5000,7.3720
1994-03-16T12:00:00+00:00,53.5000,-3.5000,6.8745
1994-03-16T12:00:00+00:00,52.5000,-6.5000,8.5777
1994-03-16T12:00:00+00:00,52.5000,-5.5000,8.1316
1994-03-16T12:00:00+00:00,52.5000,-4.5000,8.0076
1994-03-16T12:00:00+00:00,51.5000,-6.5000,8.9541
1994-03-16T12:00:00+00:00,51.5000,-5.5000,8.8344
1994-03-16T12:00:00+00:00,51.5000,-4.5000,8.7648
1994-03-16T12:00:00+00:00,51.5000,-3.5000,9.1674
1994-04-16T00:00:00+00:00,53.5000,-5.5000,8.1883
1994-04-16T00:00:00+00:00,53.5000,-4.5000,8.0478
1994-04-16T00:00:00+00:00,53.5000,-3.5000,7.8398
1994-04-16T00:00:00+00:00,52.5000,-6.5000,9.0114
1994-04-16T00:00:00+00:00,52.5000,-5.5000,8.5060
1994-04-16T00:00:00+00:00,52.5000,-4.5000,8.3532
1994-04-16T00:00:00+00:00,51.5000,-6.5000,9.2781
1994-04-16T00:00:00+00:00,51.5000,-5.5000,9.0506
1994-04-16T00:00:00+00:00,51.5000,-4.5000,8.9808
1994-04-16T00:00:00+00:00,51.5000,-3.5000,9.4485
1994-05-16T12:00:00+00:00,53.5000,-5.5000,9.6268
1994-05-16T12:00:00+00:00,53.5000,-4.5000,9.7054
1994-05-16T12:00:00+00:00,53.5000,-3.5000,9.6923
1994-05-16T12:00:00+00:00,52.5000,-6.5000,10.4157
1994-05-16T12:00:00+00:00,52.5000,-5.5000,10.0793
1994-05-16T12:00:00+00:00,52.5000,-4.5000,10.1111
1994-05-16T12:00:00+00:00,51.5000,-6.5000,10.6979
1994-05-16T12:00:00+00:00,51.5000,-5.5000,10.6565
1994-05-16T12:00:00+00:00,51.5000,-4.5000,10.6997
1994-05-16T12:00:00+00:00,51.5000,-3.5000,10.9791
1994-06-16T00:00:00+00:00,53.5000,-5.5000,11.6653
1994-06-16T00:00:00+00:00,53.5000,-4.5000,11.7939
1994-06-16T00:00:00+00:00,53.5000,-3.5000,11.9471
1994-06-16T00:00:00+00:00,52.5000,-6.5000,12.6781
1994-06-16T00:00:00+00:00,52.5000,-5.5000,12.1415
1994-06-16T00:00:00+00:00,52.5000,-4.5000,12.1194
1994-06-16T00:00:00+00:00,51.5000,-6.5000,13.0204
1994-06-16T00:00:00+00:00,51.5000,-5.5000,12.7828
1994-06-16T00:00:00+00:00,51.5000,-4.5000,12.7316
1994-06-16T00:00:00+00:00,51.5000,-3.5000,12.9943
1994-07-16T12:00:00+00:00,53.5000,-5.5000,13.7623
1994-07-16T12:00:00+00:00,53.5000,-4.5000,14.1397
1994-07-16T12:00:00+00:00,53.5000,-3.5000,14.4929
1994-07-16T12:00:00+00:00,52.5000,-6.5000,15.2134
1994-07-16T12:00:00+00:00,52.5000,-5.5000,14.5969
1994-07-16T12:00:00+00:00,52.5000,-4.5000,14.6894
1994-07-16T12:00:00+00:00,51.5000,-6.5000,15.6190
1994-07-16T12:00:00+00:00,51.5000,-5.5000,15.4837
1994-07-16T12:00:00+00:00,51.5000,-4.5000,15.4367
1994-07-16T12:00:00+00:00,51.5000,-3.5000,15.6247
1994-08-16T12:00:00+00:00,53.5000,-5.5000,15.0595
1994-08-16T12:00:00+00:00,53.5000,-4.5000,15.3108
1994-08-16T12:00:00+00:00,53.5000,-3.5000,15.4876
1994-08-16T12:00:00+00:00,52.5000,-6.5000,16.1169
1994-08-16T12:00:00+00:00,52.5000,-5.5000,15.7015
1994-08-16T12:00:00+00:00,52.5000,-4.5000,15.7588
1994-08-16T12:00:00+00:00,51.5000,-6.5000,16.3856
1994-08-16T12:00:00+00:00,51.5000,-5.5000,16.2872
1994-08-16T12:00:00+00:00,51.5000,-4.5000,16.2264
1994-08-16T12:00:00+00:00,51.5000,-3.5000,16.5127
1994-09-16T00:00:00+00:00,53.5000,-5.5000,14.1789
1994-09-16T00:00:00+00:00,53.5000,-4.5000,14.4126
1994-09-16T00:00:00+00:00,53.5000,-3.5000,14.6184
1994-09-16T00:00:00+00:00,52.5000,-6.5000,14.8047
1994-09-16T00:00:00+00:00,52.5000,-5.5000,14.6004
1994-09-16T00:00:00+00:00,52.5000,-4.5000,14.7333
1994-09-16T00:00:00+00:00,51.5000,-6.5000,14.8499
1994-09-16T00:00:00+00:00,51.5000,-5.5000,14.8438
1994-09-16T00:00:00+00:00,51.5000,-4.5000,15.0280
1994-09-16T00:00:00+00:00,51.5000,-3.5000,15.3775
1994-10-16T12:00:00+00:00,53.5000,-5.5000,13.3700
1994-10-16T12:00:00+00:00,53.5000,-4.5000,13.3784
1994-10-16T12:00:00+00:00,53.5000,-3.5000,13.3119
1994-10-16T12:00:00+00:00,52.5000,-6.5000,13.6283
1994-10-16T12:00:00+00:00,52.5000,-5.5000,13.5599
1994-10-16T12:00:00+00:00,52.5000,-4.5000,13.6323
1994-10-16T12:00:00+00:00,51.5000,-6.5000,13.7490
1994-10-16T12:00:00+00:00,51.5000,-5.5000,13.7892
1994-10-16T12:00:00+00:00,51.5000,-4.5000,13.9929
1994-10-16T12:00:00+00:00,51.5000,-3.5000,14.4880
1994-11-16T00:00:00+00:00,53.5000,-5.5000,12.7464
1994-11-16T00:00:00+00:00,53.5000,-4.5000,12.6015
1994-11-16T00:00:00+00:00,53.5000,-3.5000,12.4033
1994-11-16T00:00:00+00:00,52.5000,-6.5000,12.8087
1994-11-16T00:00:00+00:00,52.5000,-5.5000,12.7641
1994-11-16T00:00:00+00:00,52.5000,-4.5000,12.7006
1994-11-16T00:00:00+00:00,51.5000,-6.5000,12.8184
1994-11-16T00:00:00+00:00,51.5000,-5.5000,12.8725
1994-11-16T00:00:00+00:00,51.5000,-4.5000,12.9560
1994-11-16T00:00:00+00:00,51.5000,-3.5000,13.3021
1994-12-16T12:00:00+00:00,53.5000,-5.5000,11.3000
1994-12-16T12:00:00+00:00,53.5000,-4.5000,11.1832
1994-12-16T12:00:00+00:00,53.5000,-3.5000,10.9715
1994-12-16T12:00:00+00:00,52.5000,-6.5000,11.7992
1994-12-16T12:00:00+00:00,52.5000,-5.5000,11.5396
1994-12-16T12:00:00+00:00,52.5000,-4.5000,11.3728
1994-12-16T12:00:00+00:00,51.5000,-6.5000,11.8524
1994-12-16T12:00:00+00:00,51.5000,-5.5000,11.8496
1994-12-16T12:00:00+00:00,51.5000,-4.5000,11.7360
1994-12-16T12:00:00+00:00,51.5000,-3.5000,11.7969
1995-01-16T12:00:00+00:00,53.5000,-5.5000,9.7845
1995-01-16T12:00:00+00:00,53.5000,-4.5000,9.5906
1995-01-16T12:00:00+00:00,53.5000,-3.5000,8.9963
1995-01-16T12:00:00+00:00,52.5000,-6.5000,10.5658
1995-01-16T12:00:00+00:00,52.5000,-5.5000,10.3515
1995-01-16T12:00:00+00:00,52.5000,-4.5000,10.2678
1995-01-16T12:00:00+00:00,51.5000,-6.5000,10.7084
1995-01-16T12:00:00+00:00,51.5000,-5.5000,10.8250
1995-01-16T12:00:00+00:00,51.5000,-4.5000,10.8004
1995-01-16T12:00:00+00:00,51.5000,-3.5000,10.9429
1995-02-15T00:00:00+00:00,53.5000,-5.5000,8.6553
1995-02-15T00:00:00+00:00,53.5000,-4.5000,8.4573
1995-02-15T00:00:00+00:00,53.5000,-3.5000,7.8737
1995-02-15T00:00:00+00:00,52.5000,-6.5000,9.7632
1995-02-15T00:00:00+00:00,52.5000,-5.5000,9.3303
1995-02-15T00:00:00+00:00,52.5000,-4.5000,9.2074
1995-02-15T00:00:00+00:00,51.5000,-6.5000,10.0337
1995-02-15T00:00:00+00:00,51.5000,-5.5000,9.9902
1995-02-15T00:00:00+00:00,51.5000,-4.5000,9.9312
1995-02-15T00:00:00+00:00,51.5000,-3.5000,10.2587
1995-03-16T12:00:00+00:00,53.5000,-5.5000,7.9686
1995-03-16T12:00:00+00:00,53.5000,-4.5000,7.8659
1995-03-16T12:00:00+00:00,53.5000,-3.5000,7.5383
1995-03-16T12:00:00+00:00,52.5000,-6.5000,8.9336
1995-03-16T12:00:00+00:00,52.5000,-5.5000,8.5005
1995-03-16T12:00:00+00:00,52.5000,-4.5000,8.4076
1995-03-16T12:00:00+00:00,51.5000,-6.5000,9.2126
1995-03-16T12:00:00+00:00,51.5000,-5.5000,9.0920
1995-03-16T12:00:00+00:00,51.5000,-4.5000,9.0563
1995-03-16T12:00:00+00:00,51.5000,-3.5000,9.5189
1995-04-16T00:00:00+00:00,53.5000,-5.5000,8.9276
1995-04-16T00:00:00+00:00,53.5000,-4.5000,8.9063
1995-04-16T00:00:00+00:00,53.5000,-3.5000,8.7271
1995-04-16T00:00:00+00:00,52.5000,-6.5000,10.0092
1995-04-16T00:00:00+00:00,52.5000,-5.5000,9.4893
1995-04-16T00:00:00+00:00,52.5000,-4.5000,9.3904
1995-04-16T00:00:00+00:00,51.5000,-6.5000,10.2272
1995-04-16T00:00:00+00:00,51.5000,-5.5000,10.0206
1995-04-16T00:00:00+00:00,51.5000,-4.5000,9.9203
1995-04-16T00:00:00+00:00,51.5000,-3.5000,10.2199
1995-05-16T12:00:00+00:00,53.5000,-5.5000,10.3564
1995-05-16T12:00:00+00:00,53.5000,-4.5000,10.3592
1995-05-16T12:00:00+00:00,53.5000,-3.5000,10.2082
1995-05-16T12:00:00+00:00,52.5000,-6.5000,11.2672
1995-05-16T12:00:00+00:00,52.5000,-5.5000,10.8652
1995-05-16T12:00:00+00:00,52.5000,-4.5000,10.8099
1995-05-16T12:00:00+00:00,51.5000,-6.5000,11.5274
1995-05-16T12:00:00+00:00,51.5000,-5.5000,11.3849
1995-05-16T12:00:00+00:00,51.5000,-4.5000,11.3140
1995-05-16T12:00:00+00:00,51.5000,-3.5000,11.5384
1995-06-16T00:00:00+00:00,53.5000,-5.5000,12.1230
1995-06-16T00:00:00+00:00,53.5000,-4.5000,12.3087
1995-06-16T00:00:00+00:00,53.5000,-3.5000,12.4474
1995-06-16T00:00:00+00:00,52.5000,-6.5000,13.1857
1995-06-16T00:00:00+00:00,52.5000,-5.5000,12.7122
1995-06-16T00:00:00+00:00,52.5000,-4.5000,12.7080
1995-06-16T00:00:00+00:00,51.5000,-6.5000,13.5145
1995-06-16T00:00:00+00:00,51.5000,-5.5000,13.3413
1995-06-16T00:00:00+00:00,51.5000,-4.5000,13.2410
1995-06-16T00:00:00+00:00,51.5000,-3.5000,13.4394
1995-07-16T12:00:00+00:00,53.5000,-5.5000,14.5365
1995-07-16T12:00:00+00:00,53.5000,-4.5000,14.6147
1995-07-16T12:00:00+00:00,53.5000,-3.5000,14.4792
1995-07-16T12:00:00+00:00,52.5000,-6.5000,16.1959
1995-07-16T12:00:00+00:00,52.5000,-5.5000,15.4420
1995-07-16T12:00:00+00:00,52.5000,-4.5000,15.3638
1995-07-16T12:00:00+00:00,51.5000,-6.5000,16.6391
1995-07-16T12:00:00+00:00,51.5000,-5.5000,16.3204
1995-07-16T12:00:00+00:00,51.5000,-4.5000,16.1431
1995-07-16T12:00:00+00:00,51.5000,-3.5000,16.3098
1995-08-16T12:00:00+00:00,53.5000,-5.5000,16.6708
1995-08-16T12:00:00+00:00,53.5000,-4.5000,16.7382
1995-08-16T12:00:00+00:00,53.5000,-3.5000,16.5951
1995-08-16T12:00:00+00:00,52.5000,-6.5000,17.8706
1995-08-16T12:00:00+00:00,52.5000,-5.5000,17.3784
1995-08-16T12:00:00+00:00,52.5000,-4.5000,17.2498
1995-08-16T12:00:00+00:00,51.5000,-6.5000,18.2606
1995-08-16T12:00:00+00:00,51.5000,-5.5000,17.9935
1995-08-16T12:00:00+00:00,51.5000,-4.5000,17.6280
1995-08-16T12:00:00+00:00,51.5000,-3.5000,17.7941
1995-09-16T00:00:00+00:00,53.5000,-5.5000,15.3318
1995-09-16T00:00:00+00:00,53.5000,-4.5000,15.3923
1995-09-16T00:00:00+00:00,53.5000,-3.5000,15.3789
1995-09-16T00:00:00+00:00,52.5000,-6.5000,16.0403
1995-09-16T00:00:00+00:00,52.5000,-5.5000,15.7252
1995-09-16T00:00:00+00:00,52.5000,-4.5000,15.7279
1995-09-16T00:00:00+00:00,51.5000,-6.5000,16.1517
1995-09-16T00:00:00+00:00,51.5000,-5.5000,15.9199
1995-09-16T00:00:00+00:00,51.5000,-4.5000,15.9492
1995-09-16T00:00:00+00:00,51.5000,-3.5000,16.3151
1995-10-16T12:00:00+00:00,53.5000,-5.5000,14.5433
1995-10-16T12:00:00+00:00,53.5000,-4.5000,14.6294
1995-10-16T12:00:00+00:00,53.5000,-3.5000,14.6688
1995-10-16T12:00:00+00:00,52.5000,-6.5000,14.9228
1995-10-16T12:00:00+00:00,52.5000,-5.5000,14.7996
1995-10-16T12:00:00+00:00,52.5000,-4.5000,14.7916
1995-10-16T12:00:00+00:00,51.5000,-6.5000,15.0079
1995-10-16T12:00:00+00:00,51.5000,-5.5000,14.9535
1995-10-16T12:00:00+00:00,51.5000,-4.5000,14.9222
1995-10-16T12:00:00+00:00,51.5000,-3.5000,15.1656
1995-11-16T00:00:00+00:00,53.5000,-5.5000,12.9333
1995-11-16T00:00:00+00:00,53.5000,-4.5000,12.8507
1995-11-16T00:00:00+00:00,53.5000,-3.5000,12.6591
1995-11-16T00:00:00+00:00,52.5000,-6.5000,13.1767
1995-11-16T00:00:00+00:00,52.5000,-5.5000,13.1033
1995-11-16T00:00:00+00:00,52.5000,-4.5000,13.0971
1995-11-16T00:00:00+00:00,51.5000,-6.5000,13.3052
1995-11-16T00:00:00+00:00,51.5000,-5.5000,13.3414
1995-11-16T00:00:00+00:00,51.5000,-4.5000,13.4554
1995-11-16T00:00:00+00:00,51.5000,-3.5000,13.8724
1995-12-16T12:00:00+00:00,53.5000,-5.5000,10.4599
1995-12-16T12:00:00+00:00,53.5000,-4.5000,10.3619
1995-12-16T12:00:00+00:00,53.5000,-3.5000,9.7782
1995-12-16T12:00:00+00:00,52.5000,-6.5000,11.5025
1995-12-16T12:00:00+00:00,52.5000,-5.5000,11.2524
1995-12-16T12:00:00+00:00,52.5000,-4.5000,11.2441
1995-12-16T12:00:00+00:00,51.5000,-6.5000,11.6515
1995-12-16T12:00:00+00:00,51.5000,-5.5000,11.8407
1995-12-16T12:00:00+00:00,51.5000,-4.5000,11.8816
1995-12-16T12:00:00+00:00,51.5000,-3.5000,12.0149
1996-01-16T12:00:00+00:00,53.5000,-5.5000,10.0721
1996-01-16T12:00:00+00:00,53.5000,-4.5000,9.6936
1996-01-16T12:00:00+00:00,53.5000,-3.5000,9.1677
1996-01-16T12:00:00+00:00,52.5000,-6.5000,10.6410
1996-01-16T12:00:00+00:00,52.5000,-5.5000,10.2359
1996-01-16T12:00:00+00:00,52.5000,-4.5000,9.9535
1996-01-16T12:00:00+00:00,51.5000,-6.5000,10.8692
1996-01-16T12:00:00+00:00,51.5000,-5.5000,10.5863
1996-01-16T12:00:00+00:00,51.5000,-4.5000,10.4111
1996-01-16T12:00:00+00:00,51.5000,-3.5000,10.7728
1996-02-15T12:00:00+00:00,53.5000,-5.5000,8.6637
1996-02-15T12:00:00+00:00,53.5000,-4.5000,8.2212
1996-02-15T12:00:00+00:00,53.5000,-3.5000,7.4137
1996-02-15T12:00:00+00:00,52.5000,-6.5000,9.7445
1996-02-15T12:00:00+00:00,52.5000,-5.5000,9.1712
1996-02-15T12:00:00+00:00,52.5000,-4.5000,8.8242
1996-02-15T12:00:00+00:00,51.5000,-6.5000,10.0041
1996-02-15T12:00:00+00:00,51.5000,-5.5000,9.6915
1996-02-15T12:00:00+00:00,51.5000,-4.5000,9.3879
1996-02-15T12:00:00+00:00,51.5000,-3.5000,9.5428
1996-03-16T12:00:00+00:00,53.5000,-5.5000,7.5647
1996-03-16T12:00:00+00:00,53.5000,-4.5000,7.4938
1996-03-16T12:00:00+00:00,53.5000,-3.5000,7.0673
1996-03-16T12:00:00+00:00,52.5000,-6.5000,8.7738
1996-03-16T12:00:00+00:00,52.5000,-5.5000,8.3200
1996-03-16T12:00:00+00:00,52.5000,-4.5000,8.2161
1996-03-16T12:00:00+00:00,51.5000,-6.5000,9.1008
1996-03-16T12:00:00+00:00,51.5000,-5.5000,8.9849
1996-03-16T12:00:00+00:00,51.5000,-4.5000,8.7876
1996-03-16T12:00:00+00:00,51.5000,-3.5000,8.7999
1996-04-16T00:00:00+00:00,53.5000,-5.5000,8.2568
1996-04-16T00:00:00+00:00,53.5000,-4.5000,8.1746
1996-04-16T00:00:00+00:00,53.5000,-3.5000,7.8789
1996-04-16T00:00:00+00:00,52.5000,-6.5000,9.3415
1996-04-16T00:00:00+00:00,52.5000,-5.5000,8.8327
1996-04-16T00:00:00+00:00,52.5000,-4.5000,8.7074
1996-04-16T00:00:00+00:00,51.5000,-6.5000,9.7094
1996-04-16T00:00:00+00:00,51.5000,-5.5000,9.4876
1996-04-16T00:00:00+00:00,51.5000,-4.5000,9.2960
1996-04-16T00:00:00+00:00,51.5000,-3.5000,9.3820
1996-05-16T12:00:00+00:00,53.5000,-5.5000,9.4156
1996-05-16T12:00:00+00:00,53.5000,-4.5000,9.3870
1996-05-16T12:00:00+00:00,53.5000,-3.5000,9.3404
1996-05-16T12:00:00+00:00,52.5000,-6.5000,10.3698
1996-05-16T12:00:00+00:00,52.5000,-5.5000,9.8066
1996-05-16T12:00:00+00:00,52.5000,-4.5000,9.6695
1996-05-16T12:00:00+00:00,51.5000,-6.5000,10.6536
1996-05-16T12:00:00+00:00,51.5000,-5.5000,10.3160
1996-05-16T12:00:00+00:00,51.5000,-4.5000,10.1624
1996-05-16T12:00:00+00:00,51.5000,-3.5000,10.4204
1996-06-16T00:00:00+00:00,53.5000,-5.5000,12.1098
1996-06-16T00:00:00+00:00,53.5000,-4.5000,12.0616
1996-06-16T00:00:00+00:00,53.5000,-3.5000,11.8645
1996-06-16T00:00:00+00:00,52.5000,-6.5000,13.2246
1996-06-16T00:00:00+00:00,52.5000,-5.5000,12.6726
1996-06-16T00:00:00+00:00,52.5000,-4.5000,12.5416
1996-06-16T00:00:00+00:00,51.5000,-6.5000,13.5478
1996-06-16T00:00:00+00:00,51.5000,-5.5000,13.2916
1996-06-16T00:00:00+00:00,51.5000,-4.5000,13.0953
1996-06-16T00:00:00+00:00,51.5000,-3.5000,13.1382
1996-07-16T12:00:00+00:00,53.5000,-5.5000,13.5541
1996-07-16T12:00:00+00:00,53.5000,-4.5000,13.5434
1996-07-16T12:00:00+00:00,53.5000,-3.5000,13.3729
1996-07-16T12:00:00+00:00,52.5000,-6.5000,14.9384
1996-07-16T12:00:00+00:00,52.5000,-5.5000,14.2576
1996-07-16T12:00:00+00:00,52.5000,-4.5000,14.1487
1996-07-16T12:00:00+00:00,51.5000,-6.5000,15.3842
1996-07-16T12:00:00+00:00,51.5000,-5.5000,15.0099
1996-07-16T12:00:00+00:00,51.5000,-4.5000,14.8315
1996-07-16T12:00:00+00:00,51.5000,-3.5000,15.0159
1996-08-16T12:00:00+00:00,53.5000,-5.5000,15.0297
1996-08-16T12:00:00+00:00,53.5000,-4.5000,15.0527
1996-08-16T12:00:00+00:00,53.5000,-3.5000,14.8813
1996-08-16T12:00:00+00:00,52.5000,-6.5000,16.3143
1996-08-16T12:00:00+00:00,52.5000,-5.5000,15.7304
1996-08-16T12:00:00+00:00,52.5000,-4.5000,15.6608
1996-08-16T12:00:00+00:00,51.5000,-6.5000,16.6525
1996-08-16T12:00:00+00:00,51.5000,-5.5000,16.3288
1996-08-16T12:00:00+00:00,51.5000,-4.5000,16.1930
1996-08-16T12:00:00+00:00,51.5000,-3.5000,16.3860
1996-09-16T00:00:00+00:00,53.5000,-5.5000,14.8274
1996-09-16T00:00:00+00:00,53.5000,-4.5000,15.0802
1996-09-16T00:00:00+00:00,53.5000,-3.5000,15.3580
1996-09-16T00:00:00+00:00,52.5000,-6.5000,15.6120
1996-09-16T00:00:00+00:00,52.5000,-5.5000,15.2750
1996-09-16T00:00:00+00:00,52.5000,-4.5000,15.3373
1996-09-16T00:00:00+00:00,51.5000,-6.5000,15.7233
1996-09-16T00:00:00+00:00,51.5000,-5.5000,15.5098
1996-09-16T00:00:00+00:00,51.5000,-4.5000,15.5278
1996-09-16T00:00:00+00:00,51.5000,-3.5000,15.8638
1996-10-16T12:00:00+00:00,53.5000,-5.5000,13.9139
1996-10-16T12:00:00+00:00,53.5000,-4.5000,13.9714
1996-10-16T12:00:00+00:00,53.5000,-3.5000,13.9672
1996-10-16T12:00:00+00:00,52.5000,-6.5000,14.1116
1996-10-16T12:00:00+00:00,52.5000,-5.5000,14.0974
1996-10-16T12:00:00+00:00,52.5000,-4.5000,14.1815
1996-10-16T12:00:00+00:00,51.5000,-6.5000,14.1955
1996-10-16T12:00:00+00:00,51.5000,-5.5000,14.2359
1996-10-16T12:00:00+00:00,51.5000,-4.5000,14.4162
1996-10-16T12:00:00+00:00,51.5000,-3.5000,14.8743
1996-11-16T00:00:00+00:00,53.5000,-5.5000,12.2812
1996-11-16T00:00:00+00:00,53.5000,-4.5000,12.2270
1996-11-16T00:00:00+00:00,53.5000,-3.5000,12.0811
1996-11-16T00:00:00+00:00,52.5000,-6.5000,12.5231
1996-11-16T00:00:00+00:00,52.5000,-5.5000,12.4521
1996-11-16T00:00:00+00:00,52.5000,-4.5000,12.4566
1996-11-16T00:00:00+00:00,51.5000,-6.5000,12.5294
1996-11-16T00:00:00+00:00,51.5000,-5.5000,12.6126
1996-11-16T00:00:00+00:00,51.5000,-4.5000,12.7511
1996-11-16T00:00:00+00:00,51.5000,-3.5000,13.1161
1996-12-16T12:00:00+00:00,53.5000,-5.5000,10.2348
1996-12-16T12:00:00+00:00,53.5000,-4.5000,10.0038
1996-12-16T12:00:00+00:00,53.5000,-3.5000,9.5618
1996-12-16T12:00:00+00:00,52.5000,-6.5000,10.6382
1996-12-16T12:00:00+00:00,52.5000,-5.5000,10.4724
1996-12-16T12:00:00+00:00,52.5000,-4.5000,10.3709
1996-12-16T12:00:00+00:00,51.5000,-6.5000,10.8004
1996-12-16T12:00:00+00:00,51.5000,-5.5000,10.7829
1996-12-16T12:00:00+00:00,51.5000,-4.5000,10.8001
1996-12-16T12:00:00+00:00,51.5000,-3.5000,11.1256
1997-01-16T12:00:00+00:00,53.5000,-5.5000,8.4117
1997-01-16T12:00:00+00:00,53.5000,-4.5000,8.2088
1997-01-16T12:00:00+00:00,53.5000,-3.5000,8.0557
1997-01-16T12:00:00+00:00,52.5000,-6.5000,9.0162
1997-01-16T12:00:00+00:00,52.5000,-5.5000,8.5204
1997-01-16T12:00:00+00:00,52.5000,-4.5000,8.2387
1997-01-16T12:00:00+00:00,51.5000,-6.5000,9.3058
1997-01-16T12:00:00+00:00,51.5000,-5.5000,8.8555
1997-01-16T12:00:00+00:00,51.5000,-4.5000,8.5302
1997-01-16T12:00:00+00:00,51.5000,-3.5000,8.6485
1997-02-15T00:00:00+00:00,53.5000,-5.5000,8.0222
1997-02-15T00:00:00+00:00,53.5000,-4.5000,7.8093
1997-02-15T00:00:00+00:00,53.5000,-3.5000,7.6403
1997-02-15T00:00:00+00:00,52.5000,-6.5000,8.8930
1997-02-15T00:00:00+00:00,52.5000,-5.5000,8.2303
1997-02-15T00:00:00+00:00,52.5000,-4.5000,7.9315
1997-02-15T00:00:00+00:00,51.5000,-6.5000,9.2197
1997-02-15T00:00:00+00:00,51.5000,-5.5000,8.6772
1997-02-15T00:00:00+00:00,51.5000,-4.5000,8.3752
1997-02-15T00:00:00+00:00,51.5000,-3.5000,8.1958
1997-03-16T12:00:00+00:00,53.5000,-5.5000,8.2155
1997-03-16T12:00:00+00:00,53.5000,-4.5000,8.0365
1997-03-16T12:00:00+00:00,53.5000,-3.5000,7.7447
1997-03-16T12:00:00+00:00,52.5000,-6.5000,9.1714
1997-03-16T12:00:00+00:00,52.5000,-5.5000,8.6044
1997-03-16T12:00:00+00:00,52.5000,-4.5000,8.4075
1997-03-16T12:00:00+00:00,51.5000,-6.5000,9.4740
1997-03-16T12:00:00+00:00,51.5000,-5.5000,9.1649
1997-03-16T12:00:00+00:00,51.5000,-4.5000,9.0055
1997-03-16T12:00:00+00:00,51.5000,-3.5000,9.3699
1997-04-16T00:00:00+00:00,53.5000,-5.5000,9.1852
1997-04-16T00:00:00+00:00,53.5000,-4.5000,9.1486
1997-04-16T00:00:00+00:00,53.5000,-3.5000,9.0618
1997-04-16T00:00:00+00:00,52.5000,-6.5000,10.3509
1997-04-16T00:00:00+00:00,52.5000,-5.5000,9.6778
1997-04-16T00:00:00+00:00,52.5000,-4.5000,9.5178
1997-04-16T00:00:00+00:00,51.5000,-6.5000,10.5747
1997-04-16T00:00:00+00:00,51.5000,-5.5000,10.2107
1997-04-16T00:00:00+00:00,51.5000,-4.5000,10.0439
1997-04-16T00:00:00+00:00,51.5000,-3.5000,10.3305
1997-05-16T12:00:00+00:00,53.5000,-5.5000,10.6100
1997-05-16T12:00:00+00:00,53.5000,-4.5000,10.6424
1997-05-16T12:00:00+00:00,53.5000,-3.5000,10.4716
1997-05-16T12:00:00+00:00,52.5000,-6.5000,11.7582
1997-05-16T12:00:00+00:00,52.5000,-5.5000,11.2686
1997-05-16T12:00:00+00:00,52.5000,-4.5000,11.2501
1997-05-16T12:00:00+00:00,51.5000,-6.5000,11.9709
1997-05-16T12:00:00+00:00,51.5000,-5.5000,11.7911
1997-05-16T12:00:00+00:00,51.5000,-4.5000,11.7575
1997-05-16T12:00:00+00:00,51.5000,-3.5000,11.9235
1997-06-16T00:00:00+00:00,53.5000,-5.5000,12.6498
1997-06-16T00:00:00+00:00,53.5000,-4.5000,12.5828
1997-06-16T00:00:00+00:00,53.5000,-3.5000,12.4146
1997-06-16T00:00:00+00:00,52.5000,-6.5000,13.7186
1997-06-16T00:00:00+00:00,52.5000,-5.5000,13.1434
1997-06-16T00:00:00+00:00,52.5000,-4.5000,13.0433
1997-06-16T00:00:00+00:00,51.5000,-6.5000,13.8978
1997-06-16T00:00:00+00:00,51.5000,-5.5000,13.5984
1997-06-16T00:00:00+00:00,51.5000,-4.5000,13.5471
1997-06-16T00:00:00+00:00,51.5000,-3.5000,13.8272
1997-07-16T12:00:00+00:00,53.5000,-5.5000,14.3476
1997-07-16T12:00:00+00:00,53.5000,-4.5000,14.4379
1997-07-16T12:00:00+00:00,53.5000,-3.5000,14.4243
1997-07-16T12:00:00+00:00,52.5000,-6.5000,15.3067
1997-07-16T12:00:00+00:00,52.5000,-5.5000,14.8989
1997-07-16T12:00:00+00:00,52.5000,-4.5000,14.9214
1997-07-16T12:00:00+00:00,51.5000,-6.5000,15.6011
1997-07-16T12:00:00+00:00,51.5000,-5.5000,15.4420
1997-07-16T12:00:00+00:00,51.5000,-4.5000,15.4495
1997-07-16T12:00:00+00:00,51.5000,-3.5000,15.7229
1997-08-16T12:00:00+00:00,53.5000,-5.5000,16.0782
1997-08-16T12:00:00+00:00,53.5000,-4.5000,16.2253
1997-08-16T12:00:00+00:00,53.5000,-3.5000,16.1035
1997-08-16T12:00:00+00:00,52.5000,-6.5000,17.2127
1997-08-16T12:00:00+00:00,52.5000,-5.5000,16.8565
1997-08-16T12:00:00+00:00,52.5000,-4.5000,16.9567
1997-08-16T12:00:00+00:00,51.5000,-6.5000,17.4823
1997-08-16T12:00:00+00:00,51.5000,-5.5000,17.5239
1997-08-16T12:00:00+00:00,51.5000,-4.5000,17.5603
1997-08-16T12:00:00+00:00,51.5000,-3.5000,17.5673
1997-09-16T00:00:00+00:00,53.5000,-5.5000,15.5762
1997-09-16T00:00:00+00:00,53.5000,-4.5000,15.6926
1997-09-16T00:00:00+00:00,53.5000,-3.5000,15.7433
1997-09-16T00:00:00+00:00,52.5000,-6.5000,16.1549
1997-09-16T00:00:00+00:00,52.5000,-5.5000,15.9452
1997-09-16T00:00:00+00:00,52.5000,-4.5000,15.9438
1997-09-16T00:00:00+00:00,51.5000,-6.5000,16.2636
1997-09-16T00:00:00+00:00,51.5000,-5.5000,16.2269
1997-09-16T00:00:00+00:00,51.5000,-4.5000,16.2007
1997-09-16T00:00:00+00:00,51.5000,-3.5000,16.4753
1997-10-16T12:00:00+00:00,53.5000,-5.5000,14.6241
1997-10-16T12:00:00+00:00,53.5000,-4.5000,14.6488
1997-10-16T12:00:00+00:00,53.5000,-3.5000,14.4741
1997-10-16T12:00:00+00:00,52.5000,-6.5000,15.0475
1997-10-16T12:00:00+00:00,52.5000,-5.5000,14.9927
1997-10-16T12:00:00+00:00,52.5000,-4.5000,14.9987
1997-10-16T12:00:00+00:00,51.5000,-6.5000,15.1785
1997-10-16T12:00:00+00:00,51.5000,-5.5000,15.2566
1997-10-16T12:00:00+00:00,51.5000,-4.5000,15.2590
1997-10-16T12:00:00+00:00,51.5000,-3.5000,15.4106
1997-11-16T00:00:00+00:00,53.5000,-5.5000,12.8546
1997-11-16T00:00:00+00:00,53.5000,-4.5000,12.7662
1997-11-16T00:00:00+00:00,53.5000,-3.5000,12.4884
1997-11-16T00:00:00+00:00,52.5000,-6.5000,13.2980
1997-11-16T00:00:00+00:00,52.5000,-5.5000,13.1663
1997-11-16T00:00:00+00:00,52.5000,-4.5000,13.1201
1997-11-16T00:00:00+00:00,51.5000,-6.5000,13.3439
1997-11-16T00:00:00+00:00,51.5000,-5.5000,13.3986
1997-11-16T00:00:00+00:00,51.5000,-4.5000,13.4373
1997-11-16T00:00:00+00:00,51.5000,-3.5000,13.7010
1997-12-16T12:00:00+00:00,53.5000,-5.5000,11.1362
1997-12-16T12:00:00+00:00,53.5000,-4.5000,10.9890
1997-12-16T12:00:00+00:00,53.5000,-3.5000,10.6483
1997-12-16T12:00:00+00:00,52.5000,-6.5000,11.5719
1997-12-16T12:00:00+00:00,52.5000,-5.5000,11.4188
1997-12-16T12:00:00+00:00,52.5000,-4.5000,11.3728
1997-12-16T12:00:00+00:00,51.5000,-6.5000,11.7594
1997-12-16T12:00:00+00:00,51.5000,-5.5000,11.7775
1997-12-16T12:00:00+00:00,51.5000,-4.5000,11.8330
1997-12-16T12:00:00+00:00,51.5000,-3.5000,12.1738
1998-01-16T12:00:00+00:00,53.5000,-5.5000,9.8736
1998-01-16T12:00:00+00:00,53.5000,-4.5000,9.7906
1998-01-16T12:00:00+00:00,53.5000,-3.5000,9.5179
1998-01-16T12:00:00+00:00,52.5000,-6.5000,10.7290
1998-01-16T12:00:00+00:00,52.5000,-5.5000,10.3514
1998-01-16T12:00:00+00:00,52.5000,-4.5000,10.2251
1998-01-16T12:00:00+00:00,51.5000,-6.5000,10.9203
1998-01-16T12:00:00+00:00,51.5000,-5.5000,10.7737
1998-01-16T12:00:00+00:00,51.5000,-4.5000,10.6416
1998-01-16T12:00:00+00:00,51.5000,-3.5000,10.8708
1998-02-15T00:00:00+00:00,53.5000,-5.5000,9.3961
1998-02-15T00:00:00+00:00,53.5000,-4.5000,9.2081
1998-02-15T00:00:00+00:00,53.5000,-3.5000,9.0707
1998-02-15T00:00:00+00:00,52.5000,-6.5000,10.0648
1998-02-15T00:00:00+00:00,52.5000,-5.5000,9.5358
1998-02-15T00:00:00+00:00,52.5000,-4.5000,9.2573
1998-02-15T00:00:00+00:00,51.5000,-6.5000,10.3046
1998-02-15T00:00:00+00:00,51.5000,-5.5000,9.9094
1998-02-15T00:00:00+00:00,51.5000,-4.5000,9.6255
1998-02-15T00:00:00+00:00,51.5000,-3.5000,9.8555
1998-03-16T12:00:00+00:00,53.5000,-5.5000,9.2319
1998-03-16T12:00:00+00:00,53.5000,-4.5000,9.0796
1998-03-16T12:00:00+00:00,53.5000,-3.5000,8.7995
1998-03-16T12:00:00+00:00,52.5000,-6.5000,9.8912
1998-03-16T12:00:00+00:00,52.5000,-5.5000,9.5359
1998-03-16T12:00:00+00:00,52.5000,-4.5000,9.3932
1998-03-16T12:00:00+00:00,51.5000,-6.5000,10.0964
1998-03-16T12:00:00+00:00,51.5000,-5.5000,9.9609
1998-03-16T12:00:00+00:00,51.5000,-4.5000,9.8511
1998-03-16T12:00:00+00:00,51.5000,-3.5000,10.0946
1998-04-16T00:00:00+00:00,53.5000,-5.5000,9.4703
1998-04-16T00:00:00+00:00,53.5000,-4.5000,9.3206
1998-04-16T00:00:00+00:00,53.5000,-3.5000,8.9817
1998-04-16T00:00:00+00:00,52.5000,-6.5000,10.1359
1998-04-16T00:00:00+00:00,52.5000,-5.5000,9.8269
1998-04-16T00:00:00+00:00,52.5000,-4.5000,9.7479
1998-04-16T00:00:00+00:00,51.5000,-6.5000,10.3945
1998-04-16T00:00:00+00:00,51.5000,-5.5000,10.2686
1998-04-16T00:00:00+00:00,51.5000,-4.5000,10.2244
1998-04-16T00:00:00+00:00,51.5000,-3.5000,10.4317
1998-05-16T12:00:00+00:00,53.5000,-5.5000,11.2474
1998-05-16T12:00:00+00:00,53.5000,-4.5000,11.3397
1998-05-16T12:00:00+00:00,53.5000,-3.5000,11.3014
1998-05-16T12:00:00+00:00,52.5000,-6.5000,11.6474
1998-05-16T12:00:00+00:00,52.5000,-5.5000,11.5928
1998-05-16T12:00:00+00:00,52.5000,-4.5000,11.7300
1998-05-16T12:00:00+00:00,51.5000,-6.5000,11.8382
1998-05-16T12:00:00+00:00,51.5000,-5.5000,11.9164
1998-05-16T12:00:00+00:00,51.5000,-4.5000,12.0846
1998-05-16T12:00:00+00:00,51.5000,-3.5000,12.3272
1998-06-16T00:00:00+00:00,53.5000,-5.5000,12.8133
1998-06-16T00:00:00+00:00,53.5000,-4.5000,12.8110
1998-06-16T00:00:00+00:00,53.5000,-3.5000,12.5888
1998-06-16T00:00:00+00:00,52.5000,-6.5000,13.7032
1998-06-16T00:00:00+00:00,52.5000,-5.5000,13.3774
1998-06-16T00:00:00+00:00,52.5000,-4.5000,13.4309
1998-06-16T00:00:00+00:00,51.5000,-6.5000,13.8776
1998-06-16T00:00:00+00:00,51.5000,-5.5000,13.8562
1998-06-16T00:00:00+00:00,51.5000,-4.5000,13.9766
1998-06-16T00:00:00+00:00,51.5000,-3.5000,14.2196
1998-07-16T12:00:00+00:00,53.5000,-5.5000,14.3019
1998-07-16T12:00:00+00:00,53.5000,-4.5000,14.2435
1998-07-16T12:00:00+00:00,53.5000,-3.5000,14.0111
1998-07-16T12:00:00+00:00,52.5000,-6.5000,14.8507
1998-07-16T12:00:00+00:00,52.5000,-5.5000,14.6722
1998-07-16T12:00:00+00:00,52.5000,-4.5000,14.6967
1998-07-16T12:00:00+00:00,51.5000,-6.5000,15.1267
1998-07-16T12:00:00+00:00,51.5000,-5.5000,15.1194
1998-07-16T12:00:00+00:00,51.5000,-4.5000,15.2083
1998-07-16T12:00:00+00:00,51.5000,-3.5000,15.5214
1998-08-16T12:00:00+00:00,53.5000,-5.5000,15.1039
1998-08-16T12:00:00+00:00,53.5000,-4.5000,15.2642
1998-08-16T12:00:00+00:00,53.5000,-3.5000,15.1876
1998-08-16T12:00:00+00:00,52.5000,-6.5000,16.0284
1998-08-16T12:00:00+00:00,52.5000,-5.5000,15.7823
1998-08-16T12:00:00+00:00,52.5000,-4.5000,15.8786
1998-08-16T12:00:00+00:00,51.5000,-6.5000,16.3694
1998-08-16T12:00:00+00:00,51.5000,-5.5000,16.4395
1998-08-16T12:00:00+00:00,51.5000,-4.5000,16.4701
1998-08-16T12:00:00+00:00,51.5000,-3.5000,16.6881
1998-09-16T00:00:00+00:00,53.5000,-5.5000,15.2204
1998-09-16T00:00:00+00:00,53.5000,-4.5000,15.3933
1998-09-16T00:00:00+00:00,53.5000,-3.5000,15.3957
1998-09-16T00:00:00+00:00,52.5000,-6.5000,16.0053
1998-09-16T00:00:00+00:00,52.5000,-5.5000,15.7899
1998-09-16T00:00:00+00:00,52.5000,-4.5000,15.9002
1998-09-16T00:00:00+00:00,51.5000,-6.5000,16.0751
1998-09-16T00:00:00+00:00,51.5000,-5.5000,16.1219
1998-09-16T00:00:00+00:00,51.5000,-4.5000,16.2505
1998-09-16T00:00:00+00:00,51.5000,-3.5000,16.5237
1998-10-16T12:00:00+00:00,53.5000,-5.5000,14.1821
1998-10-16T12:00:00+00:00,53.5000,-4.5000,14.2337
1998-10-16T12:00:00+00:00,53.5000,-3.5000,14.1254
1998-10-16T12:00:00+00:00,52.5000,-6.5000,14.4379
1998-10-16T12:00:00+00:00,52.5000,-5.5000,14.4686
1998-10-16T12:00:00+00:00,52.5000,-4.5000,14.5647
1998-10-16T12:00:00+00:00,51.5000,-6.5000,14.4942
1998-10-16T12:00:00+00:00,51.5000,-5.5000,14.6362
1998-10-16T12:00:00+00:00,51.5000,-4.5000,14.8112
1998-10-16T12:00:00+00:00,51.5000,-3.5000,15.1514
1998-11-16T00:00:00+00:00,53.5000,-5.5000,11.5628
1998-11-16T00:00:00+00:00,53.5000,-4.5000,11.5543
1998-11-16T00:00:00+00:00,53.5000,-3.5000,11.3469
1998-11-16T00:00:00+00:00,52.5000,-6.5000,12.1664
1998-11-16T00:00:00+00:00,52.5000,-5.5000,11.9895
1998-11-16T00:00:00+00:00,52.5000,-4.5000,12.0065
1998-11-16T00:00:00+00:00,51.5000,-6.5000,12.2863
1998-11-16T00:00:00+00:00,51.5000,-5.5000,12.3641
1998-11-16T00:00:00+00:00,51.5000,-4.5000,12.4810
1998-11-16T00:00:00+00:00,51.5000,-3.5000,12.5213
1998-12-16T12:00:00+00:00,53.5000,-5.5000,10.5623
1998-12-16T12:00:00+00:00,53.5000,-4.5000,10.2244
1998-12-16T12:00:00+00:00,53.5000,-3.5000,9.6523
1998-12-16T12:00:00+00:00,52.5000,-6.5000,10.7646
1998-12-16T12:00:00+00:00,52.5000,-5.5000,10.6821
1998-12-16T12:00:00+00:00,52.5000,-4.5000,10.5461
1998-12-16T12:00:00+00:00,51.5000,-6.5000,10.9930
1998-12-16T12:00:00+00:00,51.5000,-5.5000,10.9883
1998-12-16T12:00:00+00:00,51.5000,-4.5000,10.9841
1998-12-16T12:00:00+00:00,51.5000,-3.5000,10.8682
1999-01-16T12:00:00+00:00,53.5000,-5.5000,8.9010
1999-01-16T12:00:00+00:00,53.5000,-4.5000,8.7403
1999-01-16T12:00:00+00:00,53.5000,-3.5000,8.2908
1999-01-16T12:00:00+00:00,52.5000,-6.5000,10.0780
1999-01-16T12:00:00+00:00,52.5000,-5.5000,9.5421
1999-01-16T12:00:00+00:00,52.5000,-4.5000,9.3637
1999-01-16T12:00:00+00:00,51.5000,-6.5000,10.3036
1999-01-16T12:00:00+00:00,51.5000,-5.5000,10.1239
1999-01-16T12:00:00+00:00,51.5000,-4.5000,9.9787
1999-01-16T12:00:00+00:00,51.5000,-3.5000,10.3001
1999-02-15T00:00:00+00:00,53.5000,-5.5000,8.8608
1999-02-15T00:00:00+00:00,53.5000,-4.5000,8.4718
1999-02-15T00:00:00+00:00,53.5000,-3.5000,7.9225
1999-02-15T00:00:00+00:00,52.5000,-6.5000,9.2027
1999-02-15T00:00:00+00:00,52.5000,-5.5000,8.9419
1999-02-15T00:00:00+00:00,52.5000,-4.5000,8.7119
1999-02-15T00:00:00+00:00,51.5000,-6.5000,9.5399
1999-02-15T00:00:00+00:00,51.5000,-5.5000,9.3735
1999-02-15T00:00:00+00:00,51.5000,-4.5000,9.2398
1999-02-15T00:00:00+00:00,51.5000,-3.5000,9.5359
1999-03-16T12:00:00+00:00,53.5000,-5.5000,8.4868
1999-03-16T12:00:00+00:00,53.5000,-4.5000,8.2700
1999-03-16T12:00:00+00:00,53.5000,-3.5000,7.9612
1999-03-16T12:00:00+00:00,52.5000,-6.5000,9.1752
1999-03-16T12:00:00+00:00,52.5000,-5.5000,8.7343
1999-03-16T12:00:00+00:00,52.5000,-4.5000,8.5465
1999-03-16T12:00:00+00:00,51.5000,-6.5000,9.4402
1999-03-16T12:00:00+00:00,51.5000,-5.5000,9.1925
1999-03-16T12:00:00+00:00,51.5000,-4.5000,9.0696
1999-03-16T12:00:00+00:00,51.5000,-3.5000,9.4309
1999-04-16T00:00:00+00:00,53.5000,-5.5000,9.3381
1999-04-16T00:00:00+00:00,53.5000,-4.5000,9.2728
1999-04-16T00:00:00+00:00,53.5000,-3.5000,9.1390
1999-04-16T00:00:00+00:00,52.5000,-6.5000,9.8777
1999-04-16T00:00:00+00:00,52.5000,-5.5000,9.5916
1999-04-16T00:00:00+00:00,52.5000,-4.5000,9.5480
1999-04-16T00:00:00+00:00,51.5000,-6.5000,10.1262
1999-04-16T00:00:00+00:00,51.5000,-5.5000,10.0092
1999-04-16T00:00:00+00:00,51.5000,-4.5000,10.0200
1999-04-16T00:00:00+00:00,51.5000,-3.5000,10.3804
1999-05-16T12:00:00+00:00,53.5000,-5.5000,11.1932
1999-05-16T12:00:00+00:00,53.5000,-4.5000,11.2263
1999-05-16T12:00:00+00:00,53.5000,-3.5000,11.1967
1999-05-16T12:00:00+00:00,52.5000,-6.5000,11.5759
1999-05-16T12:00:00+00:00,52.5000,-5.5000,11.4400
1999-05-16T12:00:00+00:00,52.5000,-4.5000,11.4953
1999-05-16T12:00:00+00:00,51.5000,-6.5000,11.8153
1999-05-16T12:00:00+00:00,51.5000,-5.5000,11.8174
1999-05-16T12:00:00+00:00,51.5000,-4.5000,11.9039
1999-05-16T12:00:00+00:00,51.5000,-3.5000,12.1566
1999-06-16T00:00:00+00:00,53.5000,-5.5000,12.4874
1999-06-16T00:00:00+00:00,53.5000,-4.5000,12.6340
1999-06-16T00:00:00+00:00,53.5000,-3.5000,12.8285
1999-06-16T00:00:00+00:00,52.5000,-6.5000,13.0002
1999-06-16T00:00:00+00:00,52.5000,-5.5000,12.7634
1999-06-16T00:00:00+00:00,52.5000,-4.5000,12.8460
1999-06-16T00:00:00+00:00,51.5000,-6.5000,13.4305
1999-06-16T00:00:00+00:00,51.5000,-5.5000,13.3412
1999-06-16T00:00:00+00:00,51.5000,-4.5000,13.4195
1999-06-16T00:00:00+00:00,51.5000,-3.5000,13.8543
1999-07-16T12:00:00+00:00,53.5000,-5.5000,14.8283
1999-07-16T12:00:00+00:00,53.5000,-4.5000,14.8815
1999-07-16T12:00:00+00:00,53.5000,-3.5000,14.8168
1999-07-16T12:00:00+00:00,52.5000,-6.5000,15.3560
1999-07-16T12:00:00+00:00,52.5000,-5.5000,15.2061
1999-07-16T12:00:00+00:00,52.5000,-4.5000,15.2289
1999-07-16T12:00:00+00:00,51.5000,-6.5000,15.7048
1999-07-16T12:00:00+00:00,51.5000,-5.5000,15.7544
1999-07-16T12:00:00+00:00,51.5000,-4.5000,15.7404
1999-07-16T12:00:00+00:00,51.5000,-3.5000,16.1245
1999-08-16T12:00:00+00:00,53.5000,-5.5000,16.1325
1999-08-16T12:00:00+00:00,53.5000,-4.5000,16.1876
1999-08-16T12:00:00+00:00,53.5000,-3.5000,16.2866
1999-08-16T12:00:00+00:00,52.5000,-6.5000,16.6359
1999-08-16T12:00:00+00:00,52.5000,-5.5000,16.3498
1999-08-16T12:00:00+00:00,52.5000,-4.5000,16.2810
1999-08-16T12:00:00+00:00,51.5000,-6.5000,16.9653
1999-08-16T12:00:00+00:00,51.5000,-5.5000,16.7475
1999-08-16T12:00:00+00:00,51.5000,-4.5000,16.6080
1999-08-16T12:00:00+00:00,51.5000,-3.5000,17.0391
1999-09-16T00:00:00+00:00,53.5000,-5.5000,15.8372
1999-09-16T00:00:00+00:00,53.5000,-4.5000,15.9482
1999-09-16T00:00:00+00:00,53.5000,-3.5000,15.9509
1999-09-16T00:00:00+00:00,52.5000,-6.5000,16.6690
1999-09-16T00:00:00+00:00,52.5000,-5.5000,16.3359
1999-09-16T00:00:00+00:00,52.5000,-4.5000,16.2807
1999-09-16T00:00:00+00:00,51.5000,-6.5000,16.6967
1999-09-16T00:00:00+00:00,51.5000,-5.5000,16.6199
1999-09-16T00:00:00+00:00,51.5000,-4.5000,16.5099
1999-09-16T00:00:00+00:00,51.5000,-3.5000,16.7836
1999-10-16T12:00:00+00:00,53.5000,-5.5000,14.2915
1999-10-16T12:00:00+00:00,53.5000,-4.5000,14.3499
1999-10-16T12:00:00+00:00,53.5000,-3.5000,14.2234
1999-10-16T12:00:00+00:00,52.5000,-6.5000,14.6448
1999-10-16T12:00:00+00:00,52.5000,-5.5000,14.6403
1999-10-16T12:00:00+00:00,52.5000,-4.5000,14.6964
1999-10-16T12:00:00+00:00,51.5000,-6.5000,14.6552
1999-10-16T12:00:00+00:00,51.5000,-5.5000,14.8101
1999-10-16T12:00:00+00:00,51.5000,-4.5000,14.8944
1999-10-16T12:00:00+00:00,51.5000,-3.5000,15.0137
1999-11-16T00:00:00+00:00,53.5000,-5.5000,12.7976
1999-11-16T00:00:00+00:00,53.5000,-4.5000,12.6952
1999-11-16T00:00:00+00:00,53.5000,-3.5000,12.4702
1999-11-16T00:00:00+00:00,52.5000,-6.5000,12.8679
1999-11-16T00:00:00+00:00,52.5000,-5.5000,12.9022
1999-11-16T00:00:00+00:00,52.5000,-4.5000,12.9073
1999-11-16T00:00:00+00:00,51.5000,-6.5000,12.9018
1999-11-16T00:00:00+00:00,51.5000,-5.5000,13.0395
1999-11-16T00:00:00+00:00,51.5000,-4.5000,13.1697
1999-11-16T00:00:00+00:00,51.5000,-3.5000,13.4457
1999-12-16T12:00:00+00:00,53.5000,-5.5000,9.8489
1999-12-16T12:00:00+00:00,53.5000,-4.5000,9.7824
1999-12-16T12:00:00+00:00,53.5000,-3.5000,9.6504
1999-12-16T12:00:00+00:00,52.5000,-6.5000,10.8847
1999-12-16T12:00:00+00:00,52.5000,-5.5000,10.2964
1999-12-16T12:00:00+00:00,52.5000,-4.5000,10.1271
1999-12-16T12:00:00+00:00,51.5000,-6.5000,11.1230
1999-12-16T12:00:00+00:00,51.5000,-5.5000,10.8592
1999-12-16T12:00:00+00:00,51.5000,-4.5000,10.7544
1999-12-16T12:00:00+00:00,51.5000,-3.5000,10.7928
2000-01-16T12:00:00+00:00,53.5000,-5.5000,9.6365
2000-01-16T12:00:00+00:00,53.5000,-4.5000,9.3273
2000-01-16T12:00:00+00:00,53.5000,-3.5000,8.8857
2000-01-16T12:00:00+00:00,52.5000,-6.5000,9.9525
2000-01-16T12:00:00+00:00,52.5000,-5.5000,9.7307
2000-01-16T12:00:00+00:00,52.5000,-4.5000,9.5167
2000-01-16T12:00:00+00:00,51.5000,-6.5000,10.1237
2000-01-16T12:00:00+00:00,51.5000,-5.5000,9.9704
2000-01-16T12:00:00+00:00,51.5000,-4.5000,9.8077
2000-01-16T12:00:00+00:00,51.5000,-3.5000,9.9131
2000-02-15T12:00:00+00:00,53.5000,-5.5000,8.9234
2000-02-15T12:00:00+00:00,53.5000,-4.5000,8.6847
2000-02-15T12:00:00+00:00,53.5000,-3.5000,8.4014
2000-02-15T12:00:00+00:00,52.5000,-6.5000,9.3606
2000-02-15T12:00:00+00:00,52.5000,-5.5000,9.0275
2000-02-15T12:00:00+00:00,52.5000,-4.5000,8.7885
2000-02-15T12:00:00+00:00,51.5000,-6.5000,9.5682
2000-02-15T12:00:00+00:00,51.5000,-5.5000,9.3419
2000-02-15T12:00:00+00:00,51.5000,-4.5000,9.1146
2000-02-15T12:00:00+00:00,51.5000,-3.5000,9.2522
2000-03-16T12:00:00+00:00,53.5000,-5.5000,8.6287
2000-03-16T12:00:00+00:00,53.5000,-4.5000,8.5990
2000-03-16T12:00:00+00:00,53.5000,-3.5000,8.5466
2000-03-16T12:00:00+00:00,52.5000,-6.5000,9.1727
2000-03-16T12:00:00+00:00,52.5000,-5.5000,8.8687
2000-03-16T12:00:00+00:00,52.5000,-4.5000,8.7355
2000-03-16T12:00:00+00:00,51.5000,-6.5000,9.4348
2000-03-16T12:00:00+00:00,51.5000,-5.5000,9.2988
2000-03-16T12:00:00+00:00,51.5000,-4.5000,9.1230
2000-03-16T12:00:00+00:00,51.5000,-3.5000,9.0899
2000-04-16T00:00:00+00:00,53.5000,-5.5000,9.0074
2000-04-16T00:00:00+00:00,53.5000,-4.5000,9.0651
2000-04-16T00:00:00+00:00,53.5000,-3.5000,9.0467
2000-04-16T00:00:00+00:00,52.5000,-6.5000,9.6283
2000-04-16T00:00:00+00:00,52.5000,-5.5000,9.3687
2000-04-16T00:00:00+00:00,52.5000,-4.5000,9.4047
2000-04-16T00:00:00+00:00,51.5000,-6.5000,9.8265
2000-04-16T00:00:00+00:00,51.5000,-5.5000,9.7804
2000-04-16T00:00:00+00:00,51.5000,-4.5000,9.8342
2000-04-16T00:00:00+00:00,51.5000,-3.5000,10.1043
2000-05-16T12:00:00+00:00,53.5000,-5.5000,10.9925
2000-05-16T12:00:00+00:00,53.5000,-4.5000,11.1410
2000-05-16T12:00:00+00:00,53.5000,-3.5000,11.2143
2000-05-16T12:00:00+00:00,52.5000,-6.5000,11.4188
2000-05-16T12:00:00+00:00,52.5000,-5.5000,11.3326
2000-05-16T12:00:00+00:00,52.5000,-4.5000,11.4482
2000-05-16T12:00:00+00:00,51.5000,-6.5000,11.5598
2000-05-16T12:00:00+00:00,51.5000,-5.5000,11.6331
2000-05-16T12:00:00+00:00,51.5000,-4.5000,11.7240
2000-05-16T12:00:00+00:00,51.5000,-3.5000,11.8041
2000-06-16T00:00:00+00:00,53.5000,-5.5000,12.4700
2000-06-16T00:00:00+00:00,53.5000,-4.5000,12.4838
2000-06-16T00:00:00+00:00,53.5000,-3.5000,12.4265
2000-06-16T00:00:00+00:00,52.5000,-6.5000,13.1895
2000-06-16T00:00:00+00:00,52.5000,-5.5000,12.8507
2000-06-16T00:00:00+00:00,52.5000,-4.5000,12.8261
2000-06-16T00:00:00+00:00,51.5000,-6.5000,13.4460
2000-06-16T00:00:00+00:00,51.5000,-5.5000,13.3231
2000-06-16T00:00:00+00:00,51.5000,-4.5000,13.2971
2000-06-16T00:00:00+00:00,51.5000,-3.5000,13.4959
2000-07-16T12:00:00+00:00,53.5000,-5.5000,14.5967
2000-07-16T12:00:00+00:00,53.5000,-4.5000,14.5839
2000-07-16T12:00:00+00:00,53.5000,-3.5000,14.4672
2000-07-16T12:00:00+00:00,52.5000,-6.5000,15.3281
2000-07-16T12:00:00+00:00,52.5000,-5.5000,15.0025
2000-07-16T12:00:00+00:00,52.5000,-4.5000,14.9499
2000-07-16T12:00:00+00:00,51.5000,-6.5000,15.5475
2000-07-16T12:00:00+00:00,51.5000,-5.5000,15.4250
2000-07-16T12:00:00+00:00,51.5000,-4.5000,15.3528
2000-07-16T12:00:00+00:00,51.5000,-3.5000,15.5527
2000-08-16T12:00:00+00:00,53.5000,-5.5000,15.7803
2000-08-16T12:00:00+00:00,53.5000,-4.5000,15.7977
2000-08-16T12:00:00+00:00,53.5000,-3.5000,15.5845
2000-08-16T12:00:00+00:00,52.5000,-6.5000,16.7067
2000-08-16T12:00:00+00:00,52.5000,-5.5000,16.3724
2000-08-16T12:00:00+00:00,52.5000,-4.5000,16.3902
2000-08-16T12:00:00+00:00,51.5000,-6.5000,16.9481
2000-08-16T12:00:00+00:00,51.5000,-5.5000,16.8821
2000-08-16T12:00:00+00:00,51.5000,-4.5000,16.8808
2000-08-16T12:00:00+00:00,51.5000,-3.5000,16.9818
2000-09-16T00:00:00+00:00,53.5000,-5.5000,15.7630
2000-09-16T00:00:00+00:00,53.5000,-4.5000,15.8836
2000-09-16T00:00:00+00:00,53.5000,-3.5000,15.9264
2000-09-16T00:00:00+00:00,52.5000,-6.5000,15.9461
2000-09-16T00:00:00+00:00,52.5000,-5.5000,15.9940
2000-09-16T00:00:00+00:00,52.5000,-4.5000,16.0712
2000-09-16T00:00:00+00:00,51.5000,-6.5000,16.0302
2000-09-16T00:00:00+00:00,51.5000,-5.5000,16.1796
2000-09-16T00:00:00+00:00,51.5000,-4.5000,16.2465
2000-09-16T00:00:00+00:00,51.5000,-3.5000,16.5138
2000-10-16T12:00:00+00:00,53.5000,-5.5000,13.8728
2000-10-16T12:00:00+00:00,53.5000,-4.5000,13.9785
2000-10-16T12:00:00+00:00,53.5000,-3.5000,14.0521
2000-10-16T12:00:00+00:00,52.5000,-6.5000,13.6811
2000-10-16T12:00:00+00:00,52.5000,-5.5000,13.9100
2000-10-16T12:00:00+00:00,52.5000,-4.5000,14.0848
2000-10-16T12:00:00+00:00,51.5000,-6.5000,13.6611
2000-10-16T12:00:00+00:00,51.5000,-5.5000,13.9154
2000-10-16T12:00:00+00:00,51.5000,-4.5000,14.2076
2000-10-16T12:00:00+00:00,51.5000,-3.5000,14.5745
2000-11-16T00:00:00+00:00,53.5000,-5.5000,11.1284
2000-11-16T00:00:00+00:00,53.5000,-4.5000,11.2080
2000-11-16T00:00:00+00:00,53.5000,-3.5000,11.1631
2000-11-16T00:00:00+00:00,52.5000,-6.5000,11.3487
2000-11-16T00:00:00+00:00,52.5000,-5.5000,11.3956
2000-11-16T00:00:00+00:00,52.5000,-4.5000,11.5421
2000-11-16T00:00:00+00:00,51.5000,-6.5000,11.4129
2000-11-16T00:00:00+00:00,51.5000,-5.5000,11.6106
2000-11-16T00:00:00+00:00,51.5000,-4.5000,11.8665
2000-11-16T00:00:00+00:00,51.5000,-3.5000,11.9508
2000-12-16T12:00:00+00:00,53.5000,-5.5000,10.5948
2000-12-16T12:00:00+00:00,53.5000,-4.5000,10.4434
2000-12-16T12:00:00+00:00,53.5000,-3.5000,10.2680
2000-12-16T12:00:00+00:00,52.5000,-6.5000,10.5853
2000-12-16T12:00:00+00:00,52.5000,-5.5000,10.5601
2000-12-16T12:00:00+00:00,52.5000,-4.5000,10.4908
2000-12-16T12:00:00+00:00,51.5000,-6.5000,10.7285
2000-12-16T12:00:00+00:00,51.5000,-5.5000,10.7252
2000-12-16T12:00:00+00:00,51.5000,-4.5000,10.7532
2000-12-16T12:00:00+00:00,51.5000,-3.5000,10.8012
2001-01-16T12:00:00+00:00,53.5000,-5.5000,9.5001
2001-01-16T12:00:00+00:00,53.5000,-4.5000,9.3580
2001-01-16T12:00:00+00:00,53.5000,-3.5000,9.1975
2001-01-16T12:00:00+00:00,52.5000,-6.5000,9.8176
2001-01-16T12:00:00+00:00,52.5000,-5.5000,9.5927
2001-01-16T12:00:00+00:00,52.5000,-4.5000,9.4414
2001-01-16T12:00:00+00:00,51.5000,-6.5000,10.0001
2001-01-16T12:00:00+00:00,51.5000,-5.5000,9.8499
2001-01-16T12:00:00+00:00,51.5000,-4.5000,9.7205
2001-01-16T12:00:00+00:00,51.5000,-3.5000,9.5940
2001-02-15T00:00:00+00:00,53.5000,-5.5000,8.3976
2001-02-15T00:00:00+00:00,53.5000,-4.5000,8.2198
2001-02-15T00:00:00+00:00,53.5000,-3.5000,7.9593
2001-02-15T00:00:00+00:00,52.5000,-6.5000,8.9548
2001-02-15T00:00:00+00:00,52.5000,-5.5000,8.6148
2001-02-15T00:00:00+00:00,52.5000,-4.5000,8.4453
2001-02-15T00:00:00+00:00,51.5000,-6.5000,9.2589
2001-02-15T00:00:00+00:00,51.5000,-5.5000,9.0494
2001-02-15T00:00:00+00:00,51.5000,-4.5000,8.8997
2001-02-15T00:00:00+00:00,51.5000,-3.5000,9.1883
2001-03-16T12:00:00+00:00,53.5000,-5.5000,8.0352
2001-03-16T12:00:00+00:00,53.5000,-4.5000,7.8942
2001-03-16T12:00:00+00:00,53.5000,-3.5000,7.5719
2001-03-16T12:00:00+00:00,52.5000,-6.5000,8.9136
2001-03-16T12:00:00+00:00,52.5000,-5.5000,8.4750
2001-03-16T12:00:00+00:00,52.5000,-4.5000,8.3238
2001-03-16T12:00:00+00:00,51.5000,-6.5000,9.2280
2001-03-16T12:00:00+00:00,51.5000,-5.5000,9.0032
2001-03-16T12:00:00+00:00,51.5000,-4.5000,8.8412
2001-03-16T12:00:00+00:00,51.5000,-3.5000,9.0958
2001-04-16T00:00:00+00:00,53.5000,-5.5000,8.6803
2001-04-16T00:00:00+00:00,53.5000,-4.5000,8.7202
2001-04-16T00:00:00+00:00,53.5000,-3.5000,8.6302
2001-04-16T00:00:00+00:00,52.5000,-6.5000,9.6474
2001-04-16T00:00:00+00:00,52.5000,-5.5000,9.2096
2001-04-16T00:00:00+00:00,52.5000,-4.5000,9.1340
2001-04-16T00:00:00+00:00,51.5000,-6.5000,9.9328
2001-04-16T00:00:00+00:00,51.5000,-5.5000,9.7690
2001-04-16T00:00:00+00:00,51.5000,-4.5000,9.6190
2001-04-16T00:00:00+00:00,51.5000,-3.5000,9.5673
2001-05-16T12:00:00+00:00,53.5000,-5.5000,10.3960
2001-05-16T12:00:00+00:00,53.5000,-4.5000,10.5086
2001-05-16T12:00:00+00:00,53.5000,-3.5000,10.5090
2001-05-16T12:00:00+00:00,52.5000,-6.5000,11.3605
2001-05-16T12:00:00+00:00,52.5000,-5.5000,10.9523
2001-05-16T12:00:00+00:00,52.5000,-4.5000,10.9555
2001-05-16T12:00:00+00:00,51.5000,-6.5000,11.6385
2001-05-16T12:00:00+00:00,51.5000,-5.5000,11.5227
2001-05-16T12:00:00+00:00,51.5000,-4.5000,11.4673
2001-05-16T12:00:00+00:00,51.5000,-3.5000,11.6134
2001-06-16T00:00:00+00:00,53.5000,-5.5000,12.6985
2001-06-16T00:00:00+00:00,53.5000,-4.5000,12.7032
2001-06-16T00:00:00+00:00,53.5000,-3.5000,12.4908
2001-06-16T00:00:00+00:00,52.5000,-6.5000,13.9881
2001-06-16T00:00:00+00:00,52.5000,-5.5000,13.4164
2001-06-16T00:00:00+00:00,52.5000,-4.5000,13.3004
2001-06-16T00:00:00+00:00,51.5000,-6.5000,14.2747
2001-06-16T00:00:00+00:00,51.5000,-5.5000,14.0847
2001-06-16T00:00:00+00:00,51.5000,-4.5000,13.8904
2001-06-16T00:00:00+00:00,51.5000,-3.5000,14.0236
2001-07-16T12:00:00+00:00,53.5000,-5.5000,14.0579
2001-07-16T12:00:00+00:00,53.5000,-4.5000,14.2508
2001-07-16T12:00:00+00:00,53.5000,-3.5000,14.2487
2001-07-16T12:00:00+00:00,52.5000,-6.5000,15.2757
2001-07-16T12:00:00+00:00,52.5000,-5.5000,14.8445
2001-07-16T12:00:00+00:00,52.5000,-4.5000,14.8927
2001-07-16T12:00:00+00:00,51.5000,-6.5000,15.6767
2001-07-16T12:00:00+00:00,51.5000,-5.5000,15.6475
2001-07-16T12:00:00+00:00,51.5000,-4.5000,15.6109
2001-07-16T12:00:00+00:00,51.5000,-3.5000,15.9166
2001-08-16T12:00:00+00:00,53.5000,-5.5000,15.5460
2001-08-16T12:00:00+00:00,53.5000,-4.5000,15.7148
2001-08-16T12:00:00+00:00,53.5000,-3.5000,15.8394
2001-08-16T12:00:00+00:00,52.5000,-6.5000,16.1461
2001-08-16T12:00:00+00:00,52.5000,-5.5000,15.9406
2001-08-16T12:00:00+00:00,52.5000,-4.5000,16.0547
2001-08-16T12:00:00+00:00,51.5000,-6.5000,16.4010
2001-08-16T12:00:00+00:00,51.5000,-5.5000,16.4480
2001-08-16T12:00:00+00:00,51.5000,-4.5000,16.5804
2001-08-16T12:00:00+00:00,51.5000,-3.5000,16.9296
2001-09-16T00:00:00+00:00,53.5000,-5.5000,15.0838
2001-09-16T00:00:00+00:00,53.5000,-4.5000,15.1585
2001-09-16T00:00:00+00:00,53.5000,-3.5000,15.2006
2001-09-16T00:00:00+00:00,52.5000,-6.5000,15.5071
2001-09-16T00:00:00+00:00,52.5000,-5.5000,15.3415
2001-09-16T00:00:00+00:00,52.5000,-4.5000,15.3628
2001-09-16T00:00:00+00:00,51.5000,-6.5000,15.6692
2001-09-16T00:00:00+00:00,51.5000,-5.5000,15.6103
2001-09-16T00:00:00+00:00,51.5000,-4.5000,15.6622
2001-09-16T00:00:00+00:00,51.5000,-3.5000,15.9975
2001-10-16T12:00:00+00:00,53.5000,-5.5000,14.6704
2001-10-16T12:00:00+00:00,53.5000,-4.5000,14.7656
2001-10-16T12:00:00+00:00,53.5000,-3.5000,14.7769
2001-10-16T12:00:00+00:00,52.5000,-6.5000,14.8440
2001-10-16T12:00:00+00:00,52.5000,-5.5000,14.8853
2001-10-16T12:00:00+00:00,52.5000,-4.5000,15.0000
2001-10-16T12:00:00+00:00,51.5000,-6.5000,14.8414
2001-10-16T12:00:00+00:00,51.5000,-5.5000,15.0101
2001-10-16T12:00:00+00:00,51.5000,-4.5000,15.2061
2001-10-16T12:00:00+00:00,51.5000,-3.5000,15.4940
2001-11-16T00:00:00+00:00,53.5000,-5.5000,12.7702
2001-11-16T00:00:00+00:00,53.5000,-4.5000,12.6373
2001-11-16T00:00:00+00:00,53.5000,-3.5000,12.1974
2001-11-16T00:00:00+00:00,52.5000,-6.5000,13.2779
2001-11-16T00:00:00+00:00,52.5000,-5.5000,13.1819
2001-11-16T00:00:00+00:00,52.5000,-4.5000,13.1749
2001-11-16T00:00:00+00:00,51.5000,-6.5000,13.3193
2001-11-16T00:00:00+00:00,51.5000,-5.5000,13.4574
2001-11-16T00:00:00+00:00,51.5000,-4.5000,13.5725
2001-11-16T00:00:00+00:00,51.5000,-3.5000,13.8305
2001-12-16T12:00:00+00:00,53.5000,-5.5000,10.9832
2001-12-16T12:00:00+00:00,53.5000,-4.5000,10.8894
2001-12-16T12:00:00+00:00,53.5000,-3.5000,10.6415
2001-12-16T12:00:00+00:00,52.5000,-6.5000,11.7194
2001-12-16T12:00:00+00:00,52.5000,-5.5000,11.3772
2001-12-16T12:00:00+00:00,52.5000,-4.5000,11.2703
2001-12-16T12:00:00+00:00,51.5000,-6.5000,11.7986
2001-12-16T12:00:00+00:00,51.5000,-5.5000,11.7003
2001-12-16T12:00:00+00:00,51.5000,-4.5000,11.6512
2001-12-16T12:00:00+00:00,51.5000,-3.5000,11.8990
2002-01-16T12:00:00+00:00,53.5000,-5.5000,9.8281
2002-01-16T12:00:00+00:00,53.5000,-4.5000,9.6707
2002-01-16T12:00:00+00:00,53.5000,-3.5000,9.4187
2002-01-16T12:00:00+00:00,52.5000,-6.5000,10.4993
2002-01-16T12:00:00+00:00,52.5000,-5.5000,10.1118
2002-01-16T12:00:00+00:00,52.5000,-4.5000,9.8902
2002-01-16T12:00:00+00:00,51.5000,-6.5000,10.6554
2002-01-16T12:00:00+00:00,51.5000,-5.5000,10.4233
2002-01-16T12:00:00+00:00,51.5000,-4.5000,10.1645
2002-01-16T12:00:00+00:00,51.5000,-3.5000,9.8916
2002-02-15T00:00:00+00:00,53.5000,-5.5000,8.9027
2002-02-15T00:00:00+00:00,53.5000,-4.5000,8.8768
2002-02-15T00:00:00+00:00,53.5000,-3.5000,8.7144
2002-02-15T00:00:00+00:00,52.5000,-6.5000,10.0703
2002-02-15T00:00:00+00:00,52.5000,-5.5000,9.4854
2002-02-15T00:00:00+00:00,52.5000,-4.5000,9.3071
2002-02-15T00:00:00+00:00,51.5000,-6.5000,10.2820
2002-02-15T00:00:00+00:00,51.5000,-5.5000,10.0269
2002-02-15T00:00:00+00:00,51.5000,-4.5000,9.7783
2002-02-15T00:00:00+00:00,51.5000,-3.5000,9.9047
2002-03-16T12:00:00+00:00,53.5000,-5.5000,8.4809
2002-03-16T12:00:00+00:00,53.5000,-4.5000,8.3623
2002-03-16T12:00:00+00:00,53.5000,-3.5000,8.0024
2002-03-16T12:00:00+00:00,52.5000,-6.5000,9.6379
2002-03-16T12:00:00+00:00,52.5000,-5.5000,9.0911
2002-03-16T12:00:00+00:00,52.5000,-4.5000,8.9592
2002-03-16T12:00:00+00:00,51.5000,-6.5000,9.9121
2002-03-16T12:00:00+00:00,51.5000,-5.5000,9.6915
2002-03-16T12:00:00+00:00,51.5000,-4.5000,9.5535
2002-03-16T12:00:00+00:00,51.5000,-3.5000,9.7528
2002-04-16T00:00:00+00:00,53.5000,-5.5000,9.5452
2002-04-16T00:00:00+00:00,53.5000,-4.5000,9.5649
2002-04-16T00:00:00+00:00,53.5000,-3.5000,9.5455
2002-04-16T00:00:00+00:00,52.5000,-6.5000,10.0325
2002-04-16T00:00:00+00:00,52.5000,-5.5000,9.8020
2002-04-16T00:00:00+00:00,52.5000,-4.5000,9.7199
2002-04-16T00:00:00+00:00,51.5000,-6.5000,10.2856
2002-04-16T00:00:00+00:00,51.5000,-5.5000,10.2057
2002-04-16T00:00:00+00:00,51.5000,-4.5000,10.0628
2002-04-16T00:00:00+00:00,51.5000,-3.5000,10.1978
2002-05-16T12:00:00+00:00,53.5000,-5.5000,10.6546
2002-05-16T12:00:00+00:00,53.5000,-4.5000,10.8046
2002-05-16T12:00:00+00:00,53.5000,-3.5000,10.8292
2002-05-16T12:00:00+00:00,52.5000,-6.5000,11.3207
2002-05-16T12:00:00+00:00,52.5000,-5.5000,11.1299
2002-05-16T12:00:00+00:00,52.5000,-4.5000,11.2322
2002-05-16T12:00:00+00:00,51.5000,-6.5000,11.5508
2002-05-16T12:00:00+00:00,51.5000,-5.5000,11.5942
2002-05-16T12:00:00+00:00,51.5000,-4.5000,11.6835
2002-05-16T12:00:00+00:00,51.5000,-3.5000,11.9273
2002-06-16T00:00:00+00:00,53.5000,-5.5000,12.5008
2002-06-16T00:00:00+00:00,53.5000,-4.5000,12.7739
2002-06-16T00:00:00+00:00,53.5000,-3.5000,13.0138
2002-06-16T00:00:00+00:00,52.5000,-6.5000,13.0724
2002-06-16T00:00:00+00:00,52.5000,-5.5000,12.9411
2002-06-16T00:00:00+00:00,52.5000,-4.5000,13.1287
2002-06-16T00:00:00+00:00,51.5000,-6.5000,13.2932
2002-06-16T00:00:00+00:00,51.5000,-5.5000,13.4433
2002-06-16T00:00:00+00:00,51.5000,-4.5000,13.6173
2002-06-16T00:00:00+00:00,51.5000,-3.5000,13.8706
2002-07-16T12:00:00+00:00,53.5000,-5.5000,14.2363
2002-07-16T12:00:00+00:00,53.5000,-4.5000,14.4742
2002-07-16T12:00:00+00:00,53.5000,-3.5000,14.6536
2002-07-16T12:00:00+00:00,52.5000,-6.5000,14.9534
2002-07-16T12:00:00+00:00,52.5000,-5.5000,14.7410
2002-07-16T12:00:00+00:00,52.5000,-4.5000,14.8949
2002-07-16T12:00:00+00:00,51.5000,-6.5000,15.2075
2002-07-16T12:00:00+00:00,51.5000,-5.5000,15.2746
2002-07-16T12:00:00+00:00,51.5000,-4.5000,15.3932
2002-07-16T12:00:00+00:00,51.5000,-3.5000,15.5647
2002-08-16T12:00:00+00:00,53.5000,-5.5000,15.5973
2002-08-16T12:00:00+00:00,53.5000,-4.5000,15.8867
2002-08-16T12:00:00+00:00,53.5000,-3.5000,16.1576
2002-08-16T12:00:00+00:00,52.5000,-6.5000,16.1638
2002-08-16T12:00:00+00:00,52.5000,-5.5000,16.0260
2002-08-16T12:00:00+00:00,52.5000,-4.5000,16.2206
2002-08-16T12:00:00+00:00,51.5000,-6.5000,16.3585
2002-08-16T12:00:00+00:00,51.5000,-5.5000,16.4002
2002-08-16T12:00:00+00:00,51.5000,-4.5000,16.5711
2002-08-16T12:00:00+00:00,51.5000,-3.5000,16.8681
2002-09-16T00:00:00+00:00,53.5000,-5.5000,15.5992
2002-09-16T00:00:00+00:00,53.5000,-4.5000,15.8252
2002-09-16T00:00:00+00:00,53.5000,-3.5000,16.0322
2002-09-16T00:00:00+00:00,52.5000,-6.5000,15.7739
2002-09-16T00:00:00+00:00,52.5000,-5.5000,15.8369
2002-09-16T00:00:00+00:00,52.5000,-4.5000,15.9665
2002-09-16T00:00:00+00:00,51.5000,-6.5000,15.9561
2002-09-16T00:00:00+00:00,51.5000,-5.5000,16.0670
2002-09-16T00:00:00+00:00,51.5000,-4.5000,16.1490
2002-09-16T00:00:00+00:00,51.5000,-3.5000,16.5618
2002-10-16T12:00:00+00:00,53.5000,-5.5000,14.5123
2002-10-16T12:00:00+00:00,53.5000,-4.5000,14.6276
2002-10-16T12:00:00+00:00,53.5000,-3.5000,14.7762
2002-10-16T12:00:00+00:00,52.5000,-6.5000,14.6109
2002-10-16T12:00:00+00:00,52.5000,-5.5000,14.6096
2002-10-16T12:00:00+00:00,52.5000,-4.5000,14.7025
2002-10-16T12:00:00+00:00,51.5000,-6.5000,14.6262
2002-10-16T12:00:00+00:00,51.5000,-5.5000,14.6917
2002-10-16T12:00:00+00:00,51.5000,-4.5000,14.8594
2002-10-16T12:00:00+00:00,51.5000,-3.5000,15.1978
2002-11-16T00:00:00+00:00,53.5000,-5.5000,12.7294
2002-11-16T00:00:00+00:00,53.5000,-4.5000,12.6911
2002-11-16T00:00:00+00:00,53.5000,-3.5000,12.5783
2002-11-16T00:00:00+00:00,52.5000,-6.5000,12.7709
2002-11-16T00:00:00+00:00,52.5000,-5.5000,12.8183
2002-11-16T00:00:00+00:00,52.5000,-4.5000,12.8528
2002-11-16T00:00:00+00:00,51.5000,-6.5000,12.8360
2002-11-16T00:00:00+00:00,51.5000,-5.5000,12.9375
2002-11-16T00:00:00+00:00,51.5000,-4.5000,13.0637
2002-11-16T00:00:00+00:00,51.5000,-3.5000,13.3301
2002-12-16T12:00:00+00:00,53.5000,-5.5000,10.8189
2002-12-16T12:00:00+00:00,53.5000,-4.5000,10.5343
2002-12-16T12:00:00+00:00,53.5000,-3.5000,10.1039
2002-12-16T12:00:00+00:00,52.5000,-6.5000,11.0655
2002-12-16T12:00:00+00:00,52.5000,-5.5000,10.9101
2002-12-16T12:00:00+00:00,52.5000,-4.5000,10.7434
2002-12-16T12:00:00+00:00,51.5000,-6.5000,11.2402
2002-12-16T12:00:00+00:00,51.5000,-5.5000,11.1705
2002-12-16T12:00:00+00:00,51.5000,-4.5000,11.1123
2002-12-16T12:00:00+00:00,51.5000,-3.5000,11.1221
2003-01-16T12:00:00+00:00,53.5000,-5.5000,9.4727
2003-01-16T12:00:00+00:00,53.5000,-4.5000,9.2976
2003-01-16T12:00:00+00:00,53.5000,-3.5000,8.9303
2003-01-16T12:00:00+00:00,52.5000,-6.5000,10.0080
2003-01-16T12:00:00+00:00,52.5000,-5.5000,9.7782
2003-01-16T12:00:00+00:00,52.5000,-4.5000,9.6387
2003-01-16T12:00:00+00:00,51.5000,-6.5000,10.2310
2003-01-16T12:00:00+00:00,51.5000,-5.5000,10.1740
2003-01-16T12:00:00+00:00,51.5000,-4.5000,10.0360
2003-01-16T12:00:00+00:00,51.5000,-3.5000,9.8438
2003-02-15T00:00:00+00:00,53.5000,-5.5000,8.4159
2003-02-15T00:00:00+00:00,53.5000,-4.5000,8.2083
2003-02-15T00:00:00+00:00,53.5000,-3.5000,7.9073
2003-02-15T00:00:00+00:00,52.5000,-6.5000,9.1087
2003-02-15T00:00:00+00:00,52.5000,-5.5000,8.6769
2003-02-15T00:00:00+00:00,52.5000,-4.5000,8.4221
2003-02-15T00:00:00+00:00,51.5000,-6.5000,9.3848
2003-02-15T00:00:00+00:00,51.5000,-5.5000,9.1167
2003-02-15T00:00:00+00:00,51.5000,-4.5000,8.8127
2003-02-15T00:00:00+00:00,51.5000,-3.5000,8.8549
2003-03-16T12:00:00+00:00,53.5000,-5.5000,8.5892
2003-03-16T12:00:00+00:00,53.5000,-4.5000,8.3549
2003-03-16T12:00:00+00:00,53.5000,-3.5000,7.9868
2003-03-16T12:00:00+00:00,52.5000,-6.5000,9.2891
2003-03-16T12:00:00+00:00,52.5000,-5.5000,8.8669
2003-03-16T12:00:00+00:00,52.5000,-4.5000,8.6244
2003-03-16T12:00:00+00:00,51.5000,-6.5000,9.5648
2003-03-16T12:00:00+00:00,51.5000,-5.5000,9.3034
2003-03-16T12:00:00+00:00,51.5000,-4.5000,9.0320
2003-03-16T12:00:00+00:00,51.5000,-3.5000,8.8460
2003-04-16T00:00:00+00:00,53.5000,-5.5000,9.3407
2003-04-16T00:00:00+00:00,53.5000,-4.5000,9.3195
2003-04-16T00:00:00+00:00,53.5000,-3.5000,9.2464
2003-04-16T00:00:00+00:00,52.5000,-6.5000,10.2084
2003-04-16T00:00:00+00:00,52.5000,-5.5000,9.7302
2003-04-16T00:00:00+00:00,52.5000,-4.5000,9.5617
2003-04-16T00:00:00+00:00,51.5000,-6.5000,10.4594
2003-04-16T00:00:00+00:00,51.5000,-5.5000,10.2017
2003-04-16T00:00:00+00:00,51.5000,-4.5000,9.9290
2003-04-16T00:00:00+00:00,51.5000,-3.5000,9.8373
2003-05-16T12:00:00+00:00,53.5000,-5.5000,10.7089
2003-05-16T12:00:00+00:00,53.5000,-4.5000,10.7288
2003-05-16T12:00:00+00:00,53.5000,-3.5000,10.7046
2003-05-16T12:00:00+00:00,52.5000,-6.5000,11.2154
2003-05-16T12:00:00+00:00,52.5000,-5.5000,10.9794
2003-05-16T12:00:00+00:00,52.5000,-4.5000,10.9347
2003-05-16T12:00:00+00:00,51.5000,-6.5000,11.4888
2003-05-16T12:00:00+00:00,51.5000,-5.5000,11.3831
2003-05-16T12:00:00+00:00,51.5000,-4.5000,11.2841
2003-05-16T12:00:00+00:00,51.5000,-3.5000,11.4268
2003-06-16T00:00:00+00:00,53.5000,-5.5000,13.2002
2003-06-16T00:00:00+00:00,53.5000,-4.5000,13.2204
2003-06-16T00:00:00+00:00,53.5000,-3.5000,13.0572
2003-06-16T00:00:00+00:00,52.5000,-6.5000,14.3485
2003-06-16T00:00:00+00:00,52.5000,-5.5000,13.8444
2003-06-16T00:00:00+00:00,52.5000,-4.5000,13.7214
2003-06-16T00:00:00+00:00,51.5000,-6.5000,14.6831
2003-06-16T00:00:00+00:00,51.5000,-5.5000,14.5323
2003-06-16T00:00:00+00:00,51.5000,-4.5000,14.2861
2003-06-16T00:00:00+00:00,51.5000,-3.5000,14.4973
2003-07-16T12:00:00+00:00,53.5000,-5.5000,14.6783
2003-07-16T12:00:00+00:00,53.5000,-4.5000,14.8446
2003-07-16T12:00:00+00:00,53.5000,-3.5000,14.7836
2003-07-16T12:00:00+00:00,52.5000,-6.5000,15.8959
2003-07-16T12:00:00+00:00,52.5000,-5.5000,15.4774
2003-07-16T12:00:00+00:00,52.5000,-4.5000,15.4845
2003-07-16T12:00:00+00:00,51.5000,-6.5000,16.2415
2003-07-16T12:00:00+00:00,51.5000,-5.5000,16.2529
2003-07-16T12:00:00+00:00,51.5000,-4.5000,16.1505
2003-07-16T12:00:00+00:00,51.5000,-3.5000,16.4842
2003-08-16T12:00:00+00:00,53.5000,-5.5000,16.2289
2003-08-16T12:00:00+00:00,53.5000,-4.5000,16.4283
2003-08-16T12:00:00+00:00,53.5000,-3.5000,16.4866
2003-08-16T12:00:00+00:00,52.5000,-6.5000,17.0959
2003-08-16T12:00:00+00:00,52.5000,-5.5000,16.8256
2003-08-16T12:00:00+00:00,52.5000,-4.5000,16.8461
2003-08-16T12:00:00+00:00,51.5000,-6.5000,17.4308
2003-08-16T12:00:00+00:00,51.5000,-5.5000,17.4221
2003-08-16T12:00:00+00:00,51.5000,-4.5000,17.2881
2003-08-16T12:00:00+00:00,51.5000,-3.5000,17.6539
2003-09-16T00:00:00+00:00,53.5000,-5.5000,15.8905
2003-09-16T00:00:00+00:00,53.5000,-4.5000,15.9835
2003-09-16T00:00:00+00:00,53.5000,-3.5000,16.0053
2003-09-16T00:00:00+00:00,52.5000,-6.5000,16.4203
2003-09-16T00:00:00+00:00,52.5000,-5.5000,16.2321
2003-09-16T00:00:00+00:00,52.5000,-4.5000,16.2996
2003-09-16T00:00:00+00:00,51.5000,-6.5000,16.5872
2003-09-16T00:00:00+00:00,51.5000,-5.5000,16.5639
2003-09-16T00:00:00+00:00,51.5000,-4.5000,16.6731
2003-09-16T00:00:00+00:00,51.5000,-3.5000,17.0100
2003-10-16T12:00:00+00:00,53.5000,-5.5000,14.3003
2003-10-16T12:00:00+00:00,53.5000,-4.5000,14.3244
2003-10-16T12:00:00+00:00,53.5000,-3.5000,14.2294
2003-10-16T12:00:00+00:00,52.5000,-6.5000,14.4794
2003-10-16T12:00:00+00:00,52.5000,-5.5000,14.5069
2003-10-16T12:00:00+00:00,52.5000,-4.5000,14.5960
2003-10-16T12:00:00+00:00,51.5000,-6.5000,14.5657
2003-10-16T12:00:00+00:00,51.5000,-5.5000,14.7099
2003-10-16T12:00:00+00:00,51.5000,-4.5000,14.8910
2003-10-16T12:00:00+00:00,51.5000,-3.5000,15.2048
2003-11-16T00:00:00+00:00,53.5000,-5.5000,12.5485
2003-11-16T00:00:00+00:00,53.5000,-4.5000,12.4953
2003-11-16T00:00:00+00:00,53.5000,-3.5000,12.2119
2003-11-16T00:00:00+00:00,52.5000,-6.5000,12.8514
2003-11-16T00:00:00+00:00,52.5000,-5.5000,12.8620
2003-11-16T00:00:00+00:00,52.5000,-4.5000,12.8659
2003-11-16T00:00:00+00:00,51.5000,-6.5000,12.8719
2003-11-16T00:00:00+00:00,51.5000,-5.5000,13.0506
2003-11-16T00:00:00+00:00,51.5000,-4.5000,13.1084
2003-11-16T00:00:00+00:00,51.5000,-3.5000,13.1100
2003-12-16T12:00:00+00:00,53.5000,-5.5000,10.9634
2003-12-16T12:00:00+00:00,53.5000,-4.5000,10.8708
2003-12-16T12:00:00+00:00,53.5000,-3.5000,10.4644
2003-12-16T12:00:00+00:00,52.5000,-6.5000,11.4435
2003-12-16T12:00:00+00:00,52.5000,-5.5000,11.3974
2003-12-16T12:00:00+00:00,52.5000,-4.5000,11.3666
2003-12-16T12:00:00+00:00,51.5000,-6.5000,11.5402
2003-12-16T12:00:00+00:00,51.5000,-5.5000,11.7252
2003-12-16T12:00:00+00:00,51.5000,-4.5000,11.7123
2003-12-16T12:00:00+00:00,51.5000,-3.5000,11.5550
2004-01-16T12:00:00+00:00,53.5000,-5.5000,10.2309
2004-01-16T12:00:00+00:00,53.5000,-4.5000,9.9249
2004-01-16T12:00:00+00:00,53.5000,-3.5000,9.4924
2004-01-16T12:00:00+00:00,52.5000,-6.5000,10.4168
2004-01-16T12:00:00+00:00,52.5000,-5.5000,10.2721
2004-01-16T12:00:00+00:00,52.5000,-4.5000,10.0474
2004-01-16T12:00:00+00:00,51.5000,-6.5000,10.6060
2004-01-16T12:00:00+00:00,51.5000,-5.5000,10.5205
2004-01-16T12:00:00+00:00,51.5000,-4.5000,10.3235
2004-01-16T12:00:00+00:00,51.5000,-3.5000,10.1208
2004-02-15T12:00:00+00:00,53.5000,-5.5000,9.1279
2004-02-15T12:00:00+00:00,53.5000,-4.5000,8.9831
2004-02-15T12:00:00+00:00,53.5000,-3.5000,8.7677
2004-02-15T12:00:00+00:00,52.5000,-6.5000,9.6252
2004-02-15T12:00:00+00:00,52.5000,-5.5000,9.3308
2004-02-15T12:00:00+00:00,52.5000,-4.5000,9.1334
2004-02-15T12:00:00+00:00,51.5000,-6.5000,9.9079
2004-02-15T12:00:00+00:00,51.5000,-5.5000,9.7424
2004-02-15T12:00:00+00:00,51.5000,-4.5000,9.5114
2004-02-15T12:00:00+00:00,51.5000,-3.5000,9.3892
2004-03-16T12:00:00+00:00,53.5000,-5.5000,8.2745
2004-03-16T12:00:00+00:00,53.5000,-4.5000,8.1647
2004-03-16T12:00:00+00:00,53.5000,-3.5000,7.9030
2004-03-16T12:00:00+00:00,52.5000,-6.5000,9.1031
2004-03-16T12:00:00+00:00,52.5000,-5.5000,8.6879
2004-03-16T12:00:00+00:00,52.5000,-4.5000,8.5240
2004-03-16T12:00:00+00:00,51.5000,-6.5000,9.3921
2004-03-16T12:00:00+00:00,51.5000,-5.5000,9.2177
2004-03-16T12:00:00+00:00,51.5000,-4.5000,9.0061
2004-03-16T12:00:00+00:00,51.5000,-3.5000,8.7939
2004-04-16T00:00:00+00:00,53.5000,-5.5000,9.4116
2004-04-16T00:00:00+00:00,53.5000,-4.5000,9.3774
2004-04-16T00:00:00+00:00,53.5000,-3.5000,9.2728
2004-04-16T00:00:00+00:00,52.5000,-6.5000,9.9098
2004-04-16T00:00:00+00:00,52.5000,-5.5000,9.6686
2004-04-16T00:00:00+00:00,52.5000,-4.5000,9.5725
2004-04-16T00:00:00+00:00,51.5000,-6.5000,10.1529
2004-04-16T00:00:00+00:00,51.5000,-5.5000,10.0417
2004-04-16T00:00:00+00:00,51.5000,-4.5000,9.8841
2004-04-16T00:00:00+00:00,51.5000,-3.5000,9.8966
2004-05-16T12:00:00+00:00,53.5000,-5.5000,10.7277
2004-05-16T12:00:00+00:00,53.5000,-4.5000,10.8619
2004-05-16T12:00:00+00:00,53.5000,-3.5000,10.9919
2004-05-16T12:00:00+00:00,52.5000,-6.5000,11.3034
2004-05-16T12:00:00+00:00,52.5000,-5.5000,11.0558
2004-05-16T12:00:00+00:00,52.5000,-4.5000,11.0495
2004-05-16T12:00:00+00:00,51.5000,-6.5000,11.5533
2004-05-16T12:00:00+00:00,51.5000,-5.5000,11.4811
2004-05-16T12:00:00+00:00,51.5000,-4.5000,11.3921
2004-05-16T12:00:00+00:00,51.5000,-3.5000,11.5449
2004-06-16T00:00:00+00:00,53.5000,-5.5000,13.3046
2004-06-16T00:00:00+00:00,53.5000,-4.5000,13.3073
2004-06-16T00:00:00+00:00,53.5000,-3.5000,13.1782
2004-06-16T00:00:00+00:00,52.5000,-6.5000,14.4476
2004-06-16T00:00:00+00:00,52.5000,-5.5000,13.8925
2004-06-16T00:00:00+00:00,52.5000,-4.5000,13.8220
2004-06-16T00:00:00+00:00,51.5000,-6.5000,14.7247
2004-06-16T00:00:00+00:00,51.5000,-5.5000,14.5115
2004-06-16T00:00:00+00:00,51.5000,-4.5000,14.4363
2004-06-16T00:00:00+00:00,51.5000,-3.5000,14.6630
2004-07-16T12:00:00+00:00,53.5000,-5.5000,14.3763
2004-07-16T12:00:00+00:00,53.5000,-4.5000,14.4607
2004-07-16T12:00:00+00:00,53.5000,-3.5000,14.3983
2004-07-16T12:00:00+00:00,52.5000,-6.5000,15.3274
2004-07-16T12:00:00+00:00,52.5000,-5.5000,14.9582
2004-07-16T12:00:00+00:00,52.5000,-4.5000,14.9533
2004-07-16T12:00:00+00:00,51.5000,-6.5000,15.6493
2004-07-16T12:00:00+00:00,51.5000,-5.5000,15.5037
2004-07-16T12:00:00+00:00,51.5000,-4.5000,15.4153
2004-07-16T12:00:00+00:00,51.5000,-3.5000,15.6320
2004-08-16T12:00:00+00:00,53.5000,-5.5000,16.0927
2004-08-16T12:00:00+00:00,53.5000,-4.5000,16.2729
2004-08-16T12:00:00+00:00,53.5000,-3.5000,16.4349
2004-08-16T12:00:00+00:00,52.5000,-6.5000,16.6993
2004-08-16T12:00:00+00:00,52.5000,-5.5000,16.4740
2004-08-16T12:00:00+00:00,52.5000,-4.5000,16.4916
2004-08-16T12:00:00+00:00,51.5000,-6.5000,17.0157
2004-08-16T12:00:00+00:00,51.5000,-5.5000,16.9836
2004-08-16T12:00:00+00:00,51.5000,-4.5000,16.8737
2004-08-16T12:00:00+00:00,51.5000,-3.5000,17.1911
2004-09-16T00:00:00+00:00,53.5000,-5.5000,15.4195
2004-09-16T00:00:00+00:00,53.5000,-4.5000,15.5542
2004-09-16T00:00:00+00:00,53.5000,-3.5000,15.5953
2004-09-16T00:00:00+00:00,52.5000,-6.5000,15.7450
2004-09-16T00:00:00+00:00,52.5000,-5.5000,15.7264
2004-09-16T00:00:00+00:00,52.5000,-4.5000,15.8113
2004-09-16T00:00:00+00:00,51.5000,-6.5000,15.8641
2004-09-16T00:00:00+00:00,51.5000,-5.5000,15.9605
2004-09-16T00:00:00+00:00,51.5000,-4.5000,16.0319
2004-09-16T00:00:00+00:00,51.5000,-3.5000,16.3062
2004-10-16T12:00:00+00:00,53.5000,-5.5000,13.8904
2004-10-16T12:00:00+00:00,53.5000,-4.5000,13.9488
2004-10-16T12:00:00+00:00,53.5000,-3.5000,13.9368
2004-10-16T12:00:00+00:00,52.5000,-6.5000,14.0308
2004-10-16T12:00:00+00:00,52.5000,-5.5000,14.0600
2004-10-16T12:00:00+00:00,52.5000,-4.5000,14.1355
2004-10-16T12:00:00+00:00,51.5000,-6.5000,14.0760
2004-10-16T12:00:00+00:00,51.5000,-5.5000,14.2048
2004-10-16T12:00:00+00:00,51.5000,-4.5000,14.3581
2004-10-16T12:00:00+00:00,51.5000,-3.5000,14.5738
2004-11-16T00:00:00+00:00,53.5000,-5.5000,12.6684
2004-11-16T00:00:00+00:00,53.5000,-4.5000,12.5416
2004-11-16T00:00:00+00:00,53.5000,-3.5000,12.3908
2004-11-16T00:00:00+00:00,52.5000,-6.5000,12.5293
2004-11-16T00:00:00+00:00,52.5000,-5.5000,12.5946
2004-11-16T00:00:00+00:00,52.5000,-4.5000,12.5467
2004-11-16T00:00:00+00:00,51.5000,-6.5000,12.6067
2004-11-16T00:00:00+00:00,51.5000,-5.5000,12.6833
2004-11-16T00:00:00+00:00,51.5000,-4.5000,12.7522
2004-11-16T00:00:00+00:00,51.5000,-3.5000,12.9143
2004-12-16T12:00:00+00:00,53.5000,-5.5000,11.2403
2004-12-16T12:00:00+00:00,53.5000,-4.5000,11.0881
2004-12-16T12:00:00+00:00,53.5000,-3.5000,10.8046
2004-12-16T12:00:00+00:00,52.5000,-6.5000,11.3616
2004-12-16T12:00:00+00:00,52.5000,-5.5000,11.3471
2004-12-16T12:00:00+00:00,52.5000,-4.5000,11.2566
2004-12-16T12:00:00+00:00,51.5000,-6.5000,11.4839
2004-12-16T12:00:00+00:00,51.5000,-5.5000,11.5555
2004-12-16T12:00:00+00:00,51.5000,-4.5000,11.5118
2004-12-16T12:00:00+00:00,51.5000,-3.5000,11.4729
2005-01-16T12:00:00+00:00,53.5000,-5.5000,9.8964
2005-01-16T12:00:00+00:00,53.5000,-4.5000,9.7255
2005-01-16T12:00:00+00:00,53.5000,-3.5000,9.4838
2005-01-16T12:00:00+00:00,52.5000,-6.5000,10.3231
2005-01-16T12:00:00+00:00,52.5000,-5.5000,10.0588
2005-01-16T12:00:00+00:00,52.5000,-4.5000,9.8649
2005-01-16T12:00:00+00:00,51.5000,-6.5000,10.5403
2005-01-16T12:00:00+00:00,51.5000,-5.5000,10.4061
2005-01-16T12:00:00+00:00,51.5000,-4.5000,10.2091
2005-01-16T12:00:00+00:00,51.5000,-3.5000,10.1257
2005-02-15T00:00:00+00:00,53.5000,-5.5000,9.0627
2005-02-15T00:00:00+00:00,53.5000,-4.5000,8.8975
2005-02-15T00:00:00+00:00,53.5000,-3.5000,8.6709
2005-02-15T00:00:00+00:00,52.5000,-6.5000,9.3721
2005-02-15T00:00:00+00:00,52.5000,-5.5000,9.1746
2005-02-15T00:00:00+00:00,52.5000,-4.5000,9.0036
2005-02-15T00:00:00+00:00,51.5000,-6.5000,9.6241
2005-02-15T00:00:00+00:00,51.5000,-5.5000,9.4853
2005-02-15T00:00:00+00:00,51.5000,-4.5000,9.2974
2005-02-15T00:00:00+00:00,51.5000,-3.5000,9.1435
2005-03-16T12:00:00+00:00,53.5000,-5.5000,7.9449
2005-03-16T12:00:00+00:00,53.5000,-4.5000,7.8466
2005-03-16T12:00:00+00:00,53.5000,-3.5000,7.5547
2005-03-16T12:00:00+00:00,52.5000,-6.5000,9.0345
2005-03-16T12:00:00+00:00,52.5000,-5.5000,8.5001
2005-03-16T12:00:00+00:00,52.5000,-4.5000,8.3279
2005-03-16T12:00:00+00:00,51.5000,-6.5000,9.3064
2005-03-16T12:00:00+00:00,51.5000,-5.5000,9.0632
2005-03-16T12:00:00+00:00,51.5000,-4.5000,8.8157
2005-03-16T12:00:00+00:00,51.5000,-3.5000,8.4707
2005-04-16T00:00:00+00:00,53.5000,-5.5000,9.1269
2005-04-16T00:00:00+00:00,53.5000,-4.5000,9.0979
2005-04-16T00:00:00+00:00,53.5000,-3.5000,9.0202
2005-04-16T00:00:00+00:00,52.5000,-6.5000,9.8285
2005-04-16T00:00:00+00:00,52.5000,-5.5000,9.4459
2005-04-16T00:00:00+00:00,52.5000,-4.5000,9.3191
2005-04-16T00:00:00+00:00,51.5000,-6.5000,10.0631
2005-04-16T00:00:00+00:00,51.5000,-5.5000,9.8656
2005-04-16T00:00:00+00:00,51.5000,-4.5000,9.6704
2005-04-16T00:00:00+00:00,51.5000,-3.5000,9.5958
2005-05-16T12:00:00+00:00,53.5000,-5.5000,10.6802
2005-05-16T12:00:00+00:00,53.5000,-4.5000,10.6765
2005-05-16T12:00:00+00:00,53.5000,-3.5000,10.5974
2005-05-16T12:00:00+00:00,52.5000,-6.5000,11.2625
2005-05-16T12:00:00+00:00,52.5000,-5.5000,10.9930
2005-05-16T12:00:00+00:00,52.5000,-4.5000,10.9333
2005-05-16T12:00:00+00:00,51.5000,-6.5000,11.4550
2005-05-16T12:00:00+00:00,51.5000,-5.5000,11.3442
2005-05-16T12:00:00+00:00,51.5000,-4.5000,11.2391
2005-05-16T12:00:00+00:00,51.5000,-3.5000,11.2809
2005-06-16T00:00:00+00:00,53.5000,-5.5000,13.1355
2005-06-16T00:00:00+00:00,53.5000,-4.5000,13.1254
2005-06-16T00:00:00+00:00,53.5000,-3.5000,12.9826
2005-06-16T00:00:00+00:00,52.5000,-6.5000,14.3239
2005-06-16T00:00:00+00:00,52.5000,-5.5000,13.7342
2005-06-16T00:00:00+00:00,52.5000,-4.5000,13.5657
2005-06-16T00:00:00+00:00,51.5000,-6.5000,14.6010
2005-06-16T00:00:00+00:00,51.5000,-5.5000,14.2834
2005-06-16T00:00:00+00:00,51.5000,-4.5000,13.9999
2005-06-16T00:00:00+00:00,51.5000,-3.5000,14.1148
2005-07-16T12:00:00+00:00,53.5000,-5.5000,14.7594
2005-07-16T12:00:00+00:00,53.5000,-4.5000,14.8555
2005-07-16T12:00:00+00:00,53.5000,-3.5000,14.8224
2005-07-16T12:00:00+00:00,52.5000,-6.5000,15.8289
2005-07-16T12:00:00+00:00,52.5000,-5.5000,15.3778
2005-07-16T12:00:00+00:00,52.5000,-4.5000,15.3237
2005-07-16T12:00:00+00:00,51.5000,-6.5000,16.2197
2005-07-16T12:00:00+00:00,51.5000,-5.5000,16.0516
2005-07-16T12:00:00+00:00,51.5000,-4.5000,15.8762
2005-07-16T12:00:00+00:00,51.5000,-3.5000,16.1047
2005-08-16T12:00:00+00:00,53.5000,-5.5000,15.4595
2005-08-16T12:00:00+00:00,53.5000,-4.5000,15.5669
2005-08-16T12:00:00+00:00,53.5000,-3.5000,15.6006
2005-08-16T12:00:00+00:00,52.5000,-6.5000,16.3108
2005-08-16T12:00:00+00:00,52.5000,-5.5000,15.9400
2005-08-16T12:00:00+00:00,52.5000,-4.5000,15.9249
2005-08-16T12:00:00+00:00,51.5000,-6.5000,16.5949
2005-08-16T12:00:00+00:00,51.5000,-5.5000,16.5083
2005-08-16T12:00:00+00:00,51.5000,-4.5000,16.4582
2005-08-16T12:00:00+00:00,51.5000,-3.5000,16.7765
2005-09-16T00:00:00+00:00,53.5000,-5.5000,15.4294
2005-09-16T00:00:00+00:00,53.5000,-4.5000,15.5438
2005-09-16T00:00:00+00:00,53.5000,-3.5000,15.4942
2005-09-16T00:00:00+00:00,52.5000,-6.5000,16.0413
2005-09-16T00:00:00+00:00,52.5000,-5.5000,15.8942
2005-09-16T00:00:00+00:00,52.5000,-4.5000,15.9369
2005-09-16T00:00:00+00:00,51.5000,-6.5000,16.2757
2005-09-16T00:00:00+00:00,51.5000,-5.5000,16.3232
2005-09-16T00:00:00+00:00,51.5000,-4.5000,16.3358
2005-09-16T00:00:00+00:00,51.5000,-3.5000,16.6781
2005-10-16T12:00:00+00:00,53.5000,-5.5000,14.4576
2005-10-16T12:00:00+00:00,53.5000,-4.5000,14.5778
2005-10-16T12:00:00+00:00,53.5000,-3.5000,14.6457
2005-10-16T12:00:00+00:00,52.5000,-6.5000,14.6158
2005-10-16T12:00:00+00:00,52.5000,-5.5000,14.6537
2005-10-16T12:00:00+00:00,52.5000,-4.5000,14.7888
2005-10-16T12:00:00+00:00,51.5000,-6.5000,14.7963
2005-10-16T12:00:00+00:00,51.5000,-5.5000,14.8902
2005-10-16T12:00:00+00:00,51.5000,-4.5000,15.0861
2005-10-16T12:00:00+00:00,51.5000,-3.5000,15.5153
2005-11-16T00:00:00+00:00,53.5000,-5.5000,12.8629
2005-11-16T00:00:00+00:00,53.5000,-4.5000,12.8961
2005-11-16T00:00:00+00:00,53.5000,-3.5000,12.9114
2005-11-16T00:00:00+00:00,52.5000,-6.5000,12.9231
2005-11-16T00:00:00+00:00,52.5000,-5.5000,12.9514
2005-11-16T00:00:00+00:00,52.5000,-4.5000,12.9473
2005-11-16T00:00:00+00:00,51.5000,-6.5000,12.9734
2005-11-16T00:00:00+00:00,51.5000,-5.5000,13.0893
2005-11-16T00:00:00+00:00,51.5000,-4.5000,13.1341
2005-11-16T00:00:00+00:00,51.5000,-3.5000,13.3999
2005-12-16T12:00:00+00:00,53.5000,-5.5000,11.3939
2005-12-16T12:00:00+00:00,53.5000,-4.5000,11.1876
2005-12-16T12:00:00+00:00,53.5000,-3.5000,10.8111
2005-12-16T12:00:00+00:00,52.5000,-6.5000,11.5204
2005-12-16T12:00:00+00:00,52.5000,-5.5000,11.5051
2005-12-16T12:00:00+00:00,52.5000,-4.5000,11.3871
2005-12-16T12:00:00+00:00,51.5000,-6.5000,11.5936
2005-12-16T12:00:00+00:00,51.5000,-5.5000,11.6500
2005-12-16T12:00:00+00:00,51.5000,-4.5000,11.5793
2005-12-16T12:00:00+00:00,51.5000,-3.5000,11.5302
2006-01-16T12:00:00+00:00,53.5000,-5.5000,9.6549
2006-01-16T12:00:00+00:00,53.5000,-4.5000,9.5921
2006-01-16T12:00:00+00:00,53.5000,-3.5000,9.4600
2006-01-16T12:00:00+00:00,52.5000,-6.5000,10.1703
2006-01-16T12:00:00+00:00,52.5000,-5.5000,9.9117
2006-01-16T12:00:00+00:00,52.5000,-4.5000,9.7813
2006-01-16T12:00:00+00:00,51.5000,-6.5000,10.3490
2006-01-16T12:00:00+00:00,51.5000,-5.5000,10.2502
2006-01-16T12:00:00+00:00,51.5000,-4.5000,10.0844
2006-01-16T12:00:00+00:00,51.5000,-3.5000,9.9268
2006-02-15T00:00:00+00:00,53.5000,-5.5000,8.5594
2006-02-15T00:00:00+00:00,53.5000,-4.5000,8.3243
2006-02-15T00:00:00+00:00,53.5000,-3.5000,7.8622
2006-02-15T00:00:00+00:00,52.5000,-6.5000,9.2534
2006-02-15T00:00:00+00:00,52.5000,-5.5000,8.9198
2006-02-15T00:00:00+00:00,52.5000,-4.5000,8.7289
2006-02-15T00:00:00+00:00,51.5000,-6.5000,9.4894
2006-02-15T00:00:00+00:00,51.5000,-5.5000,9.3258
2006-02-15T00:00:00+00:00,51.5000,-4.5000,9.1183
2006-02-15T00:00:00+00:00,51.5000,-3.5000,8.7963
2006-03-16T12:00:00+00:00,53.5000,-5.5000,8.2208
2006-03-16T12:00:00+00:00,53.5000,-4.5000,7.9502
2006-03-16T12:00:00+00:00,53.5000,-3.5000,7.6000
2006-03-16T12:00:00+00:00,52.5000,-6.5000,8.8142
2006-03-16T12:00:00+00:00,52.5000,-5.5000,8.3908
2006-03-16T12:00:00+00:00,52.5000,-4.5000,8.1471
2006-03-16T12:00:00+00:00,51.5000,-6.5000,9.0640
2006-03-16T12:00:00+00:00,51.5000,-5.5000,8.6952
2006-03-16T12:00:00+00:00,51.5000,-4.5000,8.4478
2006-03-16T12:00:00+00:00,51.5000,-3.5000,8.1609
2006-04-16T00:00:00+00:00,53.5000,-5.5000,8.7225
2006-04-16T00:00:00+00:00,53.5000,-4.5000,8.6544
2006-04-16T00:00:00+00:00,53.5000,-3.5000,8.5106
2006-04-16T00:00:00+00:00,52.5000,-6.5000,9.5823
2006-04-16T00:00:00+00:00,52.5000,-5.5000,9.1025
2006-04-16T00:00:00+00:00,52.5000,-4.5000,8.9554
2006-04-16T00:00:00+00:00,51.5000,-6.5000,9.8347
2006-04-16T00:00:00+00:00,51.5000,-5.5000,9.5681
2006-04-16T00:00:00+00:00,51.5000,-4.5000,9.3789
2006-04-16T00:00:00+00:00,51.5000,-3.5000,9.3052
2006-05-16T12:00:00+00:00,53.5000,-5.5000,10.3722
2006-05-16T12:00:00+00:00,53.5000,-4.5000,10.3768
2006-05-16T12:00:00+00:00,53.5000,-3.5000,10.3752
2006-05-16T12:00:00+00:00,52.5000,-6.5000,11.1479
2006-05-16T12:00:00+00:00,52.5000,-5.5000,10.7039
2006-05-16T12:00:00+00:00,52.5000,-4.5000,10.5979
2006-05-16T12:00:00+00:00,51.5000,-6.5000,11.4158
2006-05-16T12:00:00+00:00,51.5000,-5.5000,11.1459
2006-05-16T12:00:00+00:00,51.5000,-4.5000,11.0094
2006-05-16T12:00:00+00:00,51.5000,-3.5000,11.1679
2006-06-16T00:00:00+00:00,53.5000,-5.5000,13.1037
2006-06-16T00:00:00+00:00,53.5000,-4.5000,13.1700
2006-06-16T00:00:00+00:00,53.5000,-3.5000,13.0612
2006-06-16T00:00:00+00:00,52.5000,-6.5000,14.3386
2006-06-16T00:00:00+00:00,52.5000,-5.5000,13.8001
2006-06-16T00:00:00+00:00,52.5000,-4.5000,13.6904
2006-06-16T00:00:00+00:00,51.5000,-6.5000,14.5701
2006-06-16T00:00:00+00:00,51.5000,-5.5000,14.4089
2006-06-16T00:00:00+00:00,51.5000,-4.5000,14.1663
2006-06-16T00:00:00+00:00,51.5000,-3.5000,14.2132
2006-07-16T12:00:00+00:00,53.5000,-5.5000,15.1279
2006-07-16T12:00:00+00:00,53.5000,-4.5000,15.1632
2006-07-16T12:00:00+00:00,53.5000,-3.5000,14.9711
2006-07-16T12:00:00+00:00,52.5000,-6.5000,16.8038
2006-07-16T12:00:00+00:00,52.5000,-5.5000,16.0268
2006-07-16T12:00:00+00:00,52.5000,-4.5000,15.8284
2006-07-16T12:00:00+00:00,51.5000,-6.5000,17.1772
2006-07-16T12:00:00+00:00,51.5000,-5.5000,16.8420
2006-07-16T12:00:00+00:00,51.5000,-4.5000,16.4858
2006-07-16T12:00:00+00:00,51.5000,-3.5000,16.7096
2006-08-16T12:00:00+00:00,53.5000,-5.5000,15.6722
2006-08-16T12:00:00+00:00,53.5000,-4.5000,15.9435
2006-08-16T12:00:00+00:00,53.5000,-3.5000,16.1102
2006-08-16T12:00:00+00:00,52.5000,-6.5000,16.3480
2006-08-16T12:00:00+00:00,52.5000,-5.5000,16.2060
2006-08-16T12:00:00+00:00,52.5000,-4.5000,16.4008
2006-08-16T12:00:00+00:00,51.5000,-6.5000,16.6397
2006-08-16T12:00:00+00:00,51.5000,-5.5000,16.7573
2006-08-16T12:00:00+00:00,51.5000,-4.5000,16.9171
2006-08-16T12:00:00+00:00,51.5000,-3.5000,17.2047
2006-09-16T00:00:00+00:00,53.5000,-5.5000,15.7619
2006-09-16T00:00:00+00:00,53.5000,-4.5000,15.8655
2006-09-16T00:00:00+00:00,53.5000,-3.5000,15.9192
2006-09-16T00:00:00+00:00,52.5000,-6.5000,16.1826
2006-09-16T00:00:00+00:00,52.5000,-5.5000,16.0498
2006-09-16T00:00:00+00:00,52.5000,-4.5000,16.0549
2006-09-16T00:00:00+00:00,51.5000,-6.5000,16.4226
2006-09-16T00:00:00+00:00,51.5000,-5.5000,16.3994
2006-09-16T00:00:00+00:00,51.5000,-4.5000,16.3534
2006-09-16T00:00:00+00:00,51.5000,-3.5000,16.7282
2006-10-16T12:00:00+00:00,53.5000,-5.5000,15.0535
2006-10-16T12:00:00+00:00,53.5000,-4.5000,15.1405
2006-10-16T12:00:00+00:00,53.5000,-3.5000,15.1691
2006-10-16T12:00:00+00:00,52.5000,-6.5000,15.2800
2006-10-16T12:00:00+00:00,52.5000,-5.5000,15.2620
2006-10-16T12:00:00+00:00,52.5000,-4.5000,15.2595
2006-10-16T12:00:00+00:00,51.5000,-6.5000,15.3566
2006-10-16T12:00:00+00:00,51.5000,-5.5000,15.4451
2006-10-16T12:00:00+00:00,51.5000,-4.5000,15.4319
2006-10-16T12:00:00+00:00,51.5000,-3.5000,15.7514
2006-11-16T00:00:00+00:00,53.5000,-5.5000,13.1540
2006-11-16T00:00:00+00:00,53.5000,-4.5000,13.1818
2006-11-16T00:00:00+00:00,53.5000,-3.5000,12.9800
2006-11-16T00:00:00+00:00,52.5000,-6.5000,13.6165
2006-11-16T00:00:00+00:00,52.5000,-5.5000,13.5741
2006-11-16T00:00:00+00:00,52.5000,-4.5000,13.5573
2006-11-16T00:00:00+00:00,51.5000,-6.5000,13.6591
2006-11-16T00:00:00+00:00,51.5000,-5.5000,13.8692
2006-11-16T00:00:00+00:00,51.5000,-4.5000,13.8483
2006-11-16T00:00:00+00:00,51.5000,-3.5000,13.9534
2006-12-16T12:00:00+00:00,53.5000,-5.5000,11.6657
2006-12-16T12:00:00+00:00,53.5000,-4.5000,11.5478
2006-12-16T12:00:00+00:00,53.5000,-3.5000,11.2944
2006-12-16T12:00:00+00:00,52.5000,-6.5000,11.8216
2006-12-16T12:00:00+00:00,52.5000,-5.5000,11.8088
2006-12-16T12:00:00+00:00,52.5000,-4.5000,11.7692
2006-12-16T12:00:00+00:00,51.5000,-6.5000,11.9654
2006-12-16T12:00:00+00:00,51.5000,-5.5000,12.0550
2006-12-16T12:00:00+00:00,51.5000,-4.5000,12.0895
2006-12-16T12:00:00+00:00,51.5000,-3.5000,12.3470
2007-01-16T12:00:00+00:00,53.5000,-5.5000,10.2810
2007-01-16T12:00:00+00:00,53.5000,-4.5000,10.3007
2007-01-16T12:00:00+00:00,53.5000,-3.5000,10.0974
2007-01-16T12:00:00+00:00,52.5000,-6.5000,11.0523
2007-01-16T12:00:00+00:00,52.5000,-5.5000,10.8141
2007-01-16T12:00:00+00:00,52.5000,-4.5000,10.7101
2007-01-16T12:00:00+00:00,51.5000,-6.5000,11.2152
2007-01-16T12:00:00+00:00,51.5000,-5.5000,11.2563
2007-01-16T12:00:00+00:00,51.5000,-4.5000,11.0365
2007-01-16T12:00:00+00:00,51.5000,-3.5000,10.9123
2007-02-15T00:00:00+00:00,53.5000,-5.5000,9.3293
2007-02-15T00:00:00+00:00,53.5000,-4.5000,9.1854
2007-02-15T00:00:00+00:00,53.5000,-3.5000,8.7571
2007-02-15T00:00:00+00:00,52.5000,-6.5000,9.9790
2007-02-15T00:00:00+00:00,52.5000,-5.5000,9.7740
2007-02-15T00:00:00+00:00,52.5000,-4.5000,9.7072
2007-02-15T00:00:00+00:00,51.5000,-6.5000,10.2411
2007-02-15T00:00:00+00:00,51.5000,-5.5000,10.2493
2007-02-15T00:00:00+00:00,51.5000,-4.5000,10.2141
2007-02-15T00:00:00+00:00,51.5000,-3.5000,10.4713
2007-03-16T12:00:00+00:00,53.5000,-5.5000,8.9949
2007-03-16T12:00:00+00:00,53.5000,-4.5000,8.9228
2007-03-16T12:00:00+00:00,53.5000,-3.5000,8.6690
2007-03-16T12:00:00+00:00,52.5000,-6.5000,9.6694
2007-03-16T12:00:00+00:00,52.5000,-5.5000,9.3967
2007-03-16T12:00:00+00:00,52.5000,-4.5000,9.2566
2007-03-16T12:00:00+00:00,51.5000,-6.5000,9.9389
2007-03-16T12:00:00+00:00,51.5000,-5.5000,9.8875
2007-03-16T12:00:00+00:00,51.5000,-4.5000,9.6936
2007-03-16T12:00:00+00:00,51.5000,-3.5000,9.7257
2007-04-16T00:00:00+00:00,53.5000,-5.5000,10.2101
2007-04-16T00:00:00+00:00,53.5000,-4.5000,10.1843
2007-04-16T00:00:00+00:00,53.5000,-3.5000,9.9785
2007-04-16T00:00:00+00:00,52.5000,-6.5000,11.0352
2007-04-16T00:00:00+00:00,52.5000,-5.5000,10.6905
2007-04-16T00:00:00+00:00,52.5000,-4.5000,10.5297
2007-04-16T00:00:00+00:00,51.5000,-6.5000,11.2283
2007-04-16T00:00:00+00:00,51.5000,-5.5000,11.1288
2007-04-16T00:00:00+00:00,51.5000,-4.5000,10.8215
2007-04-16T00:00:00+00:00,51.5000,-3.5000,10.7566
2007-05-16T12:00:00+00:00,53.5000,-5.5000,11.4430
2007-05-16T12:00:00+00:00,53.5000,-4.5000,11.4901
2007-05-16T12:00:00+00:00,53.5000,-3.5000,11.4017
2007-05-16T12:00:00+00:00,52.5000,-6.5000,12.3102
2007-05-16T12:00:00+00:00,52.5000,-5.5000,11.9449
2007-05-16T12:00:00+00:00,52.5000,-4.5000,11.8363
2007-05-16T12:00:00+00:00,51.5000,-6.5000,12.4861
2007-05-16T12:00:00+00:00,51.5000,-5.5000,12.3971
2007-05-16T12:00:00+00:00,51.5000,-4.5000,12.1824
2007-05-16T12:00:00+00:00,51.5000,-3.5000,12.3059
2007-06-16T00:00:00+00:00,53.5000,-5.5000,13.7271
2007-06-16T00:00:00+00:00,53.5000,-4.5000,13.7177
2007-06-16T00:00:00+00:00,53.5000,-3.5000,13.4901
2007-06-16T00:00:00+00:00,52.5000,-6.5000,14.6582
2007-06-16T00:00:00+00:00,52.5000,-5.5000,14.3013
2007-06-16T00:00:00+00:00,52.5000,-4.5000,14.1874
2007-06-16T00:00:00+00:00,51.5000,-6.5000,14.8295
2007-06-16T00:00:00+00:00,51.5000,-5.5000,14.7798
2007-06-16T00:00:00+00:00,51.5000,-4.5000,14.5721
2007-06-16T00:00:00+00:00,51.5000,-3.5000,14.7182
2007-07-16T12:00:00+00:00,53.5000,-5.5000,14.2566
2007-07-16T12:00:00+00:00,53.5000,-4.5000,14.3661
2007-07-16T12:00:00+00:00,53.5000,-3.5000,14.3768
2007-07-16T12:00:00+00:00,52.5000,-6.5000,15.3525
2007-07-16T12:00:00+00:00,52.5000,-5.5000,14.8669
2007-07-16T12:00:00+00:00,52.5000,-4.5000,14.8633
2007-07-16T12:00:00+00:00,51.5000,-6.5000,15.6106
2007-07-16T12:00:00+00:00,51.5000,-5.5000,15.4599
2007-07-16T12:00:00+00:00,51.5000,-4.5000,15.4427
2007-07-16T12:00:00+00:00,51.5000,-3.5000,15.7317
2007-08-16T12:00:00+00:00,53.5000,-5.5000,15.6634
2007-08-16T12:00:00+00:00,53.5000,-4.5000,15.6881
2007-08-16T12:00:00+00:00,53.5000,-3.5000,15.5669
2007-08-16T12:00:00+00:00,52.5000,-6.5000,16.4289
2007-08-16T12:00:00+00:00,52.5000,-5.5000,16.1257
2007-08-16T12:00:00+00:00,52.5000,-4.5000,16.0956
2007-08-16T12:00:00+00:00,51.5000,-6.5000,16.6591
2007-08-16T12:00:00+00:00,51.5000,-5.5000,16.5777
2007-08-16T12:00:00+00:00,51.5000,-4.5000,16.5199
2007-08-16T12:00:00+00:00,51.5000,-3.5000,16.7898
2007-09-16T00:00:00+00:00,53.5000,-5.5000,15.4560
2007-09-16T00:00:00+00:00,53.5000,-4.5000,15.4890
2007-09-16T00:00:00+00:00,53.5000,-3.5000,15.3643
2007-09-16T00:00:00+00:00,52.5000,-6.5000,15.9303
2007-09-16T00:00:00+00:00,52.5000,-5.5000,15.8165
2007-09-16T00:00:00+00:00,52.5000,-4.5000,15.8326
2007-09-16T00:00:00+00:00,51.5000,-6.5000,16.1122
2007-09-16T00:00:00+00:00,51.5000,-5.5000,16.1869
2007-09-16T00:00:00+00:00,51.5000,-4.5000,16.2067
2007-09-16T00:00:00+00:00,51.5000,-3.5000,16.4235
2007-10-16T12:00:00+00:00,53.5000,-5.5000,14.3485
2007-10-16T12:00:00+00:00,53.5000,-4.5000,14.4836
2007-10-16T12:00:00+00:00,53.5000,-3.5000,14.5262
2007-10-16T12:00:00+00:00,52.5000,-6.5000,14.7129
2007-10-16T12:00:00+00:00,52.5000,-5.5000,14.6663
2007-10-16T12:00:00+00:00,52.5000,-4.5000,14.7242
2007-10-16T12:00:00+00:00,51.5000,-6.5000,14.8150
2007-10-16T12:00:00+00:00,51.5000,-5.5000,14.9435
2007-10-16T12:00:00+00:00,51.5000,-4.5000,14.9990
2007-10-16T12:00:00+00:00,51.5000,-3.5000,15.1773
2007-11-16T00:00:00+00:00,53.5000,-5.5000,13.1343
2007-11-16T00:00:00+00:00,53.5000,-4.5000,13.1089
2007-11-16T00:00:00+00:00,53.5000,-3.5000,12.9946
2007-11-16T00:00:00+00:00,52.5000,-6.5000,13.4307
2007-11-16T00:00:00+00:00,52.5000,-5.5000,13.3402
2007-11-16T00:00:00+00:00,52.5000,-4.5000,13.3368
2007-11-16T00:00:00+00:00,51.5000,-6.5000,13.4937
2007-11-16T00:00:00+00:00,51.5000,-5.5000,13.4936
2007-11-16T00:00:00+00:00,51.5000,-4.5000,13.5454
2007-11-16T00:00:00+00:00,51.5000,-3.5000,13.7534
2007-12-16T12:00:00+00:00,53.5000,-5.5000,11.1322
2007-12-16T12:00:00+00:00,53.5000,-4.5000,11.0267
2007-12-16T12:00:00+00:00,53.5000,-3.5000,10.8912
2007-12-16T12:00:00+00:00,52.5000,-6.5000,11.4588
2007-12-16T12:00:00+00:00,52.5000,-5.5000,11.2569
2007-12-16T12:00:00+00:00,52.5000,-4.5000,11.1566
2007-12-16T12:00:00+00:00,51.5000,-6.5000,11.6188
2007-12-16T12:00:00+00:00,51.5000,-5.5000,11.5109
2007-12-16T12:00:00+00:00,51.5000,-4.5000,11.4650
2007-12-16T12:00:00+00:00,51.5000,-3.5000,11.7441
2008-01-16T12:00:00+00:00,53.5000,-5.5000,10.2466
2008-01-16T12:00:00+00:00,53.5000,-4.5000,10.0544
2008-01-16T12:00:00+00:00,53.5000,-3.5000,9.7947
2008-01-16T12:00:00+00:00,52.5000,-6.5000,10.5429
2008-01-16T12:00:00+00:00,52.5000,-5.5000,10.3443
2008-01-16T12:00:00+00:00,52.5000,-4.5000,10.1889
2008-01-16T12:00:00+00:00,51.5000,-6.5000,10.7474
2008-01-16T12:00:00+00:00,51.5000,-5.5000,10.6083
2008-01-16T12:00:00+00:00,51.5000,-4.5000,10.4638
2008-01-16T12:00:00+00:00,51.5000,-3.5000,10.5616
2008-02-15T12:00:00+00:00,53.5000,-5.5000,8.7923
2008-02-15T12:00:00+00:00,53.5000,-4.5000,8.7561
2008-02-15T12:00:00+00:00,53.5000,-3.5000,8.5847
2008-02-15T12:00:00+00:00,52.5000,-6.5000,9.8953
2008-02-15T12:00:00+00:00,52.5000,-5.5000,9.3436
2008-02-15T12:00:00+00:00,52.5000,-4.5000,9.1372
2008-02-15T12:00:00+00:00,51.5000,-6.5000,10.1327
2008-02-15T12:00:00+00:00,51.5000,-5.5000,9.8681
2008-02-15T12:00:00+00:00,51.5000,-4.5000,9.5764
2008-02-15T12:00:00+00:00,51.5000,-3.5000,9.5104
2008-03-16T12:00:00+00:00,53.5000,-5.5000,8.7630
2008-03-16T12:00:00+00:00,53.5000,-4.5000,8.6681
2008-03-16T12:00:00+00:00,53.5000,-3.5000,8.5605
2008-03-16T12:00:00+00:00,52.5000,-6.5000,9.2926
2008-03-16T12:00:00+00:00,52.5000,-5.5000,8.9517
2008-03-16T12:00:00+00:00,52.5000,-4.5000,8.8179
2008-03-16T12:00:00+00:00,51.5000,-6.5000,9.6079
2008-03-16T12:00:00+00:00,51.5000,-5.5000,9.3667
2008-03-16T12:00:00+00:00,51.5000,-4.5000,9.2253
2008-03-16T12:00:00+00:00,51.5000,-3.5000,9.5404
2008-04-16T00:00:00+00:00,53.5000,-5.5000,8.9198
2008-04-16T00:00:00+00:00,53.5000,-4.5000,8.9534
2008-04-16T00:00:00+00:00,53.5000,-3.5000,8.9759
2008-04-16T00:00:00+00:00,52.5000,-6.5000,9.7374
2008-04-16T00:00:00+00:00,52.5000,-5.5000,9.2866
2008-04-16T00:00:00+00:00,52.5000,-4.5000,9.2147
2008-04-16T00:00:00+00:00,51.5000,-6.5000,10.0263
2008-04-16T00:00:00+00:00,51.5000,-5.5000,9.7753
2008-04-16T00:00:00+00:00,51.5000,-4.5000,9.6839
2008-04-16T00:00:00+00:00,51.5000,-3.5000,10.0290
2008-05-16T12:00:00+00:00,53.5000,-5.5000,11.0899
2008-05-16T12:00:00+00:00,53.5000,-4.5000,11.1446
2008-05-16T12:00:00+00:00,53.5000,-3.5000,11.1880
2008-05-16T12:00:00+00:00,52.5000,-6.5000,11.7886
2008-05-16T12:00:00+00:00,52.5000,-5.5000,11.4255
2008-05-16T12:00:00+00:00,52.5000,-4.5000,11.3245
2008-05-16T12:00:00+00:00,51.5000,-6.5000,12.0691
2008-05-16T12:00:00+00:00,51.5000,-5.5000,11.8905
2008-05-16T12:00:00+00:00,51.5000,-4.5000,11.7030
2008-05-16T12:00:00+00:00,51.5000,-3.5000,11.9139
2008-06-16T00:00:00+00:00,53.5000,-5.5000,13.1241
2008-06-16T00:00:00+00:00,53.5000,-4.5000,13.2105
2008-06-16T00:00:00+00:00,53.5000,-3.5000,13.1001
2008-06-16T00:00:00+00:00,52.5000,-6.5000,13.8229
2008-06-16T00:00:00+00:00,52.5000,-5.5000,13.6463
2008-06-16T00:00:00+00:00,52.5000,-4.5000,13.7690
2008-06-16T00:00:00+00:00,51.5000,-6.5000,14.1890
2008-06-16T00:00:00+00:00,51.5000,-5.5000,14.2551
2008-06-16T00:00:00+00:00,51.5000,-4.5000,14.3669
2008-06-16T00:00:00+00:00,51.5000,-3.5000,14.5539
2008-07-16T12:00:00+00:00,53.5000,-5.5000,14.4009
2008-07-16T12:00:00+00:00,53.5000,-4.5000,14.5047
2008-07-16T12:00:00+00:00,53.5000,-3.5000,14.4459
2008-07-16T12:00:00+00:00,52.5000,-6.5000,15.3089
2008-07-16T12:00:00+00:00,52.5000,-5.5000,14.9908
2008-07-16T12:00:00+00:00,52.5000,-4.5000,15.0390
2008-07-16T12:00:00+00:00,51.5000,-6.5000,15.5794
2008-07-16T12:00:00+00:00,51.5000,-5.5000,15.5834
2008-07-16T12:00:00+00:00,51.5000,-4.5000,15.6250
2008-07-16T12:00:00+00:00,51.5000,-3.5000,15.8804
2008-08-16T12:00:00+00:00,53.5000,-5.5000,15.4480
2008-08-16T12:00:00+00:00,53.5000,-4.5000,15.5264
2008-08-16T12:00:00+00:00,53.5000,-3.5000,15.4584
2008-08-16T12:00:00+00:00,52.5000,-6.5000,16.0883
2008-08-16T12:00:00+00:00,52.5000,-5.5000,15.8938
2008-08-16T12:00:00+00:00,52.5000,-4.5000,15.9774
2008-08-16T12:00:00+00:00,51.5000,-6.5000,16.2831
2008-08-16T12:00:00+00:00,51.5000,-5.5000,16.3113
2008-08-16T12:00:00+00:00,51.5000,-4.5000,16.4202
2008-08-16T12:00:00+00:00,51.5000,-3.5000,16.6711
2008-09-16T00:00:00+00:00,53.5000,-5.5000,15.1778
2008-09-16T00:00:00+00:00,53.5000,-4.5000,15.2404
2008-09-16T00:00:00+00:00,53.5000,-3.5000,15.2469
2008-09-16T00:00:00+00:00,52.5000,-6.5000,15.4883
2008-09-16T00:00:00+00:00,52.5000,-5.5000,15.4056
2008-09-16T00:00:00+00:00,52.5000,-4.5000,15.4471
2008-09-16T00:00:00+00:00,51.5000,-6.5000,15.6043
2008-09-16T00:00:00+00:00,51.5000,-5.5000,15.6019
2008-09-16T00:00:00+00:00,51.5000,-4.5000,15.6582
2008-09-16T00:00:00+00:00,51.5000,-3.5000,15.9074
2008-10-16T12:00:00+00:00,53.5000,-5.5000,13.9743
2008-10-16T12:00:00+00:00,53.5000,-4.5000,14.0563
2008-10-16T12:00:00+00:00,53.5000,-3.5000,14.1126
2008-10-16T12:00:00+00:00,52.5000,-6.5000,13.8967
2008-10-16T12:00:00+00:00,52.5000,-5.5000,14.0360
2008-10-16T12:00:00+00:00,52.5000,-4.5000,14.1468
2008-10-16T12:00:00+00:00,51.5000,-6.5000,13.9449
2008-10-16T12:00:00+00:00,51.5000,-5.5000,14.1248
2008-10-16T12:00:00+00:00,51.5000,-4.5000,14.3209
2008-10-16T12:00:00+00:00,51.5000,-3.5000,14.5105
2008-11-16T00:00:00+00:00,53.5000,-5.5000,12.3012
2008-11-16T00:00:00+00:00,53.5000,-4.5000,12.2595
2008-11-16T00:00:00+00:00,53.5000,-3.5000,12.1694
2008-11-16T00:00:00+00:00,52.5000,-6.5000,12.0827
2008-11-16T00:00:00+00:00,52.5000,-5.5000,12.2668
2008-11-16T00:00:00+00:00,52.5000,-4.5000,12.3225
2008-11-16T00:00:00+00:00,51.5000,-6.5000,12.1227
2008-11-16T00:00:00+00:00,51.5000,-5.5000,12.3114
2008-11-16T00:00:00+00:00,51.5000,-4.5000,12.4808
2008-11-16T00:00:00+00:00,51.5000,-3.5000,12.5716
2008-12-16T12:00:00+00:00,53.5000,-5.5000,10.5641
2008-12-16T12:00:00+00:00,53.5000,-4.5000,10.4399
2008-12-16T12:00:00+00:00,53.5000,-3.5000,10.2135
2008-12-16T12:00:00+00:00,52.5000,-6.5000,10.6828
2008-12-16T12:00:00+00:00,52.5000,-5.5000,10.6610
2008-12-16T12:00:00+00:00,52.5000,-4.5000,10.6182
2008-12-16T12:00:00+00:00,51.5000,-6.5000,10.8159
2008-12-16T12:00:00+00:00,51.5000,-5.5000,10.8539
2008-12-16T12:00:00+00:00,51.5000,-4.5000,10.8767
2008-12-16T12:00:00+00:00,51.5000,-3.5000,10.7872
2009-01-16T12:00:00+00:00,53.5000,-5.5000,9.4455
2009-01-16T12:00:00+00:00,53.5000,-4.5000,9.2960
2009-01-16T12:00:00+00:00,53.5000,-3.5000,9.0990
2009-01-16T12:00:00+00:00,52.5000,-6.5000,9.7559
2009-01-16T12:00:00+00:00,52.5000,-5.5000,9.5559
2009-01-16T12:00:00+00:00,52.5000,-4.5000,9.4177
2009-01-16T12:00:00+00:00,51.5000,-6.5000,9.9159
2009-01-16T12:00:00+00:00,51.5000,-5.5000,9.7794
2009-01-16T12:00:00+00:00,51.5000,-4.5000,9.6458
2009-01-16T12:00:00+00:00,51.5000,-3.5000,9.4136
2009-02-15T00:00:00+00:00,53.5000,-5.5000,8.5130
2009-02-15T00:00:00+00:00,53.5000,-4.5000,8.3195
2009-02-15T00:00:00+00:00,53.5000,-3.5000,8.0335
2009-02-15T00:00:00+00:00,52.5000,-6.5000,9.0035
2009-02-15T00:00:00+00:00,52.5000,-5.5000,8.7044
2009-02-15T00:00:00+00:00,52.5000,-4.5000,8.5261
2009-02-15T00:00:00+00:00,51.5000,-6.5000,9.2597
2009-02-15T00:00:00+00:00,51.5000,-5.5000,9.0492
2009-02-15T00:00:00+00:00,51.5000,-4.5000,8.8435
2009-02-15T00:00:00+00:00,51.5000,-3.5000,8.5906
2009-03-16T12:00:00+00:00,53.5000,-5.5000,8.4914
2009-03-16T12:00:00+00:00,53.5000,-4.5000,8.3903
2009-03-16T12:00:00+00:00,53.5000,-3.5000,8.3287
2009-03-16T12:00:00+00:00,52.5000,-6.5000,8.9495
2009-03-16T12:00:00+00:00,52.5000,-5.5000,8.6046
2009-03-16T12:00:00+00:00,52.5000,-4.5000,8.4663
2009-03-16T12:00:00+00:00,51.5000,-6.5000,9.2153
2009-03-16T12:00:00+00:00,51.5000,-5.5000,8.9326
2009-03-16T12:00:00+00:00,51.5000,-4.5000,8.7924
2009-03-16T12:00:00+00:00,51.5000,-3.5000,9.0607
2009-04-16T00:00:00+00:00,53.5000,-5.5000,9.5032
2009-04-16T00:00:00+00:00,53.5000,-4.5000,9.4145
2009-04-16T00:00:00+00:00,53.5000,-3.5000,9.2889
2009-04-16T00:00:00+00:00,52.5000,-6.5000,9.9599
2009-04-16T00:00:00+00:00,52.5000,-5.5000,9.6846
2009-04-16T00:00:00+00:00,52.5000,-4.5000,9.5857
2009-04-16T00:00:00+00:00,51.5000,-6.5000,10.2020
2009-04-16T00:00:00+00:00,51.5000,-5.5000,10.0527
2009-04-16T00:00:00+00:00,51.5000,-4.5000,9.9470
2009-04-16T00:00:00+00:00,51.5000,-3.5000,10.0904
2009-05-16T12:00:00+00:00,53.5000,-5.5000,10.2835
2009-05-16T12:00:00+00:00,53.5000,-4.5000,10.3388
2009-05-16T12:00:00+00:00,53.5000,-3.5000,10.3741
2009-05-16T12:00:00+00:00,52.5000,-6.5000,11.0529
2009-05-16T12:00:00+00:00,52.5000,-5.5000,10.6537
2009-05-16T12:00:00+00:00,52.5000,-4.5000,10.6192
2009-05-16T12:00:00+00:00,51.5000,-6.5000,11.2955
2009-05-16T12:00:00+00:00,51.5000,-5.5000,11.1010
2009-05-16T12:00:00+00:00,51.5000,-4.5000,11.0554
2009-05-16T12:00:00+00:00,51.5000,-3.5000,11.3109
2009-06-16T00:00:00+00:00,53.5000,-5.5000,12.8970
2009-06-16T00:00:00+00:00,53.5000,-4.5000,12.9752
2009-06-16T00:00:00+00:00,53.5000,-3.5000,12.9833
2009-06-16T00:00:00+00:00,52.5000,-6.5000,14.1984
2009-06-16T00:00:00+00:00,52.5000,-5.5000,13.5355
2009-06-16T00:00:00+00:00,52.5000,-4.5000,13.3863
2009-06-16T00:00:00+00:00,51.5000,-6.5000,14.5162
2009-06-16T00:00:00+00:00,51.5000,-5.5000,14.1699
2009-06-16T00:00:00+00:00,51.5000,-4.5000,13.8829
2009-06-16T00:00:00+00:00,51.5000,-3.5000,14.0937
2009-07-16T12:00:00+00:00,53.5000,-5.5000,14.9215
2009-07-16T12:00:00+00:00,53.5000,-4.5000,15.0681
2009-07-16T12:00:00+00:00,53.5000,-3.5000,15.1202
2009-07-16T12:00:00+00:00,52.5000,-6.5000,15.8813
2009-07-16T12:00:00+00:00,52.5000,-5.5000,15.4972
2009-07-16T12:00:00+00:00,52.5000,-4.5000,15.4723
2009-07-16T12:00:00+00:00,51.5000,-6.5000,16.2216
2009-07-16T12:00:00+00:00,51.5000,-5.5000,16.0943
2009-07-16T12:00:00+00:00,51.5000,-4.5000,15.9245
2009-07-16T12:00:00+00:00,51.5000,-3.5000,16.1673
2009-08-16T12:00:00+00:00,53.5000,-5.5000,15.6698
2009-08-16T12:00:00+00:00,53.5000,-4.5000,15.7704
2009-08-16T12:00:00+00:00,53.5000,-3.5000,15.8224
2009-08-16T12:00:00+00:00,52.5000,-6.5000,16.2608
2009-08-16T12:00:00+00:00,52.5000,-5.5000,16.0257
2009-08-16T12:00:00+00:00,52.5000,-4.5000,16.0365
2009-08-16T12:00:00+00:00,51.5000,-6.5000,16.5438
2009-08-16T12:00:00+00:00,51.5000,-5.5000,16.4539
2009-08-16T12:00:00+00:00,51.5000,-4.5000,16.4033
2009-08-16T12:00:00+00:00,51.5000,-3.5000,16.7545
2009-09-16T00:00:00+00:00,53.5000,-5.5000,15.3727
2009-09-16T00:00:00+00:00,53.5000,-4.5000,15.4437
2009-09-16T00:00:00+00:00,53.5000,-3.5000,15.4244
2009-09-16T00:00:00+00:00,52.5000,-6.5000,15.5024
2009-09-16T00:00:00+00:00,52.5000,-5.5000,15.5657
2009-09-16T00:00:00+00:00,52.5000,-4.5000,15.6530
2009-09-16T00:00:00+00:00,51.5000,-6.5000,15.7166
2009-09-16T00:00:00+00:00,51.5000,-5.5000,15.8238
2009-09-16T00:00:00+00:00,51.5000,-4.5000,15.8958
2009-09-16T00:00:00+00:00,51.5000,-3.5000,16.1047
2009-10-16T12:00:00+00:00,53.5000,-5.5000,14.3849
2009-10-16T12:00:00+00:00,53.5000,-4.5000,14.4633
2009-10-16T12:00:00+00:00,53.5000,-3.5000,14.4086
2009-10-16T12:00:00+00:00,52.5000,-6.5000,14.8685
2009-10-16T12:00:00+00:00,52.5000,-5.5000,14.7504
2009-10-16T12:00:00+00:00,52.5000,-4.5000,14.7955
2009-10-16T12:00:00+00:00,51.5000,-6.5000,14.9763
2009-10-16T12:00:00+00:00,51.5000,-5.5000,15.0109
2009-10-16T12:00:00+00:00,51.5000,-4.5000,15.0871
2009-10-16T12:00:00+00:00,51.5000,-3.5000,15.4013
2009-11-16T00:00:00+00:00,53.5000,-5.5000,13.0213
2009-11-16T00:00:00+00:00,53.5000,-4.5000,12.8830
2009-11-16T00:00:00+00:00,53.5000,-3.5000,12.6796
2009-11-16T00:00:00+00:00,52.5000,-6.5000,12.6430
2009-11-16T00:00:00+00:00,52.5000,-5.5000,12.8851
2009-11-16T00:00:00+00:00,52.5000,-4.5000,12.8759
2009-11-16T00:00:00+00:00,51.5000,-6.5000,12.6648
2009-11-16T00:00:00+00:00,51.5000,-5.5000,12.8622
2009-11-16T00:00:00+00:00,51.5000,-4.5000,12.9639
2009-11-16T00:00:00+00:00,51.5000,-3.5000,13.1288
2009-12-16T12:00:00+00:00,53.5000,-5.5000,10.6260
2009-12-16T12:00:00+00:00,53.5000,-4.5000,10.3574
2009-12-16T12:00:00+00:00,53.5000,-3.5000,9.9190
2009-12-16T12:00:00+00:00,52.5000,-6.5000,10.9979
2009-12-16T12:00:00+00:00,52.5000,-5.5000,10.7947
2009-12-16T12:00:00+00:00,52.5000,-4.5000,10.6287
2009-12-16T12:00:00+00:00,51.5000,-6.5000,11.1321
2009-12-16T12:00:00+00:00,51.5000,-5.5000,11.0505
2009-12-16T12:00:00+00:00,51.5000,-4.5000,10.9805
2009-12-16T12:00:00+00:00,51.5000,-3.5000,11.2099
2010-01-16T12:00:00+00:00,53.5000,-5.5000,8.5746
2010-01-16T12:00:00+00:00,53.5000,-4.5000,8.6373
2010-01-16T12:00:00+00:00,53.5000,-3.5000,8.6615
2010-01-16T12:00:00+00:00,52.5000,-6.5000,9.3708
2010-01-16T12:00:00+00:00,52.5000,-5.5000,8.9837
2010-01-16T12:00:00+00:00,52.5000,-4.5000,8.9124
2010-01-16T12:00:00+00:00,51.5000,-6.5000,9.6049
2010-01-16T12:00:00+00:00,51.5000,-5.5000,9.4146
2010-01-16T12:00:00+00:00,51.5000,-4.5000,9.2695
2010-01-16T12:00:00+00:00,51.5000,-3.5000,9.4009
2010-02-15T00:00:00+00:00,53.5000,-5.5000,7.9450
2010-02-15T00:00:00+00:00,53.5000,-4.5000,7.8815
2010-02-15T00:00:00+00:00,53.5000,-3.5000,7.7554
2010-02-15T00:00:00+00:00,52.5000,-6.5000,8.6665
2010-02-15T00:00:00+00:00,52.5000,-5.5000,8.2731
2010-02-15T00:00:00+00:00,52.5000,-4.5000,8.1503
2010-02-15T00:00:00+00:00,51.5000,-6.5000,8.9529
2010-02-15T00:00:00+00:00,51.5000,-5.5000,8.7000
2010-02-15T00:00:00+00:00,51.5000,-4.5000,8.5303
2010-02-15T00:00:00+00:00,51.5000,-3.5000,8.2510
2010-03-16T12:00:00+00:00,53.5000,-5.5000,7.7667
2010-03-16T12:00:00+00:00,53.5000,-4.5000,7.5614
2010-03-16T12:00:00+00:00,53.5000,-3.5000,7.2718
2010-03-16T12:00:00+00:00,52.5000,-6.5000,8.3887
2010-03-16T12:00:00+00:00,52.5000,-5.5000,7.9891
2010-03-16T12:00:00+00:00,52.5000,-4.5000,7.8109
2010-03-16T12:00:00+00:00,51.5000,-6.5000,8.6891
2010-03-16T12:00:00+00:00,51.5000,-5.5000,8.4023
2010-03-16T12:00:00+00:00,51.5000,-4.5000,8.2272
2010-03-16T12:00:00+00:00,51.5000,-3.5000,7.9957
2010-04-16T00:00:00+00:00,53.5000,-5.5000,8.8907
2010-04-16T00:00:00+00:00,53.5000,-4.5000,8.8542
2010-04-16T00:00:00+00:00,53.5000,-3.5000,8.8038
2010-04-16T00:00:00+00:00,52.5000,-6.5000,9.2928
2010-04-16T00:00:00+00:00,52.5000,-5.5000,9.0614
2010-04-16T00:00:00+00:00,52.5000,-4.5000,8.9918
2010-04-16T00:00:00+00:00,51.5000,-6.5000,9.5550
2010-04-16T00:00:00+00:00,51.5000,-5.5000,9.4287
2010-04-16T00:00:00+00:00,51.5000,-4.5000,9.3336
2010-04-16T00:00:00+00:00,51.5000,-3.5000,9.3252
2010-05-16T12:00:00+00:00,53.5000,-5.5000,10.3383
2010-05-16T12:00:00+00:00,53.5000,-4.5000,10.3901
2010-05-16T12:00:00+00:00,53.5000,-3.5000,10.3937
2010-05-16T12:00:00+00:00,52.5000,-6.5000,11.2719
2010-05-16T12:00:00+00:00,52.5000,-5.5000,10.7932
2010-05-16T12:00:00+00:00,52.5000,-4.5000,10.7044
2010-05-16T12:00:00+00:00,51.5000,-6.5000,11.4780
2010-05-16T12:00:00+00:00,51.5000,-5.5000,11.2066
2010-05-16T12:00:00+00:00,51.5000,-4.5000,11.0402
2010-05-16T12:00:00+00:00,51.5000,-3.5000,11.0587
2010-06-16T00:00:00+00:00,53.5000,-5.5000,13.0773
2010-06-16T00:00:00+00:00,53.5000,-4.5000,13.0850
2010-06-16T00:00:00+00:00,53.5000,-3.5000,12.9923
2010-06-16T00:00:00+00:00,52.5000,-6.5000,14.2679
2010-06-16T00:00:00+00:00,52.5000,-5.5000,13.6594
2010-06-16T00:00:00+00:00,52.5000,-4.5000,13.4912
2010-06-16T00:00:00+00:00,51.5000,-6.5000,14.5357
2010-06-16T00:00:00+00:00,51.5000,-5.5000,14.1829
2010-06-16T00:00:00+00:00,51.5000,-4.5000,13.8847
2010-06-16T00:00:00+00:00,51.5000,-3.5000,13.9498
2010-07-16T12:00:00+00:00,53.5000,-5.5000,14.7089
2010-07-16T12:00:00+00:00,53.5000,-4.5000,14.7554
2010-07-16T12:00:00+00:00,53.5000,-3.5000,14.6321
2010-07-16T12:00:00+00:00,52.5000,-6.5000,16.0995
2010-07-16T12:00:00+00:00,52.5000,-5.5000,15.4561
2010-07-16T12:00:00+00:00,52.5000,-4.5000,15.3252
2010-07-16T12:00:00+00:00,51.5000,-6.5000,16.4607
2010-07-16T12:00:00+00:00,51.5000,-5.5000,16.1840
2010-07-16T12:00:00+00:00,51.5000,-4.5000,15.9475
2010-07-16T12:00:00+00:00,51.5000,-3.5000,16.1907
2010-08-16T12:00:00+00:00,53.5000,-5.5000,15.7288
2010-08-16T12:00:00+00:00,53.5000,-4.5000,15.8726
2010-08-16T12:00:00+00:00,53.5000,-3.5000,16.0044
2010-08-16T12:00:00+00:00,52.5000,-6.5000,15.9714
2010-08-16T12:00:00+00:00,52.5000,-5.5000,15.9454
2010-08-16T12:00:00+00:00,52.5000,-4.5000,16.0776
2010-08-16T12:00:00+00:00,51.5000,-6.5000,16.1903
2010-08-16T12:00:00+00:00,51.5000,-5.5000,16.2804
2010-08-16T12:00:00+00:00,51.5000,-4.5000,16.4157
2010-08-16T12:00:00+00:00,51.5000,-3.5000,16.6308
2010-09-16T00:00:00+00:00,53.5000,-5.5000,15.2778
2010-09-16T00:00:00+00:00,53.5000,-4.5000,15.4271
2010-09-16T00:00:00+00:00,53.5000,-3.5000,15.5205
2010-09-16T00:00:00+00:00,52.5000,-6.5000,15.5768
2010-09-16T00:00:00+00:00,52.5000,-5.5000,15.5505
2010-09-16T00:00:00+00:00,52.5000,-4.5000,15.6424
2010-09-16T00:00:00+00:00,51.5000,-6.5000,15.6936
2010-09-16T00:00:00+00:00,51.5000,-5.5000,15.7790
2010-09-16T00:00:00+00:00,51.5000,-4.5000,15.8583
2010-09-16T00:00:00+00:00,51.5000,-3.5000,16.0565
2010-10-16T12:00:00+00:00,53.5000,-5.5000,14.2766
2010-10-16T12:00:00+00:00,53.5000,-4.5000,14.2406
2010-10-16T12:00:00+00:00,53.5000,-3.5000,14.1273
2010-10-16T12:00:00+00:00,52.5000,-6.5000,14.4190
2010-10-16T12:00:00+00:00,52.5000,-5.5000,14.3990
2010-10-16T12:00:00+00:00,52.5000,-4.5000,14.3940
2010-10-16T12:00:00+00:00,51.5000,-6.5000,14.4900
2010-10-16T12:00:00+00:00,51.5000,-5.5000,14.5240
2010-10-16T12:00:00+00:00,51.5000,-4.5000,14.5724
2010-10-16T12:00:00+00:00,51.5000,-3.5000,14.6833
2010-11-16T00:00:00+00:00,53.5000,-5.5000,12.2943
2010-11-16T00:00:00+00:00,53.5000,-4.5000,12.2669
2010-11-16T00:00:00+00:00,53.5000,-3.5000,12.1399
2010-11-16T00:00:00+00:00,52.5000,-6.5000,12.3460
2010-11-16T00:00:00+00:00,52.5000,-5.5000,12.4147
2010-11-16T00:00:00+00:00,52.5000,-4.5000,12.4457
2010-11-16T00:00:00+00:00,51.5000,-6.5000,12.3942
2010-11-16T00:00:00+00:00,51.5000,-5.5000,12.5719
2010-11-16T00:00:00+00:00,51.5000,-4.5000,12.7002
2010-11-16T00:00:00+00:00,51.5000,-3.5000,12.7728
2010-12-16T12:00:00+00:00,53.5000,-5.5000,10.2724
2010-12-16T12:00:00+00:00,53.5000,-4.5000,9.9018
2010-12-16T12:00:00+00:00,53.5000,-3.5000,9.4090
2010-12-16T12:00:00+00:00,52.5000,-6.5000,10.2697
2010-12-16T12:00:00+00:00,52.5000,-5.5000,10.1992
2010-12-16T12:00:00+00:00,52.5000,-4.5000,10.0545
2010-12-16T12:00:00+00:00,51.5000,-6.5000,10.3786
2010-12-16T12:00:00+00:00,51.5000,-5.5000,10.3437
2010-12-16T12:00:00+00:00,51.5000,-4.5000,10.3867
2010-12-16T12:00:00+00:00,51.5000,-3.5000,10.2124
2011-01-16T12:00:00+00:00,53.5000,-5.5000,8.5691
2011-01-16T12:00:00+00:00,53.5000,-4.5000,8.4589
2011-01-16T12:00:00+00:00,53.5000,-3.5000,8.1960
2011-01-16T12:00:00+00:00,52.5000,-6.5000,9.2260
2011-01-16T12:00:00+00:00,52.5000,-5.5000,8.9242
2011-01-16T12:00:00+00:00,52.5000,-4.5000,8.8019
2011-01-16T12:00:00+00:00,51.5000,-6.5000,9.4684
2011-01-16T12:00:00+00:00,51.5000,-5.5000,9.3557
2011-01-16T12:00:00+00:00,51.5000,-4.5000,9.2327
2011-01-16T12:00:00+00:00,51.5000,-3.5000,9.4431
2011-02-15T00:00:00+00:00,53.5000,-5.5000,8.2995
2011-02-15T00:00:00+00:00,53.5000,-4.5000,8.2251
2011-02-15T00:00:00+00:00,53.5000,-3.5000,8.0494
2011-02-15T00:00:00+00:00,52.5000,-6.5000,8.8400
2011-02-15T00:00:00+00:00,52.5000,-5.5000,8.5854
2011-02-15T00:00:00+00:00,52.5000,-4.5000,8.5001
2011-02-15T00:00:00+00:00,51.5000,-6.5000,9.0968
2011-02-15T00:00:00+00:00,51.5000,-5.5000,8.9616
2011-02-15T00:00:00+00:00,51.5000,-4.5000,8.8666
2011-02-15T00:00:00+00:00,51.5000,-3.5000,9.0942
2011-03-16T12:00:00+00:00,53.5000,-5.5000,7.9684
2011-03-16T12:00:00+00:00,53.5000,-4.5000,7.8720
2011-03-16T12:00:00+00:00,53.5000,-3.5000,7.5866
2011-03-16T12:00:00+00:00,52.5000,-6.5000,8.7759
2011-03-16T12:00:00+00:00,52.5000,-5.5000,8.4133
2011-03-16T12:00:00+00:00,52.5000,-4.5000,8.2977
2011-03-16T12:00:00+00:00,51.5000,-6.5000,9.0734
2011-03-16T12:00:00+00:00,51.5000,-5.5000,8.9415
2011-03-16T12:00:00+00:00,51.5000,-4.5000,8.8022
2011-03-16T12:00:00+00:00,51.5000,-3.5000,8.6647
2011-04-16T00:00:00+00:00,53.5000,-5.5000,9.5885
2011-04-16T00:00:00+00:00,53.5000,-4.5000,9.5293
2011-04-16T00:00:00+00:00,53.5000,-3.5000,9.3434
2011-04-16T00:00:00+00:00,52.5000,-6.5000,10.4506
2011-04-16T00:00:00+00:00,52.5000,-5.5000,10.0181
2011-04-16T00:00:00+00:00,52.5000,-4.5000,9.9501
2011-04-16T00:00:00+00:00,51.5000,-6.5000,10.6924
2011-04-16T00:00:00+00:00,51.5000,-5.5000,10.4992
2011-04-16T00:00:00+00:00,51.5000,-4.5000,10.4474
2011-04-16T00:00:00+00:00,51.5000,-3.5000,10.6855
2011-05-16T12:00:00+00:00,53.5000,-5.5000,11.1198
2011-05-16T12:00:00+00:00,53.5000,-4.5000,11.1452
2011-05-16T12:00:00+00:00,53.5000,-3.5000,11.1040
2011-05-16T12:00:00+00:00,52.5000,-6.5000,11.9057
2011-05-16T12:00:00+00:00,52.5000,-5.5000,11.5193
2011-05-16T12:00:00+00:00,52.5000,-4.5000,11.4041
2011-05-16T12:00:00+00:00,51.5000,-6.5000,12.1815
2011-05-16T12:00:00+00:00,51.5000,-5.5000,12.0316
2011-05-16T12:00:00+00:00,51.5000,-4.5000,11.8335
2011-05-16T12:00:00+00:00,51.5000,-3.5000,12.0031
2011-06-16T00:00:00+00:00,53.5000,-5.5000,12.2208
2011-06-16T00:00:00+00:00,53.5000,-4.5000,12.3109
2011-06-16T00:00:00+00:00,53.5000,-3.5000,12.1256
2011-06-16T00:00:00+00:00,52.5000,-6.5000,13.2495
2011-06-16T00:00:00+00:00,52.5000,-5.5000,12.9380
2011-06-16T00:00:00+00:00,52.5000,-4.5000,13.0184
2011-06-16T00:00:00+00:00,51.5000,-6.5000,13.5324
2011-06-16T00:00:00+00:00,51.5000,-5.5000,13.5566
2011-06-16T00:00:00+00:00,51.5000,-4.5000,13.6168
2011-06-16T00:00:00+00:00,51.5000,-3.5000,13.7943
2011-07-16T12:00:00+00:00,53.5000,-5.5000,14.5697
2011-07-16T12:00:00+00:00,53.5000,-4.5000,14.7167
2011-07-16T12:00:00+00:00,53.5000,-3.5000,14.8203
2011-07-16T12:00:00+00:00,52.5000,-6.5000,15.2183
2011-07-16T12:00:00+00:00,52.5000,-5.5000,14.9834
2011-07-16T12:00:00+00:00,52.5000,-4.5000,15.0232
2011-07-16T12:00:00+00:00,51.5000,-6.5000,15.4228
2011-07-16T12:00:00+00:00,51.5000,-5.5000,15.4138
2011-07-16T12:00:00+00:00,51.5000,-4.5000,15.3992
2011-07-16T12:00:00+00:00,51.5000,-3.5000,15.7106
2011-08-16T12:00:00+00:00,53.5000,-5.5000,15.1850
2011-08-16T12:00:00+00:00,53.5000,-4.5000,15.2724
2011-08-16T12:00:00+00:00,53.5000,-3.5000,15.2519
2011-08-16T12:00:00+00:00,52.5000,-6.5000,15.6182
2011-08-16T12:00:00+00:00,52.5000,-5.5000,15.5241
2011-08-16T12:00:00+00:00,52.5000,-4.5000,15.6157
2011-08-16T12:00:00+00:00,51.5000,-6.5000,15.9230
2011-08-16T12:00:00+00:00,51.5000,-5.5000,15.9903
2011-08-16T12:00:00+00:00,51.5000,-4.5000,16.0942
2011-08-16T12:00:00+00:00,51.5000,-3.5000,16.4068
2011-09-16T00:00:00+00:00,53.5000,-5.5000,14.8598
2011-09-16T00:00:00+00:00,53.5000,-4.5000,14.9620
2011-09-16T00:00:00+00:00,53.5000,-3.5000,14.9215
2011-09-16T00:00:00+00:00,52.5000,-6.5000,15.0799
2011-09-16T00:00:00+00:00,52.5000,-5.5000,15.1501
2011-09-16T00:00:00+00:00,52.5000,-4.5000,15.2931
2011-09-16T00:00:00+00:00,51.5000,-6.5000,15.2621
2011-09-16T00:00:00+00:00,51.5000,-5.5000,15.3958
2011-09-16T00:00:00+00:00,51.5000,-4.5000,15.5704
2011-09-16T00:00:00+00:00,51.5000,-3.5000,15.8294
2011-10-16T12:00:00+00:00,53.5000,-5.5000,14.2569
2011-10-16T12:00:00+00:00,53.5000,-4.5000,14.2968
2011-10-16T12:00:00+00:00,53.5000,-3.5000,14.2331
2011-10-16T12:00:00+00:00,52.5000,-6.5000,14.4299
2011-10-16T12:00:00+00:00,52.5000,-5.5000,14.4567
2011-10-16T12:00:00+00:00,52.5000,-4.5000,14.5055
2011-10-16T12:00:00+00:00,51.5000,-6.5000,14.5273
2011-10-16T12:00:00+00:00,51.5000,-5.5000,14.6662
2011-10-16T12:00:00+00:00,51.5000,-4.5000,14.7737
2011-10-16T12:00:00+00:00,51.5000,-3.5000,14.9834
2011-11-16T00:00:00+00:00,53.5000,-5.5000,13.4039
2011-11-16T00:00:00+00:00,53.5000,-4.5000,13.3556
2011-11-16T00:00:00+00:00,53.5000,-3.5000,13.1634
2011-11-16T00:00:00+00:00,52.5000,-6.5000,13.3771
2011-11-16T00:00:00+00:00,52.5000,-5.5000,13.5205
2011-11-16T00:00:00+00:00,52.5000,-4.5000,13.5049
2011-11-16T00:00:00+00:00,51.5000,-6.5000,13.4067
2011-11-16T00:00:00+00:00,51.5000,-5.5000,13.6537
2011-11-16T00:00:00+00:00,51.5000,-4.5000,13.6821
2011-11-16T00:00:00+00:00,51.5000,-3.5000,13.7988
2011-12-16T12:00:00+00:00,53.5000,-5.5000,10.8828
2011-12-16T12:00:00+00:00,53.5000,-4.5000,10.8708
2011-12-16T12:00:00+00:00,53.5000,-3.5000,10.6695
2011-12-16T12:00:00+00:00,52.5000,-6.5000,11.3683
2011-12-16T12:00:00+00:00,52.5000,-5.5000,11.2580
2011-12-16T12:00:00+00:00,52.5000,-4.5000,11.2597
2011-12-16T12:00:00+00:00,51.5000,-6.5000,11.5047
2011-12-16T12:00:00+00:00,51.5000,-5.5000,11.6075
2011-12-16T12:00:00+00:00,51.5000,-4.5000,11.6475
2011-12-16T12:00:00+00:00,51.5000,-3.5000,11.8928
2012-01-16T12:00:00+00:00,53.5000,-5.5000,9.4721
2012-01-16T12:00:00+00:00,53.5000,-4.5000,9.3186
2012-01-16T12:00:00+00:00,53.5000,-3.5000,9.0318
2012-01-16T12:00:00+00:00,52.5000,-6.5000,10.2649
2012-01-16T12:00:00+00:00,52.5000,-5.5000,9.8376
2012-01-16T12:00:00+00:00,52.5000,-4.5000,9.6323
2012-01-16T12:00:00+00:00,51.5000,-6.5000,10.5270
2012-01-16T12:00:00+00:00,51.5000,-5.5000,10.3433
2012-01-16T12:00:00+00:00,51.5000,-4.5000,10.1573
2012-01-16T12:00:00+00:00,51.5000,-3.5000,10.1625
2012-02-15T12:00:00+00:00,53.5000,-5.5000,8.3865
2012-02-15T12:00:00+00:00,53.5000,-4.5000,8.3097
2012-02-15T12:00:00+00:00,53.5000,-3.5000,8.0389
2012-02-15T12:00:00+00:00,52.5000,-6.5000,9.3814
2012-02-15T12:00:00+00:00,52.5000,-5.5000,8.9237
2012-02-15T12:00:00+00:00,52.5000,-4.5000,8.7654
2012-02-15T12:00:00+00:00,51.5000,-6.5000,9.6910
2012-02-15T12:00:00+00:00,51.5000,-5.5000,9.4874
2012-02-15T12:00:00+00:00,51.5000,-4.5000,9.2695
2012-02-15T12:00:00+00:00,51.5000,-3.5000,9.1074
2012-03-16T12:00:00+00:00,53.5000,-5.5000,8.7184
2012-03-16T12:00:00+00:00,53.5000,-4.5000,8.5711
2012-03-16T12:00:00+00:00,53.5000,-3.5000,8.3230
2012-03-16T12:00:00+00:00,52.5000,-6.5000,9.5574
2012-03-16T12:00:00+00:00,52.5000,-5.5000,9.0707
2012-03-16T12:00:00+00:00,52.5000,-4.5000,8.8633
2012-03-16T12:00:00+00:00,51.5000,-6.5000,9.8504
2012-03-16T12:00:00+00:00,51.5000,-5.5000,9.5966
2012-03-16T12:00:00+00:00,51.5000,-4.5000,9.3785
2012-03-16T12:00:00+00:00,51.5000,-3.5000,9.6506
2012-04-16T00:00:00+00:00,53.5000,-5.5000,9.0983
2012-04-16T00:00:00+00:00,53.5000,-4.5000,9.0444
2012-04-16T00:00:00+00:00,53.5000,-3.5000,8.8313
2012-04-16T00:00:00+00:00,52.5000,-6.5000,9.8553
2012-04-16T00:00:00+00:00,52.5000,-5.5000,9.5190
2012-04-16T00:00:00+00:00,52.5000,-4.5000,9.4152
2012-04-16T00:00:00+00:00,51.5000,-6.5000,10.1101
2012-04-16T00:00:00+00:00,51.5000,-5.5000,10.0049
2012-04-16T00:00:00+00:00,51.5000,-4.5000,9.8697
2012-04-16T00:00:00+00:00,51.5000,-3.5000,9.9048
2012-05-16T12:00:00+00:00,53.5000,-5.5000,10.5361
2012-05-16T12:00:00+00:00,53.5000,-4.5000,10.5887
2012-05-16T12:00:00+00:00,53.5000,-3.5000,10.5625
2012-05-16T12:00:00+00:00,52.5000,-6.5000,11.1748
2012-05-16T12:00:00+00:00,52.5000,-5.5000,10.9053
2012-05-16T12:00:00+00:00,52.5000,-4.5000,10.9151
2012-05-16T12:00:00+00:00,51.5000,-6.5000,11.3966
2012-05-16T12:00:00+00:00,51.5000,-5.5000,11.3317
2012-05-16T12:00:00+00:00,51.5000,-4.5000,11.3457
2012-05-16T12:00:00+00:00,51.5000,-3.5000,11.5875
2012-06-16T00:00:00+00:00,53.5000,-5.5000,12.5239
2012-06-16T00:00:00+00:00,53.5000,-4.5000,12.5487
2012-06-16T00:00:00+00:00,53.5000,-3.5000,12.5848
2012-06-16T00:00:00+00:00,52.5000,-6.5000,13.2344
2012-06-16T00:00:00+00:00,52.5000,-5.5000,12.8371
2012-06-16T00:00:00+00:00,52.5000,-4.5000,12.7654
2012-06-16T00:00:00+00:00,51.5000,-6.5000,13.5345
2012-06-16T00:00:00+00:00,51.5000,-5.5000,13.2898
2012-06-16T00:00:00+00:00,51.5000,-4.5000,13.1840
2012-06-16T00:00:00+00:00,51.5000,-3.5000,13.4868
2012-07-16T12:00:00+00:00,53.5000,-5.5000,13.9096
2012-07-16T12:00:00+00:00,53.5000,-4.5000,13.9709
2012-07-16T12:00:00+00:00,53.5000,-3.5000,13.9088
2012-07-16T12:00:00+00:00,52.5000,-6.5000,14.9521
2012-07-16T12:00:00+00:00,52.5000,-5.5000,14.4929
2012-07-16T12:00:00+00:00,52.5000,-4.5000,14.4820
2012-07-16T12:00:00+00:00,51.5000,-6.5000,15.2492
2012-07-16T12:00:00+00:00,51.5000,-5.5000,15.0373
2012-07-16T12:00:00+00:00,51.5000,-4.5000,14.9942
2012-07-16T12:00:00+00:00,51.5000,-3.5000,15.2037
2012-08-16T12:00:00+00:00,53.5000,-5.5000,15.4105
2012-08-16T12:00:00+00:00,53.5000,-4.5000,15.5113
2012-08-16T12:00:00+00:00,53.5000,-3.5000,15.5057
2012-08-16T12:00:00+00:00,52.5000,-6.5000,16.5287
2012-08-16T12:00:00+00:00,52.5000,-5.5000,16.0168
2012-08-16T12:00:00+00:00,52.5000,-4.5000,15.9974
2012-08-16T12:00:00+00:00,51.5000,-6.5000,16.7147
2012-08-16T12:00:00+00:00,51.5000,-5.5000,16.4902
2012-08-16T12:00:00+00:00,51.5000,-4.5000,16.4293
2012-08-16T12:00:00+00:00,51.5000,-3.5000,16.5897
2012-09-16T00:00:00+00:00,53.5000,-5.5000,15.0560
2012-09-16T00:00:00+00:00,53.5000,-4.5000,15.1576
2012-09-16T00:00:00+00:00,53.5000,-3.5000,15.1147
2012-09-16T00:00:00+00:00,52.5000,-6.5000,15.5046
2012-09-16T00:00:00+00:00,52.5000,-5.5000,15.4345
2012-09-16T00:00:00+00:00,52.5000,-4.5000,15.5180
2012-09-16T00:00:00+00:00,51.5000,-6.5000,15.6778
2012-09-16T00:00:00+00:00,51.5000,-5.5000,15.7203
2012-09-16T00:00:00+00:00,51.5000,-4.5000,15.7904
2012-09-16T00:00:00+00:00,51.5000,-3.5000,15.9434
2012-10-16T12:00:00+00:00,53.5000,-5.5000,13.6731
2012-10-16T12:00:00+00:00,53.5000,-4.5000,13.7011
2012-10-16T12:00:00+00:00,53.5000,-3.5000,13.6360
2012-10-16T12:00:00+00:00,52.5000,-6.5000,13.7968
2012-10-16T12:00:00+00:00,52.5000,-5.5000,13.8385
2012-10-16T12:00:00+00:00,52.5000,-4.5000,13.9245
2012-10-16T12:00:00+00:00,51.5000,-6.5000,13.9631
2012-10-16T12:00:00+00:00,51.5000,-5.5000,14.0549
2012-10-16T12:00:00+00:00,51.5000,-4.5000,14.2279
2012-10-16T12:00:00+00:00,51.5000,-3.5000,14.6599
2012-11-16T00:00:00+00:00,53.5000,-5.5000,11.9088
2012-11-16T00:00:00+00:00,53.5000,-4.5000,11.8496
2012-11-16T00:00:00+00:00,53.5000,-3.5000,11.6443
2012-11-16T00:00:00+00:00,52.5000,-6.5000,11.9826
2012-11-16T00:00:00+00:00,52.5000,-5.5000,12.0594
2012-11-16T00:00:00+00:00,52.5000,-4.5000,12.1047
2012-11-16T00:00:00+00:00,51.5000,-6.5000,12.0782
2012-11-16T00:00:00+00:00,51.5000,-5.5000,12.2443
2012-11-16T00:00:00+00:00,51.5000,-4.5000,12.3978
2012-11-16T00:00:00+00:00,51.5000,-3.5000,12.7187
2012-12-16T12:00:00+00:00,53.5000,-5.5000,9.9505
2012-12-16T12:00:00+00:00,53.5000,-4.5000,9.8002
2012-12-16T12:00:00+00:00,53.5000,-3.5000,9.4715
2012-12-16T12:00:00+00:00,52.5000,-6.5000,10.5595
2012-12-16T12:00:00+00:00,52.5000,-5.5000,10.2845
2012-12-16T12:00:00+00:00,52.5000,-4.5000,10.1949
2012-12-16T12:00:00+00:00,51.5000,-6.5000,10.7975
2012-12-16T12:00:00+00:00,51.5000,-5.5000,10.7413
2012-12-16T12:00:00+00:00,51.5000,-4.5000,10.7501
2012-12-16T12:00:00+00:00,51.5000,-3.5000,10.7340
2013-01-16T12:00:00+00:00,53.5000,-5.5000,8.8157
2013-01-16T12:00:00+00:00,53.5000,-4.5000,8.7083
2013-01-16T12:00:00+00:00,53.5000,-3.5000,8.2759
2013-01-16T12:00:00+00:00,52.5000,-6.5000,9.8280
2013-01-16T12:00:00+00:00,52.5000,-5.5000,9.4555
2013-01-16T12:00:00+00:00,52.5000,-4.5000,9.3508
2013-01-16T12:00:00+00:00,51.5000,-6.5000,10.1060
2013-01-16T12:00:00+00:00,51.5000,-5.5000,10.0600
2013-01-16T12:00:00+00:00,51.5000,-4.5000,9.9355
2013-01-16T12:00:00+00:00,51.5000,-3.5000,10.0854
2013-02-15T00:00:00+00:00,53.5000,-5.5000,7.8133
2013-02-15T00:00:00+00:00,53.5000,-4.5000,7.5865
2013-02-15T00:00:00+00:00,53.5000,-3.5000,7.1094
2013-02-15T00:00:00+00:00,52.5000,-6.5000,8.8898
2013-02-15T00:00:00+00:00,52.5000,-5.5000,8.3441
2013-02-15T00:00:00+00:00,52.5000,-4.5000,8.1151
2013-02-15T00:00:00+00:00,51.5000,-6.5000,9.2321
2013-02-15T00:00:00+00:00,51.5000,-5.5000,8.9694
2013-02-15T00:00:00+00:00,51.5000,-4.5000,8.7369
2013-02-15T00:00:00+00:00,51.5000,-3.5000,8.9721
2013-03-16T12:00:00+00:00,53.5000,-5.5000,7.5628
2013-03-16T12:00:00+00:00,53.5000,-4.5000,7.2876
2013-03-16T12:00:00+00:00,53.5000,-3.5000,6.8859
2013-03-16T12:00:00+00:00,52.5000,-6.5000,8.3563
2013-03-16T12:00:00+00:00,52.5000,-5.5000,7.8465
2013-03-16T12:00:00+00:00,52.5000,-4.5000,7.5734
2013-03-16T12:00:00+00:00,51.5000,-6.5000,8.6999
2013-03-16T12:00:00+00:00,51.5000,-5.5000,8.3731
2013-03-16T12:00:00+00:00,51.5000,-4.5000,8.1068
2013-03-16T12:00:00+00:00,51.5000,-3.5000,8.3559
2013-04-16T00:00:00+00:00,53.5000,-5.5000,7.9242
2013-04-16T00:00:00+00:00,53.5000,-4.5000,7.8582
2013-04-16T00:00:00+00:00,53.5000,-3.5000,7.7685
2013-04-16T00:00:00+00:00,52.5000,-6.5000,8.4565
2013-04-16T00:00:00+00:00,52.5000,-5.5000,8.1361
2013-04-16T00:00:00+00:00,52.5000,-4.5000,8.0249
2013-04-16T00:00:00+00:00,51.5000,-6.5000,8.8483
2013-04-16T00:00:00+00:00,51.5000,-5.5000,8.6086
2013-04-16T00:00:00+00:00,51.5000,-4.5000,8.4409
2013-04-16T00:00:00+00:00,51.5000,-3.5000,8.6276
2013-05-16T12:00:00+00:00,53.5000,-5.5000,9.7091
2013-05-16T12:00:00+00:00,53.5000,-4.5000,9.6317
2013-05-16T12:00:00+00:00,53.5000,-3.5000,9.4714
2013-05-16T12:00:00+00:00,52.5000,-6.5000,10.2781
2013-05-16T12:00:00+00:00,52.5000,-5.5000,9.9811
2013-05-16T12:00:00+00:00,52.5000,-4.5000,9.9006
2013-05-16T12:00:00+00:00,51.5000,-6.5000,10.5130
2013-05-16T12:00:00+00:00,51.5000,-5.5000,10.3224
2013-05-16T12:00:00+00:00,51.5000,-4.5000,10.2379
2013-05-16T12:00:00+00:00,51.5000,-3.5000,10.3845
2013-06-16T00:00:00+00:00,53.5000,-5.5000,11.8863
2013-06-16T00:00:00+00:00,53.5000,-4.5000,12.0570
2013-06-16T00:00:00+00:00,53.5000,-3.5000,12.1879
2013-06-16T00:00:00+00:00,52.5000,-6.5000,12.9205
2013-06-16T00:00:00+00:00,52.5000,-5.5000,12.4499
2013-06-16T00:00:00+00:00,52.5000,-4.5000,12.4463
2013-06-16T00:00:00+00:00,51.5000,-6.5000,13.0130
2013-06-16T00:00:00+00:00,51.5000,-5.5000,12.8548
2013-06-16T00:00:00+00:00,51.5000,-4.5000,12.7829
2013-06-16T00:00:00+00:00,51.5000,-3.5000,12.8112
2013-07-16T12:00:00+00:00,53.5000,-5.5000,14.7677
2013-07-16T12:00:00+00:00,53.5000,-4.5000,14.8051
2013-07-16T12:00:00+00:00,53.5000,-3.5000,14.7113
2013-07-16T12:00:00+00:00,52.5000,-6.5000,15.7799
2013-07-16T12:00:00+00:00,52.5000,-5.5000,15.3326
2013-07-16T12:00:00+00:00,52.5000,-4.5000,15.2542
2013-07-16T12:00:00+00:00,51.5000,-6.5000,16.1243
2013-07-16T12:00:00+00:00,51.5000,-5.5000,15.9042
2013-07-16T12:00:00+00:00,51.5000,-4.5000,15.7041
2013-07-16T12:00:00+00:00,51.5000,-3.5000,15.7695
2013-08-16T12:00:00+00:00,53.5000,-5.5000,15.9842
2013-08-16T12:00:00+00:00,53.5000,-4.5000,16.0293
2013-08-16T12:00:00+00:00,53.5000,-3.5000,15.9491
2013-08-16T12:00:00+00:00,52.5000,-6.5000,16.9500
2013-08-16T12:00:00+00:00,52.5000,-5.5000,16.5168
2013-08-16T12:00:00+00:00,52.5000,-4.5000,16.4866
2013-08-16T12:00:00+00:00,51.5000,-6.5000,17.3239
2013-08-16T12:00:00+00:00,51.5000,-5.5000,17.0704
2013-08-16T12:00:00+00:00,51.5000,-4.5000,16.9591
2013-08-16T12:00:00+00:00,51.5000,-3.5000,17.0865
2013-09-16T00:00:00+00:00,53.5000,-5.5000,14.8840
2013-09-16T00:00:00+00:00,53.5000,-4.5000,15.0601
2013-09-16T00:00:00+00:00,53.5000,-3.5000,15.2522
2013-09-16T00:00:00+00:00,52.5000,-6.5000,15.0927
2013-09-16T00:00:00+00:00,52.5000,-5.5000,15.0761
2013-09-16T00:00:00+00:00,52.5000,-4.5000,15.2156
2013-09-16T00:00:00+00:00,51.5000,-6.5000,15.3653
2013-09-16T00:00:00+00:00,51.5000,-5.5000,15.3442
2013-09-16T00:00:00+00:00,51.5000,-4.5000,15.4849
2013-09-16T00:00:00+00:00,51.5000,-3.5000,15.8800
2013-10-16T12:00:00+00:00,53.5000,-5.5000,14.6139
2013-10-16T12:00:00+00:00,53.5000,-4.5000,14.6031
2013-10-16T12:00:00+00:00,53.5000,-3.5000,14.4733
2013-10-16T12:00:00+00:00,52.5000,-6.5000,14.9205
2013-10-16T12:00:00+00:00,52.5000,-5.5000,14.8491
2013-10-16T12:00:00+00:00,52.5000,-4.5000,14.8927
2013-10-16T12:00:00+00:00,51.5000,-6.5000,15.0575
2013-10-16T12:00:00+00:00,51.5000,-5.5000,15.0736
2013-10-16T12:00:00+00:00,51.5000,-4.5000,15.1873
2013-10-16T12:00:00+00:00,51.5000,-3.5000,15.4825
2013-11-16T00:00:00+00:00,53.5000,-5.5000,12.3350
2013-11-16T00:00:00+00:00,53.5000,-4.5000,12.3081
2013-11-16T00:00:00+00:00,53.5000,-3.5000,12.1481
2013-11-16T00:00:00+00:00,52.5000,-6.5000,12.5940
2013-11-16T00:00:00+00:00,52.5000,-5.5000,12.5636
2013-11-16T00:00:00+00:00,52.5000,-4.5000,12.6199
2013-11-16T00:00:00+00:00,51.5000,-6.5000,12.6873
2013-11-16T00:00:00+00:00,51.5000,-5.5000,12.8028
2013-11-16T00:00:00+00:00,51.5000,-4.5000,12.9813
2013-11-16T00:00:00+00:00,51.5000,-3.5000,13.3669
2013-12-16T12:00:00+00:00,53.5000,-5.5000,10.7715
2013-12-16T12:00:00+00:00,53.5000,-4.5000,10.5956
2013-12-16T12:00:00+00:00,53.5000,-3.5000,10.2009
2013-12-16T12:00:00+00:00,52.5000,-6.5000,11.2025
2013-12-16T12:00:00+00:00,52.5000,-5.5000,11.0576
2013-12-16T12:00:00+00:00,52.5000,-4.5000,10.9553
2013-12-16T12:00:00+00:00,51.5000,-6.5000,11.3306
2013-12-16T12:00:00+00:00,51.5000,-5.5000,11.3594
2013-12-16T12:00:00+00:00,51.5000,-4.5000,11.3151
2013-12-16T12:00:00+00:00,51.5000,-3.5000,11.2435
2014-01-16T12:00:00+00:00,53.5000,-5.5000,9.3172
2014-01-16T12:00:00+00:00,53.5000,-4.5000,9.3544
2014-01-16T12:00:00+00:00,53.5000,-3.5000,9.2500
2014-01-16T12:00:00+00:00,52.5000,-6.5000,10.1479
2014-01-16T12:00:00+00:00,52.5000,-5.5000,9.8133
2014-01-16T12:00:00+00:00,52.5000,-4.5000,9.7595
2014-01-16T12:00:00+00:00,51.5000,-6.5000,10.3616
2014-01-16T12:00:00+00:00,51.5000,-5.5000,10.2877
2014-01-16T12:00:00+00:00,51.5000,-4.5000,10.1965
2014-01-16T12:00:00+00:00,51.5000,-3.5000,10.4018
2014-02-15T00:00:00+00:00,53.5000,-5.5000,8.2434
2014-02-15T00:00:00+00:00,53.5000,-4.5000,8.0698
2014-02-15T00:00:00+00:00,53.5000,-3.5000,7.7061
2014-02-15T00:00:00+00:00,52.5000,-6.5000,9.0757
2014-02-15T00:00:00+00:00,52.5000,-5.5000,8.6601
2014-02-15T00:00:00+00:00,52.5000,-4.5000,8.5319
2014-02-15T00:00:00+00:00,51.5000,-6.5000,9.3310
2014-02-15T00:00:00+00:00,51.5000,-5.5000,9.1686
2014-02-15T00:00:00+00:00,51.5000,-4.5000,9.1357
2014-02-15T00:00:00+00:00,51.5000,-3.5000,9.6299
2014-03-16T12:00:00+00:00,53.5000,-5.5000,8.2751
2014-03-16T12:00:00+00:00,53.5000,-4.5000,8.1055
2014-03-16T12:00:00+00:00,53.5000,-3.5000,7.8355
2014-03-16T12:00:00+00:00,52.5000,-6.5000,9.0025
2014-03-16T12:00:00+00:00,52.5000,-5.5000,8.5716
2014-03-16T12:00:00+00:00,52.5000,-4.5000,8.3877
2014-03-16T12:00:00+00:00,51.5000,-6.5000,9.3012
2014-03-16T12:00:00+00:00,51.5000,-5.5000,9.0251
2014-03-16T12:00:00+00:00,51.5000,-4.5000,8.8717
2014-03-16T12:00:00+00:00,51.5000,-3.5000,9.2909
2014-04-16T00:00:00+00:00,53.5000,-5.5000,9.6243
2014-04-16T00:00:00+00:00,53.5000,-4.5000,9.5991
2014-04-16T00:00:00+00:00,53.5000,-3.5000,9.5834
2014-04-16T00:00:00+00:00,52.5000,-6.5000,10.0392
2014-04-16T00:00:00+00:00,52.5000,-5.5000,9.7865
2014-04-16T00:00:00+00:00,52.5000,-4.5000,9.6652
2014-04-16T00:00:00+00:00,51.5000,-6.5000,10.3241
2014-04-16T00:00:00+00:00,51.5000,-5.5000,10.1806
2014-04-16T00:00:00+00:00,51.5000,-4.5000,9.9960
2014-04-16T00:00:00+00:00,51.5000,-3.5000,10.1787
2014-05-16T12:00:00+00:00,53.5000,-5.5000,11.3896
2014-05-16T12:00:00+00:00,53.5000,-4.5000,11.4384
2014-05-16T12:00:00+00:00,53.5000,-3.5000,11.3814
2014-05-16T12:00:00+00:00,52.5000,-6.5000,11.9826
2014-05-16T12:00:00+00:00,52.5000,-5.5000,11.7625
2014-05-16T12:00:00+00:00,52.5000,-4.5000,11.7932
2014-05-16T12:00:00+00:00,51.5000,-6.5000,12.1637
2014-05-16T12:00:00+00:00,51.5000,-5.5000,12.1568
2014-05-16T12:00:00+00:00,51.5000,-4.5000,12.1880
2014-05-16T12:00:00+00:00,51.5000,-3.5000,12.3202
2014-06-16T00:00:00+00:00,53.5000,-5.5000,13.5798
2014-06-16T00:00:00+00:00,53.5000,-4.5000,13.5476
2014-06-16T00:00:00+00:00,53.5000,-3.5000,13.3556
2014-06-16T00:00:00+00:00,52.5000,-6.5000,14.4526
2014-06-16T00:00:00+00:00,52.5000,-5.5000,14.0688
2014-06-16T00:00:00+00:00,52.5000,-4.5000,14.0370
2014-06-16T00:00:00+00:00,51.5000,-6.5000,14.8102
2014-06-16T00:00:00+00:00,51.5000,-5.5000,14.6980
2014-06-16T00:00:00+00:00,51.5000,-4.5000,14.6881
2014-06-16T00:00:00+00:00,51.5000,-3.5000,15.0077
2014-07-16T12:00:00+00:00,53.5000,-5.5000,15.4524
2014-07-16T12:00:00+00:00,53.5000,-4.5000,15.3798
2014-07-16T12:00:00+00:00,53.5000,-3.5000,15.0603
2014-07-16T12:00:00+00:00,52.5000,-6.5000,17.0735
2014-07-16T12:00:00+00:00,52.5000,-5.5000,16.2855
2014-07-16T12:00:00+00:00,52.5000,-4.5000,16.1223
2014-07-16T12:00:00+00:00,51.5000,-6.5000,17.4099
2014-07-16T12:00:00+00:00,51.5000,-5.5000,17.0762
2014-07-16T12:00:00+00:00,51.5000,-4.5000,16.8708
2014-07-16T12:00:00+00:00,51.5000,-3.5000,16.9745
2014-08-16T12:00:00+00:00,53.5000,-5.5000,15.8058
2014-08-16T12:00:00+00:00,53.5000,-4.5000,15.8055
2014-08-16T12:00:00+00:00,53.5000,-3.5000,15.6110
2014-08-16T12:00:00+00:00,52.5000,-6.5000,17.0943
2014-08-16T12:00:00+00:00,52.5000,-5.5000,16.4946
2014-08-16T12:00:00+00:00,52.5000,-4.5000,16.4106
2014-08-16T12:00:00+00:00,51.5000,-6.5000,17.2916
2014-08-16T12:00:00+00:00,51.5000,-5.5000,17.0255
2014-08-16T12:00:00+00:00,51.5000,-4.5000,16.9030
2014-08-16T12:00:00+00:00,51.5000,-3.5000,16.9830
2014-09-16T00:00:00+00:00,53.5000,-5.5000,15.9676
2014-09-16T00:00:00+00:00,53.5000,-4.5000,16.1287
2014-09-16T00:00:00+00:00,53.5000,-3.5000,16.1499
2014-09-16T00:00:00+00:00,52.5000,-6.5000,16.6658
2014-09-16T00:00:00+00:00,52.5000,-5.5000,16.4711
2014-09-16T00:00:00+00:00,52.5000,-4.5000,16.5819
2014-09-16T00:00:00+00:00,51.5000,-6.5000,16.7791
2014-09-16T00:00:00+00:00,51.5000,-5.5000,16.7776
2014-09-16T00:00:00+00:00,51.5000,-4.5000,16.9007
2014-09-16T00:00:00+00:00,51.5000,-3.5000,17.1827
2014-10-16T12:00:00+00:00,53.5000,-5.5000,14.5025
2014-10-16T12:00:00+00:00,53.5000,-4.5000,14.5529
2014-10-16T12:00:00+00:00,53.5000,-3.5000,14.5013
2014-10-16T12:00:00+00:00,52.5000,-6.5000,14.9915
2014-10-16T12:00:00+00:00,52.5000,-5.5000,14.8276
2014-10-16T12:00:00+00:00,52.5000,-4.5000,14.8011
2014-10-16T12:00:00+00:00,51.5000,-6.5000,15.0878
2014-10-16T12:00:00+00:00,51.5000,-5.5000,15.1110
2014-10-16T12:00:00+00:00,51.5000,-4.5000,15.0917
2014-10-16T12:00:00+00:00,51.5000,-3.5000,15.3447
2014-11-16T00:00:00+00:00,53.5000,-5.5000,13.4598
2014-11-16T00:00:00+00:00,53.5000,-4.5000,13.4424
2014-11-16T00:00:00+00:00,53.5000,-3.5000,13.4087
2014-11-16T00:00:00+00:00,52.5000,-6.5000,13.3729
2014-11-16T00:00:00+00:00,52.5000,-5.5000,13.4618
2014-11-16T00:00:00+00:00,52.5000,-4.5000,13.5059
2014-11-16T00:00:00+00:00,51.5000,-6.5000,13.3714
2014-11-16T00:00:00+00:00,51.5000,-5.5000,13.5096
2014-11-16T00:00:00+00:00,51.5000,-4.5000,13.6756
2014-11-16T00:00:00+00:00,51.5000,-3.5000,14.0146
2014-12-16T12:00:00+00:00,53.5000,-5.5000,11.1994
2014-12-16T12:00:00+00:00,53.5000,-4.5000,11.1256
2014-12-16T12:00:00+00:00,53.5000,-3.5000,10.9436
2014-12-16T12:00:00+00:00,52.5000,-6.5000,11.4386
2014-12-16T12:00:00+00:00,52.5000,-5.5000,11.3761
2014-12-16T12:00:00+00:00,52.5000,-4.5000,11.3026
2014-12-16T12:00:00+00:00,51.5000,-6.5000,11.5861
2014-12-16T12:00:00+00:00,51.5000,-5.5000,11.6629
2014-12-16T12:00:00+00:00,51.5000,-4.5000,11.6340
2014-12-16T12:00:00+00:00,51.5000,-3.5000,11.7181
2015-01-16T12:00:00+00:00,53.5000,-5.5000,9.5320
2015-01-16T12:00:00+00:00,53.5000,-4.5000,9.4657
2015-01-16T12:00:00+00:00,53.5000,-3.5000,9.2475
2015-01-16T12:00:00+00:00,52.5000,-6.5000,10.2853
2015-01-16T12:00:00+00:00,52.5000,-5.5000,9.9483
2015-01-16T12:00:00+00:00,52.5000,-4.5000,9.8100
2015-01-16T12:00:00+00:00,51.5000,-6.5000,10.5353
2015-01-16T12:00:00+00:00,51.5000,-5.5000,10.4415
2015-01-16T12:00:00+00:00,51.5000,-4.5000,10.2774
2015-01-16T12:00:00+00:00,51.5000,-3.5000,10.2221
2015-02-15T00:00:00+00:00,53.5000,-5.5000,8.0704
2015-02-15T00:00:00+00:00,53.5000,-4.5000,7.9059
2015-02-15T00:00:00+00:00,53.5000,-3.5000,7.4868
2015-02-15T00:00:00+00:00,52.5000,-6.5000,9.0726
2015-02-15T00:00:00+00:00,52.5000,-5.5000,8.6123
2015-02-15T00:00:00+00:00,52.5000,-4.5000,8.4890
2015-02-15T00:00:00+00:00,51.5000,-6.5000,9.3222
2015-02-15T00:00:00+00:00,51.5000,-5.5000,9.1797
2015-02-15T00:00:00+00:00,51.5000,-4.5000,9.1278
2015-02-15T00:00:00+00:00,51.5000,-3.5000,9.5151
2015-03-16T12:00:00+00:00,53.5000,-5.5000,8.0673
2015-03-16T12:00:00+00:00,53.5000,-4.5000,8.0515
2015-03-16T12:00:00+00:00,53.5000,-3.5000,7.9132
2015-03-16T12:00:00+00:00,52.5000,-6.5000,8.9084
2015-03-16T12:00:00+00:00,52.5000,-5.5000,8.5140
2015-03-16T12:00:00+00:00,52.5000,-4.5000,8.4280
2015-03-16T12:00:00+00:00,51.5000,-6.5000,9.1758
2015-03-16T12:00:00+00:00,51.5000,-5.5000,9.0458
2015-03-16T12:00:00+00:00,51.5000,-4.5000,8.9438
2015-03-16T12:00:00+00:00,51.5000,-3.5000,9.2428
2015-04-16T00:00:00+00:00,53.5000,-5.5000,9.1028
2015-04-16T00:00:00+00:00,53.5000,-4.5000,9.0023
2015-04-16T00:00:00+00:00,53.5000,-3.5000,8.7820
2015-04-16T00:00:00+00:00,52.5000,-6.5000,9.9362
2015-04-16T00:00:00+00:00,52.5000,-5.5000,9.4920
2015-04-16T00:00:00+00:00,52.5000,-4.5000,9.3702
2015-04-16T00:00:00+00:00,51.5000,-6.5000,10.1722
2015-04-16T00:00:00+00:00,51.5000,-5.5000,9.9438
2015-04-16T00:00:00+00:00,51.5000,-4.5000,9.8381
2015-04-16T00:00:00+00:00,51.5000,-3.5000,10.1066
2015-05-16T12:00:00+00:00,53.5000,-5.5000,10.1040
2015-05-16T12:00:00+00:00,53.5000,-4.5000,10.1116
2015-05-16T12:00:00+00:00,53.5000,-3.5000,9.9447
2015-05-16T12:00:00+00:00,52.5000,-6.5000,11.3269
2015-05-16T12:00:00+00:00,52.5000,-5.5000,10.7522
2015-05-16T12:00:00+00:00,52.5000,-4.5000,10.6742
2015-05-16T12:00:00+00:00,51.5000,-6.5000,11.5400
2015-05-16T12:00:00+00:00,51.5000,-5.5000,11.3300
2015-05-16T12:00:00+00:00,51.5000,-4.5000,11.2616
2015-05-16T12:00:00+00:00,51.5000,-3.5000,11.5537
2015-06-16T00:00:00+00:00,53.5000,-5.5000,12.0714
2015-06-16T00:00:00+00:00,53.5000,-4.5000,12.1882
2015-06-16T00:00:00+00:00,53.5000,-3.5000,12.1829
2015-06-16T00:00:00+00:00,52.5000,-6.5000,13.2030
2015-06-16T00:00:00+00:00,52.5000,-5.5000,12.7117
2015-06-16T00:00:00+00:00,52.5000,-4.5000,12.7064
2015-06-16T00:00:00+00:00,51.5000,-6.5000,13.5016
2015-06-16T00:00:00+00:00,51.5000,-5.5000,13.3475
2015-06-16T00:00:00+00:00,51.5000,-4.5000,13.3131
2015-06-16T00:00:00+00:00,51.5000,-3.5000,13.6291
2015-07-16T12:00:00+00:00,53.5000,-5.5000,14.1932
2015-07-16T12:00:00+00:00,53.5000,-4.5000,14.1839
2015-07-16T12:00:00+00:00,53.5000,-3.5000,13.9308
2015-07-16T12:00:00+00:00,52.5000,-6.5000,15.5119
2015-07-16T12:00:00+00:00,52.5000,-5.5000,14.9447
2015-07-16T12:00:00+00:00,52.5000,-4.5000,14.8705
2015-07-16T12:00:00+00:00,51.5000,-6.5000,15.8694
2015-07-16T12:00:00+00:00,51.5000,-5.5000,15.7277
2015-07-16T12:00:00+00:00,51.5000,-4.5000,15.6312
2015-07-16T12:00:00+00:00,51.5000,-3.5000,15.8456
2015-08-16T12:00:00+00:00,53.5000,-5.5000,14.9972
2015-08-16T12:00:00+00:00,53.5000,-4.5000,15.0786
2015-08-16T12:00:00+00:00,53.5000,-3.5000,15.1065
2015-08-16T12:00:00+00:00,52.5000,-6.5000,15.9284
2015-08-16T12:00:00+00:00,52.5000,-5.5000,15.4761
2015-08-16T12:00:00+00:00,52.5000,-4.5000,15.4495
2015-08-16T12:00:00+00:00,51.5000,-6.5000,16.1435
2015-08-16T12:00:00+00:00,51.5000,-5.5000,15.9677
2015-08-16T12:00:00+00:00,51.5000,-4.5000,15.9199
2015-08-16T12:00:00+00:00,51.5000,-3.5000,16.1257
2015-09-16T00:00:00+00:00,53.5000,-5.5000,14.7217
2015-09-16T00:00:00+00:00,53.5000,-4.5000,14.7784
2015-09-16T00:00:00+00:00,53.5000,-3.5000,14.8170
2015-09-16T00:00:00+00:00,52.5000,-6.5000,15.2249
2015-09-16T00:00:00+00:00,52.5000,-5.5000,14.9869
2015-09-16T00:00:00+00:00,52.5000,-4.5000,14.9953
2015-09-16T00:00:00+00:00,51.5000,-6.5000,15.3879
2015-09-16T00:00:00+00:00,51.5000,-5.5000,15.2278
2015-09-16T00:00:00+00:00,51.5000,-4.5000,15.2702
2015-09-16T00:00:00+00:00,51.5000,-3.5000,15.6460
2015-10-16T12:00:00+00:00,53.5000,-5.5000,14.3206
2015-10-16T12:00:00+00:00,53.5000,-4.5000,14.3659
2015-10-16T12:00:00+00:00,53.5000,-3.5000,14.3718
2015-10-16T12:00:00+00:00,52.5000,-6.5000,14.4347
2015-10-16T12:00:00+00:00,52.5000,-5.5000,14.4462
2015-10-16T12:00:00+00:00,52.5000,-4.5000,14.5166
2015-10-16T12:00:00+00:00,51.5000,-6.5000,14.4803
2015-10-16T12:00:00+00:00,51.5000,-5.5000,14.5339
2015-10-16T12:00:00+00:00,51.5000,-4.5000,14.6879
2015-10-16T12:00:00+00:00,51.5000,-3.5000,15.0351
2015-11-16T00:00:00+00:00,53.5000,-5.5000,12.3989
2015-11-16T00:00:00+00:00,53.5000,-4.5000,12.4883
2015-11-16T00:00:00+00:00,53.5000,-3.5000,12.3924
2015-11-16T00:00:00+00:00,52.5000,-6.5000,12.8304
2015-11-16T00:00:00+00:00,52.5000,-5.5000,12.8044
2015-11-16T00:00:00+00:00,52.5000,-4.5000,12.9179
2015-11-16T00:00:00+00:00,51.5000,-6.5000,12.9136
2015-11-16T00:00:00+00:00,51.5000,-5.5000,13.1160
2015-11-16T00:00:00+00:00,51.5000,-4.5000,13.3083
2015-11-16T00:00:00+00:00,51.5000,-3.5000,13.6641
2015-12-16T12:00:00+00:00,53.5000,-5.5000,10.8976
2015-12-16T12:00:00+00:00,53.5000,-4.5000,10.6605
2015-12-16T12:00:00+00:00,53.5000,-3.5000,10.2038
2015-12-16T12:00:00+00:00,52.5000,-6.5000,11.3750
2015-12-16T12:00:00+00:00,52.5000,-5.5000,11.1671
2015-12-16T12:00:00+00:00,52.5000,-4.5000,11.0647
2015-12-16T12:00:00+00:00,51.5000,-6.5000,11.5757
2015-12-16T12:00:00+00:00,51.5000,-5.5000,11.5612
2015-12-16T12:00:00+00:00,51.5000,-4.5000,11.5998
2015-12-16T12:00:00+00:00,51.5000,-3.5000,12.0182
2016-01-16T12:00:00+00:00,53.5000,-5.5000,10.2606
2016-01-16T12:00:00+00:00,53.5000,-4.5000,10.0597
2016-01-16T12:00:00+00:00,53.5000,-3.5000,9.6489
2016-01-16T12:00:00+00:00,52.5000,-6.5000,10.8158
2016-01-16T12:00:00+00:00,52.5000,-5.5000,10.5742
2016-01-16T12:00:00+00:00,52.5000,-4.5000,10.4189
2016-01-16T12:00:00+00:00,51.5000,-6.5000,11.0053
2016-01-16T12:00:00+00:00,51.5000,-5.5000,10.9237
2016-01-16T12:00:00+00:00,51.5000,-4.5000,10.7744
2016-01-16T12:00:00+00:00,51.5000,-3.5000,10.8528
2016-02-15T12:00:00+00:00,53.5000,-5.5000,9.4227
2016-02-15T12:00:00+00:00,53.5000,-4.5000,9.2185
2016-02-15T12:00:00+00:00,53.5000,-3.5000,8.7464
2016-02-15T12:00:00+00:00,52.5000,-6.5000,9.9898
2016-02-15T12:00:00+00:00,52.5000,-5.5000,9.7874
2016-02-15T12:00:00+00:00,52.5000,-4.5000,9.6985
2016-02-15T12:00:00+00:00,51.5000,-6.5000,10.1868
2016-02-15T12:00:00+00:00,51.5000,-5.5000,10.1720
2016-02-15T12:00:00+00:00,51.5000,-4.5000,10.1252
2016-02-15T12:00:00+00:00,51.5000,-3.5000,10.2397
2016-03-16T12:00:00+00:00,53.5000,-5.5000,8.1392
2016-03-16T12:00:00+00:00,53.5000,-4.5000,8.0792
2016-03-16T12:00:00+00:00,53.5000,-3.5000,7.8419
2016-03-16T12:00:00+00:00,52.5000,-6.5000,9.0763
2016-03-16T12:00:00+00:00,52.5000,-5.5000,8.6444
2016-03-16T12:00:00+00:00,52.5000,-4.5000,8.5343
2016-03-16T12:00:00+00:00,51.5000,-6.5000,9.3708
2016-03-16T12:00:00+00:00,51.5000,-5.5000,9.2124
2016-03-16T12:00:00+00:00,51.5000,-4.5000,9.0592
2016-03-16T12:00:00+00:00,51.5000,-3.5000,9.2202
2016-04-16T00:00:00+00:00,53.5000,-5.5000,8.6981
2016-04-16T00:00:00+00:00,53.5000,-4.5000,8.6507
2016-04-16T00:00:00+00:00,53.5000,-3.5000,8.4323
2016-04-16T00:00:00+00:00,52.5000,-6.5000,9.6135
2016-04-16T00:00:00+00:00,52.5000,-5.5000,9.1928
2016-04-16T00:00:00+00:00,52.5000,-4.5000,9.1286
2016-04-16T00:00:00+00:00,51.5000,-6.5000,9.8572
2016-04-16T00:00:00+00:00,51.5000,-5.5000,9.7159
2016-04-16T00:00:00+00:00,51.5000,-4.5000,9.6833
2016-04-16T00:00:00+00:00,51.5000,-3.5000,10.0378
2016-05-16T12:00:00+00:00,53.5000,-5.5000,10.2472
2016-05-16T12:00:00+00:00,53.5000,-4.5000,10.2924
2016-05-16T12:00:00+00:00,53.5000,-3.5000,10.1919
2016-05-16T12:00:00+00:00,52.5000,-6.5000,11.3942
2016-05-16T12:00:00+00:00,52.5000,-5.5000,10.8632
2016-05-16T12:00:00+00:00,52.5000,-4.5000,10.8080
2016-05-16T12:00:00+00:00,51.5000,-6.5000,11.6725
2016-05-16T12:00:00+00:00,51.5000,-5.5000,11.4453
2016-05-16T12:00:00+00:00,51.5000,-4.5000,11.3532
2016-05-16T12:00:00+00:00,51.5000,-3.5000,11.5701
2016-06-16T00:00:00+00:00,53.5000,-5.5000,13.0624
2016-06-16T00:00:00+00:00,53.5000,-4.5000,13.1147
2016-06-16T00:00:00+00:00,53.5000,-3.5000,13.0830
2016-06-16T00:00:00+00:00,52.5000,-6.5000,14.2353
2016-06-16T00:00:00+00:00,52.5000,-5.5000,13.6492
2016-06-16T00:00:00+00:00,52.5000,-4.5000,13.5599
2016-06-16T00:00:00+00:00,51.5000,-6.5000,14.5678
2016-06-16T00:00:00+00:00,51.5000,-5.5000,14.2341
2016-06-16T00:00:00+00:00,51.5000,-4.5000,14.0347
2016-06-16T00:00:00+00:00,51.5000,-3.5000,14.0495
2016-07-16T12:00:00+00:00,53.5000,-5.5000,14.3252
2016-07-16T12:00:00+00:00,53.5000,-4.5000,14.4832
2016-07-16T12:00:00+00:00,53.5000,-3.5000,14.4764
2016-07-16T12:00:00+00:00,52.5000,-6.5000,15.3938
2016-07-16T12:00:00+00:00,52.5000,-5.5000,15.0092
2016-07-16T12:00:00+00:00,52.5000,-4.5000,15.0625
2016-07-16T12:00:00+00:00,51.5000,-6.5000,15.8345
2016-07-16T12:00:00+00:00,51.5000,-5.5000,15.7741
2016-07-16T12:00:00+00:00,51.5000,-4.5000,15.7162
2016-07-16T12:00:00+00:00,51.5000,-3.5000,15.7833
2016-08-16T12:00:00+00:00,53.5000,-5.5000,15.2449
2016-08-16T12:00:00+00:00,53.5000,-4.5000,15.2772
2016-08-16T12:00:00+00:00,53.5000,-3.5000,15.0735
2016-08-16T12:00:00+00:00,52.5000,-6.5000,16.2655
2016-08-16T12:00:00+00:00,52.5000,-5.5000,15.8860
2016-08-16T12:00:00+00:00,52.5000,-4.5000,15.9202
2016-08-16T12:00:00+00:00,51.5000,-6.5000,16.6493
2016-08-16T12:00:00+00:00,51.5000,-5.5000,16.5576
2016-08-16T12:00:00+00:00,51.5000,-4.5000,16.5741
2016-08-16T12:00:00+00:00,51.5000,-3.5000,16.8083
2016-09-16T00:00:00+00:00,53.5000,-5.5000,15.6460
2016-09-16T00:00:00+00:00,53.5000,-4.5000,15.8304
2016-09-16T00:00:00+00:00,53.5000,-3.5000,15.9266
2016-09-16T00:00:00+00:00,52.5000,-6.5000,16.1232
2016-09-16T00:00:00+00:00,52.5000,-5.5000,16.0344
2016-09-16T00:00:00+00:00,52.5000,-4.5000,16.1822
2016-09-16T00:00:00+00:00,51.5000,-6.5000,16.3230
2016-09-16T00:00:00+00:00,51.5000,-5.5000,16.4086
2016-09-16T00:00:00+00:00,51.5000,-4.5000,16.5671
2016-09-16T00:00:00+00:00,51.5000,-3.5000,16.8674
2016-10-16T12:00:00+00:00,53.5000,-5.5000,14.5404
2016-10-16T12:00:00+00:00,53.5000,-4.5000,14.5710
2016-10-16T12:00:00+00:00,53.5000,-3.5000,14.5302
2016-10-16T12:00:00+00:00,52.5000,-6.5000,14.6782
2016-10-16T12:00:00+00:00,52.5000,-5.5000,14.6941
2016-10-16T12:00:00+00:00,52.5000,-4.5000,14.7527
2016-10-16T12:00:00+00:00,51.5000,-6.5000,14.6989
2016-10-16T12:00:00+00:00,51.5000,-5.5000,14.7855
2016-10-16T12:00:00+00:00,51.5000,-4.5000,14.9315
2016-10-16T12:00:00+00:00,51.5000,-3.5000,15.2649
2016-11-16T00:00:00+00:00,53.5000,-5.5000,12.3319
2016-11-16T00:00:00+00:00,53.5000,-4.5000,12.2452
2016-11-16T00:00:00+00:00,53.5000,-3.5000,12.0085
2016-11-16T00:00:00+00:00,52.5000,-6.5000,12.5970
2016-11-16T00:00:00+00:00,52.5000,-5.5000,12.5431
2016-11-16T00:00:00+00:00,52.5000,-4.5000,12.5281
2016-11-16T00:00:00+00:00,51.5000,-6.5000,12.6457
2016-11-16T00:00:00+00:00,51.5000,-5.5000,12.7340
2016-11-16T00:00:00+00:00,51.5000,-4.5000,12.8185
2016-11-16T00:00:00+00:00,51.5000,-3.5000,13.0790
2016-12-16T12:00:00+00:00,53.5000,-5.5000,10.9654
2016-12-16T12:00:00+00:00,53.5000,-4.5000,10.9467
2016-12-16T12:00:00+00:00,53.5000,-3.5000,10.7771
2016-12-16T12:00:00+00:00,52.5000,-6.5000,11.3281
2016-12-16T12:00:00+00:00,52.5000,-5.5000,11.2573
2016-12-16T12:00:00+00:00,52.5000,-4.5000,11.2963
2016-12-16T12:00:00+00:00,51.5000,-6.5000,11.4567
2016-12-16T12:00:00+00:00,51.5000,-5.5000,11.5582
2016-12-16T12:00:00+00:00,51.5000,-4.5000,11.6686
2016-12-16T12:00:00+00:00,51.5000,-3.5000,11.9399
2017-01-16T12:00:00+00:00,53.5000,-5.5000,9.6574
2017-01-16T12:00:00+00:00,53.5000,-4.5000,9.5541
2017-01-16T12:00:00+00:00,53.5000,-3.5000,9.3347
2017-01-16T12:00:00+00:00,52.5000,-6.5000,10.2081
2017-01-16T12:00:00+00:00,52.5000,-5.5000,9.9445
2017-01-16T12:00:00+00:00,52.5000,-4.5000,9.8427
2017-01-16T12:00:00+00:00,51.5000,-6.5000,10.4567
2017-01-16T12:00:00+00:00,51.5000,-5.5000,10.3461
2017-01-16T12:00:00+00:00,51.5000,-4.5000,10.2510
2017-01-16T12:00:00+00:00,51.5000,-3.5000,10.4660
2017-02-15T00:00:00+00:00,53.5000,-5.5000,8.4304
2017-02-15T00:00:00+00:00,53.5000,-4.5000,8.1925
2017-02-15T00:00:00+00:00,53.5000,-3.5000,7.6893
2017-02-15T00:00:00+00:00,52.5000,-6.5000,9.4427
2017-02-15T00:00:00+00:00,52.5000,-5.5000,8.9432
2017-02-15T00:00:00+00:00,52.5000,-4.5000,8.7724
2017-02-15T00:00:00+00:00,51.5000,-6.5000,9.7578
2017-02-15T00:00:00+00:00,51.5000,-5.5000,9.5186
2017-02-15T00:00:00+00:00,51.5000,-4.5000,9.3953
2017-02-15T00:00:00+00:00,51.5000,-3.5000,9.6886
2017-03-16T12:00:00+00:00,53.5000,-5.5000,8.7182
2017-03-16T12:00:00+00:00,53.5000,-4.5000,8.6273
2017-03-16T12:00:00+00:00,53.5000,-3.5000,8.3711
2017-03-16T12:00:00+00:00,52.5000,-6.5000,9.4073
2017-03-16T12:00:00+00:00,52.5000,-5.5000,9.1009
2017-03-16T12:00:00+00:00,52.5000,-4.5000,9.0095
2017-03-16T12:00:00+00:00,51.5000,-6.5000,9.6778
2017-03-16T12:00:00+00:00,51.5000,-5.5000,9.5962
2017-03-16T12:00:00+00:00,51.5000,-4.5000,9.4840
2017-03-16T12:00:00+00:00,51.5000,-3.5000,9.6173
2017-04-16T00:00:00+00:00,53.5000,-5.5000,9.3788
2017-04-16T00:00:00+00:00,53.5000,-4.5000,9.3798
2017-04-16T00:00:00+00:00,53.5000,-3.5000,9.2650
2017-04-16T00:00:00+00:00,52.5000,-6.5000,10.5457
2017-04-16T00:00:00+00:00,52.5000,-5.5000,9.9498
2017-04-16T00:00:00+00:00,52.5000,-4.5000,9.8168
2017-04-16T00:00:00+00:00,51.5000,-6.5000,10.7907
2017-04-16T00:00:00+00:00,51.5000,-5.5000,10.5383
2017-04-16T00:00:00+00:00,51.5000,-4.5000,10.3848
2017-04-16T00:00:00+00:00,51.5000,-3.5000,10.7132
2017-05-16T12:00:00+00:00,53.5000,-5.5000,11.2775
2017-05-16T12:00:00+00:00,53.5000,-4.5000,11.1942
2017-05-16T12:00:00+00:00,53.5000,-3.5000,11.0048
2017-05-16T12:00:00+00:00,52.5000,-6.5000,11.9246
2017-05-16T12:00:00+00:00,52.5000,-5.5000,11.5958
2017-05-16T12:00:00+00:00,52.5000,-4.5000,11.5364
2017-05-16T12:00:00+00:00,51.5000,-6.5000,12.1281
2017-05-16T12:00:00+00:00,51.5000,-5.5000,11.9946
2017-05-16T12:00:00+00:00,51.5000,-4.5000,11.9875
2017-05-16T12:00:00+00:00,51.5000,-3.5000,12.2344
2017-06-16T00:00:00+00:00,53.5000,-5.5000,13.0899
2017-06-16T00:00:00+00:00,53.5000,-4.5000,13.1784
2017-06-16T00:00:00+00:00,53.5000,-3.5000,13.0796
2017-06-16T00:00:00+00:00,52.5000,-6.5000,14.2668
2017-06-16T00:00:00+00:00,52.5000,-5.5000,13.7871
2017-06-16T00:00:00+00:00,52.5000,-4.5000,13.7772
2017-06-16T00:00:00+00:00,51.5000,-6.5000,14.6271
2017-06-16T00:00:00+00:00,51.5000,-5.5000,14.5081
2017-06-16T00:00:00+00:00,51.5000,-4.5000,14.4401
2017-06-16T00:00:00+00:00,51.5000,-3.5000,14.6382
2017-07-16T12:00:00+00:00,53.5000,-5.5000,14.6229
2017-07-16T12:00:00+00:00,53.5000,-4.5000,14.6361
2017-07-16T12:00:00+00:00,53.5000,-3.5000,14.4961
2017-07-16T12:00:00+00:00,52.5000,-6.5000,15.8064
2017-07-16T12:00:00+00:00,52.5000,-5.5000,15.2579
2017-07-16T12:00:00+00:00,52.5000,-4.5000,15.2045
2017-07-16T12:00:00+00:00,51.5000,-6.5000,16.1279
2017-07-16T12:00:00+00:00,51.5000,-5.5000,15.9285
2017-07-16T12:00:00+00:00,51.5000,-4.5000,15.8808
2017-07-16T12:00:00+00:00,51.5000,-3.5000,16.1932
2017-08-16T12:00:00+00:00,53.5000,-5.5000,15.2236
2017-08-16T12:00:00+00:00,53.5000,-4.5000,15.3630
2017-08-16T12:00:00+00:00,53.5000,-3.5000,15.3885
2017-08-16T12:00:00+00:00,52.5000,-6.5000,15.8669
2017-08-16T12:00:00+00:00,52.5000,-5.5000,15.6776
2017-08-16T12:00:00+00:00,52.5000,-4.5000,15.7974
2017-08-16T12:00:00+00:00,51.5000,-6.5000,16.1764
2017-08-16T12:00:00+00:00,51.5000,-5.5000,16.1959
2017-08-16T12:00:00+00:00,51.5000,-4.5000,16.3185
2017-08-16T12:00:00+00:00,51.5000,-3.5000,16.6486
2017-09-16T00:00:00+00:00,53.5000,-5.5000,15.1047
2017-09-16T00:00:00+00:00,53.5000,-4.5000,15.1773
2017-09-16T00:00:00+00:00,53.5000,-3.5000,15.2162
2017-09-16T00:00:00+00:00,52.5000,-6.5000,15.2476
2017-09-16T00:00:00+00:00,52.5000,-5.5000,15.2552
2017-09-16T00:00:00+00:00,52.5000,-4.5000,15.3643
2017-09-16T00:00:00+00:00,51.5000,-6.5000,15.3867
2017-09-16T00:00:00+00:00,51.5000,-5.5000,15.4472
2017-09-16T00:00:00+00:00,51.5000,-4.5000,15.6432
2017-09-16T00:00:00+00:00,51.5000,-3.5000,16.0718
2017-10-16T12:00:00+00:00,53.5000,-5.5000,14.4805
2017-10-16T12:00:00+00:00,53.5000,-4.5000,14.5346
2017-10-16T12:00:00+00:00,53.5000,-3.5000,14.5161
2017-10-16T12:00:00+00:00,52.5000,-6.5000,14.4276
2017-10-16T12:00:00+00:00,52.5000,-5.5000,14.5759
2017-10-16T12:00:00+00:00,52.5000,-4.5000,14.7022
2017-10-16T12:00:00+00:00,51.5000,-6.5000,14.4215
2017-10-16T12:00:00+00:00,51.5000,-5.5000,14.6247
2017-10-16T12:00:00+00:00,51.5000,-4.5000,14.8771
2017-10-16T12:00:00+00:00,51.5000,-3.5000,15.2811
2017-11-16T00:00:00+00:00,53.5000,-5.5000,12.6905
2017-11-16T00:00:00+00:00,53.5000,-4.5000,12.6815
2017-11-16T00:00:00+00:00,53.5000,-3.5000,12.5792
2017-11-16T00:00:00+00:00,52.5000,-6.5000,12.6907
2017-11-16T00:00:00+00:00,52.5000,-5.5000,12.7964
2017-11-16T00:00:00+00:00,52.5000,-4.5000,12.8711
2017-11-16T00:00:00+00:00,51.5000,-6.5000,12.7912
2017-11-16T00:00:00+00:00,51.5000,-5.5000,12.9615
2017-11-16T00:00:00+00:00,51.5000,-4.5000,13.1369
2017-11-16T00:00:00+00:00,51.5000,-3.5000,13.4768
2017-12-16T12:00:00+00:00,53.5000,-5.5000,11.2119
2017-12-16T12:00:00+00:00,53.5000,-4.5000,11.0413
2017-12-16T12:00:00+00:00,53.5000,-3.5000,10.6473
2017-12-16T12:00:00+00:00,52.5000,-6.5000,11.5552
2017-12-16T12:00:00+00:00,52.5000,-5.5000,11.4715
2017-12-16T12:00:00+00:00,52.5000,-4.5000,11.3653
2017-12-16T12:00:00+00:00,51.5000,-6.5000,11.6786
2017-12-16T12:00:00+00:00,51.5000,-5.5000,11.7267
2017-12-16T12:00:00+00:00,51.5000,-4.5000,11.6455
2017-12-16T12:00:00+00:00,51.5000,-3.5000,11.4966
2018-01-16T12:00:00+00:00,53.5000,-5.5000,9.3542
2018-01-16T12:00:00+00:00,53.5000,-4.5000,9.4522
2018-01-16T12:00:00+00:00,53.5000,-3.5000,9.4351
2018-01-16T12:00:00+00:00,52.5000,-6.5000,10.2056
2018-01-16T12:00:00+00:00,52.5000,-5.5000,9.8701
2018-01-16T12:00:00+00:00,52.5000,-4.5000,9.8587
2018-01-16T12:00:00+00:00,51.5000,-6.5000,10.4052
2018-01-16T12:00:00+00:00,51.5000,-5.5000,10.3282
2018-01-16T12:00:00+00:00,51.5000,-4.5000,10.2704
2018-01-16T12:00:00+00:00,51.5000,-3.5000,10.4687
2018-02-15T00:00:00+00:00,53.5000,-5.5000,8.6669
2018-02-15T00:00:00+00:00,53.5000,-4.5000,8.4068
2018-02-15T00:00:00+00:00,53.5000,-3.5000,7.9919
2018-02-15T00:00:00+00:00,52.5000,-6.5000,9.1146
2018-02-15T00:00:00+00:00,52.5000,-5.5000,8.8572
2018-02-15T00:00:00+00:00,52.5000,-4.5000,8.6637
2018-02-15T00:00:00+00:00,51.5000,-6.5000,9.3578
2018-02-15T00:00:00+00:00,51.5000,-5.5000,9.1933
2018-02-15T00:00:00+00:00,51.5000,-4.5000,9.0147
2018-02-15T00:00:00+00:00,51.5000,-3.5000,8.8703
2018-03-16T12:00:00+00:00,53.5000,-5.5000,7.6832
2018-03-16T12:00:00+00:00,53.5000,-4.5000,7.5858
2018-03-16T12:00:00+00:00,53.5000,-3.5000,7.2319
2018-03-16T12:00:00+00:00,52.5000,-6.5000,8.5083
2018-03-16T12:00:00+00:00,52.5000,-5.5000,8.1921
2018-03-16T12:00:00+00:00,52.5000,-4.5000,8.1195
2018-03-16T12:00:00+00:00,51.5000,-6.5000,8.7523
2018-03-16T12:00:00+00:00,51.5000,-5.5000,8.7120
2018-03-16T12:00:00+00:00,51.5000,-4.5000,8.6197
2018-03-16T12:00:00+00:00,51.5000,-3.5000,8.3386
2018-04-16T00:00:00+00:00,53.5000,-5.5000,8.4429
2018-04-16T00:00:00+00:00,53.5000,-4.5000,8.5007
2018-04-16T00:00:00+00:00,53.5000,-3.5000,8.5183
2018-04-16T00:00:00+00:00,52.5000,-6.5000,9.2279
2018-04-16T00:00:00+00:00,52.5000,-5.5000,8.8361
2018-04-16T00:00:00+00:00,52.5000,-4.5000,8.7968
2018-04-16T00:00:00+00:00,51.5000,-6.5000,9.5455
2018-04-16T00:00:00+00:00,51.5000,-5.5000,9.3492
2018-04-16T00:00:00+00:00,51.5000,-4.5000,9.2751
2018-04-16T00:00:00+00:00,51.5000,-3.5000,9.5983
2018-05-16T12:00:00+00:00,53.5000,-5.5000,10.6129
2018-05-16T12:00:00+00:00,53.5000,-4.5000,10.7397
2018-05-16T12:00:00+00:00,53.5000,-3.5000,10.8352
2018-05-16T12:00:00+00:00,52.5000,-6.5000,11.3641
2018-05-16T12:00:00+00:00,52.5000,-5.5000,11.0268
2018-05-16T12:00:00+00:00,52.5000,-4.5000,10.9983
2018-05-16T12:00:00+00:00,51.5000,-6.5000,11.5979
2018-05-16T12:00:00+00:00,51.5000,-5.5000,11.5078
2018-05-16T12:00:00+00:00,51.5000,-4.5000,11.3939
2018-05-16T12:00:00+00:00,51.5000,-3.5000,11.5212
2018-06-16T00:00:00+00:00,53.5000,-5.5000,13.3889
2018-06-16T00:00:00+00:00,53.5000,-4.5000,13.4182
2018-06-16T00:00:00+00:00,53.5000,-3.5000,13.2927
2018-06-16T00:00:00+00:00,52.5000,-6.5000,14.8838
2018-06-16T00:00:00+00:00,52.5000,-5.5000,14.1459
2018-06-16T00:00:00+00:00,52.5000,-4.5000,13.9321
2018-06-16T00:00:00+00:00,51.5000,-6.5000,15.1792
2018-06-16T00:00:00+00:00,51.5000,-5.5000,14.8637
2018-06-16T00:00:00+00:00,51.5000,-4.5000,14.5004
2018-06-16T00:00:00+00:00,51.5000,-3.5000,14.6540
2018-07-16T12:00:00+00:00,53.5000,-5.5000,15.6087
2018-07-16T12:00:00+00:00,53.5000,-4.5000,15.7653
2018-07-16T12:00:00+00:00,53.5000,-3.5000,15.6696
2018-07-16T12:00:00+00:00,52.5000,-6.5000,17.2131
2018-07-16T12:00:00+00:00,52.5000,-5.5000,16.5709
2018-07-16T12:00:00+00:00,52.5000,-4.5000,16.4440
2018-07-16T12:00:00+00:00,51.5000,-6.5000,17.5637
2018-07-16T12:00:00+00:00,51.5000,-5.5000,17.4309
2018-07-16T12:00:00+00:00,51.5000,-4.5000,17.0857
2018-07-16T12:00:00+00:00,51.5000,-3.5000,17.2694
2018-08-16T12:00:00+00:00,53.5000,-5.5000,15.9265
2018-08-16T12:00:00+00:00,53.5000,-4.5000,16.0585
2018-08-16T12:00:00+00:00,53.5000,-3.5000,16.0542
2018-08-16T12:00:00+00:00,52.5000,-6.5000,16.8736
2018-08-16T12:00:00+00:00,52.5000,-5.5000,16.5112
2018-08-16T12:00:00+00:00,52.5000,-4.5000,16.5558
2018-08-16T12:00:00+00:00,51.5000,-6.5000,17.2148
2018-08-16T12:00:00+00:00,51.5000,-5.5000,17.0985
2018-08-16T12:00:00+00:00,51.5000,-4.5000,17.1025
2018-08-16T12:00:00+00:00,51.5000,-3.5000,17.4212
2018-09-16T00:00:00+00:00,53.5000,-5.5000,14.8803
2018-09-16T00:00:00+00:00,53.5000,-4.5000,15.0847
2018-09-16T00:00:00+00:00,53.5000,-3.5000,15.2608
2018-09-16T00:00:00+00:00,52.5000,-6.5000,15.5493
2018-09-16T00:00:00+00:00,52.5000,-5.5000,15.3019
2018-09-16T00:00:00+00:00,52.5000,-4.5000,15.3936
2018-09-16T00:00:00+00:00,51.5000,-6.5000,15.6856
2018-09-16T00:00:00+00:00,51.5000,-5.5000,15.6322
2018-09-16T00:00:00+00:00,51.5000,-4.5000,15.7548
2018-09-16T00:00:00+00:00,51.5000,-3.5000,16.2330
2018-10-16T12:00:00+00:00,53.5000,-5.5000,14.1032
2018-10-16T12:00:00+00:00,53.5000,-4.5000,14.1480
2018-10-16T12:00:00+00:00,53.5000,-3.5000,14.0469
2018-10-16T12:00:00+00:00,52.5000,-6.5000,14.2183
2018-10-16T12:00:00+00:00,52.5000,-5.5000,14.3200
2018-10-16T12:00:00+00:00,52.5000,-4.5000,14.4505
2018-10-16T12:00:00+00:00,51.5000,-6.5000,14.3050
2018-10-16T12:00:00+00:00,51.5000,-5.5000,14.5014
2018-10-16T12:00:00+00:00,51.5000,-4.5000,14.7255
2018-10-16T12:00:00+00:00,51.5000,-3.5000,15.0507
2018-11-16T00:00:00+00:00,53.5000,-5.5000,12.3417
2018-11-16T00:00:00+00:00,53.5000,-4.5000,12.3979
2018-11-16T00:00:00+00:00,53.5000,-3.5000,12.3264
2018-11-16T00:00:00+00:00,52.5000,-6.5000,12.6053
2018-11-16T00:00:00+00:00,52.5000,-5.5000,12.6148
2018-11-16T00:00:00+00:00,52.5000,-4.5000,12.7039
2018-11-16T00:00:00+00:00,51.5000,-6.5000,12.6571
2018-11-16T00:00:00+00:00,51.5000,-5.5000,12.8396
2018-11-16T00:00:00+00:00,51.5000,-4.5000,13.0081
2018-11-16T00:00:00+00:00,51.5000,-3.5000,13.2907
2018-12-16T12:00:00+00:00,53.5000,-5.5000,11.3671
2018-12-16T12:00:00+00:00,53.5000,-4.5000,11.2725
2018-12-16T12:00:00+00:00,53.5000,-3.5000,11.0422
2018-12-16T12:00:00+00:00,52.5000,-6.5000,11.5396
2018-12-16T12:00:00+00:00,52.5000,-5.5000,11.5300
2018-12-16T12:00:00+00:00,52.5000,-4.5000,11.5266
2018-12-16T12:00:00+00:00,51.5000,-6.5000,11.6314
2018-12-16T12:00:00+00:00,51.5000,-5.5000,11.7743
2018-12-16T12:00:00+00:00,51.5000,-4.5000,11.8678
2018-12-16T12:00:00+00:00,51.5000,-3.5000,12.1080
2019-01-16T12:00:00+00:00,53.5000,-5.5000,10.0836
2019-01-16T12:00:00+00:00,53.5000,-4.5000,9.9311
2019-01-16T12:00:00+00:00,53.5000,-3.5000,9.6144
2019-01-16T12:00:00+00:00,52.5000,-6.5000,10.4959
2019-01-16T12:00:00+00:00,52.5000,-5.5000,10.3311
2019-01-16T12:00:00+00:00,52.5000,-4.5000,10.2220
2019-01-16T12:00:00+00:00,51.5000,-6.5000,10.7029
2019-01-16T12:00:00+00:00,51.5000,-5.5000,10.6745
2019-01-16T12:00:00+00:00,51.5000,-4.5000,10.5848
2019-01-16T12:00:00+00:00,51.5000,-3.5000,10.7537
2019-02-15T00:00:00+00:00,53.5000,-5.5000,9.1319
2019-02-15T00:00:00+00:00,53.5000,-4.5000,8.9182
2019-02-15T00:00:00+00:00,53.5000,-3.5000,8.4684
2019-02-15T00:00:00+00:00,52.5000,-6.5000,9.7762
2019-02-15T00:00:00+00:00,52.5000,-5.5000,9.4933
2019-02-15T00:00:00+00:00,52.5000,-4.5000,9.3616
2019-02-15T00:00:00+00:00,51.5000,-6.5000,10.0012
2019-02-15T00:00:00+00:00,51.5000,-5.5000,9.9276
2019-02-15T00:00:00+00:00,51.5000,-4.5000,9.8547
2019-02-15T00:00:00+00:00,51.5000,-3.5000,10.1150
2019-03-16T12:00:00+00:00,53.5000,-5.5000,8.9034
2019-03-16T12:00:00+00:00,53.5000,-4.5000,8.7992
2019-03-16T12:00:00+00:00,53.5000,-3.5000,8.5041
2019-03-16T12:00:00+00:00,52.5000,-6.5000,9.6847
2019-03-16T12:00:00+00:00,52.5000,-5.5000,9.3354
2019-03-16T12:00:00+00:00,52.5000,-4.5000,9.2387
2019-03-16T12:00:00+00:00,51.5000,-6.5000,9.9471
2019-03-16T12:00:00+00:00,51.5000,-5.5000,9.8614
2019-03-16T12:00:00+00:00,51.5000,-4.5000,9.7899
2019-03-16T12:00:00+00:00,51.5000,-3.5000,10.1008
2019-04-16T00:00:00+00:00,53.5000,-5.5000,9.4904
2019-04-16T00:00:00+00:00,53.5000,-4.5000,9.4249
2019-04-16T00:00:00+00:00,53.5000,-3.5000,9.2080
2019-04-16T00:00:00+00:00,52.5000,-6.5000,10.2803
2019-04-16T00:00:00+00:00,52.5000,-5.5000,9.9102
2019-04-16T00:00:00+00:00,52.5000,-4.5000,9.8399
2019-04-16T00:00:00+00:00,51.5000,-6.5000,10.4539
2019-04-16T00:00:00+00:00,51.5000,-5.5000,10.3552
2019-04-16T00:00:00+00:00,51.5000,-4.5000,10.3348
2019-04-16T00:00:00+00:00,51.5000,-3.5000,10.6570
2019-05-16T12:00:00+00:00,53.5000,-5.5000,10.9086
2019-05-16T12:00:00+00:00,53.5000,-4.5000,10.9272
2019-05-16T12:00:00+00:00,53.5000,-3.5000,10.7725
2019-05-16T12:00:00+00:00,52.5000,-6.5000,11.7990
2019-05-16T12:00:00+00:00,52.5000,-5.5000,11.4354
2019-05-16T12:00:00+00:00,52.5000,-4.5000,11.4238
2019-05-16T12:00:00+00:00,51.5000,-6.5000,12.0209
2019-05-16T12:00:00+00:00,51.5000,-5.5000,11.9197
2019-05-16T12:00:00+00:00,51.5000,-4.5000,11.9092
2019-05-16T12:00:00+00:00,51.5000,-3.5000,12.1230
2019-06-16T00:00:00+00:00,53.5000,-5.5000,12.8451
2019-06-16T00:00:00+00:00,53.5000,-4.5000,12.8931
2019-06-16T00:00:00+00:00,53.5000,-3.5000,12.8116
2019-06-16T00:00:00+00:00,52.5000,-6.5000,13.8971
2019-06-16T00:00:00+00:00,52.5000,-5.5000,13.4223
2019-06-16T00:00:00+00:00,52.5000,-4.5000,13.3948
2019-06-16T00:00:00+00:00,51.5000,-6.5000,14.1912
2019-06-16T00:00:00+00:00,51.5000,-5.5000,14.0315
2019-06-16T00:00:00+00:00,51.5000,-4.5000,13.9759
2019-06-16T00:00:00+00:00,51.5000,-3.5000,14.1579
2019-07-16T12:00:00+00:00,53.5000,-5.5000,15.3701
2019-07-16T12:00:00+00:00,53.5000,-4.5000,15.4679
2019-07-16T12:00:00+00:00,53.5000,-3.5000,15.3484
2019-07-16T12:00:00+00:00,52.5000,-6.5000,16.5955
2019-07-16T12:00:00+00:00,52.5000,-5.5000,16.1245
2019-07-16T12:00:00+00:00,52.5000,-4.5000,16.0395
2019-07-16T12:00:00+00:00,51.5000,-6.5000,16.9561
2019-07-16T12:00:00+00:00,51.5000,-5.5000,16.8331
2019-07-16T12:00:00+00:00,51.5000,-4.5000,16.5672
2019-07-16T12:00:00+00:00,51.5000,-3.5000,16.7740
2019-08-16T12:00:00+00:00,53.5000,-5.5000,16.2247
2019-08-16T12:00:00+00:00,53.5000,-4.5000,16.3985
2019-08-16T12:00:00+00:00,53.5000,-3.5000,16.4981
2019-08-16T12:00:00+00:00,52.5000,-6.5000,16.9275
2019-08-16T12:00:00+00:00,52.5000,-5.5000,16.6870
2019-08-16T12:00:00+00:00,52.5000,-4.5000,16.7875
2019-08-16T12:00:00+00:00,51.5000,-6.5000,17.2351
2019-08-16T12:00:00+00:00,51.5000,-5.5000,17.1890
2019-08-16T12:00:00+00:00,51.5000,-4.5000,17.2314
2019-08-16T12:00:00+00:00,51.5000,-3.5000,17.3972
2019-09-16T00:00:00+00:00,53.5000,-5.5000,15.9321
2019-09-16T00:00:00+00:00,53.5000,-4.5000,15.9699
2019-09-16T00:00:00+00:00,53.5000,-3.5000,15.9054
2019-09-16T00:00:00+00:00,52.5000,-6.5000,16.5011
2019-09-16T00:00:00+00:00,52.5000,-5.5000,16.2839
2019-09-16T00:00:00+00:00,52.5000,-4.5000,16.2292
2019-09-16T00:00:00+00:00,51.5000,-6.5000,16.5755
2019-09-16T00:00:00+00:00,51.5000,-5.5000,16.5056
2019-09-16T00:00:00+00:00,51.5000,-4.5000,16.4061
2019-09-16T00:00:00+00:00,51.5000,-3.5000,16.6426
2019-10-16T12:00:00+00:00,53.5000,-5.5000,14.3498
2019-10-16T12:00:00+00:00,53.5000,-4.5000,14.4303
2019-10-16T12:00:00+00:00,53.5000,-3.5000,14.3878
2019-10-16T12:00:00+00:00,52.5000,-6.5000,14.5672
2019-10-16T12:00:00+00:00,52.5000,-5.5000,14.6065
2019-10-16T12:00:00+00:00,52.5000,-4.5000,14.7236
2019-10-16T12:00:00+00:00,51.5000,-6.5000,14.6573
2019-10-16T12:00:00+00:00,51.5000,-5.5000,14.7912
2019-10-16T12:00:00+00:00,51.5000,-4.5000,14.9859
2019-10-16T12:00:00+00:00,51.5000,-3.5000,15.3657
2019-11-16T00:00:00+00:00,53.5000,-5.5000,12.2478
2019-11-16T00:00:00+00:00,53.5000,-4.5000,12.2816
2019-11-16T00:00:00+00:00,53.5000,-3.5000,12.2065
2019-11-16T00:00:00+00:00,52.5000,-6.5000,12.4249
2019-11-16T00:00:00+00:00,52.5000,-5.5000,12.4591
2019-11-16T00:00:00+00:00,52.5000,-4.5000,12.5417
2019-11-16T00:00:00+00:00,51.5000,-6.5000,12.4539
2019-11-16T00:00:00+00:00,51.5000,-5.5000,12.6215
2019-11-16T00:00:00+00:00,51.5000,-4.5000,12.7995
2019-11-16T00:00:00+00:00,51.5000,-3.5000,13.1051
2019-12-16T12:00:00+00:00,53.5000,-5.5000,10.7519
2019-12-16T12:00:00+00:00,53.5000,-4.5000,10.7177
2019-12-16T12:00:00+00:00,53.5000,-3.5000,10.4466
2019-12-16T12:00:00+00:00,52.5000,-6.5000,11.0262
2019-12-16T12:00:00+00:00,52.5000,-5.5000,11.0748
2019-12-16T12:00:00+00:00,52.5000,-4.5000,11.1028
2019-12-16T12:00:00+00:00,51.5000,-6.5000,11.1231
2019-12-16T12:00:00+00:00,51.5000,-5.5000,11.3253
2019-12-16T12:00:00+00:00,51.5000,-4.5000,11.3659
2019-12-16T12:00:00+00:00,51.5000,-3.5000,11.2214
2020-01-16T12:00:00+00:00,53.5000,-5.5000,9.7792
2020-01-16T12:00:00+00:00,53.5000,-4.5000,9.7320
2020-01-16T12:00:00+00:00,53.5000,-3.5000,9.5600
2020-01-16T12:00:00+00:00,52.5000,-6.5000,10.3244
2020-01-16T12:00:00+00:00,52.5000,-5.5000,10.1039
2020-01-16T12:00:00+00:00,52.5000,-4.5000,10.0340
2020-01-16T12:00:00+00:00,51.5000,-6.5000,10.5157
2020-01-16T12:00:00+00:00,51.5000,-5.5000,10.4681
2020-01-16T12:00:00+00:00,51.5000,-4.5000,10.3784
2020-01-16T12:00:00+00:00,51.5000,-3.5000,10.4906
2020-02-15T12:00:00+00:00,53.5000,-5.5000,8.7942
2020-02-15T12:00:00+00:00,53.5000,-4.5000,8.6294
2020-02-15T12:00:00+00:00,53.5000,-3.5000,8.3041
2020-02-15T12:00:00+00:00,52.5000,-6.5000,9.4732
2020-02-15T12:00:00+00:00,52.5000,-5.5000,9.1320
2020-02-15T12:00:00+00:00,52.5000,-4.5000,9.0154
2020-02-15T12:00:00+00:00,51.5000,-6.5000,9.6808
2020-02-15T12:00:00+00:00,51.5000,-5.5000,9.5479
2020-02-15T12:00:00+00:00,51.5000,-4.5000,9.5082
2020-02-15T12:00:00+00:00,51.5000,-3.5000,9.8776
2020-03-16T12:00:00+00:00,53.5000,-5.5000,8.4428
2020-03-16T12:00:00+00:00,53.5000,-4.5000,8.3271
2020-03-16T12:00:00+00:00,53.5000,-3.5000,8.1152
2020-03-16T12:00:00+00:00,52.5000,-6.5000,9.1983
2020-03-16T12:00:00+00:00,52.5000,-5.5000,8.7773
2020-03-16T12:00:00+00:00,52.5000,-4.5000,8.5902
2020-03-16T12:00:00+00:00,51.5000,-6.5000,9.4615
2020-03-16T12:00:00+00:00,51.5000,-5.5000,9.2791
2020-03-16T12:00:00+00:00,51.5000,-4.5000,9.0779
2020-03-16T12:00:00+00:00,51.5000,-3.5000,9.1008
2020-04-16T00:00:00+00:00,53.5000,-5.5000,9.2126
2020-04-16T00:00:00+00:00,53.5000,-4.5000,9.2218
2020-04-16T00:00:00+00:00,53.5000,-3.5000,8.9807
2020-04-16T00:00:00+00:00,52.5000,-6.5000,10.1671
2020-04-16T00:00:00+00:00,52.5000,-5.5000,9.8226
2020-04-16T00:00:00+00:00,52.5000,-4.5000,9.8312
2020-04-16T00:00:00+00:00,51.5000,-6.5000,10.4107
2020-04-16T00:00:00+00:00,51.5000,-5.5000,10.3813
2020-04-16T00:00:00+00:00,51.5000,-4.5000,10.3747
2020-04-16T00:00:00+00:00,51.5000,-3.5000,10.5232
2020-05-16T12:00:00+00:00,53.5000,-5.5000,11.0013
2020-05-16T12:00:00+00:00,53.5000,-4.5000,11.1083
2020-05-16T12:00:00+00:00,53.5000,-3.5000,11.0405
2020-05-16T12:00:00+00:00,52.5000,-6.5000,11.9871
2020-05-16T12:00:00+00:00,52.5000,-5.5000,11.6162
2020-05-16T12:00:00+00:00,52.5000,-4.5000,11.6666
2020-05-16T12:00:00+00:00,51.5000,-6.5000,12.1912
2020-05-16T12:00:00+00:00,51.5000,-5.5000,12.1424
2020-05-16T12:00:00+00:00,51.5000,-4.5000,12.2056
2020-05-16T12:00:00+00:00,51.5000,-3.5000,12.5146
2020-06-16T00:00:00+00:00,53.5000,-5.5000,13.0052
2020-06-16T00:00:00+00:00,53.5000,-4.5000,13.1446
2020-06-16T00:00:00+00:00,53.5000,-3.5000,13.2056
2020-06-16T00:00:00+00:00,52.5000,-6.5000,13.8882
2020-06-16T00:00:00+00:00,52.5000,-5.5000,13.5264
2020-06-16T00:00:00+00:00,52.5000,-4.5000,13.4994
2020-06-16T00:00:00+00:00,51.5000,-6.5000,14.0510
2020-06-16T00:00:00+00:00,51.5000,-5.5000,13.9920
2020-06-16T00:00:00+00:00,51.5000,-4.5000,13.9054
2020-06-16T00:00:00+00:00,51.5000,-3.5000,14.3667
2020-07-16T12:00:00+00:00,53.5000,-5.5000,14.7293
2020-07-16T12:00:00+00:00,53.5000,-4.5000,14.7226
2020-07-16T12:00:00+00:00,53.5000,-3.5000,14.5396
2020-07-16T12:00:00+00:00,52.5000,-6.5000,15.4548
2020-07-16T12:00:00+00:00,52.5000,-5.5000,15.1984
2020-07-16T12:00:00+00:00,52.5000,-4.5000,15.1743
2020-07-16T12:00:00+00:00,51.5000,-6.5000,15.7400
2020-07-16T12:00:00+00:00,51.5000,-5.5000,15.6686
2020-07-16T12:00:00+00:00,51.5000,-4.5000,15.6423
2020-07-16T12:00:00+00:00,51.5000,-3.5000,16.0398
2020-08-16T12:00:00+00:00,53.5000,-5.5000,16.1527
2020-08-16T12:00:00+00:00,53.5000,-4.5000,16.1939
2020-08-16T12:00:00+00:00,53.5000,-3.5000,16.0713
2020-08-16T12:00:00+00:00,52.5000,-6.5000,16.7163
2020-08-16T12:00:00+00:00,52.5000,-5.5000,16.5629
2020-08-16T12:00:00+00:00,52.5000,-4.5000,16.6527
2020-08-16T12:00:00+00:00,51.5000,-6.5000,16.9767
2020-08-16T12:00:00+00:00,51.5000,-5.5000,16.9804
2020-08-16T12:00:00+00:00,51.5000,-4.5000,17.1160
2020-08-16T12:00:00+00:00,51.5000,-3.5000,17.4785
2020-09-16T00:00:00+00:00,53.5000,-5.5000,15.3588
2020-09-16T00:00:00+00:00,53.5000,-4.5000,15.4691
2020-09-16T00:00:00+00:00,53.5000,-3.5000,15.4215
2020-09-16T00:00:00+00:00,52.5000,-6.5000,15.8370
2020-09-16T00:00:00+00:00,52.5000,-5.5000,15.7650
2020-09-16T00:00:00+00:00,52.5000,-4.5000,15.8347
2020-09-16T00:00:00+00:00,51.5000,-6.5000,15.9444
2020-09-16T00:00:00+00:00,51.5000,-5.5000,16.0168
2020-09-16T00:00:00+00:00,51.5000,-4.5000,16.0821
2020-09-16T00:00:00+00:00,51.5000,-3.5000,16.4171
2020-10-16T12:00:00+00:00,53.5000,-5.5000,13.8401
2020-10-16T12:00:00+00:00,53.5000,-4.5000,14.0095
2020-10-16T12:00:00+00:00,53.5000,-3.5000,14.0812
2020-10-16T12:00:00+00:00,52.5000,-6.5000,14.0361
2020-10-16T12:00:00+00:00,52.5000,-5.5000,14.1178
2020-10-16T12:00:00+00:00,52.5000,-4.5000,14.2978
2020-10-16T12:00:00+00:00,51.5000,-6.5000,14.0110
2020-10-16T12:00:00+00:00,51.5000,-5.5000,14.2705
2020-10-16T12:00:00+00:00,51.5000,-4.5000,14.5571
2020-10-16T12:00:00+00:00,51.5000,-3.5000,14.9722
2020-11-16T00:00:00+00:00,53.5000,-5.5000,12.0751
2020-11-16T00:00:00+00:00,53.5000,-4.5000,12.1911
2020-11-16T00:00:00+00:00,53.5000,-3.5000,12.1840
2020-11-16T00:00:00+00:00,52.5000,-6.5000,12.4188
2020-11-16T00:00:00+00:00,52.5000,-5.5000,12.4089
2020-11-16T00:00:00+00:00,52.5000,-4.5000,12.5129
2020-11-16T00:00:00+00:00,51.5000,-6.5000,12.4936
2020-11-16T00:00:00+00:00,51.5000,-5.5000,12.6781
2020-11-16T00:00:00+00:00,51.5000,-4.5000,12.8448
2020-11-16T00:00:00+00:00,51.5000,-3.5000,13.1979
2020-12-16T12:00:00+00:00,53.5000,-5.5000,10.8002
2020-12-16T12:00:00+00:00,53.5000,-4.5000,10.6922
2020-12-16T12:00:00+00:00,53.5000,-3.5000,10.3561
2020-12-16T12:00:00+00:00,52.5000,-6.5000,11.3749
2020-12-16T12:00:00+00:00,52.5000,-5.5000,11.1878
2020-12-16T12:00:00+00:00,52.5000,-4.5000,11.1002
2020-12-16T12:00:00+00:00,51.5000,-6.5000,11.4804
2020-12-16T12:00:00+00:00,51.5000,-5.5000,11.5257
2020-12-16T12:00:00+00:00,51.5000,-4.5000,11.4840
2020-12-16T12:00:00+00:00,51.5000,-3.5000,11.4572
2021-01-16T12:00:00+00:00,53.5000,-5.5000,9.5072
2021-01-16T12:00:00+00:00,53.5000,-4.5000,9.3752
2021-01-16T12:00:00+00:00,53.5000,-3.5000,9.0925
2021-01-16T12:00:00+00:00,52.5000,-6.5000,9.9745
2021-01-16T12:00:00+00:00,52.5000,-5.5000,9.7759
2021-01-16T12:00:00+00:00,52.5000,-4.5000,9.6572
2021-01-16T12:00:00+00:00,51.5000,-6.5000,10.1224
2021-01-16T12:00:00+00:00,51.5000,-5.5000,10.0642
2021-01-16T12:00:00+00:00,51.5000,-4.5000,9.9414
2021-01-16T12:00:00+00:00,51.5000,-3.5000,9.7774
2021-02-15T00:00:00+00:00,53.5000,-5.5000,8.4562
2021-02-15T00:00:00+00:00,53.5000,-4.5000,8.2698
2021-02-15T00:00:00+00:00,53.5000,-3.5000,7.7977
2021-02-15T00:00:00+00:00,52.5000,-6.5000,9.5395
2021-02-15T00:00:00+00:00,52.5000,-5.5000,9.0430
2021-02-15T00:00:00+00:00,52.5000,-4.5000,8.8336
2021-02-15T00:00:00+00:00,51.5000,-6.5000,9.7425
2021-02-15T00:00:00+00:00,51.5000,-5.5000,9.5747
2021-02-15T00:00:00+00:00,51.5000,-4.5000,9.3582
2021-02-15T00:00:00+00:00,51.5000,-3.5000,9.1480
2021-03-16T12:00:00+00:00,53.5000,-5.5000,8.2545
2021-03-16T12:00:00+00:00,53.5000,-4.5000,8.1224
2021-03-16T12:00:00+00:00,53.5000,-3.5000,7.7492
2021-03-16T12:00:00+00:00,52.5000,-6.5000,9.0744
2021-03-16T12:00:00+00:00,52.5000,-5.5000,8.7284
2021-03-16T12:00:00+00:00,52.5000,-4.5000,8.5927
2021-03-16T12:00:00+00:00,51.5000,-6.5000,9.3539
2021-03-16T12:00:00+00:00,51.5000,-5.5000,9.2565
2021-03-16T12:00:00+00:00,51.5000,-4.5000,9.1064
2021-03-16T12:00:00+00:00,51.5000,-3.5000,8.9800
2021-04-16T00:00:00+00:00,53.5000,-5.5000,9.0637
2021-04-16T00:00:00+00:00,53.5000,-4.5000,9.0201
2021-04-16T00:00:00+00:00,53.5000,-3.5000,8.8204
2021-04-16T00:00:00+00:00,52.5000,-6.5000,9.8192
2021-04-16T00:00:00+00:00,52.5000,-5.5000,9.4869
2021-04-16T00:00:00+00:00,52.5000,-4.5000,9.3907
2021-04-16T00:00:00+00:00,51.5000,-6.5000,10.0660
2021-04-16T00:00:00+00:00,51.5000,-5.5000,9.9687
2021-04-16T00:00:00+00:00,51.5000,-4.5000,9.8379
2021-04-16T00:00:00+00:00,51.5000,-3.5000,9.8120
2021-05-16T12:00:00+00:00,53.5000,-5.5000,10.0549
2021-05-16T12:00:00+00:00,53.5000,-4.5000,10.0583
2021-05-16T12:00:00+00:00,53.5000,-3.5000,10.0440
2021-05-16T12:00:00+00:00,52.5000,-6.5000,10.7397
2021-05-16T12:00:00+00:00,52.5000,-5.5000,10.3613
2021-05-16T12:00:00+00:00,52.5000,-4.5000,10.2985
2021-05-16T12:00:00+00:00,51.5000,-6.5000,10.9939
2021-05-16T12:00:00+00:00,51.5000,-5.5000,10.8064
2021-05-16T12:00:00+00:00,51.5000,-4.5000,10.7461
2021-05-16T12:00:00+00:00,51.5000,-3.5000,10.8733
2021-06-16T00:00:00+00:00,53.5000,-5.5000,12.5920
2021-06-16T00:00:00+00:00,53.5000,-4.5000,12.6564
2021-06-16T00:00:00+00:00,53.5000,-3.5000,12.5907
2021-06-16T00:00:00+00:00,52.5000,-6.5000,13.4655
2021-06-16T00:00:00+00:00,52.5000,-5.5000,13.1110
2021-06-16T00:00:00+00:00,52.5000,-4.5000,13.0876
2021-06-16T00:00:00+00:00,51.5000,-6.5000,13.7928
2021-06-16T00:00:00+00:00,51.5000,-5.5000,13.7202
2021-06-16T00:00:00+00:00,51.5000,-4.5000,13.6417
2021-06-16T00:00:00+00:00,51.5000,-3.5000,13.8614
2021-07-16T12:00:00+00:00,53.5000,-5.5000,14.9618
2021-07-16T12:00:00+00:00,53.5000,-4.5000,15.1163
2021-07-16T12:00:00+00:00,53.5000,-3.5000,15.1262
2021-07-16T12:00:00+00:00,52.5000,-6.5000,15.9088
2021-07-16T12:00:00+00:00,52.5000,-5.5000,15.5802
2021-07-16T12:00:00+00:00,52.5000,-4.5000,15.5823
2021-07-16T12:00:00+00:00,51.5000,-6.5000,16.2447
2021-07-16T12:00:00+00:00,51.5000,-5.5000,16.2119
2021-07-16T12:00:00+00:00,51.5000,-4.5000,16.0701
2021-07-16T12:00:00+00:00,51.5000,-3.5000,16.2633
2021-08-16T12:00:00+00:00,53.5000,-5.5000,15.5946
2021-08-16T12:00:00+00:00,53.5000,-4.5000,15.7145
2021-08-16T12:00:00+00:00,53.5000,-3.5000,15.6972
2021-08-16T12:00:00+00:00,52.5000,-6.5000,16.4487
2021-08-16T12:00:00+00:00,52.5000,-5.5000,16.1377
2021-08-16T12:00:00+00:00,52.5000,-4.5000,16.1492
2021-08-16T12:00:00+00:00,51.5000,-6.5000,16.7000
2021-08-16T12:00:00+00:00,51.5000,-5.5000,16.6565
2021-08-16T12:00:00+00:00,51.5000,-4.5000,16.5921
2021-08-16T12:00:00+00:00,51.5000,-3.5000,16.7879
2021-09-16T00:00:00+00:00,53.5000,-5.5000,16.3175
2021-09-16T00:00:00+00:00,53.5000,-4.5000,16.4138
2021-09-16T00:00:00+00:00,53.5000,-3.5000,16.4638
2021-09-16T00:00:00+00:00,52.5000,-6.5000,16.8293
2021-09-16T00:00:00+00:00,52.5000,-5.5000,16.6328
2021-09-16T00:00:00+00:00,52.5000,-4.5000,16.6750
2021-09-16T00:00:00+00:00,51.5000,-6.5000,16.9312
2021-09-16T00:00:00+00:00,51.5000,-5.5000,16.8995
2021-09-16T00:00:00+00:00,51.5000,-4.5000,16.9636
2021-09-16T00:00:00+00:00,51.5000,-3.5000,17.1972
2021-10-16T12:00:00+00:00,53.5000,-5.5000,14.7296
2021-10-16T12:00:00+00:00,53.5000,-4.5000,14.7507
2021-10-16T12:00:00+00:00,53.5000,-3.5000,14.6351
2021-10-16T12:00:00+00:00,52.5000,-6.5000,14.9293
2021-10-16T12:00:00+00:00,52.5000,-5.5000,14.9574
2021-10-16T12:00:00+00:00,52.5000,-4.5000,14.9739
2021-10-16T12:00:00+00:00,51.5000,-6.5000,15.0246
2021-10-16T12:00:00+00:00,51.5000,-5.5000,15.1118
2021-10-16T12:00:00+00:00,51.5000,-4.5000,15.1500
2021-10-16T12:00:00+00:00,51.5000,-3.5000,15.3432
2021-11-16T00:00:00+00:00,53.5000,-5.5000,12.9146
2021-11-16T00:00:00+00:00,53.5000,-4.5000,12.9445
2021-11-16T00:00:00+00:00,53.5000,-3.5000,12.8406
2021-11-16T00:00:00+00:00,52.5000,-6.5000,13.1602
2021-11-16T00:00:00+00:00,52.5000,-5.5000,13.1710
2021-11-16T00:00:00+00:00,52.5000,-4.5000,13.1735
2021-11-16T00:00:00+00:00,51.5000,-6.5000,13.2288
2021-11-16T00:00:00+00:00,51.5000,-5.5000,13.3895
2021-11-16T00:00:00+00:00,51.5000,-4.5000,13.4081
2021-11-16T00:00:00+00:00,51.5000,-3.5000,13.4846
2021-12-16T12:00:00+00:00,53.5000,-5.5000,10.5189
2021-12-16T12:00:00+00:00,53.5000,-4.5000,10.5036
2021-12-16T12:00:00+00:00,53.5000,-3.5000,10.2903
2021-12-16T12:00:00+00:00,52.5000,-6.5000,11.1519
2021-12-16T12:00:00+00:00,52.5000,-5.5000,10.9561
2021-12-16T12:00:00+00:00,52.5000,-4.5000,10.9307
2021-12-16T12:00:00+00:00,51.5000,-6.5000,11.3071
2021-12-16T12:00:00+00:00,51.5000,-5.5000,11.3459
2021-12-16T12:00:00+00:00,51.5000,-4.5000,11.3358
2021-12-16T12:00:00+00:00,51.5000,-3.5000,11.5361
2022-01-16T12:00:00+00:00,53.5000,-5.5000,9.6323
2022-01-16T12:00:00+00:00,53.5000,-4.5000,9.5105
2022-01-16T12:00:00+00:00,53.5000,-3.5000,9.1509
2022-01-16T12:00:00+00:00,52.5000,-6.5000,10.2754
2022-01-16T12:00:00+00:00,52.5000,-5.5000,10.0485
2022-01-16T12:00:00+00:00,52.5000,-4.5000,9.9617
2022-01-16T12:00:00+00:00,51.5000,-6.5000,10.4757
2022-01-16T12:00:00+00:00,51.5000,-5.5000,10.4608
2022-01-16T12:00:00+00:00,51.5000,-4.5000,10.3817
2022-01-16T12:00:00+00:00,51.5000,-3.5000,10.5208
2022-02-15T00:00:00+00:00,53.5000,-5.5000,9.3166
2022-02-15T00:00:00+00:00,53.5000,-4.5000,9.1055
2022-02-15T00:00:00+00:00,53.5000,-3.5000,8.6707
2022-02-15T00:00:00+00:00,52.5000,-6.5000,9.8789
2022-02-15T00:00:00+00:00,52.5000,-5.5000,9.6377
2022-02-15T00:00:00+00:00,52.5000,-4.5000,9.4405
2022-02-15T00:00:00+00:00,51.5000,-6.5000,10.1258
2022-02-15T00:00:00+00:00,51.5000,-5.5000,10.0486
2022-02-15T00:00:00+00:00,51.5000,-4.5000,9.7976
2022-02-15T00:00:00+00:00,51.5000,-3.5000,9.5811
2022-03-16T12:00:00+00:00,53.5000,-5.5000,8.6971
2022-03-16T12:00:00+00:00,53.5000,-4.5000,8.5012
2022-03-16T12:00:00+00:00,53.5000,-3.5000,8.0800
2022-03-16T12:00:00+00:00,52.5000,-6.5000,9.5951
2022-03-16T12:00:00+00:00,52.5000,-5.5000,9.1508
2022-03-16T12:00:00+00:00,52.5000,-4.5000,8.9780
2022-03-16T12:00:00+00:00,51.5000,-6.5000,9.8846
2022-03-16T12:00:00+00:00,51.5000,-5.5000,9.6965
2022-03-16T12:00:00+00:00,51.5000,-4.5000,9.5289
2022-03-16T12:00:00+00:00,51.5000,-3.5000,9.7218
2022-04-16T00:00:00+00:00,53.5000,-5.5000,9.4987
2022-04-16T00:00:00+00:00,53.5000,-4.5000,9.4691
2022-04-16T00:00:00+00:00,53.5000,-3.5000,9.1814
2022-04-16T00:00:00+00:00,52.5000,-6.5000,10.5975
2022-04-16T00:00:00+00:00,52.5000,-5.5000,10.1482
2022-04-16T00:00:00+00:00,52.5000,-4.5000,10.0853
2022-04-16T00:00:00+00:00,51.5000,-6.5000,10.8153
2022-04-16T00:00:00+00:00,51.5000,-5.5000,10.7021
2022-04-16T00:00:00+00:00,51.5000,-4.5000,10.6101
2022-04-16T00:00:00+00:00,51.5000,-3.5000,10.7255
2022-05-16T12:00:00+00:00,53.5000,-5.5000,11.6637
2022-05-16T12:00:00+00:00,53.5000,-4.5000,11.7085
2022-05-16T12:00:00+00:00,53.5000,-3.5000,11.5738
2022-05-16T12:00:00+00:00,52.5000,-6.5000,12.9078
2022-05-16T12:00:00+00:00,52.5000,-5.5000,12.3455
2022-05-16T12:00:00+00:00,52.5000,-4.5000,12.1623
2022-05-16T12:00:00+00:00,51.5000,-6.5000,13.1320
2022-05-16T12:00:00+00:00,51.5000,-5.5000,12.9577
2022-05-16T12:00:00+00:00,51.5000,-4.5000,12.6260
2022-05-16T12:00:00+00:00,51.5000,-3.5000,12.7238
2022-06-16T00:00:00+00:00,53.5000,-5.5000,13.3907
2022-06-16T00:00:00+00:00,53.5000,-4.5000,13.4326
2022-06-16T00:00:00+00:00,53.5000,-3.5000,13.2041
2022-06-16T00:00:00+00:00,52.5000,-6.5000,15.0321
2022-06-16T00:00:00+00:00,52.5000,-5.5000,14.3097
2022-06-16T00:00:00+00:00,52.5000,-4.5000,14.1237
2022-06-16T00:00:00+00:00,51.5000,-6.5000,15.2924
2022-06-16T00:00:00+00:00,51.5000,-5.5000,15.1203
2022-06-16T00:00:00+00:00,51.5000,-4.5000,14.7998
2022-06-16T00:00:00+00:00,51.5000,-3.5000,14.9927
2022-07-16T12:00:00+00:00,53.5000,-5.5000,15.0722
2022-07-16T12:00:00+00:00,53.5000,-4.5000,15.0957
2022-07-16T12:00:00+00:00,53.5000,-3.5000,14.7870
2022-07-16T12:00:00+00:00,52.5000,-6.5000,16.5321
2022-07-16T12:00:00+00:00,52.5000,-5.5000,15.9720
2022-07-16T12:00:00+00:00,52.5000,-4.5000,15.8606
2022-07-16T12:00:00+00:00,51.5000,-6.5000,16.8716
2022-07-16T12:00:00+00:00,51.5000,-5.5000,16.8249
2022-07-16T12:00:00+00:00,51.5000,-4.5000,16.6187
2022-07-16T12:00:00+00:00,51.5000,-3.5000,16.9279
2022-08-16T12:00:00+00:00,53.5000,-5.5000,16.5241
2022-08-16T12:00:00+00:00,53.5000,-4.5000,16.5404
2022-08-16T12:00:00+00:00,53.5000,-3.5000,16.2087
2022-08-16T12:00:00+00:00,52.5000,-6.5000,17.8483
2022-08-16T12:00:00+00:00,52.5000,-5.5000,17.3678
2022-08-16T12:00:00+00:00,52.5000,-4.5000,17.2509
2022-08-16T12:00:00+00:00,51.5000,-6.5000,18.1063
2022-08-16T12:00:00+00:00,51.5000,-5.5000,18.0233
2022-08-16T12:00:00+00:00,51.5000,-4.5000,17.7780
2022-08-16T12:00:00+00:00,51.5000,-3.5000,18.0869
2022-09-16T00:00:00+00:00,53.5000,-5.5000,15.9045
2022-09-16T00:00:00+00:00,53.5000,-4.5000,16.0567
2022-09-16T00:00:00+00:00,53.5000,-3.5000,16.1154
2022-09-16T00:00:00+00:00,52.5000,-6.5000,16.5925
2022-09-16T00:00:00+00:00,52.5000,-5.5000,16.3593
2022-09-16T00:00:00+00:00,52.5000,-4.5000,16.3492
2022-09-16T00:00:00+00:00,51.5000,-6.5000,16.7572
2022-09-16T00:00:00+00:00,51.5000,-5.5000,16.7336
2022-09-16T00:00:00+00:00,51.5000,-4.5000,16.6519
2022-09-16T00:00:00+00:00,51.5000,-3.5000,17.0575
2022-10-16T12:00:00+00:00,53.5000,-5.5000,14.9722
2022-10-16T12:00:00+00:00,53.5000,-4.5000,15.0588
2022-10-16T12:00:00+00:00,53.5000,-3.5000,15.0463
2022-10-16T12:00:00+00:00,52.5000,-6.5000,15.2172
2022-10-16T12:00:00+00:00,52.5000,-5.5000,15.2224
2022-10-16T12:00:00+00:00,52.5000,-4.5000,15.2388
2022-10-16T12:00:00+00:00,51.5000,-6.5000,15.2795
2022-10-16T12:00:00+00:00,51.5000,-5.5000,15.4084
2022-10-16T12:00:00+00:00,51.5000,-4.5000,15.4027
2022-10-16T12:00:00+00:00,51.5000,-3.5000,15.6528
2022-11-16T00:00:00+00:00,53.5000,-5.5000,13.1645
2022-11-16T00:00:00+00:00,53.5000,-4.5000,13.2828
2022-11-16T00:00:00+00:00,53.5000,-3.5000,13.3770
2022-11-16T00:00:00+00:00,52.5000,-6.5000,13.3744
2022-11-16T00:00:00+00:00,52.5000,-5.5000,13.3639
2022-11-16T00:00:00+00:00,52.5000,-4.5000,13.3656
2022-11-16T00:00:00+00:00,51.5000,-6.5000,13.4132
2022-11-16T00:00:00+00:00,51.5000,-5.5000,13.5656
2022-11-16T00:00:00+00:00,51.5000,-4.5000,13.5726
2022-11-16T00:00:00+00:00,51.5000,-3.5000,13.8437
2022-12-16T12:00:00+00:00,53.5000,-5.5000,11.0875
2022-12-16T12:00:00+00:00,53.5000,-4.5000,11.0748
2022-12-16T12:00:00+00:00,53.5000,-3.5000,10.8923
2022-12-16T12:00:00+00:00,52.5000,-6.5000,11.6420
2022-12-16T12:00:00+00:00,52.5000,-5.5000,11.4719
2022-12-16T12:00:00+00:00,52.5000,-4.5000,11.4047
2022-12-16T12:00:00+00:00,51.5000,-6.5000,11.7578
2022-12-16T12:00:00+00:00,51.5000,-5.5000,11.8084
2022-12-16T12:00:00+00:00,51.5000,-4.5000,11.7231
2022-12-16T12:00:00+00:00,51.5000,-3.5000,11.6970
2023-01-16T12:00:00+00:00,53.5000,-5.5000,10.0129
2023-01-16T12:00:00+00:00,53.5000,-4.5000,9.9292
2023-01-16T12:00:00+00:00,53.5000,-3.5000,9.7213
2023-01-16T12:00:00+00:00,52.5000,-6.5000,10.8083
2023-01-16T12:00:00+00:00,52.5000,-5.5000,10.4115
2023-01-16T12:00:00+00:00,52.5000,-4.5000,10.2626
2023-01-16T12:00:00+00:00,51.5000,-6.5000,11.0027
2023-01-16T12:00:00+00:00,51.5000,-5.5000,10.8340
2023-01-16T12:00:00+00:00,51.5000,-4.5000,10.6673
2023-01-16T12:00:00+00:00,51.5000,-3.5000,10.8365
2023-02-15T00:00:00+00:00,53.5000,-5.5000,8.9776
2023-02-15T00:00:00+00:00,53.5000,-4.5000,8.8857
2023-02-15T00:00:00+00:00,53.5000,-3.5000,8.4661
2023-02-15T00:00:00+00:00,52.5000,-6.5000,9.9238
2023-02-15T00:00:00+00:00,52.5000,-5.5000,9.6022
2023-02-15T00:00:00+00:00,52.5000,-4.5000,9.5120
2023-02-15T00:00:00+00:00,51.5000,-6.5000,10.1593
2023-02-15T00:00:00+00:00,51.5000,-5.5000,10.1220
2023-02-15T00:00:00+00:00,51.5000,-4.5000,9.9883
2023-02-15T00:00:00+00:00,51.5000,-3.5000,10.0558
2023-03-16T12:00:00+00:00,53.5000,-5.5000,8.6069
2023-03-16T12:00:00+00:00,53.5000,-4.5000,8.4861
2023-03-16T12:00:00+00:00,53.5000,-3.5000,8.2358
2023-03-16T12:00:00+00:00,52.5000,-6.5000,9.5922
2023-03-16T12:00:00+00:00,52.5000,-5.5000,9.0547
2023-03-16T12:00:00+00:00,52.5000,-4.5000,8.8589
2023-03-16T12:00:00+00:00,51.5000,-6.5000,9.8878
2023-03-16T12:00:00+00:00,51.5000,-5.5000,9.5938
2023-03-16T12:00:00+00:00,51.5000,-4.5000,9.3637
2023-03-16T12:00:00+00:00,51.5000,-3.5000,9.5909
2023-04-16T00:00:00+00:00,53.5000,-5.5000,9.4872
2023-04-16T00:00:00+00:00,53.5000,-4.5000,9.4404
2023-04-16T00:00:00+00:00,53.5000,-3.5000,9.3195
2023-04-16T00:00:00+00:00,52.5000,-6.5000,10.3358
2023-04-16T00:00:00+00:00,52.5000,-5.5000,9.8739
2023-04-16T00:00:00+00:00,52.5000,-4.5000,9.7810
2023-04-16T00:00:00+00:00,51.5000,-6.5000,10.5678
2023-04-16T00:00:00+00:00,51.5000,-5.5000,10.3555
2023-04-16T00:00:00+00:00,51.5000,-4.5000,10.2939
2023-04-16T00:00:00+00:00,51.5000,-3.5000,10.6442
2023-05-16T12:00:00+00:00,53.5000,-5.5000,11.5592
2023-05-16T12:00:00+00:00,53.5000,-4.5000,11.5143
2023-05-16T12:00:00+00:00,53.5000,-3.5000,11.2538
2023-05-16T12:00:00+00:00,52.5000,-6.5000,12.5435
2023-05-16T12:00:00+00:00,52.5000,-5.5000,12.1218
2023-05-16T12:00:00+00:00,52.5000,-4.5000,11.9589
2023-05-16T12:00:00+00:00,51.5000,-6.5000,12.7885
2023-05-16T12:00:00+00:00,51.5000,-5.5000,12.6418
2023-05-16T12:00:00+00:00,51.5000,-4.5000,12.3615
2023-05-16T12:00:00+00:00,51.5000,-3.5000,12.3874
2023-06-16T00:00:00+00:00,53.5000,-5.5000,14.3094
2023-06-16T00:00:00+00:00,53.5000,-4.5000,14.4010
2023-06-16T00:00:00+00:00,53.5000,-3.5000,14.3647
2023-06-16T00:00:00+00:00,52.5000,-6.5000,15.6105
2023-06-16T00:00:00+00:00,52.5000,-5.5000,15.0050
2023-06-16T00:00:00+00:00,52.5000,-4.5000,14.9493
2023-06-16T00:00:00+00:00,51.5000,-6.5000,15.9369
2023-06-16T00:00:00+00:00,51.5000,-5.5000,15.6948
2023-06-16T00:00:00+00:00,51.5000,-4.5000,15.5805
2023-06-16T00:00:00+00:00,51.5000,-3.5000,15.8142
2023-07-16T12:00:00+00:00,53.5000,-5.5000,15.5102
2023-07-16T12:00:00+00:00,53.5000,-4.5000,15.4807
2023-07-16T12:00:00+00:00,53.5000,-3.5000,15.3055
2023-07-16T12:00:00+00:00,52.5000,-6.5000,16.6965
2023-07-16T12:00:00+00:00,52.5000,-5.5000,16.1154
2023-07-16T12:00:00+00:00,52.5000,-4.5000,15.9188
2023-07-16T12:00:00+00:00,51.5000,-6.5000,16.9196
2023-07-16T12:00:00+00:00,51.5000,-5.5000,16.6655
2023-07-16T12:00:00+00:00,51.5000,-4.5000,16.3836
2023-07-16T12:00:00+00:00,51.5000,-3.5000,16.7255
2023-08-16T12:00:00+00:00,53.5000,-5.5000,16.1583
2023-08-16T12:00:00+00:00,53.5000,-4.5000,16.2731
2023-08-16T12:00:00+00:00,53.5000,-3.5000,16.3758
2023-08-16T12:00:00+00:00,52.5000,-6.5000,16.9121
2023-08-16T12:00:00+00:00,52.5000,-5.5000,16.5531
2023-08-16T12:00:00+00:00,52.5000,-4.5000,16.5623
2023-08-16T12:00:00+00:00,51.5000,-6.5000,17.0962
2023-08-16T12:00:00+00:00,51.5000,-5.5000,16.9331
2023-08-16T12:00:00+00:00,51.5000,-4.5000,16.9410
2023-08-16T12:00:00+00:00,51.5000,-3.5000,17.2641
2023-09-16T00:00:00+00:00,53.5000,-5.5000,16.2585
2023-09-16T00:00:00+00:00,53.5000,-4.5000,16.4339
2023-09-16T00:00:00+00:00,53.5000,-3.5000,16.5138
2023-09-16T00:00:00+00:00,52.5000,-6.5000,16.8262
2023-09-16T00:00:00+00:00,52.5000,-5.5000,16.6824
2023-09-16T00:00:00+00:00,52.5000,-4.5000,16.8130
2023-09-16T00:00:00+00:00,51.5000,-6.5000,16.9689
2023-09-16T00:00:00+00:00,51.5000,-5.5000,17.0084
2023-09-16T00:00:00+00:00,51.5000,-4.5000,17.1673
2023-09-16T00:00:00+00:00,51.5000,-3.5000,17.5151
2023-10-16T12:00:00+00:00,53.5000,-5.5000,15.1061
2023-10-16T12:00:00+00:00,53.5000,-4.5000,15.1568
2023-10-16T12:00:00+00:00,53.5000,-3.5000,15.0728
2023-10-16T12:00:00+00:00,52.5000,-6.5000,15.4515
2023-10-16T12:00:00+00:00,52.5000,-5.5000,15.4047
2023-10-16T12:00:00+00:00,52.5000,-4.5000,15.4843
2023-10-16T12:00:00+00:00,51.5000,-6.5000,15.4630
2023-10-16T12:00:00+00:00,51.5000,-5.5000,15.5981
2023-10-16T12:00:00+00:00,51.5000,-4.5000,15.7925
2023-10-16T12:00:00+00:00,51.5000,-3.5000,16.2104
2023-11-16T00:00:00+00:00,53.5000,-5.5000,12.4876
2023-11-16T00:00:00+00:00,53.5000,-4.5000,12.5920
2023-11-16T00:00:00+00:00,53.5000,-3.5000,12.4910
2023-11-16T00:00:00+00:00,52.5000,-6.5000,12.9396
2023-11-16T00:00:00+00:00,52.5000,-5.5000,12.9266
2023-11-16T00:00:00+00:00,52.5000,-4.5000,12.9908
2023-11-16T00:00:00+00:00,51.5000,-6.5000,12.9670
2023-11-16T00:00:00+00:00,51.5000,-5.5000,13.2264
2023-11-16T00:00:00+00:00,51.5000,-4.5000,13.3195
2023-11-16T00:00:00+00:00,51.5000,-3.5000,13.4186
2023-12-16T12:00:00+00:00,53.5000,-5.5000,10.9190
2023-12-16T12:00:00+00:00,53.5000,-4.5000,10.8547
2023-12-16T12:00:00+00:00,53.5000,-3.5000,10.5497
2023-12-16T12:00:00+00:00,52.5000,-6.5000,11.6070
2023-12-16T12:00:00+00:00,52.5000,-5.5000,11.3857
2023-12-16T12:00:00+00:00,52.5000,-4.5000,11.3001
2023-12-16T12:00:00+00:00,51.5000,-6.5000,11.7369
2023-12-16T12:00:00+00:00,51.5000,-5.5000,11.8093
2023-12-16T12:00:00+00:00,51.5000,-4.5000,11.7501
2023-12-16T12:00:00+00:00,51.5000,-3.5000,11.7250
2024-01-16T12:00:00+00:00,53.5000,-5.5000,9.5671
2024-01-16T12:00:00+00:00,53.5000,-4.5000,9.4514
2024-01-16T12:00:00+00:00,53.5000,-3.5000,9.1594
2024-01-16T12:00:00+00:00,52.5000,-6.5000,10.4858
2024-01-16T12:00:00+00:00,52.5000,-5.5000,10.0390
2024-01-16T12:00:00+00:00,52.5000,-4.5000,9.8439
2024-01-16T12:00:00+00:00,51.5000,-6.5000,10.7501
2024-01-16T12:00:00+00:00,51.5000,-5.5000,10.5720
2024-01-16T12:00:00+00:00,51.5000,-4.5000,10.3433
2024-01-16T12:00:00+00:00,51.5000,-3.5000,10.2222
2024-02-15T12:00:00+00:00,53.5000,-5.5000,9.0905
2024-02-15T12:00:00+00:00,53.5000,-4.5000,8.8928
2024-02-15T12:00:00+00:00,53.5000,-3.5000,8.4453
2024-02-15T12:00:00+00:00,52.5000,-6.5000,10.0098
2024-02-15T12:00:00+00:00,52.5000,-5.5000,9.5775
2024-02-15T12:00:00+00:00,52.5000,-4.5000,9.3973
2024-02-15T12:00:00+00:00,51.5000,-6.5000,10.3390
2024-02-15T12:00:00+00:00,51.5000,-5.5000,10.1540
2024-02-15T12:00:00+00:00,51.5000,-4.5000,9.9692
2024-02-15T12:00:00+00:00,51.5000,-3.5000,10.1817
2024-03-16T12:00:00+00:00,53.5000,-5.5000,8.9716
2024-03-16T12:00:00+00:00,53.5000,-4.5000,8.7921
2024-03-16T12:00:00+00:00,53.5000,-3.5000,8.3082
2024-03-16T12:00:00+00:00,52.5000,-6.5000,9.9743
2024-03-16T12:00:00+00:00,52.5000,-5.5000,9.5422
2024-03-16T12:00:00+00:00,52.5000,-4.5000,9.3216
2024-03-16T12:00:00+00:00,51.5000,-6.5000,10.2780
2024-03-16T12:00:00+00:00,51.5000,-5.5000,10.1454
2024-03-16T12:00:00+00:00,51.5000,-4.5000,9.8491
2024-03-16T12:00:00+00:00,51.5000,-3.5000,9.7439
2024-04-16T00:00:00+00:00,53.5000,-5.5000,9.8377
2024-04-16T00:00:00+00:00,53.5000,-4.5000,9.7755
2024-04-16T00:00:00+00:00,53.5000,-3.5000,9.5167
2024-04-16T00:00:00+00:00,52.5000,-6.5000,10.8670
2024-04-16T00:00:00+00:00,52.5000,-5.5000,10.3893
2024-04-16T00:00:00+00:00,52.5000,-4.5000,10.1937
2024-04-16T00:00:00+00:00,51.5000,-6.5000,11.1134
2024-04-16T00:00:00+00:00,51.5000,-5.5000,10.9492
2024-04-16T00:00:00+00:00,51.5000,-4.5000,10.6577
2024-04-16T00:00:00+00:00,51.5000,-3.5000,10.7143
2024-05-16T12:00:00+00:00,53.5000,-5.5000,11.5355
2024-05-16T12:00:00+00:00,53.5000,-4.5000,11.6146
2024-05-16T12:00:00+00:00,53.5000,-3.5000,11.4916
2024-05-16T12:00:00+00:00,52.5000,-6.5000,12.6285
2024-05-16T12:00:00+00:00,52.5000,-5.5000,12.1986
2024-05-16T12:00:00+00:00,52.5000,-4.5000,12.1995
2024-05-16T12:00:00+00:00,51.5000,-6.5000,12.8386
2024-05-16T12:00:00+00:00,51.5000,-5.5000,12.7762
2024-05-16T12:00:00+00:00,51.5000,-4.5000,12.7721
2024-05-16T12:00:00+00:00,51.5000,-3.5000,13.0309
2024-06-16T00:00:00+00:00,53.5000,-5.5000,13.2401
2024-06-16T00:00:00+00:00,53.5000,-4.5000,13.3308
2024-06-16T00:00:00+00:00,53.5000,-3.5000,13.2442
2024-06-16T00:00:00+00:00,52.5000,-6.5000,14.3447
2024-06-16T00:00:00+00:00,52.5000,-5.5000,13.9026
2024-06-16T00:00:00+00:00,52.5000,-4.5000,13.8275
2024-06-16T00:00:00+00:00,51.5000,-6.5000,14.6638
2024-06-16T00:00:00+00:00,51.5000,-5.5000,14.5888
2024-06-16T00:00:00+00:00,51.5000,-4.5000,14.4226
2024-06-16T00:00:00+00:00,51.5000,-3.5000,14.7724
2024-07-16T12:00:00+00:00,53.5000,-5.5000,14.5723
2024-07-16T12:00:00+00:00,53.5000,-4.5000,14.6661
2024-07-16T12:00:00+00:00,53.5000,-3.5000,14.4372
2024-07-16T12:00:00+00:00,52.5000,-6.5000,15.9342
2024-07-16T12:00:00+00:00,52.5000,-5.5000,15.4667
2024-07-16T12:00:00+00:00,52.5000,-4.5000,15.4467
2024-07-16T12:00:00+00:00,51.5000,-6.5000,16.2344
2024-07-16T12:00:00+00:00,51.5000,-5.5000,16.2929
2024-07-16T12:00:00+00:00,51.5000,-4.5000,16.2064
2024-07-16T12:00:00+00:00,51.5000,-3.5000,16.4995
2024-08-16T12:00:00+00:00,53.5000,-5.5000,15.9555
2024-08-16T12:00:00+00:00,53.5000,-4.5000,16.0328
2024-08-16T12:00:00+00:00,53.5000,-3.5000,15.9086
2024-08-16T12:00:00+00:00,52.5000,-6.5000,17.0484
2024-08-16T12:00:00+00:00,52.5000,-5.5000,16.6204
2024-08-16T12:00:00+00:00,52.5000,-4.5000,16.6443
2024-08-16T12:00:00+00:00,51.5000,-6.5000,17.4072
2024-08-16T12:00:00+00:00,51.5000,-5.5000,17.3035
2024-08-16T12:00:00+00:00,51.5000,-4.5000,17.3068
2024-08-16T12:00:00+00:00,51.5000,-3.5000,17.6063
2024-09-16T00:00:00+00:00,53.5000,-5.5000,15.6347
2024-09-16T00:00:00+00:00,53.5000,-4.5000,15.7425
2024-09-16T00:00:00+00:00,53.5000,-3.5000,15.7375
2024-09-16T00:00:00+00:00,52.5000,-6.5000,16.1310
2024-09-16T00:00:00+00:00,52.5000,-5.5000,16.0079
2024-09-16T00:00:00+00:00,52.5000,-4.5000,16.0353
2024-09-16T00:00:00+00:00,51.5000,-6.5000,16.2725
2024-09-16T00:00:00+00:00,51.5000,-5.5000,16.2902
2024-09-16T00:00:00+00:00,51.5000,-4.5000,16.2674
2024-09-16T00:00:00+00:00,51.5000,-3.5000,16.5481
2024-10-16T12:00:00+00:00,53.5000,-5.5000,14.4544
2024-10-16T12:00:00+00:00,53.5000,-4.5000,14.4612
2024-10-16T12:00:00+00:00,53.5000,-3.5000,14.3790
2024-10-16T12:00:00+00:00,52.5000,-6.5000,14.7311
2024-10-16T12:00:00+00:00,52.5000,-5.5000,14.6624
2024-10-16T12:00:00+00:00,52.5000,-4.5000,14.6779
2024-10-16T12:00:00+00:00,51.5000,-6.5000,14.7728
2024-10-16T12:00:00+00:00,51.5000,-5.5000,14.7946
2024-10-16T12:00:00+00:00,51.5000,-4.5000,14.8653
2024-10-16T12:00:00+00:00,51.5000,-3.5000,15.0990
2024-11-16T00:00:00+00:00,53.5000,-5.5000,13.2241
2024-11-16T00:00:00+00:00,53.5000,-4.5000,13.2196
2024-11-16T00:00:00+00:00,53.5000,-3.5000,13.0728
2024-11-16T00:00:00+00:00,52.5000,-6.5000,13.4888
2024-11-16T00:00:00+00:00,52.5000,-5.5000,13.4755
2024-11-16T00:00:00+00:00,52.5000,-4.5000,13.5269
2024-11-16T00:00:00+00:00,51.5000,-6.5000,13.5492
2024-11-16T00:00:00+00:00,51.5000,-5.5000,13.6785
2024-11-16T00:00:00+00:00,51.5000,-4.5000,13.8232
2024-11-16T00:00:00+00:00,51.5000,-3.5000,14.1380
2024-12-16T12:00:00+00:00,53.5000,-5.5000,11.2186
2024-12-16T12:00:00+00:00,53.5000,-4.5000,11.1391
2024-12-16T12:00:00+00:00,53.5000,-3.5000,10.8826
2024-12-16T12:00:00+00:00,52.5000,-6.5000,11.8655
2024-12-16T12:00:00+00:00,52.5000,-5.5000,11.6061
2024-12-16T12:00:00+00:00,52.5000,-4.5000,11.4729
2024-12-16T12:00:00+00:00,51.5000,-6.5000,12.0328
2024-12-16T12:00:00+00:00,51.5000,-5.5000,11.9684
2024-12-16T12:00:00+00:00,51.5000,-4.5000,11.8006
2024-12-16T12:00:00+00:00,51.5000,-3.5000,11.7420
2025-01-16T12:00:00+00:00,53.5000,-5.5000,9.8473
2025-01-16T12:00:00+00:00,53.5000,-4.5000,9.7440
2025-01-16T12:00:00+00:00,53.5000,-3.5000,9.5268
2025-01-16T12:00:00+00:00,52.5000,-6.5000,10.5633
2025-01-16T12:00:00+00:00,52.5000,-5.5000,10.1954
2025-01-16T12:00:00+00:00,52.5000,-4.5000,10.0460
2025-01-16T12:00:00+00:00,51.5000,-6.5000,10.7957
2025-01-16T12:00:00+00:00,51.5000,-5.5000,10.5990
2025-01-16T12:00:00+00:00,51.5000,-4.5000,10.4163
2025-01-16T12:00:00+00:00,51.5000,-3.5000,10.5290
2025-02-15T00:00:00+00:00,53.5000,-5.5000,8.7124
2025-02-15T00:00:00+00:00,53.5000,-4.5000,8.6223
2025-02-15T00:00:00+00:00,53.5000,-3.5000,8.2939
2025-02-15T00:00:00+00:00,52.5000,-6.5000,9.7163
2025-02-15T00:00:00+00:00,52.5000,-5.5000,9.2834
2025-02-15T00:00:00+00:00,52.5000,-4.5000,9.1140
2025-02-15T00:00:00+00:00,51.5000,-6.5000,9.9625
2025-02-15T00:00:00+00:00,51.5000,-5.5000,9.8061
2025-02-15T00:00:00+00:00,51.5000,-4.5000,9.5387
2025-02-15T00:00:00+00:00,51.5000,-3.5000,9.2715
2025-03-16T12:00:00+00:00,53.5000,-5.5000,8.7957
2025-03-16T12:00:00+00:00,53.5000,-4.5000,8.6956
2025-03-16T12:00:00+00:00,53.5000,-3.5000,8.4141
2025-03-16T12:00:00+00:00,52.5000,-6.5000,9.7557
2025-03-16T12:00:00+00:00,52.5000,-5.5000,9.2902
2025-03-16T12:00:00+00:00,52.5000,-4.5000,9.1339
2025-03-16T12:00:00+00:00,51.5000,-6.5000,10.0239
2025-03-16T12:00:00+00:00,51.5000,-5.5000,9.8163
2025-03-16T12:00:00+00:00,51.5000,-4.5000,9.6093
2025-03-16T12:00:00+00:00,51.5000,-3.5000,9.7256
2025-04-16T00:00:00+00:00,53.5000,-5.5000,9.8703
2025-04-16T00:00:00+00:00,53.5000,-4.5000,9.8993
2025-04-16T00:00:00+00:00,53.5000,-3.5000,9.7619
2025-04-16T00:00:00+00:00,52.5000,-6.5000,10.9198
2025-04-16T00:00:00+00:00,52.5000,-5.5000,10.4559
2025-04-16T00:00:00+00:00,52.5000,-4.5000,10.4017
2025-04-16T00:00:00+00:00,51.5000,-6.5000,11.1871
2025-04-16T00:00:00+00:00,51.5000,-5.5000,11.0391
2025-04-16T00:00:00+00:00,51.5000,-4.5000,10.9528
2025-04-16T00:00:00+00:00,51.5000,-3.5000,11.1953
2025-05-16T12:00:00+00:00,53.5000,-5.5000,11.6821
2025-05-16T12:00:00+00:00,53.5000,-4.5000,11.7071
2025-05-16T12:00:00+00:00,53.5000,-3.5000,11.4086
2025-05-16T12:00:00+00:00,52.5000,-6.5000,12.9657
2025-05-16T12:00:00+00:00,52.5000,-5.5000,12.4909
2025-05-16T12:00:00+00:00,52.5000,-4.5000,12.3489
2025-05-16T12:00:00+00:00,51.5000,-6.5000,13.2172
2025-05-16T12:00:00+00:00,51.5000,-5.5000,13.1736
2025-05-16T12:00:00+00:00,51.5000,-4.5000,12.8713
2025-05-16T12:00:00+00:00,51.5000,-3.5000,12.8566
2025-06-16T00:00:00+00:00,53.5000,-5.5000,13.4527
2025-06-16T00:00:00+00:00,53.5000,-4.5000,13.5127
2025-06-16T00:00:00+00:00,53.5000,-3.5000,13.2477
2025-06-16T00:00:00+00:00,52.5000,-6.5000,15.2590
2025-06-16T00:00:00+00:00,52.5000,-5.5000,14.4915
2025-06-16T00:00:00+00:00,52.5000,-4.5000,14.4236
2025-06-16T00:00:00+00:00,51.5000,-6.5000,15.5759
2025-06-16T00:00:00+00:00,51.5000,-5.5000,15.3414
2025-06-16T00:00:00+00:00,51.5000,-4.5000,15.2274
2025-06-16T00:00:00+00:00,51.5000,-3.5000,15.4737
2025-07-16T12:00:00+00:00,53.5000,-5.5000,15.7949
2025-07-16T12:00:00+00:00,53.5000,-4.5000,15.7938
2025-07-16T12:00:00+00:00,53.5000,-3.5000,15.5262
2025-07-16T12:00:00+00:00,52.5000,-6.5000,17.3206
2025-07-16T12:00:00+00:00,52.5000,-5.5000,16.6493
2025-07-16T12:00:00+00:00,52.5000,-4.5000,16.4348
2025-07-16T12:00:00+00:00,51.5000,-6.5000,17.6101
2025-07-16T12:00:00+00:00,51.5000,-5.5000,17.4785
2025-07-16T12:00:00+00:00,51.5000,-4.5000,17.1548
2025-07-16T12:00:00+00:00,51.5000,-3.5000,17.5208
2025-08-16T12:00:00+00:00,53.5000,-5.5000,16.7792
2025-08-16T12:00:00+00:00,53.5000,-4.5000,16.7688
2025-08-16T12:00:00+00:00,53.5000,-3.5000,16.5256
2025-08-16T12:00:00+00:00,52.5000,-6.5000,17.6924
2025-08-16T12:00:00+00:00,52.5000,-5.5000,17.3523
2025-08-16T12:00:00+00:00,52.5000,-4.5000,17.3519
2025-08-16T12:00:00+00:00,51.5000,-6.5000,17.9762
2025-08-16T12:00:00+00:00,51.5000,-5.5000,17.8983
2025-08-16T12:00:00+00:00,51.5000,-4.5000,17.8926
2025-08-16T12:00:00+00:00,51.5000,-3.5000,18.0740
2025-09-16T00:00:00+00:00,53.5000,-5.5000,15.6155
2025-09-16T00:00:00+00:00,53.5000,-4.5000,15.7083
2025-09-16T00:00:00+00:00,53.5000,-3.5000,15.8202
2025-09-16T00:00:00+00:00,52.5000,-6.5000,15.9959
2025-09-16T00:00:00+00:00,52.5000,-5.5000,15.8228
2025-09-16T00:00:00+00:00,52.5000,-4.5000,15.8085
2025-09-16T00:00:00+00:00,51.5000,-6.5000,16.1821
2025-09-16T00:00:00+00:00,51.5000,-5.5000,16.0577
2025-09-16T00:00:00+00:00,51.5000,-4.5000,16.0043
2025-09-16T00:00:00+00:00,51.5000,-3.5000,16.4047
2025-10-16T12:00:00+00:00,53.5000,-5.5000,14.6242
2025-10-16T12:00:00+00:00,53.5000,-4.5000,14.6361
2025-10-16T12:00:00+00:00,53.5000,-3.5000,14.6024
2025-10-16T12:00:00+00:00,52.5000,-6.5000,14.8727
2025-10-16T12:00:00+00:00,52.5000,-5.5000,14.7872
2025-10-16T12:00:00+00:00,52.5000,-4.5000,14.8061
2025-10-16T12:00:00+00:00,51.5000,-6.5000,14.8482
2025-10-16T12:00:00+00:00,51.5000,-5.5000,14.8606
2025-10-16T12:00:00+00:00,51.5000,-4.5000,14.9773
2025-10-16T12:00:00+00:00,51.5000,-3.5000,15.3107
2025-11-16T00:00:00+00:00,53.5000,-5.5000,12.9390
2025-11-16T00:00:00+00:00,53.5000,-4.5000,12.9922
2025-11-16T00:00:00+00:00,53.5000,-3.5000,12.8998
2025-11-16T00:00:00+00:00,52.5000,-6.5000,13.3688
2025-11-16T00:00:00+00:00,52.5000,-5.5000,13.2891
2025-11-16T00:00:00+00:00,52.5000,-4.5000,13.2715
2025-11-16T00:00:00+00:00,51.5000,-6.5000,13.3515
2025-11-16T00:00:00+00:00,51.5000,-5.5000,13.4758
2025-11-16T00:00:00+00:00,51.5000,-4.5000,13.4655
2025-11-16T00:00:00+00:00,51.5000,-3.5000,13.5311
2025-12-16T12:00:00+00:00,53.5000,-5.5000,11.3725
2025-12-16T12:00:00+00:00,53.5000,-4.5000,11.3127
2025-12-16T12:00:00+00:00,53.5000,-3.5000,11.1158
2025-12-16T12:00:00+00:00,52.5000,-6.5000,11.8614
2025-12-16T12:00:00+00:00,52.5000,-5.5000,11.6769
2025-12-16T12:00:00+00:00,52.5000,-4.5000,11.5618
2025-12-16T12:00:00+00:00,51.5000,-6.5000,11.9560
2025-12-16T12:00:00+00:00,51.5000,-5.5000,11.9810
2025-12-16T12:00:00+00:00,51.5000,-4.5000,11.8519
2025-12-16T12:00:00+00:00,51.5000,-3.5000,11.8063
2026-01-16T12:00:00+00:00,53.5000,-5.5000,9.7447
2026-01-16T12:00:00+00:00,53.5000,-4.5000,9.6415
2026-01-16T12:00:00+00:00,53.5000,-3.5000,9.3992
2026-01-16T12:00:00+00:00,52.5000,-6.5000,10.5680
2026-01-16T12:00:00+00:00,52.5000,-5.5000,10.1554
2026-01-16T12:00:00+00:00,52.5000,-4.5000,9.9915
2026-01-16T12:00:00+00:00,51.5000,-6.5000,10.7655
2026-01-16T12:00:00+00:00,51.5000,-5.5000,10.6160
2026-01-16T12:00:00+00:00,51.5000,-4.5000,10.4523
2026-01-16T12:00:00+00:00,51.5000,-3.5000,10.6735
2026-02-15T00:00:00+00:00,53.5000,-5.5000,8.7619
2026-02-15T00:00:00+00:00,53.5000,-4.5000,8.5745
2026-02-15T00:00:00+00:00,53.5000,-3.5000,8.0940
2026-02-15T00:00:00+00:00,52.5000,-6.5000,9.8361
2026-02-15T00:00:00+00:00,52.5000,-5.5000,9.3511
2026-02-15T00:00:00+00:00,52.5000,-4.5000,9.1946
2026-02-15T00:00:00+00:00,51.5000,-6.5000,10.0891
2026-02-15T00:00:00+00:00,51.5000,-5.5000,9.9290
2026-02-15T00:00:00+00:00,51.5000,-4.5000,9.8005
2026-02-15T00:00:00+00:00,51.5000,-3.5000,10.0285
2026-03-16T12:00:00+00:00,53.5000,-5.5000,8.6630
2026-03-16T12:00:00+00:00,53.5000,-4.5000,8.5952
2026-03-16T12:00:00+00:00,53.5000,-3.5000,8.2332
2026-03-16T12:00:00+00:00,52.5000,-6.5000,9.7747
2026-03-16T12:00:00+00:00,52.5000,-5.5000,9.3303
2026-03-16T12:00:00+00:00,52.5000,-4.5000,9.2904
2026-03-16T12:00:00+00:00,51.5000,-6.5000,10.0829
2026-03-16T12:00:00+00:00,51.5000,-5.5000,9.9835
2026-03-16T12:00:00+00:00,51.5000,-4.5000,9.9706
2026-03-16T12:00:00+00:00,51.5000,-3.5000,10.3114
2026-04-16T00:00:00+00:00,53.5000,-5.5000,9.5192
2026-04-16T00:00:00+00:00,53.5000,-4.5000,9.5323
2026-04-16T00:00:00+00:00,53.5000,-3.5000,9.2960
2026-04-16T00:00:00+00:00,52.5000,-6.5000,10.5257
2026-04-16T00:00:00+00:00,52.5000,-5.5000,10.1504
2026-04-16T00:00:00+00:00,52.5000,-4.5000,10.0496
2026-04-16T00:00:00+00:00,51.5000,-6.5000,10.8129
2026-04-16T00:00:00+00:00,51.5000,-5.5000,10.7809
2026-04-16T00:00:00+00:00,51.5000,-4.5000,10.5853
2026-04-16T00:00:00+00:00,51.5000,-3.5000,10.6691
2026-05-16T12:00:00+00:00,53.5000,-5.5000,11.2087
2026-05-16T12:00:00+00:00,53.5000,-4.5000,11.2324
2026-05-16T12:00:00+00:00,53.5000,-3.5000,11.0347
2026-05-16T12:00:00+00:00,52.5000,-6.5000,12.2814
2026-05-16T12:00:00+00:00,52.5000,-5.5000,11.8490
2026-05-16T12:00:00+00:00,52.5000,-4.5000,11.8437
2026-05-16T12:00:00+00:00,51.5000,-6.5000,12.4965
2026-05-16T12:00:00+00:00,51.5000,-5.5000,12.4510
2026-05-16T12:00:00+00:00,51.5000,-4.5000,12.4947
2026-05-16T12:00:00+00:00,51.5000,-3.5000,12.8618
2026-06-16T00:00:00+00:00,53.5000,-5.5000,13.7235
2026-06-16T00:00:00+00:00,53.5000,-4.5000,13.8233
2026-06-16T00:00:00+00:00,53.5000,-3.5000,13.7384
2026-06-16T00:00:00+00:00,52.5000,-6.5000,14.6520
2026-06-16T00:00:00+00:00,52.5000,-5.5000,14.3305
2026-06-16T00:00:00+00:00,52.5000,-4.5000,14.3890
2026-06-16T00:00:00+00:00,51.5000,-6.5000,14.9496
2026-06-16T00:00:00+00:00,51.5000,-5.5000,14.9646
2026-06-16T00:00:00+00:00,51.5000,-4.5000,15.0242
2026-06-16T00:00:00+00:00,51.5000,-3.5000,15.3221
