date,sst_c
2018-01-01 00:00:00+00:00,9.7329
2018-01-02 00:00:00+00:00,9.8224
2018-01-03 00:00:00+00:00,9.8711
2018-01-04 00:00:00+00:00,9.8377
2018-01-05 00:00:00+00:00,9.8057
2018-01-06 00:00:00+00:00,9.6865
2018-01-07 00:00:00+00:00,9.6228
2018-01-08 00:00:00+00:00,9.5372
2018-01-09 00:00:00+00:00,9.0651
2018-01-10 00:00:00+00:00,9.4441
2018-01-11 00:00:00+00:00,9.3644
2018-01-12 00:00:00+00:00,9.1891
2018-01-13 00:00:00+00:00,9.1863
2018-01-14 00:00:00+00:00,9.2266
2018-01-15 00:00:00+00:00,9.2556
2018-01-16 00:00:00+00:00,9.1617
2018-01-17 00:00:00+00:00,9.1284
2018-01-18 00:00:00+00:00,9.1216
2018-01-19 00:00:00+00:00,9.0241
2018-01-20 00:00:00+00:00,9.0028
2018-01-21 00:00:00+00:00,9.0218
2018-01-22 00:00:00+00:00,9.0227
2018-01-23 00:00:00+00:00,9.0109
2018-01-24 00:00:00+00:00,9.0079
2018-01-25 00:00:00+00:00,8.8886
2018-01-26 00:00:00+00:00,8.8076
2018-01-27 00:00:00+00:00,8.8045
2018-01-28 00:00:00+00:00,8.6829
2018-01-29 00:00:00+00:00,8.6776
2018-01-30 00:00:00+00:00,8.7128
2018-01-31 00:00:00+00:00,8.7065
2018-02-01 00:00:00+00:00,8.6579
2018-02-02 00:00:00+00:00,8.5813
2018-02-03 00:00:00+00:00,8.5787
2018-02-04 00:00:00+00:00,8.5889
2018-02-05 00:00:00+00:00,8.4931
2018-02-06 00:00:00+00:00,8.4927
2018-02-07 00:00:00+00:00,8.4145
2018-02-08 00:00:00+00:00,8.4125
2018-02-09 00:00:00+00:00,8.3841
2018-02-10 00:00:00+00:00,8.2897
2018-02-11 00:00:00+00:00,8.2899
2018-02-12 00:00:00+00:00,8.1532
2018-02-13 00:00:00+00:00,8.2010
2018-02-14 00:00:00+00:00,8.0913
2018-02-15 00:00:00+00:00,8.0996
2018-02-16 00:00:00+00:00,8.0720
2018-02-17 00:00:00+00:00,8.0371
2018-02-18 00:00:00+00:00,8.0273
2018-02-19 00:00:00+00:00,8.0276
2018-02-20 00:00:00+00:00,8.0876
2018-02-21 00:00:00+00:00,8.0023
2018-02-22 00:00:00+00:00,7.9855
2018-02-23 00:00:00+00:00,7.9399
2018-02-24 00:00:00+00:00,7.9070
2018-02-25 00:00:00+00:00,7.8581
2018-02-26 00:00:00+00:00,7.8163
2018-02-27 00:00:00+00:00,7.8173
2018-02-28 00:00:00+00:00,7.6968
2018-03-01 00:00:00+00:00,7.6951
2018-03-02 00:00:00+00:00,7.6927
2018-03-03 00:00:00+00:00,7.6905
2018-03-04 00:00:00+00:00,7.6481
2018-03-05 00:00:00+00:00,7.6215
2018-03-06 00:00:00+00:00,7.6538
2018-03-07 00:00:00+00:00,7.4626
2018-03-08 00:00:00+00:00,7.2850
2018-03-09 00:00:00+00:00,7.0455
2018-03-10 00:00:00+00:00,7.0436
2018-03-11 00:00:00+00:00,6.9711
2018-03-12 00:00:00+00:00,6.9690
2018-03-13 00:00:00+00:00,7.0350
2018-03-14 00:00:00+00:00,7.0333
2018-03-15 00:00:00+00:00,7.0314
2018-03-16 00:00:00+00:00,7.0331
2018-03-17 00:00:00+00:00,7.0423
2018-03-18 00:00:00+00:00,7.0886
2018-03-19 00:00:00+00:00,7.0871
2018-03-20 00:00:00+00:00,7.0325
2018-03-21 00:00:00+00:00,6.9383
2018-03-22 00:00:00+00:00,6.9359
2018-03-23 00:00:00+00:00,7.1004
2018-03-24 00:00:00+00:00,7.0987
2018-03-25 00:00:00+00:00,6.9835
2018-03-26 00:00:00+00:00,7.0616
2018-03-27 00:00:00+00:00,7.0577
2018-03-28 00:00:00+00:00,7.0699
2018-03-29 00:00:00+00:00,7.0987
2018-03-30 00:00:00+00:00,7.1257
2018-03-31 00:00:00+00:00,7.1118
2018-04-01 00:00:00+00:00,7.1446
2018-04-02 00:00:00+00:00,7.1430
2018-04-03 00:00:00+00:00,7.1509
2018-04-04 00:00:00+00:00,7.1564
2018-04-05 00:00:00+00:00,7.2669
2018-04-06 00:00:00+00:00,7.2693
2018-04-07 00:00:00+00:00,7.2691
2018-04-08 00:00:00+00:00,7.3226
2018-04-09 00:00:00+00:00,7.5303
2018-04-10 00:00:00+00:00,7.5270
2018-04-11 00:00:00+00:00,7.5052
2018-04-12 00:00:00+00:00,7.4870
2018-04-13 00:00:00+00:00,7.5251
2018-04-14 00:00:00+00:00,7.6254
2018-04-15 00:00:00+00:00,7.7723
2018-04-16 00:00:00+00:00,7.8271
2018-04-17 00:00:00+00:00,7.8250
2018-04-18 00:00:00+00:00,7.9473
2018-04-19 00:00:00+00:00,8.2494
2018-04-20 00:00:00+00:00,8.2842
2018-04-21 00:00:00+00:00,8.1365
2018-04-22 00:00:00+00:00,8.3585
2018-04-23 00:00:00+00:00,8.2830
2018-04-24 00:00:00+00:00,8.2764
2018-04-25 00:00:00+00:00,8.4327
2018-04-26 00:00:00+00:00,8.7545
2018-04-27 00:00:00+00:00,8.7510
2018-04-28 00:00:00+00:00,8.6224
2018-04-29 00:00:00+00:00,8.6351
2018-04-30 00:00:00+00:00,8.7120
2018-05-01 00:00:00+00:00,8.8294
2018-05-02 00:00:00+00:00,8.8260
2018-05-03 00:00:00+00:00,8.8542
2018-05-04 00:00:00+00:00,8.8093
2018-05-05 00:00:00+00:00,8.9227
2018-05-06 00:00:00+00:00,8.9389
2018-05-07 00:00:00+00:00,9.2058
2018-05-08 00:00:00+00:00,9.3485
2018-05-09 00:00:00+00:00,9.5219
2018-05-10 00:00:00+00:00,9.4998
2018-05-11 00:00:00+00:00,9.6207
2018-05-12 00:00:00+00:00,9.5788
2018-05-13 00:00:00+00:00,9.6867
2018-05-14 00:00:00+00:00,9.7749
2018-05-15 00:00:00+00:00,9.8227
2018-05-16 00:00:00+00:00,9.8346
2018-05-17 00:00:00+00:00,9.8701
2018-05-18 00:00:00+00:00,9.8590
2018-05-19 00:00:00+00:00,10.0759
2018-05-20 00:00:00+00:00,10.1186
2018-05-21 00:00:00+00:00,10.1255
2018-05-22 00:00:00+00:00,10.1078
2018-05-23 00:00:00+00:00,10.4556
2018-05-24 00:00:00+00:00,10.8123
2018-05-25 00:00:00+00:00,10.7633
2018-05-26 00:00:00+00:00,10.7658
2018-05-27 00:00:00+00:00,10.7250
2018-05-28 00:00:00+00:00,10.9198
2018-05-29 00:00:00+00:00,11.2041
2018-05-30 00:00:00+00:00,11.3127
2018-05-31 00:00:00+00:00,11.2971
2018-06-01 00:00:00+00:00,11.2871
2018-06-02 00:00:00+00:00,11.3768
2018-06-03 00:00:00+00:00,11.7387
2018-06-04 00:00:00+00:00,12.0649
2018-06-05 00:00:00+00:00,12.1483
2018-06-06 00:00:00+00:00,12.1797
2018-06-07 00:00:00+00:00,12.6289
2018-06-08 00:00:00+00:00,12.7060
2018-06-09 00:00:00+00:00,12.8434
2018-06-10 00:00:00+00:00,13.1184
2018-06-11 00:00:00+00:00,13.1091
2018-06-12 00:00:00+00:00,13.2418
2018-06-13 00:00:00+00:00,13.2182
2018-06-14 00:00:00+00:00,13.2513
2018-06-15 00:00:00+00:00,13.1082
2018-06-16 00:00:00+00:00,13.1493
2018-06-17 00:00:00+00:00,13.1454
2018-06-18 00:00:00+00:00,13.1117
2018-06-19 00:00:00+00:00,13.0070
2018-06-20 00:00:00+00:00,13.0795
2018-06-21 00:00:00+00:00,13.0077
2018-06-22 00:00:00+00:00,13.2330
2018-06-23 00:00:00+00:00,13.3402
2018-06-24 00:00:00+00:00,13.1589
2018-06-25 00:00:00+00:00,13.1589
2018-06-26 00:00:00+00:00,13.3171
2018-06-27 00:00:00+00:00,13.8184
2018-06-28 00:00:00+00:00,14.2625
2018-06-29 00:00:00+00:00,14.4098
2018-06-30 00:00:00+00:00,14.6077
2018-07-01 00:00:00+00:00,14.6997
2018-07-02 00:00:00+00:00,14.6190
2018-07-03 00:00:00+00:00,14.8075
2018-07-04 00:00:00+00:00,14.9440
2018-07-05 00:00:00+00:00,15.1383
2018-07-06 00:00:00+00:00,15.0975
2018-07-07 00:00:00+00:00,15.3839
2018-07-08 00:00:00+00:00,15.7865
2018-07-09 00:00:00+00:00,16.1356
2018-07-10 00:00:00+00:00,16.0921
2018-07-11 00:00:00+00:00,15.9870
2018-07-12 00:00:00+00:00,15.9575
2018-07-13 00:00:00+00:00,15.8618
2018-07-14 00:00:00+00:00,15.9201
2018-07-15 00:00:00+00:00,15.9557
2018-07-16 00:00:00+00:00,15.9309
2018-07-17 00:00:00+00:00,15.8290
2018-07-18 00:00:00+00:00,15.8295
2018-07-19 00:00:00+00:00,15.7991
2018-07-20 00:00:00+00:00,16.0079
2018-07-21 00:00:00+00:00,15.9778
2018-07-22 00:00:00+00:00,15.8739
2018-07-23 00:00:00+00:00,16.0008
2018-07-24 00:00:00+00:00,15.9052
2018-07-25 00:00:00+00:00,16.0926
2018-07-26 00:00:00+00:00,16.4457
2018-07-27 00:00:00+00:00,16.6027
2018-07-28 00:00:00+00:00,16.5821
2018-07-29 00:00:00+00:00,16.5829
2018-07-30 00:00:00+00:00,16.4830
2018-07-31 00:00:00+00:00,16.4461
2018-08-01 00:00:00+00:00,16.3905
2018-08-02 00:00:00+00:00,16.3320
2018-08-03 00:00:00+00:00,16.1496
2018-08-04 00:00:00+00:00,16.2176
2018-08-05 00:00:00+00:00,16.5162
2018-08-06 00:00:00+00:00,16.7446
2018-08-07 00:00:00+00:00,16.5244
2018-08-08 00:00:00+00:00,16.5945
2018-08-09 00:00:00+00:00,16.5323
2018-08-10 00:00:00+00:00,16.5270
2018-08-11 00:00:00+00:00,16.6221
2018-08-12 00:00:00+00:00,16.6006
2018-08-13 00:00:00+00:00,16.4984
2018-08-14 00:00:00+00:00,16.4981
2018-08-15 00:00:00+00:00,16.4211
2018-08-16 00:00:00+00:00,16.4277
2018-08-17 00:00:00+00:00,16.4439
2018-08-18 00:00:00+00:00,16.4183
2018-08-19 00:00:00+00:00,16.1804
2018-08-20 00:00:00+00:00,16.1891
2018-08-21 00:00:00+00:00,16.1097
2018-08-22 00:00:00+00:00,16.0522
2018-08-23 00:00:00+00:00,16.1553
2018-08-24 00:00:00+00:00,16.3653
2018-08-25 00:00:00+00:00,16.2531
2018-08-26 00:00:00+00:00,16.2219
2018-08-27 00:00:00+00:00,16.2573
2018-08-28 00:00:00+00:00,16.2660
2018-08-29 00:00:00+00:00,16.2502
2018-08-30 00:00:00+00:00,16.1666
2018-08-31 00:00:00+00:00,16.1868
2018-09-01 00:00:00+00:00,16.1013
2018-09-02 00:00:00+00:00,16.0172
2018-09-03 00:00:00+00:00,15.9974
2018-09-04 00:00:00+00:00,16.1574
2018-09-05 00:00:00+00:00,16.2022
2018-09-06 00:00:00+00:00,16.2384
2018-09-07 00:00:00+00:00,16.2439
2018-09-08 00:00:00+00:00,16.2305
2018-09-09 00:00:00+00:00,16.1792
2018-09-10 00:00:00+00:00,16.1076
2018-09-11 00:00:00+00:00,16.1035
2018-09-12 00:00:00+00:00,16.0997
2018-09-13 00:00:00+00:00,16.0634
2018-09-14 00:00:00+00:00,16.0300
2018-09-15 00:00:00+00:00,15.9935
2018-09-16 00:00:00+00:00,15.9845
2018-09-17 00:00:00+00:00,15.8362
2018-09-18 00:00:00+00:00,15.9140
2018-09-19 00:00:00+00:00,15.9438
2018-09-20 00:00:00+00:00,15.9290
2018-09-21 00:00:00+00:00,15.8213
2018-09-22 00:00:00+00:00,15.7292
2018-09-23 00:00:00+00:00,15.6665
2018-09-24 00:00:00+00:00,15.4782
2018-09-25 00:00:00+00:00,15.4047
2018-09-26 00:00:00+00:00,15.3463
2018-09-27 00:00:00+00:00,15.3590
2018-09-28 00:00:00+00:00,15.3194
2018-09-29 00:00:00+00:00,14.9821
2018-09-30 00:00:00+00:00,15.0918
2018-10-01 00:00:00+00:00,15.0230
2018-10-02 00:00:00+00:00,15.0441
2018-10-03 00:00:00+00:00,15.1053
2018-10-04 00:00:00+00:00,15.0652
2018-10-05 00:00:00+00:00,15.0469
2018-10-06 00:00:00+00:00,15.0449
2018-10-07 00:00:00+00:00,14.9188
2018-10-08 00:00:00+00:00,14.9169
2018-10-09 00:00:00+00:00,14.8795
2018-10-10 00:00:00+00:00,14.8561
2018-10-11 00:00:00+00:00,14.8361
2018-10-12 00:00:00+00:00,14.6944
2018-10-13 00:00:00+00:00,14.6928
2018-10-14 00:00:00+00:00,14.6892
2018-10-15 00:00:00+00:00,14.5895
2018-10-16 00:00:00+00:00,14.6602
2018-10-17 00:00:00+00:00,14.6181
2018-10-18 00:00:00+00:00,14.5031
2018-10-19 00:00:00+00:00,14.4629
2018-10-20 00:00:00+00:00,14.4531
2018-10-21 00:00:00+00:00,14.5064
2018-10-22 00:00:00+00:00,
2018-10-23 00:00:00+00:00,14.3670
2018-10-24 00:00:00+00:00,14.1778
2018-10-25 00:00:00+00:00,14.1697
2018-10-26 00:00:00+00:00,14.1724
2018-10-27 00:00:00+00:00,14.0160
2018-10-28 00:00:00+00:00,13.8520
2018-10-29 00:00:00+00:00,13.7198
2018-10-30 00:00:00+00:00,13.5936
2018-10-31 00:00:00+00:00,13.4779
2018-11-01 00:00:00+00:00,13.4469
2018-11-02 00:00:00+00:00,13.2653
2018-11-03 00:00:00+00:00,13.2599
2018-11-04 00:00:00+00:00,13.2838
2018-11-05 00:00:00+00:00,13.2826
2018-11-06 00:00:00+00:00,13.2838
2018-11-07 00:00:00+00:00,13.3114
2018-11-08 00:00:00+00:00,13.0829
2018-11-09 00:00:00+00:00,13.3099
2018-11-10 00:00:00+00:00,12.8972
2018-11-11 00:00:00+00:00,12.7946
2018-11-12 00:00:00+00:00,12.7577
2018-11-13 00:00:00+00:00,12.6574
2018-11-14 00:00:00+00:00,12.6563
2018-11-15 00:00:00+00:00,12.6946
2018-11-16 00:00:00+00:00,12.6908
2018-11-17 00:00:00+00:00,12.6622
2018-11-18 00:00:00+00:00,12.6178
2018-11-19 00:00:00+00:00,12.5529
2018-11-20 00:00:00+00:00,12.4689
2018-11-21 00:00:00+00:00,12.4186
2018-11-22 00:00:00+00:00,12.2945
2018-11-23 00:00:00+00:00,12.1809
2018-11-24 00:00:00+00:00,12.1749
2018-11-25 00:00:00+00:00,12.0871
2018-11-26 00:00:00+00:00,11.9957
2018-11-27 00:00:00+00:00,11.8850
2018-11-28 00:00:00+00:00,11.7980
2018-11-29 00:00:00+00:00,11.7830
2018-11-30 00:00:00+00:00,11.7298
2018-12-01 00:00:00+00:00,11.7334
2018-12-02 00:00:00+00:00,11.7105
2018-12-03 00:00:00+00:00,11.6506
2018-12-04 00:00:00+00:00,11.4846
2018-12-05 00:00:00+00:00,11.4836
2018-12-06 00:00:00+00:00,11.4031
2018-12-07 00:00:00+00:00,11.4060
2018-12-08 00:00:00+00:00,11.3514
2018-12-09 00:00:00+00:00,11.3337
2018-12-10 00:00:00+00:00,11.2868
2018-12-11 00:00:00+00:00,11.2792
2018-12-12 00:00:00+00:00,11.2831
2018-12-13 00:00:00+00:00,11.2911
2018-12-14 00:00:00+00:00,11.2493
2018-12-15 00:00:00+00:00,11.2260
2018-12-16 00:00:00+00:00,11.1192
2018-12-17 00:00:00+00:00,10.9004
2018-12-18 00:00:00+00:00,10.8989
2018-12-19 00:00:00+00:00,10.8763
2018-12-20 00:00:00+00:00,10.8339
2018-12-21 00:00:00+00:00,10.8449
2018-12-22 00:00:00+00:00,10.7209
2018-12-23 00:00:00+00:00,10.7421
2018-12-24 00:00:00+00:00,10.7241
2018-12-25 00:00:00+00:00,10.6746
2018-12-26 00:00:00+00:00,10.6699
2018-12-27 00:00:00+00:00,10.6656
2018-12-28 00:00:00+00:00,10.5926
2018-12-29 00:00:00+00:00,10.5840
2018-12-30 00:00:00+00:00,10.4911
2018-12-31 00:00:00+00:00,10.4225
2019-01-01 00:00:00+00:00,10.3019
2019-01-02 00:00:00+00:00,10.3817
2019-01-03 00:00:00+00:00,10.4069
2019-01-04 00:00:00+00:00,10.4025
2019-01-05 00:00:00+00:00,10.4162
2019-01-06 00:00:00+00:00,10.4089
2019-01-07 00:00:00+00:00,10.4046
2019-01-08 00:00:00+00:00,10.3547
2019-01-09 00:00:00+00:00,10.2118
2019-01-10 00:00:00+00:00,10.1362
2019-01-11 00:00:00+00:00,10.2140
2019-01-12 00:00:00+00:00,10.2064
2019-01-13 00:00:00+00:00,10.1922
2019-01-14 00:00:00+00:00,10.1277
2019-01-15 00:00:00+00:00,10.1339
2019-01-16 00:00:00+00:00,10.1293
2019-01-17 00:00:00+00:00,9.9413
2019-01-18 00:00:00+00:00,9.9371
2019-01-19 00:00:00+00:00,9.8868
2019-01-20 00:00:00+00:00,9.9282
2019-01-21 00:00:00+00:00,9.8943
2019-01-22 00:00:00+00:00,9.7597
2019-01-23 00:00:00+00:00,9.7215
2019-01-24 00:00:00+00:00,9.7189
2019-01-25 00:00:00+00:00,9.7128
2019-01-26 00:00:00+00:00,9.7192
2019-01-27 00:00:00+00:00,9.6863
2019-01-28 00:00:00+00:00,9.5709
2019-01-29 00:00:00+00:00,9.5595
2019-01-30 00:00:00+00:00,9.5547
2019-01-31 00:00:00+00:00,9.3848
2019-02-01 00:00:00+00:00,9.3803
2019-02-02 00:00:00+00:00,9.2523
2019-02-03 00:00:00+00:00,9.0702
2019-02-04 00:00:00+00:00,9.0671
2019-02-05 00:00:00+00:00,8.9637
2019-02-06 00:00:00+00:00,8.9623
2019-02-07 00:00:00+00:00,8.8741
2019-02-08 00:00:00+00:00,8.8689
2019-02-09 00:00:00+00:00,8.7501
2019-02-10 00:00:00+00:00,8.7697
2019-02-11 00:00:00+00:00,8.7321
2019-02-12 00:00:00+00:00,8.7764
2019-02-13 00:00:00+00:00,8.7783
2019-02-14 00:00:00+00:00,8.7776
2019-02-15 00:00:00+00:00,8.7771
2019-02-16 00:00:00+00:00,8.6548
2019-02-17 00:00:00+00:00,8.6262
2019-02-18 00:00:00+00:00,8.6758
2019-02-19 00:00:00+00:00,8.7529
2019-02-20 00:00:00+00:00,8.7508
2019-02-21 00:00:00+00:00,8.6226
2019-02-22 00:00:00+00:00,8.7172
2019-02-23 00:00:00+00:00,8.6826
2019-02-24 00:00:00+00:00,8.6935
2019-02-25 00:00:00+00:00,8.6472
2019-02-26 00:00:00+00:00,8.8271
2019-02-27 00:00:00+00:00,8.9241
2019-02-28 00:00:00+00:00,8.9511
2019-03-01 00:00:00+00:00,8.9082
2019-03-02 00:00:00+00:00,8.8087
2019-03-03 00:00:00+00:00,8.6990
2019-03-04 00:00:00+00:00,8.6972
2019-03-05 00:00:00+00:00,8.6521
2019-03-06 00:00:00+00:00,8.6522
2019-03-07 00:00:00+00:00,8.6338
2019-03-08 00:00:00+00:00,8.5953
2019-03-09 00:00:00+00:00,8.6628
2019-03-10 00:00:00+00:00,8.6543
2019-03-11 00:00:00+00:00,8.5003
2019-03-12 00:00:00+00:00,8.4974
2019-03-13 00:00:00+00:00,8.4046
2019-03-14 00:00:00+00:00,7.8238
2019-03-15 00:00:00+00:00,7.8211
2019-03-16 00:00:00+00:00,7.8318
2019-03-17 00:00:00+00:00,8.2077
2019-03-18 00:00:00+00:00,8.4216
2019-03-19 00:00:00+00:00,8.4245
2019-03-20 00:00:00+00:00,8.1873
2019-03-21 00:00:00+00:00,8.2429
2019-03-22 00:00:00+00:00,7.9568
2019-03-23 00:00:00+00:00,7.9599
2019-03-24 00:00:00+00:00,8.5734
2019-03-25 00:00:00+00:00,8.6388
2019-03-26 00:00:00+00:00,8.7432
2019-03-27 00:00:00+00:00,8.8621
2019-03-28 00:00:00+00:00,8.9090
2019-03-29 00:00:00+00:00,9.1117
2019-03-30 00:00:00+00:00,9.1134
2019-03-31 00:00:00+00:00,8.8916
2019-04-01 00:00:00+00:00,8.8436
2019-04-02 00:00:00+00:00,8.5941
2019-04-03 00:00:00+00:00,8.8247
2019-04-04 00:00:00+00:00,8.8127
2019-04-05 00:00:00+00:00,8.8343
2019-04-06 00:00:00+00:00,8.8344
2019-04-07 00:00:00+00:00,8.9058
2019-04-08 00:00:00+00:00,8.9204
2019-04-09 00:00:00+00:00,8.8943
2019-04-10 00:00:00+00:00,8.9745
2019-04-11 00:00:00+00:00,9.0813
2019-04-12 00:00:00+00:00,8.9924
2019-04-13 00:00:00+00:00,9.0855
2019-04-14 00:00:00+00:00,9.0813
2019-04-15 00:00:00+00:00,9.0780
2019-04-16 00:00:00+00:00,9.0566
2019-04-17 00:00:00+00:00,9.0223
2019-04-18 00:00:00+00:00,8.9989
2019-04-19 00:00:00+00:00,8.7851
2019-04-20 00:00:00+00:00,8.6077
2019-04-21 00:00:00+00:00,8.7163
2019-04-22 00:00:00+00:00,9.2216
2019-04-23 00:00:00+00:00,9.1460
2019-04-24 00:00:00+00:00,9.1426
2019-04-25 00:00:00+00:00,9.3223
2019-04-26 00:00:00+00:00,9.5502
2019-04-27 00:00:00+00:00,9.4533
2019-04-28 00:00:00+00:00,9.3245
2019-04-29 00:00:00+00:00,9.3135
2019-04-30 00:00:00+00:00,9.2854
2019-05-01 00:00:00+00:00,9.2834
2019-05-02 00:00:00+00:00,9.4364
2019-05-03 00:00:00+00:00,9.6944
2019-05-04 00:00:00+00:00,9.6961
2019-05-05 00:00:00+00:00,9.8246
2019-05-06 00:00:00+00:00,9.7888
2019-05-07 00:00:00+00:00,9.7855
2019-05-08 00:00:00+00:00,9.7677
2019-05-09 00:00:00+00:00,9.7549
2019-05-10 00:00:00+00:00,9.8731
2019-05-11 00:00:00+00:00,9.9661
2019-05-12 00:00:00+00:00,10.2024
2019-05-13 00:00:00+00:00,10.2259
2019-05-14 00:00:00+00:00,10.3922
2019-05-15 00:00:00+00:00,10.5245
2019-05-16 00:00:00+00:00,10.5803
2019-05-17 00:00:00+00:00,10.5612
2019-05-18 00:00:00+00:00,10.5987
2019-05-19 00:00:00+00:00,10.6502
2019-05-20 00:00:00+00:00,10.8588
2019-05-21 00:00:00+00:00,11.0070
2019-05-22 00:00:00+00:00,10.9821
2019-05-23 00:00:00+00:00,10.9216
2019-05-24 00:00:00+00:00,10.9735
2019-05-25 00:00:00+00:00,11.1945
2019-05-26 00:00:00+00:00,11.2214
2019-05-27 00:00:00+00:00,11.5909
2019-05-28 00:00:00+00:00,11.3512
2019-05-29 00:00:00+00:00,11.3258
2019-05-30 00:00:00+00:00,11.3324
2019-05-31 00:00:00+00:00,11.3323
2019-06-01 00:00:00+00:00,11.4614
2019-06-02 00:00:00+00:00,11.4572
2019-06-03 00:00:00+00:00,11.7821
2019-06-04 00:00:00+00:00,11.4827
2019-06-05 00:00:00+00:00,11.6030
2019-06-06 00:00:00+00:00,11.9107
2019-06-07 00:00:00+00:00,12.1450
2019-06-08 00:00:00+00:00,12.1439
2019-06-09 00:00:00+00:00,12.2425
2019-06-10 00:00:00+00:00,12.3777
2019-06-11 00:00:00+00:00,12.3043
2019-06-12 00:00:00+00:00,12.3033
2019-06-13 00:00:00+00:00,12.3021
2019-06-14 00:00:00+00:00,12.2985
2019-06-15 00:00:00+00:00,12.3878
2019-06-16 00:00:00+00:00,12.3261
2019-06-17 00:00:00+00:00,12.3413
2019-06-18 00:00:00+00:00,12.5436
2019-06-19 00:00:00+00:00,12.5351
2019-06-20 00:00:00+00:00,12.5992
2019-06-21 00:00:00+00:00,12.8686
2019-06-22 00:00:00+00:00,12.9809
2019-06-23 00:00:00+00:00,12.9798
2019-06-24 00:00:00+00:00,12.9335
2019-06-25 00:00:00+00:00,12.9983
2019-06-26 00:00:00+00:00,13.1517
2019-06-27 00:00:00+00:00,13.5655
2019-06-28 00:00:00+00:00,13.8758
2019-06-29 00:00:00+00:00,13.9039
2019-06-30 00:00:00+00:00,14.1922
2019-07-01 00:00:00+00:00,14.1845
2019-07-02 00:00:00+00:00,14.2150
2019-07-03 00:00:00+00:00,14.3302
2019-07-04 00:00:00+00:00,14.3405
2019-07-05 00:00:00+00:00,14.3138
2019-07-06 00:00:00+00:00,14.4023
2019-07-07 00:00:00+00:00,14.3476
2019-07-08 00:00:00+00:00,14.2285
2019-07-09 00:00:00+00:00,14.2424
2019-07-10 00:00:00+00:00,14.3980
2019-07-11 00:00:00+00:00,14.4024
2019-07-12 00:00:00+00:00,14.5689
2019-07-13 00:00:00+00:00,14.5427
2019-07-14 00:00:00+00:00,14.9650
2019-07-15 00:00:00+00:00,15.2182
2019-07-16 00:00:00+00:00,15.0255
2019-07-17 00:00:00+00:00,15.0177
2019-07-18 00:00:00+00:00,14.9908
2019-07-19 00:00:00+00:00,15.0028
2019-07-20 00:00:00+00:00,15.0899
2019-07-21 00:00:00+00:00,15.0308
2019-07-22 00:00:00+00:00,14.9732
2019-07-23 00:00:00+00:00,15.0224
2019-07-24 00:00:00+00:00,15.4175
2019-07-25 00:00:00+00:00,15.6348
2019-07-26 00:00:00+00:00,15.6373
2019-07-27 00:00:00+00:00,15.7230
2019-07-28 00:00:00+00:00,14.2830
2019-07-29 00:00:00+00:00,11.4193
2019-07-30 00:00:00+00:00,11.0426
2019-07-31 00:00:00+00:00,10.7896
2019-08-01 00:00:00+00:00,11.9859
2019-08-02 00:00:00+00:00,13.1393
2019-08-03 00:00:00+00:00,13.0490
2019-08-04 00:00:00+00:00,12.9291
2019-08-05 00:00:00+00:00,14.0627
2019-08-06 00:00:00+00:00,15.2970
2019-08-07 00:00:00+00:00,15.0709
2019-08-08 00:00:00+00:00,15.3616
2019-08-09 00:00:00+00:00,15.3571
2019-08-10 00:00:00+00:00,15.5398
2019-08-11 00:00:00+00:00,15.7199
2019-08-12 00:00:00+00:00,15.9589
2019-08-13 00:00:00+00:00,16.1526
2019-08-14 00:00:00+00:00,16.1499
2019-08-15 00:00:00+00:00,16.2675
2019-08-16 00:00:00+00:00,16.2998
2019-08-17 00:00:00+00:00,16.4039
2019-08-18 00:00:00+00:00,16.2531
2019-08-19 00:00:00+00:00,16.1771
2019-08-20 00:00:00+00:00,16.0989
2019-08-21 00:00:00+00:00,16.0827
2019-08-22 00:00:00+00:00,16.0790
2019-08-23 00:00:00+00:00,16.0028
2019-08-24 00:00:00+00:00,16.0420
2019-08-25 00:00:00+00:00,16.2121
2019-08-26 00:00:00+00:00,16.5134
2019-08-27 00:00:00+00:00,16.6124
2019-08-28 00:00:00+00:00,16.5465
2019-08-29 00:00:00+00:00,16.5857
2019-08-30 00:00:00+00:00,16.5873
2019-08-31 00:00:00+00:00,16.5682
2019-09-01 00:00:00+00:00,16.5157
2019-09-02 00:00:00+00:00,16.5210
2019-09-03 00:00:00+00:00,16.5019
2019-09-04 00:00:00+00:00,16.4491
2019-09-05 00:00:00+00:00,16.3712
2019-09-06 00:00:00+00:00,16.2919
2019-09-07 00:00:00+00:00,16.2359
2019-09-08 00:00:00+00:00,16.2359
2019-09-09 00:00:00+00:00,16.2300
2019-09-10 00:00:00+00:00,16.1553
2019-09-11 00:00:00+00:00,16.1524
2019-09-12 00:00:00+00:00,16.0747
2019-09-13 00:00:00+00:00,16.1215
2019-09-14 00:00:00+00:00,16.1167
2019-09-15 00:00:00+00:00,15.9493
2019-09-16 00:00:00+00:00,15.9279
2019-09-17 00:00:00+00:00,16.0141
2019-09-18 00:00:00+00:00,15.9773
2019-09-19 00:00:00+00:00,15.8937
2019-09-20 00:00:00+00:00,16.0042
2019-09-21 00:00:00+00:00,16.0540
2019-09-22 00:00:00+00:00,15.0346
2019-09-23 00:00:00+00:00,15.5499
2019-09-24 00:00:00+00:00,15.6239
2019-09-25 00:00:00+00:00,15.6097
2019-09-26 00:00:00+00:00,15.8118
2019-09-27 00:00:00+00:00,15.7751
2019-09-28 00:00:00+00:00,15.7938
2019-09-29 00:00:00+00:00,15.7919
2019-09-30 00:00:00+00:00,15.8383
2019-10-01 00:00:00+00:00,15.7655
2019-10-02 00:00:00+00:00,15.7079
2019-10-03 00:00:00+00:00,15.7055
2019-10-04 00:00:00+00:00,15.6659
2019-10-05 00:00:00+00:00,15.5701
2019-10-06 00:00:00+00:00,15.4653
2019-10-07 00:00:00+00:00,15.4529
2019-10-08 00:00:00+00:00,15.4298
2019-10-09 00:00:00+00:00,15.3506
2019-10-10 00:00:00+00:00,15.2033
2019-10-11 00:00:00+00:00,15.2097
2019-10-12 00:00:00+00:00,15.1803
2019-10-13 00:00:00+00:00,15.2077
2019-10-14 00:00:00+00:00,15.1099
2019-10-15 00:00:00+00:00,15.0459
2019-10-16 00:00:00+00:00,15.0306
2019-10-17 00:00:00+00:00,14.9255
2019-10-18 00:00:00+00:00,14.8625
2019-10-19 00:00:00+00:00,14.7156
2019-10-20 00:00:00+00:00,14.6038
2019-10-21 00:00:00+00:00,14.5410
2019-10-22 00:00:00+00:00,14.5931
2019-10-23 00:00:00+00:00,14.5825
2019-10-24 00:00:00+00:00,14.5600
2019-10-25 00:00:00+00:00,14.4100
2019-10-26 00:00:00+00:00,14.4080
2019-10-27 00:00:00+00:00,14.3661
2019-10-28 00:00:00+00:00,14.3245
2019-10-29 00:00:00+00:00,14.2393
2019-10-30 00:00:00+00:00,14.1407
2019-10-31 00:00:00+00:00,14.1302
2019-11-01 00:00:00+00:00,14.1287
2019-11-02 00:00:00+00:00,14.0573
2019-11-03 00:00:00+00:00,14.0123
2019-11-04 00:00:00+00:00,13.8699
2019-11-05 00:00:00+00:00,13.8363
2019-11-06 00:00:00+00:00,13.8094
2019-11-07 00:00:00+00:00,13.7481
2019-11-08 00:00:00+00:00,13.6424
2019-11-09 00:00:00+00:00,13.4463
2019-11-10 00:00:00+00:00,13.3874
2019-11-11 00:00:00+00:00,13.2782
2019-11-12 00:00:00+00:00,13.0934
2019-11-13 00:00:00+00:00,12.8931
2019-11-14 00:00:00+00:00,12.8826
2019-11-15 00:00:00+00:00,12.8821
2019-11-16 00:00:00+00:00,12.8417
2019-11-17 00:00:00+00:00,12.8437
2019-11-18 00:00:00+00:00,12.5725
2019-11-19 00:00:00+00:00,12.4146
2019-11-20 00:00:00+00:00,12.4088
2019-11-21 00:00:00+00:00,12.4039
2019-11-22 00:00:00+00:00,12.3729
2019-11-23 00:00:00+00:00,12.3712
2019-11-24 00:00:00+00:00,12.2983
2019-11-25 00:00:00+00:00,12.2967
2019-11-26 00:00:00+00:00,12.2813
2019-11-27 00:00:00+00:00,12.2086
2019-11-28 00:00:00+00:00,12.0971
2019-11-29 00:00:00+00:00,12.0280
2019-11-30 00:00:00+00:00,11.7893
2019-12-01 00:00:00+00:00,11.5166
2019-12-02 00:00:00+00:00,11.3656
2019-12-03 00:00:00+00:00,11.2260
2019-12-04 00:00:00+00:00,11.3099
2019-12-05 00:00:00+00:00,11.2598
2019-12-06 00:00:00+00:00,11.2580
2019-12-07 00:00:00+00:00,11.1437
2019-12-08 00:00:00+00:00,11.1551
2019-12-09 00:00:00+00:00,11.0780
2019-12-10 00:00:00+00:00,10.9629
2019-12-11 00:00:00+00:00,10.8429
2019-12-12 00:00:00+00:00,10.8053
2019-12-13 00:00:00+00:00,10.7642
2019-12-14 00:00:00+00:00,10.6772
2019-12-15 00:00:00+00:00,10.6344
2019-12-16 00:00:00+00:00,10.4938
2019-12-17 00:00:00+00:00,10.3573
2019-12-18 00:00:00+00:00,10.2946
2019-12-19 00:00:00+00:00,10.2773
2019-12-20 00:00:00+00:00,10.2755
2019-12-21 00:00:00+00:00,10.1898
2019-12-22 00:00:00+00:00,10.1419
2019-12-23 00:00:00+00:00,10.0007
2019-12-24 00:00:00+00:00,10.0037
2019-12-25 00:00:00+00:00,9.8841
2019-12-26 00:00:00+00:00,9.8866
2019-12-27 00:00:00+00:00,9.8789
2019-12-28 00:00:00+00:00,9.8765
2019-12-29 00:00:00+00:00,9.8756
2019-12-30 00:00:00+00:00,9.9236
2019-12-31 00:00:00+00:00,9.9257
2020-01-01 00:00:00+00:00,9.9064
2020-01-02 00:00:00+00:00,9.8876
2020-01-03 00:00:00+00:00,9.8144
2020-01-04 00:00:00+00:00,9.7472
2020-01-05 00:00:00+00:00,9.7466
2020-01-06 00:00:00+00:00,9.7369
2020-01-07 00:00:00+00:00,9.7311
2020-01-08 00:00:00+00:00,9.7125
2020-01-09 00:00:00+00:00,9.7051
2020-01-10 00:00:00+00:00,9.6274
2020-01-11 00:00:00+00:00,9.6189
2020-01-12 00:00:00+00:00,9.5499
2020-01-13 00:00:00+00:00,9.5360
2020-01-14 00:00:00+00:00,9.5114
2020-01-15 00:00:00+00:00,9.4981
2020-01-16 00:00:00+00:00,9.4225
2020-01-17 00:00:00+00:00,9.3908
2020-01-18 00:00:00+00:00,9.2535
2020-01-19 00:00:00+00:00,9.1575
2020-01-20 00:00:00+00:00,9.0622
2020-01-21 00:00:00+00:00,9.0286
2020-01-22 00:00:00+00:00,8.9852
2020-01-23 00:00:00+00:00,8.9537
2020-01-24 00:00:00+00:00,8.9557
2020-01-25 00:00:00+00:00,8.9605
2020-01-26 00:00:00+00:00,9.0026
2020-01-27 00:00:00+00:00,9.0437
2020-01-28 00:00:00+00:00,8.9700
2020-01-29 00:00:00+00:00,8.8665
2020-01-30 00:00:00+00:00,8.8757
2020-01-31 00:00:00+00:00,8.8445
2020-02-01 00:00:00+00:00,8.8757
2020-02-02 00:00:00+00:00,8.8354
2020-02-03 00:00:00+00:00,8.7605
2020-02-04 00:00:00+00:00,8.7392
2020-02-05 00:00:00+00:00,8.7498
2020-02-06 00:00:00+00:00,8.6644
2020-02-07 00:00:00+00:00,8.7037
2020-02-08 00:00:00+00:00,8.7119
2020-02-09 00:00:00+00:00,8.7122
2020-02-10 00:00:00+00:00,8.7183
2020-02-11 00:00:00+00:00,8.6566
2020-02-12 00:00:00+00:00,8.5187
2020-02-13 00:00:00+00:00,8.5015
2020-02-14 00:00:00+00:00,8.3861
2020-02-15 00:00:00+00:00,8.4844
2020-02-16 00:00:00+00:00,8.4814
2020-02-17 00:00:00+00:00,8.3780
2020-02-18 00:00:00+00:00,8.3980
2020-02-19 00:00:00+00:00,8.3539
2020-02-20 00:00:00+00:00,8.3284
2020-02-21 00:00:00+00:00,8.3505
2020-02-22 00:00:00+00:00,8.3251
2020-02-23 00:00:00+00:00,8.3198
2020-02-24 00:00:00+00:00,8.3198
2020-02-25 00:00:00+00:00,8.4383
2020-02-26 00:00:00+00:00,8.3260
2020-02-27 00:00:00+00:00,8.3032
2020-02-28 00:00:00+00:00,8.2778
2020-02-29 00:00:00+00:00,8.2611
2020-03-01 00:00:00+00:00,8.2146
2020-03-02 00:00:00+00:00,8.1397
2020-03-03 00:00:00+00:00,8.0106
2020-03-04 00:00:00+00:00,8.0108
2020-03-05 00:00:00+00:00,7.9972
2020-03-06 00:00:00+00:00,7.8899
2020-03-07 00:00:00+00:00,7.9582
2020-03-08 00:00:00+00:00,8.0735
2020-03-09 00:00:00+00:00,8.0650
2020-03-10 00:00:00+00:00,8.0551
2020-03-11 00:00:00+00:00,8.0283
2020-03-12 00:00:00+00:00,8.0273
2020-03-13 00:00:00+00:00,7.9992
2020-03-14 00:00:00+00:00,7.9477
2020-03-15 00:00:00+00:00,7.9449
2020-03-16 00:00:00+00:00,8.0504
2020-03-17 00:00:00+00:00,8.0450
2020-03-18 00:00:00+00:00,8.0524
2020-03-19 00:00:00+00:00,8.0481
2020-03-20 00:00:00+00:00,8.0780
2020-03-21 00:00:00+00:00,8.0900
2020-03-22 00:00:00+00:00,7.9874
2020-03-23 00:00:00+00:00,8.1868
2020-03-24 00:00:00+00:00,8.0749
2020-03-25 00:00:00+00:00,8.1080
2020-03-26 00:00:00+00:00,8.3596
2020-03-27 00:00:00+00:00,8.5518
2020-03-28 00:00:00+00:00,8.6149
2020-03-29 00:00:00+00:00,8.5278
2020-03-30 00:00:00+00:00,8.5061
2020-03-31 00:00:00+00:00,8.4573
2020-04-01 00:00:00+00:00,8.5109
2020-04-02 00:00:00+00:00,8.4832
2020-04-03 00:00:00+00:00,8.5046
2020-04-04 00:00:00+00:00,8.4807
2020-04-05 00:00:00+00:00,8.6596
2020-04-06 00:00:00+00:00,8.6682
2020-04-07 00:00:00+00:00,8.7324
2020-04-08 00:00:00+00:00,8.7550
2020-04-09 00:00:00+00:00,8.6646
2020-04-10 00:00:00+00:00,8.6996
2020-04-11 00:00:00+00:00,8.6722
2020-04-12 00:00:00+00:00,8.7896
2020-04-13 00:00:00+00:00,8.7317
2020-04-14 00:00:00+00:00,9.0241
2020-04-15 00:00:00+00:00,9.0950
2020-04-16 00:00:00+00:00,9.3323
2020-04-17 00:00:00+00:00,9.2779
2020-04-18 00:00:00+00:00,9.2737
2020-04-19 00:00:00+00:00,9.2806
2020-04-20 00:00:00+00:00,9.4012
2020-04-21 00:00:00+00:00,9.4887
2020-04-22 00:00:00+00:00,9.4809
2020-04-23 00:00:00+00:00,9.3832
2020-04-24 00:00:00+00:00,9.4014
2020-04-25 00:00:00+00:00,9.4003
2020-04-26 00:00:00+00:00,9.5452
2020-04-27 00:00:00+00:00,9.4679
2020-04-28 00:00:00+00:00,9.6407
2020-04-29 00:00:00+00:00,9.7141
2020-04-30 00:00:00+00:00,9.6916
2020-05-01 00:00:00+00:00,9.7708
2020-05-02 00:00:00+00:00,9.9120
2020-05-03 00:00:00+00:00,9.8912
2020-05-04 00:00:00+00:00,9.8951
2020-05-05 00:00:00+00:00,10.0456
2020-05-06 00:00:00+00:00,10.1465
2020-05-07 00:00:00+00:00,10.1755
2020-05-08 00:00:00+00:00,10.0981
2020-05-09 00:00:00+00:00,10.3028
2020-05-10 00:00:00+00:00,10.4098
2020-05-11 00:00:00+00:00,10.4150
2020-05-12 00:00:00+00:00,10.5017
2020-05-13 00:00:00+00:00,10.5635
2020-05-14 00:00:00+00:00,10.7426
2020-05-15 00:00:00+00:00,10.8661
2020-05-16 00:00:00+00:00,10.8114
2020-05-17 00:00:00+00:00,10.7760
2020-05-18 00:00:00+00:00,10.7454
2020-05-19 00:00:00+00:00,10.6797
2020-05-20 00:00:00+00:00,10.6412
2020-05-21 00:00:00+00:00,10.9947
2020-05-22 00:00:00+00:00,11.0334
2020-05-23 00:00:00+00:00,11.0667
2020-05-24 00:00:00+00:00,11.0379
2020-05-25 00:00:00+00:00,11.0590
2020-05-26 00:00:00+00:00,10.9967
2020-05-27 00:00:00+00:00,11.1803
2020-05-28 00:00:00+00:00,11.1147
2020-05-29 00:00:00+00:00,11.4299
2020-05-30 00:00:00+00:00,11.8885
2020-05-31 00:00:00+00:00,11.9793
2020-06-01 00:00:00+00:00,12.4206
2020-06-02 00:00:00+00:00,12.6624
2020-06-03 00:00:00+00:00,12.6476
2020-06-04 00:00:00+00:00,12.6753
2020-06-05 00:00:00+00:00,12.6067
2020-06-06 00:00:00+00:00,12.6240
2020-06-07 00:00:00+00:00,12.5846
2020-06-08 00:00:00+00:00,12.5674
2020-06-09 00:00:00+00:00,12.5669
2020-06-10 00:00:00+00:00,12.5702
2020-06-11 00:00:00+00:00,12.5689
2020-06-12 00:00:00+00:00,12.5622
2020-06-13 00:00:00+00:00,12.6236
2020-06-14 00:00:00+00:00,12.7627
2020-06-15 00:00:00+00:00,13.0093
2020-06-16 00:00:00+00:00,13.1712
2020-06-17 00:00:00+00:00,13.1671
2020-06-18 00:00:00+00:00,13.1611
2020-06-19 00:00:00+00:00,13.1595
2020-06-20 00:00:00+00:00,13.2011
2020-06-21 00:00:00+00:00,13.3019
2020-06-22 00:00:00+00:00,13.2964
2020-06-23 00:00:00+00:00,13.3193
2020-06-24 00:00:00+00:00,13.3388
2020-06-25 00:00:00+00:00,13.6577
2020-06-26 00:00:00+00:00,13.6559
2020-06-27 00:00:00+00:00,13.6340
2020-06-28 00:00:00+00:00,13.6500
2020-06-29 00:00:00+00:00,13.6197
2020-06-30 00:00:00+00:00,13.6196
2020-07-01 00:00:00+00:00,13.6295
2020-07-02 00:00:00+00:00,13.6223
2020-07-03 00:00:00+00:00,13.6010
2020-07-04 00:00:00+00:00,13.5993
2020-07-05 00:00:00+00:00,13.7651
2020-07-06 00:00:00+00:00,13.8384
2020-07-07 00:00:00+00:00,13.8223
2020-07-08 00:00:00+00:00,13.8206
2020-07-09 00:00:00+00:00,13.8288
2020-07-10 00:00:00+00:00,13.9713
2020-07-11 00:00:00+00:00,14.0646
2020-07-12 00:00:00+00:00,14.1588
2020-07-13 00:00:00+00:00,14.1444
2020-07-14 00:00:00+00:00,14.1349
2020-07-15 00:00:00+00:00,14.1332
2020-07-16 00:00:00+00:00,14.3373
2020-07-17 00:00:00+00:00,14.5286
2020-07-18 00:00:00+00:00,14.5295
2020-07-19 00:00:00+00:00,14.6650
2020-07-20 00:00:00+00:00,14.7348
2020-07-21 00:00:00+00:00,14.7727
2020-07-22 00:00:00+00:00,14.7626
2020-07-23 00:00:00+00:00,14.7405
2020-07-24 00:00:00+00:00,14.8126
2020-07-25 00:00:00+00:00,14.8010
2020-07-26 00:00:00+00:00,14.8207
2020-07-27 00:00:00+00:00,14.8187
2020-07-28 00:00:00+00:00,14.9547
2020-07-29 00:00:00+00:00,14.9812
2020-07-30 00:00:00+00:00,15.0033
2020-07-31 00:00:00+00:00,15.0440
2020-08-01 00:00:00+00:00,15.2670
2020-08-02 00:00:00+00:00,15.3322
2020-08-03 00:00:00+00:00,15.3666
2020-08-04 00:00:00+00:00,15.2511
2020-08-05 00:00:00+00:00,15.2421
2020-08-06 00:00:00+00:00,15.3034
2020-08-07 00:00:00+00:00,15.0620
2020-08-08 00:00:00+00:00,15.3107
2020-08-09 00:00:00+00:00,15.4500
2020-08-10 00:00:00+00:00,15.4458
2020-08-11 00:00:00+00:00,15.6408
2020-08-12 00:00:00+00:00,15.8425
2020-08-13 00:00:00+00:00,15.8415
2020-08-14 00:00:00+00:00,15.9457
2020-08-15 00:00:00+00:00,15.9036
2020-08-16 00:00:00+00:00,15.9283
2020-08-17 00:00:00+00:00,15.9177
2020-08-18 00:00:00+00:00,16.0072
2020-08-19 00:00:00+00:00,16.0287
2020-08-20 00:00:00+00:00,16.2638
2020-08-21 00:00:00+00:00,16.2304
2020-08-22 00:00:00+00:00,16.2256
2020-08-23 00:00:00+00:00,16.2538
2020-08-24 00:00:00+00:00,16.2144
2020-08-25 00:00:00+00:00,16.2176
2020-08-26 00:00:00+00:00,16.1261
2020-08-27 00:00:00+00:00,16.1020
2020-08-28 00:00:00+00:00,16.0426
2020-08-29 00:00:00+00:00,16.0583
2020-08-30 00:00:00+00:00,16.0324
2020-08-31 00:00:00+00:00,16.0538
2020-09-01 00:00:00+00:00,16.0715
2020-09-02 00:00:00+00:00,16.0240
2020-09-03 00:00:00+00:00,16.0462
2020-09-04 00:00:00+00:00,16.0153
2020-09-05 00:00:00+00:00,16.0438
2020-09-06 00:00:00+00:00,16.0190
2020-09-07 00:00:00+00:00,16.0263
2020-09-08 00:00:00+00:00,15.8392
2020-09-09 00:00:00+00:00,15.8086
2020-09-10 00:00:00+00:00,15.8959
2020-09-11 00:00:00+00:00,15.9054
2020-09-12 00:00:00+00:00,15.7536
2020-09-13 00:00:00+00:00,15.6740
2020-09-14 00:00:00+00:00,15.8709
2020-09-15 00:00:00+00:00,15.8505
2020-09-16 00:00:00+00:00,15.7995
2020-09-17 00:00:00+00:00,15.9885
2020-09-18 00:00:00+00:00,16.0492
2020-09-19 00:00:00+00:00,15.9737
2020-09-20 00:00:00+00:00,15.8937
2020-09-21 00:00:00+00:00,15.8783
2020-09-22 00:00:00+00:00,15.9401
2020-09-23 00:00:00+00:00,15.9229
2020-09-24 00:00:00+00:00,15.7740
2020-09-25 00:00:00+00:00,15.7377
2020-09-26 00:00:00+00:00,15.6253
2020-09-27 00:00:00+00:00,15.5448
2020-09-28 00:00:00+00:00,15.4580
2020-09-29 00:00:00+00:00,15.4417
2020-09-30 00:00:00+00:00,15.3779
2020-10-01 00:00:00+00:00,15.3076
2020-10-02 00:00:00+00:00,15.2941
2020-10-03 00:00:00+00:00,15.2178
2020-10-04 00:00:00+00:00,15.2153
2020-10-05 00:00:00+00:00,15.1277
2020-10-06 00:00:00+00:00,15.0560
2020-10-07 00:00:00+00:00,14.9465
2020-10-08 00:00:00+00:00,14.9439
2020-10-09 00:00:00+00:00,14.8493
2020-10-10 00:00:00+00:00,14.7064
2020-10-11 00:00:00+00:00,14.5850
2020-10-12 00:00:00+00:00,14.5300
2020-10-13 00:00:00+00:00,14.5233
2020-10-14 00:00:00+00:00,14.4804
2020-10-15 00:00:00+00:00,14.4585
2020-10-16 00:00:00+00:00,14.3973
2020-10-17 00:00:00+00:00,14.3766
2020-10-18 00:00:00+00:00,14.2410
2020-10-19 00:00:00+00:00,14.2561
2020-10-20 00:00:00+00:00,14.2222
2020-10-21 00:00:00+00:00,14.0733
2020-10-22 00:00:00+00:00,14.0186
2020-10-23 00:00:00+00:00,14.0028
2020-10-24 00:00:00+00:00,13.9415
2020-10-25 00:00:00+00:00,13.8504
2020-10-26 00:00:00+00:00,13.8001
2020-10-27 00:00:00+00:00,13.7053
2020-10-28 00:00:00+00:00,13.7084
2020-10-29 00:00:00+00:00,13.6087
2020-10-30 00:00:00+00:00,13.6074
2020-10-31 00:00:00+00:00,13.5353
2020-11-01 00:00:00+00:00,13.5395
2020-11-02 00:00:00+00:00,13.5125
2020-11-03 00:00:00+00:00,13.3449
2020-11-04 00:00:00+00:00,13.1147
2020-11-05 00:00:00+00:00,13.0349
2020-11-06 00:00:00+00:00,12.9657
2020-11-07 00:00:00+00:00,12.9489
2020-11-08 00:00:00+00:00,12.9449
2020-11-09 00:00:00+00:00,12.9216
2020-11-10 00:00:00+00:00,12.8862
2020-11-11 00:00:00+00:00,12.8850
2020-11-12 00:00:00+00:00,12.8421
2020-11-13 00:00:00+00:00,12.7513
2020-11-14 00:00:00+00:00,12.7459
2020-11-15 00:00:00+00:00,12.6909
2020-11-16 00:00:00+00:00,12.6680
2020-11-17 00:00:00+00:00,12.6663
2020-11-18 00:00:00+00:00,12.6964
2020-11-19 00:00:00+00:00,12.5018
2020-11-20 00:00:00+00:00,12.5050
2020-11-21 00:00:00+00:00,12.5127
2020-11-22 00:00:00+00:00,12.4272
2020-11-23 00:00:00+00:00,12.3026
2020-11-24 00:00:00+00:00,12.2863
2020-11-25 00:00:00+00:00,12.2680
2020-11-26 00:00:00+00:00,12.1222
2020-11-27 00:00:00+00:00,12.0637
2020-11-28 00:00:00+00:00,12.0330
2020-11-29 00:00:00+00:00,11.9394
2020-11-30 00:00:00+00:00,11.9319
2020-12-01 00:00:00+00:00,11.8871
2020-12-02 00:00:00+00:00,11.8895
2020-12-03 00:00:00+00:00,11.9090
2020-12-04 00:00:00+00:00,11.9040
2020-12-05 00:00:00+00:00,11.9075
2020-12-06 00:00:00+00:00,11.6026
2020-12-07 00:00:00+00:00,11.5048
2020-12-08 00:00:00+00:00,11.3171
2020-12-09 00:00:00+00:00,11.1741
2020-12-10 00:00:00+00:00,11.1822
2020-12-11 00:00:00+00:00,11.1845
2020-12-12 00:00:00+00:00,11.1458
2020-12-13 00:00:00+00:00,11.1380
2020-12-14 00:00:00+00:00,11.0526
2020-12-15 00:00:00+00:00,11.0581
2020-12-16 00:00:00+00:00,11.0731
2020-12-17 00:00:00+00:00,10.9417
2020-12-18 00:00:00+00:00,10.9474
2020-12-19 00:00:00+00:00,10.9380
2020-12-20 00:00:00+00:00,10.8201
2020-12-21 00:00:00+00:00,10.8279
2020-12-22 00:00:00+00:00,10.7921
2020-12-23 00:00:00+00:00,10.7533
2020-12-24 00:00:00+00:00,10.6612
2020-12-25 00:00:00+00:00,10.5380
2020-12-26 00:00:00+00:00,10.5129
2020-12-27 00:00:00+00:00,10.3834
2020-12-28 00:00:00+00:00,10.3150
2020-12-29 00:00:00+00:00,10.3487
2020-12-30 00:00:00+00:00,10.3577
2020-12-31 00:00:00+00:00,10.2509
2021-01-01 00:00:00+00:00,9.7106
2021-01-02 00:00:00+00:00,9.6026
2021-01-03 00:00:00+00:00,9.5139
2021-01-04 00:00:00+00:00,9.4428
2021-01-05 00:00:00+00:00,9.3757
2021-01-06 00:00:00+00:00,9.2685
2021-01-07 00:00:00+00:00,9.0818
2021-01-08 00:00:00+00:00,9.0000
2021-01-09 00:00:00+00:00,8.8886
2021-01-10 00:00:00+00:00,8.8848
2021-01-11 00:00:00+00:00,8.7954
2021-01-12 00:00:00+00:00,8.7912
2021-01-13 00:00:00+00:00,8.7885
2021-01-14 00:00:00+00:00,8.7936
2021-01-15 00:00:00+00:00,8.7638
2021-01-16 00:00:00+00:00,8.7650
2021-01-17 00:00:00+00:00,8.7942
2021-01-18 00:00:00+00:00,8.6687
2021-01-19 00:00:00+00:00,8.6635
2021-01-20 00:00:00+00:00,8.6564
2021-01-21 00:00:00+00:00,8.6833
2021-01-22 00:00:00+00:00,8.5911
2021-01-23 00:00:00+00:00,8.4472
2021-01-24 00:00:00+00:00,8.3869
2021-01-25 00:00:00+00:00,8.2980
2021-01-26 00:00:00+00:00,8.3307
2021-01-27 00:00:00+00:00,8.3042
2021-01-28 00:00:00+00:00,8.2868
2021-01-29 00:00:00+00:00,8.3652
2021-01-30 00:00:00+00:00,8.3643
2021-01-31 00:00:00+00:00,8.3797
2021-02-01 00:00:00+00:00,8.3501
2021-02-02 00:00:00+00:00,8.2836
2021-02-03 00:00:00+00:00,8.2725
2021-02-04 00:00:00+00:00,8.3322
2021-02-05 00:00:00+00:00,8.3508
2021-02-06 00:00:00+00:00,8.3175
2021-02-07 00:00:00+00:00,8.2673
2021-02-08 00:00:00+00:00,8.2372
2021-02-09 00:00:00+00:00,8.1723
2021-02-10 00:00:00+00:00,8.0761
2021-02-11 00:00:00+00:00,7.8684
2021-02-12 00:00:00+00:00,7.8626
2021-02-13 00:00:00+00:00,7.8395
2021-02-14 00:00:00+00:00,7.8370
2021-02-15 00:00:00+00:00,7.6415
2021-02-16 00:00:00+00:00,7.6396
2021-02-17 00:00:00+00:00,7.6243
2021-02-18 00:00:00+00:00,7.6383
2021-02-19 00:00:00+00:00,7.6941
2021-02-20 00:00:00+00:00,7.6840
2021-02-21 00:00:00+00:00,7.6739
2021-02-22 00:00:00+00:00,7.6523
2021-02-23 00:00:00+00:00,7.6437
2021-02-24 00:00:00+00:00,7.6412
2021-02-25 00:00:00+00:00,7.8433
2021-02-26 00:00:00+00:00,8.0087
2021-02-27 00:00:00+00:00,8.0443
2021-02-28 00:00:00+00:00,8.0729
2021-03-01 00:00:00+00:00,8.1903
2021-03-02 00:00:00+00:00,8.1129
2021-03-03 00:00:00+00:00,7.8932
2021-03-04 00:00:00+00:00,7.8646
2021-03-05 00:00:00+00:00,7.9514
2021-03-06 00:00:00+00:00,7.9136
2021-03-07 00:00:00+00:00,7.7653
2021-03-08 00:00:00+00:00,7.7222
2021-03-09 00:00:00+00:00,7.6944
2021-03-10 00:00:00+00:00,7.6922
2021-03-11 00:00:00+00:00,7.7538
2021-03-12 00:00:00+00:00,7.8074
2021-03-13 00:00:00+00:00,7.8177
2021-03-14 00:00:00+00:00,7.9017
2021-03-15 00:00:00+00:00,7.8542
2021-03-16 00:00:00+00:00,7.8664
2021-03-17 00:00:00+00:00,8.0983
2021-03-18 00:00:00+00:00,8.0133
2021-03-19 00:00:00+00:00,8.0582
2021-03-20 00:00:00+00:00,8.0827
2021-03-21 00:00:00+00:00,8.0995
2021-03-22 00:00:00+00:00,8.2059
2021-03-23 00:00:00+00:00,8.2049
2021-03-24 00:00:00+00:00,8.1580
2021-03-25 00:00:00+00:00,8.2753
2021-03-26 00:00:00+00:00,8.1733
2021-03-27 00:00:00+00:00,8.2446
2021-03-28 00:00:00+00:00,8.2414
2021-03-29 00:00:00+00:00,8.0913
2021-03-30 00:00:00+00:00,8.0567
2021-03-31 00:00:00+00:00,8.2996
2021-04-01 00:00:00+00:00,8.2740
2021-04-02 00:00:00+00:00,8.4101
2021-04-03 00:00:00+00:00,8.7212
2021-04-04 00:00:00+00:00,8.7908
2021-04-05 00:00:00+00:00,8.6930
2021-04-06 00:00:00+00:00,8.6372
2021-04-07 00:00:00+00:00,8.5610
2021-04-08 00:00:00+00:00,8.5158
2021-04-09 00:00:00+00:00,8.4934
2021-04-10 00:00:00+00:00,8.5144
2021-04-11 00:00:00+00:00,8.4553
2021-04-12 00:00:00+00:00,8.4650
2021-04-13 00:00:00+00:00,8.5387
2021-04-14 00:00:00+00:00,8.5591
2021-04-15 00:00:00+00:00,8.8108
2021-04-16 00:00:00+00:00,8.8623
2021-04-17 00:00:00+00:00,9.0621
2021-04-18 00:00:00+00:00,8.9226
2021-04-19 00:00:00+00:00,8.9524
2021-04-20 00:00:00+00:00,8.9434
2021-04-21 00:00:00+00:00,9.0606
2021-04-22 00:00:00+00:00,9.3904
2021-04-23 00:00:00+00:00,9.6896
2021-04-24 00:00:00+00:00,9.6067
2021-04-25 00:00:00+00:00,9.6560
2021-04-26 00:00:00+00:00,9.6741
2021-04-27 00:00:00+00:00,9.5936
2021-04-28 00:00:00+00:00,9.5358
2021-04-29 00:00:00+00:00,9.4694
2021-04-30 00:00:00+00:00,9.4882
2021-05-01 00:00:00+00:00,9.5967
2021-05-02 00:00:00+00:00,9.6249
2021-05-03 00:00:00+00:00,9.6173
2021-05-04 00:00:00+00:00,9.6147
2021-05-05 00:00:00+00:00,9.6048
2021-05-06 00:00:00+00:00,9.6162
2021-05-07 00:00:00+00:00,9.6760
2021-05-08 00:00:00+00:00,9.6590
2021-05-09 00:00:00+00:00,9.6516
2021-05-10 00:00:00+00:00,9.8447
2021-05-11 00:00:00+00:00,9.8245
2021-05-12 00:00:00+00:00,9.9467
2021-05-13 00:00:00+00:00,10.0129
2021-05-14 00:00:00+00:00,10.1515
2021-05-15 00:00:00+00:00,10.1381
2021-05-16 00:00:00+00:00,10.2911
2021-05-17 00:00:00+00:00,10.6021
2021-05-18 00:00:00+00:00,10.7208
2021-05-19 00:00:00+00:00,10.8974
2021-05-20 00:00:00+00:00,10.8672
2021-05-21 00:00:00+00:00,10.8656
2021-05-22 00:00:00+00:00,10.8607
2021-05-23 00:00:00+00:00,10.8551
2021-05-24 00:00:00+00:00,10.7239
2021-05-25 00:00:00+00:00,10.7485
2021-05-26 00:00:00+00:00,10.7694
2021-05-27 00:00:00+00:00,10.9524
2021-05-28 00:00:00+00:00,10.9512
2021-05-29 00:00:00+00:00,10.9519
2021-05-30 00:00:00+00:00,11.2546
2021-05-31 00:00:00+00:00,11.6052
2021-06-01 00:00:00+00:00,11.7074
2021-06-02 00:00:00+00:00,11.9407
2021-06-03 00:00:00+00:00,11.9732
2021-06-04 00:00:00+00:00,12.0336
2021-06-05 00:00:00+00:00,12.2407
2021-06-06 00:00:00+00:00,12.2532
2021-06-07 00:00:00+00:00,12.4856
2021-06-08 00:00:00+00:00,12.5031
2021-06-09 00:00:00+00:00,12.7509
2021-06-10 00:00:00+00:00,12.5519
2021-06-11 00:00:00+00:00,12.5541
2021-06-12 00:00:00+00:00,12.8155
2021-06-13 00:00:00+00:00,12.8625
2021-06-14 00:00:00+00:00,13.2457
2021-06-15 00:00:00+00:00,13.1436
2021-06-16 00:00:00+00:00,13.3095
2021-06-17 00:00:00+00:00,13.3340
2021-06-18 00:00:00+00:00,13.4310
2021-06-19 00:00:00+00:00,13.3800
2021-06-20 00:00:00+00:00,13.3976
2021-06-21 00:00:00+00:00,13.5131
2021-06-22 00:00:00+00:00,13.4708
2021-06-23 00:00:00+00:00,13.5136
2021-06-24 00:00:00+00:00,13.5426
2021-06-25 00:00:00+00:00,13.4246
2021-06-26 00:00:00+00:00,13.4090
2021-06-27 00:00:00+00:00,13.5387
2021-06-28 00:00:00+00:00,13.6444
2021-06-29 00:00:00+00:00,13.6349
2021-06-30 00:00:00+00:00,13.8016
2021-07-01 00:00:00+00:00,13.8727
2021-07-02 00:00:00+00:00,13.9676
2021-07-03 00:00:00+00:00,13.9794
2021-07-04 00:00:00+00:00,14.0390
2021-07-05 00:00:00+00:00,14.1810
2021-07-06 00:00:00+00:00,14.1694
2021-07-07 00:00:00+00:00,14.2381
2021-07-08 00:00:00+00:00,14.6149
2021-07-09 00:00:00+00:00,14.7815
2021-07-10 00:00:00+00:00,14.7815
2021-07-11 00:00:00+00:00,14.9568
2021-07-12 00:00:00+00:00,14.9204
2021-07-13 00:00:00+00:00,14.8842
2021-07-14 00:00:00+00:00,14.9880
2021-07-15 00:00:00+00:00,15.2642
2021-07-16 00:00:00+00:00,15.4730
2021-07-17 00:00:00+00:00,15.6933
2021-07-18 00:00:00+00:00,16.2138
2021-07-19 00:00:00+00:00,16.3853
2021-07-20 00:00:00+00:00,16.8122
2021-07-21 00:00:00+00:00,16.9724
2021-07-22 00:00:00+00:00,17.0679
2021-07-23 00:00:00+00:00,17.2259
2021-07-24 00:00:00+00:00,16.8842
2021-07-25 00:00:00+00:00,16.5341
2021-07-26 00:00:00+00:00,16.5284
2021-07-27 00:00:00+00:00,16.5023
2021-07-28 00:00:00+00:00,16.4815
2021-07-29 00:00:00+00:00,16.2533
2021-07-30 00:00:00+00:00,16.2574
2021-07-31 00:00:00+00:00,16.2127
2021-08-01 00:00:00+00:00,16.0676
2021-08-02 00:00:00+00:00,16.0470
2021-08-03 00:00:00+00:00,16.0089
2021-08-04 00:00:00+00:00,16.1021
2021-08-05 00:00:00+00:00,16.1995
2021-08-06 00:00:00+00:00,16.1481
2021-08-07 00:00:00+00:00,16.1140
2021-08-08 00:00:00+00:00,16.0944
2021-08-09 00:00:00+00:00,16.0142
2021-08-10 00:00:00+00:00,15.9632
2021-08-11 00:00:00+00:00,15.9910
2021-08-12 00:00:00+00:00,15.8990
2021-08-13 00:00:00+00:00,15.8751
2021-08-14 00:00:00+00:00,15.8714
2021-08-15 00:00:00+00:00,15.4241
2021-08-16 00:00:00+00:00,15.7854
2021-08-17 00:00:00+00:00,15.7605
2021-08-18 00:00:00+00:00,15.6763
2021-08-19 00:00:00+00:00,15.8036
2021-08-20 00:00:00+00:00,15.9747
2021-08-21 00:00:00+00:00,15.9721
2021-08-22 00:00:00+00:00,16.0746
2021-08-23 00:00:00+00:00,16.0727
2021-08-24 00:00:00+00:00,16.1651
2021-08-25 00:00:00+00:00,16.3562
2021-08-26 00:00:00+00:00,16.2425
2021-08-27 00:00:00+00:00,16.3936
2021-08-28 00:00:00+00:00,16.4003
2021-08-29 00:00:00+00:00,16.3629
2021-08-30 00:00:00+00:00,16.3774
2021-08-31 00:00:00+00:00,16.4086
2021-09-01 00:00:00+00:00,16.4028
2021-09-02 00:00:00+00:00,16.3523
2021-09-03 00:00:00+00:00,16.3473
2021-09-04 00:00:00+00:00,16.2354
2021-09-05 00:00:00+00:00,16.4276
2021-09-06 00:00:00+00:00,16.3779
2021-09-07 00:00:00+00:00,16.5877
2021-09-08 00:00:00+00:00,16.8098
2021-09-09 00:00:00+00:00,16.8106
2021-09-10 00:00:00+00:00,16.7742
2021-09-11 00:00:00+00:00,16.6685
2021-09-12 00:00:00+00:00,16.6204
2021-09-13 00:00:00+00:00,16.6337
2021-09-14 00:00:00+00:00,16.6777
2021-09-15 00:00:00+00:00,16.5313
2021-09-16 00:00:00+00:00,16.6017
2021-09-17 00:00:00+00:00,16.5350
2021-09-18 00:00:00+00:00,16.4469
2021-09-19 00:00:00+00:00,16.4608
2021-09-20 00:00:00+00:00,16.2770
2021-09-21 00:00:00+00:00,16.1919
2021-09-22 00:00:00+00:00,16.0614
2021-09-23 00:00:00+00:00,16.2870
2021-09-24 00:00:00+00:00,16.4222
2021-09-25 00:00:00+00:00,16.3872
2021-09-26 00:00:00+00:00,16.4258
2021-09-27 00:00:00+00:00,16.4220
2021-09-28 00:00:00+00:00,16.3005
2021-09-29 00:00:00+00:00,16.1276
2021-09-30 00:00:00+00:00,16.0977
2021-10-01 00:00:00+00:00,16.0488
2021-10-02 00:00:00+00:00,15.9496
2021-10-03 00:00:00+00:00,15.7090
2021-10-04 00:00:00+00:00,15.6297
2021-10-05 00:00:00+00:00,15.5726
2021-10-06 00:00:00+00:00,15.5814
2021-10-07 00:00:00+00:00,15.4907
2021-10-08 00:00:00+00:00,15.4380
2021-10-09 00:00:00+00:00,15.3782
2021-10-10 00:00:00+00:00,15.3212
2021-10-11 00:00:00+00:00,15.1383
2021-10-12 00:00:00+00:00,15.2703
2021-10-13 00:00:00+00:00,15.2307
2021-10-14 00:00:00+00:00,15.2603
2021-10-15 00:00:00+00:00,15.2277
2021-10-16 00:00:00+00:00,15.1426
2021-10-17 00:00:00+00:00,15.1382
2021-10-18 00:00:00+00:00,15.1365
2021-10-19 00:00:00+00:00,15.1208
2021-10-20 00:00:00+00:00,15.0849
2021-10-21 00:00:00+00:00,15.0289
2021-10-22 00:00:00+00:00,14.9737
2021-10-23 00:00:00+00:00,14.8049
2021-10-24 00:00:00+00:00,14.8020
2021-10-25 00:00:00+00:00,14.6932
2021-10-26 00:00:00+00:00,14.6803
2021-10-27 00:00:00+00:00,14.6624
2021-10-28 00:00:00+00:00,14.6416
2021-10-29 00:00:00+00:00,14.6397
2021-10-30 00:00:00+00:00,14.6026
2021-10-31 00:00:00+00:00,14.5382
2021-11-01 00:00:00+00:00,14.3808
2021-11-02 00:00:00+00:00,14.1332
2021-11-03 00:00:00+00:00,14.0428
2021-11-04 00:00:00+00:00,13.9597
2021-11-05 00:00:00+00:00,13.8878
2021-11-06 00:00:00+00:00,13.8793
2021-11-07 00:00:00+00:00,13.7116
2021-11-08 00:00:00+00:00,13.6655
2021-11-09 00:00:00+00:00,13.5957
2021-11-10 00:00:00+00:00,13.5882
2021-11-11 00:00:00+00:00,13.4838
2021-11-12 00:00:00+00:00,13.4561
2021-11-13 00:00:00+00:00,13.4289
2021-11-14 00:00:00+00:00,13.3904
2021-11-15 00:00:00+00:00,13.3797
2021-11-16 00:00:00+00:00,13.3463
2021-11-17 00:00:00+00:00,13.3589
2021-11-18 00:00:00+00:00,13.5434
2021-11-19 00:00:00+00:00,13.4275
2021-11-20 00:00:00+00:00,13.4083
2021-11-21 00:00:00+00:00,13.2324
2021-11-22 00:00:00+00:00,13.1571
2021-11-23 00:00:00+00:00,12.9976
2021-11-24 00:00:00+00:00,12.9091
2021-11-25 00:00:00+00:00,12.7523
2021-11-26 00:00:00+00:00,12.7347
2021-11-27 00:00:00+00:00,12.5459
2021-11-28 00:00:00+00:00,12.4793
2021-11-29 00:00:00+00:00,12.2447
2021-11-30 00:00:00+00:00,12.2328
2021-12-01 00:00:00+00:00,12.1301
2021-12-02 00:00:00+00:00,11.9137
2021-12-03 00:00:00+00:00,11.8924
2021-12-04 00:00:00+00:00,11.7403
2021-12-05 00:00:00+00:00,11.5197
2021-12-06 00:00:00+00:00,11.5228
2021-12-07 00:00:00+00:00,11.3971
2021-12-08 00:00:00+00:00,11.2481
2021-12-09 00:00:00+00:00,11.1241
2021-12-10 00:00:00+00:00,10.9423
2021-12-11 00:00:00+00:00,10.9007
2021-12-12 00:00:00+00:00,10.8543
2021-12-13 00:00:00+00:00,10.9311
2021-12-14 00:00:00+00:00,10.6236
2021-12-15 00:00:00+00:00,10.5736
2021-12-16 00:00:00+00:00,10.5720
2021-12-17 00:00:00+00:00,10.6314
2021-12-18 00:00:00+00:00,10.6954
2021-12-19 00:00:00+00:00,10.7564
2021-12-20 00:00:00+00:00,10.6714
2021-12-21 00:00:00+00:00,10.6300
2021-12-22 00:00:00+00:00,10.5154
2021-12-23 00:00:00+00:00,10.4987
2021-12-24 00:00:00+00:00,10.3764
2021-12-25 00:00:00+00:00,10.3883
2021-12-26 00:00:00+00:00,10.3659
2021-12-27 00:00:00+00:00,10.3610
2021-12-28 00:00:00+00:00,10.3181
2021-12-29 00:00:00+00:00,10.3215
2021-12-30 00:00:00+00:00,10.4136
2021-12-31 00:00:00+00:00,10.4041
2022-01-01 00:00:00+00:00,10.5421
2022-01-02 00:00:00+00:00,10.5466
2022-01-03 00:00:00+00:00,10.4420
2022-01-04 00:00:00+00:00,10.4062
2022-01-05 00:00:00+00:00,10.2617
2022-01-06 00:00:00+00:00,10.2154
2022-01-07 00:00:00+00:00,10.0771
2022-01-08 00:00:00+00:00,10.0735
2022-01-09 00:00:00+00:00,9.9609
2022-01-10 00:00:00+00:00,9.9574
2022-01-11 00:00:00+00:00,9.8683
2022-01-12 00:00:00+00:00,9.6778
2022-01-13 00:00:00+00:00,9.6756
2022-01-14 00:00:00+00:00,9.5742
2022-01-15 00:00:00+00:00,9.5631
2022-01-16 00:00:00+00:00,9.5696
2022-01-17 00:00:00+00:00,9.4623
2022-01-18 00:00:00+00:00,9.4930
2022-01-19 00:00:00+00:00,9.5528
2022-01-20 00:00:00+00:00,9.5567
2022-01-21 00:00:00+00:00,9.4640
2022-01-22 00:00:00+00:00,9.4647
2022-01-23 00:00:00+00:00,9.4627
2022-01-24 00:00:00+00:00,9.4397
2022-01-25 00:00:00+00:00,9.4375
2022-01-26 00:00:00+00:00,9.3114
2022-01-27 00:00:00+00:00,9.2767
2022-01-28 00:00:00+00:00,9.2379
2022-01-29 00:00:00+00:00,9.1560
2022-01-30 00:00:00+00:00,9.2529
2022-01-31 00:00:00+00:00,9.3188
2022-02-01 00:00:00+00:00,9.2089
2022-02-02 00:00:00+00:00,9.3491
2022-02-03 00:00:00+00:00,9.2380
2022-02-04 00:00:00+00:00,9.2310
2022-02-05 00:00:00+00:00,9.2049
2022-02-06 00:00:00+00:00,9.2020
2022-02-07 00:00:00+00:00,9.2106
2022-02-08 00:00:00+00:00,9.1998
2022-02-09 00:00:00+00:00,9.1741
2022-02-10 00:00:00+00:00,9.0443
2022-02-11 00:00:00+00:00,9.0518
2022-02-12 00:00:00+00:00,9.0267
2022-02-13 00:00:00+00:00,9.0235
2022-02-14 00:00:00+00:00,8.9908
2022-02-15 00:00:00+00:00,9.0791
2022-02-16 00:00:00+00:00,8.9575
2022-02-17 00:00:00+00:00,9.0386
2022-02-18 00:00:00+00:00,9.0036
2022-02-19 00:00:00+00:00,8.8553
2022-02-20 00:00:00+00:00,8.8532
2022-02-21 00:00:00+00:00,8.7610
2022-02-22 00:00:00+00:00,8.7412
2022-02-23 00:00:00+00:00,8.8992
2022-02-24 00:00:00+00:00,8.8394
2022-02-25 00:00:00+00:00,8.5286
2022-02-26 00:00:00+00:00,8.6034
2022-02-27 00:00:00+00:00,8.7583
2022-02-28 00:00:00+00:00,8.6977
2022-03-01 00:00:00+00:00,8.6203
2022-03-02 00:00:00+00:00,8.5869
2022-03-03 00:00:00+00:00,8.5727
2022-03-04 00:00:00+00:00,8.5290
2022-03-05 00:00:00+00:00,8.5320
2022-03-06 00:00:00+00:00,8.5711
2022-03-07 00:00:00+00:00,8.5833
2022-03-08 00:00:00+00:00,8.4451
2022-03-09 00:00:00+00:00,8.5223
2022-03-10 00:00:00+00:00,8.4889
2022-03-11 00:00:00+00:00,8.4402
2022-03-12 00:00:00+00:00,8.4171
2022-03-13 00:00:00+00:00,8.3407
2022-03-14 00:00:00+00:00,8.5244
2022-03-15 00:00:00+00:00,8.6444
2022-03-16 00:00:00+00:00,8.6415
2022-03-17 00:00:00+00:00,8.6150
2022-03-18 00:00:00+00:00,8.5560
2022-03-19 00:00:00+00:00,9.0203
2022-03-20 00:00:00+00:00,8.9034
2022-03-21 00:00:00+00:00,8.6520
2022-03-22 00:00:00+00:00,8.6673
2022-03-23 00:00:00+00:00,8.8313
2022-03-24 00:00:00+00:00,8.9414
2022-03-25 00:00:00+00:00,9.1084
2022-03-26 00:00:00+00:00,9.0955
2022-03-27 00:00:00+00:00,9.2439
2022-03-28 00:00:00+00:00,9.3513
2022-03-29 00:00:00+00:00,9.2735
2022-03-30 00:00:00+00:00,9.3322
2022-03-31 00:00:00+00:00,9.2273
2022-04-01 00:00:00+00:00,9.0328
2022-04-02 00:00:00+00:00,8.9867
2022-04-03 00:00:00+00:00,8.9474
2022-04-04 00:00:00+00:00,8.9438
2022-04-05 00:00:00+00:00,8.9907
2022-04-06 00:00:00+00:00,9.0077
2022-04-07 00:00:00+00:00,9.1537
2022-04-08 00:00:00+00:00,9.0266
2022-04-09 00:00:00+00:00,9.0670
2022-04-10 00:00:00+00:00,9.0280
2022-04-11 00:00:00+00:00,8.9923
2022-04-12 00:00:00+00:00,9.1178
2022-04-13 00:00:00+00:00,9.1277
2022-04-14 00:00:00+00:00,9.3332
2022-04-15 00:00:00+00:00,9.3518
2022-04-16 00:00:00+00:00,9.4622
2022-04-17 00:00:00+00:00,9.3073
2022-04-18 00:00:00+00:00,9.5497
2022-04-19 00:00:00+00:00,9.6229
2022-04-20 00:00:00+00:00,9.8149
2022-04-21 00:00:00+00:00,9.9311
2022-04-22 00:00:00+00:00,10.0402
2022-04-23 00:00:00+00:00,10.0665
2022-04-24 00:00:00+00:00,10.0342
2022-04-25 00:00:00+00:00,10.1434
2022-04-26 00:00:00+00:00,10.2069
2022-04-27 00:00:00+00:00,10.2477
2022-04-28 00:00:00+00:00,10.0871
2022-04-29 00:00:00+00:00,10.1874
2022-04-30 00:00:00+00:00,10.0887
2022-05-01 00:00:00+00:00,10.0858
2022-05-02 00:00:00+00:00,10.2340
2022-05-03 00:00:00+00:00,10.3061
2022-05-04 00:00:00+00:00,10.5058
2022-05-05 00:00:00+00:00,10.7116
2022-05-06 00:00:00+00:00,10.5444
2022-05-07 00:00:00+00:00,10.7717
2022-05-08 00:00:00+00:00,10.8567
2022-05-09 00:00:00+00:00,10.6625
2022-05-10 00:00:00+00:00,10.6767
2022-05-11 00:00:00+00:00,10.7104
2022-05-12 00:00:00+00:00,11.1145
2022-05-13 00:00:00+00:00,11.0469
2022-05-14 00:00:00+00:00,11.2866
2022-05-15 00:00:00+00:00,11.3907
2022-05-16 00:00:00+00:00,11.4092
2022-05-17 00:00:00+00:00,11.5427
2022-05-18 00:00:00+00:00,11.4615
2022-05-19 00:00:00+00:00,11.6122
2022-05-20 00:00:00+00:00,11.5770
2022-05-21 00:00:00+00:00,11.8322
2022-05-22 00:00:00+00:00,11.7414
2022-05-23 00:00:00+00:00,11.9261
2022-05-24 00:00:00+00:00,12.0456
2022-05-25 00:00:00+00:00,12.0300
2022-05-26 00:00:00+00:00,12.2309
2022-05-27 00:00:00+00:00,12.3385
2022-05-28 00:00:00+00:00,12.1986
2022-05-29 00:00:00+00:00,12.3392
2022-05-30 00:00:00+00:00,12.4167
2022-05-31 00:00:00+00:00,12.4340
2022-06-01 00:00:00+00:00,12.5057
2022-06-02 00:00:00+00:00,12.7380
2022-06-03 00:00:00+00:00,12.8426
2022-06-04 00:00:00+00:00,12.9641
2022-06-05 00:00:00+00:00,12.9502
2022-06-06 00:00:00+00:00,12.9365
2022-06-07 00:00:00+00:00,13.2403
2022-06-08 00:00:00+00:00,12.9573
2022-06-09 00:00:00+00:00,13.0840
2022-06-10 00:00:00+00:00,13.0777
2022-06-11 00:00:00+00:00,13.1367
2022-06-12 00:00:00+00:00,13.1828
2022-06-13 00:00:00+00:00,13.2969
2022-06-14 00:00:00+00:00,13.3318
2022-06-15 00:00:00+00:00,13.5083
2022-06-16 00:00:00+00:00,13.6624
2022-06-17 00:00:00+00:00,13.7863
2022-06-18 00:00:00+00:00,13.6053
2022-06-19 00:00:00+00:00,13.5293
2022-06-20 00:00:00+00:00,13.6189
2022-06-21 00:00:00+00:00,13.8807
2022-06-22 00:00:00+00:00,14.1517
2022-06-23 00:00:00+00:00,14.5873
2022-06-24 00:00:00+00:00,14.4132
2022-06-25 00:00:00+00:00,14.2818
2022-06-26 00:00:00+00:00,14.2137
2022-06-27 00:00:00+00:00,14.2052
2022-06-28 00:00:00+00:00,14.2158
2022-06-29 00:00:00+00:00,14.2039
2022-06-30 00:00:00+00:00,14.1881
2022-07-01 00:00:00+00:00,14.3364
2022-07-02 00:00:00+00:00,14.3619
2022-07-03 00:00:00+00:00,14.4149
2022-07-04 00:00:00+00:00,14.4935
2022-07-05 00:00:00+00:00,14.5130
2022-07-06 00:00:00+00:00,14.5896
2022-07-07 00:00:00+00:00,14.7768
2022-07-08 00:00:00+00:00,15.0968
2022-07-09 00:00:00+00:00,15.3391
2022-07-10 00:00:00+00:00,15.5067
2022-07-11 00:00:00+00:00,15.6655
2022-07-12 00:00:00+00:00,15.6491
2022-07-13 00:00:00+00:00,15.7914
2022-07-14 00:00:00+00:00,15.7222
2022-07-15 00:00:00+00:00,15.7128
2022-07-16 00:00:00+00:00,15.7174
2022-07-17 00:00:00+00:00,15.9238
2022-07-18 00:00:00+00:00,16.1055
2022-07-19 00:00:00+00:00,16.1785
2022-07-20 00:00:00+00:00,16.2731
2022-07-21 00:00:00+00:00,16.0617
2022-07-22 00:00:00+00:00,16.0336
2022-07-23 00:00:00+00:00,16.2963
2022-07-24 00:00:00+00:00,16.3190
2022-07-25 00:00:00+00:00,16.2296
2022-07-26 00:00:00+00:00,16.1834
2022-07-27 00:00:00+00:00,16.3084
2022-07-28 00:00:00+00:00,16.3313
2022-07-29 00:00:00+00:00,16.4307
2022-07-30 00:00:00+00:00,16.3606
2022-07-31 00:00:00+00:00,16.3549
2022-08-01 00:00:00+00:00,16.2715
2022-08-02 00:00:00+00:00,16.2690
2022-08-03 00:00:00+00:00,16.2040
2022-08-04 00:00:00+00:00,16.3781
2022-08-05 00:00:00+00:00,16.4727
2022-08-06 00:00:00+00:00,16.5649
2022-08-07 00:00:00+00:00,16.7237
2022-08-08 00:00:00+00:00,16.8239
2022-08-09 00:00:00+00:00,17.0050
2022-08-10 00:00:00+00:00,17.1901
2022-08-11 00:00:00+00:00,17.5720
2022-08-12 00:00:00+00:00,17.4096
2022-08-13 00:00:00+00:00,17.5000
2022-08-14 00:00:00+00:00,17.5291
2022-08-15 00:00:00+00:00,17.4690
2022-08-16 00:00:00+00:00,17.3542
2022-08-17 00:00:00+00:00,17.0511
2022-08-18 00:00:00+00:00,16.9803
2022-08-19 00:00:00+00:00,16.9459
2022-08-20 00:00:00+00:00,17.0240
2022-08-21 00:00:00+00:00,17.0411
2022-08-22 00:00:00+00:00,17.0720
2022-08-23 00:00:00+00:00,17.0247
2022-08-24 00:00:00+00:00,17.0273
2022-08-25 00:00:00+00:00,17.1246
2022-08-26 00:00:00+00:00,17.1571
2022-08-27 00:00:00+00:00,17.1779
2022-08-28 00:00:00+00:00,17.1922
2022-08-29 00:00:00+00:00,17.2750
2022-08-30 00:00:00+00:00,17.2459
2022-08-31 00:00:00+00:00,17.1504
2022-09-01 00:00:00+00:00,17.0415
2022-09-02 00:00:00+00:00,17.0769
2022-09-03 00:00:00+00:00,17.0670
2022-09-04 00:00:00+00:00,17.0375
2022-09-05 00:00:00+00:00,16.9545
2022-09-06 00:00:00+00:00,16.9290
2022-09-07 00:00:00+00:00,17.0342
2022-09-08 00:00:00+00:00,17.1301
2022-09-09 00:00:00+00:00,17.2415
2022-09-10 00:00:00+00:00,17.1116
2022-09-11 00:00:00+00:00,17.0888
2022-09-12 00:00:00+00:00,17.0614
2022-09-13 00:00:00+00:00,16.9853
2022-09-14 00:00:00+00:00,16.8100
2022-09-15 00:00:00+00:00,16.7637
2022-09-16 00:00:00+00:00,16.6580
2022-09-17 00:00:00+00:00,16.5152
2022-09-18 00:00:00+00:00,16.4453
2022-09-19 00:00:00+00:00,16.4862
2022-09-20 00:00:00+00:00,16.5101
2022-09-21 00:00:00+00:00,16.4864
2022-09-22 00:00:00+00:00,16.2769
2022-09-23 00:00:00+00:00,16.2404
2022-09-24 00:00:00+00:00,16.2627
2022-09-25 00:00:00+00:00,16.2361
2022-09-26 00:00:00+00:00,16.1669
2022-09-27 00:00:00+00:00,16.0270
2022-09-28 00:00:00+00:00,15.8909
2022-09-29 00:00:00+00:00,15.8250
2022-09-30 00:00:00+00:00,15.6805
2022-10-01 00:00:00+00:00,15.6402
2022-10-02 00:00:00+00:00,15.6080
2022-10-03 00:00:00+00:00,15.6167
2022-10-04 00:00:00+00:00,15.6201
2022-10-05 00:00:00+00:00,15.6350
2022-10-06 00:00:00+00:00,15.4421
2022-10-07 00:00:00+00:00,15.3527
2022-10-08 00:00:00+00:00,15.2336
2022-10-09 00:00:00+00:00,15.2991
2022-10-10 00:00:00+00:00,15.1848
2022-10-11 00:00:00+00:00,14.9997
2022-10-12 00:00:00+00:00,14.9746
2022-10-13 00:00:00+00:00,14.8990
2022-10-14 00:00:00+00:00,14.9505
2022-10-15 00:00:00+00:00,14.9604
2022-10-16 00:00:00+00:00,14.8339
2022-10-17 00:00:00+00:00,14.7165
2022-10-18 00:00:00+00:00,14.6783
2022-10-19 00:00:00+00:00,14.6992
2022-10-20 00:00:00+00:00,14.6670
2022-10-21 00:00:00+00:00,14.7002
2022-10-22 00:00:00+00:00,14.6568
2022-10-23 00:00:00+00:00,14.6547
2022-10-24 00:00:00+00:00,14.5495
2022-10-25 00:00:00+00:00,14.6846
2022-10-26 00:00:00+00:00,14.6901
2022-10-27 00:00:00+00:00,14.6458
2022-10-28 00:00:00+00:00,14.6518
2022-10-29 00:00:00+00:00,14.5732
2022-10-30 00:00:00+00:00,14.5800
2022-10-31 00:00:00+00:00,14.6238
2022-11-01 00:00:00+00:00,14.5921
2022-11-02 00:00:00+00:00,14.4730
2022-11-03 00:00:00+00:00,14.3881
2022-11-04 00:00:00+00:00,14.3142
2022-11-05 00:00:00+00:00,14.3172
2022-11-06 00:00:00+00:00,14.1813
2022-11-07 00:00:00+00:00,14.2348
2022-11-08 00:00:00+00:00,14.0578
2022-11-09 00:00:00+00:00,14.0309
2022-11-10 00:00:00+00:00,13.9684
2022-11-11 00:00:00+00:00,13.9863
2022-11-12 00:00:00+00:00,13.9383
2022-11-13 00:00:00+00:00,13.8342
2022-11-14 00:00:00+00:00,13.8176
2022-11-15 00:00:00+00:00,13.7856
2022-11-16 00:00:00+00:00,13.7286
2022-11-17 00:00:00+00:00,13.6853
2022-11-18 00:00:00+00:00,13.5842
2022-11-19 00:00:00+00:00,13.4635
2022-11-20 00:00:00+00:00,13.3546
2022-11-21 00:00:00+00:00,13.3247
2022-11-22 00:00:00+00:00,13.2203
2022-11-23 00:00:00+00:00,13.1668
2022-11-24 00:00:00+00:00,12.9866
2022-11-25 00:00:00+00:00,12.8781
2022-11-26 00:00:00+00:00,12.8716
2022-11-27 00:00:00+00:00,12.8616
2022-11-28 00:00:00+00:00,12.7691
2022-11-29 00:00:00+00:00,12.6864
2022-11-30 00:00:00+00:00,12.6454
2022-12-01 00:00:00+00:00,12.6382
2022-12-02 00:00:00+00:00,12.6151
2022-12-03 00:00:00+00:00,12.5057
2022-12-04 00:00:00+00:00,12.4203
2022-12-05 00:00:00+00:00,12.3461
2022-12-06 00:00:00+00:00,12.2608
2022-12-07 00:00:00+00:00,12.0083
2022-12-08 00:00:00+00:00,11.8615
2022-12-09 00:00:00+00:00,11.6881
2022-12-10 00:00:00+00:00,11.6024
2022-12-11 00:00:00+00:00,11.5170
2022-12-12 00:00:00+00:00,11.4060
2022-12-13 00:00:00+00:00,11.3859
2022-12-14 00:00:00+00:00,11.2601
2022-12-15 00:00:00+00:00,11.0343
2022-12-16 00:00:00+00:00,10.8810
2022-12-17 00:00:00+00:00,10.8686
2022-12-18 00:00:00+00:00,10.8592
2022-12-19 00:00:00+00:00,10.8667
2022-12-20 00:00:00+00:00,10.7006
2022-12-21 00:00:00+00:00,10.6349
2022-12-22 00:00:00+00:00,10.5262
2022-12-23 00:00:00+00:00,10.5239
2022-12-24 00:00:00+00:00,10.4670
2022-12-25 00:00:00+00:00,10.4549
2022-12-26 00:00:00+00:00,10.4678
2022-12-27 00:00:00+00:00,10.4575
2022-12-28 00:00:00+00:00,10.3901
2022-12-29 00:00:00+00:00,10.3855
2022-12-30 00:00:00+00:00,10.3692
2022-12-31 00:00:00+00:00,10.3666
2023-01-01 00:00:00+00:00,10.3544
2023-01-02 00:00:00+00:00,10.2820
2023-01-03 00:00:00+00:00,10.2504
2023-01-04 00:00:00+00:00,10.3126
2023-01-05 00:00:00+00:00,10.2853
2023-01-06 00:00:00+00:00,10.2902
2023-01-07 00:00:00+00:00,10.2885
2023-01-08 00:00:00+00:00,10.1611
2023-01-09 00:00:00+00:00,10.1123
2023-01-10 00:00:00+00:00,10.1088
2023-01-11 00:00:00+00:00,10.0951
2023-01-12 00:00:00+00:00,10.0868
2023-01-13 00:00:00+00:00,10.0030
2023-01-14 00:00:00+00:00,10.0007
2023-01-15 00:00:00+00:00,9.9043
2023-01-16 00:00:00+00:00,9.7585
2023-01-17 00:00:00+00:00,9.6178
2023-01-18 00:00:00+00:00,9.5274
2023-01-19 00:00:00+00:00,9.5103
2023-01-20 00:00:00+00:00,9.3589
2023-01-21 00:00:00+00:00,9.3401
2023-01-22 00:00:00+00:00,9.3299
2023-01-23 00:00:00+00:00,9.2760
2023-01-24 00:00:00+00:00,9.1634
2023-01-25 00:00:00+00:00,9.0499
2023-01-26 00:00:00+00:00,9.1457
2023-01-27 00:00:00+00:00,9.1108
2023-01-28 00:00:00+00:00,8.9425
2023-01-29 00:00:00+00:00,8.8923
2023-01-30 00:00:00+00:00,9.0883
2023-01-31 00:00:00+00:00,8.9793
2023-02-01 00:00:00+00:00,8.9791
2023-02-02 00:00:00+00:00,9.0256
2023-02-03 00:00:00+00:00,8.7784
2023-02-04 00:00:00+00:00,8.7588
2023-02-05 00:00:00+00:00,9.4799
2023-02-06 00:00:00+00:00,9.2128
2023-02-07 00:00:00+00:00,9.0604
2023-02-08 00:00:00+00:00,9.0579
2023-02-09 00:00:00+00:00,8.9527
2023-02-10 00:00:00+00:00,8.8793
2023-02-11 00:00:00+00:00,8.7900
2023-02-12 00:00:00+00:00,8.7688
2023-02-13 00:00:00+00:00,8.9392
2023-02-14 00:00:00+00:00,8.8253
2023-02-15 00:00:00+00:00,8.8059
2023-02-16 00:00:00+00:00,8.7663
2023-02-17 00:00:00+00:00,8.7822
2023-02-18 00:00:00+00:00,8.7698
2023-02-19 00:00:00+00:00,8.9200
2023-02-20 00:00:00+00:00,8.6739
2023-02-21 00:00:00+00:00,8.5557
2023-02-22 00:00:00+00:00,8.6117
2023-02-23 00:00:00+00:00,8.8081
2023-02-24 00:00:00+00:00,8.9222
2023-02-25 00:00:00+00:00,8.9792
2023-02-26 00:00:00+00:00,8.9184
2023-02-27 00:00:00+00:00,8.8635
2023-02-28 00:00:00+00:00,8.7889
2023-03-01 00:00:00+00:00,8.7609
2023-03-02 00:00:00+00:00,8.6835
2023-03-03 00:00:00+00:00,8.6111
2023-03-04 00:00:00+00:00,8.6100
2023-03-05 00:00:00+00:00,8.6057
2023-03-06 00:00:00+00:00,8.4875
2023-03-07 00:00:00+00:00,8.4804
2023-03-08 00:00:00+00:00,8.4622
2023-03-09 00:00:00+00:00,8.4597
2023-03-10 00:00:00+00:00,8.3640
2023-03-11 00:00:00+00:00,8.2281
2023-03-12 00:00:00+00:00,8.2580
2023-03-13 00:00:00+00:00,8.2551
2023-03-14 00:00:00+00:00,8.3447
2023-03-15 00:00:00+00:00,8.1484
2023-03-16 00:00:00+00:00,8.1433
2023-03-17 00:00:00+00:00,8.2077
2023-03-18 00:00:00+00:00,8.2025
2023-03-19 00:00:00+00:00,8.1996
2023-03-20 00:00:00+00:00,8.1969
2023-03-21 00:00:00+00:00,8.1940
2023-03-22 00:00:00+00:00,8.3842
2023-03-23 00:00:00+00:00,8.5593
2023-03-24 00:00:00+00:00,8.7167
2023-03-25 00:00:00+00:00,8.7489
2023-03-26 00:00:00+00:00,8.7300
2023-03-27 00:00:00+00:00,8.8946
2023-03-28 00:00:00+00:00,8.8913
2023-03-29 00:00:00+00:00,8.8695
2023-03-30 00:00:00+00:00,8.8963
2023-03-31 00:00:00+00:00,8.9056
2023-04-01 00:00:00+00:00,9.0091
2023-04-02 00:00:00+00:00,9.2003
2023-04-03 00:00:00+00:00,9.2806
2023-04-04 00:00:00+00:00,9.1396
2023-04-05 00:00:00+00:00,9.1362
2023-04-06 00:00:00+00:00,9.1331
2023-04-07 00:00:00+00:00,9.2833
2023-04-08 00:00:00+00:00,9.2810
2023-04-09 00:00:00+00:00,9.4157
2023-04-10 00:00:00+00:00,9.4034
2023-04-11 00:00:00+00:00,9.4152
2023-04-12 00:00:00+00:00,9.3613
2023-04-13 00:00:00+00:00,9.3456
2023-04-14 00:00:00+00:00,9.3200
2023-04-15 00:00:00+00:00,9.4391
2023-04-16 00:00:00+00:00,9.4354
2023-04-17 00:00:00+00:00,9.1697
2023-04-18 00:00:00+00:00,9.5854
2023-04-19 00:00:00+00:00,9.7269
2023-04-20 00:00:00+00:00,9.8231
2023-04-21 00:00:00+00:00,9.7970
2023-04-22 00:00:00+00:00,9.7568
2023-04-23 00:00:00+00:00,9.6773
2023-04-24 00:00:00+00:00,9.7718
2023-04-25 00:00:00+00:00,9.7475
2023-04-26 00:00:00+00:00,9.7402
2023-04-27 00:00:00+00:00,9.7707
2023-04-28 00:00:00+00:00,9.5915
2023-04-29 00:00:00+00:00,9.8866
2023-04-30 00:00:00+00:00,9.8923
2023-05-01 00:00:00+00:00,10.3338
2023-05-02 00:00:00+00:00,10.3981
2023-05-03 00:00:00+00:00,10.3985
2023-05-04 00:00:00+00:00,10.5675
2023-05-05 00:00:00+00:00,10.5211
2023-05-06 00:00:00+00:00,10.4748
2023-05-07 00:00:00+00:00,10.8298
2023-05-08 00:00:00+00:00,10.8259
2023-05-09 00:00:00+00:00,10.7933
2023-05-10 00:00:00+00:00,11.0177
2023-05-11 00:00:00+00:00,11.1209
2023-05-12 00:00:00+00:00,11.3237
2023-05-13 00:00:00+00:00,11.5312
2023-05-14 00:00:00+00:00,11.3774
2023-05-15 00:00:00+00:00,11.4723
2023-05-16 00:00:00+00:00,11.5053
2023-05-17 00:00:00+00:00,11.5857
2023-05-18 00:00:00+00:00,11.5511
2023-05-19 00:00:00+00:00,11.7150
2023-05-20 00:00:00+00:00,11.7938
2023-05-21 00:00:00+00:00,11.8637
2023-05-22 00:00:00+00:00,12.0983
2023-05-23 00:00:00+00:00,12.0538
2023-05-24 00:00:00+00:00,12.2189
2023-05-25 00:00:00+00:00,12.3925
2023-05-26 00:00:00+00:00,12.5072
2023-05-27 00:00:00+00:00,12.8312
2023-05-28 00:00:00+00:00,13.0701
2023-05-29 00:00:00+00:00,13.0090
2023-05-30 00:00:00+00:00,13.2867
2023-05-31 00:00:00+00:00,13.3974
2023-06-01 00:00:00+00:00,13.3443
2023-06-02 00:00:00+00:00,13.2668
2023-06-03 00:00:00+00:00,13.2803
2023-06-04 00:00:00+00:00,13.3475
2023-06-05 00:00:00+00:00,13.5304
2023-06-06 00:00:00+00:00,13.4796
2023-06-07 00:00:00+00:00,13.4777
2023-06-08 00:00:00+00:00,13.4412
2023-06-09 00:00:00+00:00,13.5510
2023-06-10 00:00:00+00:00,13.5751
2023-06-11 00:00:00+00:00,13.7177
2023-06-12 00:00:00+00:00,13.9715
2023-06-13 00:00:00+00:00,14.2520
2023-06-14 00:00:00+00:00,14.5528
2023-06-15 00:00:00+00:00,14.6559
2023-06-16 00:00:00+00:00,14.7651
2023-06-17 00:00:00+00:00,14.7442
2023-06-18 00:00:00+00:00,14.7183
2023-06-19 00:00:00+00:00,14.8668
2023-06-20 00:00:00+00:00,14.8859
2023-06-21 00:00:00+00:00,15.1545
2023-06-22 00:00:00+00:00,15.2203
2023-06-23 00:00:00+00:00,15.2471
2023-06-24 00:00:00+00:00,15.1292
2023-06-25 00:00:00+00:00,15.5374
2023-06-26 00:00:00+00:00,15.4224
2023-06-27 00:00:00+00:00,15.3902
2023-06-28 00:00:00+00:00,15.2047
2023-06-29 00:00:00+00:00,15.3728
2023-06-30 00:00:00+00:00,15.3660
2023-07-01 00:00:00+00:00,15.3182
2023-07-02 00:00:00+00:00,15.2141
2023-07-03 00:00:00+00:00,15.1547
2023-07-04 00:00:00+00:00,15.1085
2023-07-05 00:00:00+00:00,14.9891
2023-07-06 00:00:00+00:00,14.9275
2023-07-07 00:00:00+00:00,14.7980
2023-07-08 00:00:00+00:00,15.0973
2023-07-09 00:00:00+00:00,15.1671
2023-07-10 00:00:00+00:00,15.2580
2023-07-11 00:00:00+00:00,15.3084
2023-07-12 00:00:00+00:00,15.3977
2023-07-13 00:00:00+00:00,15.4026
2023-07-14 00:00:00+00:00,15.4016
2023-07-15 00:00:00+00:00,15.4074
2023-07-16 00:00:00+00:00,15.4170
2023-07-17 00:00:00+00:00,15.4596
2023-07-18 00:00:00+00:00,15.4473
2023-07-19 00:00:00+00:00,15.3522
2023-07-20 00:00:00+00:00,15.5063
2023-07-21 00:00:00+00:00,15.6979
2023-07-22 00:00:00+00:00,15.6997
2023-07-23 00:00:00+00:00,15.5993
2023-07-24 00:00:00+00:00,15.6742
2023-07-25 00:00:00+00:00,15.8051
2023-07-26 00:00:00+00:00,15.8511
2023-07-27 00:00:00+00:00,15.8000
2023-07-28 00:00:00+00:00,15.8425
2023-07-29 00:00:00+00:00,15.9810
2023-07-30 00:00:00+00:00,16.0436
2023-07-31 00:00:00+00:00,15.9831
2023-08-01 00:00:00+00:00,16.0473
2023-08-02 00:00:00+00:00,15.9021
2023-08-03 00:00:00+00:00,15.9277
2023-08-04 00:00:00+00:00,15.9333
2023-08-05 00:00:00+00:00,15.9282
2023-08-06 00:00:00+00:00,15.9148
2023-08-07 00:00:00+00:00,15.9026
2023-08-08 00:00:00+00:00,15.9024
2023-08-09 00:00:00+00:00,15.9665
2023-08-10 00:00:00+00:00,16.2456
2023-08-11 00:00:00+00:00,16.0328
2023-08-12 00:00:00+00:00,16.1973
2023-08-13 00:00:00+00:00,16.2700
2023-08-14 00:00:00+00:00,16.2648
2023-08-15 00:00:00+00:00,16.4804
2023-08-16 00:00:00+00:00,16.6160
2023-08-17 00:00:00+00:00,16.7881
2023-08-18 00:00:00+00:00,16.7803
2023-08-19 00:00:00+00:00,16.6952
2023-08-20 00:00:00+00:00,16.5129
2023-08-21 00:00:00+00:00,16.4740
2023-08-22 00:00:00+00:00,16.5862
2023-08-23 00:00:00+00:00,16.5552
2023-08-24 00:00:00+00:00,16.5599
2023-08-25 00:00:00+00:00,16.6684
2023-08-26 00:00:00+00:00,16.7157
2023-08-27 00:00:00+00:00,16.7128
2023-08-28 00:00:00+00:00,16.7055
2023-08-29 00:00:00+00:00,16.6116
2023-08-30 00:00:00+00:00,16.5733
2023-08-31 00:00:00+00:00,16.5498
2023-09-01 00:00:00+00:00,16.5496
2023-09-02 00:00:00+00:00,16.6627
2023-09-03 00:00:00+00:00,16.7247
2023-09-04 00:00:00+00:00,16.9866
2023-09-05 00:00:00+00:00,17.1242
2023-09-06 00:00:00+00:00,17.0108
2023-09-07 00:00:00+00:00,17.2189
2023-09-08 00:00:00+00:00,17.4078
2023-09-09 00:00:00+00:00,17.6094
2023-09-10 00:00:00+00:00,17.9690
2023-09-11 00:00:00+00:00,17.8326
2023-09-12 00:00:00+00:00,17.7776
2023-09-13 00:00:00+00:00,17.4587
2023-09-14 00:00:00+00:00,17.4160
2023-09-15 00:00:00+00:00,17.3825
2023-09-16 00:00:00+00:00,17.3090
2023-09-17 00:00:00+00:00,17.3054
2023-09-18 00:00:00+00:00,17.1929
2023-09-19 00:00:00+00:00,17.1865
2023-09-20 00:00:00+00:00,17.0293
2023-09-21 00:00:00+00:00,16.6140
2023-09-22 00:00:00+00:00,16.5315
2023-09-23 00:00:00+00:00,16.4191
2023-09-24 00:00:00+00:00,16.3885
2023-09-25 00:00:00+00:00,16.0888
2023-09-26 00:00:00+00:00,16.1260
2023-09-27 00:00:00+00:00,16.1224
2023-09-28 00:00:00+00:00,16.0325
2023-09-29 00:00:00+00:00,16.0080
2023-09-30 00:00:00+00:00,15.9476
2023-10-01 00:00:00+00:00,15.9351
2023-10-02 00:00:00+00:00,15.9660
2023-10-03 00:00:00+00:00,15.8997
2023-10-04 00:00:00+00:00,16.0278
2023-10-05 00:00:00+00:00,16.0280
2023-10-06 00:00:00+00:00,15.9889
2023-10-07 00:00:00+00:00,15.8857
2023-10-08 00:00:00+00:00,15.8974
2023-10-09 00:00:00+00:00,15.8223
2023-10-10 00:00:00+00:00,15.7975
2023-10-11 00:00:00+00:00,15.7815
2023-10-12 00:00:00+00:00,15.7753
2023-10-13 00:00:00+00:00,15.7729
2023-10-14 00:00:00+00:00,15.7112
2023-10-15 00:00:00+00:00,15.5425
2023-10-16 00:00:00+00:00,15.5303
2023-10-17 00:00:00+00:00,15.5461
2023-10-18 00:00:00+00:00,15.5404
2023-10-19 00:00:00+00:00,15.4981
2023-10-20 00:00:00+00:00,15.3231
2023-10-21 00:00:00+00:00,15.2966
2023-10-22 00:00:00+00:00,15.1296
2023-10-23 00:00:00+00:00,14.9707
2023-10-24 00:00:00+00:00,14.9448
2023-10-25 00:00:00+00:00,14.8525
2023-10-26 00:00:00+00:00,14.8105
2023-10-27 00:00:00+00:00,14.7100
2023-10-28 00:00:00+00:00,14.7122
2023-10-29 00:00:00+00:00,14.6041
2023-10-30 00:00:00+00:00,14.5872
2023-10-31 00:00:00+00:00,14.5553
2023-11-01 00:00:00+00:00,14.5278
2023-11-02 00:00:00+00:00,14.5102
2023-11-03 00:00:00+00:00,14.2695
2023-11-04 00:00:00+00:00,14.2478
2023-11-05 00:00:00+00:00,14.1071
2023-11-06 00:00:00+00:00,13.8967
2023-11-07 00:00:00+00:00,13.7893
2023-11-08 00:00:00+00:00,13.7835
2023-11-09 00:00:00+00:00,13.6068
2023-11-10 00:00:00+00:00,13.5279
2023-11-11 00:00:00+00:00,13.4044
2023-11-12 00:00:00+00:00,13.3724
2023-11-13 00:00:00+00:00,13.3676
2023-11-14 00:00:00+00:00,13.2212
2023-11-15 00:00:00+00:00,13.0696
2023-11-16 00:00:00+00:00,13.0491
2023-11-17 00:00:00+00:00,12.9365
2023-11-18 00:00:00+00:00,12.9354
2023-11-19 00:00:00+00:00,12.9113
2023-11-20 00:00:00+00:00,12.9264
2023-11-21 00:00:00+00:00,12.8481
2023-11-22 00:00:00+00:00,12.8248
2023-11-23 00:00:00+00:00,12.7199
2023-11-24 00:00:00+00:00,12.6859
2023-11-25 00:00:00+00:00,12.5491
2023-11-26 00:00:00+00:00,12.5499
2023-11-27 00:00:00+00:00,12.5233
2023-11-28 00:00:00+00:00,12.3789
2023-11-29 00:00:00+00:00,12.3131
2023-11-30 00:00:00+00:00,12.2197
2023-12-01 00:00:00+00:00,12.1053
2023-12-02 00:00:00+00:00,11.9567
2023-12-03 00:00:00+00:00,11.9061
2023-12-04 00:00:00+00:00,11.8948
2023-12-05 00:00:00+00:00,11.8190
2023-12-06 00:00:00+00:00,11.6475
2023-12-07 00:00:00+00:00,11.6461
2023-12-08 00:00:00+00:00,11.4940
2023-12-09 00:00:00+00:00,11.4271
2023-12-10 00:00:00+00:00,11.4123
2023-12-11 00:00:00+00:00,11.4098
2023-12-12 00:00:00+00:00,11.3798
2023-12-13 00:00:00+00:00,11.3766
2023-12-14 00:00:00+00:00,11.2712
2023-12-15 00:00:00+00:00,11.2353
2023-12-16 00:00:00+00:00,10.5852
2023-12-17 00:00:00+00:00,10.6161
2023-12-18 00:00:00+00:00,10.5684
2023-12-19 00:00:00+00:00,10.5592
2023-12-20 00:00:00+00:00,10.8182
2023-12-21 00:00:00+00:00,10.7770
2023-12-22 00:00:00+00:00,10.9407
2023-12-23 00:00:00+00:00,10.9597
2023-12-24 00:00:00+00:00,10.9314
2023-12-25 00:00:00+00:00,11.0314
2023-12-26 00:00:00+00:00,10.9676
2023-12-27 00:00:00+00:00,10.9663
2023-12-28 00:00:00+00:00,10.9211
2023-12-29 00:00:00+00:00,10.8761
2023-12-30 00:00:00+00:00,10.8309
2023-12-31 00:00:00+00:00,10.7797
2024-01-01 00:00:00+00:00,10.7238
2024-01-02 00:00:00+00:00,10.7101
2024-01-03 00:00:00+00:00,10.6785
2024-01-04 00:00:00+00:00,10.5858
2024-01-05 00:00:00+00:00,10.5023
2024-01-06 00:00:00+00:00,10.3865
2024-01-07 00:00:00+00:00,10.2331
2024-01-08 00:00:00+00:00,10.2091
2024-01-09 00:00:00+00:00,10.1352
2024-01-10 00:00:00+00:00,10.1272
2024-01-11 00:00:00+00:00,9.9533
2024-01-12 00:00:00+00:00,9.8962
2024-01-13 00:00:00+00:00,9.8855
2024-01-14 00:00:00+00:00,9.8490
2024-01-15 00:00:00+00:00,9.7054
2024-01-16 00:00:00+00:00,9.6382
2024-01-17 00:00:00+00:00,9.5782
2024-01-18 00:00:00+00:00,9.4415
2024-01-19 00:00:00+00:00,9.2388
2024-01-20 00:00:00+00:00,9.2223
2024-01-21 00:00:00+00:00,9.1183
2024-01-22 00:00:00+00:00,9.1430
2024-01-23 00:00:00+00:00,9.1355
2024-01-24 00:00:00+00:00,9.1213
2024-01-25 00:00:00+00:00,9.1106
2024-01-26 00:00:00+00:00,9.2182
2024-01-27 00:00:00+00:00,9.2030
2024-01-28 00:00:00+00:00,9.1920
2024-01-29 00:00:00+00:00,9.1891
2024-01-30 00:00:00+00:00,9.1703
2024-01-31 00:00:00+00:00,9.0554
2024-02-01 00:00:00+00:00,8.9384
2024-02-02 00:00:00+00:00,8.6972
2024-02-03 00:00:00+00:00,8.7783
2024-02-04 00:00:00+00:00,8.7462
2024-02-05 00:00:00+00:00,8.8330
2024-02-06 00:00:00+00:00,8.8244
2024-02-07 00:00:00+00:00,8.8250
2024-02-08 00:00:00+00:00,8.8218
2024-02-09 00:00:00+00:00,8.8249
2024-02-10 00:00:00+00:00,8.9739
2024-02-11 00:00:00+00:00,8.9724
2024-02-12 00:00:00+00:00,8.9979
2024-02-13 00:00:00+00:00,8.9871
2024-02-14 00:00:00+00:00,8.9855
2024-02-15 00:00:00+00:00,8.9821
2024-02-16 00:00:00+00:00,9.0650
2024-02-17 00:00:00+00:00,8.7968
2024-02-18 00:00:00+00:00,8.7984
2024-02-19 00:00:00+00:00,9.0872
2024-02-20 00:00:00+00:00,8.9540
2024-02-21 00:00:00+00:00,8.9676
2024-02-22 00:00:00+00:00,9.3274
2024-02-23 00:00:00+00:00,9.2252
2024-02-24 00:00:00+00:00,9.2053
2024-02-25 00:00:00+00:00,9.1107
2024-02-26 00:00:00+00:00,9.0799
2024-02-27 00:00:00+00:00,8.9724
2024-02-28 00:00:00+00:00,8.8784
2024-02-29 00:00:00+00:00,8.8710
2024-03-01 00:00:00+00:00,8.9712
2024-03-02 00:00:00+00:00,8.8408
2024-03-03 00:00:00+00:00,8.7569
2024-03-04 00:00:00+00:00,8.6930
2024-03-05 00:00:00+00:00,8.6901
2024-03-06 00:00:00+00:00,8.7286
2024-03-07 00:00:00+00:00,8.8090
2024-03-08 00:00:00+00:00,8.8306
2024-03-09 00:00:00+00:00,8.7440
2024-03-10 00:00:00+00:00,8.6989
2024-03-11 00:00:00+00:00,8.6778
2024-03-12 00:00:00+00:00,8.6731
2024-03-13 00:00:00+00:00,8.6724
2024-03-14 00:00:00+00:00,8.6728
2024-03-15 00:00:00+00:00,8.5985
2024-03-16 00:00:00+00:00,8.8334
2024-03-17 00:00:00+00:00,8.8349
2024-03-18 00:00:00+00:00,8.9370
2024-03-19 00:00:00+00:00,9.0740
2024-03-20 00:00:00+00:00,9.0704
2024-03-21 00:00:00+00:00,9.2609
2024-03-22 00:00:00+00:00,9.2573
2024-03-23 00:00:00+00:00,9.2063
2024-03-24 00:00:00+00:00,9.2604
2024-03-25 00:00:00+00:00,9.2488
2024-03-26 00:00:00+00:00,9.2400
2024-03-27 00:00:00+00:00,9.2522
2024-03-28 00:00:00+00:00,9.2717
2024-03-29 00:00:00+00:00,9.2729
2024-03-30 00:00:00+00:00,9.2826
2024-03-31 00:00:00+00:00,9.2657
2024-04-01 00:00:00+00:00,9.2961
2024-04-02 00:00:00+00:00,9.3262
2024-04-03 00:00:00+00:00,9.3022
2024-04-04 00:00:00+00:00,9.3058
2024-04-05 00:00:00+00:00,9.3084
2024-04-06 00:00:00+00:00,9.3575
2024-04-07 00:00:00+00:00,9.6193
2024-04-08 00:00:00+00:00,9.7103
2024-04-09 00:00:00+00:00,9.7232
2024-04-10 00:00:00+00:00,9.7730
2024-04-11 00:00:00+00:00,9.7577
2024-04-12 00:00:00+00:00,9.6846
2024-04-13 00:00:00+00:00,9.6480
2024-04-14 00:00:00+00:00,9.8753
2024-04-15 00:00:00+00:00,9.8977
2024-04-16 00:00:00+00:00,9.9693
2024-04-17 00:00:00+00:00,10.0482
2024-04-18 00:00:00+00:00,9.9302
2024-04-19 00:00:00+00:00,9.9609
2024-04-20 00:00:00+00:00,10.0526
2024-04-21 00:00:00+00:00,10.0120
2024-04-22 00:00:00+00:00,10.1767
2024-04-23 00:00:00+00:00,10.1440
2024-04-24 00:00:00+00:00,10.2704
2024-04-25 00:00:00+00:00,10.2792
2024-04-26 00:00:00+00:00,10.2971
2024-04-27 00:00:00+00:00,10.2726
2024-04-28 00:00:00+00:00,10.3570
2024-04-29 00:00:00+00:00,10.3156
2024-04-30 00:00:00+00:00,10.2896
2024-05-01 00:00:00+00:00,10.3285
2024-05-02 00:00:00+00:00,10.3261
2024-05-03 00:00:00+00:00,10.3261
2024-05-04 00:00:00+00:00,10.3424
2024-05-05 00:00:00+00:00,10.4332
2024-05-06 00:00:00+00:00,10.5824
2024-05-07 00:00:00+00:00,10.7109
2024-05-08 00:00:00+00:00,10.6129
2024-05-09 00:00:00+00:00,11.0534
2024-05-10 00:00:00+00:00,11.0118
2024-05-11 00:00:00+00:00,11.4491
2024-05-12 00:00:00+00:00,11.4629
2024-05-13 00:00:00+00:00,11.4210
2024-05-14 00:00:00+00:00,11.4736
2024-05-15 00:00:00+00:00,11.6853
2024-05-16 00:00:00+00:00,11.9065
2024-05-17 00:00:00+00:00,11.9364
2024-05-18 00:00:00+00:00,12.1829
2024-05-19 00:00:00+00:00,12.3682
2024-05-20 00:00:00+00:00,12.5647
2024-05-21 00:00:00+00:00,12.7025
2024-05-22 00:00:00+00:00,12.6433
2024-05-23 00:00:00+00:00,12.6366
2024-05-24 00:00:00+00:00,12.5457
2024-05-25 00:00:00+00:00,12.5385
2024-05-26 00:00:00+00:00,12.4649
2024-05-27 00:00:00+00:00,12.4783
2024-05-28 00:00:00+00:00,12.5514
2024-05-29 00:00:00+00:00,12.5768
2024-05-30 00:00:00+00:00,12.6649
2024-05-31 00:00:00+00:00,12.7166
2024-06-01 00:00:00+00:00,12.6904
2024-06-02 00:00:00+00:00,12.8409
2024-06-03 00:00:00+00:00,12.8713
2024-06-04 00:00:00+00:00,12.9548
2024-06-05 00:00:00+00:00,12.9562
2024-06-06 00:00:00+00:00,12.9367
2024-06-07 00:00:00+00:00,12.9971
2024-06-08 00:00:00+00:00,13.0163
2024-06-09 00:00:00+00:00,13.1839
2024-06-10 00:00:00+00:00,13.1073
2024-06-11 00:00:00+00:00,13.1219
2024-06-12 00:00:00+00:00,13.1298
2024-06-13 00:00:00+00:00,13.1661
2024-06-14 00:00:00+00:00,13.1610
2024-06-15 00:00:00+00:00,13.2313
2024-06-16 00:00:00+00:00,13.2911
2024-06-17 00:00:00+00:00,13.4346
2024-06-18 00:00:00+00:00,13.6938
2024-06-19 00:00:00+00:00,13.6630
2024-06-20 00:00:00+00:00,13.6827
2024-06-21 00:00:00+00:00,14.0490
2024-06-22 00:00:00+00:00,13.8802
2024-06-23 00:00:00+00:00,13.9827
2024-06-24 00:00:00+00:00,14.2268
2024-06-25 00:00:00+00:00,14.2087
2024-06-26 00:00:00+00:00,14.3708
2024-06-27 00:00:00+00:00,14.2167
2024-06-28 00:00:00+00:00,14.2062
2024-06-29 00:00:00+00:00,14.2106
2024-06-30 00:00:00+00:00,14.2915
2024-07-01 00:00:00+00:00,14.3039
2024-07-02 00:00:00+00:00,14.3240
2024-07-03 00:00:00+00:00,14.3246
2024-07-04 00:00:00+00:00,14.3615
2024-07-05 00:00:00+00:00,14.3863
2024-07-06 00:00:00+00:00,14.4065
2024-07-07 00:00:00+00:00,14.4916
2024-07-08 00:00:00+00:00,14.5180
2024-07-09 00:00:00+00:00,14.5164
2024-07-10 00:00:00+00:00,14.4808
2024-07-11 00:00:00+00:00,14.5027
2024-07-12 00:00:00+00:00,14.5782
2024-07-13 00:00:00+00:00,14.6872
2024-07-14 00:00:00+00:00,14.8786
2024-07-15 00:00:00+00:00,15.0483
2024-07-16 00:00:00+00:00,15.0612
2024-07-17 00:00:00+00:00,15.1322
2024-07-18 00:00:00+00:00,15.2470
2024-07-19 00:00:00+00:00,15.2504
2024-07-20 00:00:00+00:00,15.2957
2024-07-21 00:00:00+00:00,15.3792
2024-07-22 00:00:00+00:00,15.1143
2024-07-23 00:00:00+00:00,15.2604
2024-07-24 00:00:00+00:00,15.4115
2024-07-25 00:00:00+00:00,15.4094
2024-07-26 00:00:00+00:00,15.3712
2024-07-27 00:00:00+00:00,15.4230
2024-07-28 00:00:00+00:00,15.5229
2024-07-29 00:00:00+00:00,15.6911
2024-07-30 00:00:00+00:00,15.9160
2024-07-31 00:00:00+00:00,16.0527
2024-08-01 00:00:00+00:00,16.2142
2024-08-02 00:00:00+00:00,16.4653
2024-08-03 00:00:00+00:00,16.2993
2024-08-04 00:00:00+00:00,16.2857
2024-08-05 00:00:00+00:00,16.2956
2024-08-06 00:00:00+00:00,16.1297
2024-08-07 00:00:00+00:00,16.2024
2024-08-08 00:00:00+00:00,16.1743
2024-08-09 00:00:00+00:00,16.2135
2024-08-10 00:00:00+00:00,16.2275
2024-08-11 00:00:00+00:00,16.2089
2024-08-12 00:00:00+00:00,16.5615
2024-08-13 00:00:00+00:00,16.5699
2024-08-14 00:00:00+00:00,16.5268
2024-08-15 00:00:00+00:00,16.4322
2024-08-16 00:00:00+00:00,16.2592
2024-08-17 00:00:00+00:00,16.3573
2024-08-18 00:00:00+00:00,16.3382
2024-08-19 00:00:00+00:00,16.2549
2024-08-20 00:00:00+00:00,16.2933
2024-08-21 00:00:00+00:00,16.2150
2024-08-22 00:00:00+00:00,16.2116
2024-08-23 00:00:00+00:00,15.9589
2024-08-24 00:00:00+00:00,16.0156
2024-08-25 00:00:00+00:00,15.9260
2024-08-26 00:00:00+00:00,15.8568
2024-08-27 00:00:00+00:00,15.8770
2024-08-28 00:00:00+00:00,15.8436
2024-08-29 00:00:00+00:00,15.9124
2024-08-30 00:00:00+00:00,15.9522
2024-08-31 00:00:00+00:00,16.0775
2024-09-01 00:00:00+00:00,16.1531
2024-09-02 00:00:00+00:00,16.1191
2024-09-03 00:00:00+00:00,16.1510
2024-09-04 00:00:00+00:00,16.1758
2024-09-05 00:00:00+00:00,16.1701
2024-09-06 00:00:00+00:00,16.1954
2024-09-07 00:00:00+00:00,16.2288
2024-09-08 00:00:00+00:00,16.2445
2024-09-09 00:00:00+00:00,16.1718
2024-09-10 00:00:00+00:00,16.1244
2024-09-11 00:00:00+00:00,16.0033
2024-09-12 00:00:00+00:00,15.8064
2024-09-13 00:00:00+00:00,15.6964
2024-09-14 00:00:00+00:00,15.5838
2024-09-15 00:00:00+00:00,15.6439
2024-09-16 00:00:00+00:00,15.6968
2024-09-17 00:00:00+00:00,15.6741
2024-09-18 00:00:00+00:00,15.7611
2024-09-19 00:00:00+00:00,15.7160
2024-09-20 00:00:00+00:00,15.5577
2024-09-21 00:00:00+00:00,15.6309
2024-09-22 00:00:00+00:00,15.6162
2024-09-23 00:00:00+00:00,15.6043
2024-09-24 00:00:00+00:00,15.5863
2024-09-25 00:00:00+00:00,15.5248
2024-09-26 00:00:00+00:00,15.4997
2024-09-27 00:00:00+00:00,15.4895
2024-09-28 00:00:00+00:00,15.2648
2024-09-29 00:00:00+00:00,15.2315
2024-09-30 00:00:00+00:00,15.1960
2024-10-01 00:00:00+00:00,15.1642
2024-10-02 00:00:00+00:00,15.1125
2024-10-03 00:00:00+00:00,15.0340
2024-10-04 00:00:00+00:00,14.9823
2024-10-05 00:00:00+00:00,14.9278
2024-10-06 00:00:00+00:00,14.9185
2024-10-07 00:00:00+00:00,14.8574
2024-10-08 00:00:00+00:00,14.8510
2024-10-09 00:00:00+00:00,14.8261
2024-10-10 00:00:00+00:00,14.8140
2024-10-11 00:00:00+00:00,14.6131
2024-10-12 00:00:00+00:00,14.6007
2024-10-13 00:00:00+00:00,14.5513
2024-10-14 00:00:00+00:00,14.5232
2024-10-15 00:00:00+00:00,14.5164
2024-10-16 00:00:00+00:00,14.5177
2024-10-17 00:00:00+00:00,14.2529
2024-10-18 00:00:00+00:00,14.3045
2024-10-19 00:00:00+00:00,14.2274
2024-10-20 00:00:00+00:00,14.2259
2024-10-21 00:00:00+00:00,14.2022
2024-10-22 00:00:00+00:00,14.2816
2024-10-23 00:00:00+00:00,14.2790
2024-10-24 00:00:00+00:00,14.2672
2024-10-25 00:00:00+00:00,14.2434
2024-10-26 00:00:00+00:00,14.1661
2024-10-27 00:00:00+00:00,14.1388
2024-10-28 00:00:00+00:00,14.1236
2024-10-29 00:00:00+00:00,14.0279
2024-10-30 00:00:00+00:00,14.0041
2024-10-31 00:00:00+00:00,14.0076
2024-11-01 00:00:00+00:00,14.0277
2024-11-02 00:00:00+00:00,14.0265
2024-11-03 00:00:00+00:00,14.0251
2024-11-04 00:00:00+00:00,14.0236
2024-11-05 00:00:00+00:00,14.0147
2024-11-06 00:00:00+00:00,14.0097
2024-11-07 00:00:00+00:00,13.8921
2024-11-08 00:00:00+00:00,13.8929
2024-11-09 00:00:00+00:00,13.8894
2024-11-10 00:00:00+00:00,13.8826
2024-11-11 00:00:00+00:00,13.7724
2024-11-12 00:00:00+00:00,13.7497
2024-11-13 00:00:00+00:00,13.7019
2024-11-14 00:00:00+00:00,13.5949
2024-11-15 00:00:00+00:00,13.5374
2024-11-16 00:00:00+00:00,13.4951
2024-11-17 00:00:00+00:00,13.4994
2024-11-18 00:00:00+00:00,13.4764
2024-11-19 00:00:00+00:00,13.4728
2024-11-20 00:00:00+00:00,13.2771
2024-11-21 00:00:00+00:00,13.2706
2024-11-22 00:00:00+00:00,13.0821
2024-11-23 00:00:00+00:00,13.0809
2024-11-24 00:00:00+00:00,13.0711
2024-11-25 00:00:00+00:00,12.7053
2024-11-26 00:00:00+00:00,12.5375
2024-11-27 00:00:00+00:00,12.5054
2024-11-28 00:00:00+00:00,12.3633
2024-11-29 00:00:00+00:00,12.3724
2024-11-30 00:00:00+00:00,12.2297
2024-12-01 00:00:00+00:00,12.2287
2024-12-02 00:00:00+00:00,12.3267
2024-12-03 00:00:00+00:00,12.1622
2024-12-04 00:00:00+00:00,12.1187
2024-12-05 00:00:00+00:00,12.0628
2024-12-06 00:00:00+00:00,12.0188
2024-12-07 00:00:00+00:00,11.9663
2024-12-08 00:00:00+00:00,11.8027
2024-12-09 00:00:00+00:00,11.7013
2024-12-10 00:00:00+00:00,11.6233
2024-12-11 00:00:00+00:00,11.5073
2024-12-12 00:00:00+00:00,11.4721
2024-12-13 00:00:00+00:00,11.4674
2024-12-14 00:00:00+00:00,11.2319
2024-12-15 00:00:00+00:00,11.2486
2024-12-16 00:00:00+00:00,10.9465
2024-12-17 00:00:00+00:00,11.0110
2024-12-18 00:00:00+00:00,10.7389
2024-12-19 00:00:00+00:00,10.9184
2024-12-20 00:00:00+00:00,10.8318
2024-12-21 00:00:00+00:00,10.8861
2024-12-22 00:00:00+00:00,10.8050
2024-12-23 00:00:00+00:00,10.8271
2024-12-24 00:00:00+00:00,10.5535
2024-12-25 00:00:00+00:00,10.1507
2024-12-26 00:00:00+00:00,9.4969
2024-12-27 00:00:00+00:00,9.3088
2024-12-28 00:00:00+00:00,9.0281
2024-12-29 00:00:00+00:00,9.1723
2024-12-30 00:00:00+00:00,9.0761
2024-12-31 00:00:00+00:00,9.5877
2025-01-01 00:00:00+00:00,9.5857
2025-01-02 00:00:00+00:00,10.0865
2025-01-03 00:00:00+00:00,10.1879
2025-01-04 00:00:00+00:00,10.1845
2025-01-05 00:00:00+00:00,10.1793
2025-01-06 00:00:00+00:00,10.1247
2025-01-07 00:00:00+00:00,9.9039
2025-01-08 00:00:00+00:00,9.7691
2025-01-09 00:00:00+00:00,9.7222
2025-01-10 00:00:00+00:00,9.6376
2025-01-11 00:00:00+00:00,9.6277
2025-01-12 00:00:00+00:00,9.4407
2025-01-13 00:00:00+00:00,9.4386
2025-01-14 00:00:00+00:00,9.4591
2025-01-15 00:00:00+00:00,9.1605
2025-01-16 00:00:00+00:00,9.4918
2025-01-17 00:00:00+00:00,9.5194
2025-01-18 00:00:00+00:00,9.5135
2025-01-19 00:00:00+00:00,9.4626
2025-01-20 00:00:00+00:00,9.4527
2025-01-21 00:00:00+00:00,9.4531
2025-01-22 00:00:00+00:00,9.3421
2025-01-23 00:00:00+00:00,9.3088
2025-01-24 00:00:00+00:00,9.2886
2025-01-25 00:00:00+00:00,9.2081
2025-01-26 00:00:00+00:00,9.2238
2025-01-27 00:00:00+00:00,9.0617
2025-01-28 00:00:00+00:00,9.0915
2025-01-29 00:00:00+00:00,9.0004
2025-01-30 00:00:00+00:00,8.9971
2025-01-31 00:00:00+00:00,9.0483
2025-02-01 00:00:00+00:00,9.0131
2025-02-02 00:00:00+00:00,9.0146
2025-02-03 00:00:00+00:00,9.0337
2025-02-04 00:00:00+00:00,9.0146
2025-02-05 00:00:00+00:00,8.9262
2025-02-06 00:00:00+00:00,8.8289
2025-02-07 00:00:00+00:00,8.8736
2025-02-08 00:00:00+00:00,8.7856
2025-02-09 00:00:00+00:00,8.7823
2025-02-10 00:00:00+00:00,8.6618
2025-02-11 00:00:00+00:00,8.6217
2025-02-12 00:00:00+00:00,8.5562
2025-02-13 00:00:00+00:00,8.4897
2025-02-14 00:00:00+00:00,8.4348
2025-02-15 00:00:00+00:00,8.4320
2025-02-16 00:00:00+00:00,8.3820
2025-02-17 00:00:00+00:00,8.3419
2025-02-18 00:00:00+00:00,8.3083
2025-02-19 00:00:00+00:00,8.2441
2025-02-20 00:00:00+00:00,8.1019
2025-02-21 00:00:00+00:00,8.1250
2025-02-22 00:00:00+00:00,8.1097
2025-02-23 00:00:00+00:00,8.4060
2025-02-24 00:00:00+00:00,8.4061
2025-02-25 00:00:00+00:00,8.4452
2025-02-26 00:00:00+00:00,8.5580
2025-02-27 00:00:00+00:00,8.5573
2025-02-28 00:00:00+00:00,8.5737
2025-03-01 00:00:00+00:00,8.5932
2025-03-02 00:00:00+00:00,8.5092
2025-03-03 00:00:00+00:00,8.4897
2025-03-04 00:00:00+00:00,8.6957
2025-03-05 00:00:00+00:00,8.5559
2025-03-06 00:00:00+00:00,8.6858
2025-03-07 00:00:00+00:00,8.6763
2025-03-08 00:00:00+00:00,8.5774
2025-03-09 00:00:00+00:00,8.5941
2025-03-10 00:00:00+00:00,8.6911
2025-03-11 00:00:00+00:00,8.7067
2025-03-12 00:00:00+00:00,8.6930
2025-03-13 00:00:00+00:00,8.7343
2025-03-14 00:00:00+00:00,8.6706
2025-03-15 00:00:00+00:00,8.6947
2025-03-16 00:00:00+00:00,8.7380
2025-03-17 00:00:00+00:00,8.7393
2025-03-18 00:00:00+00:00,8.7120
2025-03-19 00:00:00+00:00,8.7101
2025-03-20 00:00:00+00:00,8.7347
2025-03-21 00:00:00+00:00,8.7978
2025-03-22 00:00:00+00:00,8.7492
2025-03-23 00:00:00+00:00,8.7642
2025-03-24 00:00:00+00:00,8.8509
2025-03-25 00:00:00+00:00,9.0165
2025-03-26 00:00:00+00:00,8.9833
2025-03-27 00:00:00+00:00,8.7237
2025-03-28 00:00:00+00:00,8.9340
2025-03-29 00:00:00+00:00,9.0148
2025-03-30 00:00:00+00:00,9.5132
2025-03-31 00:00:00+00:00,9.3429
2025-04-01 00:00:00+00:00,9.3502
2025-04-02 00:00:00+00:00,9.5734
2025-04-03 00:00:00+00:00,9.4529
2025-04-04 00:00:00+00:00,9.3607
2025-04-05 00:00:00+00:00,9.5061
2025-04-06 00:00:00+00:00,9.6986
2025-04-07 00:00:00+00:00,9.8213
2025-04-08 00:00:00+00:00,9.8368
2025-04-09 00:00:00+00:00,9.8021
2025-04-10 00:00:00+00:00,9.8729
2025-04-11 00:00:00+00:00,9.9965
2025-04-12 00:00:00+00:00,10.2219
2025-04-13 00:00:00+00:00,9.9590
2025-04-14 00:00:00+00:00,9.9514
2025-04-15 00:00:00+00:00,9.9506
2025-04-16 00:00:00+00:00,9.9418
2025-04-17 00:00:00+00:00,9.8729
2025-04-18 00:00:00+00:00,9.8691
2025-04-19 00:00:00+00:00,9.8658
2025-04-20 00:00:00+00:00,9.9124
2025-04-21 00:00:00+00:00,9.7950
2025-04-22 00:00:00+00:00,9.7506
2025-04-23 00:00:00+00:00,9.9430
2025-04-24 00:00:00+00:00,10.0413
2025-04-25 00:00:00+00:00,10.0730
2025-04-26 00:00:00+00:00,10.0674
2025-04-27 00:00:00+00:00,10.3842
2025-04-28 00:00:00+00:00,10.2852
2025-04-29 00:00:00+00:00,10.0266
2025-04-30 00:00:00+00:00,10.4900
2025-05-01 00:00:00+00:00,10.7160
2025-05-02 00:00:00+00:00,10.9177
2025-05-03 00:00:00+00:00,11.1456
2025-05-04 00:00:00+00:00,11.1555
2025-05-05 00:00:00+00:00,11.2082
2025-05-06 00:00:00+00:00,11.1873
2025-05-07 00:00:00+00:00,11.1067
2025-05-08 00:00:00+00:00,11.3436
2025-05-09 00:00:00+00:00,11.4809
2025-05-10 00:00:00+00:00,11.6127
2025-05-11 00:00:00+00:00,11.6717
2025-05-12 00:00:00+00:00,11.7782
2025-05-13 00:00:00+00:00,11.9387
2025-05-14 00:00:00+00:00,12.2021
2025-05-15 00:00:00+00:00,12.2939
2025-05-16 00:00:00+00:00,12.2837
2025-05-17 00:00:00+00:00,12.3694
2025-05-18 00:00:00+00:00,12.5417
2025-05-19 00:00:00+00:00,12.7009
2025-05-20 00:00:00+00:00,12.7021
2025-05-21 00:00:00+00:00,12.7573
2025-05-22 00:00:00+00:00,13.0515
2025-05-23 00:00:00+00:00,13.0937
2025-05-24 00:00:00+00:00,12.7500
2025-05-25 00:00:00+00:00,12.9945
2025-05-26 00:00:00+00:00,13.0017
2025-05-27 00:00:00+00:00,12.9304
2025-05-28 00:00:00+00:00,12.8049
2025-05-29 00:00:00+00:00,12.8038
2025-05-30 00:00:00+00:00,12.8746
2025-05-31 00:00:00+00:00,12.8423
2025-06-01 00:00:00+00:00,13.0392
2025-06-02 00:00:00+00:00,13.0917
2025-06-03 00:00:00+00:00,13.0286
2025-06-04 00:00:00+00:00,12.9325
2025-06-05 00:00:00+00:00,12.9331
2025-06-06 00:00:00+00:00,13.0705
2025-06-07 00:00:00+00:00,13.0734
2025-06-08 00:00:00+00:00,13.1885
2025-06-09 00:00:00+00:00,13.1861
2025-06-10 00:00:00+00:00,13.2004
2025-06-11 00:00:00+00:00,13.4115
2025-06-12 00:00:00+00:00,13.4691
2025-06-13 00:00:00+00:00,13.4782
2025-06-14 00:00:00+00:00,13.5086
2025-06-15 00:00:00+00:00,13.7469
2025-06-16 00:00:00+00:00,13.8833
2025-06-17 00:00:00+00:00,13.8991
2025-06-18 00:00:00+00:00,14.1950
2025-06-19 00:00:00+00:00,14.3269
2025-06-20 00:00:00+00:00,14.5112
2025-06-21 00:00:00+00:00,15.0307
2025-06-22 00:00:00+00:00,15.0338
2025-06-23 00:00:00+00:00,14.8908
2025-06-24 00:00:00+00:00,14.8437
2025-06-25 00:00:00+00:00,14.6804
2025-06-26 00:00:00+00:00,14.6072
2025-06-27 00:00:00+00:00,14.6182
2025-06-28 00:00:00+00:00,14.7675
2025-06-29 00:00:00+00:00,14.8704
2025-06-30 00:00:00+00:00,15.0190
2025-07-01 00:00:00+00:00,14.9771
2025-07-02 00:00:00+00:00,15.0804
2025-07-03 00:00:00+00:00,15.3996
2025-07-04 00:00:00+00:00,15.4376
2025-07-05 00:00:00+00:00,15.4359
2025-07-06 00:00:00+00:00,15.5153
2025-07-07 00:00:00+00:00,15.4673
2025-07-08 00:00:00+00:00,15.6110
2025-07-09 00:00:00+00:00,15.6074
2025-07-10 00:00:00+00:00,16.0525
2025-07-11 00:00:00+00:00,16.2092
2025-07-12 00:00:00+00:00,16.8667
2025-07-13 00:00:00+00:00,17.1425
2025-07-14 00:00:00+00:00,16.9133
2025-07-15 00:00:00+00:00,16.4404
2025-07-16 00:00:00+00:00,16.1652
2025-07-17 00:00:00+00:00,16.1140
2025-07-18 00:00:00+00:00,16.1078
2025-07-19 00:00:00+00:00,16.1194
2025-07-20 00:00:00+00:00,16.1613
2025-07-21 00:00:00+00:00,16.2584
2025-07-22 00:00:00+00:00,16.2371
2025-07-23 00:00:00+00:00,16.3959
2025-07-24 00:00:00+00:00,16.3000
2025-07-25 00:00:00+00:00,16.4560
2025-07-26 00:00:00+00:00,16.4891
2025-07-27 00:00:00+00:00,16.4840
2025-07-28 00:00:00+00:00,16.5548
2025-07-29 00:00:00+00:00,16.8599
2025-07-30 00:00:00+00:00,16.7884
2025-07-31 00:00:00+00:00,16.7959
2025-08-01 00:00:00+00:00,16.8866
2025-08-02 00:00:00+00:00,16.9433
2025-08-03 00:00:00+00:00,16.8563
2025-08-04 00:00:00+00:00,16.8157
2025-08-05 00:00:00+00:00,17.0280
2025-08-06 00:00:00+00:00,16.9291
2025-08-07 00:00:00+00:00,16.9163
2025-08-08 00:00:00+00:00,16.8139
2025-08-09 00:00:00+00:00,16.8575
2025-08-10 00:00:00+00:00,16.7977
2025-08-11 00:00:00+00:00,16.8617
2025-08-12 00:00:00+00:00,16.9579
2025-08-13 00:00:00+00:00,16.9832
2025-08-14 00:00:00+00:00,17.0564
2025-08-15 00:00:00+00:00,17.1324
2025-08-16 00:00:00+00:00,17.2815
2025-08-17 00:00:00+00:00,17.2765
2025-08-18 00:00:00+00:00,17.2864
2025-08-19 00:00:00+00:00,17.2328
2025-08-20 00:00:00+00:00,17.3060
2025-08-21 00:00:00+00:00,17.2198
2025-08-22 00:00:00+00:00,17.1974
2025-08-23 00:00:00+00:00,17.1393
2025-08-24 00:00:00+00:00,17.3664
2025-08-25 00:00:00+00:00,17.3960
2025-08-26 00:00:00+00:00,17.4342
2025-08-27 00:00:00+00:00,17.3340
2025-08-28 00:00:00+00:00,17.4114
2025-08-29 00:00:00+00:00,17.3659
2025-08-30 00:00:00+00:00,17.2499
2025-08-31 00:00:00+00:00,17.1564
2025-09-01 00:00:00+00:00,17.0625
2025-09-02 00:00:00+00:00,17.0284
2025-09-03 00:00:00+00:00,17.0480
2025-09-04 00:00:00+00:00,17.1033
2025-09-05 00:00:00+00:00,17.0907
2025-09-06 00:00:00+00:00,17.0477
2025-09-07 00:00:00+00:00,17.0663
2025-09-08 00:00:00+00:00,16.9221
2025-09-09 00:00:00+00:00,16.9645
2025-09-10 00:00:00+00:00,16.9145
2025-09-11 00:00:00+00:00,16.8709
2025-09-12 00:00:00+00:00,16.6502
2025-09-13 00:00:00+00:00,16.5277
2025-09-14 00:00:00+00:00,16.6396
2025-09-15 00:00:00+00:00,16.4446
2025-09-16 00:00:00+00:00,16.3221
2025-09-17 00:00:00+00:00,16.3189
2025-09-18 00:00:00+00:00,16.3415
2025-09-19 00:00:00+00:00,16.3151
2025-09-20 00:00:00+00:00,16.3131
2025-09-21 00:00:00+00:00,16.1658
2025-09-22 00:00:00+00:00,15.9795
2025-09-23 00:00:00+00:00,15.9555
2025-09-24 00:00:00+00:00,15.9280
2025-09-25 00:00:00+00:00,15.8940
2025-09-26 00:00:00+00:00,15.8913
2025-09-27 00:00:00+00:00,15.8665
2025-09-28 00:00:00+00:00,15.7748
2025-09-29 00:00:00+00:00,15.7432
2025-09-30 00:00:00+00:00,15.6601
2025-10-01 00:00:00+00:00,15.6581
2025-10-02 00:00:00+00:00,15.6534
2025-10-03 00:00:00+00:00,15.6468
2025-10-04 00:00:00+00:00,15.5933
2025-10-05 00:00:00+00:00,15.4638
2025-10-06 00:00:00+00:00,15.4297
2025-10-07 00:00:00+00:00,15.4401
2025-10-08 00:00:00+00:00,15.4107
2025-10-09 00:00:00+00:00,15.3722
2025-10-10 00:00:00+00:00,15.3293
2025-10-11 00:00:00+00:00,15.3327
2025-10-12 00:00:00+00:00,15.3000
2025-10-13 00:00:00+00:00,15.2032
2025-10-14 00:00:00+00:00,15.1974
2025-10-15 00:00:00+00:00,15.1279
2025-10-16 00:00:00+00:00,15.1237
2025-10-17 00:00:00+00:00,14.9818
2025-10-18 00:00:00+00:00,14.9816
2025-10-19 00:00:00+00:00,14.9827
2025-10-20 00:00:00+00:00,14.9789
2025-10-21 00:00:00+00:00,14.9648
2025-10-22 00:00:00+00:00,14.8807
2025-10-23 00:00:00+00:00,14.8553
2025-10-24 00:00:00+00:00,14.6982
2025-10-25 00:00:00+00:00,14.6578
2025-10-26 00:00:00+00:00,14.5846
2025-10-27 00:00:00+00:00,14.5637
2025-10-28 00:00:00+00:00,14.4673
2025-10-29 00:00:00+00:00,14.4030
2025-10-30 00:00:00+00:00,14.1754
2025-10-31 00:00:00+00:00,13.8408
2025-11-01 00:00:00+00:00,13.8304
2025-11-02 00:00:00+00:00,13.7445
2025-11-03 00:00:00+00:00,13.7473
2025-11-04 00:00:00+00:00,13.7332
2025-11-05 00:00:00+00:00,13.7318
2025-11-06 00:00:00+00:00,13.6992
2025-11-07 00:00:00+00:00,13.8102
2025-11-08 00:00:00+00:00,13.7259
2025-11-09 00:00:00+00:00,13.7338
2025-11-10 00:00:00+00:00,13.7179
2025-11-11 00:00:00+00:00,13.6619
2025-11-12 00:00:00+00:00,13.6335
2025-11-13 00:00:00+00:00,13.5315
2025-11-14 00:00:00+00:00,13.5300
2025-11-15 00:00:00+00:00,13.5103
2025-11-16 00:00:00+00:00,13.5060
2025-11-17 00:00:00+00:00,13.3980
2025-11-18 00:00:00+00:00,13.2480
2025-11-19 00:00:00+00:00,13.1521
2025-11-20 00:00:00+00:00,12.9447
2025-11-21 00:00:00+00:00,12.8278
2025-11-22 00:00:00+00:00,12.8264
2025-11-23 00:00:00+00:00,12.6111
2025-11-24 00:00:00+00:00,12.5732
2025-11-25 00:00:00+00:00,12.3631
2025-11-26 00:00:00+00:00,12.2430
2025-11-27 00:00:00+00:00,12.2400
2025-11-28 00:00:00+00:00,12.0759
2025-11-29 00:00:00+00:00,12.0371
2025-11-30 00:00:00+00:00,11.9438
2025-12-01 00:00:00+00:00,11.9426
2025-12-02 00:00:00+00:00,11.8297
2025-12-03 00:00:00+00:00,11.7652
2025-12-04 00:00:00+00:00,11.7632
2025-12-05 00:00:00+00:00,11.6847
2025-12-06 00:00:00+00:00,11.6389
2025-12-07 00:00:00+00:00,11.6377
2025-12-08 00:00:00+00:00,11.6467
2025-12-09 00:00:00+00:00,11.6461
2025-12-10 00:00:00+00:00,11.5722
2025-12-11 00:00:00+00:00,11.4756
2025-12-12 00:00:00+00:00,11.4596
2025-12-13 00:00:00+00:00,11.4168
2025-12-14 00:00:00+00:00,11.3935
2025-12-15 00:00:00+00:00,11.3887
2025-12-16 00:00:00+00:00,11.2816
2025-12-17 00:00:00+00:00,11.2687
2025-12-18 00:00:00+00:00,11.2571
2025-12-19 00:00:00+00:00,11.2285
2025-12-20 00:00:00+00:00,11.1950
2025-12-21 00:00:00+00:00,11.1223
2025-12-22 00:00:00+00:00,11.1038
2025-12-23 00:00:00+00:00,11.0920
2025-12-24 00:00:00+00:00,10.9590
2025-12-25 00:00:00+00:00,10.9585
2025-12-26 00:00:00+00:00,10.8095
2025-12-27 00:00:00+00:00,10.6733
2025-12-28 00:00:00+00:00,10.5618
2025-12-29 00:00:00+00:00,10.5439
2025-12-30 00:00:00+00:00,10.4900
2025-12-31 00:00:00+00:00,10.3903
2026-01-01 00:00:00+00:00,10.3374
2026-01-02 00:00:00+00:00,10.1824
2026-01-03 00:00:00+00:00,10.0395
2026-01-04 00:00:00+00:00,9.9501
2026-01-05 00:00:00+00:00,9.8214
2026-01-06 00:00:00+00:00,9.7137
2026-01-07 00:00:00+00:00,9.6395
2026-01-08 00:00:00+00:00,9.6461
2026-01-09 00:00:00+00:00,9.6376
2026-01-10 00:00:00+00:00,9.3736
2026-01-11 00:00:00+00:00,9.3715
2026-01-12 00:00:00+00:00,9.3688
2026-01-13 00:00:00+00:00,9.2812
2026-01-14 00:00:00+00:00,9.1860
2026-01-15 00:00:00+00:00,9.1514
2026-01-16 00:00:00+00:00,9.1417
2026-01-17 00:00:00+00:00,9.1179
2026-01-18 00:00:00+00:00,9.0873
2026-01-19 00:00:00+00:00,9.1057
2026-01-20 00:00:00+00:00,9.0611
2026-01-21 00:00:00+00:00,9.0356
2026-01-22 00:00:00+00:00,8.9930
2026-01-23 00:00:00+00:00,8.9729
2026-01-24 00:00:00+00:00,8.9691
2026-01-25 00:00:00+00:00,8.9296
2026-01-26 00:00:00+00:00,8.8821
2026-01-27 00:00:00+00:00,8.8796
2026-01-28 00:00:00+00:00,8.8649
2026-01-29 00:00:00+00:00,8.8980
2026-01-30 00:00:00+00:00,8.8750
2026-01-31 00:00:00+00:00,8.8650
2026-02-01 00:00:00+00:00,8.8470
2026-02-02 00:00:00+00:00,8.7903
2026-02-03 00:00:00+00:00,8.7588
2026-02-04 00:00:00+00:00,8.7229
2026-02-05 00:00:00+00:00,8.8017
2026-02-06 00:00:00+00:00,8.7807
2026-02-07 00:00:00+00:00,8.7949
2026-02-08 00:00:00+00:00,8.7148
2026-02-09 00:00:00+00:00,8.7438
2026-02-10 00:00:00+00:00,8.5951
2026-02-11 00:00:00+00:00,8.5846
2026-02-12 00:00:00+00:00,8.6091
2026-02-13 00:00:00+00:00,8.7290
2026-02-14 00:00:00+00:00,8.7241
2026-02-15 00:00:00+00:00,8.7209
2026-02-16 00:00:00+00:00,8.7774
2026-02-17 00:00:00+00:00,8.7325
2026-02-18 00:00:00+00:00,8.7297
2026-02-19 00:00:00+00:00,8.7085
2026-02-20 00:00:00+00:00,8.6181
2026-02-21 00:00:00+00:00,8.7320
2026-02-22 00:00:00+00:00,8.7207
2026-02-23 00:00:00+00:00,8.6722
2026-02-24 00:00:00+00:00,8.4701
2026-02-25 00:00:00+00:00,8.6896
2026-02-26 00:00:00+00:00,8.4257
2026-02-27 00:00:00+00:00,8.4248
2026-02-28 00:00:00+00:00,8.5691
2026-03-01 00:00:00+00:00,8.5734
2026-03-02 00:00:00+00:00,8.5892
2026-03-03 00:00:00+00:00,8.5949
2026-03-04 00:00:00+00:00,8.8053
2026-03-05 00:00:00+00:00,8.9082
2026-03-06 00:00:00+00:00,8.9096
2026-03-07 00:00:00+00:00,8.9179
2026-03-08 00:00:00+00:00,8.8373
2026-03-09 00:00:00+00:00,8.8254
2026-03-10 00:00:00+00:00,8.7676
2026-03-11 00:00:00+00:00,8.9202
2026-03-12 00:00:00+00:00,8.8112
2026-03-13 00:00:00+00:00,8.9097
2026-03-14 00:00:00+00:00,8.7948
2026-03-15 00:00:00+00:00,8.6925
2026-03-16 00:00:00+00:00,8.8113
2026-03-17 00:00:00+00:00,8.7411
2026-03-18 00:00:00+00:00,8.7795
2026-03-19 00:00:00+00:00,9.2738
2026-03-20 00:00:00+00:00,9.3593
2026-03-21 00:00:00+00:00,9.1713
2026-03-22 00:00:00+00:00,9.3063
2026-03-23 00:00:00+00:00,9.2332
2026-03-24 00:00:00+00:00,9.2347
2026-03-25 00:00:00+00:00,9.3065
2026-03-26 00:00:00+00:00,9.2319
2026-03-27 00:00:00+00:00,9.2249
2026-03-28 00:00:00+00:00,9.1522
2026-03-29 00:00:00+00:00,9.2907
2026-03-30 00:00:00+00:00,9.2133
2026-03-31 00:00:00+00:00,9.1957
2026-04-01 00:00:00+00:00,9.1582
2026-04-02 00:00:00+00:00,9.2246
2026-04-03 00:00:00+00:00,9.2087
2026-04-04 00:00:00+00:00,9.1251
2026-04-05 00:00:00+00:00,9.2621
2026-04-06 00:00:00+00:00,9.1790
2026-04-07 00:00:00+00:00,9.4768
2026-04-08 00:00:00+00:00,9.4372
2026-04-09 00:00:00+00:00,9.5134
2026-04-10 00:00:00+00:00,9.4085
2026-04-11 00:00:00+00:00,9.3909
2026-04-12 00:00:00+00:00,9.3892
2026-04-13 00:00:00+00:00,9.3888
2026-04-14 00:00:00+00:00,9.4582
2026-04-15 00:00:00+00:00,9.4620
2026-04-16 00:00:00+00:00,9.5278
2026-04-17 00:00:00+00:00,9.4947
2026-04-18 00:00:00+00:00,9.7042
2026-04-19 00:00:00+00:00,9.6876
2026-04-20 00:00:00+00:00,9.9441
2026-04-21 00:00:00+00:00,10.1164
2026-04-22 00:00:00+00:00,10.0834
2026-04-23 00:00:00+00:00,9.8967
2026-04-24 00:00:00+00:00,10.1667
2026-04-25 00:00:00+00:00,10.2988
2026-04-26 00:00:00+00:00,10.4165
2026-04-27 00:00:00+00:00,10.5186
2026-04-28 00:00:00+00:00,10.6231
2026-04-29 00:00:00+00:00,10.6389
2026-04-30 00:00:00+00:00,10.5856
2026-05-01 00:00:00+00:00,10.5961
2026-05-02 00:00:00+00:00,10.4966
2026-05-03 00:00:00+00:00,10.5126
2026-05-04 00:00:00+00:00,10.5371
2026-05-05 00:00:00+00:00,10.7770
2026-05-06 00:00:00+00:00,10.7079
2026-05-07 00:00:00+00:00,10.8603
2026-05-08 00:00:00+00:00,10.8798
2026-05-09 00:00:00+00:00,10.8885
2026-05-10 00:00:00+00:00,10.7739
2026-05-11 00:00:00+00:00,10.8772
2026-05-12 00:00:00+00:00,11.1625
2026-05-13 00:00:00+00:00,11.2635
2026-05-14 00:00:00+00:00,11.2318
2026-05-15 00:00:00+00:00,11.1680
2026-05-16 00:00:00+00:00,11.1744
2026-05-17 00:00:00+00:00,11.1655
2026-05-18 00:00:00+00:00,11.1726
2026-05-19 00:00:00+00:00,11.1889
2026-05-20 00:00:00+00:00,11.3403
2026-05-21 00:00:00+00:00,11.3024
2026-05-22 00:00:00+00:00,11.4210
2026-05-23 00:00:00+00:00,11.4388
2026-05-24 00:00:00+00:00,11.8110
2026-05-25 00:00:00+00:00,12.0183
2026-05-26 00:00:00+00:00,13.2040
2026-05-27 00:00:00+00:00,13.4166
2026-05-28 00:00:00+00:00,13.1897
2026-05-29 00:00:00+00:00,13.0524
2026-05-30 00:00:00+00:00,12.4098
2026-05-31 00:00:00+00:00,12.6575
2026-06-01 00:00:00+00:00,12.6713
2026-06-02 00:00:00+00:00,12.8531
2026-06-03 00:00:00+00:00,13.1263
2026-06-04 00:00:00+00:00,13.0625
2026-06-05 00:00:00+00:00,13.0621
2026-06-06 00:00:00+00:00,13.0429
2026-06-07 00:00:00+00:00,13.1659
2026-06-08 00:00:00+00:00,13.1155
2026-06-09 00:00:00+00:00,13.1157
2026-06-10 00:00:00+00:00,13.1401
2026-06-11 00:00:00+00:00,13.1163
2026-06-12 00:00:00+00:00,13.1183
2026-06-13 00:00:00+00:00,13.1867
2026-06-14 00:00:00+00:00,13.3085
2026-06-15 00:00:00+00:00,13.5073
2026-06-16 00:00:00+00:00,13.4975
2026-06-17 00:00:00+00:00,13.5035
2026-06-18 00:00:00+00:00,13.5600
2026-06-19 00:00:00+00:00,13.6457
2026-06-20 00:00:00+00:00,13.7329
2026-06-21 00:00:00+00:00,14.0100
2026-06-22 00:00:00+00:00,14.3182
2026-06-23 00:00:00+00:00,15.0072
2026-06-24 00:00:00+00:00,15.6741
2026-06-25 00:00:00+00:00,15.9099
2026-06-26 00:00:00+00:00,16.2609
2026-06-27 00:00:00+00:00,15.7372
2026-06-28 00:00:00+00:00,15.7531
2026-06-29 00:00:00+00:00,15.5342
2026-06-30 00:00:00+00:00,15.4866
2026-07-01 00:00:00+00:00,15.4152
2026-07-02 00:00:00+00:00,15.1567
2026-07-03 00:00:00+00:00,15.4289
2026-07-04 00:00:00+00:00,15.1915
2026-07-05 00:00:00+00:00,15.3513
2026-07-06 00:00:00+00:00,15.2237
2026-07-07 00:00:00+00:00,15.2318
2026-07-08 00:00:00+00:00,15.8222
2026-07-09 00:00:00+00:00,15.8318
2026-07-10 00:00:00+00:00,16.4502
2026-07-11 00:00:00+00:00,16.8691
2026-07-12 00:00:00+00:00,16.9580
2026-07-13 00:00:00+00:00,16.7950
2026-07-14 00:00:00+00:00,16.7284
2026-07-15 00:00:00+00:00,16.8257
2026-07-16 00:00:00+00:00,16.9340
2026-07-17 00:00:00+00:00,16.9962
2026-07-18 00:00:00+00:00,16.9923
2026-07-19 00:00:00+00:00,16.8700
2026-07-20 00:00:00+00:00,16.9810
2026-07-21 00:00:00+00:00,16.9623
2026-07-22 00:00:00+00:00,16.9566
2026-07-23 00:00:00+00:00,16.5086
2026-07-24 00:00:00+00:00,16.2136
2026-07-25 00:00:00+00:00,17.1089
2026-07-26 00:00:00+00:00,17.0748
2026-07-27 00:00:00+00:00,17.0672
2026-07-28 00:00:00+00:00,17.0423
2026-07-29 00:00:00+00:00,16.9417
2026-07-30 00:00:00+00:00,16.9346
2026-07-31 00:00:00+00:00,17.0237
2026-08-01 00:00:00+00:00,16.9606
2026-08-02 00:00:00+00:00,16.9450
2026-08-03 00:00:00+00:00,17.0593
2026-08-04 00:00:00+00:00,17.0488
2026-08-05 00:00:00+00:00,17.1231
2026-08-06 00:00:00+00:00,17.1341
2026-08-07 00:00:00+00:00,17.0047
2026-08-08 00:00:00+00:00,17.1477
2026-08-09 00:00:00+00:00,17.2795
2026-08-10 00:00:00+00:00,17.4095
2026-08-11 00:00:00+00:00,17.3748
2026-08-12 00:00:00+00:00,17.5927
2026-08-13 00:00:00+00:00,17.7199
2026-08-14 00:00:00+00:00,17.7437
2026-08-15 00:00:00+00:00,17.7540
2026-08-16 00:00:00+00:00,17.6586
2026-08-17 00:00:00+00:00,17.5831
2026-08-18 00:00:00+00:00,17.4963
2026-08-19 00:00:00+00:00,17.7624
2026-08-20 00:00:00+00:00,17.6822
2026-08-21 00:00:00+00:00,17.5492
2026-08-22 00:00:00+00:00,17.3040
2026-08-23 00:00:00+00:00,17.4232
2026-08-24 00:00:00+00:00,17.5105
2026-08-25 00:00:00+00:00,17.4837
2026-08-26 00:00:00+00:00,17.4735
