latitude,longitude,acq_datetime_utc,acq_date,acq_time,satellite,instrument,confidence,confidence_label,version,frp,daynight,source,in_wales_watch_bbox,bright_ti4,bright_ti5,scan,track
51.68479,-5.02847,2026-06-15T02:38:00Z,2026-06-15,238,N,VIIRS,n,nominal,2.0NRT,0.95,N,VIIRS_SNPP_NRT,True,304.96,289.66,0.38,0.36
51.6845,-5.02858,2026-06-15T02:56:00Z,2026-06-15,256,N20,VIIRS,n,nominal,2.0NRT,1.55,N,VIIRS_NOAA20_NRT,True,306.6,291.41,0.49,0.4
53.23064,-3.83126,2026-06-17T12:53:00Z,2026-06-17,1253,N21,VIIRS,n,nominal,2.0NRT,1.11,D,VIIRS_NOAA21_NRT,True,328.76,293.17,0.38,0.36
52.05126,-2.63488,2026-06-19T12:53:00Z,2026-06-19,1253,N,VIIRS,n,nominal,2.0NRT,3.16,D,VIIRS_SNPP_NRT,True,338.61,290.98,0.39,0.37
52.05223,-2.62924,2026-06-19T12:53:00Z,2026-06-19,1253,N,VIIRS,n,nominal,2.0NRT,3.16,D,VIIRS_SNPP_NRT,True,337.39,294.86,0.39,0.37
52.05648,-2.6251,2026-06-19T12:53:00Z,2026-06-19,1253,N,VIIRS,n,nominal,2.0NRT,2.69,D,VIIRS_SNPP_NRT,True,337.84,293.09,0.39,0.37
52.05724,-2.62683,2026-06-19T12:53:00Z,2026-06-19,1253,N,VIIRS,l,low,2.0NRT,10.95,D,VIIRS_SNPP_NRT,True,356.82,294.69,0.39,0.37
51.68442,-5.02828,2026-06-20T02:43:00Z,2026-06-20,243,N,VIIRS,n,nominal,2.0NRT,0.91,N,VIIRS_SNPP_NRT,True,296.65,283.88,0.39,0.36
51.39915,-3.39583,2026-06-21T01:49:00Z,2026-06-21,149,N21,VIIRS,n,nominal,2.0NRT,0.89,N,VIIRS_NOAA21_NRT,True,301.55,283.26,0.4,0.44
51.68401,-5.02898,2026-06-21T01:49:00Z,2026-06-21,149,N21,VIIRS,n,nominal,2.0NRT,1.88,N,VIIRS_NOAA21_NRT,True,303.7,287.95,0.47,0.48
51.68578,-5.03118,2026-06-21T02:26:00Z,2026-06-21,226,N,VIIRS,n,nominal,2.0NRT,0.89,N,VIIRS_SNPP_NRT,True,303.02,288.14,0.42,0.38
51.48079,-3.13698,2026-06-21T02:43:00Z,2026-06-21,243,N20,VIIRS,n,nominal,2.0NRT,0.95,N,VIIRS_NOAA20_NRT,True,302.31,286.4,0.45,0.39
51.68466,-5.02852,2026-06-21T02:43:00Z,2026-06-21,243,N20,VIIRS,n,nominal,2.0NRT,1.54,N,VIIRS_NOAA20_NRT,True,307.09,288.83,0.41,0.37
51.39826,-3.39565,2026-06-21T03:32:00Z,2026-06-21,332,N21,VIIRS,n,nominal,2.0NRT,1.14,N,VIIRS_NOAA21_NRT,True,296.52,282.01,0.43,0.62
51.68458,-5.02886,2026-06-21T03:32:00Z,2026-06-21,332,N21,VIIRS,n,nominal,2.0NRT,1.35,N,VIIRS_NOAA21_NRT,True,302.1,284.26,0.37,0.58
51.68351,-5.03238,2026-06-22T01:32:00Z,2026-06-22,132,N21,VIIRS,n,nominal,2.0NRT,1.73,N,VIIRS_NOAA21_NRT,True,303.42,289.79,0.38,0.59
51.68238,-5.03141,2026-06-22T02:06:00Z,2026-06-22,206,N,VIIRS,n,nominal,2.0NRT,0.79,N,VIIRS_SNPP_NRT,True,299.4,288.74,0.39,0.44
51.68644,-5.03035,2026-06-22T02:06:00Z,2026-06-22,206,N,VIIRS,n,nominal,2.0NRT,1.08,N,VIIRS_SNPP_NRT,True,301.31,290.41,0.39,0.44
51.39728,-3.39676,2026-06-22T02:09:00Z,2026-06-22,209,N,VIIRS,n,nominal,2.0NRT,1.03,N,VIIRS_SNPP_NRT,True,302.51,286.65,0.51,0.41
51.39918,-3.39768,2026-06-22T02:09:00Z,2026-06-22,209,N,VIIRS,n,nominal,2.0NRT,0.75,N,VIIRS_SNPP_NRT,True,303.92,286.92,0.51,0.41
51.39641,-3.39597,2026-06-22T02:26:00Z,2026-06-22,226,N20,VIIRS,n,nominal,2.0NRT,0.38,N,VIIRS_NOAA20_NRT,True,301.87,288.51,0.38,0.36
51.39965,-3.39467,2026-06-22T02:26:00Z,2026-06-22,226,N20,VIIRS,n,nominal,2.0NRT,0.38,N,VIIRS_NOAA20_NRT,True,300.64,287.76,0.38,0.36
51.68427,-5.02744,2026-06-22T02:26:00Z,2026-06-22,226,N20,VIIRS,n,nominal,2.0NRT,1.47,N,VIIRS_NOAA20_NRT,True,307.94,292.95,0.4,0.37
51.91073,-4.48372,2026-06-22T02:26:00Z,2026-06-22,226,N20,VIIRS,n,nominal,2.0NRT,0.75,N,VIIRS_NOAA20_NRT,True,300.62,287.0,0.39,0.36
51.39734,-3.39636,2026-06-22T03:10:00Z,2026-06-22,310,N21,VIIRS,n,nominal,2.0NRT,1.68,N,VIIRS_NOAA21_NRT,True,305.83,287.9,0.56,0.52
51.6827,-5.02896,2026-06-22T03:10:00Z,2026-06-22,310,N21,VIIRS,n,nominal,2.0NRT,2.41,N,VIIRS_NOAA21_NRT,True,306.1,291.8,0.48,0.48
51.39867,-3.39251,2026-06-22T03:47:00Z,2026-06-22,347,N,VIIRS,n,nominal,2.0NRT,0.78,N,VIIRS_SNPP_NRT,True,300.89,285.56,0.49,0.65
51.6824,-5.02969,2026-06-22T03:47:00Z,2026-06-22,347,N,VIIRS,n,nominal,2.0NRT,1.19,N,VIIRS_SNPP_NRT,True,301.83,287.54,0.42,0.61
51.68452,-5.02897,2026-06-22T03:47:00Z,2026-06-22,347,N,VIIRS,n,nominal,2.0NRT,0.93,N,VIIRS_SNPP_NRT,True,305.0,288.89,0.42,0.61
51.68214,-5.03261,2026-06-23T01:11:00Z,2026-06-23,111,N21,VIIRS,n,nominal,2.0NRT,1.98,N,VIIRS_NOAA21_NRT,True,299.78,289.43,0.61,0.71
51.68353,-5.02985,2026-06-23T01:11:00Z,2026-06-23,111,N21,VIIRS,n,nominal,2.0NRT,1.92,N,VIIRS_NOAA21_NRT,True,300.77,289.34,0.61,0.71
51.68538,-5.0302,2026-06-23T01:47:00Z,2026-06-23,147,N,VIIRS,n,nominal,2.0NRT,1.49,N,VIIRS_SNPP_NRT,True,301.36,291.13,0.62,0.54
51.39861,-3.39349,2026-06-23T02:09:00Z,2026-06-23,209,N20,VIIRS,n,nominal,2.0NRT,1.25,N,VIIRS_NOAA20_NRT,True,310.86,291.2,0.46,0.39
51.39656,-3.3961,2026-06-23T02:53:00Z,2026-06-23,253,N21,VIIRS,n,nominal,2.0NRT,1.13,N,VIIRS_NOAA21_NRT,True,302.89,290.59,0.56,0.43
51.68328,-5.01779,2026-06-23T02:53:00Z,2026-06-23,253,N21,VIIRS,n,nominal,2.0NRT,1.11,N,VIIRS_NOAA21_NRT,True,300.12,288.88,0.48,0.4
51.39899,-3.39577,2026-06-23T03:28:00Z,2026-06-23,328,N,VIIRS,n,nominal,2.0NRT,0.87,N,VIIRS_SNPP_NRT,True,306.39,289.8,0.33,0.55
51.68554,-5.02716,2026-06-23T03:28:00Z,2026-06-23,328,N,VIIRS,n,nominal,2.0NRT,2.13,N,VIIRS_SNPP_NRT,True,301.14,290.8,0.55,0.51
51.3975,-3.39548,2026-06-23T03:47:00Z,2026-06-23,347,N20,VIIRS,n,nominal,2.0NRT,0.51,N,VIIRS_NOAA20_NRT,True,298.5,287.89,0.57,0.69
51.68297,-5.02599,2026-06-23T03:47:00Z,2026-06-23,347,N20,VIIRS,n,nominal,2.0NRT,1.22,N,VIIRS_NOAA20_NRT,True,300.36,289.81,0.49,0.65
51.68674,-5.03018,2026-06-24T01:47:00Z,2026-06-24,147,N20,VIIRS,n,nominal,2.0NRT,1.81,N,VIIRS_NOAA20_NRT,True,302.03,291.28,0.54,0.51
51.39618,-3.39569,2026-06-24T02:34:00Z,2026-06-24,234,N21,VIIRS,n,nominal,2.0NRT,1.22,N,VIIRS_NOAA21_NRT,True,308.9,290.7,0.41,0.37
51.6827,-5.0312,2026-06-24T02:34:00Z,2026-06-24,234,N21,VIIRS,n,nominal,2.0NRT,1.17,N,VIIRS_NOAA21_NRT,True,308.51,294.73,0.39,0.36
51.39744,-3.39613,2026-06-24T03:10:00Z,2026-06-24,310,N,VIIRS,n,nominal,2.0NRT,1.17,N,VIIRS_SNPP_NRT,True,306.71,289.62,0.43,0.46
51.3975,-3.3955,2026-06-24T03:28:00Z,2026-06-24,328,N20,VIIRS,n,nominal,2.0NRT,0.73,N,VIIRS_NOAA20_NRT,True,301.26,288.81,0.38,0.59
51.68224,-5.02881,2026-06-24T03:28:00Z,2026-06-24,328,N20,VIIRS,n,nominal,2.0NRT,1.46,N,VIIRS_NOAA20_NRT,True,304.92,291.11,0.32,0.54
51.39764,-3.39459,2026-06-25T02:15:00Z,2026-06-25,215,N21,VIIRS,n,nominal,2.0NRT,1.6,N,VIIRS_NOAA21_NRT,True,313.24,293.79,0.39,0.37
51.39785,-3.39241,2026-06-25T02:49:00Z,2026-06-25,249,N,VIIRS,n,nominal,2.0NRT,1.06,N,VIIRS_SNPP_NRT,True,309.9,293.16,0.45,0.39
51.68452,-5.02967,2026-06-25T02:49:00Z,2026-06-25,249,N,VIIRS,n,nominal,2.0NRT,1.34,N,VIIRS_SNPP_NRT,True,309.56,295.85,0.41,0.37
51.6857,-5.01652,2026-06-25T02:49:00Z,2026-06-25,249,N,VIIRS,n,nominal,2.0NRT,0.33,N,VIIRS_SNPP_NRT,True,301.92,291.28,0.41,0.37
51.3965,-3.3927,2026-06-25T03:10:00Z,2026-06-25,310,N20,VIIRS,n,nominal,2.0NRT,1.01,N,VIIRS_NOAA20_NRT,True,306.7,291.99,0.49,0.49
51.68195,-5.02019,2026-06-25T03:55:00Z,2026-06-25,355,N21,VIIRS,n,nominal,2.0NRT,1.69,N,VIIRS_NOAA21_NRT,True,304.54,289.39,0.64,0.72
51.68497,-5.02813,2026-06-25T03:55:00Z,2026-06-25,355,N21,VIIRS,n,nominal,2.0NRT,1.69,N,VIIRS_NOAA21_NRT,True,301.97,290.7,0.63,0.72
51.68363,-5.01764,2026-06-25T12:04:00Z,2026-06-25,1204,N21,VIIRS,n,nominal,2.0NRT,7.36,D,VIIRS_NOAA21_NRT,True,341.87,298.33,0.34,0.56
51.85894,-2.64435,2026-06-25T12:04:00Z,2026-06-25,1204,N21,VIIRS,n,nominal,2.0NRT,6.23,D,VIIRS_NOAA21_NRT,True,338.52,298.44,0.54,0.51
51.85943,-2.64526,2026-06-25T12:04:00Z,2026-06-25,1204,N21,VIIRS,n,nominal,2.0NRT,7.86,D,VIIRS_NOAA21_NRT,True,339.81,298.97,0.54,0.51
52.07377,-2.76998,2026-06-25T12:04:00Z,2026-06-25,1204,N21,VIIRS,n,nominal,2.0NRT,4.02,D,VIIRS_NOAA21_NRT,True,335.16,300.88,0.54,0.51
51.68308,-5.01793,2026-06-25T13:44:00Z,2026-06-25,1344,N21,VIIRS,n,nominal,2.0NRT,6.23,D,VIIRS_NOAA21_NRT,True,335.81,300.01,0.51,0.49
51.3983,-3.39419,2026-06-26T02:32:00Z,2026-06-26,232,N,VIIRS,n,nominal,2.0NRT,0.94,N,VIIRS_SNPP_NRT,True,310.08,292.21,0.38,0.36
51.48088,-3.13837,2026-06-26T02:32:00Z,2026-06-26,232,N,VIIRS,n,nominal,2.0NRT,1.02,N,VIIRS_SNPP_NRT,True,313.96,290.87,0.38,0.36
51.39589,-3.39489,2026-06-26T02:49:00Z,2026-06-26,249,N20,VIIRS,n,nominal,2.0NRT,0.56,N,VIIRS_NOAA20_NRT,True,302.95,291.6,0.49,0.41
53.27169,-2.84189,2026-06-26T12:40:00Z,2026-06-26,1240,N20,VIIRS,n,nominal,2.0NRT,2.78,D,VIIRS_NOAA20_NRT,True,336.35,303.24,0.41,0.37
51.39887,-3.39306,2026-06-27T02:13:00Z,2026-06-27,213,N,VIIRS,n,nominal,2.0NRT,0.44,N,VIIRS_SNPP_NRT,True,301.07,276.42,0.45,0.39
51.48068,-3.13939,2026-06-27T02:13:00Z,2026-06-27,213,N,VIIRS,n,nominal,2.0NRT,0.86,N,VIIRS_SNPP_NRT,True,301.05,282.75,0.45,0.39
53.23536,-3.93567,2026-06-27T14:01:00Z,2026-06-27,1401,N20,VIIRS,n,nominal,2.0NRT,4.82,D,VIIRS_NOAA20_NRT,True,348.14,293.23,0.41,0.6
51.4811,-3.13496,2026-06-28T12:46:00Z,2026-06-28,1246,N21,VIIRS,n,nominal,2.0NRT,2.42,D,VIIRS_NOAA21_NRT,True,328.11,296.52,0.39,0.36
51.3969,-3.39373,2026-06-29T01:54:00Z,2026-06-29,154,N20,VIIRS,n,nominal,2.0NRT,0.92,N,VIIRS_NOAA20_NRT,True,304.64,284.77,0.39,0.44
51.39788,-3.39495,2026-06-29T02:41:00Z,2026-06-29,241,N21,VIIRS,n,nominal,2.0NRT,1.36,N,VIIRS_NOAA21_NRT,True,304.45,285.64,0.44,0.39
51.39724,-3.39227,2026-06-30T02:58:00Z,2026-06-30,258,N,VIIRS,n,nominal,2.0NRT,0.67,N,VIIRS_SNPP_NRT,True,304.82,284.64,0.5,0.41
51.68375,-5.03084,2026-07-01T02:04:00Z,2026-07-01,204,N21,VIIRS,n,nominal,2.0NRT,1.78,N,VIIRS_NOAA21_NRT,True,305.71,290.55,0.53,0.42
51.68588,-5.03119,2026-07-01T02:04:00Z,2026-07-01,204,N21,VIIRS,n,nominal,2.0NRT,1.18,N,VIIRS_NOAA21_NRT,True,297.85,287.38,0.53,0.42
51.48148,-3.13897,2026-07-01T02:38:00Z,2026-07-01,238,N,VIIRS,n,nominal,2.0NRT,0.71,N,VIIRS_SNPP_NRT,True,305.28,287.01,0.39,0.36
51.68505,-5.03209,2026-07-01T02:38:00Z,2026-07-01,238,N,VIIRS,n,nominal,2.0NRT,0.87,N,VIIRS_SNPP_NRT,True,297.79,286.16,0.38,0.36
51.56156,-3.75952,2026-07-03T01:26:00Z,2026-07-03,126,N21,VIIRS,n,nominal,2.0NRT,0.79,N,VIIRS_NOAA21_NRT,True,295.25,281.43,0.39,0.59
51.68258,-5.03123,2026-07-03T01:26:00Z,2026-07-03,126,N21,VIIRS,n,nominal,2.0NRT,1.35,N,VIIRS_NOAA21_NRT,True,298.95,280.86,0.44,0.63
51.48064,-3.14074,2026-07-03T02:02:00Z,2026-07-03,202,N,VIIRS,n,nominal,2.0NRT,0.31,N,VIIRS_SNPP_NRT,True,296.55,280.18,0.57,0.43
51.48109,-3.14117,2026-07-03T02:02:00Z,2026-07-03,202,N,VIIRS,n,nominal,2.0NRT,0.52,N,VIIRS_SNPP_NRT,True,297.02,280.24,0.57,0.43
51.68495,-5.02909,2026-07-03T02:02:00Z,2026-07-03,202,N,VIIRS,n,nominal,2.0NRT,1.29,N,VIIRS_SNPP_NRT,True,303.27,288.0,0.45,0.47
51.48199,-3.13492,2026-07-03T02:19:00Z,2026-07-03,219,N20,VIIRS,n,nominal,2.0NRT,0.34,N,VIIRS_NOAA20_NRT,True,300.63,282.54,0.39,0.36
51.68416,-5.02746,2026-07-03T02:19:00Z,2026-07-03,219,N20,VIIRS,n,nominal,2.0NRT,1.13,N,VIIRS_NOAA20_NRT,True,302.91,284.97,0.42,0.38
51.48187,-3.1355,2026-07-04T02:02:00Z,2026-07-04,202,N20,VIIRS,n,nominal,2.0NRT,0.66,N,VIIRS_NOAA20_NRT,True,298.75,287.8,0.51,0.41
51.4793,-3.14072,2026-07-04T02:47:00Z,2026-07-04,247,N21,VIIRS,n,nominal,2.0NRT,1.37,N,VIIRS_NOAA21_NRT,True,300.79,287.79,0.5,0.41
51.68251,-5.02823,2026-07-05T02:28:00Z,2026-07-05,228,N21,VIIRS,n,nominal,2.0NRT,1.06,N,VIIRS_NOAA21_NRT,True,301.03,288.57,0.38,0.36
51.68428,-5.0265,2026-07-05T03:04:00Z,2026-07-05,304,N,VIIRS,n,nominal,2.0NRT,1.6,N,VIIRS_SNPP_NRT,True,298.78,288.59,0.49,0.4
51.68362,-5.03225,2026-07-05T03:21:00Z,2026-07-05,321,N20,VIIRS,n,nominal,2.0NRT,0.52,N,VIIRS_NOAA20_NRT,True,296.83,286.61,0.55,0.51
52.04823,-2.62761,2026-07-05T12:53:00Z,2026-07-05,1253,N,VIIRS,n,nominal,2.0NRT,2.05,D,VIIRS_SNPP_NRT,True,335.01,298.72,0.39,0.37
52.05151,-2.6291,2026-07-05T12:53:00Z,2026-07-05,1253,N,VIIRS,n,nominal,2.0NRT,2.99,D,VIIRS_SNPP_NRT,True,345.46,299.0,0.39,0.37
52.05576,-2.62496,2026-07-05T12:53:00Z,2026-07-05,1253,N,VIIRS,n,nominal,2.0NRT,5.25,D,VIIRS_SNPP_NRT,True,348.73,299.65,0.39,0.37
53.15546,-2.69846,2026-07-05T12:53:00Z,2026-07-05,1253,N,VIIRS,l,low,2.0NRT,4.95,D,VIIRS_SNPP_NRT,True,358.18,297.79,0.39,0.36
53.15642,-2.69274,2026-07-05T12:53:00Z,2026-07-05,1253,N,VIIRS,n,nominal,2.0NRT,4.95,D,VIIRS_SNPP_NRT,True,335.1,295.63,0.39,0.36
53.15871,-2.69999,2026-07-05T12:53:00Z,2026-07-05,1253,N,VIIRS,n,nominal,2.0NRT,1.55,D,VIIRS_SNPP_NRT,True,327.58,294.09,0.39,0.36
53.29311,-2.69203,2026-07-06T03:04:00Z,2026-07-06,304,N20,VIIRS,n,nominal,2.0NRT,1.16,N,VIIRS_NOAA20_NRT,True,310.62,286.02,0.4,0.45
53.11925,-4.25135,2026-07-06T12:34:00Z,2026-07-06,1234,N,VIIRS,n,nominal,2.0NRT,1.67,D,VIIRS_SNPP_NRT,True,325.6,291.08,0.55,0.42
52.36879,-2.67137,2026-07-06T12:51:00Z,2026-07-06,1251,N20,VIIRS,n,nominal,2.0NRT,2.74,D,VIIRS_NOAA20_NRT,True,340.25,301.45,0.38,0.36
53.1212,-4.2537,2026-07-06T12:51:00Z,2026-07-06,1251,N20,VIIRS,n,nominal,2.0NRT,1.88,D,VIIRS_NOAA20_NRT,True,326.24,296.24,0.39,0.36
53.085,-3.19049,2026-07-07T14:14:00Z,2026-07-07,1414,N20,VIIRS,n,nominal,2.0NRT,1.62,D,VIIRS_NOAA20_NRT,True,325.63,286.42,0.59,0.7
51.68555,-5.03041,2026-07-08T01:32:00Z,2026-07-08,132,N21,VIIRS,n,nominal,2.0NRT,1.75,N,VIIRS_NOAA21_NRT,True,304.8,289.43,0.38,0.58
51.68433,-5.03084,2026-07-08T02:09:00Z,2026-07-08,209,N,VIIRS,n,nominal,2.0NRT,1.35,N,VIIRS_SNPP_NRT,True,308.0,291.58,0.39,0.44
51.68605,-5.03063,2026-07-08T02:09:00Z,2026-07-08,209,N,VIIRS,n,nominal,2.0NRT,2.0,N,VIIRS_SNPP_NRT,True,304.78,290.39,0.39,0.44
51.68346,-5.02951,2026-07-08T02:26:00Z,2026-07-08,226,N20,VIIRS,n,nominal,2.0NRT,1.89,N,VIIRS_NOAA20_NRT,True,306.83,291.14,0.39,0.37
51.68167,-5.02671,2026-07-08T03:10:00Z,2026-07-08,310,N21,VIIRS,n,nominal,2.0NRT,1.84,N,VIIRS_NOAA21_NRT,True,298.95,288.23,0.48,0.48
51.68763,-5.02952,2026-07-08T03:49:00Z,2026-07-08,349,N,VIIRS,n,nominal,2.0NRT,1.18,N,VIIRS_SNPP_NRT,True,298.52,287.81,0.42,0.61
51.68663,-5.02503,2026-07-08T04:06:00Z,2026-07-08,406,N20,VIIRS,n,nominal,2.0NRT,1.52,N,VIIRS_NOAA20_NRT,True,298.19,286.32,0.73,0.76
51.47812,-3.13616,2026-07-08T12:14:00Z,2026-07-08,1214,N20,VIIRS,n,nominal,2.0NRT,2.67,D,VIIRS_NOAA20_NRT,True,331.62,303.97,0.49,0.48
51.64202,-4.94991,2026-07-08T12:59:00Z,2026-07-08,1259,N21,VIIRS,n,nominal,2.0NRT,2.37,D,VIIRS_NOAA21_NRT,True,336.71,302.75,0.38,0.36
51.90088,-2.96208,2026-07-09T11:38:00Z,2026-07-09,1138,N,VIIRS,n,nominal,2.0NRT,2.92,D,VIIRS_SNPP_NRT,True,333.49,298.9,0.59,0.7
51.89769,-2.95953,2026-07-09T11:55:00Z,2026-07-09,1155,N20,VIIRS,n,nominal,2.0NRT,2.5,D,VIIRS_NOAA20_NRT,True,347.57,302.35,0.36,0.57
51.89814,-2.96097,2026-07-09T12:42:00Z,2026-07-09,1242,N21,VIIRS,n,nominal,2.0NRT,3.54,D,VIIRS_NOAA21_NRT,True,342.28,308.47,0.41,0.37
52.73681,-2.70589,2026-07-09T12:42:00Z,2026-07-09,1242,N21,VIIRS,n,nominal,2.0NRT,3.47,D,VIIRS_NOAA21_NRT,True,339.95,306.56,0.4,0.37
51.89948,-2.96401,2026-07-09T13:18:00Z,2026-07-09,1318,N,VIIRS,n,nominal,2.0NRT,1.64,D,VIIRS_SNPP_NRT,True,335.94,306.29,0.43,0.38
51.89965,-2.96448,2026-07-09T13:36:00Z,2026-07-09,1336,N20,VIIRS,n,nominal,2.0NRT,1.35,D,VIIRS_NOAA20_NRT,True,332.42,304.33,0.47,0.48
51.68513,-5.03199,2026-07-10T01:47:00Z,2026-07-10,147,N20,VIIRS,n,nominal,2.0NRT,1.74,N,VIIRS_NOAA20_NRT,True,303.65,291.86,0.54,0.51
51.39882,-3.39507,2026-07-10T02:34:00Z,2026-07-10,234,N21,VIIRS,n,nominal,2.0NRT,1.22,N,VIIRS_NOAA21_NRT,True,305.19,287.36,0.41,0.37
51.6846,-5.02848,2026-07-10T02:34:00Z,2026-07-10,234,N21,VIIRS,n,nominal,2.0NRT,2.14,N,VIIRS_NOAA21_NRT,True,309.91,295.3,0.39,0.36
51.39964,-3.39589,2026-07-10T03:10:00Z,2026-07-10,310,N,VIIRS,n,nominal,2.0NRT,0.66,N,VIIRS_SNPP_NRT,True,306.47,287.27,0.43,0.46
51.39839,-3.3968,2026-07-10T03:28:00Z,2026-07-10,328,N20,VIIRS,n,nominal,2.0NRT,1.02,N,VIIRS_NOAA20_NRT,True,297.04,285.74,0.38,0.59
51.39929,-3.39126,2026-07-10T03:28:00Z,2026-07-10,328,N20,VIIRS,n,nominal,2.0NRT,0.66,N,VIIRS_NOAA20_NRT,True,305.13,287.83,0.38,0.59
51.68312,-5.02922,2026-07-10T03:28:00Z,2026-07-10,328,N20,VIIRS,n,nominal,2.0NRT,1.13,N,VIIRS_NOAA20_NRT,True,308.41,293.23,0.32,0.55
52.06888,-3.04014,2026-07-10T03:28:00Z,2026-07-10,328,N20,VIIRS,n,nominal,2.0NRT,0.29,N,VIIRS_NOAA20_NRT,True,299.86,285.92,0.37,0.58
51.51246,-2.68836,2026-07-10T12:57:00Z,2026-07-10,1257,N,VIIRS,l,low,2.0NRT,2.29,D,VIIRS_SNPP_NRT,True,337.43,309.92,0.39,0.36
51.68523,-5.02902,2026-07-11T01:30:00Z,2026-07-11,130,N20,VIIRS,n,nominal,2.0NRT,1.19,N,VIIRS_NOAA20_NRT,True,304.12,291.14,0.43,0.62
51.68583,-5.03007,2026-07-11T01:30:00Z,2026-07-11,130,N20,VIIRS,n,nominal,2.0NRT,1.33,N,VIIRS_NOAA20_NRT,True,303.62,290.81,0.43,0.62
51.70016,-3.19504,2026-07-11T01:30:00Z,2026-07-11,130,N20,VIIRS,n,nominal,2.0NRT,0.35,N,VIIRS_NOAA20_NRT,True,299.84,286.97,0.36,0.57
51.39628,-3.39757,2026-07-11T02:15:00Z,2026-07-11,215,N21,VIIRS,n,nominal,2.0NRT,0.64,N,VIIRS_NOAA21_NRT,True,308.74,288.5,0.39,0.36
51.47959,-3.13763,2026-07-11T02:15:00Z,2026-07-11,215,N21,VIIRS,n,nominal,2.0NRT,0.97,N,VIIRS_NOAA21_NRT,True,313.03,293.0,0.39,0.36
51.68295,-5.02857,2026-07-11T02:15:00Z,2026-07-11,215,N21,VIIRS,n,nominal,2.0NRT,1.69,N,VIIRS_NOAA21_NRT,True,307.48,294.58,0.42,0.38
51.39667,-3.3956,2026-07-11T03:10:00Z,2026-07-11,310,N20,VIIRS,n,nominal,2.0NRT,0.99,N,VIIRS_NOAA20_NRT,True,306.57,286.9,0.49,0.49
51.39949,-3.39409,2026-07-11T03:10:00Z,2026-07-11,310,N20,VIIRS,n,nominal,2.0NRT,0.84,N,VIIRS_NOAA20_NRT,True,306.32,287.51,0.49,0.49
51.68147,-5.03023,2026-07-11T03:55:00Z,2026-07-11,355,N21,VIIRS,n,nominal,2.0NRT,1.67,N,VIIRS_NOAA21_NRT,True,300.84,288.88,0.64,0.72
52.73643,-2.63267,2026-07-11T12:04:00Z,2026-07-11,1204,N21,VIIRS,n,nominal,2.0NRT,13.55,D,VIIRS_NOAA21_NRT,True,339.43,300.78,0.5,0.49
53.267,-3.8809,2026-07-12T01:09:00Z,2026-07-12,109,N20,VIIRS,n,nominal,2.0NRT,1.26,N,VIIRS_NOAA20_NRT,True,305.87,285.83,0.62,0.71
53.26259,-3.87931,2026-07-12T01:56:00Z,2026-07-12,156,N21,VIIRS,n,nominal,2.0NRT,0.86,N,VIIRS_NOAA21_NRT,True,296.95,286.78,0.57,0.43
53.26442,-3.87228,2026-07-12T01:56:00Z,2026-07-12,156,N21,VIIRS,n,nominal,2.0NRT,21.52,N,VIIRS_NOAA21_NRT,True,317.57,287.6,0.57,0.43
53.26514,-3.8806,2026-07-12T01:56:00Z,2026-07-12,156,N21,VIIRS,n,nominal,2.0NRT,64.04,N,VIIRS_NOAA21_NRT,True,322.48,300.43,0.57,0.43
51.39824,-3.39626,2026-07-12T01:58:00Z,2026-07-12,158,N21,VIIRS,n,nominal,2.0NRT,1.24,N,VIIRS_NOAA21_NRT,True,306.57,289.55,0.52,0.41
51.48009,-3.13441,2026-07-12T01:58:00Z,2026-07-12,158,N21,VIIRS,n,nominal,2.0NRT,0.51,N,VIIRS_NOAA21_NRT,True,301.94,289.8,0.51,0.41
51.68461,-5.0186,2026-07-12T01:58:00Z,2026-07-12,158,N21,VIIRS,n,nominal,2.0NRT,1.14,N,VIIRS_NOAA21_NRT,True,300.26,290.0,0.4,0.44
51.3965,-3.39334,2026-07-12T02:51:00Z,2026-07-12,251,N20,VIIRS,n,nominal,2.0NRT,1.31,N,VIIRS_NOAA20_NRT,True,307.82,288.63,0.5,0.41
51.68533,-5.02917,2026-07-12T02:51:00Z,2026-07-12,251,N20,VIIRS,n,nominal,2.0NRT,1.3,N,VIIRS_NOAA20_NRT,True,304.57,294.0,0.44,0.38
53.26308,-3.87809,2026-07-12T02:51:00Z,2026-07-12,251,N20,VIIRS,n,nominal,2.0NRT,47.3,N,VIIRS_NOAA20_NRT,True,298.89,286.14,0.45,0.39
53.26511,-3.86948,2026-07-12T02:51:00Z,2026-07-12,251,N20,VIIRS,n,nominal,2.0NRT,3.09,N,VIIRS_NOAA20_NRT,True,296.76,285.81,0.45,0.39
53.26644,-3.87602,2026-07-12T02:51:00Z,2026-07-12,251,N20,VIIRS,h,high,2.0NRT,47.3,N,VIIRS_NOAA20_NRT,True,367.0,326.92,0.45,0.39
53.26771,-3.88227,2026-07-12T02:51:00Z,2026-07-12,251,N20,VIIRS,n,nominal,2.0NRT,47.3,N,VIIRS_NOAA20_NRT,True,329.1,287.38,0.45,0.39
53.26981,-3.87401,2026-07-12T02:51:00Z,2026-07-12,251,N20,VIIRS,n,nominal,2.0NRT,0.52,N,VIIRS_NOAA20_NRT,True,296.99,286.21,0.45,0.39
53.27656,-3.87003,2026-07-12T02:51:00Z,2026-07-12,251,N20,VIIRS,n,nominal,2.0NRT,0.1,N,VIIRS_NOAA20_NRT,True,297.53,286.59,0.45,0.39
53.26173,-3.87044,2026-07-12T03:36:00Z,2026-07-12,336,N21,VIIRS,n,nominal,2.0NRT,13.03,N,VIIRS_NOAA21_NRT,True,301.41,285.18,0.41,0.61
53.26373,-3.87654,2026-07-12T03:36:00Z,2026-07-12,336,N21,VIIRS,n,nominal,2.0NRT,78.8,N,VIIRS_NOAA21_NRT,True,342.87,303.21,0.41,0.61
53.26543,-3.88167,2026-07-12T03:36:00Z,2026-07-12,336,N21,VIIRS,n,nominal,2.0NRT,78.8,N,VIIRS_NOAA21_NRT,True,348.52,309.69,0.41,0.61
53.26694,-3.88629,2026-07-12T03:36:00Z,2026-07-12,336,N21,VIIRS,n,nominal,2.0NRT,42.61,N,VIIRS_NOAA21_NRT,True,314.15,286.84,0.41,0.61
53.27013,-3.87657,2026-07-12T03:36:00Z,2026-07-12,336,N21,VIIRS,n,nominal,2.0NRT,0.97,N,VIIRS_NOAA21_NRT,True,297.22,285.47,0.41,0.61
51.3989,-3.39298,2026-07-12T03:38:00Z,2026-07-12,338,N21,VIIRS,n,nominal,2.0NRT,0.97,N,VIIRS_NOAA21_NRT,True,302.26,286.75,0.5,0.66
51.68296,-5.03018,2026-07-12T03:38:00Z,2026-07-12,338,N21,VIIRS,n,nominal,2.0NRT,1.73,N,VIIRS_NOAA21_NRT,True,302.48,292.02,0.42,0.61
53.2618,-3.88597,2026-07-12T11:47:00Z,2026-07-12,1147,N21,VIIRS,n,nominal,2.0NRT,81.42,D,VIIRS_NOAA21_NRT,True,332.01,295.42,0.41,0.6
53.26352,-3.88068,2026-07-12T11:47:00Z,2026-07-12,1147,N21,VIIRS,l,low,2.0NRT,81.42,D,VIIRS_NOAA21_NRT,True,351.12,330.4,0.41,0.6
53.26514,-3.8757,2026-07-12T11:47:00Z,2026-07-12,1147,N21,VIIRS,n,nominal,2.0NRT,51.55,D,VIIRS_NOAA21_NRT,True,352.0,303.16,0.41,0.6
53.26973,-3.88109,2026-07-12T11:47:00Z,2026-07-12,1147,N21,VIIRS,n,nominal,2.0NRT,19.71,D,VIIRS_NOAA21_NRT,True,346.28,299.09,0.41,0.6
53.27159,-3.8754,2026-07-12T11:47:00Z,2026-07-12,1147,N21,VIIRS,h,high,2.0NRT,19.71,D,VIIRS_NOAA21_NRT,True,367.0,301.83,0.41,0.6
53.27625,-3.88051,2026-07-12T11:47:00Z,2026-07-12,1147,N21,VIIRS,n,nominal,2.0NRT,19.71,D,VIIRS_NOAA21_NRT,True,354.78,296.37,0.41,0.6
53.26168,-3.88076,2026-07-12T12:40:00Z,2026-07-12,1240,N20,VIIRS,h,high,2.0NRT,34.44,D,VIIRS_NOAA20_NRT,True,367.0,350.27,0.43,0.38
53.26287,-3.87464,2026-07-12T12:40:00Z,2026-07-12,1240,N20,VIIRS,n,nominal,2.0NRT,34.44,D,VIIRS_NOAA20_NRT,True,356.38,314.01,0.43,0.38
53.26501,-3.88275,2026-07-12T12:40:00Z,2026-07-12,1240,N20,VIIRS,n,nominal,2.0NRT,34.44,D,VIIRS_NOAA20_NRT,True,338.56,309.37,0.43,0.38
53.26622,-3.87653,2026-07-12T12:40:00Z,2026-07-12,1240,N20,VIIRS,n,nominal,2.0NRT,34.44,D,VIIRS_NOAA20_NRT,True,355.04,309.4,0.43,0.38
53.26956,-3.87848,2026-07-12T12:40:00Z,2026-07-12,1240,N20,VIIRS,l,low,2.0NRT,85.63,D,VIIRS_NOAA20_NRT,True,367.0,335.84,0.43,0.38
53.27289,-3.88048,2026-07-12T12:40:00Z,2026-07-12,1240,N20,VIIRS,l,low,2.0NRT,85.63,D,VIIRS_NOAA20_NRT,True,312.05,323.84,0.43,0.38
53.27413,-3.87409,2026-07-12T12:40:00Z,2026-07-12,1240,N20,VIIRS,n,nominal,2.0NRT,28.33,D,VIIRS_NOAA20_NRT,True,332.33,297.86,0.43,0.38
53.26061,-3.88232,2026-07-12T13:25:00Z,2026-07-12,1325,N21,VIIRS,l,low,2.0NRT,39.78,D,VIIRS_NOAA21_NRT,True,350.31,326.03,0.38,0.43
53.26112,-3.87643,2026-07-12T13:25:00Z,2026-07-12,1325,N21,VIIRS,n,nominal,2.0NRT,14.89,D,VIIRS_NOAA21_NRT,True,342.09,308.77,0.38,0.43
53.26461,-3.88293,2026-07-12T13:25:00Z,2026-07-12,1325,N21,VIIRS,n,nominal,2.0NRT,12.9,D,VIIRS_NOAA21_NRT,True,344.17,316.88,0.38,0.43
53.26511,-3.87722,2026-07-12T13:25:00Z,2026-07-12,1325,N21,VIIRS,h,high,2.0NRT,97.66,D,VIIRS_NOAA21_NRT,True,367.0,322.72,0.38,0.43
53.26863,-3.88337,2026-07-12T13:25:00Z,2026-07-12,1325,N21,VIIRS,n,nominal,2.0NRT,12.9,D,VIIRS_NOAA21_NRT,True,341.43,304.9,0.38,0.43
53.26911,-3.87784,2026-07-12T13:25:00Z,2026-07-12,1325,N21,VIIRS,h,high,2.0NRT,97.66,D,VIIRS_NOAA21_NRT,True,367.0,346.23,0.38,0.43
53.27264,-3.88385,2026-07-12T13:25:00Z,2026-07-12,1325,N21,VIIRS,n,nominal,2.0NRT,14.41,D,VIIRS_NOAA21_NRT,True,341.72,303.57,0.38,0.43
53.27311,-3.87855,2026-07-12T13:25:00Z,2026-07-12,1325,N21,VIIRS,h,high,2.0NRT,45.39,D,VIIRS_NOAA21_NRT,True,367.0,334.17,0.38,0.43
53.27359,-3.87295,2026-07-12T13:25:00Z,2026-07-12,1325,N21,VIIRS,n,nominal,2.0NRT,45.39,D,VIIRS_NOAA21_NRT,True,337.29,299.23,0.38,0.43
53.27428,-3.88429,2026-07-12T13:25:00Z,2026-07-12,1325,N21,VIIRS,n,nominal,2.0NRT,25.6,D,VIIRS_NOAA21_NRT,True,331.81,302.6,0.38,0.43
53.27472,-3.87909,2026-07-12T13:25:00Z,2026-07-12,1325,N21,VIIRS,n,nominal,2.0NRT,25.6,D,VIIRS_NOAA21_NRT,True,347.58,317.18,0.38,0.43
53.26279,-3.87581,2026-07-12T14:22:00Z,2026-07-12,1422,N20,VIIRS,h,high,2.0NRT,29.21,D,VIIRS_NOAA20_NRT,True,367.0,305.47,0.65,0.73
53.26301,-3.88587,2026-07-12T14:22:00Z,2026-07-12,1422,N20,VIIRS,n,nominal,2.0NRT,19.58,D,VIIRS_NOAA20_NRT,True,332.49,298.5,0.65,0.73
53.26954,-3.87407,2026-07-12T14:22:00Z,2026-07-12,1422,N20,VIIRS,n,nominal,2.0NRT,84.14,D,VIIRS_NOAA20_NRT,True,354.39,312.67,0.65,0.73
53.26973,-3.88286,2026-07-12T14:22:00Z,2026-07-12,1422,N20,VIIRS,n,nominal,2.0NRT,47.67,D,VIIRS_NOAA20_NRT,True,348.73,304.69,0.65,0.73
53.27628,-3.87273,2026-07-12T14:22:00Z,2026-07-12,1422,N20,VIIRS,n,nominal,2.0NRT,84.14,D,VIIRS_NOAA20_NRT,True,354.06,295.0,0.65,0.73
53.27647,-3.88172,2026-07-12T14:22:00Z,2026-07-12,1422,N20,VIIRS,n,nominal,2.0NRT,47.67,D,VIIRS_NOAA20_NRT,True,353.74,297.07,0.65,0.73
51.39766,-3.39776,2026-07-13T01:37:00Z,2026-07-13,137,N21,VIIRS,n,nominal,2.0NRT,1.49,N,VIIRS_NOAA21_NRT,True,301.4,288.9,0.54,0.51
51.39957,-3.39646,2026-07-13T01:37:00Z,2026-07-13,137,N21,VIIRS,n,nominal,2.0NRT,0.55,N,VIIRS_NOAA21_NRT,True,300.82,288.76,0.54,0.51
51.68277,-5.03014,2026-07-13T01:37:00Z,2026-07-13,137,N21,VIIRS,n,nominal,2.0NRT,0.94,N,VIIRS_NOAA21_NRT,True,303.6,293.39,0.32,0.55
52.8424,-4.0101,2026-07-13T01:37:00Z,2026-07-13,137,N21,VIIRS,n,nominal,2.0NRT,6.9,N,VIIRS_NOAA21_NRT,True,313.72,285.99,0.59,0.53
52.84289,-4.02043,2026-07-13T01:37:00Z,2026-07-13,137,N21,VIIRS,n,nominal,2.0NRT,18.56,N,VIIRS_NOAA21_NRT,True,343.45,290.72,0.59,0.53
52.84728,-4.01016,2026-07-13T01:37:00Z,2026-07-13,137,N21,VIIRS,n,nominal,2.0NRT,3.32,N,VIIRS_NOAA21_NRT,True,319.93,286.48,0.59,0.53
52.84777,-4.02044,2026-07-13T01:37:00Z,2026-07-13,137,N21,VIIRS,n,nominal,2.0NRT,2.37,N,VIIRS_NOAA21_NRT,True,305.67,286.95,0.59,0.53
53.25908,-3.88626,2026-07-13T01:37:00Z,2026-07-13,137,N21,VIIRS,n,nominal,2.0NRT,1.8,N,VIIRS_NOAA21_NRT,True,306.25,287.33,0.59,0.53
53.26839,-3.87733,2026-07-13T01:37:00Z,2026-07-13,137,N21,VIIRS,n,nominal,2.0NRT,3.52,N,VIIRS_NOAA21_NRT,True,312.57,289.46,0.59,0.53
51.39672,-3.39349,2026-07-13T02:32:00Z,2026-07-13,232,N20,VIIRS,n,nominal,2.0NRT,1.52,N,VIIRS_NOAA20_NRT,True,311.92,289.36,0.39,0.36
51.48062,-3.13693,2026-07-13T02:32:00Z,2026-07-13,232,N20,VIIRS,n,nominal,2.0NRT,0.84,N,VIIRS_NOAA20_NRT,True,307.78,290.38,0.39,0.36
52.84206,-4.01653,2026-07-13T02:32:00Z,2026-07-13,232,N20,VIIRS,n,nominal,2.0NRT,5.32,N,VIIRS_NOAA20_NRT,True,343.16,288.18,0.38,0.36
52.84296,-4.0221,2026-07-13T02:32:00Z,2026-07-13,232,N20,VIIRS,n,nominal,2.0NRT,2.74,N,VIIRS_NOAA20_NRT,True,328.8,287.4,0.38,0.36
52.8444,-4.00954,2026-07-13T02:32:00Z,2026-07-13,232,N20,VIIRS,n,nominal,2.0NRT,5.32,N,VIIRS_NOAA20_NRT,True,322.97,286.87,0.38,0.36
52.84529,-4.01512,2026-07-13T02:32:00Z,2026-07-13,232,N20,VIIRS,n,nominal,2.0NRT,5.32,N,VIIRS_NOAA20_NRT,True,346.85,290.49,0.38,0.36
52.84763,-4.00813,2026-07-13T02:32:00Z,2026-07-13,232,N20,VIIRS,n,nominal,2.0NRT,1.53,N,VIIRS_NOAA20_NRT,True,318.88,287.03,0.38,0.36
53.25917,-3.88316,2026-07-13T02:32:00Z,2026-07-13,232,N20,VIIRS,n,nominal,2.0NRT,2.26,N,VIIRS_NOAA20_NRT,True,321.69,288.55,0.38,0.36
53.26239,-3.88172,2026-07-13T02:32:00Z,2026-07-13,232,N20,VIIRS,n,nominal,2.0NRT,2.08,N,VIIRS_NOAA20_NRT,True,315.89,290.72,0.38,0.36
53.26796,-3.87323,2026-07-13T02:32:00Z,2026-07-13,232,N20,VIIRS,n,nominal,2.0NRT,1.3,N,VIIRS_NOAA20_NRT,True,308.49,288.02,0.38,0.36
53.26885,-3.87886,2026-07-13T02:32:00Z,2026-07-13,232,N20,VIIRS,n,nominal,2.0NRT,1.09,N,VIIRS_NOAA20_NRT,True,313.85,291.14,0.38,0.36
53.27208,-3.87742,2026-07-13T02:32:00Z,2026-07-13,232,N20,VIIRS,n,nominal,2.0NRT,1.09,N,VIIRS_NOAA20_NRT,True,302.68,289.12,0.38,0.36
51.39557,-3.39657,2026-07-13T03:17:00Z,2026-07-13,317,N21,VIIRS,n,nominal,2.0NRT,0.82,N,VIIRS_NOAA21_NRT,True,310.54,288.42,0.33,0.55
52.8424,-4.0124,2026-07-13T03:17:00Z,2026-07-13,317,N21,VIIRS,n,nominal,2.0NRT,5.91,N,VIIRS_NOAA21_NRT,True,329.16,287.09,0.56,0.51
52.84421,-4.01893,2026-07-13T03:17:00Z,2026-07-13,317,N21,VIIRS,n,nominal,2.0NRT,5.91,N,VIIRS_NOAA21_NRT,True,329.41,287.68,0.56,0.51
52.84668,-4.00905,2026-07-13T03:17:00Z,2026-07-13,317,N21,VIIRS,n,nominal,2.0NRT,2.66,N,VIIRS_NOAA21_NRT,True,313.27,286.07,0.56,0.51
53.26256,-3.88595,2026-07-13T03:17:00Z,2026-07-13,317,N21,VIIRS,n,nominal,2.0NRT,2.34,N,VIIRS_NOAA21_NRT,True,308.63,288.23,0.55,0.51
53.26469,-3.87493,2026-07-13T03:17:00Z,2026-07-13,317,N21,VIIRS,n,nominal,2.0NRT,2.34,N,VIIRS_NOAA21_NRT,True,296.63,285.6,0.55,0.51
52.84391,-4.02015,2026-07-13T11:28:00Z,2026-07-13,1128,N21,VIIRS,n,nominal,2.0NRT,5.85,D,VIIRS_NOAA21_NRT,True,336.15,293.59,0.63,0.72
52.84443,-4.0204,2026-07-13T11:28:00Z,2026-07-13,1128,N21,VIIRS,n,nominal,2.0NRT,3.53,D,VIIRS_NOAA21_NRT,True,327.47,293.17,0.63,0.72
51.64449,-3.92373,2026-07-13T12:21:00Z,2026-07-13,1221,N20,VIIRS,n,nominal,2.0NRT,2.07,D,VIIRS_NOAA20_NRT,True,331.98,297.49,0.45,0.47
52.84173,-4.01821,2026-07-13T12:21:00Z,2026-07-13,1221,N20,VIIRS,l,low,2.0NRT,16.85,D,VIIRS_NOAA20_NRT,True,329.43,301.96,0.42,0.45
52.84325,-4.01197,2026-07-13T12:21:00Z,2026-07-13,1221,N20,VIIRS,n,nominal,2.0NRT,17.7,D,VIIRS_NOAA20_NRT,True,350.87,298.77,0.42,0.45
53.25966,-3.88409,2026-07-13T12:21:00Z,2026-07-13,1221,N20,VIIRS,n,nominal,2.0NRT,2.51,D,VIIRS_NOAA20_NRT,True,331.2,301.43,0.4,0.44
52.84193,-4.01498,2026-07-13T13:08:00Z,2026-07-13,1308,N21,VIIRS,n,nominal,2.0NRT,25.57,D,VIIRS_NOAA21_NRT,True,354.03,306.42,0.41,0.37
52.84268,-4.00915,2026-07-13T13:08:00Z,2026-07-13,1308,N21,VIIRS,n,nominal,2.0NRT,6.52,D,VIIRS_NOAA21_NRT,True,330.14,299.53,0.41,0.37
52.84867,-4.01711,2026-07-13T13:08:00Z,2026-07-13,1308,N21,VIIRS,n,nominal,2.0NRT,10.12,D,VIIRS_NOAA21_NRT,True,340.25,302.42,0.41,0.37
53.25908,-3.8867,2026-07-13T13:08:00Z,2026-07-13,1308,N21,VIIRS,l,low,2.0NRT,2.93,D,VIIRS_NOAA21_NRT,True,332.34,303.79,0.42,0.37
51.66458,-3.27402,2026-07-13T14:01:00Z,2026-07-13,1401,N20,VIIRS,n,nominal,2.0NRT,4.03,D,VIIRS_NOAA20_NRT,True,346.68,297.97,0.43,0.62
51.66562,-3.27432,2026-07-13T14:01:00Z,2026-07-13,1401,N20,VIIRS,n,nominal,2.0NRT,4.28,D,VIIRS_NOAA20_NRT,True,345.97,297.43,0.43,0.62
51.68332,-5.01468,2026-07-13T14:01:00Z,2026-07-13,1401,N20,VIIRS,n,nominal,2.0NRT,3.4,D,VIIRS_NOAA20_NRT,True,338.76,297.87,0.36,0.57
52.83897,-4.01664,2026-07-13T14:01:00Z,2026-07-13,1401,N20,VIIRS,h,high,2.0NRT,6.49,D,VIIRS_NOAA20_NRT,True,367.0,302.47,0.4,0.6
52.83909,-4.0113,2026-07-13T14:01:00Z,2026-07-13,1401,N20,VIIRS,h,high,2.0NRT,6.49,D,VIIRS_NOAA20_NRT,True,367.0,299.76,0.4,0.6
52.84459,-4.01594,2026-07-13T14:01:00Z,2026-07-13,1401,N20,VIIRS,n,nominal,2.0NRT,6.49,D,VIIRS_NOAA20_NRT,True,333.01,301.87,0.4,0.6
52.8447,-4.01086,2026-07-13T14:01:00Z,2026-07-13,1401,N20,VIIRS,n,nominal,2.0NRT,6.49,D,VIIRS_NOAA20_NRT,True,331.98,299.74,0.4,0.6
53.259,-3.88441,2026-07-13T14:01:00Z,2026-07-13,1401,N20,VIIRS,l,low,2.0NRT,3.28,D,VIIRS_NOAA20_NRT,True,329.04,302.4,0.41,0.61
52.83984,-4.00871,2026-07-14T01:17:00Z,2026-07-14,117,N21,VIIRS,n,nominal,2.0NRT,2.26,N,VIIRS_NOAA21_NRT,True,296.75,284.38,0.47,0.64
52.8399,-4.01753,2026-07-14T01:17:00Z,2026-07-14,117,N21,VIIRS,n,nominal,2.0NRT,2.26,N,VIIRS_NOAA21_NRT,True,335.17,285.58,0.47,0.64
52.83997,-4.02568,2026-07-14T01:17:00Z,2026-07-14,117,N21,VIIRS,n,nominal,2.0NRT,4.39,N,VIIRS_NOAA21_NRT,True,308.35,285.62,0.47,0.64
52.84576,-4.00994,2026-07-14T01:17:00Z,2026-07-14,117,N21,VIIRS,n,nominal,2.0NRT,2.26,N,VIIRS_NOAA21_NRT,True,309.38,284.84,0.47,0.64
52.85176,-4.01985,2026-07-14T01:17:00Z,2026-07-14,117,N21,VIIRS,n,nominal,2.0NRT,4.07,N,VIIRS_NOAA21_NRT,True,319.88,286.07,0.47,0.64
52.85185,-4.02974,2026-07-14T01:17:00Z,2026-07-14,117,N21,VIIRS,n,nominal,2.0NRT,4.08,N,VIIRS_NOAA21_NRT,True,314.08,287.12,0.47,0.64
51.39742,-3.393,2026-07-14T02:13:00Z,2026-07-14,213,N20,VIIRS,n,nominal,2.0NRT,1.09,N,VIIRS_NOAA20_NRT,True,308.24,288.85,0.42,0.37
51.47989,-3.1359,2026-07-14T02:13:00Z,2026-07-14,213,N20,VIIRS,n,nominal,2.0NRT,0.59,N,VIIRS_NOAA20_NRT,True,297.36,281.95,0.41,0.37
52.83898,-4.01606,2026-07-14T02:13:00Z,2026-07-14,213,N20,VIIRS,n,nominal,2.0NRT,4.51,N,VIIRS_NOAA20_NRT,True,346.1,287.79,0.45,0.39
52.83978,-4.02288,2026-07-14T02:13:00Z,2026-07-14,213,N20,VIIRS,n,nominal,2.0NRT,4.51,N,VIIRS_NOAA20_NRT,True,300.94,284.91,0.45,0.39
52.84057,-4.0297,2026-07-14T02:13:00Z,2026-07-14,213,N20,VIIRS,n,nominal,2.0NRT,1.7,N,VIIRS_NOAA20_NRT,True,315.42,285.97,0.45,0.39
52.8417,-4.00807,2026-07-14T02:13:00Z,2026-07-14,213,N20,VIIRS,n,nominal,2.0NRT,0.81,N,VIIRS_NOAA20_NRT,True,296.66,284.1,0.45,0.39
52.84412,-4.02887,2026-07-14T02:13:00Z,2026-07-14,213,N20,VIIRS,n,nominal,2.0NRT,1.44,N,VIIRS_NOAA20_NRT,True,322.9,286.65,0.45,0.39
52.84522,-4.00701,2026-07-14T02:13:00Z,2026-07-14,213,N20,VIIRS,n,nominal,2.0NRT,0.81,N,VIIRS_NOAA20_NRT,True,313.09,284.87,0.45,0.39
52.85035,-4.01982,2026-07-14T02:13:00Z,2026-07-14,213,N20,VIIRS,n,nominal,2.0NRT,11.51,N,VIIRS_NOAA20_NRT,True,309.01,286.73,0.45,0.39
52.85118,-4.02687,2026-07-14T02:13:00Z,2026-07-14,213,N20,VIIRS,n,nominal,2.0NRT,6.56,N,VIIRS_NOAA20_NRT,True,325.89,287.91,0.45,0.39
52.85387,-4.01875,2026-07-14T02:13:00Z,2026-07-14,213,N20,VIIRS,n,nominal,2.0NRT,11.51,N,VIIRS_NOAA20_NRT,True,343.03,295.78,0.45,0.39
52.85469,-4.02575,2026-07-14T02:13:00Z,2026-07-14,213,N20,VIIRS,n,nominal,2.0NRT,6.56,N,VIIRS_NOAA20_NRT,True,329.61,289.85,0.45,0.39
53.26088,-3.88682,2026-07-14T02:13:00Z,2026-07-14,213,N20,VIIRS,n,nominal,2.0NRT,0.57,N,VIIRS_NOAA20_NRT,True,296.07,285.52,0.45,0.39
51.39901,-3.39432,2026-07-14T03:00:00Z,2026-07-14,300,N21,VIIRS,n,nominal,2.0NRT,0.99,N,VIIRS_NOAA21_NRT,True,300.85,287.65,0.43,0.46
52.83701,-4.02106,2026-07-14T03:00:00Z,2026-07-14,300,N21,VIIRS,n,nominal,2.0NRT,3.22,N,VIIRS_NOAA21_NRT,True,327.3,285.26,0.56,0.43
52.83874,-4.02855,2026-07-14T03:00:00Z,2026-07-14,300,N21,VIIRS,n,nominal,2.0NRT,3.39,N,VIIRS_NOAA21_NRT,True,328.5,285.38,0.56,0.43
52.83901,-4.01138,2026-07-14T03:00:00Z,2026-07-14,300,N21,VIIRS,n,nominal,2.0NRT,3.22,N,VIIRS_NOAA21_NRT,True,323.7,284.68,0.56,0.43
52.84068,-4.01862,2026-07-14T03:00:00Z,2026-07-14,300,N21,VIIRS,n,nominal,2.0NRT,3.22,N,VIIRS_NOAA21_NRT,True,301.27,283.58,0.56,0.43
52.84235,-4.02585,2026-07-14T03:00:00Z,2026-07-14,300,N21,VIIRS,n,nominal,2.0NRT,3.39,N,VIIRS_NOAA21_NRT,True,308.73,285.14,0.56,0.43
52.84272,-4.00906,2026-07-14T03:00:00Z,2026-07-14,300,N21,VIIRS,n,nominal,2.0NRT,2.03,N,VIIRS_NOAA21_NRT,True,310.44,284.25,0.56,0.43
52.8497,-4.02097,2026-07-14T03:00:00Z,2026-07-14,300,N21,VIIRS,n,nominal,2.0NRT,2.43,N,VIIRS_NOAA21_NRT,True,303.44,286.23,0.56,0.43
52.8513,-4.02793,2026-07-14T03:00:00Z,2026-07-14,300,N21,VIIRS,n,nominal,2.0NRT,2.43,N,VIIRS_NOAA21_NRT,True,322.4,287.91,0.56,0.43
52.85339,-4.0186,2026-07-14T03:00:00Z,2026-07-14,300,N21,VIIRS,n,nominal,2.0NRT,4.68,N,VIIRS_NOAA21_NRT,True,334.3,287.38,0.56,0.43
52.85501,-4.02568,2026-07-14T03:00:00Z,2026-07-14,300,N21,VIIRS,n,nominal,2.0NRT,4.68,N,VIIRS_NOAA21_NRT,True,321.28,286.77,0.56,0.43
52.835,-4.01223,2026-07-14T03:53:00Z,2026-07-14,353,N20,VIIRS,n,nominal,2.0NRT,1.8,N,VIIRS_NOAA20_NRT,True,296.88,283.65,0.55,0.68
52.83611,-4.01019,2026-07-14T03:53:00Z,2026-07-14,353,N20,VIIRS,n,nominal,2.0NRT,2.38,N,VIIRS_NOAA20_NRT,True,299.97,283.66,0.55,0.68
52.83767,-4.01938,2026-07-14T03:53:00Z,2026-07-14,353,N20,VIIRS,n,nominal,2.0NRT,3.66,N,VIIRS_NOAA20_NRT,True,318.79,283.49,0.55,0.68
52.83856,-4.01685,2026-07-14T03:53:00Z,2026-07-14,353,N20,VIIRS,n,nominal,2.0NRT,2.38,N,VIIRS_NOAA20_NRT,True,329.8,283.66,0.55,0.68
52.84106,-4.00858,2026-07-14T03:53:00Z,2026-07-14,353,N20,VIIRS,n,nominal,2.0NRT,1.8,N,VIIRS_NOAA20_NRT,True,310.78,283.05,0.55,0.68
52.84203,-4.00621,2026-07-14T03:53:00Z,2026-07-14,353,N20,VIIRS,n,nominal,2.0NRT,1.11,N,VIIRS_NOAA20_NRT,True,301.48,283.21,0.55,0.68
52.85275,-4.02009,2026-07-14T03:53:00Z,2026-07-14,353,N20,VIIRS,n,nominal,2.0NRT,3.02,N,VIIRS_NOAA20_NRT,True,320.12,286.77,0.55,0.68
52.85358,-4.01758,2026-07-14T03:53:00Z,2026-07-14,353,N20,VIIRS,n,nominal,2.0NRT,3.62,N,VIIRS_NOAA20_NRT,True,313.74,286.38,0.55,0.68
52.85474,-4.02544,2026-07-14T03:53:00Z,2026-07-14,353,N20,VIIRS,n,nominal,2.0NRT,3.02,N,VIIRS_NOAA20_NRT,True,319.72,284.99,0.55,0.68
52.85562,-4.02312,2026-07-14T03:53:00Z,2026-07-14,353,N20,VIIRS,n,nominal,2.0NRT,3.86,N,VIIRS_NOAA20_NRT,True,327.02,285.88,0.55,0.68
51.68607,-5.01767,2026-07-14T12:02:00Z,2026-07-14,1202,N20,VIIRS,l,low,2.0NRT,3.49,D,VIIRS_NOAA20_NRT,True,327.02,299.64,0.38,0.58
52.83622,-4.01685,2026-07-14T12:02:00Z,2026-07-14,1202,N20,VIIRS,n,nominal,2.0NRT,14.56,D,VIIRS_NOAA20_NRT,True,340.3,300.28,0.63,0.54
52.83913,-4.00688,2026-07-14T12:02:00Z,2026-07-14,1202,N20,VIIRS,n,nominal,2.0NRT,14.79,D,VIIRS_NOAA20_NRT,True,344.82,298.14,0.63,0.54
52.84754,-4.01625,2026-07-14T12:02:00Z,2026-07-14,1202,N20,VIIRS,n,nominal,2.0NRT,10.19,D,VIIRS_NOAA20_NRT,True,334.87,300.75,0.63,0.54
52.85181,-4.02073,2026-07-14T12:02:00Z,2026-07-14,1202,N20,VIIRS,n,nominal,2.0NRT,16.2,D,VIIRS_NOAA20_NRT,True,352.68,300.83,0.63,0.54
51.54779,-3.1063,2026-07-14T12:46:00Z,2026-07-14,1246,N21,VIIRS,n,nominal,2.0NRT,2.01,D,VIIRS_NOAA21_NRT,True,339.97,301.1,0.39,0.36
51.55005,-2.88455,2026-07-14T12:46:00Z,2026-07-14,1246,N21,VIIRS,n,nominal,2.0NRT,3.86,D,VIIRS_NOAA21_NRT,True,337.16,302.49,0.39,0.36
51.55108,-2.92009,2026-07-14T12:46:00Z,2026-07-14,1246,N21,VIIRS,n,nominal,2.0NRT,2.59,D,VIIRS_NOAA21_NRT,True,336.52,301.34,0.39,0.36
51.55199,-2.91462,2026-07-14T12:46:00Z,2026-07-14,1246,N21,VIIRS,n,nominal,2.0NRT,2.59,D,VIIRS_NOAA21_NRT,True,343.52,301.6,0.39,0.36
51.55328,-2.88593,2026-07-14T12:46:00Z,2026-07-14,1246,N21,VIIRS,n,nominal,2.0NRT,6.99,D,VIIRS_NOAA21_NRT,True,337.94,301.85,0.39,0.36
51.56119,-2.90099,2026-07-14T12:46:00Z,2026-07-14,1246,N21,VIIRS,n,nominal,2.0NRT,4.18,D,VIIRS_NOAA21_NRT,True,339.23,301.09,0.39,0.36
51.68545,-5.0169,2026-07-14T12:46:00Z,2026-07-14,1246,N21,VIIRS,n,nominal,2.0NRT,5.43,D,VIIRS_NOAA21_NRT,True,338.86,302.93,0.42,0.37
51.7955,-2.97056,2026-07-14T12:46:00Z,2026-07-14,1246,N21,VIIRS,n,nominal,2.0NRT,2.16,D,VIIRS_NOAA21_NRT,True,336.96,304.43,0.39,0.36
52.51004,-3.48713,2026-07-14T12:46:00Z,2026-07-14,1246,N21,VIIRS,n,nominal,2.0NRT,1.57,D,VIIRS_NOAA21_NRT,True,330.08,304.56,0.39,0.36
52.83692,-4.01861,2026-07-14T12:46:00Z,2026-07-14,1246,N21,VIIRS,n,nominal,2.0NRT,7.12,D,VIIRS_NOAA21_NRT,True,331.04,302.09,0.39,0.36
52.8379,-4.01289,2026-07-14T12:46:00Z,2026-07-14,1246,N21,VIIRS,n,nominal,2.0NRT,16.98,D,VIIRS_NOAA21_NRT,True,353.77,310.79,0.39,0.36
52.83888,-4.00714,2026-07-14T12:46:00Z,2026-07-14,1246,N21,VIIRS,n,nominal,2.0NRT,16.98,D,VIIRS_NOAA21_NRT,True,340.13,300.6,0.39,0.36
52.84016,-4.02014,2026-07-14T12:46:00Z,2026-07-14,1246,N21,VIIRS,n,nominal,2.0NRT,5.28,D,VIIRS_NOAA21_NRT,True,335.97,303.43,0.39,0.36
52.84113,-4.01442,2026-07-14T12:46:00Z,2026-07-14,1246,N21,VIIRS,n,nominal,2.0NRT,6.19,D,VIIRS_NOAA21_NRT,True,334.53,304.34,0.39,0.36
52.84211,-4.00868,2026-07-14T12:46:00Z,2026-07-14,1246,N21,VIIRS,n,nominal,2.0NRT,6.19,D,VIIRS_NOAA21_NRT,True,331.46,304.06,0.39,0.36
52.84309,-4.00295,2026-07-14T12:46:00Z,2026-07-14,1246,N21,VIIRS,n,nominal,2.0NRT,5.99,D,VIIRS_NOAA21_NRT,True,330.32,299.48,0.39,0.36
52.85081,-4.01914,2026-07-14T12:46:00Z,2026-07-14,1246,N21,VIIRS,l,low,2.0NRT,7.76,D,VIIRS_NOAA21_NRT,True,332.33,307.13,0.39,0.36
52.85178,-4.01344,2026-07-14T12:46:00Z,2026-07-14,1246,N21,VIIRS,l,low,2.0NRT,7.76,D,VIIRS_NOAA21_NRT,True,330.49,301.94,0.39,0.36
52.85306,-4.02648,2026-07-14T12:46:00Z,2026-07-14,1246,N21,VIIRS,n,nominal,2.0NRT,18.58,D,VIIRS_NOAA21_NRT,True,345.89,307.92,0.39,0.36
52.85404,-4.0207,2026-07-14T12:46:00Z,2026-07-14,1246,N21,VIIRS,n,nominal,2.0NRT,19.76,D,VIIRS_NOAA21_NRT,True,354.11,308.62,0.39,0.36
53.25951,-3.88084,2026-07-14T12:46:00Z,2026-07-14,1246,N21,VIIRS,l,low,2.0NRT,3.27,D,VIIRS_NOAA21_NRT,True,331.78,305.55,0.39,0.36
52.8336,-4.0147,2026-07-14T13:44:00Z,2026-07-14,1344,N20,VIIRS,n,nominal,2.0NRT,10.51,D,VIIRS_NOAA20_NRT,True,345.95,300.69,0.51,0.49
52.83811,-4.01627,2026-07-14T13:44:00Z,2026-07-14,1344,N20,VIIRS,n,nominal,2.0NRT,10.51,D,VIIRS_NOAA20_NRT,True,342.73,302.93,0.51,0.49
52.83854,-4.00923,2026-07-14T13:44:00Z,2026-07-14,1344,N20,VIIRS,n,nominal,2.0NRT,17.95,D,VIIRS_NOAA20_NRT,True,355.64,303.8,0.51,0.49
52.83896,-4.0023,2026-07-14T13:44:00Z,2026-07-14,1344,N20,VIIRS,n,nominal,2.0NRT,17.95,D,VIIRS_NOAA20_NRT,True,339.32,299.07,0.51,0.49
52.84354,-4.00285,2026-07-14T13:44:00Z,2026-07-14,1344,N20,VIIRS,n,nominal,2.0NRT,7.8,D,VIIRS_NOAA20_NRT,True,334.74,297.57,0.51,0.49
52.85108,-4.03032,2026-07-14T13:44:00Z,2026-07-14,1344,N20,VIIRS,n,nominal,2.0NRT,6.4,D,VIIRS_NOAA20_NRT,True,332.08,297.76,0.51,0.49
52.85147,-4.02387,2026-07-14T13:44:00Z,2026-07-14,1344,N20,VIIRS,h,high,2.0NRT,10.76,D,VIIRS_NOAA20_NRT,True,367.0,305.84,0.51,0.49
52.85189,-4.01698,2026-07-14T13:44:00Z,2026-07-14,1344,N20,VIIRS,n,nominal,2.0NRT,10.76,D,VIIRS_NOAA20_NRT,True,346.33,302.87,0.51,0.49
52.85651,-4.01698,2026-07-14T13:44:00Z,2026-07-14,1344,N20,VIIRS,n,nominal,2.0NRT,10.76,D,VIIRS_NOAA20_NRT,True,340.45,296.72,0.51,0.49
51.68269,-5.01314,2026-07-14T14:31:00Z,2026-07-14,1431,N21,VIIRS,n,nominal,2.0NRT,8.38,D,VIIRS_NOAA21_NRT,True,332.74,291.93,0.79,0.78
52.8316,-4.02056,2026-07-15T01:00:00Z,2026-07-15,100,N21,VIIRS,n,nominal,2.0NRT,4.38,N,VIIRS_NOAA21_NRT,True,326.84,286.04,0.75,0.77
52.83194,-4.00898,2026-07-15T01:00:00Z,2026-07-15,100,N21,VIIRS,n,nominal,2.0NRT,4.38,N,VIIRS_NOAA21_NRT,True,302.36,285.76,0.75,0.77
52.83525,-4.02528,2026-07-15T01:00:00Z,2026-07-15,100,N21,VIIRS,n,nominal,2.0NRT,7.61,N,VIIRS_NOAA21_NRT,True,308.81,285.58,0.75,0.77
52.83565,-4.01324,2026-07-15T01:00:00Z,2026-07-15,100,N21,VIIRS,n,nominal,2.0NRT,11.36,N,VIIRS_NOAA21_NRT,True,339.96,286.29,0.75,0.77
52.83835,-4.03191,2026-07-15T01:00:00Z,2026-07-15,100,N21,VIIRS,n,nominal,2.0NRT,3.51,N,VIIRS_NOAA21_NRT,True,297.43,285.91,0.75,0.77
52.83875,-4.01827,2026-07-15T01:00:00Z,2026-07-15,100,N21,VIIRS,n,nominal,2.0NRT,4.38,N,VIIRS_NOAA21_NRT,True,300.4,284.66,0.75,0.77
52.8497,-4.01708,2026-07-15T01:00:00Z,2026-07-15,100,N21,VIIRS,n,nominal,2.0NRT,6.69,N,VIIRS_NOAA21_NRT,True,313.84,285.68,0.75,0.77
52.85271,-4.02604,2026-07-15T01:00:00Z,2026-07-15,100,N21,VIIRS,n,nominal,2.0NRT,4.78,N,VIIRS_NOAA21_NRT,True,325.37,286.92,0.75,0.77
52.85313,-4.01127,2026-07-15T01:00:00Z,2026-07-15,100,N21,VIIRS,n,nominal,2.0NRT,4.78,N,VIIRS_NOAA21_NRT,True,301.19,285.21,0.75,0.77
52.85616,-4.03663,2026-07-15T01:00:00Z,2026-07-15,100,N21,VIIRS,n,nominal,2.0NRT,11.18,N,VIIRS_NOAA21_NRT,True,318.38,287.43,0.75,0.77
52.85668,-4.02069,2026-07-15T01:00:00Z,2026-07-15,100,N21,VIIRS,n,nominal,2.0NRT,6.69,N,VIIRS_NOAA21_NRT,True,327.43,286.57,0.75,0.77
53.48386,-3.01316,2026-07-15T01:00:00Z,2026-07-15,100,N21,VIIRS,n,nominal,2.0NRT,0.85,N,VIIRS_NOAA21_NRT,True,296.52,285.58,0.68,0.74
52.8337,-4.0138,2026-07-15T01:54:00Z,2026-07-15,154,N20,VIIRS,n,nominal,2.0NRT,6.38,N,VIIRS_NOAA20_NRT,True,348.63,288.8,0.43,0.46
52.8373,-4.00497,2026-07-15T01:54:00Z,2026-07-15,154,N20,VIIRS,n,nominal,2.0NRT,0.7,N,VIIRS_NOAA20_NRT,True,302.72,286.18,0.43,0.46
52.83784,-4.012,2026-07-15T01:54:00Z,2026-07-15,154,N20,VIIRS,n,nominal,2.0NRT,1.81,N,VIIRS_NOAA20_NRT,True,315.13,285.77,0.43,0.46
52.83836,-4.01876,2026-07-15T01:54:00Z,2026-07-15,154,N20,VIIRS,n,nominal,2.0NRT,1.81,N,VIIRS_NOAA20_NRT,True,326.4,286.87,0.43,0.46
52.83889,-4.02559,2026-07-15T01:54:00Z,2026-07-15,154,N20,VIIRS,n,nominal,2.0NRT,1.02,N,VIIRS_NOAA20_NRT,True,300.56,286.69,0.43,0.46
52.84573,-4.00323,2026-07-15T01:54:00Z,2026-07-15,154,N20,VIIRS,n,nominal,2.0NRT,0.82,N,VIIRS_NOAA20_NRT,True,304.98,285.71,0.43,0.46
52.85054,-4.01008,2026-07-15T01:54:00Z,2026-07-15,154,N20,VIIRS,n,nominal,2.0NRT,1.19,N,VIIRS_NOAA20_NRT,True,300.49,286.67,0.43,0.46
52.85107,-4.01702,2026-07-15T01:54:00Z,2026-07-15,154,N20,VIIRS,n,nominal,2.0NRT,1.19,N,VIIRS_NOAA20_NRT,True,311.26,286.57,0.43,0.46
52.85163,-4.02422,2026-07-15T01:54:00Z,2026-07-15,154,N20,VIIRS,n,nominal,2.0NRT,1.04,N,VIIRS_NOAA20_NRT,True,302.27,287.37,0.43,0.46
52.8548,-4.00984,2026-07-15T01:54:00Z,2026-07-15,154,N20,VIIRS,n,nominal,2.0NRT,2.93,N,VIIRS_NOAA20_NRT,True,302.85,286.68,0.43,0.46
52.85531,-4.01646,2026-07-15T01:54:00Z,2026-07-15,154,N20,VIIRS,n,nominal,2.0NRT,2.93,N,VIIRS_NOAA20_NRT,True,339.1,288.27,0.43,0.46
52.85587,-4.02359,2026-07-15T01:54:00Z,2026-07-15,154,N20,VIIRS,n,nominal,2.0NRT,8.56,N,VIIRS_NOAA20_NRT,True,341.02,289.32,0.43,0.46
52.85645,-4.03105,2026-07-15T01:54:00Z,2026-07-15,154,N20,VIIRS,n,nominal,2.0NRT,8.56,N,VIIRS_NOAA20_NRT,True,330.47,290.08,0.43,0.46
52.85959,-4.01643,2026-07-15T01:54:00Z,2026-07-15,154,N20,VIIRS,n,nominal,2.0NRT,2.93,N,VIIRS_NOAA20_NRT,True,322.57,288.74,0.43,0.46
51.39946,-3.39641,2026-07-15T01:56:00Z,2026-07-15,156,N20,VIIRS,n,nominal,2.0NRT,1.31,N,VIIRS_NOAA20_NRT,True,304.77,288.05,0.39,0.44
51.51738,-2.68556,2026-07-15T01:56:00Z,2026-07-15,156,N20,VIIRS,n,nominal,2.0NRT,2.49,N,VIIRS_NOAA20_NRT,True,315.17,289.63,0.55,0.43
51.68512,-5.03013,2026-07-15T01:56:00Z,2026-07-15,156,N20,VIIRS,n,nominal,2.0NRT,1.64,N,VIIRS_NOAA20_NRT,True,305.19,292.44,0.46,0.47
51.39622,-3.39413,2026-07-15T02:41:00Z,2026-07-15,241,N21,VIIRS,n,nominal,2.0NRT,1.46,N,VIIRS_NOAA21_NRT,True,307.23,288.68,0.44,0.39
51.51598,-2.6825,2026-07-15T02:41:00Z,2026-07-15,241,N21,VIIRS,n,nominal,2.0NRT,2.0,N,VIIRS_NOAA21_NRT,True,307.24,290.07,0.46,0.39
51.68291,-5.02983,2026-07-15T02:41:00Z,2026-07-15,241,N21,VIIRS,n,nominal,2.0NRT,1.84,N,VIIRS_NOAA21_NRT,True,307.95,294.58,0.41,0.37
52.83318,-4.00884,2026-07-15T02:41:00Z,2026-07-15,241,N21,VIIRS,n,nominal,2.0NRT,2.57,N,VIIRS_NOAA21_NRT,True,326.71,288.37,0.41,0.37
52.83429,-4.01475,2026-07-15T02:41:00Z,2026-07-15,241,N21,VIIRS,n,nominal,2.0NRT,3.59,N,VIIRS_NOAA21_NRT,True,338.82,288.32,0.41,0.37
52.8354,-4.02068,2026-07-15T02:41:00Z,2026-07-15,241,N21,VIIRS,n,nominal,2.0NRT,3.59,N,VIIRS_NOAA21_NRT,True,320.38,286.9,0.41,0.37
52.83653,-4.0075,2026-07-15T02:41:00Z,2026-07-15,241,N21,VIIRS,n,nominal,2.0NRT,1.59,N,VIIRS_NOAA21_NRT,True,315.22,286.45,0.41,0.37
52.84314,-4.00429,2026-07-15T02:41:00Z,2026-07-15,241,N21,VIIRS,n,nominal,2.0NRT,1.71,N,VIIRS_NOAA21_NRT,True,312.44,285.88,0.41,0.37
52.85181,-4.01217,2026-07-15T02:41:00Z,2026-07-15,241,N21,VIIRS,n,nominal,2.0NRT,2.28,N,VIIRS_NOAA21_NRT,True,323.07,287.32,0.41,0.37
52.85289,-4.01795,2026-07-15T02:41:00Z,2026-07-15,241,N21,VIIRS,n,nominal,2.0NRT,4.83,N,VIIRS_NOAA21_NRT,True,311.49,287.17,0.41,0.37
52.85396,-4.02367,2026-07-15T02:41:00Z,2026-07-15,241,N21,VIIRS,n,nominal,2.0NRT,4.83,N,VIIRS_NOAA21_NRT,True,302.51,287.96,0.41,0.37
52.855,-4.02923,2026-07-15T02:41:00Z,2026-07-15,241,N21,VIIRS,n,nominal,2.0NRT,5.94,N,VIIRS_NOAA21_NRT,True,318.42,288.79,0.41,0.37
52.85607,-4.03496,2026-07-15T02:41:00Z,2026-07-15,241,N21,VIIRS,n,nominal,2.0NRT,5.94,N,VIIRS_NOAA21_NRT,True,300.31,289.12,0.41,0.37
52.85616,-4.01617,2026-07-15T02:41:00Z,2026-07-15,241,N21,VIIRS,n,nominal,2.0NRT,4.83,N,VIIRS_NOAA21_NRT,True,330.15,287.65,0.41,0.37
52.85723,-4.02189,2026-07-15T02:41:00Z,2026-07-15,241,N21,VIIRS,n,nominal,2.0NRT,4.83,N,VIIRS_NOAA21_NRT,True,354.56,292.93,0.41,0.37
52.85829,-4.02758,2026-07-15T02:41:00Z,2026-07-15,241,N21,VIIRS,h,high,2.0NRT,5.94,N,VIIRS_NOAA21_NRT,True,367.0,294.39,0.41,0.37
52.83475,-4.00759,2026-07-15T03:34:00Z,2026-07-15,334,N20,VIIRS,n,nominal,2.0NRT,1.87,N,VIIRS_NOAA20_NRT,True,312.37,286.42,0.37,0.58
52.8363,-4.01247,2026-07-15T03:34:00Z,2026-07-15,334,N20,VIIRS,n,nominal,2.0NRT,1.58,N,VIIRS_NOAA20_NRT,True,323.18,286.0,0.37,0.58
52.83781,-4.01729,2026-07-15T03:34:00Z,2026-07-15,334,N20,VIIRS,n,nominal,2.0NRT,1.58,N,VIIRS_NOAA20_NRT,True,305.67,285.11,0.37,0.58
52.83923,-4.02175,2026-07-15T03:34:00Z,2026-07-15,334,N20,VIIRS,n,nominal,2.0NRT,0.4,N,VIIRS_NOAA20_NRT,True,295.96,285.19,0.37,0.58
52.84477,-4.00099,2026-07-15T03:34:00Z,2026-07-15,334,N20,VIIRS,n,nominal,2.0NRT,0.6,N,VIIRS_NOAA20_NRT,True,300.86,284.97,0.37,0.58
52.84607,-4.00509,2026-07-15T03:34:00Z,2026-07-15,334,N20,VIIRS,n,nominal,2.0NRT,0.6,N,VIIRS_NOAA20_NRT,True,296.74,284.7,0.37,0.58
52.85458,-4.01291,2026-07-15T03:34:00Z,2026-07-15,334,N20,VIIRS,n,nominal,2.0NRT,2.03,N,VIIRS_NOAA20_NRT,True,314.29,285.9,0.37,0.58
52.855,-4.03344,2026-07-15T03:34:00Z,2026-07-15,334,N20,VIIRS,n,nominal,2.0NRT,5.64,N,VIIRS_NOAA20_NRT,True,300.55,287.4,0.37,0.58
52.85598,-4.01736,2026-07-15T03:34:00Z,2026-07-15,334,N20,VIIRS,n,nominal,2.0NRT,5.47,N,VIIRS_NOAA20_NRT,True,314.75,286.8,0.37,0.58
52.85724,-4.02139,2026-07-15T03:34:00Z,2026-07-15,334,N20,VIIRS,n,nominal,2.0NRT,5.47,N,VIIRS_NOAA20_NRT,True,351.86,290.75,0.37,0.58
52.85852,-4.02544,2026-07-15T03:34:00Z,2026-07-15,334,N20,VIIRS,h,high,2.0NRT,5.64,N,VIIRS_NOAA20_NRT,True,367.0,292.5,0.37,0.58
52.85984,-4.02966,2026-07-15T03:34:00Z,2026-07-15,334,N20,VIIRS,n,nominal,2.0NRT,5.64,N,VIIRS_NOAA20_NRT,True,341.89,288.06,0.37,0.58
51.39695,-3.3976,2026-07-15T03:36:00Z,2026-07-15,336,N20,VIIRS,n,nominal,2.0NRT,0.81,N,VIIRS_NOAA20_NRT,True,301.19,285.76,0.44,0.62
51.40001,-3.39538,2026-07-15T03:36:00Z,2026-07-15,336,N20,VIIRS,n,nominal,2.0NRT,0.47,N,VIIRS_NOAA20_NRT,True,298.04,285.51,0.44,0.62
51.68491,-5.03154,2026-07-15T03:36:00Z,2026-07-15,336,N20,VIIRS,n,nominal,2.0NRT,1.16,N,VIIRS_NOAA20_NRT,True,300.19,288.66,0.37,0.58
52.83018,-4.01125,2026-07-15T11:45:00Z,2026-07-15,1145,N20,VIIRS,n,nominal,2.0NRT,6.9,D,VIIRS_NOAA20_NRT,True,344.72,295.55,0.47,0.64
52.83311,-4.0028,2026-07-15T11:45:00Z,2026-07-15,1145,N20,VIIRS,n,nominal,2.0NRT,6.9,D,VIIRS_NOAA20_NRT,True,338.4,294.1,0.47,0.64
52.8526,-4.00588,2026-07-15T11:45:00Z,2026-07-15,1145,N20,VIIRS,n,nominal,2.0NRT,11.27,D,VIIRS_NOAA20_NRT,True,345.7,292.31,0.47,0.64
52.85707,-4.01273,2026-07-15T11:45:00Z,2026-07-15,1145,N20,VIIRS,h,high,2.0NRT,11.65,D,VIIRS_NOAA20_NRT,True,367.0,294.44,0.47,0.64
52.85944,-4.02574,2026-07-15T11:45:00Z,2026-07-15,1145,N20,VIIRS,n,nominal,2.0NRT,11.65,D,VIIRS_NOAA20_NRT,True,334.73,295.02,0.47,0.64
51.68943,-3.28058,2026-07-15T12:29:00Z,2026-07-15,1229,N21,VIIRS,n,nominal,2.0NRT,4.18,D,VIIRS_NOAA21_NRT,True,331.84,303.92,0.5,0.41
51.69098,-3.28258,2026-07-15T12:29:00Z,2026-07-15,1229,N21,VIIRS,n,nominal,2.0NRT,4.63,D,VIIRS_NOAA21_NRT,True,333.01,303.3,0.5,0.41
52.83146,-4.00875,2026-07-15T12:29:00Z,2026-07-15,1229,N21,VIIRS,n,nominal,2.0NRT,13.86,D,VIIRS_NOAA21_NRT,True,347.52,303.57,0.5,0.41
52.83516,-4.01014,2026-07-15T12:29:00Z,2026-07-15,1229,N21,VIIRS,n,nominal,2.0NRT,13.86,D,VIIRS_NOAA21_NRT,True,341.37,309.43,0.5,0.41
52.84386,-4.00682,2026-07-15T12:29:00Z,2026-07-15,1229,N21,VIIRS,l,low,2.0NRT,7.15,D,VIIRS_NOAA21_NRT,True,333.95,305.49,0.5,0.41
52.84731,-4.00932,2026-07-15T12:29:00Z,2026-07-15,1229,N21,VIIRS,n,nominal,2.0NRT,6.51,D,VIIRS_NOAA21_NRT,True,335.87,301.38,0.5,0.41
52.85077,-4.01179,2026-07-15T12:29:00Z,2026-07-15,1229,N21,VIIRS,n,nominal,2.0NRT,6.51,D,VIIRS_NOAA21_NRT,True,338.52,300.76,0.5,0.41
52.85425,-4.01418,2026-07-15T12:29:00Z,2026-07-15,1229,N21,VIIRS,n,nominal,2.0NRT,12.59,D,VIIRS_NOAA21_NRT,True,344.38,301.48,0.5,0.41
52.85771,-4.01666,2026-07-15T12:29:00Z,2026-07-15,1229,N21,VIIRS,n,nominal,2.0NRT,12.59,D,VIIRS_NOAA21_NRT,True,335.54,303.61,0.5,0.41
52.85963,-4.02632,2026-07-15T12:29:00Z,2026-07-15,1229,N21,VIIRS,n,nominal,2.0NRT,11.33,D,VIIRS_NOAA21_NRT,True,354.02,302.69,0.5,0.41
52.83076,-4.0124,2026-07-15T13:23:00Z,2026-07-15,1323,N20,VIIRS,n,nominal,2.0NRT,13.2,D,VIIRS_NOAA20_NRT,True,344.23,306.2,0.5,0.41
52.83147,-4.00528,2026-07-15T13:23:00Z,2026-07-15,1323,N20,VIIRS,n,nominal,2.0NRT,13.2,D,VIIRS_NOAA20_NRT,True,342.86,303.64,0.5,0.41
52.83515,-4.00701,2026-07-15T13:23:00Z,2026-07-15,1323,N20,VIIRS,n,nominal,2.0NRT,13.2,D,VIIRS_NOAA20_NRT,True,343.98,308.68,0.5,0.41
52.84639,-4.00989,2026-07-15T13:23:00Z,2026-07-15,1323,N20,VIIRS,n,nominal,2.0NRT,5.55,D,VIIRS_NOAA20_NRT,True,335.62,303.46,0.5,0.41
52.85018,-4.01053,2026-07-15T13:23:00Z,2026-07-15,1323,N20,VIIRS,n,nominal,2.0NRT,5.55,D,VIIRS_NOAA20_NRT,True,333.48,301.07,0.5,0.41
52.85397,-4.01115,2026-07-15T13:23:00Z,2026-07-15,1323,N20,VIIRS,n,nominal,2.0NRT,11.64,D,VIIRS_NOAA20_NRT,True,340.27,299.78,0.5,0.41
52.8563,-4.02618,2026-07-15T13:23:00Z,2026-07-15,1323,N20,VIIRS,l,low,2.0NRT,4.73,D,VIIRS_NOAA20_NRT,True,333.55,303.68,0.5,0.41
52.85701,-4.01914,2026-07-15T13:23:00Z,2026-07-15,1323,N20,VIIRS,n,nominal,2.0NRT,11.64,D,VIIRS_NOAA20_NRT,True,339.79,305.29,0.5,0.41
52.86008,-4.02688,2026-07-15T13:23:00Z,2026-07-15,1323,N20,VIIRS,n,nominal,2.0NRT,2.25,D,VIIRS_NOAA20_NRT,True,331.63,298.42,0.5,0.41
52.82955,-4.01069,2026-07-15T14:10:00Z,2026-07-15,1410,N21,VIIRS,h,high,2.0NRT,13.04,D,VIIRS_NOAA21_NRT,True,367.0,298.18,0.55,0.68
52.83581,-4.00719,2026-07-15T14:10:00Z,2026-07-15,1410,N21,VIIRS,n,nominal,2.0NRT,15.24,D,VIIRS_NOAA21_NRT,True,346.84,303.51,0.55,0.68
52.84836,-4.00632,2026-07-15T14:10:00Z,2026-07-15,1410,N21,VIIRS,n,nominal,2.0NRT,10.77,D,VIIRS_NOAA21_NRT,True,332.7,297.86,0.55,0.68
52.85466,-4.01129,2026-07-15T14:10:00Z,2026-07-15,1410,N21,VIIRS,n,nominal,2.0NRT,20.11,D,VIIRS_NOAA21_NRT,True,353.72,298.04,0.55,0.68
51.46022,-3.21861,2026-07-16T01:37:00Z,2026-07-16,137,N20,VIIRS,n,nominal,2.0NRT,0.5,N,VIIRS_NOAA20_NRT,True,301.72,287.11,0.61,0.53
51.55848,-3.37985,2026-07-16T01:37:00Z,2026-07-16,137,N20,VIIRS,n,nominal,2.0NRT,5.55,N,VIIRS_NOAA20_NRT,True,315.79,282.47,0.62,0.54
51.5589,-3.38874,2026-07-16T01:37:00Z,2026-07-16,137,N20,VIIRS,n,nominal,2.0NRT,5.55,N,VIIRS_NOAA20_NRT,True,331.14,286.24,0.62,0.54
51.68636,-5.03137,2026-07-16T01:37:00Z,2026-07-16,137,N20,VIIRS,n,nominal,2.0NRT,1.29,N,VIIRS_NOAA20_NRT,True,304.4,291.38,0.37,0.58
52.83154,-4.00945,2026-07-16T01:37:00Z,2026-07-16,137,N20,VIIRS,n,nominal,2.0NRT,0.87,N,VIIRS_NOAA20_NRT,True,301.07,287.74,0.34,0.56
52.83661,-4.00606,2026-07-16T01:37:00Z,2026-07-16,137,N20,VIIRS,n,nominal,2.0NRT,0.87,N,VIIRS_NOAA20_NRT,True,314.38,286.83,0.34,0.56
52.84698,-4.00538,2026-07-16T01:37:00Z,2026-07-16,137,N20,VIIRS,n,nominal,2.0NRT,0.39,N,VIIRS_NOAA20_NRT,True,304.51,284.82,0.34,0.56
52.85222,-4.00643,2026-07-16T01:37:00Z,2026-07-16,137,N20,VIIRS,n,nominal,2.0NRT,1.1,N,VIIRS_NOAA20_NRT,True,301.67,285.56,0.34,0.56
52.85243,-4.01205,2026-07-16T01:37:00Z,2026-07-16,137,N20,VIIRS,n,nominal,2.0NRT,1.1,N,VIIRS_NOAA20_NRT,True,311.55,286.14,0.34,0.56
52.85767,-4.01302,2026-07-16T01:37:00Z,2026-07-16,137,N20,VIIRS,n,nominal,2.0NRT,1.1,N,VIIRS_NOAA20_NRT,True,326.35,286.82,0.34,0.56
51.39597,-3.39556,2026-07-16T02:21:00Z,2026-07-16,221,N21,VIIRS,n,nominal,2.0NRT,1.16,N,VIIRS_NOAA21_NRT,True,309.76,289.97,0.38,0.36
51.55565,-3.38279,2026-07-16T02:21:00Z,2026-07-16,221,N21,VIIRS,n,nominal,2.0NRT,6.89,N,VIIRS_NOAA21_NRT,True,323.48,291.42,0.38,0.36
51.55888,-3.3815,2026-07-16T02:21:00Z,2026-07-16,221,N21,VIIRS,n,nominal,2.0NRT,6.89,N,VIIRS_NOAA21_NRT,True,308.47,287.49,0.38,0.36
51.68411,-5.02662,2026-07-16T02:21:00Z,2026-07-16,221,N21,VIIRS,n,nominal,2.0NRT,2.1,N,VIIRS_NOAA21_NRT,True,303.94,293.02,0.4,0.37
52.83197,-4.00832,2026-07-16T02:21:00Z,2026-07-16,221,N21,VIIRS,n,nominal,2.0NRT,1.62,N,VIIRS_NOAA21_NRT,True,305.15,288.19,0.39,0.36
52.83522,-4.00687,2026-07-16T02:21:00Z,2026-07-16,221,N21,VIIRS,n,nominal,2.0NRT,1.62,N,VIIRS_NOAA21_NRT,True,325.2,287.55,0.39,0.36
52.845,-4.00294,2026-07-16T02:21:00Z,2026-07-16,221,N21,VIIRS,n,nominal,2.0NRT,1.25,N,VIIRS_NOAA21_NRT,True,305.57,285.93,0.39,0.36
52.84827,-4.00173,2026-07-16T02:21:00Z,2026-07-16,221,N21,VIIRS,n,nominal,2.0NRT,1.25,N,VIIRS_NOAA21_NRT,True,309.64,286.19,0.39,0.36
52.8491,-4.00751,2026-07-16T02:21:00Z,2026-07-16,221,N21,VIIRS,n,nominal,2.0NRT,1.25,N,VIIRS_NOAA21_NRT,True,319.08,286.9,0.39,0.36
52.84993,-4.01329,2026-07-16T02:21:00Z,2026-07-16,221,N21,VIIRS,n,nominal,2.0NRT,0.71,N,VIIRS_NOAA21_NRT,True,300.94,287.28,0.39,0.36
52.85321,-4.01206,2026-07-16T02:21:00Z,2026-07-16,221,N21,VIIRS,n,nominal,2.0NRT,0.68,N,VIIRS_NOAA21_NRT,True,297.86,285.75,0.39,0.36
51.39832,-3.39501,2026-07-16T03:15:00Z,2026-07-16,315,N20,VIIRS,n,nominal,2.0NRT,0.96,N,VIIRS_NOAA20_NRT,True,302.71,287.79,0.57,0.52
51.55865,-3.3826,2026-07-16T03:15:00Z,2026-07-16,315,N20,VIIRS,n,nominal,2.0NRT,1.22,N,VIIRS_NOAA20_NRT,True,301.25,285.27,0.56,0.52
51.5608,-3.38391,2026-07-16T03:15:00Z,2026-07-16,315,N20,VIIRS,n,nominal,2.0NRT,1.0,N,VIIRS_NOAA20_NRT,True,299.18,285.32,0.56,0.52
52.83252,-4.00538,2026-07-16T03:15:00Z,2026-07-16,315,N20,VIIRS,n,nominal,2.0NRT,1.37,N,VIIRS_NOAA20_NRT,True,297.86,286.72,0.49,0.48
52.83704,-4.00394,2026-07-16T03:15:00Z,2026-07-16,315,N20,VIIRS,n,nominal,2.0NRT,1.4,N,VIIRS_NOAA20_NRT,True,311.86,285.77,0.49,0.48
52.84692,-4.00429,2026-07-16T03:15:00Z,2026-07-16,315,N20,VIIRS,n,nominal,2.0NRT,2.53,N,VIIRS_NOAA20_NRT,True,317.6,284.84,0.49,0.48
52.85247,-4.00677,2026-07-16T03:15:00Z,2026-07-16,315,N20,VIIRS,n,nominal,2.0NRT,1.23,N,VIIRS_NOAA20_NRT,True,299.61,284.17,0.49,0.48
52.84259,-4.00227,2026-07-16T04:02:00Z,2026-07-16,402,N21,VIIRS,n,nominal,2.0NRT,1.82,N,VIIRS_NOAA21_NRT,True,295.43,284.22,0.71,0.75
52.84535,-4.00909,2026-07-16T04:02:00Z,2026-07-16,402,N21,VIIRS,n,nominal,2.0NRT,1.82,N,VIIRS_NOAA21_NRT,True,302.39,285.28,0.71,0.75
52.8456,-4.00528,2026-07-16T04:02:00Z,2026-07-16,402,N21,VIIRS,n,nominal,2.0NRT,4.51,N,VIIRS_NOAA21_NRT,True,315.08,285.59,0.71,0.75
51.56474,-3.9914,2026-07-16T12:10:00Z,2026-07-16,1210,N21,VIIRS,n,nominal,2.0NRT,5.9,D,VIIRS_NOAA21_NRT,True,339.02,298.23,0.53,0.5
51.56515,-3.99014,2026-07-16T12:10:00Z,2026-07-16,1210,N21,VIIRS,n,nominal,2.0NRT,9.67,D,VIIRS_NOAA21_NRT,True,334.24,297.42,0.53,0.5
51.56339,-3.99034,2026-07-16T13:04:00Z,2026-07-16,1304,N20,VIIRS,n,nominal,2.0NRT,4.01,D,VIIRS_NOAA20_NRT,True,338.35,302.78,0.39,0.36
51.68498,-5.02986,2026-07-17T01:15:00Z,2026-07-17,115,N20,VIIRS,n,nominal,2.0NRT,1.08,N,VIIRS_NOAA20_NRT,True,299.03,289.02,0.59,0.7
52.83525,-4.00368,2026-07-17T01:15:00Z,2026-07-17,115,N20,VIIRS,n,nominal,2.0NRT,1.97,N,VIIRS_NOAA20_NRT,True,310.25,286.19,0.54,0.68
52.84155,-4.00213,2026-07-17T01:15:00Z,2026-07-17,115,N20,VIIRS,n,nominal,2.0NRT,1.97,N,VIIRS_NOAA20_NRT,True,307.22,284.79,0.54,0.68
52.85411,-4.00707,2026-07-17T01:15:00Z,2026-07-17,115,N20,VIIRS,n,nominal,2.0NRT,2.91,N,VIIRS_NOAA20_NRT,True,322.09,285.29,0.54,0.68
52.86033,-4.03702,2026-07-17T01:15:00Z,2026-07-17,115,N20,VIIRS,n,nominal,2.0NRT,0.88,N,VIIRS_NOAA20_NRT,True,295.08,283.83,0.54,0.68
53.3126,-4.64762,2026-07-17T02:02:00Z,2026-07-17,202,N21,VIIRS,n,nominal,2.0NRT,0.9,N,VIIRS_NOAA21_NRT,True,296.24,274.13,0.53,0.42
51.3974,-3.39288,2026-07-17T02:04:00Z,2026-07-17,204,N21,VIIRS,n,nominal,2.0NRT,1.41,N,VIIRS_NOAA21_NRT,True,308.44,288.48,0.46,0.39
52.83439,-4.00377,2026-07-17T02:04:00Z,2026-07-17,204,N21,VIIRS,n,nominal,2.0NRT,3.41,N,VIIRS_NOAA21_NRT,True,319.91,287.42,0.5,0.41
52.83804,-4.00216,2026-07-17T02:04:00Z,2026-07-17,204,N21,VIIRS,n,nominal,2.0NRT,2.52,N,VIIRS_NOAA21_NRT,True,319.84,284.99,0.5,0.41
52.84919,-3.99947,2026-07-17T02:04:00Z,2026-07-17,204,N21,VIIRS,n,nominal,2.0NRT,0.94,N,VIIRS_NOAA21_NRT,True,302.85,284.83,0.5,0.41
52.85294,-3.99886,2026-07-17T02:04:00Z,2026-07-17,204,N21,VIIRS,n,nominal,2.0NRT,2.21,N,VIIRS_NOAA21_NRT,True,305.15,286.41,0.5,0.41
52.85374,-4.0067,2026-07-17T02:04:00Z,2026-07-17,204,N21,VIIRS,n,nominal,2.0NRT,2.21,N,VIIRS_NOAA21_NRT,True,318.71,286.58,0.5,0.41
52.83403,-4.00073,2026-07-17T02:38:00Z,2026-07-17,238,N,VIIRS,n,nominal,2.0NRT,1.43,N,VIIRS_SNPP_NRT,True,308.73,287.05,0.38,0.36
52.83493,-4.00633,2026-07-17T02:38:00Z,2026-07-17,238,N,VIIRS,n,nominal,2.0NRT,1.43,N,VIIRS_SNPP_NRT,True,308.13,286.59,0.38,0.36
52.83727,-3.99932,2026-07-17T02:38:00Z,2026-07-17,238,N,VIIRS,n,nominal,2.0NRT,1.43,N,VIIRS_SNPP_NRT,True,322.83,287.39,0.38,0.36
52.84052,-3.9979,2026-07-17T02:38:00Z,2026-07-17,238,N,VIIRS,n,nominal,2.0NRT,1.03,N,VIIRS_SNPP_NRT,True,309.13,285.19,0.38,0.36
52.85007,-3.99877,2026-07-17T02:38:00Z,2026-07-17,238,N,VIIRS,n,nominal,2.0NRT,1.89,N,VIIRS_SNPP_NRT,True,316.59,284.56,0.38,0.36
52.85331,-3.99734,2026-07-17T02:38:00Z,2026-07-17,238,N,VIIRS,n,nominal,2.0NRT,0.7,N,VIIRS_SNPP_NRT,True,299.05,285.64,0.38,0.36
52.85421,-4.00293,2026-07-17T02:38:00Z,2026-07-17,238,N,VIIRS,n,nominal,2.0NRT,0.7,N,VIIRS_SNPP_NRT,True,311.82,286.57,0.38,0.36
52.8596,-4.03652,2026-07-17T02:38:00Z,2026-07-17,238,N,VIIRS,n,nominal,2.0NRT,0.73,N,VIIRS_SNPP_NRT,True,306.62,283.57,0.38,0.36
51.39653,-3.393,2026-07-17T02:41:00Z,2026-07-17,241,N,VIIRS,n,nominal,2.0NRT,0.76,N,VIIRS_SNPP_NRT,True,307.46,287.11,0.39,0.36
51.6835,-5.03118,2026-07-17T02:41:00Z,2026-07-17,241,N,VIIRS,n,nominal,2.0NRT,1.22,N,VIIRS_SNPP_NRT,True,308.49,293.22,0.38,0.36
51.39669,-3.39089,2026-07-17T02:58:00Z,2026-07-17,258,N20,VIIRS,n,nominal,2.0NRT,0.81,N,VIIRS_NOAA20_NRT,True,303.27,287.71,0.56,0.43
51.68409,-5.03048,2026-07-17T02:58:00Z,2026-07-17,258,N20,VIIRS,n,nominal,2.0NRT,1.82,N,VIIRS_NOAA20_NRT,True,306.82,292.59,0.49,0.4
52.83391,-4.00051,2026-07-17T02:58:00Z,2026-07-17,258,N20,VIIRS,n,nominal,2.0NRT,1.56,N,VIIRS_NOAA20_NRT,True,306.31,287.05,0.5,0.41
52.83759,-3.99898,2026-07-17T02:58:00Z,2026-07-17,258,N20,VIIRS,n,nominal,2.0NRT,1.58,N,VIIRS_NOAA20_NRT,True,320.57,285.57,0.5,0.41
52.84114,-3.99691,2026-07-17T02:58:00Z,2026-07-17,258,N20,VIIRS,n,nominal,2.0NRT,1.58,N,VIIRS_NOAA20_NRT,True,295.53,284.58,0.5,0.41
52.84967,-3.99925,2026-07-17T02:58:00Z,2026-07-17,258,N20,VIIRS,n,nominal,2.0NRT,1.14,N,VIIRS_NOAA20_NRT,True,308.51,284.29,0.5,0.41
52.85315,-3.99687,2026-07-17T02:58:00Z,2026-07-17,258,N20,VIIRS,n,nominal,2.0NRT,1.68,N,VIIRS_NOAA20_NRT,True,307.38,286.1,0.5,0.41
52.86039,-4.03004,2026-07-17T02:58:00Z,2026-07-17,258,N20,VIIRS,n,nominal,2.0NRT,0.72,N,VIIRS_NOAA20_NRT,True,299.41,284.61,0.5,0.41
51.68349,-5.0303,2026-07-17T03:45:00Z,2026-07-17,345,N21,VIIRS,n,nominal,2.0NRT,1.49,N,VIIRS_NOAA21_NRT,True,303.71,290.61,0.49,0.65
52.84732,-4.00119,2026-07-17T03:45:00Z,2026-07-17,345,N21,VIIRS,n,nominal,2.0NRT,0.94,N,VIIRS_NOAA21_NRT,True,302.53,283.55,0.48,0.65
52.85056,-3.99553,2026-07-17T03:45:00Z,2026-07-17,345,N21,VIIRS,n,nominal,2.0NRT,1.01,N,VIIRS_NOAA21_NRT,True,297.19,283.84,0.48,0.65
52.85231,-4.00051,2026-07-17T03:45:00Z,2026-07-17,345,N21,VIIRS,n,nominal,2.0NRT,1.01,N,VIIRS_NOAA21_NRT,True,300.83,284.31,0.48,0.65
52.83644,-4.00373,2026-07-17T11:51:00Z,2026-07-17,1151,N21,VIIRS,n,nominal,2.0NRT,12.05,D,VIIRS_NOAA21_NRT,True,345.26,301.77,0.37,0.58
52.83809,-3.99848,2026-07-17T11:51:00Z,2026-07-17,1151,N21,VIIRS,h,high,2.0NRT,14.69,D,VIIRS_NOAA21_NRT,True,367.0,299.91,0.37,0.58
52.85039,-3.99774,2026-07-17T11:51:00Z,2026-07-17,1151,N21,VIIRS,h,high,2.0NRT,19.0,D,VIIRS_NOAA21_NRT,True,367.0,297.33,0.37,0.58
52.83197,-4.00122,2026-07-17T12:27:00Z,2026-07-17,1227,N,VIIRS,n,nominal,2.0NRT,6.18,D,VIIRS_SNPP_NRT,True,347.54,300.59,0.41,0.45
52.83614,-4.00263,2026-07-17T12:27:00Z,2026-07-17,1227,N,VIIRS,n,nominal,2.0NRT,8.8,D,VIIRS_SNPP_NRT,True,340.62,304.49,0.41,0.45
52.8376,-3.99658,2026-07-17T12:27:00Z,2026-07-17,1227,N,VIIRS,n,nominal,2.0NRT,14.8,D,VIIRS_SNPP_NRT,True,353.98,303.07,0.41,0.45
52.84978,-3.99159,2026-07-17T12:27:00Z,2026-07-17,1227,N,VIIRS,n,nominal,2.0NRT,12.29,D,VIIRS_SNPP_NRT,True,340.88,297.97,0.41,0.45
52.85189,-3.9934,2026-07-17T12:27:00Z,2026-07-17,1227,N,VIIRS,n,nominal,2.0NRT,10.96,D,VIIRS_SNPP_NRT,True,342.76,297.25,0.41,0.45
53.31318,-4.64624,2026-07-17T12:27:00Z,2026-07-17,1227,N,VIIRS,n,nominal,2.0NRT,10.13,D,VIIRS_SNPP_NRT,True,342.52,294.89,0.42,0.45
52.36889,-2.67538,2026-07-17T12:46:00Z,2026-07-17,1246,N20,VIIRS,n,nominal,2.0NRT,3.19,D,VIIRS_NOAA20_NRT,True,346.05,302.53,0.39,0.37
52.36986,-2.66971,2026-07-17T12:46:00Z,2026-07-17,1246,N20,VIIRS,n,nominal,2.0NRT,2.39,D,VIIRS_NOAA20_NRT,True,349.63,300.82,0.39,0.37
52.70415,-2.58038,2026-07-17T12:46:00Z,2026-07-17,1246,N20,VIIRS,n,nominal,2.0NRT,2.73,D,VIIRS_NOAA20_NRT,True,334.02,301.92,0.39,0.36
52.70512,-2.57473,2026-07-17T12:46:00Z,2026-07-17,1246,N20,VIIRS,n,nominal,2.0NRT,2.73,D,VIIRS_NOAA20_NRT,True,343.11,299.88,0.39,0.36
52.70836,-2.57625,2026-07-17T12:46:00Z,2026-07-17,1246,N20,VIIRS,n,nominal,2.0NRT,2.41,D,VIIRS_NOAA20_NRT,True,333.48,303.39,0.39,0.36
52.72519,-2.55969,2026-07-17T12:46:00Z,2026-07-17,1246,N20,VIIRS,n,nominal,2.0NRT,5.75,D,VIIRS_NOAA20_NRT,True,354.96,303.91,0.39,0.36
52.72844,-2.5612,2026-07-17T12:46:00Z,2026-07-17,1246,N20,VIIRS,n,nominal,2.0NRT,5.75,D,VIIRS_NOAA20_NRT,True,342.65,301.63,0.39,0.36
52.73391,-2.70619,2026-07-17T12:46:00Z,2026-07-17,1246,N20,VIIRS,n,nominal,2.0NRT,8.87,D,VIIRS_NOAA20_NRT,True,354.35,301.96,0.39,0.36
52.73716,-2.7077,2026-07-17T12:46:00Z,2026-07-17,1246,N20,VIIRS,n,nominal,2.0NRT,8.87,D,VIIRS_NOAA20_NRT,True,351.55,303.39,0.39,0.36
52.83385,-4.00372,2026-07-17T12:46:00Z,2026-07-17,1246,N20,VIIRS,n,nominal,2.0NRT,16.68,D,VIIRS_NOAA20_NRT,True,347.68,311.17,0.41,0.37
52.83496,-3.99769,2026-07-17T12:46:00Z,2026-07-17,1246,N20,VIIRS,n,nominal,2.0NRT,8.25,D,VIIRS_NOAA20_NRT,True,344.99,301.63,0.41,0.37
52.83829,-3.99915,2026-07-17T12:46:00Z,2026-07-17,1246,N20,VIIRS,n,nominal,2.0NRT,5.71,D,VIIRS_NOAA20_NRT,True,338.93,305.64,0.41,0.37
52.84922,-3.99837,2026-07-17T12:46:00Z,2026-07-17,1246,N20,VIIRS,n,nominal,2.0NRT,5.23,D,VIIRS_NOAA20_NRT,True,334.16,301.38,0.41,0.37
52.85029,-3.9925,2026-07-17T12:46:00Z,2026-07-17,1246,N20,VIIRS,n,nominal,2.0NRT,4.69,D,VIIRS_NOAA20_NRT,True,331.59,298.62,0.41,0.37
53.26597,-3.68217,2026-07-17T12:46:00Z,2026-07-17,1246,N20,VIIRS,n,nominal,2.0NRT,3.38,D,VIIRS_NOAA20_NRT,True,338.46,299.98,0.4,0.37
53.31318,-4.64872,2026-07-17T12:46:00Z,2026-07-17,1246,N20,VIIRS,n,nominal,2.0NRT,5.16,D,VIIRS_NOAA20_NRT,True,333.04,294.05,0.42,0.37
53.3143,-4.64272,2026-07-17T12:46:00Z,2026-07-17,1246,N20,VIIRS,n,nominal,2.0NRT,5.16,D,VIIRS_NOAA20_NRT,True,332.0,289.24,0.42,0.37
52.83284,-4.00205,2026-07-17T13:31:00Z,2026-07-17,1331,N21,VIIRS,h,high,2.0NRT,18.7,D,VIIRS_NOAA21_NRT,True,367.0,305.23,0.43,0.46
52.83735,-3.99726,2026-07-17T13:31:00Z,2026-07-17,1331,N21,VIIRS,n,nominal,2.0NRT,15.22,D,VIIRS_NOAA21_NRT,True,346.36,303.53,0.43,0.46
52.83744,-3.99788,2026-07-17T13:31:00Z,2026-07-17,1331,N21,VIIRS,n,nominal,2.0NRT,18.7,D,VIIRS_NOAA21_NRT,True,354.02,304.57,0.43,0.46
52.83288,-3.99722,2026-07-17T14:08:00Z,2026-07-17,1408,N,VIIRS,n,nominal,2.0NRT,3.49,D,VIIRS_SNPP_NRT,True,334.13,287.91,0.4,0.6
52.8367,-3.99577,2026-07-17T14:08:00Z,2026-07-17,1408,N,VIIRS,n,nominal,2.0NRT,4.96,D,VIIRS_SNPP_NRT,True,332.39,290.01,0.4,0.6
51.39563,-3.39277,2026-07-18T01:43:00Z,2026-07-18,143,N21,VIIRS,n,nominal,2.0NRT,1.32,N,VIIRS_NOAA21_NRT,True,302.72,285.97,0.46,0.47
51.53749,-3.70141,2026-07-18T01:43:00Z,2026-07-18,143,N21,VIIRS,n,nominal,2.0NRT,0.41,N,VIIRS_NOAA21_NRT,True,297.54,284.99,0.47,0.48
51.68278,-5.02864,2026-07-18T01:43:00Z,2026-07-18,143,N21,VIIRS,n,nominal,2.0NRT,1.4,N,VIIRS_NOAA21_NRT,True,302.13,290.24,0.54,0.51
52.82949,-4.00461,2026-07-18T01:43:00Z,2026-07-18,143,N21,VIIRS,n,nominal,2.0NRT,9.57,N,VIIRS_NOAA21_NRT,True,338.03,291.36,0.5,0.49
52.82999,-4.01241,2026-07-18T01:43:00Z,2026-07-18,143,N21,VIIRS,n,nominal,2.0NRT,10.04,N,VIIRS_NOAA21_NRT,True,330.91,287.42,0.5,0.49
52.8334,-3.99454,2026-07-18T01:43:00Z,2026-07-18,143,N21,VIIRS,n,nominal,2.0NRT,9.57,N,VIIRS_NOAA21_NRT,True,336.91,288.94,0.5,0.49
52.83389,-4.0022,2026-07-18T01:43:00Z,2026-07-18,143,N21,VIIRS,n,nominal,2.0NRT,9.57,N,VIIRS_NOAA21_NRT,True,330.12,289.59,0.5,0.49
52.8348,-3.99505,2026-07-18T01:43:00Z,2026-07-18,143,N21,VIIRS,n,nominal,2.0NRT,7.07,N,VIIRS_NOAA21_NRT,True,333.44,288.54,0.5,0.49
52.83525,-4.00251,2026-07-18T01:43:00Z,2026-07-18,143,N21,VIIRS,n,nominal,2.0NRT,2.24,N,VIIRS_NOAA21_NRT,True,298.54,286.67,0.5,0.49
52.83786,-3.993,2026-07-18T01:43:00Z,2026-07-18,143,N21,VIIRS,n,nominal,2.0NRT,4.86,N,VIIRS_NOAA21_NRT,True,321.73,287.2,0.5,0.49
52.84689,-3.99167,2026-07-18T01:43:00Z,2026-07-18,143,N21,VIIRS,n,nominal,2.0NRT,4.15,N,VIIRS_NOAA21_NRT,True,314.47,284.3,0.5,0.49
52.84833,-3.99255,2026-07-18T01:43:00Z,2026-07-18,143,N21,VIIRS,n,nominal,2.0NRT,2.97,N,VIIRS_NOAA21_NRT,True,320.05,284.98,0.5,0.49
52.85287,-3.99234,2026-07-18T01:43:00Z,2026-07-18,143,N21,VIIRS,n,nominal,2.0NRT,0.68,N,VIIRS_NOAA21_NRT,True,298.11,284.16,0.5,0.49
53.02177,-2.60481,2026-07-18T01:43:00Z,2026-07-18,143,N21,VIIRS,n,nominal,2.0NRT,1.39,N,VIIRS_NOAA21_NRT,True,306.48,282.21,0.44,0.46
51.39808,-3.39815,2026-07-18T02:19:00Z,2026-07-18,219,N,VIIRS,n,nominal,2.0NRT,0.57,N,VIIRS_SNPP_NRT,True,302.43,284.72,0.42,0.37
51.68459,-5.02984,2026-07-18T02:19:00Z,2026-07-18,219,N,VIIRS,n,nominal,2.0NRT,1.53,N,VIIRS_SNPP_NRT,True,306.58,292.15,0.46,0.39
52.82932,-4.00692,2026-07-18T02:19:00Z,2026-07-18,219,N,VIIRS,n,nominal,2.0NRT,4.03,N,VIIRS_SNPP_NRT,True,343.52,288.8,0.44,0.39
52.83011,-4.01355,2026-07-18T02:19:00Z,2026-07-18,219,N,VIIRS,n,nominal,2.0NRT,4.03,N,VIIRS_SNPP_NRT,True,297.24,285.45,0.44,0.39
52.83201,-3.99866,2026-07-18T02:19:00Z,2026-07-18,219,N,VIIRS,n,nominal,2.0NRT,5.12,N,VIIRS_SNPP_NRT,True,345.49,289.97,0.44,0.39
52.8328,-4.0053,2026-07-18T02:19:00Z,2026-07-18,219,N,VIIRS,n,nominal,2.0NRT,5.43,N,VIIRS_SNPP_NRT,True,334.43,290.93,0.44,0.39
52.83548,-3.99706,2026-07-18T02:19:00Z,2026-07-18,219,N,VIIRS,n,nominal,2.0NRT,5.12,N,VIIRS_SNPP_NRT,True,333.62,288.77,0.44,0.39
52.83898,-3.9957,2026-07-18T02:19:00Z,2026-07-18,219,N,VIIRS,n,nominal,2.0NRT,2.0,N,VIIRS_SNPP_NRT,True,313.63,286.46,0.44,0.39
52.84958,-3.99248,2026-07-18T02:19:00Z,2026-07-18,219,N,VIIRS,n,nominal,2.0NRT,1.46,N,VIIRS_SNPP_NRT,True,309.06,283.83,0.44,0.39
52.85394,-3.9983,2026-07-18T02:19:00Z,2026-07-18,219,N,VIIRS,n,nominal,2.0NRT,0.84,N,VIIRS_SNPP_NRT,True,303.23,285.92,0.44,0.39
52.83051,-4.0033,2026-07-18T02:38:00Z,2026-07-18,238,N20,VIIRS,n,nominal,2.0NRT,5.02,N,VIIRS_NOAA20_NRT,True,328.54,289.19,0.39,0.36
52.83149,-4.00894,2026-07-18T02:38:00Z,2026-07-18,238,N20,VIIRS,n,nominal,2.0NRT,5.29,N,VIIRS_NOAA20_NRT,True,336.87,290.3,0.39,0.36
52.83279,-3.99627,2026-07-18T02:38:00Z,2026-07-18,238,N20,VIIRS,n,nominal,2.0NRT,3.46,N,VIIRS_NOAA20_NRT,True,328.33,289.07,0.39,0.36
52.83378,-4.00194,2026-07-18T02:38:00Z,2026-07-18,238,N20,VIIRS,n,nominal,2.0NRT,3.46,N,VIIRS_NOAA20_NRT,True,333.06,290.02,0.39,0.36
52.83605,-3.99486,2026-07-18T02:38:00Z,2026-07-18,238,N20,VIIRS,n,nominal,2.0NRT,3.46,N,VIIRS_NOAA20_NRT,True,329.42,287.52,0.39,0.36
52.83929,-3.99334,2026-07-18T02:38:00Z,2026-07-18,238,N20,VIIRS,n,nominal,2.0NRT,0.56,N,VIIRS_NOAA20_NRT,True,304.07,285.59,0.39,0.36
52.84253,-3.99179,2026-07-18T02:38:00Z,2026-07-18,238,N20,VIIRS,n,nominal,2.0NRT,0.56,N,VIIRS_NOAA20_NRT,True,295.86,283.13,0.39,0.36
52.849,-3.98862,2026-07-18T02:38:00Z,2026-07-18,238,N20,VIIRS,n,nominal,2.0NRT,1.42,N,VIIRS_NOAA20_NRT,True,311.23,283.06,0.39,0.36
52.85321,-3.9927,2026-07-18T02:38:00Z,2026-07-18,238,N20,VIIRS,n,nominal,2.0NRT,0.75,N,VIIRS_NOAA20_NRT,True,307.41,284.74,0.39,0.36
51.39847,-3.39557,2026-07-18T02:41:00Z,2026-07-18,241,N20,VIIRS,n,nominal,2.0NRT,0.62,N,VIIRS_NOAA20_NRT,True,308.02,285.37,0.41,0.37
51.68515,-5.0266,2026-07-18T02:41:00Z,2026-07-18,241,N20,VIIRS,n,nominal,2.0NRT,1.29,N,VIIRS_NOAA20_NRT,True,303.11,291.48,0.39,0.36
52.8271,-4.00645,2026-07-18T03:23:00Z,2026-07-18,323,N21,VIIRS,n,nominal,2.0NRT,1.36,N,VIIRS_NOAA21_NRT,True,301.94,283.26,0.32,0.55
52.82834,-4.01066,2026-07-18T03:23:00Z,2026-07-18,323,N21,VIIRS,n,nominal,2.0NRT,1.36,N,VIIRS_NOAA21_NRT,True,316.73,285.35,0.32,0.55
52.83077,-3.9999,2026-07-18T03:23:00Z,2026-07-18,323,N21,VIIRS,n,nominal,2.0NRT,1.76,N,VIIRS_NOAA21_NRT,True,322.08,285.84,0.32,0.55
52.83208,-4.00432,2026-07-18T03:23:00Z,2026-07-18,323,N21,VIIRS,n,nominal,2.0NRT,3.86,N,VIIRS_NOAA21_NRT,True,325.23,286.6,0.32,0.55
52.83588,-3.99822,2026-07-18T03:23:00Z,2026-07-18,323,N21,VIIRS,n,nominal,2.0NRT,1.76,N,VIIRS_NOAA21_NRT,True,303.93,284.85,0.32,0.55
52.84631,-3.99552,2026-07-18T03:23:00Z,2026-07-18,323,N21,VIIRS,n,nominal,2.0NRT,0.5,N,VIIRS_NOAA21_NRT,True,297.1,283.03,0.32,0.55
51.68426,-5.03031,2026-07-18T03:25:00Z,2026-07-18,325,N21,VIIRS,n,nominal,2.0NRT,1.51,N,VIIRS_NOAA21_NRT,True,304.16,290.42,0.32,0.55
51.68394,-5.0309,2026-07-18T04:00:00Z,2026-07-18,400,N,VIIRS,n,nominal,2.0NRT,0.65,N,VIIRS_SNPP_NRT,True,300.61,287.37,0.55,0.68
52.83453,-4.00556,2026-07-18T04:00:00Z,2026-07-18,400,N,VIIRS,n,nominal,2.0NRT,0.81,N,VIIRS_SNPP_NRT,True,300.48,283.65,0.54,0.68
52.83378,-3.99562,2026-07-18T12:08:00Z,2026-07-18,1208,N,VIIRS,n,nominal,2.0NRT,15.64,D,VIIRS_SNPP_NRT,True,351.27,293.27,0.62,0.54
52.83633,-3.98694,2026-07-18T12:08:00Z,2026-07-18,1208,N,VIIRS,n,nominal,2.0NRT,8.69,D,VIIRS_SNPP_NRT,True,336.69,291.71,0.61,0.54
52.83076,-4.00209,2026-07-18T12:27:00Z,2026-07-18,1227,N20,VIIRS,n,nominal,2.0NRT,23.58,D,VIIRS_NOAA20_NRT,True,355.06,309.77,0.55,0.43
52.83271,-3.99365,2026-07-18T12:27:00Z,2026-07-18,1227,N20,VIIRS,n,nominal,2.0NRT,23.58,D,VIIRS_NOAA20_NRT,True,350.89,302.0,0.55,0.43
52.83652,-3.99541,2026-07-18T12:27:00Z,2026-07-18,1227,N20,VIIRS,n,nominal,2.0NRT,11.12,D,VIIRS_NOAA20_NRT,True,336.97,300.01,0.55,0.43
52.82869,-4.00278,2026-07-18T13:14:00Z,2026-07-18,1314,N21,VIIRS,n,nominal,2.0NRT,24.82,D,VIIRS_NOAA21_NRT,True,352.16,303.53,0.45,0.39
52.82941,-3.99654,2026-07-18T13:14:00Z,2026-07-18,1314,N21,VIIRS,n,nominal,2.0NRT,11.37,D,VIIRS_NOAA21_NRT,True,343.13,295.6,0.45,0.39
52.83143,-4.01056,2026-07-18T13:14:00Z,2026-07-18,1314,N21,VIIRS,l,low,2.0NRT,10.52,D,VIIRS_NOAA21_NRT,True,332.55,307.31,0.45,0.39
52.83216,-4.00426,2026-07-18T13:14:00Z,2026-07-18,1314,N21,VIIRS,n,nominal,2.0NRT,10.52,D,VIIRS_NOAA21_NRT,True,349.26,313.34,0.45,0.39
52.83288,-3.99797,2026-07-18T13:14:00Z,2026-07-18,1314,N21,VIIRS,n,nominal,2.0NRT,17.4,D,VIIRS_NOAA21_NRT,True,354.51,308.23,0.45,0.39
52.8371,-3.99293,2026-07-18T13:14:00Z,2026-07-18,1314,N21,VIIRS,n,nominal,2.0NRT,17.4,D,VIIRS_NOAA21_NRT,True,348.11,300.66,0.45,0.39
52.8406,-3.99413,2026-07-18T13:14:00Z,2026-07-18,1314,N21,VIIRS,n,nominal,2.0NRT,4.71,D,VIIRS_NOAA21_NRT,True,333.45,302.51,0.45,0.39
52.82765,-4.00685,2026-07-18T13:50:00Z,2026-07-18,1350,N,VIIRS,n,nominal,2.0NRT,28.42,D,VIIRS_SNPP_NRT,True,338.55,296.85,0.51,0.49
52.82806,-3.99989,2026-07-18T13:50:00Z,2026-07-18,1350,N,VIIRS,n,nominal,2.0NRT,28.42,D,VIIRS_SNPP_NRT,True,351.29,307.2,0.51,0.49
52.83261,-4.00164,2026-07-18T13:50:00Z,2026-07-18,1350,N,VIIRS,h,high,2.0NRT,28.42,D,VIIRS_SNPP_NRT,True,367.0,302.76,0.51,0.49
52.83302,-3.99447,2026-07-18T13:50:00Z,2026-07-18,1350,N,VIIRS,n,nominal,2.0NRT,24.58,D,VIIRS_SNPP_NRT,True,348.35,298.06,0.51,0.49
52.83757,-3.9964,2026-07-18T13:50:00Z,2026-07-18,1350,N,VIIRS,n,nominal,2.0NRT,3.84,D,VIIRS_SNPP_NRT,True,339.65,301.44,0.51,0.49
52.83807,-3.98784,2026-07-18T13:50:00Z,2026-07-18,1350,N,VIIRS,n,nominal,2.0NRT,3.84,D,VIIRS_SNPP_NRT,True,329.59,286.38,0.51,0.5
52.83073,-4.0042,2026-07-18T14:08:00Z,2026-07-18,1408,N20,VIIRS,n,nominal,2.0NRT,39.24,D,VIIRS_NOAA20_NRT,True,348.28,310.49,0.47,0.64
52.83077,-3.99792,2026-07-18T14:08:00Z,2026-07-18,1408,N20,VIIRS,h,high,2.0NRT,31.16,D,VIIRS_NOAA20_NRT,True,367.0,298.7,0.47,0.64
52.83678,-3.99368,2026-07-18T14:08:00Z,2026-07-18,1408,N20,VIIRS,n,nominal,2.0NRT,7.99,D,VIIRS_NOAA20_NRT,True,344.29,295.8,0.47,0.64
51.68241,-5.02795,2026-07-19T01:26:00Z,2026-07-19,126,N21,VIIRS,n,nominal,2.0NRT,1.32,N,VIIRS_NOAA21_NRT,True,295.23,281.86,0.44,0.62
51.68332,-5.03066,2026-07-19T01:26:00Z,2026-07-19,126,N21,VIIRS,n,nominal,2.0NRT,1.06,N,VIIRS_NOAA21_NRT,True,298.9,283.12,0.44,0.62
52.11594,-2.76913,2026-07-19T01:26:00Z,2026-07-19,126,N21,VIIRS,n,nominal,2.0NRT,3.58,N,VIIRS_NOAA21_NRT,True,343.18,283.58,0.35,0.57
52.11612,-2.77417,2026-07-19T01:26:00Z,2026-07-19,126,N21,VIIRS,n,nominal,2.0NRT,3.58,N,VIIRS_NOAA21_NRT,True,302.62,282.97,0.35,0.57
52.83682,-3.9889,2026-07-19T01:26:00Z,2026-07-19,126,N21,VIIRS,n,nominal,2.0NRT,1.38,N,VIIRS_NOAA21_NRT,True,308.71,264.84,0.4,0.6
52.11323,-2.76799,2026-07-19T02:02:00Z,2026-07-19,202,N,VIIRS,n,nominal,2.0NRT,3.77,N,VIIRS_SNPP_NRT,True,321.49,271.65,0.56,0.43
52.82919,-4.00632,2026-07-19T02:02:00Z,2026-07-19,202,N,VIIRS,n,nominal,2.0NRT,1.93,N,VIIRS_SNPP_NRT,True,298.09,275.63,0.43,0.46
52.83647,-3.98959,2026-07-19T02:02:00Z,2026-07-19,202,N,VIIRS,n,nominal,2.0NRT,3.24,N,VIIRS_SNPP_NRT,True,317.73,278.24,0.43,0.46
51.68425,-5.0306,2026-07-19T02:19:00Z,2026-07-19,219,N20,VIIRS,n,nominal,2.0NRT,0.6,N,VIIRS_NOAA20_NRT,True,296.1,275.92,0.42,0.38
52.11449,-2.77187,2026-07-19T02:19:00Z,2026-07-19,219,N20,VIIRS,n,nominal,2.0NRT,3.81,N,VIIRS_NOAA20_NRT,True,328.79,281.92,0.39,0.36
52.83008,-4.00356,2026-07-19T02:19:00Z,2026-07-19,219,N20,VIIRS,n,nominal,2.0NRT,0.71,N,VIIRS_NOAA20_NRT,True,301.16,276.78,0.41,0.37
52.83088,-4.0096,2026-07-19T02:19:00Z,2026-07-19,219,N20,VIIRS,n,nominal,2.0NRT,0.71,N,VIIRS_NOAA20_NRT,True,297.83,275.39,0.41,0.37
52.8334,-4.00202,2026-07-19T02:19:00Z,2026-07-19,219,N20,VIIRS,n,nominal,2.0NRT,0.71,N,VIIRS_NOAA20_NRT,True,297.45,277.75,0.41,0.37
52.83513,-3.98862,2026-07-19T02:19:00Z,2026-07-19,219,N20,VIIRS,n,nominal,2.0NRT,1.37,N,VIIRS_NOAA20_NRT,True,305.48,281.9,0.41,0.37
52.83593,-3.99456,2026-07-19T02:19:00Z,2026-07-19,219,N20,VIIRS,n,nominal,2.0NRT,1.37,N,VIIRS_NOAA20_NRT,True,316.6,281.06,0.41,0.37
52.8385,-3.98744,2026-07-19T02:19:00Z,2026-07-19,219,N20,VIIRS,n,nominal,2.0NRT,1.37,N,VIIRS_NOAA20_NRT,True,298.49,281.28,0.41,0.37
52.11539,-2.76895,2026-07-19T03:06:00Z,2026-07-19,306,N21,VIIRS,n,nominal,2.0NRT,4.64,N,VIIRS_NOAA21_NRT,True,330.43,282.63,0.5,0.49
52.83017,-4.0073,2026-07-19T03:06:00Z,2026-07-19,306,N21,VIIRS,n,nominal,2.0NRT,1.89,N,VIIRS_NOAA21_NRT,True,305.85,285.93,0.43,0.46
52.83287,-3.99984,2026-07-19T03:06:00Z,2026-07-19,306,N21,VIIRS,n,nominal,2.0NRT,2.01,N,VIIRS_NOAA21_NRT,True,297.68,284.9,0.43,0.46
52.83547,-3.99196,2026-07-19T03:06:00Z,2026-07-19,306,N21,VIIRS,n,nominal,2.0NRT,4.47,N,VIIRS_NOAA21_NRT,True,328.89,285.36,0.43,0.46
52.11247,-2.77139,2026-07-19T03:42:00Z,2026-07-19,342,N,VIIRS,n,nominal,2.0NRT,0.94,N,VIIRS_SNPP_NRT,True,305.79,279.85,0.43,0.62
52.11447,-2.77738,2026-07-19T03:42:00Z,2026-07-19,342,N,VIIRS,n,nominal,2.0NRT,1.31,N,VIIRS_SNPP_NRT,True,302.09,280.45,0.43,0.62
52.11754,-2.76686,2026-07-19T03:42:00Z,2026-07-19,342,N,VIIRS,n,nominal,2.0NRT,0.94,N,VIIRS_SNPP_NRT,True,296.07,280.46,0.43,0.62
52.11956,-2.77288,2026-07-19T03:42:00Z,2026-07-19,342,N,VIIRS,n,nominal,2.0NRT,1.31,N,VIIRS_SNPP_NRT,True,295.35,280.96,0.43,0.62
52.82969,-4.00961,2026-07-19T03:42:00Z,2026-07-19,342,N,VIIRS,n,nominal,2.0NRT,1.67,N,VIIRS_SNPP_NRT,True,296.07,281.96,0.36,0.58
52.83277,-4.00846,2026-07-19T03:42:00Z,2026-07-19,342,N,VIIRS,n,nominal,2.0NRT,0.99,N,VIIRS_SNPP_NRT,True,295.16,283.72,0.36,0.58
52.83499,-3.99629,2026-07-19T03:42:00Z,2026-07-19,342,N,VIIRS,n,nominal,2.0NRT,2.26,N,VIIRS_SNPP_NRT,True,311.56,282.61,0.36,0.58
52.83734,-3.99521,2026-07-19T03:42:00Z,2026-07-19,342,N,VIIRS,n,nominal,2.0NRT,1.63,N,VIIRS_SNPP_NRT,True,319.97,282.96,0.36,0.58
52.1148,-2.77034,2026-07-19T04:00:00Z,2026-07-19,400,N20,VIIRS,n,nominal,2.0NRT,2.55,N,VIIRS_NOAA20_NRT,True,318.46,280.62,0.74,0.76
52.11526,-2.77248,2026-07-19T04:00:00Z,2026-07-19,400,N20,VIIRS,n,nominal,2.0NRT,2.83,N,VIIRS_NOAA20_NRT,True,318.59,280.3,0.74,0.76
51.69889,-3.94297,2026-07-19T12:53:00Z,2026-07-19,1253,N21,VIIRS,n,nominal,2.0NRT,3.87,D,VIIRS_NOAA21_NRT,True,338.67,300.49,0.39,0.36
52.15181,-4.13642,2026-07-19T12:53:00Z,2026-07-19,1253,N21,VIIRS,n,nominal,2.0NRT,3.79,D,VIIRS_NOAA21_NRT,True,345.27,299.56,0.38,0.36
51.74718,-3.04928,2026-07-20T01:05:00Z,2026-07-20,105,N21,VIIRS,n,nominal,2.0NRT,5.04,N,VIIRS_NOAA21_NRT,True,318.98,273.05,0.58,0.7
51.75269,-3.04589,2026-07-20T01:05:00Z,2026-07-20,105,N21,VIIRS,n,nominal,2.0NRT,5.75,N,VIIRS_NOAA21_NRT,True,333.17,272.07,0.58,0.7
51.75362,-3.04826,2026-07-20T01:05:00Z,2026-07-20,105,N21,VIIRS,n,nominal,2.0NRT,2.68,N,VIIRS_NOAA21_NRT,True,306.28,269.3,0.58,0.7
52.84828,-3.99012,2026-07-20T01:05:00Z,2026-07-20,105,N21,VIIRS,n,nominal,2.0NRT,2.34,N,VIIRS_NOAA21_NRT,True,311.24,281.27,0.64,0.72
52.8513,-3.99398,2026-07-20T01:05:00Z,2026-07-20,105,N21,VIIRS,n,nominal,2.0NRT,4.37,N,VIIRS_NOAA21_NRT,True,312.51,281.97,0.64,0.72
52.85149,-3.98539,2026-07-20T01:05:00Z,2026-07-20,105,N21,VIIRS,n,nominal,2.0NRT,3.16,N,VIIRS_NOAA21_NRT,True,297.55,280.01,0.64,0.72
52.85493,-3.99164,2026-07-20T01:05:00Z,2026-07-20,105,N21,VIIRS,n,nominal,2.0NRT,2.5,N,VIIRS_NOAA21_NRT,True,309.28,281.42,0.64,0.72
51.68248,-5.034,2026-07-20T01:41:00Z,2026-07-20,141,N,VIIRS,n,nominal,2.0NRT,0.81,N,VIIRS_SNPP_NRT,True,296.79,286.32,0.36,0.58
51.74656,-3.04923,2026-07-20T01:41:00Z,2026-07-20,141,N,VIIRS,n,nominal,2.0NRT,11.06,N,VIIRS_SNPP_NRT,True,300.79,281.4,0.6,0.53
51.75146,-3.04797,2026-07-20T01:41:00Z,2026-07-20,141,N,VIIRS,n,nominal,2.0NRT,11.06,N,VIIRS_SNPP_NRT,True,340.29,291.0,0.6,0.53
52.83597,-3.98646,2026-07-20T01:41:00Z,2026-07-20,141,N,VIIRS,n,nominal,2.0NRT,1.37,N,VIIRS_SNPP_NRT,True,330.76,283.74,0.33,0.56
52.83615,-3.99118,2026-07-20T01:41:00Z,2026-07-20,141,N,VIIRS,n,nominal,2.0NRT,1.37,N,VIIRS_SNPP_NRT,True,300.15,282.88,0.33,0.56
52.83633,-3.99589,2026-07-20T01:41:00Z,2026-07-20,141,N,VIIRS,n,nominal,2.0NRT,0.97,N,VIIRS_SNPP_NRT,True,306.05,282.76,0.33,0.56
52.85175,-3.98994,2026-07-20T01:41:00Z,2026-07-20,141,N,VIIRS,n,nominal,2.0NRT,2.99,N,VIIRS_SNPP_NRT,True,340.6,284.54,0.33,0.56
51.48116,-3.13816,2026-07-20T02:02:00Z,2026-07-20,202,N20,VIIRS,n,nominal,2.0NRT,0.68,N,VIIRS_NOAA20_NRT,True,299.99,286.83,0.5,0.41
51.6838,-5.0322,2026-07-20T02:02:00Z,2026-07-20,202,N20,VIIRS,n,nominal,2.0NRT,0.7,N,VIIRS_NOAA20_NRT,True,299.34,288.3,0.4,0.44
51.68391,-5.02673,2026-07-20T02:02:00Z,2026-07-20,202,N20,VIIRS,n,nominal,2.0NRT,1.57,N,VIIRS_NOAA20_NRT,True,302.51,289.81,0.4,0.44
51.748,-3.04252,2026-07-20T02:02:00Z,2026-07-20,202,N20,VIIRS,n,nominal,2.0NRT,12.74,N,VIIRS_NOAA20_NRT,True,324.94,284.6,0.5,0.41
51.74879,-3.05023,2026-07-20T02:02:00Z,2026-07-20,202,N20,VIIRS,n,nominal,2.0NRT,7.92,N,VIIRS_NOAA20_NRT,True,324.06,282.27,0.5,0.41
51.75173,-3.04143,2026-07-20T02:02:00Z,2026-07-20,202,N20,VIIRS,n,nominal,2.0NRT,12.74,N,VIIRS_NOAA20_NRT,True,334.6,294.48,0.5,0.41
51.75251,-3.04898,2026-07-20T02:02:00Z,2026-07-20,202,N20,VIIRS,n,nominal,2.0NRT,7.92,N,VIIRS_NOAA20_NRT,True,327.25,283.31,0.5,0.41
52.83379,-3.98205,2026-07-20T02:02:00Z,2026-07-20,202,N20,VIIRS,n,nominal,2.0NRT,1.42,N,VIIRS_NOAA20_NRT,True,307.46,283.03,0.56,0.43
52.83456,-3.99038,2026-07-20T02:02:00Z,2026-07-20,202,N20,VIIRS,n,nominal,2.0NRT,1.42,N,VIIRS_NOAA20_NRT,True,299.23,283.33,0.56,0.43
52.83848,-3.98931,2026-07-20T02:02:00Z,2026-07-20,202,N20,VIIRS,n,nominal,2.0NRT,1.59,N,VIIRS_NOAA20_NRT,True,305.33,283.66,0.56,0.43
52.8392,-3.99716,2026-07-20T02:02:00Z,2026-07-20,202,N20,VIIRS,n,nominal,2.0NRT,0.53,N,VIIRS_NOAA20_NRT,True,298.58,281.71,0.56,0.43
52.85032,-3.98666,2026-07-20T02:02:00Z,2026-07-20,202,N20,VIIRS,n,nominal,2.0NRT,2.07,N,VIIRS_NOAA20_NRT,True,318.22,281.78,0.56,0.43
52.85426,-3.98578,2026-07-20T02:02:00Z,2026-07-20,202,N20,VIIRS,n,nominal,2.0NRT,1.95,N,VIIRS_NOAA20_NRT,True,309.87,281.7,0.56,0.43
52.85504,-3.9942,2026-07-20T02:02:00Z,2026-07-20,202,N20,VIIRS,n,nominal,2.0NRT,0.93,N,VIIRS_NOAA20_NRT,True,298.49,282.92,0.56,0.43
52.84921,-3.99233,2026-07-20T02:45:00Z,2026-07-20,245,N21,VIIRS,n,nominal,2.0NRT,2.21,N,VIIRS_NOAA21_NRT,True,318.68,279.86,0.45,0.39
52.85257,-3.99029,2026-07-20T02:45:00Z,2026-07-20,245,N21,VIIRS,n,nominal,2.0NRT,2.21,N,VIIRS_NOAA21_NRT,True,314.38,282.73,0.45,0.39
51.68494,-5.03099,2026-07-20T02:47:00Z,2026-07-20,247,N21,VIIRS,n,nominal,2.0NRT,1.24,N,VIIRS_NOAA21_NRT,True,301.26,289.41,0.44,0.38
51.7492,-3.04469,2026-07-20T02:47:00Z,2026-07-20,247,N21,VIIRS,n,nominal,2.0NRT,18.55,N,VIIRS_NOAA21_NRT,True,345.43,297.12,0.5,0.41
51.75097,-3.04459,2026-07-20T02:47:00Z,2026-07-20,247,N21,VIIRS,n,nominal,2.0NRT,19.96,N,VIIRS_NOAA21_NRT,True,354.88,292.49,0.5,0.41
51.75276,-3.04278,2026-07-20T02:47:00Z,2026-07-20,247,N21,VIIRS,n,nominal,2.0NRT,18.55,N,VIIRS_NOAA21_NRT,True,306.19,282.43,0.5,0.41
51.68497,-5.03263,2026-07-20T03:21:00Z,2026-07-20,321,N,VIIRS,n,nominal,2.0NRT,1.59,N,VIIRS_SNPP_NRT,True,298.26,287.67,0.48,0.48
51.74889,-3.04845,2026-07-20T03:21:00Z,2026-07-20,321,N,VIIRS,n,nominal,2.0NRT,7.4,N,VIIRS_SNPP_NRT,True,337.11,283.42,0.57,0.52
51.75136,-3.03829,2026-07-20T03:21:00Z,2026-07-20,321,N,VIIRS,n,nominal,2.0NRT,2.85,N,VIIRS_SNPP_NRT,True,303.86,281.29,0.57,0.52
51.75186,-3.04057,2026-07-20T03:21:00Z,2026-07-20,321,N,VIIRS,n,nominal,2.0NRT,2.86,N,VIIRS_SNPP_NRT,True,322.4,283.05,0.57,0.52
51.75345,-3.04575,2026-07-20T03:21:00Z,2026-07-20,321,N,VIIRS,n,nominal,2.0NRT,2.85,N,VIIRS_SNPP_NRT,True,322.95,284.44,0.57,0.52
51.75396,-3.04794,2026-07-20T03:21:00Z,2026-07-20,321,N,VIIRS,n,nominal,2.0NRT,3.07,N,VIIRS_SNPP_NRT,True,313.29,281.89,0.57,0.52
52.83518,-3.98698,2026-07-20T03:21:00Z,2026-07-20,321,N,VIIRS,n,nominal,2.0NRT,2.34,N,VIIRS_SNPP_NRT,True,303.87,281.64,0.49,0.48
52.8389,-3.99122,2026-07-20T03:21:00Z,2026-07-20,321,N,VIIRS,n,nominal,2.0NRT,1.39,N,VIIRS_SNPP_NRT,True,295.16,281.28,0.49,0.48
52.8489,-3.99178,2026-07-20T03:21:00Z,2026-07-20,321,N,VIIRS,n,nominal,2.0NRT,0.58,N,VIIRS_SNPP_NRT,True,302.02,279.19,0.49,0.48
52.85117,-3.99135,2026-07-20T03:21:00Z,2026-07-20,321,N,VIIRS,n,nominal,2.0NRT,1.26,N,VIIRS_SNPP_NRT,True,313.12,279.95,0.49,0.48
52.85522,-3.98803,2026-07-20T03:21:00Z,2026-07-20,321,N,VIIRS,n,nominal,2.0NRT,1.26,N,VIIRS_SNPP_NRT,True,296.75,279.44,0.49,0.48
51.75266,-3.04397,2026-07-20T03:42:00Z,2026-07-20,342,N20,VIIRS,n,nominal,2.0NRT,5.11,N,VIIRS_NOAA20_NRT,True,335.46,284.13,0.5,0.66
52.83875,-3.98999,2026-07-20T03:42:00Z,2026-07-20,342,N20,VIIRS,n,nominal,2.0NRT,0.87,N,VIIRS_NOAA20_NRT,True,298.34,279.9,0.42,0.61
52.85218,-3.99141,2026-07-20T03:42:00Z,2026-07-20,342,N20,VIIRS,n,nominal,2.0NRT,1.17,N,VIIRS_NOAA20_NRT,True,299.16,279.21,0.42,0.61
52.8553,-3.98631,2026-07-20T03:42:00Z,2026-07-20,342,N20,VIIRS,n,nominal,2.0NRT,0.73,N,VIIRS_NOAA20_NRT,True,295.36,278.58,0.42,0.61
52.85118,-3.98373,2026-07-20T11:32:00Z,2026-07-20,1132,N,VIIRS,n,nominal,2.0NRT,31.8,D,VIIRS_SNPP_NRT,True,355.9,292.54,0.66,0.73
52.85196,-3.98418,2026-07-20T11:32:00Z,2026-07-20,1132,N,VIIRS,n,nominal,2.0NRT,26.94,D,VIIRS_SNPP_NRT,True,355.12,294.62,0.66,0.73
52.85403,-3.97664,2026-07-20T11:32:00Z,2026-07-20,1132,N,VIIRS,n,nominal,2.0NRT,28.88,D,VIIRS_SNPP_NRT,True,355.64,286.21,0.66,0.73
52.85487,-3.97704,2026-07-20T11:32:00Z,2026-07-20,1132,N,VIIRS,n,nominal,2.0NRT,26.94,D,VIIRS_SNPP_NRT,True,342.38,285.38,0.66,0.73
52.85707,-3.98973,2026-07-20T11:32:00Z,2026-07-20,1132,N,VIIRS,n,nominal,2.0NRT,7.0,D,VIIRS_SNPP_NRT,True,330.32,287.83,0.66,0.73
51.75137,-3.04035,2026-07-20T11:49:00Z,2026-07-20,1149,N20,VIIRS,h,high,2.0NRT,11.85,D,VIIRS_NOAA20_NRT,True,367.0,295.96,0.42,0.61
52.84876,-3.98933,2026-07-20T11:49:00Z,2026-07-20,1149,N20,VIIRS,n,nominal,2.0NRT,14.92,D,VIIRS_NOAA20_NRT,True,338.86,295.31,0.41,0.61
52.85029,-3.98468,2026-07-20T11:49:00Z,2026-07-20,1149,N20,VIIRS,h,high,2.0NRT,14.92,D,VIIRS_NOAA20_NRT,True,367.0,298.0,0.41,0.61
52.85181,-3.98005,2026-07-20T11:49:00Z,2026-07-20,1149,N20,VIIRS,h,high,2.0NRT,27.7,D,VIIRS_NOAA20_NRT,True,367.0,293.63,0.41,0.61
52.85532,-3.98886,2026-07-20T11:49:00Z,2026-07-20,1149,N20,VIIRS,n,nominal,2.0NRT,7.41,D,VIIRS_NOAA20_NRT,True,344.48,293.21,0.41,0.61
52.85703,-3.98366,2026-07-20T11:49:00Z,2026-07-20,1149,N20,VIIRS,n,nominal,2.0NRT,8.39,D,VIIRS_NOAA20_NRT,True,352.98,291.23,0.41,0.61
51.74865,-3.0466,2026-07-20T12:36:00Z,2026-07-20,1236,N21,VIIRS,n,nominal,2.0NRT,58.0,D,VIIRS_NOAA21_NRT,True,341.59,300.79,0.44,0.38
51.74989,-3.04028,2026-07-20T12:36:00Z,2026-07-20,1236,N21,VIIRS,n,nominal,2.0NRT,22.94,D,VIIRS_NOAA21_NRT,True,341.93,298.94,0.44,0.38
51.75327,-3.04202,2026-07-20T12:36:00Z,2026-07-20,1236,N21,VIIRS,n,nominal,2.0NRT,22.94,D,VIIRS_NOAA21_NRT,True,343.35,306.04,0.44,0.38
52.83489,-3.98626,2026-07-20T12:36:00Z,2026-07-20,1236,N21,VIIRS,n,nominal,2.0NRT,8.59,D,VIIRS_NOAA21_NRT,True,333.26,299.64,0.45,0.39
52.83611,-3.98013,2026-07-20T12:36:00Z,2026-07-20,1236,N21,VIIRS,n,nominal,2.0NRT,8.59,D,VIIRS_NOAA21_NRT,True,329.71,295.5,0.45,0.39
52.84853,-3.99345,2026-07-20T12:36:00Z,2026-07-20,1236,N21,VIIRS,n,nominal,2.0NRT,24.37,D,VIIRS_NOAA21_NRT,True,332.15,301.31,0.45,0.39
52.84975,-3.98731,2026-07-20T12:36:00Z,2026-07-20,1236,N21,VIIRS,n,nominal,2.0NRT,24.37,D,VIIRS_NOAA21_NRT,True,344.69,310.2,0.45,0.39
52.85096,-3.98123,2026-07-20T12:36:00Z,2026-07-20,1236,N21,VIIRS,n,nominal,2.0NRT,39.22,D,VIIRS_NOAA21_NRT,True,338.64,301.23,0.45,0.39
52.85315,-3.98915,2026-07-20T12:36:00Z,2026-07-20,1236,N21,VIIRS,n,nominal,2.0NRT,5.28,D,VIIRS_NOAA21_NRT,True,340.25,301.37,0.45,0.39
52.85654,-3.9911,2026-07-20T12:36:00Z,2026-07-20,1236,N21,VIIRS,n,nominal,2.0NRT,5.28,D,VIIRS_NOAA21_NRT,True,332.19,295.3,0.45,0.39
52.83519,-3.98677,2026-07-20T13:12:00Z,2026-07-20,1312,N,VIIRS,n,nominal,2.0NRT,7.38,D,VIIRS_SNPP_NRT,True,335.89,301.06,0.39,0.36
52.83601,-3.98091,2026-07-20T13:12:00Z,2026-07-20,1312,N,VIIRS,n,nominal,2.0NRT,7.38,D,VIIRS_SNPP_NRT,True,342.76,297.87,0.39,0.36
52.84842,-3.99187,2026-07-20T13:12:00Z,2026-07-20,1312,N,VIIRS,n,nominal,2.0NRT,26.93,D,VIIRS_SNPP_NRT,True,335.92,302.84,0.39,0.36
52.84925,-3.98598,2026-07-20T13:12:00Z,2026-07-20,1312,N,VIIRS,n,nominal,2.0NRT,26.93,D,VIIRS_SNPP_NRT,True,340.22,314.29,0.39,0.36
52.85009,-3.98008,2026-07-20T13:12:00Z,2026-07-20,1312,N,VIIRS,n,nominal,2.0NRT,23.82,D,VIIRS_SNPP_NRT,True,346.74,297.76,0.39,0.36
52.85256,-3.98726,2026-07-20T13:12:00Z,2026-07-20,1312,N,VIIRS,n,nominal,2.0NRT,9.68,D,VIIRS_SNPP_NRT,True,347.38,304.74,0.39,0.36
52.85339,-3.98138,2026-07-20T13:12:00Z,2026-07-20,1312,N,VIIRS,l,low,2.0NRT,63.49,D,VIIRS_SNPP_NRT,True,367.0,329.79,0.39,0.36
52.85587,-3.98851,2026-07-20T13:12:00Z,2026-07-20,1312,N,VIIRS,n,nominal,2.0NRT,9.68,D,VIIRS_SNPP_NRT,True,349.86,299.25,0.39,0.36
52.85669,-3.98269,2026-07-20T13:12:00Z,2026-07-20,1312,N,VIIRS,n,nominal,2.0NRT,63.49,D,VIIRS_SNPP_NRT,True,353.14,306.19,0.39,0.36
51.74933,-3.03952,2026-07-20T13:29:00Z,2026-07-20,1329,N20,VIIRS,n,nominal,2.0NRT,4.99,D,VIIRS_NOAA20_NRT,True,340.1,297.51,0.4,0.45
51.75297,-3.04608,2026-07-20T13:29:00Z,2026-07-20,1329,N20,VIIRS,n,nominal,2.0NRT,5.67,D,VIIRS_NOAA20_NRT,True,348.06,297.37,0.4,0.45
52.04125,-2.79378,2026-07-20T13:29:00Z,2026-07-20,1329,N20,VIIRS,n,nominal,2.0NRT,4.89,D,VIIRS_NOAA20_NRT,True,337.99,301.31,0.42,0.45
52.83362,-3.98626,2026-07-20T13:29:00Z,2026-07-20,1329,N20,VIIRS,n,nominal,2.0NRT,6.96,D,VIIRS_NOAA20_NRT,True,346.91,297.19,0.38,0.43
52.83411,-3.98036,2026-07-20T13:29:00Z,2026-07-20,1329,N20,VIIRS,n,nominal,2.0NRT,3.94,D,VIIRS_NOAA20_NRT,True,333.2,291.01,0.38,0.43
52.83762,-3.98706,2026-07-20T13:29:00Z,2026-07-20,1329,N20,VIIRS,n,nominal,2.0NRT,6.96,D,VIIRS_NOAA20_NRT,True,333.52,294.97,0.38,0.43
52.83815,-3.98082,2026-07-20T13:29:00Z,2026-07-20,1329,N20,VIIRS,n,nominal,2.0NRT,3.94,D,VIIRS_NOAA20_NRT,True,338.46,291.65,0.38,0.43
52.84559,-3.98901,2026-07-20T13:29:00Z,2026-07-20,1329,N20,VIIRS,n,nominal,2.0NRT,11.58,D,VIIRS_NOAA20_NRT,True,355.98,296.38,0.38,0.43
52.84959,-3.98988,2026-07-20T13:29:00Z,2026-07-20,1329,N20,VIIRS,n,nominal,2.0NRT,16.74,D,VIIRS_NOAA20_NRT,True,347.21,306.75,0.38,0.43
52.85012,-3.98365,2026-07-20T13:29:00Z,2026-07-20,1329,N20,VIIRS,n,nominal,2.0NRT,37.37,D,VIIRS_NOAA20_NRT,True,349.21,310.16,0.38,0.43
52.8536,-3.99059,2026-07-20T13:29:00Z,2026-07-20,1329,N20,VIIRS,n,nominal,2.0NRT,16.74,D,VIIRS_NOAA20_NRT,True,343.21,299.49,0.38,0.43
52.8541,-3.98468,2026-07-20T13:29:00Z,2026-07-20,1329,N20,VIIRS,n,nominal,2.0NRT,37.37,D,VIIRS_NOAA20_NRT,True,343.16,312.29,0.38,0.43
52.85463,-3.9785,2026-07-20T13:29:00Z,2026-07-20,1329,N20,VIIRS,n,nominal,2.0NRT,37.37,D,VIIRS_NOAA20_NRT,True,340.05,295.72,0.38,0.43
53.34246,-2.89521,2026-07-20T13:29:00Z,2026-07-20,1329,N20,VIIRS,n,nominal,2.0NRT,1.01,D,VIIRS_NOAA20_NRT,True,336.85,295.47,0.43,0.46
51.74957,-3.04144,2026-07-20T14:16:00Z,2026-07-20,1416,N21,VIIRS,h,high,2.0NRT,19.19,D,VIIRS_NOAA21_NRT,True,367.0,296.44,0.7,0.75
51.74977,-3.04996,2026-07-20T14:16:00Z,2026-07-20,1416,N21,VIIRS,n,nominal,2.0NRT,19.19,D,VIIRS_NOAA21_NRT,True,343.36,293.47,0.7,0.75
52.83596,-3.98454,2026-07-20T14:16:00Z,2026-07-20,1416,N21,VIIRS,n,nominal,2.0NRT,8.98,D,VIIRS_NOAA21_NRT,True,327.59,289.17,0.64,0.72
52.84595,-3.98772,2026-07-20T14:16:00Z,2026-07-20,1416,N21,VIIRS,n,nominal,2.0NRT,18.38,D,VIIRS_NOAA21_NRT,True,342.54,288.65,0.64,0.72
52.84927,-3.98245,2026-07-20T14:16:00Z,2026-07-20,1416,N21,VIIRS,h,high,2.0NRT,16.38,D,VIIRS_NOAA21_NRT,True,367.0,290.23,0.64,0.72
52.84949,-3.99456,2026-07-20T14:16:00Z,2026-07-20,1416,N21,VIIRS,n,nominal,2.0NRT,16.38,D,VIIRS_NOAA21_NRT,True,343.87,292.9,0.64,0.72
52.85233,-3.97387,2026-07-20T14:16:00Z,2026-07-20,1416,N21,VIIRS,n,nominal,2.0NRT,15.27,D,VIIRS_NOAA21_NRT,True,325.88,286.12,0.64,0.72
52.85261,-3.98684,2026-07-20T14:16:00Z,2026-07-20,1416,N21,VIIRS,h,high,2.0NRT,26.3,D,VIIRS_NOAA21_NRT,True,367.0,297.06,0.64,0.72
52.85595,-3.98253,2026-07-20T14:16:00Z,2026-07-20,1416,N21,VIIRS,h,high,2.0NRT,42.6,D,VIIRS_NOAA21_NRT,True,367.0,294.86,0.64,0.72
52.85904,-3.97515,2026-07-20T14:16:00Z,2026-07-20,1416,N21,VIIRS,n,nominal,2.0NRT,15.27,D,VIIRS_NOAA21_NRT,True,325.37,286.82,0.64,0.72
52.85928,-3.98635,2026-07-20T14:16:00Z,2026-07-20,1416,N21,VIIRS,n,nominal,2.0NRT,26.3,D,VIIRS_NOAA21_NRT,True,325.84,289.08,0.64,0.72
52.83587,-3.98441,2026-07-21T01:22:00Z,2026-07-21,122,N,VIIRS,n,nominal,2.0NRT,2.21,N,VIIRS_SNPP_NRT,True,295.88,283.38,0.53,0.67
52.83588,-3.97763,2026-07-21T01:22:00Z,2026-07-21,122,N,VIIRS,n,nominal,2.0NRT,2.18,N,VIIRS_SNPP_NRT,True,317.87,281.97,0.53,0.67
52.84216,-3.99131,2026-07-21T01:22:00Z,2026-07-21,122,N,VIIRS,n,nominal,2.0NRT,3.63,N,VIIRS_SNPP_NRT,True,299.3,281.99,0.53,0.67
52.84217,-3.98492,2026-07-21T01:22:00Z,2026-07-21,122,N,VIIRS,n,nominal,2.0NRT,3.63,N,VIIRS_SNPP_NRT,True,337.47,283.32,0.53,0.67
52.84219,-3.97844,2026-07-21T01:22:00Z,2026-07-21,122,N,VIIRS,h,high,2.0NRT,11.39,N,VIIRS_SNPP_NRT,True,367.0,284.61,0.53,0.67
52.84848,-3.99171,2026-07-21T01:22:00Z,2026-07-21,122,N,VIIRS,n,nominal,2.0NRT,3.63,N,VIIRS_SNPP_NRT,True,304.39,282.0,0.53,0.67
52.84848,-3.98503,2026-07-21T01:22:00Z,2026-07-21,122,N,VIIRS,n,nominal,2.0NRT,3.63,N,VIIRS_SNPP_NRT,True,302.43,281.7,0.53,0.67
52.85479,-3.98502,2026-07-21T01:22:00Z,2026-07-21,122,N,VIIRS,n,nominal,2.0NRT,2.69,N,VIIRS_SNPP_NRT,True,299.42,281.89,0.53,0.67
52.85479,-3.9782,2026-07-21T01:22:00Z,2026-07-21,122,N,VIIRS,n,nominal,2.0NRT,3.03,N,VIIRS_SNPP_NRT,True,333.1,281.67,0.53,0.67
52.85689,-3.98994,2026-07-21T01:22:00Z,2026-07-21,122,N,VIIRS,n,nominal,2.0NRT,4.67,N,VIIRS_SNPP_NRT,True,326.17,283.43,0.53,0.67
52.85693,-3.98207,2026-07-21T01:22:00Z,2026-07-21,122,N,VIIRS,n,nominal,2.0NRT,4.67,N,VIIRS_SNPP_NRT,True,334.49,282.73,0.53,0.67
52.85696,-3.97526,2026-07-21T01:22:00Z,2026-07-21,122,N,VIIRS,n,nominal,2.0NRT,3.43,N,VIIRS_SNPP_NRT,True,310.78,281.37,0.53,0.67
52.86109,-3.99465,2026-07-21T01:22:00Z,2026-07-21,122,N,VIIRS,n,nominal,2.0NRT,2.69,N,VIIRS_SNPP_NRT,True,301.09,283.1,0.53,0.67
52.8611,-3.98478,2026-07-21T01:22:00Z,2026-07-21,122,N,VIIRS,n,nominal,2.0NRT,2.69,N,VIIRS_SNPP_NRT,True,310.03,282.61,0.53,0.67
52.8611,-3.97726,2026-07-21T01:22:00Z,2026-07-21,122,N,VIIRS,n,nominal,2.0NRT,3.03,N,VIIRS_SNPP_NRT,True,315.09,281.39,0.53,0.67
51.68441,-5.02924,2026-07-21T01:24:00Z,2026-07-21,124,N,VIIRS,n,nominal,2.0NRT,0.64,N,VIIRS_SNPP_NRT,True,296.61,285.99,0.58,0.7
51.74413,-3.04536,2026-07-21T01:24:00Z,2026-07-21,124,N,VIIRS,n,nominal,2.0NRT,5.83,N,VIIRS_SNPP_NRT,True,342.77,284.62,0.48,0.65
51.74423,-3.05445,2026-07-21T01:24:00Z,2026-07-21,124,N,VIIRS,n,nominal,2.0NRT,5.83,N,VIIRS_SNPP_NRT,True,332.15,284.2,0.48,0.65
51.7449,-3.04277,2026-07-21T01:24:00Z,2026-07-21,124,N,VIIRS,n,nominal,2.0NRT,7.95,N,VIIRS_SNPP_NRT,True,316.38,283.38,0.48,0.65
51.74496,-3.0518,2026-07-21T01:24:00Z,2026-07-21,124,N,VIIRS,h,high,2.0NRT,9.58,N,VIIRS_SNPP_NRT,True,367.0,287.7,0.48,0.65
51.75009,-3.03657,2026-07-21T01:24:00Z,2026-07-21,124,N,VIIRS,n,nominal,2.0NRT,4.74,N,VIIRS_SNPP_NRT,True,316.85,283.91,0.48,0.64
51.75018,-3.04428,2026-07-21T01:24:00Z,2026-07-21,124,N,VIIRS,h,high,2.0NRT,7.79,N,VIIRS_SNPP_NRT,True,367.0,292.99,0.48,0.65
51.75027,-3.05304,2026-07-21T01:24:00Z,2026-07-21,124,N,VIIRS,n,nominal,2.0NRT,7.79,N,VIIRS_SNPP_NRT,True,325.23,285.27,0.48,0.65
51.75095,-3.04204,2026-07-21T01:24:00Z,2026-07-21,124,N,VIIRS,n,nominal,2.0NRT,7.95,N,VIIRS_SNPP_NRT,True,348.77,290.43,0.48,0.65
51.75101,-3.05047,2026-07-21T01:24:00Z,2026-07-21,124,N,VIIRS,n,nominal,2.0NRT,9.58,N,VIIRS_SNPP_NRT,True,348.02,290.24,0.48,0.65
51.75107,-3.05873,2026-07-21T01:24:00Z,2026-07-21,124,N,VIIRS,n,nominal,2.0NRT,9.58,N,VIIRS_SNPP_NRT,True,306.74,283.34,0.48,0.65
51.75623,-3.04419,2026-07-21T01:24:00Z,2026-07-21,124,N,VIIRS,n,nominal,2.0NRT,7.79,N,VIIRS_SNPP_NRT,True,307.74,284.31,0.48,0.65
51.75632,-3.0519,2026-07-21T01:24:00Z,2026-07-21,124,N,VIIRS,h,high,2.0NRT,7.79,N,VIIRS_SNPP_NRT,True,367.0,290.41,0.48,0.65
51.75706,-3.04954,2026-07-21T01:24:00Z,2026-07-21,124,N,VIIRS,n,nominal,2.0NRT,6.52,N,VIIRS_SNPP_NRT,True,343.7,287.54,0.48,0.65
51.75713,-3.05789,2026-07-21T01:24:00Z,2026-07-21,124,N,VIIRS,n,nominal,2.0NRT,6.52,N,VIIRS_SNPP_NRT,True,336.26,283.88,0.48,0.65
51.68518,-5.0284,2026-07-21T01:41:00Z,2026-07-21,141,N20,VIIRS,n,nominal,2.0NRT,1.47,N,VIIRS_NOAA20_NRT,True,300.1,288.54,0.63,0.54
51.74473,-3.04192,2026-07-21T01:41:00Z,2026-07-21,141,N20,VIIRS,n,nominal,2.0NRT,9.35,N,VIIRS_NOAA20_NRT,True,331.77,286.94,0.52,0.5
51.74525,-3.05038,2026-07-21T01:41:00Z,2026-07-21,141,N20,VIIRS,n,nominal,2.0NRT,9.35,N,VIIRS_NOAA20_NRT,True,337.35,287.3,0.52,0.5
51.74881,-3.0331,2026-07-21T01:41:00Z,2026-07-21,141,N20,VIIRS,n,nominal,2.0NRT,3.4,N,VIIRS_NOAA20_NRT,True,300.22,283.95,0.52,0.5
51.74929,-3.04087,2026-07-21T01:41:00Z,2026-07-21,141,N20,VIIRS,h,high,2.0NRT,11.24,N,VIIRS_NOAA20_NRT,True,367.0,299.32,0.52,0.5
51.7498,-3.04911,2026-07-21T01:41:00Z,2026-07-21,141,N20,VIIRS,n,nominal,2.0NRT,11.24,N,VIIRS_NOAA20_NRT,True,337.88,286.69,0.52,0.5
51.75388,-3.04017,2026-07-21T01:41:00Z,2026-07-21,141,N20,VIIRS,n,nominal,2.0NRT,11.24,N,VIIRS_NOAA20_NRT,True,320.1,287.95,0.52,0.5
51.75436,-3.0479,2026-07-21T01:41:00Z,2026-07-21,141,N20,VIIRS,n,nominal,2.0NRT,11.24,N,VIIRS_NOAA20_NRT,True,355.32,299.77,0.52,0.5
51.75487,-3.05618,2026-07-21T01:41:00Z,2026-07-21,141,N20,VIIRS,n,nominal,2.0NRT,5.74,N,VIIRS_NOAA20_NRT,True,305.57,283.69,0.52,0.5
52.83949,-3.97536,2026-07-21T01:41:00Z,2026-07-21,141,N20,VIIRS,n,nominal,2.0NRT,7.06,N,VIIRS_NOAA20_NRT,True,334.3,282.54,0.58,0.52
52.83987,-3.98302,2026-07-21T01:41:00Z,2026-07-21,141,N20,VIIRS,n,nominal,2.0NRT,7.1,N,VIIRS_NOAA20_NRT,True,329.67,284.58,0.58,0.52
52.84433,-3.97493,2026-07-21T01:41:00Z,2026-07-21,141,N20,VIIRS,n,nominal,2.0NRT,7.06,N,VIIRS_NOAA20_NRT,True,337.11,284.98,0.58,0.52
52.84471,-3.98253,2026-07-21T01:41:00Z,2026-07-21,141,N20,VIIRS,n,nominal,2.0NRT,7.1,N,VIIRS_NOAA20_NRT,True,332.37,282.97,0.58,0.52
52.84508,-3.98995,2026-07-21T01:41:00Z,2026-07-21,141,N20,VIIRS,n,nominal,2.0NRT,7.1,N,VIIRS_NOAA20_NRT,True,333.59,283.48,0.58,0.52
52.85879,-3.9725,2026-07-21T01:41:00Z,2026-07-21,141,N20,VIIRS,n,nominal,2.0NRT,3.41,N,VIIRS_NOAA20_NRT,True,299.78,281.3,0.58,0.52
52.85918,-3.98016,2026-07-21T01:41:00Z,2026-07-21,141,N20,VIIRS,n,nominal,2.0NRT,6.82,N,VIIRS_NOAA20_NRT,True,341.29,283.92,0.58,0.52
52.85961,-3.98876,2026-07-21T01:41:00Z,2026-07-21,141,N20,VIIRS,n,nominal,2.0NRT,6.82,N,VIIRS_NOAA20_NRT,True,331.91,285.0,0.58,0.52
51.39735,-3.39651,2026-07-21T02:28:00Z,2026-07-21,228,N21,VIIRS,n,nominal,2.0NRT,0.65,N,VIIRS_NOAA21_NRT,True,307.07,284.73,0.39,0.36
51.45698,-3.21716,2026-07-21T02:28:00Z,2026-07-21,228,N21,VIIRS,n,nominal,2.0NRT,0.3,N,VIIRS_NOAA21_NRT,True,296.4,286.29,0.39,0.36
51.7434,-3.04606,2026-07-21T02:28:00Z,2026-07-21,228,N21,VIIRS,n,nominal,2.0NRT,9.44,N,VIIRS_NOAA21_NRT,True,345.08,291.9,0.39,0.36
51.74434,-3.05149,2026-07-21T02:28:00Z,2026-07-21,228,N21,VIIRS,n,nominal,2.0NRT,2.4,N,VIIRS_NOAA21_NRT,True,300.51,284.81,0.39,0.36
51.74571,-3.03922,2026-07-21T02:28:00Z,2026-07-21,228,N21,VIIRS,n,nominal,2.0NRT,11.05,N,VIIRS_NOAA21_NRT,True,304.33,284.95,0.39,0.36
51.74665,-3.04467,2026-07-21T02:28:00Z,2026-07-21,228,N21,VIIRS,n,nominal,2.0NRT,11.05,N,VIIRS_NOAA21_NRT,True,352.66,308.6,0.39,0.36
51.74758,-3.0501,2026-07-21T02:28:00Z,2026-07-21,228,N21,VIIRS,n,nominal,2.0NRT,5.33,N,VIIRS_NOAA21_NRT,True,314.79,285.43,0.39,0.36
51.74895,-3.0378,2026-07-21T02:28:00Z,2026-07-21,228,N21,VIIRS,n,nominal,2.0NRT,11.05,N,VIIRS_NOAA21_NRT,True,349.08,297.45,0.39,0.36
51.74989,-3.04327,2026-07-21T02:28:00Z,2026-07-21,228,N21,VIIRS,n,nominal,2.0NRT,11.05,N,VIIRS_NOAA21_NRT,True,350.58,300.98,0.39,0.36
51.75083,-3.04871,2026-07-21T02:28:00Z,2026-07-21,228,N21,VIIRS,n,nominal,2.0NRT,5.33,N,VIIRS_NOAA21_NRT,True,339.0,295.8,0.39,0.36
51.75219,-3.03635,2026-07-21T02:28:00Z,2026-07-21,228,N21,VIIRS,n,nominal,2.0NRT,2.11,N,VIIRS_NOAA21_NRT,True,298.24,283.53,0.39,0.36
51.75313,-3.04184,2026-07-21T02:28:00Z,2026-07-21,228,N21,VIIRS,n,nominal,2.0NRT,2.11,N,VIIRS_NOAA21_NRT,True,328.57,289.08,0.39,0.36
51.75407,-3.04732,2026-07-21T02:28:00Z,2026-07-21,228,N21,VIIRS,n,nominal,2.0NRT,9.93,N,VIIRS_NOAA21_NRT,True,354.41,302.71,0.39,0.36
51.75501,-3.05277,2026-07-21T02:28:00Z,2026-07-21,228,N21,VIIRS,n,nominal,2.0NRT,9.93,N,VIIRS_NOAA21_NRT,True,327.63,289.95,0.39,0.36
52.83556,-3.97644,2026-07-21T02:28:00Z,2026-07-21,228,N21,VIIRS,n,nominal,2.0NRT,2.05,N,VIIRS_NOAA21_NRT,True,308.15,281.14,0.38,0.36
52.83644,-3.98201,2026-07-21T02:28:00Z,2026-07-21,228,N21,VIIRS,n,nominal,2.0NRT,2.81,N,VIIRS_NOAA21_NRT,True,296.22,283.28,0.38,0.36
52.83732,-3.98757,2026-07-21T02:28:00Z,2026-07-21,228,N21,VIIRS,n,nominal,2.0NRT,2.81,N,VIIRS_NOAA21_NRT,True,308.93,285.28,0.38,0.36
52.83878,-3.97512,2026-07-21T02:28:00Z,2026-07-21,228,N21,VIIRS,n,nominal,2.0NRT,2.05,N,VIIRS_NOAA21_NRT,True,326.25,280.86,0.38,0.36
52.83966,-3.98062,2026-07-21T02:28:00Z,2026-07-21,228,N21,VIIRS,n,nominal,2.0NRT,2.81,N,VIIRS_NOAA21_NRT,True,350.37,285.63,0.38,0.36
52.84055,-3.98618,2026-07-21T02:28:00Z,2026-07-21,228,N21,VIIRS,n,nominal,2.0NRT,2.81,N,VIIRS_NOAA21_NRT,True,304.64,282.38,0.38,0.36
52.842,-3.97372,2026-07-21T02:28:00Z,2026-07-21,228,N21,VIIRS,n,nominal,2.0NRT,4.34,N,VIIRS_NOAA21_NRT,True,317.73,281.97,0.38,0.36
52.84289,-3.97923,2026-07-21T02:28:00Z,2026-07-21,228,N21,VIIRS,n,nominal,2.0NRT,8.83,N,VIIRS_NOAA21_NRT,True,347.11,287.58,0.38,0.36
52.84377,-3.98479,2026-07-21T02:28:00Z,2026-07-21,228,N21,VIIRS,n,nominal,2.0NRT,8.83,N,VIIRS_NOAA21_NRT,True,336.56,283.16,0.38,0.36
52.84465,-3.99036,2026-07-21T02:28:00Z,2026-07-21,228,N21,VIIRS,n,nominal,2.0NRT,2.96,N,VIIRS_NOAA21_NRT,True,332.88,284.14,0.38,0.36
52.84553,-3.99592,2026-07-21T02:28:00Z,2026-07-21,228,N21,VIIRS,n,nominal,2.0NRT,2.96,N,VIIRS_NOAA21_NRT,True,318.88,284.01,0.38,0.36
52.85576,-3.97373,2026-07-21T02:28:00Z,2026-07-21,228,N21,VIIRS,n,nominal,2.0NRT,4.63,N,VIIRS_NOAA21_NRT,True,296.59,282.04,0.38,0.36
52.85664,-3.9793,2026-07-21T02:28:00Z,2026-07-21,228,N21,VIIRS,n,nominal,2.0NRT,4.63,N,VIIRS_NOAA21_NRT,True,354.18,286.79,0.38,0.36
52.85752,-3.98486,2026-07-21T02:28:00Z,2026-07-21,228,N21,VIIRS,n,nominal,2.0NRT,3.12,N,VIIRS_NOAA21_NRT,True,329.5,285.4,0.38,0.36
52.85842,-3.99036,2026-07-21T02:28:00Z,2026-07-21,228,N21,VIIRS,n,nominal,2.0NRT,3.12,N,VIIRS_NOAA21_NRT,True,304.38,284.62,0.38,0.36
52.85987,-3.97791,2026-07-21T02:28:00Z,2026-07-21,228,N21,VIIRS,n,nominal,2.0NRT,4.63,N,VIIRS_NOAA21_NRT,True,321.59,282.12,0.38,0.36
51.39662,-3.39293,2026-07-21T03:04:00Z,2026-07-21,304,N,VIIRS,n,nominal,2.0NRT,0.75,N,VIIRS_SNPP_NRT,True,299.1,284.11,0.56,0.43
51.68365,-5.02783,2026-07-21T03:04:00Z,2026-07-21,304,N,VIIRS,n,nominal,2.0NRT,1.37,N,VIIRS_SNPP_NRT,True,301.79,289.59,0.49,0.4
51.74247,-3.04334,2026-07-21T03:04:00Z,2026-07-21,304,N,VIIRS,n,nominal,2.0NRT,2.16,N,VIIRS_SNPP_NRT,True,300.6,283.36,0.57,0.43
51.74419,-3.05071,2026-07-21T03:04:00Z,2026-07-21,304,N,VIIRS,n,nominal,2.0NRT,2.16,N,VIIRS_SNPP_NRT,True,317.56,285.1,0.57,0.43
51.7463,-3.04133,2026-07-21T03:04:00Z,2026-07-21,304,N,VIIRS,n,nominal,2.0NRT,13.06,N,VIIRS_SNPP_NRT,True,328.88,289.0,0.57,0.43
51.74802,-3.04874,2026-07-21T03:04:00Z,2026-07-21,304,N,VIIRS,n,nominal,2.0NRT,13.06,N,VIIRS_SNPP_NRT,True,334.27,292.65,0.57,0.43
51.74805,-3.04227,2026-07-21T03:04:00Z,2026-07-21,304,N,VIIRS,n,nominal,2.0NRT,13.09,N,VIIRS_SNPP_NRT,True,353.24,295.96,0.57,0.43
51.74979,-3.04967,2026-07-21T03:04:00Z,2026-07-21,304,N,VIIRS,n,nominal,2.0NRT,8.52,N,VIIRS_SNPP_NRT,True,329.21,288.58,0.57,0.43
51.7501,-3.03917,2026-07-21T03:04:00Z,2026-07-21,304,N,VIIRS,n,nominal,2.0NRT,13.06,N,VIIRS_SNPP_NRT,True,352.85,297.39,0.57,0.43
51.75184,-3.04007,2026-07-21T03:04:00Z,2026-07-21,304,N,VIIRS,n,nominal,2.0NRT,13.09,N,VIIRS_SNPP_NRT,True,346.91,295.97,0.57,0.43
51.75187,-3.04678,2026-07-21T03:04:00Z,2026-07-21,304,N,VIIRS,n,nominal,2.0NRT,13.06,N,VIIRS_SNPP_NRT,True,339.64,293.61,0.57,0.43
51.75359,-3.05422,2026-07-21T03:04:00Z,2026-07-21,304,N,VIIRS,n,nominal,2.0NRT,4.27,N,VIIRS_SNPP_NRT,True,318.89,285.18,0.57,0.43
51.75364,-3.04769,2026-07-21T03:04:00Z,2026-07-21,304,N,VIIRS,n,nominal,2.0NRT,8.52,N,VIIRS_SNPP_NRT,True,351.12,298.65,0.57,0.43
51.75385,-3.03676,2026-07-21T03:04:00Z,2026-07-21,304,N,VIIRS,n,nominal,2.0NRT,3.22,N,VIIRS_SNPP_NRT,True,298.89,284.25,0.57,0.43
51.75539,-3.05515,2026-07-21T03:04:00Z,2026-07-21,304,N,VIIRS,n,nominal,2.0NRT,8.52,N,VIIRS_SNPP_NRT,True,327.69,285.02,0.57,0.43
51.75565,-3.04457,2026-07-21T03:04:00Z,2026-07-21,304,N,VIIRS,n,nominal,2.0NRT,3.22,N,VIIRS_SNPP_NRT,True,329.72,291.26,0.57,0.43
51.7574,-3.04541,2026-07-21T03:04:00Z,2026-07-21,304,N,VIIRS,n,nominal,2.0NRT,1.32,N,VIIRS_SNPP_NRT,True,304.27,283.9,0.57,0.43
51.75742,-3.05221,2026-07-21T03:04:00Z,2026-07-21,304,N,VIIRS,n,nominal,2.0NRT,5.31,N,VIIRS_SNPP_NRT,True,330.53,286.04,0.57,0.43
52.83814,-3.99017,2026-07-21T03:04:00Z,2026-07-21,304,N,VIIRS,n,nominal,2.0NRT,1.93,N,VIIRS_SNPP_NRT,True,305.3,285.16,0.5,0.41
52.84001,-3.98025,2026-07-21T03:04:00Z,2026-07-21,304,N,VIIRS,n,nominal,2.0NRT,7.44,N,VIIRS_SNPP_NRT,True,349.96,284.06,0.5,0.41
52.84352,-3.97789,2026-07-21T03:04:00Z,2026-07-21,304,N,VIIRS,n,nominal,2.0NRT,7.44,N,VIIRS_SNPP_NRT,True,341.75,284.58,0.5,0.41
52.84519,-3.98553,2026-07-21T03:04:00Z,2026-07-21,304,N,VIIRS,n,nominal,2.0NRT,7.44,N,VIIRS_SNPP_NRT,True,323.21,282.58,0.5,0.41
52.84686,-3.99315,2026-07-21T03:04:00Z,2026-07-21,304,N,VIIRS,n,nominal,2.0NRT,4.39,N,VIIRS_SNPP_NRT,True,329.72,283.52,0.5,0.41
52.85743,-3.98617,2026-07-21T03:04:00Z,2026-07-21,304,N,VIIRS,n,nominal,2.0NRT,4.18,N,VIIRS_SNPP_NRT,True,339.96,285.13,0.5,0.41
52.8594,-3.97668,2026-07-21T03:04:00Z,2026-07-21,304,N,VIIRS,n,nominal,2.0NRT,3.61,N,VIIRS_SNPP_NRT,True,333.42,283.1,0.5,0.41
52.86101,-3.98409,2026-07-21T03:04:00Z,2026-07-21,304,N,VIIRS,n,nominal,2.0NRT,4.18,N,VIIRS_SNPP_NRT,True,302.33,282.98,0.5,0.41
51.39696,-3.39419,2026-07-21T03:21:00Z,2026-07-21,321,N20,VIIRS,n,nominal,2.0NRT,0.68,N,VIIRS_NOAA20_NRT,True,305.29,283.41,0.33,0.55
51.68312,-5.02974,2026-07-21T03:21:00Z,2026-07-21,321,N20,VIIRS,n,nominal,2.0NRT,0.8,N,VIIRS_NOAA20_NRT,True,299.99,288.23,0.56,0.51
51.68536,-5.02994,2026-07-21T03:21:00Z,2026-07-21,321,N20,VIIRS,n,nominal,2.0NRT,1.35,N,VIIRS_NOAA20_NRT,True,301.06,288.16,0.56,0.51
51.74244,-3.04369,2026-07-21T03:21:00Z,2026-07-21,321,N20,VIIRS,n,nominal,2.0NRT,2.08,N,VIIRS_NOAA20_NRT,True,306.72,284.23,0.33,0.55
51.74363,-3.04765,2026-07-21T03:21:00Z,2026-07-21,321,N20,VIIRS,n,nominal,2.0NRT,3.61,N,VIIRS_NOAA20_NRT,True,334.73,285.69,0.33,0.55
51.74604,-3.03667,2026-07-21T03:21:00Z,2026-07-21,321,N20,VIIRS,n,nominal,2.0NRT,4.54,N,VIIRS_NOAA20_NRT,True,308.39,284.58,0.33,0.55
51.74726,-3.04077,2026-07-21T03:21:00Z,2026-07-21,321,N20,VIIRS,h,high,2.0NRT,4.54,N,VIIRS_NOAA20_NRT,True,367.0,292.27,0.33,0.55
51.74848,-3.04486,2026-07-21T03:21:00Z,2026-07-21,321,N20,VIIRS,h,high,2.0NRT,5.98,N,VIIRS_NOAA20_NRT,True,367.0,295.26,0.33,0.55
51.74966,-3.04879,2026-07-21T03:21:00Z,2026-07-21,321,N20,VIIRS,n,nominal,2.0NRT,5.98,N,VIIRS_NOAA20_NRT,True,302.11,284.23,0.33,0.55
51.75064,-3.03304,2026-07-21T03:21:00Z,2026-07-21,321,N20,VIIRS,n,nominal,2.0NRT,4.54,N,VIIRS_NOAA20_NRT,True,308.34,284.75,0.33,0.55
51.75193,-3.03734,2026-07-21T03:21:00Z,2026-07-21,321,N20,VIIRS,n,nominal,2.0NRT,4.54,N,VIIRS_NOAA20_NRT,True,343.69,292.15,0.33,0.55
51.75319,-3.04156,2026-07-21T03:21:00Z,2026-07-21,321,N20,VIIRS,n,nominal,2.0NRT,5.98,N,VIIRS_NOAA20_NRT,True,328.56,290.0,0.33,0.55
51.75447,-3.04587,2026-07-21T03:21:00Z,2026-07-21,321,N20,VIIRS,n,nominal,2.0NRT,5.98,N,VIIRS_NOAA20_NRT,True,344.86,295.17,0.33,0.55
51.75568,-3.04992,2026-07-21T03:21:00Z,2026-07-21,321,N20,VIIRS,n,nominal,2.0NRT,7.44,N,VIIRS_NOAA20_NRT,True,352.28,286.01,0.33,0.55
52.83878,-3.97225,2026-07-21T03:21:00Z,2026-07-21,321,N20,VIIRS,n,nominal,2.0NRT,6.5,N,VIIRS_NOAA20_NRT,True,305.0,280.47,0.56,0.52
52.84118,-3.98072,2026-07-21T03:21:00Z,2026-07-21,321,N20,VIIRS,n,nominal,2.0NRT,6.5,N,VIIRS_NOAA20_NRT,True,342.53,283.06,0.56,0.52
52.84369,-3.98958,2026-07-21T03:21:00Z,2026-07-21,321,N20,VIIRS,n,nominal,2.0NRT,1.56,N,VIIRS_NOAA20_NRT,True,305.23,282.56,0.56,0.52
52.84534,-3.97679,2026-07-21T03:21:00Z,2026-07-21,321,N20,VIIRS,n,nominal,2.0NRT,4.42,N,VIIRS_NOAA20_NRT,True,329.49,281.59,0.56,0.52
52.846,-3.99776,2026-07-21T03:21:00Z,2026-07-21,321,N20,VIIRS,n,nominal,2.0NRT,1.56,N,VIIRS_NOAA20_NRT,True,296.38,282.66,0.56,0.52
52.85629,-3.97828,2026-07-21T03:21:00Z,2026-07-21,321,N20,VIIRS,n,nominal,2.0NRT,3.94,N,VIIRS_NOAA20_NRT,True,316.33,281.35,0.56,0.52
52.85862,-3.98657,2026-07-21T03:21:00Z,2026-07-21,321,N20,VIIRS,n,nominal,2.0NRT,3.94,N,VIIRS_NOAA20_NRT,True,337.53,285.36,0.56,0.52
52.86064,-3.97503,2026-07-21T03:21:00Z,2026-07-21,321,N20,VIIRS,n,nominal,2.0NRT,3.94,N,VIIRS_NOAA20_NRT,True,311.59,281.16,0.56,0.52
51.74927,-3.03929,2026-07-21T11:32:00Z,2026-07-21,1132,N20,VIIRS,n,nominal,2.0NRT,7.23,D,VIIRS_NOAA20_NRT,True,337.21,296.02,0.62,0.72
51.75478,-3.04526,2026-07-21T11:32:00Z,2026-07-21,1132,N20,VIIRS,n,nominal,2.0NRT,7.23,D,VIIRS_NOAA20_NRT,True,341.75,291.91,0.62,0.72
52.83798,-3.97927,2026-07-21T11:32:00Z,2026-07-21,1132,N20,VIIRS,n,nominal,2.0NRT,7.34,D,VIIRS_NOAA20_NRT,True,329.07,295.73,0.61,0.71
52.83949,-3.97738,2026-07-21T11:32:00Z,2026-07-21,1132,N20,VIIRS,n,nominal,2.0NRT,8.31,D,VIIRS_NOAA20_NRT,True,327.02,294.55,0.61,0.71
52.84147,-3.99052,2026-07-21T11:32:00Z,2026-07-21,1132,N20,VIIRS,n,nominal,2.0NRT,7.34,D,VIIRS_NOAA20_NRT,True,337.86,290.3,0.61,0.71
52.84301,-3.98846,2026-07-21T11:32:00Z,2026-07-21,1132,N20,VIIRS,n,nominal,2.0NRT,20.28,D,VIIRS_NOAA20_NRT,True,345.83,290.69,0.61,0.71
52.8438,-3.9844,2026-07-21T11:32:00Z,2026-07-21,1132,N20,VIIRS,n,nominal,2.0NRT,7.34,D,VIIRS_NOAA20_NRT,True,348.7,291.65,0.61,0.71
52.84536,-3.98238,2026-07-21T11:32:00Z,2026-07-21,1132,N20,VIIRS,n,nominal,2.0NRT,8.31,D,VIIRS_NOAA20_NRT,True,338.1,291.72,0.61,0.71
52.85639,-3.97402,2026-07-21T11:32:00Z,2026-07-21,1132,N20,VIIRS,n,nominal,2.0NRT,7.38,D,VIIRS_NOAA20_NRT,True,335.7,290.4,0.61,0.71
52.85723,-3.96954,2026-07-21T11:32:00Z,2026-07-21,1132,N20,VIIRS,n,nominal,2.0NRT,15.86,D,VIIRS_NOAA20_NRT,True,349.91,288.83,0.61,0.71
52.85913,-3.96693,2026-07-21T11:32:00Z,2026-07-21,1132,N20,VIIRS,n,nominal,2.0NRT,7.38,D,VIIRS_NOAA20_NRT,True,334.18,286.81,0.61,0.71
52.85982,-3.98535,2026-07-21T11:32:00Z,2026-07-21,1132,N20,VIIRS,n,nominal,2.0NRT,13.38,D,VIIRS_NOAA20_NRT,True,326.68,289.73,0.61,0.71
52.86089,-3.98032,2026-07-21T11:32:00Z,2026-07-21,1132,N20,VIIRS,n,nominal,2.0NRT,17.75,D,VIIRS_NOAA20_NRT,True,352.3,290.56,0.61,0.71
52.86266,-3.97799,2026-07-21T11:32:00Z,2026-07-21,1132,N20,VIIRS,n,nominal,2.0NRT,7.38,D,VIIRS_NOAA20_NRT,True,344.8,289.25,0.61,0.71
51.74471,-3.03962,2026-07-21T12:17:00Z,2026-07-21,1217,N21,VIIRS,h,high,2.0NRT,18.03,D,VIIRS_NOAA21_NRT,True,367.0,303.78,0.42,0.45
51.74548,-3.04439,2026-07-21T12:17:00Z,2026-07-21,1217,N21,VIIRS,n,nominal,2.0NRT,11.88,D,VIIRS_NOAA21_NRT,True,348.88,307.62,0.42,0.45
51.74694,-3.03826,2026-07-21T12:17:00Z,2026-07-21,1217,N21,VIIRS,h,high,2.0NRT,20.67,D,VIIRS_NOAA21_NRT,True,367.0,305.57,0.42,0.45
51.74709,-3.04827,2026-07-21T12:17:00Z,2026-07-21,1217,N21,VIIRS,n,nominal,2.0NRT,7.78,D,VIIRS_NOAA21_NRT,True,330.41,298.55,0.42,0.45
51.74862,-3.04203,2026-07-21T12:17:00Z,2026-07-21,1217,N21,VIIRS,n,nominal,2.0NRT,7.78,D,VIIRS_NOAA21_NRT,True,351.41,307.15,0.42,0.45
51.75005,-3.03616,2026-07-21T12:17:00Z,2026-07-21,1217,N21,VIIRS,n,nominal,2.0NRT,8.53,D,VIIRS_NOAA21_NRT,True,340.55,303.95,0.42,0.45
51.75251,-3.04447,2026-07-21T12:17:00Z,2026-07-21,1217,N21,VIIRS,n,nominal,2.0NRT,7.78,D,VIIRS_NOAA21_NRT,True,342.35,306.13,0.42,0.45
51.75492,-3.053,2026-07-21T12:17:00Z,2026-07-21,1217,N21,VIIRS,n,nominal,2.0NRT,15.61,D,VIIRS_NOAA21_NRT,True,336.59,297.9,0.42,0.45
51.7564,-3.04696,2026-07-21T12:17:00Z,2026-07-21,1217,N21,VIIRS,n,nominal,2.0NRT,15.61,D,VIIRS_NOAA21_NRT,True,344.1,301.09,0.42,0.45
52.8398,-3.98802,2026-07-21T12:19:00Z,2026-07-21,1219,N21,VIIRS,n,nominal,2.0NRT,23.33,D,VIIRS_NOAA21_NRT,True,339.15,298.66,0.43,0.46
52.8411,-3.9827,2026-07-21T12:19:00Z,2026-07-21,1219,N21,VIIRS,n,nominal,2.0NRT,23.33,D,VIIRS_NOAA21_NRT,True,348.39,302.3,0.43,0.46
52.8424,-3.97736,2026-07-21T12:19:00Z,2026-07-21,1219,N21,VIIRS,n,nominal,2.0NRT,5.31,D,VIIRS_NOAA21_NRT,True,334.28,299.72,0.43,0.46
52.84241,-3.9959,2026-07-21T12:19:00Z,2026-07-21,1219,N21,VIIRS,n,nominal,2.0NRT,9.5,D,VIIRS_NOAA21_NRT,True,338.98,295.08,0.43,0.46
52.84376,-3.99038,2026-07-21T12:19:00Z,2026-07-21,1219,N21,VIIRS,n,nominal,2.0NRT,23.33,D,VIIRS_NOAA21_NRT,True,347.19,305.78,0.43,0.46
52.84506,-3.98508,2026-07-21T12:19:00Z,2026-07-21,1219,N21,VIIRS,n,nominal,2.0NRT,23.33,D,VIIRS_NOAA21_NRT,True,344.09,296.04,0.43,0.46
52.84769,-3.99287,2026-07-21T12:19:00Z,2026-07-21,1219,N21,VIIRS,n,nominal,2.0NRT,5.52,D,VIIRS_NOAA21_NRT,True,332.37,301.76,0.43,0.46
52.85698,-3.97342,2026-07-21T12:19:00Z,2026-07-21,1219,N21,VIIRS,n,nominal,2.0NRT,4.16,D,VIIRS_NOAA21_NRT,True,335.26,291.69,0.43,0.46
52.85965,-3.98106,2026-07-21T12:19:00Z,2026-07-21,1219,N21,VIIRS,h,high,2.0NRT,26.21,D,VIIRS_NOAA21_NRT,True,367.0,303.22,0.43,0.46
52.86101,-3.97547,2026-07-21T12:19:00Z,2026-07-21,1219,N21,VIIRS,n,nominal,2.0NRT,15.09,D,VIIRS_NOAA21_NRT,True,354.8,297.26,0.43,0.46
52.86236,-3.96993,2026-07-21T12:19:00Z,2026-07-21,1219,N21,VIIRS,n,nominal,2.0NRT,15.09,D,VIIRS_NOAA21_NRT,True,331.99,289.94,0.42,0.46
51.63661,-3.93293,2026-07-21T12:53:00Z,2026-07-21,1253,N,VIIRS,n,nominal,2.0NRT,2.25,D,VIIRS_SNPP_NRT,True,337.76,300.06,0.42,0.38
51.74335,-3.04258,2026-07-21T12:53:00Z,2026-07-21,1253,N,VIIRS,n,nominal,2.0NRT,9.87,D,VIIRS_SNPP_NRT,True,339.13,301.12,0.4,0.37
51.74438,-3.03677,2026-07-21T12:53:00Z,2026-07-21,1253,N,VIIRS,n,nominal,2.0NRT,9.87,D,VIIRS_SNPP_NRT,True,345.37,298.42,0.4,0.37
51.74665,-3.04409,2026-07-21T12:53:00Z,2026-07-21,1253,N,VIIRS,n,nominal,2.0NRT,9.87,D,VIIRS_SNPP_NRT,True,351.26,307.17,0.4,0.37
51.74768,-3.03831,2026-07-21T12:53:00Z,2026-07-21,1253,N,VIIRS,n,nominal,2.0NRT,9.87,D,VIIRS_SNPP_NRT,True,355.92,308.42,0.4,0.37
51.74996,-3.04561,2026-07-21T12:53:00Z,2026-07-21,1253,N,VIIRS,n,nominal,2.0NRT,7.23,D,VIIRS_SNPP_NRT,True,335.48,291.08,0.4,0.37
51.79338,-2.96205,2026-07-21T12:53:00Z,2026-07-21,1253,N,VIIRS,n,nominal,2.0NRT,4.81,D,VIIRS_SNPP_NRT,True,350.62,305.53,0.4,0.37
52.36818,-2.67289,2026-07-21T12:53:00Z,2026-07-21,1253,N,VIIRS,n,nominal,2.0NRT,4.68,D,VIIRS_SNPP_NRT,True,350.02,302.17,0.39,0.36
52.37145,-2.67441,2026-07-21T12:53:00Z,2026-07-21,1253,N,VIIRS,n,nominal,2.0NRT,4.68,D,VIIRS_SNPP_NRT,True,348.64,299.04,0.39,0.36
52.37243,-2.66872,2026-07-21T12:53:00Z,2026-07-21,1253,N,VIIRS,n,nominal,2.0NRT,4.68,D,VIIRS_SNPP_NRT,True,341.76,301.87,0.39,0.36
52.72595,-2.56214,2026-07-21T12:53:00Z,2026-07-21,1253,N,VIIRS,n,nominal,2.0NRT,2.67,D,VIIRS_SNPP_NRT,True,347.73,300.06,0.39,0.36
52.73474,-2.70315,2026-07-21T12:53:00Z,2026-07-21,1253,N,VIIRS,n,nominal,2.0NRT,4.22,D,VIIRS_SNPP_NRT,True,335.41,300.57,0.39,0.36
52.73703,-2.71035,2026-07-21T12:53:00Z,2026-07-21,1253,N,VIIRS,n,nominal,2.0NRT,7.33,D,VIIRS_SNPP_NRT,True,340.95,303.39,0.39,0.36
52.738,-2.70467,2026-07-21T12:53:00Z,2026-07-21,1253,N,VIIRS,n,nominal,2.0NRT,4.22,D,VIIRS_SNPP_NRT,True,340.71,299.87,0.39,0.36
52.83961,-3.9861,2026-07-21T12:53:00Z,2026-07-21,1253,N,VIIRS,n,nominal,2.0NRT,20.41,D,VIIRS_SNPP_NRT,True,337.69,300.58,0.41,0.37
52.8417,-3.97467,2026-07-21T12:53:00Z,2026-07-21,1253,N,VIIRS,n,nominal,2.0NRT,7.11,D,VIIRS_SNPP_NRT,True,344.27,297.29,0.41,0.37
52.84188,-3.99343,2026-07-21T12:53:00Z,2026-07-21,1253,N,VIIRS,n,nominal,2.0NRT,20.41,D,VIIRS_SNPP_NRT,True,339.81,299.34,0.41,0.37
52.84293,-3.9877,2026-07-21T12:53:00Z,2026-07-21,1253,N,VIIRS,n,nominal,2.0NRT,20.41,D,VIIRS_SNPP_NRT,True,351.48,307.54,0.41,0.37
52.84397,-3.98201,2026-07-21T12:53:00Z,2026-07-21,1253,N,VIIRS,n,nominal,2.0NRT,7.11,D,VIIRS_SNPP_NRT,True,341.71,296.26,0.41,0.37
52.8452,-3.99504,2026-07-21T12:53:00Z,2026-07-21,1253,N,VIIRS,n,nominal,2.0NRT,9.61,D,VIIRS_SNPP_NRT,True,345.46,297.72,0.41,0.37
52.84624,-3.9893,2026-07-21T12:53:00Z,2026-07-21,1253,N,VIIRS,h,high,2.0NRT,9.61,D,VIIRS_SNPP_NRT,True,367.0,298.57,0.41,0.37
52.8583,-3.98262,2026-07-21T12:53:00Z,2026-07-21,1253,N,VIIRS,n,nominal,2.0NRT,7.69,D,VIIRS_SNPP_NRT,True,346.19,297.72,0.41,0.37
52.85936,-3.97682,2026-07-21T12:53:00Z,2026-07-21,1253,N,VIIRS,n,nominal,2.0NRT,11.67,D,VIIRS_SNPP_NRT,True,355.49,299.98,0.41,0.37
52.8604,-3.97106,2026-07-21T12:53:00Z,2026-07-21,1253,N,VIIRS,n,nominal,2.0NRT,11.67,D,VIIRS_SNPP_NRT,True,345.64,294.05,0.41,0.37
53.15482,-2.70153,2026-07-21T12:53:00Z,2026-07-21,1253,N,VIIRS,n,nominal,2.0NRT,4.83,D,VIIRS_SNPP_NRT,True,347.64,298.96,0.39,0.36
53.15579,-2.69581,2026-07-21T12:53:00Z,2026-07-21,1253,N,VIIRS,n,nominal,2.0NRT,4.83,D,VIIRS_SNPP_NRT,True,355.46,299.16,0.39,0.36
53.15905,-2.69734,2026-07-21T12:53:00Z,2026-07-21,1253,N,VIIRS,n,nominal,2.0NRT,5.32,D,VIIRS_SNPP_NRT,True,351.32,296.78,0.39,0.36
51.74419,-3.04328,2026-07-21T13:12:00Z,2026-07-21,1312,N20,VIIRS,n,nominal,2.0NRT,6.17,D,VIIRS_NOAA20_NRT,True,332.53,297.16,0.43,0.38
51.74493,-3.03733,2026-07-21T13:12:00Z,2026-07-21,1312,N20,VIIRS,n,nominal,2.0NRT,8.51,D,VIIRS_NOAA20_NRT,True,333.56,293.09,0.43,0.38
51.74545,-3.04478,2026-07-21T13:12:00Z,2026-07-21,1312,N20,VIIRS,n,nominal,2.0NRT,6.14,D,VIIRS_NOAA20_NRT,True,336.49,298.59,0.43,0.38
51.74617,-3.03883,2026-07-21T13:12:00Z,2026-07-21,1312,N20,VIIRS,n,nominal,2.0NRT,6.14,D,VIIRS_NOAA20_NRT,True,348.71,296.23,0.43,0.38
51.74763,-3.0444,2026-07-21T13:12:00Z,2026-07-21,1312,N20,VIIRS,n,nominal,2.0NRT,6.17,D,VIIRS_NOAA20_NRT,True,351.74,302.76,0.43,0.38
51.74888,-3.04591,2026-07-21T13:12:00Z,2026-07-21,1312,N20,VIIRS,n,nominal,2.0NRT,6.14,D,VIIRS_NOAA20_NRT,True,344.07,298.05,0.43,0.38
51.74961,-3.03992,2026-07-21T13:12:00Z,2026-07-21,1312,N20,VIIRS,n,nominal,2.0NRT,6.14,D,VIIRS_NOAA20_NRT,True,341.61,296.5,0.43,0.38
51.75232,-3.04703,2026-07-21T13:12:00Z,2026-07-21,1312,N20,VIIRS,n,nominal,2.0NRT,17.51,D,VIIRS_NOAA20_NRT,True,351.15,309.08,0.43,0.38
51.75305,-3.04098,2026-07-21T13:12:00Z,2026-07-21,1312,N20,VIIRS,n,nominal,2.0NRT,17.51,D,VIIRS_NOAA20_NRT,True,335.4,290.71,0.43,0.38
51.75576,-3.04813,2026-07-21T13:12:00Z,2026-07-21,1312,N20,VIIRS,n,nominal,2.0NRT,17.51,D,VIIRS_NOAA20_NRT,True,352.19,312.63,0.43,0.38
52.83821,-3.98433,2026-07-21T13:12:00Z,2026-07-21,1312,N20,VIIRS,n,nominal,2.0NRT,12.3,D,VIIRS_NOAA20_NRT,True,331.16,300.9,0.42,0.37
52.83901,-3.97798,2026-07-21T13:12:00Z,2026-07-21,1312,N20,VIIRS,n,nominal,2.0NRT,6.73,D,VIIRS_NOAA20_NRT,True,336.21,300.42,0.42,0.37
52.84081,-3.99185,2026-07-21T13:12:00Z,2026-07-21,1312,N20,VIIRS,n,nominal,2.0NRT,12.3,D,VIIRS_NOAA20_NRT,True,341.93,300.61,0.42,0.37
52.84161,-3.9855,2026-07-21T13:12:00Z,2026-07-21,1312,N20,VIIRS,n,nominal,2.0NRT,12.3,D,VIIRS_NOAA20_NRT,True,355.1,301.76,0.42,0.37
52.8442,-3.99306,2026-07-21T13:12:00Z,2026-07-21,1312,N20,VIIRS,n,nominal,2.0NRT,13.32,D,VIIRS_NOAA20_NRT,True,354.7,303.07,0.42,0.37
52.84499,-3.9867,2026-07-21T13:12:00Z,2026-07-21,1312,N20,VIIRS,n,nominal,2.0NRT,13.32,D,VIIRS_NOAA20_NRT,True,345.21,297.31,0.42,0.37
52.86012,-3.97905,2026-07-21T13:12:00Z,2026-07-21,1312,N20,VIIRS,n,nominal,2.0NRT,31.61,D,VIIRS_NOAA20_NRT,True,353.26,302.23,0.42,0.37
52.86091,-3.97275,2026-07-21T13:12:00Z,2026-07-21,1312,N20,VIIRS,n,nominal,2.0NRT,11.54,D,VIIRS_NOAA20_NRT,True,345.55,293.9,0.42,0.37
51.74635,-3.04196,2026-07-21T13:57:00Z,2026-07-21,1357,N21,VIIRS,n,nominal,2.0NRT,7.53,D,VIIRS_NOAA21_NRT,True,332.46,292.12,0.44,0.62
51.74643,-3.03619,2026-07-21T13:57:00Z,2026-07-21,1357,N21,VIIRS,n,nominal,2.0NRT,10.69,D,VIIRS_NOAA21_NRT,True,331.88,295.11,0.44,0.62
51.7508,-3.04698,2026-07-21T13:57:00Z,2026-07-21,1357,N21,VIIRS,n,nominal,2.0NRT,9.92,D,VIIRS_NOAA21_NRT,True,334.29,300.01,0.44,0.62
51.75091,-3.04125,2026-07-21T13:57:00Z,2026-07-21,1357,N21,VIIRS,n,nominal,2.0NRT,18.48,D,VIIRS_NOAA21_NRT,True,338.52,301.36,0.44,0.62
51.75199,-3.04818,2026-07-21T13:57:00Z,2026-07-21,1357,N21,VIIRS,n,nominal,2.0NRT,7.53,D,VIIRS_NOAA21_NRT,True,341.95,302.98,0.44,0.62
51.75208,-3.04245,2026-07-21T13:57:00Z,2026-07-21,1357,N21,VIIRS,n,nominal,2.0NRT,7.53,D,VIIRS_NOAA21_NRT,True,336.19,300.23,0.44,0.62
51.75642,-3.05326,2026-07-21T13:57:00Z,2026-07-21,1357,N21,VIIRS,n,nominal,2.0NRT,14.74,D,VIIRS_NOAA21_NRT,True,334.83,289.58,0.43,0.62
51.75653,-3.04749,2026-07-21T13:57:00Z,2026-07-21,1357,N21,VIIRS,h,high,2.0NRT,14.74,D,VIIRS_NOAA21_NRT,True,367.0,303.35,0.44,0.62
51.75772,-3.04864,2026-07-21T13:57:00Z,2026-07-21,1357,N21,VIIRS,h,high,2.0NRT,18.09,D,VIIRS_NOAA21_NRT,True,367.0,297.16,0.44,0.62
52.84288,-3.99319,2026-07-21T13:57:00Z,2026-07-21,1357,N21,VIIRS,n,nominal,2.0NRT,10.66,D,VIIRS_NOAA21_NRT,True,354.36,294.25,0.4,0.6
52.84304,-3.98564,2026-07-21T13:57:00Z,2026-07-21,1357,N21,VIIRS,h,high,2.0NRT,10.66,D,VIIRS_NOAA21_NRT,True,367.0,294.73,0.4,0.6
52.84319,-3.97804,2026-07-21T13:57:00Z,2026-07-21,1357,N21,VIIRS,n,nominal,2.0NRT,6.81,D,VIIRS_NOAA21_NRT,True,329.9,293.02,0.4,0.6
52.85978,-3.98032,2026-07-21T13:57:00Z,2026-07-21,1357,N21,VIIRS,h,high,2.0NRT,18.61,D,VIIRS_NOAA21_NRT,True,367.0,296.76,0.4,0.6
52.85993,-3.9732,2026-07-21T13:57:00Z,2026-07-21,1357,N21,VIIRS,h,high,2.0NRT,18.61,D,VIIRS_NOAA21_NRT,True,367.0,293.68,0.4,0.6
52.84097,-3.97729,2026-07-21T14:33:00Z,2026-07-21,1433,N,VIIRS,n,nominal,2.0NRT,5.85,D,VIIRS_SNPP_NRT,True,327.36,287.41,0.74,0.76
52.86259,-3.97681,2026-07-21T14:33:00Z,2026-07-21,1433,N,VIIRS,n,nominal,2.0NRT,5.17,D,VIIRS_SNPP_NRT,True,329.8,285.63,0.74,0.76
51.73905,-3.05026,2026-07-22T01:05:00Z,2026-07-22,105,N,VIIRS,n,nominal,2.0NRT,4.11,N,VIIRS_SNPP_NRT,True,296.1,283.22,0.76,0.77
51.74572,-3.0562,2026-07-22T01:05:00Z,2026-07-22,105,N,VIIRS,n,nominal,2.0NRT,5.06,N,VIIRS_SNPP_NRT,True,306.44,284.13,0.76,0.77
51.74617,-3.04054,2026-07-22T01:05:00Z,2026-07-22,105,N,VIIRS,n,nominal,2.0NRT,5.06,N,VIIRS_SNPP_NRT,True,326.43,285.97,0.76,0.77
51.74637,-3.04889,2026-07-22T01:05:00Z,2026-07-22,105,N,VIIRS,n,nominal,2.0NRT,4.11,N,VIIRS_SNPP_NRT,True,335.77,287.84,0.76,0.77
51.75322,-3.06186,2026-07-22T01:05:00Z,2026-07-22,105,N,VIIRS,n,nominal,2.0NRT,3.17,N,VIIRS_SNPP_NRT,True,308.34,284.5,0.76,0.77
51.75368,-3.04776,2026-07-22T01:05:00Z,2026-07-22,105,N,VIIRS,n,nominal,2.0NRT,4.1,N,VIIRS_SNPP_NRT,True,305.97,284.0,0.76,0.77
51.76051,-3.06175,2026-07-22T01:05:00Z,2026-07-22,105,N,VIIRS,n,nominal,2.0NRT,3.17,N,VIIRS_SNPP_NRT,True,303.14,284.07,0.76,0.77
51.68371,-5.03229,2026-07-22T01:24:00Z,2026-07-22,124,N20,VIIRS,n,nominal,2.0NRT,1.03,N,VIIRS_NOAA20_NRT,True,297.03,286.08,0.5,0.66
51.7448,-3.04117,2026-07-22T01:24:00Z,2026-07-22,124,N20,VIIRS,h,high,2.0NRT,10.36,N,VIIRS_NOAA20_NRT,True,367.0,295.81,0.41,0.61
51.74495,-3.0485,2026-07-22T01:24:00Z,2026-07-22,124,N20,VIIRS,n,nominal,2.0NRT,6.25,N,VIIRS_NOAA20_NRT,True,317.67,285.45,0.41,0.61
51.75044,-3.04043,2026-07-22T01:24:00Z,2026-07-22,124,N20,VIIRS,n,nominal,2.0NRT,8.07,N,VIIRS_NOAA20_NRT,True,344.33,290.77,0.41,0.61
51.75058,-3.04723,2026-07-22T01:24:00Z,2026-07-22,124,N20,VIIRS,n,nominal,2.0NRT,4.6,N,VIIRS_NOAA20_NRT,True,310.26,285.51,0.41,0.61
51.75622,-3.0465,2026-07-22T01:24:00Z,2026-07-22,124,N20,VIIRS,n,nominal,2.0NRT,4.6,N,VIIRS_NOAA20_NRT,True,332.1,292.5,0.41,0.61
51.75636,-3.05325,2026-07-22T01:24:00Z,2026-07-22,124,N20,VIIRS,n,nominal,2.0NRT,4.6,N,VIIRS_NOAA20_NRT,True,344.8,291.04,0.41,0.61
51.762,-3.0524,2026-07-22T01:24:00Z,2026-07-22,124,N20,VIIRS,n,nominal,2.0NRT,1.51,N,VIIRS_NOAA20_NRT,True,314.48,285.06,0.41,0.61
52.86399,-3.97965,2026-07-22T01:24:00Z,2026-07-22,124,N20,VIIRS,n,nominal,2.0NRT,0.81,N,VIIRS_NOAA20_NRT,True,301.66,280.99,0.46,0.64
52.86404,-3.98639,2026-07-22T01:24:00Z,2026-07-22,124,N20,VIIRS,n,nominal,2.0NRT,0.81,N,VIIRS_NOAA20_NRT,True,299.7,281.37,0.46,0.64
52.86602,-3.97978,2026-07-22T01:24:00Z,2026-07-22,124,N20,VIIRS,n,nominal,2.0NRT,0.82,N,VIIRS_NOAA20_NRT,True,299.68,280.88,0.46,0.64
51.39648,-3.39464,2026-07-22T02:11:00Z,2026-07-22,211,N21,VIIRS,n,nominal,2.0NRT,1.48,N,VIIRS_NOAA21_NRT,True,310.39,286.47,0.42,0.38
51.68431,-5.02818,2026-07-22T02:11:00Z,2026-07-22,211,N21,VIIRS,n,nominal,2.0NRT,1.37,N,VIIRS_NOAA21_NRT,True,302.53,290.16,0.46,0.39
51.74173,-3.04175,2026-07-22T02:11:00Z,2026-07-22,211,N21,VIIRS,n,nominal,2.0NRT,7.74,N,VIIRS_NOAA21_NRT,True,346.33,296.14,0.41,0.37
51.74252,-3.04782,2026-07-22T02:11:00Z,2026-07-22,211,N21,VIIRS,n,nominal,2.0NRT,7.74,N,VIIRS_NOAA21_NRT,True,309.34,286.68,0.41,0.37
51.74431,-3.03452,2026-07-22T02:11:00Z,2026-07-22,211,N21,VIIRS,n,nominal,2.0NRT,3.62,N,VIIRS_NOAA21_NRT,True,314.46,285.52,0.41,0.37
51.74509,-3.04053,2026-07-22T02:11:00Z,2026-07-22,211,N21,VIIRS,n,nominal,2.0NRT,11.82,N,VIIRS_NOAA21_NRT,True,354.16,313.72,0.41,0.37
51.74588,-3.0466,2026-07-22T02:11:00Z,2026-07-22,211,N21,VIIRS,n,nominal,2.0NRT,11.82,N,VIIRS_NOAA21_NRT,True,326.6,290.5,0.41,0.37
51.74846,-3.03936,2026-07-22T02:11:00Z,2026-07-22,211,N21,VIIRS,n,nominal,2.0NRT,11.82,N,VIIRS_NOAA21_NRT,True,352.3,299.44,0.41,0.37
51.74924,-3.04537,2026-07-22T02:11:00Z,2026-07-22,211,N21,VIIRS,n,nominal,2.0NRT,11.82,N,VIIRS_NOAA21_NRT,True,328.47,290.09,0.41,0.37
51.75004,-3.05146,2026-07-22T02:11:00Z,2026-07-22,211,N21,VIIRS,n,nominal,2.0NRT,0.66,N,VIIRS_NOAA21_NRT,True,295.62,285.53,0.41,0.37
51.75183,-3.03823,2026-07-22T02:11:00Z,2026-07-22,211,N21,VIIRS,n,nominal,2.0NRT,2.77,N,VIIRS_NOAA21_NRT,True,308.67,285.96,0.41,0.37
51.75261,-3.04419,2026-07-22T02:11:00Z,2026-07-22,211,N21,VIIRS,n,nominal,2.0NRT,2.77,N,VIIRS_NOAA21_NRT,True,333.0,292.52,0.41,0.37
51.7534,-3.05023,2026-07-22T02:11:00Z,2026-07-22,211,N21,VIIRS,n,nominal,2.0NRT,9.94,N,VIIRS_NOAA21_NRT,True,341.42,295.23,0.41,0.37
51.75565,-3.0422,2026-07-22T02:11:00Z,2026-07-22,211,N21,VIIRS,n,nominal,2.0NRT,9.15,N,VIIRS_NOAA21_NRT,True,299.53,284.31,0.41,0.37
51.75599,-3.0431,2026-07-22T02:11:00Z,2026-07-22,211,N21,VIIRS,n,nominal,2.0NRT,2.77,N,VIIRS_NOAA21_NRT,True,314.11,286.16,0.41,0.37
51.75641,-3.04814,2026-07-22T02:11:00Z,2026-07-22,211,N21,VIIRS,n,nominal,2.0NRT,9.15,N,VIIRS_NOAA21_NRT,True,355.82,305.73,0.41,0.37
51.75677,-3.04905,2026-07-22T02:11:00Z,2026-07-22,211,N21,VIIRS,n,nominal,2.0NRT,9.94,N,VIIRS_NOAA21_NRT,True,355.61,313.86,0.41,0.37
51.75718,-3.05416,2026-07-22T02:11:00Z,2026-07-22,211,N21,VIIRS,n,nominal,2.0NRT,6.23,N,VIIRS_NOAA21_NRT,True,335.59,301.51,0.41,0.37
51.75755,-3.05505,2026-07-22T02:11:00Z,2026-07-22,211,N21,VIIRS,n,nominal,2.0NRT,9.94,N,VIIRS_NOAA21_NRT,True,326.97,292.85,0.41,0.37
51.76055,-3.05297,2026-07-22T02:11:00Z,2026-07-22,211,N21,VIIRS,n,nominal,2.0NRT,6.23,N,VIIRS_NOAA21_NRT,True,296.7,283.52,0.41,0.37
52.8626,-3.98184,2026-07-22T02:11:00Z,2026-07-22,211,N21,VIIRS,n,nominal,2.0NRT,1.11,N,VIIRS_NOAA21_NRT,True,300.57,282.05,0.45,0.39
51.39723,-3.39666,2026-07-22T02:45:00Z,2026-07-22,245,N,VIIRS,n,nominal,2.0NRT,0.75,N,VIIRS_SNPP_NRT,True,308.2,284.99,0.41,0.37
51.67529,-4.11497,2026-07-22T02:45:00Z,2026-07-22,245,N,VIIRS,n,nominal,2.0NRT,0.39,N,VIIRS_SNPP_NRT,True,297.91,285.81,0.4,0.37
51.68502,-5.03119,2026-07-22T02:45:00Z,2026-07-22,245,N,VIIRS,n,nominal,2.0NRT,0.95,N,VIIRS_SNPP_NRT,True,299.79,289.18,0.39,0.36
51.74205,-3.03809,2026-07-22T02:45:00Z,2026-07-22,245,N,VIIRS,n,nominal,2.0NRT,9.34,N,VIIRS_SNPP_NRT,True,310.96,285.53,0.41,0.37
51.74313,-3.04381,2026-07-22T02:45:00Z,2026-07-22,245,N,VIIRS,n,nominal,2.0NRT,9.34,N,VIIRS_SNPP_NRT,True,348.18,295.35,0.41,0.37
51.7442,-3.04949,2026-07-22T02:45:00Z,2026-07-22,245,N,VIIRS,n,nominal,2.0NRT,1.42,N,VIIRS_SNPP_NRT,True,297.14,285.21,0.41,0.37
51.7454,-3.03654,2026-07-22T02:45:00Z,2026-07-22,245,N,VIIRS,n,nominal,2.0NRT,9.34,N,VIIRS_SNPP_NRT,True,336.48,293.31,0.41,0.37
51.74648,-3.04228,2026-07-22T02:45:00Z,2026-07-22,245,N,VIIRS,n,nominal,2.0NRT,9.34,N,VIIRS_SNPP_NRT,True,350.66,306.63,0.41,0.37
51.74755,-3.04797,2026-07-22T02:45:00Z,2026-07-22,245,N,VIIRS,n,nominal,2.0NRT,1.42,N,VIIRS_SNPP_NRT,True,312.51,287.22,0.41,0.37
51.74872,-3.03492,2026-07-22T02:45:00Z,2026-07-22,245,N,VIIRS,n,nominal,2.0NRT,3.99,N,VIIRS_SNPP_NRT,True,325.87,287.9,0.41,0.37
51.74981,-3.0407,2026-07-22T02:45:00Z,2026-07-22,245,N,VIIRS,n,nominal,2.0NRT,3.99,N,VIIRS_SNPP_NRT,True,345.12,297.74,0.41,0.37
51.7509,-3.04645,2026-07-22T02:45:00Z,2026-07-22,245,N,VIIRS,n,nominal,2.0NRT,2.94,N,VIIRS_SNPP_NRT,True,310.95,286.64,0.41,0.37
51.75197,-3.05214,2026-07-22T02:45:00Z,2026-07-22,245,N,VIIRS,n,nominal,2.0NRT,2.94,N,VIIRS_SNPP_NRT,True,295.78,284.83,0.41,0.37
51.75314,-3.03907,2026-07-22T02:45:00Z,2026-07-22,245,N,VIIRS,n,nominal,2.0NRT,3.99,N,VIIRS_SNPP_NRT,True,300.1,284.91,0.41,0.37
51.75423,-3.04487,2026-07-22T02:45:00Z,2026-07-22,245,N,VIIRS,n,nominal,2.0NRT,2.94,N,VIIRS_SNPP_NRT,True,326.03,289.16,0.41,0.37
51.75531,-3.05061,2026-07-22T02:45:00Z,2026-07-22,245,N,VIIRS,n,nominal,2.0NRT,2.94,N,VIIRS_SNPP_NRT,True,344.77,294.38,0.41,0.37
51.75639,-3.05633,2026-07-22T02:45:00Z,2026-07-22,245,N,VIIRS,n,nominal,2.0NRT,1.43,N,VIIRS_SNPP_NRT,True,296.54,284.43,0.41,0.37
51.75755,-3.04318,2026-07-22T02:45:00Z,2026-07-22,245,N,VIIRS,n,nominal,2.0NRT,2.39,N,VIIRS_SNPP_NRT,True,300.04,284.38,0.41,0.37
51.75865,-3.04901,2026-07-22T02:45:00Z,2026-07-22,245,N,VIIRS,n,nominal,2.0NRT,2.39,N,VIIRS_SNPP_NRT,True,337.31,292.08,0.41,0.37
51.75974,-3.05481,2026-07-22T02:45:00Z,2026-07-22,245,N,VIIRS,n,nominal,2.0NRT,1.72,N,VIIRS_SNPP_NRT,True,306.08,284.86,0.41,0.37
51.39607,-3.39362,2026-07-22T03:04:00Z,2026-07-22,304,N20,VIIRS,n,nominal,2.0NRT,0.99,N,VIIRS_NOAA20_NRT,True,307.58,285.21,0.43,0.46
51.74086,-3.04143,2026-07-22T03:04:00Z,2026-07-22,304,N20,VIIRS,n,nominal,2.0NRT,8.05,N,VIIRS_NOAA20_NRT,True,298.07,284.65,0.43,0.46
51.7449,-3.03926,2026-07-22T03:04:00Z,2026-07-22,304,N20,VIIRS,n,nominal,2.0NRT,8.05,N,VIIRS_NOAA20_NRT,True,353.66,305.0,0.43,0.46
51.7452,-3.03865,2026-07-22T03:04:00Z,2026-07-22,304,N20,VIIRS,n,nominal,2.0NRT,8.05,N,VIIRS_NOAA20_NRT,True,347.89,304.13,0.43,0.46
51.74628,-3.04484,2026-07-22T03:04:00Z,2026-07-22,304,N20,VIIRS,n,nominal,2.0NRT,7.13,N,VIIRS_NOAA20_NRT,True,327.81,289.07,0.43,0.46
51.74661,-3.04424,2026-07-22T03:04:00Z,2026-07-22,304,N20,VIIRS,n,nominal,2.0NRT,8.05,N,VIIRS_NOAA20_NRT,True,335.59,290.93,0.43,0.46
51.74889,-3.03688,2026-07-22T03:04:00Z,2026-07-22,304,N20,VIIRS,n,nominal,2.0NRT,10.36,N,VIIRS_NOAA20_NRT,True,347.96,295.45,0.43,0.46
51.74918,-3.03623,2026-07-22T03:04:00Z,2026-07-22,304,N20,VIIRS,n,nominal,2.0NRT,8.05,N,VIIRS_NOAA20_NRT,True,340.46,293.21,0.43,0.46
51.7503,-3.04259,2026-07-22T03:04:00Z,2026-07-22,304,N20,VIIRS,n,nominal,2.0NRT,3.17,N,VIIRS_NOAA20_NRT,True,325.98,288.98,0.43,0.46
51.75062,-3.04195,2026-07-22T03:04:00Z,2026-07-22,304,N20,VIIRS,n,nominal,2.0NRT,8.05,N,VIIRS_NOAA20_NRT,True,327.0,289.8,0.43,0.46
51.75168,-3.04819,2026-07-22T03:04:00Z,2026-07-22,304,N20,VIIRS,n,nominal,2.0NRT,3.17,N,VIIRS_NOAA20_NRT,True,304.16,285.13,0.43,0.46
51.75203,-3.04758,2026-07-22T03:04:00Z,2026-07-22,304,N20,VIIRS,n,nominal,2.0NRT,3.79,N,VIIRS_NOAA20_NRT,True,312.66,286.99,0.43,0.46
51.75424,-3.04001,2026-07-22T03:04:00Z,2026-07-22,304,N20,VIIRS,n,nominal,2.0NRT,3.17,N,VIIRS_NOAA20_NRT,True,307.1,285.96,0.43,0.46
51.75455,-3.03934,2026-07-22T03:04:00Z,2026-07-22,304,N20,VIIRS,n,nominal,2.0NRT,0.94,N,VIIRS_NOAA20_NRT,True,296.54,283.82,0.43,0.46
51.75568,-3.04587,2026-07-22T03:04:00Z,2026-07-22,304,N20,VIIRS,n,nominal,2.0NRT,3.17,N,VIIRS_NOAA20_NRT,True,334.64,290.78,0.43,0.46
51.75602,-3.04518,2026-07-22T03:04:00Z,2026-07-22,304,N20,VIIRS,n,nominal,2.0NRT,4.23,N,VIIRS_NOAA20_NRT,True,328.73,288.74,0.43,0.46
51.75707,-3.05154,2026-07-22T03:04:00Z,2026-07-22,304,N20,VIIRS,n,nominal,2.0NRT,3.84,N,VIIRS_NOAA20_NRT,True,327.06,288.18,0.43,0.46
51.75745,-3.05088,2026-07-22T03:04:00Z,2026-07-22,304,N20,VIIRS,n,nominal,2.0NRT,4.23,N,VIIRS_NOAA20_NRT,True,332.19,289.26,0.43,0.46
51.68377,-5.03181,2026-07-22T03:49:00Z,2026-07-22,349,N21,VIIRS,n,nominal,2.0NRT,1.4,N,VIIRS_NOAA21_NRT,True,296.3,286.2,0.56,0.69
51.74015,-3.03969,2026-07-22T03:49:00Z,2026-07-22,349,N21,VIIRS,n,nominal,2.0NRT,5.28,N,VIIRS_NOAA21_NRT,True,306.75,284.51,0.66,0.73
51.74294,-3.04692,2026-07-22T03:49:00Z,2026-07-22,349,N21,VIIRS,n,nominal,2.0NRT,4.73,N,VIIRS_NOAA21_NRT,True,304.99,284.75,0.66,0.73
51.74632,-3.03511,2026-07-22T03:49:00Z,2026-07-22,349,N21,VIIRS,n,nominal,2.0NRT,5.28,N,VIIRS_NOAA21_NRT,True,318.62,284.42,0.66,0.73
51.74924,-3.04267,2026-07-22T03:49:00Z,2026-07-22,349,N21,VIIRS,n,nominal,2.0NRT,4.73,N,VIIRS_NOAA21_NRT,True,313.64,285.64,0.66,0.73
51.75202,-3.04989,2026-07-22T03:49:00Z,2026-07-22,349,N21,VIIRS,n,nominal,2.0NRT,4.73,N,VIIRS_NOAA21_NRT,True,305.88,284.51,0.66,0.73
51.7579,-3.04455,2026-07-22T03:49:00Z,2026-07-22,349,N21,VIIRS,n,nominal,2.0NRT,1.34,N,VIIRS_NOAA21_NRT,True,298.08,282.72,0.66,0.73
52.20984,-3.09196,2026-07-22T11:57:00Z,2026-07-22,1157,N21,VIIRS,n,nominal,2.0NRT,4.53,D,VIIRS_NOAA21_NRT,True,325.65,282.1,0.62,0.54
51.74443,-3.04058,2026-07-22T12:34:00Z,2026-07-22,1234,N,VIIRS,n,nominal,2.0NRT,12.25,D,VIIRS_SNPP_NRT,True,349.8,298.42,0.54,0.42
51.74984,-3.03509,2026-07-22T12:34:00Z,2026-07-22,1234,N,VIIRS,n,nominal,2.0NRT,5.73,D,VIIRS_SNPP_NRT,True,326.58,291.19,0.54,0.42
51.75552,-3.047,2026-07-22T12:34:00Z,2026-07-22,1234,N,VIIRS,n,nominal,2.0NRT,11.59,D,VIIRS_SNPP_NRT,True,347.98,301.89,0.54,0.42
52.20613,-3.09307,2026-07-22T12:34:00Z,2026-07-22,1234,N,VIIRS,n,nominal,2.0NRT,4.89,D,VIIRS_SNPP_NRT,True,329.78,291.03,0.53,0.42
52.20773,-3.08586,2026-07-22T12:34:00Z,2026-07-22,1234,N,VIIRS,n,nominal,2.0NRT,5.89,D,VIIRS_SNPP_NRT,True,331.58,293.93,0.52,0.42
52.20968,-3.09575,2026-07-22T12:34:00Z,2026-07-22,1234,N,VIIRS,n,nominal,2.0NRT,5.76,D,VIIRS_SNPP_NRT,True,330.87,289.23,0.53,0.42
51.74244,-3.04032,2026-07-22T12:51:00Z,2026-07-22,1251,N20,VIIRS,n,nominal,2.0NRT,3.34,D,VIIRS_NOAA20_NRT,True,335.17,295.17,0.39,0.36
51.74569,-3.04169,2026-07-22T12:51:00Z,2026-07-22,1251,N20,VIIRS,n,nominal,2.0NRT,8.08,D,VIIRS_NOAA20_NRT,True,347.64,299.03,0.39,0.36
51.7466,-3.03618,2026-07-22T12:51:00Z,2026-07-22,1251,N20,VIIRS,n,nominal,2.0NRT,3.44,D,VIIRS_NOAA20_NRT,True,334.9,291.26,0.39,0.36
51.74983,-3.03757,2026-07-22T12:51:00Z,2026-07-22,1251,N20,VIIRS,n,nominal,2.0NRT,3.44,D,VIIRS_NOAA20_NRT,True,332.2,295.75,0.39,0.36
51.75217,-3.04445,2026-07-22T12:51:00Z,2026-07-22,1251,N20,VIIRS,n,nominal,2.0NRT,4.42,D,VIIRS_NOAA20_NRT,True,329.55,297.15,0.39,0.36
51.7545,-3.05136,2026-07-22T12:51:00Z,2026-07-22,1251,N20,VIIRS,n,nominal,2.0NRT,4.42,D,VIIRS_NOAA20_NRT,True,333.53,298.28,0.39,0.36
51.75541,-3.04584,2026-07-22T12:51:00Z,2026-07-22,1251,N20,VIIRS,n,nominal,2.0NRT,4.42,D,VIIRS_NOAA20_NRT,True,348.34,301.81,0.39,0.36
51.75774,-3.05273,2026-07-22T12:51:00Z,2026-07-22,1251,N20,VIIRS,n,nominal,2.0NRT,2.96,D,VIIRS_NOAA20_NRT,True,333.35,294.27,0.39,0.36
51.75864,-3.04724,2026-07-22T12:51:00Z,2026-07-22,1251,N20,VIIRS,n,nominal,2.0NRT,2.96,D,VIIRS_NOAA20_NRT,True,329.85,289.78,0.39,0.36
51.79565,-2.96957,2026-07-22T12:51:00Z,2026-07-22,1251,N20,VIIRS,n,nominal,2.0NRT,2.79,D,VIIRS_NOAA20_NRT,True,336.19,292.6,0.39,0.36
52.20755,-3.08984,2026-07-22T12:51:00Z,2026-07-22,1251,N20,VIIRS,n,nominal,2.0NRT,38.74,D,VIIRS_NOAA20_NRT,True,341.37,307.61,0.39,0.36
52.84094,-3.98549,2026-07-22T12:51:00Z,2026-07-22,1251,N20,VIIRS,n,nominal,2.0NRT,1.29,D,VIIRS_NOAA20_NRT,True,332.0,296.82,0.39,0.36
52.86321,-3.97754,2026-07-22T12:51:00Z,2026-07-22,1251,N20,VIIRS,n,nominal,2.0NRT,4.15,D,VIIRS_NOAA20_NRT,True,335.66,296.16,0.39,0.36
51.74358,-3.04429,2026-07-22T13:38:00Z,2026-07-22,1338,N21,VIIRS,n,nominal,2.0NRT,7.12,D,VIIRS_NOAA21_NRT,True,329.22,286.82,0.54,0.51
51.74862,-3.03792,2026-07-22T13:38:00Z,2026-07-22,1338,N21,VIIRS,n,nominal,2.0NRT,9.91,D,VIIRS_NOAA21_NRT,True,330.97,290.81,0.54,0.51
51.75751,-3.04674,2026-07-22T13:38:00Z,2026-07-22,1338,N21,VIIRS,n,nominal,2.0NRT,13.79,D,VIIRS_NOAA21_NRT,True,334.23,289.87,0.54,0.51
52.20677,-3.09394,2026-07-22T13:38:00Z,2026-07-22,1338,N21,VIIRS,n,nominal,2.0NRT,19.73,D,VIIRS_NOAA21_NRT,True,347.9,294.39,0.54,0.51
52.86566,-3.97506,2026-07-22T13:38:00Z,2026-07-22,1338,N21,VIIRS,n,nominal,2.0NRT,5.21,D,VIIRS_NOAA21_NRT,True,338.28,296.95,0.5,0.49
51.74464,-3.04071,2026-07-22T14:14:00Z,2026-07-22,1414,N,VIIRS,n,nominal,2.0NRT,6.83,D,VIIRS_SNPP_NRT,True,326.91,285.4,0.51,0.66
52.20757,-3.09067,2026-07-22T14:14:00Z,2026-07-22,1414,N,VIIRS,n,nominal,2.0NRT,5.99,D,VIIRS_SNPP_NRT,True,346.29,284.71,0.51,0.66
52.86452,-3.97162,2026-07-22T14:14:00Z,2026-07-22,1414,N,VIIRS,n,nominal,2.0NRT,5.37,D,VIIRS_SNPP_NRT,True,340.32,292.45,0.47,0.64
52.86557,-3.98168,2026-07-23T01:05:00Z,2026-07-23,105,N20,VIIRS,n,nominal,2.0NRT,2.67,N,VIIRS_NOAA20_NRT,True,297.5,268.44,0.73,0.76
52.86581,-3.97293,2026-07-23T01:05:00Z,2026-07-23,105,N20,VIIRS,n,nominal,2.0NRT,2.6,N,VIIRS_NOAA20_NRT,True,306.99,267.07,0.73,0.76
52.86968,-3.97578,2026-07-23T01:05:00Z,2026-07-23,105,N20,VIIRS,n,nominal,2.0NRT,2.79,N,VIIRS_NOAA20_NRT,True,312.03,267.73,0.73,0.76
51.4792,-3.13625,2026-07-23T01:49:00Z,2026-07-23,149,N21,VIIRS,n,nominal,2.0NRT,0.37,N,VIIRS_NOAA21_NRT,True,301.91,274.77,0.39,0.44
51.74353,-3.03951,2026-07-23T01:49:00Z,2026-07-23,149,N21,VIIRS,n,nominal,2.0NRT,2.44,N,VIIRS_NOAA21_NRT,True,307.75,272.54,0.39,0.44
51.74405,-3.04546,2026-07-23T01:49:00Z,2026-07-23,149,N21,VIIRS,n,nominal,2.0NRT,1.79,N,VIIRS_NOAA21_NRT,True,304.53,272.54,0.39,0.44
51.7475,-3.03843,2026-07-23T01:49:00Z,2026-07-23,149,N21,VIIRS,n,nominal,2.0NRT,2.44,N,VIIRS_NOAA21_NRT,True,324.53,274.53,0.39,0.44
51.74801,-3.04427,2026-07-23T01:49:00Z,2026-07-23,149,N21,VIIRS,n,nominal,2.0NRT,1.79,N,VIIRS_NOAA21_NRT,True,302.7,271.97,0.39,0.44
51.75198,-3.04323,2026-07-23T01:49:00Z,2026-07-23,149,N21,VIIRS,n,nominal,2.0NRT,1.46,N,VIIRS_NOAA21_NRT,True,298.35,270.78,0.39,0.44
51.7525,-3.04912,2026-07-23T01:49:00Z,2026-07-23,149,N21,VIIRS,n,nominal,2.0NRT,1.46,N,VIIRS_NOAA21_NRT,True,296.67,271.21,0.39,0.44
51.75648,-3.04804,2026-07-23T01:49:00Z,2026-07-23,149,N21,VIIRS,n,nominal,2.0NRT,1.46,N,VIIRS_NOAA21_NRT,True,313.82,273.5,0.39,0.44
51.75698,-3.05389,2026-07-23T01:49:00Z,2026-07-23,149,N21,VIIRS,n,nominal,2.0NRT,1.63,N,VIIRS_NOAA21_NRT,True,303.76,272.61,0.39,0.44
52.20576,-3.09682,2026-07-23T01:49:00Z,2026-07-23,149,N21,VIIRS,n,nominal,2.0NRT,1.85,N,VIIRS_NOAA21_NRT,True,298.01,270.81,0.39,0.44
52.20983,-3.09653,2026-07-23T01:49:00Z,2026-07-23,149,N21,VIIRS,n,nominal,2.0NRT,1.73,N,VIIRS_NOAA21_NRT,True,305.67,273.92,0.39,0.44
52.8634,-3.97228,2026-07-23T01:49:00Z,2026-07-23,149,N21,VIIRS,n,nominal,2.0NRT,2.57,N,VIIRS_NOAA21_NRT,True,313.64,269.83,0.43,0.46
52.86761,-3.97149,2026-07-23T01:49:00Z,2026-07-23,149,N21,VIIRS,n,nominal,2.0NRT,2.57,N,VIIRS_NOAA21_NRT,True,301.39,267.64,0.43,0.46
52.86804,-3.97728,2026-07-23T01:49:00Z,2026-07-23,149,N21,VIIRS,n,nominal,2.0NRT,2.57,N,VIIRS_NOAA21_NRT,True,322.26,269.99,0.43,0.46
51.39791,-3.39335,2026-07-23T02:26:00Z,2026-07-23,226,N,VIIRS,n,nominal,2.0NRT,0.85,N,VIIRS_SNPP_NRT,True,301.68,272.97,0.39,0.36
51.74486,-3.04087,2026-07-23T02:26:00Z,2026-07-23,226,N,VIIRS,n,nominal,2.0NRT,2.93,N,VIIRS_SNPP_NRT,True,322.41,274.99,0.39,0.36
51.74569,-3.04654,2026-07-23T02:26:00Z,2026-07-23,226,N,VIIRS,n,nominal,2.0NRT,1.17,N,VIIRS_SNPP_NRT,True,300.41,271.56,0.39,0.36
51.74815,-3.0396,2026-07-23T02:26:00Z,2026-07-23,226,N,VIIRS,n,nominal,2.0NRT,2.93,N,VIIRS_SNPP_NRT,True,328.57,276.25,0.39,0.36
51.74897,-3.04524,2026-07-23T02:26:00Z,2026-07-23,226,N,VIIRS,n,nominal,2.0NRT,1.17,N,VIIRS_SNPP_NRT,True,300.28,271.92,0.39,0.36
51.75145,-3.03834,2026-07-23T02:26:00Z,2026-07-23,226,N,VIIRS,n,nominal,2.0NRT,0.75,N,VIIRS_SNPP_NRT,True,301.87,270.62,0.39,0.36
51.75226,-3.04396,2026-07-23T02:26:00Z,2026-07-23,226,N,VIIRS,n,nominal,2.0NRT,1.4,N,VIIRS_SNPP_NRT,True,301.95,271.83,0.39,0.36
51.75308,-3.04961,2026-07-23T02:26:00Z,2026-07-23,226,N,VIIRS,n,nominal,2.0NRT,1.4,N,VIIRS_SNPP_NRT,True,299.53,271.74,0.39,0.36
51.75638,-3.04834,2026-07-23T02:26:00Z,2026-07-23,226,N,VIIRS,n,nominal,2.0NRT,1.4,N,VIIRS_SNPP_NRT,True,319.39,276.26,0.39,0.36
51.75719,-3.05397,2026-07-23T02:26:00Z,2026-07-23,226,N,VIIRS,n,nominal,2.0NRT,1.49,N,VIIRS_SNPP_NRT,True,306.93,273.84,0.39,0.36
51.82986,-4.35952,2026-07-23T02:26:00Z,2026-07-23,226,N,VIIRS,n,nominal,2.0NRT,0.53,N,VIIRS_SNPP_NRT,True,298.35,276.49,0.41,0.37
52.20386,-3.10125,2026-07-23T02:26:00Z,2026-07-23,226,N,VIIRS,n,nominal,2.0NRT,1.47,N,VIIRS_SNPP_NRT,True,302.37,275.25,0.39,0.36
52.20717,-3.10003,2026-07-23T02:26:00Z,2026-07-23,226,N,VIIRS,n,nominal,2.0NRT,1.47,N,VIIRS_SNPP_NRT,True,307.9,280.11,0.39,0.36
52.20966,-3.09309,2026-07-23T02:26:00Z,2026-07-23,226,N,VIIRS,n,nominal,2.0NRT,1.29,N,VIIRS_SNPP_NRT,True,300.79,277.83,0.39,0.36
52.21048,-3.09885,2026-07-23T02:26:00Z,2026-07-23,226,N,VIIRS,n,nominal,2.0NRT,1.29,N,VIIRS_SNPP_NRT,True,310.24,279.58,0.39,0.36
52.85647,-3.99312,2026-07-23T02:26:00Z,2026-07-23,226,N,VIIRS,n,nominal,2.0NRT,1.23,N,VIIRS_SNPP_NRT,True,315.12,275.17,0.41,0.37
52.85986,-3.99194,2026-07-23T02:26:00Z,2026-07-23,226,N,VIIRS,n,nominal,2.0NRT,1.23,N,VIIRS_SNPP_NRT,True,301.68,275.66,0.41,0.37
52.86242,-3.98454,2026-07-23T02:26:00Z,2026-07-23,226,N,VIIRS,n,nominal,2.0NRT,1.0,N,VIIRS_SNPP_NRT,True,296.49,274.37,0.41,0.37
52.86423,-3.97148,2026-07-23T02:26:00Z,2026-07-23,226,N,VIIRS,n,nominal,2.0NRT,2.3,N,VIIRS_SNPP_NRT,True,321.9,274.22,0.41,0.37
52.86501,-3.97734,2026-07-23T02:26:00Z,2026-07-23,226,N,VIIRS,n,nominal,2.0NRT,2.3,N,VIIRS_SNPP_NRT,True,315.66,274.31,0.41,0.37
52.86839,-3.97613,2026-07-23T02:26:00Z,2026-07-23,226,N,VIIRS,n,nominal,2.0NRT,4.23,N,VIIRS_SNPP_NRT,True,340.76,275.88,0.41,0.37
51.3977,-3.39466,2026-07-23T02:45:00Z,2026-07-23,245,N20,VIIRS,n,nominal,2.0NRT,0.79,N,VIIRS_NOAA20_NRT,True,295.9,270.43,0.45,0.39
51.68432,-5.03002,2026-07-23T02:45:00Z,2026-07-23,245,N20,VIIRS,n,nominal,2.0NRT,1.23,N,VIIRS_NOAA20_NRT,True,303.58,283.18,0.41,0.37
51.74276,-3.0444,2026-07-23T02:45:00Z,2026-07-23,245,N20,VIIRS,n,nominal,2.0NRT,1.03,N,VIIRS_NOAA20_NRT,True,300.58,275.93,0.45,0.39
51.74497,-3.03665,2026-07-23T02:45:00Z,2026-07-23,245,N20,VIIRS,n,nominal,2.0NRT,2.04,N,VIIRS_NOAA20_NRT,True,312.81,278.94,0.45,0.39
51.74622,-3.04277,2026-07-23T02:45:00Z,2026-07-23,245,N20,VIIRS,n,nominal,2.0NRT,2.94,N,VIIRS_NOAA20_NRT,True,317.95,278.57,0.45,0.39
51.74839,-3.03487,2026-07-23T02:45:00Z,2026-07-23,245,N20,VIIRS,n,nominal,2.0NRT,2.04,N,VIIRS_NOAA20_NRT,True,313.19,276.37,0.45,0.39
51.74966,-3.04106,2026-07-23T02:45:00Z,2026-07-23,245,N20,VIIRS,n,nominal,2.0NRT,2.94,N,VIIRS_NOAA20_NRT,True,319.66,278.01,0.45,0.39
51.75307,-3.03926,2026-07-23T02:45:00Z,2026-07-23,245,N20,VIIRS,n,nominal,2.0NRT,1.18,N,VIIRS_NOAA20_NRT,True,295.42,273.46,0.45,0.39
51.75434,-3.04549,2026-07-23T02:45:00Z,2026-07-23,245,N20,VIIRS,n,nominal,2.0NRT,1.18,N,VIIRS_NOAA20_NRT,True,313.94,277.48,0.45,0.39
51.75558,-3.05159,2026-07-23T02:45:00Z,2026-07-23,245,N20,VIIRS,n,nominal,2.0NRT,1.55,N,VIIRS_NOAA20_NRT,True,302.91,275.42,0.45,0.39
51.75774,-3.0436,2026-07-23T02:45:00Z,2026-07-23,245,N20,VIIRS,n,nominal,2.0NRT,1.18,N,VIIRS_NOAA20_NRT,True,296.67,273.27,0.45,0.39
51.75901,-3.04986,2026-07-23T02:45:00Z,2026-07-23,245,N20,VIIRS,n,nominal,2.0NRT,1.55,N,VIIRS_NOAA20_NRT,True,310.66,275.63,0.45,0.39
52.20461,-3.10153,2026-07-23T02:45:00Z,2026-07-23,245,N20,VIIRS,n,nominal,2.0NRT,1.16,N,VIIRS_NOAA20_NRT,True,303.57,273.75,0.44,0.39
52.20679,-3.09368,2026-07-23T02:45:00Z,2026-07-23,245,N20,VIIRS,n,nominal,2.0NRT,1.06,N,VIIRS_NOAA20_NRT,True,299.13,277.02,0.44,0.39
52.20798,-3.09965,2026-07-23T02:45:00Z,2026-07-23,245,N20,VIIRS,n,nominal,2.0NRT,1.34,N,VIIRS_NOAA20_NRT,True,303.49,276.4,0.44,0.39
52.21012,-3.09163,2026-07-23T02:45:00Z,2026-07-23,245,N20,VIIRS,n,nominal,2.0NRT,1.06,N,VIIRS_NOAA20_NRT,True,298.64,276.05,0.44,0.39
52.21134,-3.09769,2026-07-23T02:45:00Z,2026-07-23,245,N20,VIIRS,n,nominal,2.0NRT,1.34,N,VIIRS_NOAA20_NRT,True,305.73,275.82,0.44,0.39
52.85619,-3.98833,2026-07-23T02:45:00Z,2026-07-23,245,N20,VIIRS,n,nominal,2.0NRT,1.34,N,VIIRS_NOAA20_NRT,True,308.69,275.63,0.41,0.37
52.8628,-3.98496,2026-07-23T02:45:00Z,2026-07-23,245,N20,VIIRS,n,nominal,2.0NRT,1.53,N,VIIRS_NOAA20_NRT,True,308.68,275.34,0.41,0.37
52.86381,-3.97112,2026-07-23T02:45:00Z,2026-07-23,245,N20,VIIRS,n,nominal,2.0NRT,1.99,N,VIIRS_NOAA20_NRT,True,316.9,273.93,0.41,0.37
52.86496,-3.97724,2026-07-23T02:45:00Z,2026-07-23,245,N20,VIIRS,n,nominal,2.0NRT,1.99,N,VIIRS_NOAA20_NRT,True,296.09,273.58,0.41,0.37
52.86611,-3.98332,2026-07-23T02:45:00Z,2026-07-23,245,N20,VIIRS,n,nominal,2.0NRT,0.45,N,VIIRS_NOAA20_NRT,True,295.02,274.56,0.41,0.37
52.8671,-3.96935,2026-07-23T02:45:00Z,2026-07-23,245,N20,VIIRS,n,nominal,2.0NRT,1.99,N,VIIRS_NOAA20_NRT,True,309.54,272.28,0.41,0.37
52.86826,-3.9755,2026-07-23T02:45:00Z,2026-07-23,245,N20,VIIRS,n,nominal,2.0NRT,1.99,N,VIIRS_NOAA20_NRT,True,337.96,274.74,0.41,0.37
52.20617,-3.09694,2026-07-23T03:30:00Z,2026-07-23,330,N21,VIIRS,n,nominal,2.0NRT,2.59,N,VIIRS_NOAA21_NRT,True,301.42,277.79,0.42,0.61
52.86146,-3.98418,2026-07-23T03:30:00Z,2026-07-23,330,N21,VIIRS,n,nominal,2.0NRT,1.74,N,VIIRS_NOAA21_NRT,True,311.09,269.3,0.37,0.58
52.86444,-3.97442,2026-07-23T03:30:00Z,2026-07-23,330,N21,VIIRS,n,nominal,2.0NRT,2.59,N,VIIRS_NOAA21_NRT,True,315.16,269.59,0.37,0.58
51.74469,-3.04052,2026-07-23T03:32:00Z,2026-07-23,332,N21,VIIRS,n,nominal,2.0NRT,3.43,N,VIIRS_NOAA21_NRT,True,309.4,271.04,0.44,0.62
51.74777,-3.04021,2026-07-23T03:32:00Z,2026-07-23,332,N21,VIIRS,n,nominal,2.0NRT,3.67,N,VIIRS_NOAA21_NRT,True,308.61,267.65,0.44,0.62
51.74987,-3.03651,2026-07-23T03:32:00Z,2026-07-23,332,N21,VIIRS,n,nominal,2.0NRT,1.35,N,VIIRS_NOAA21_NRT,True,295.52,263.89,0.44,0.62
51.75339,-3.04726,2026-07-23T03:32:00Z,2026-07-23,332,N21,VIIRS,n,nominal,2.0NRT,1.84,N,VIIRS_NOAA21_NRT,True,297.25,266.71,0.44,0.62
51.74837,-3.03597,2026-07-23T04:06:00Z,2026-07-23,406,N,VIIRS,n,nominal,2.0NRT,3.32,N,VIIRS_SNPP_NRT,True,296.59,269.04,0.72,0.76
51.75152,-3.03869,2026-07-23T04:06:00Z,2026-07-23,406,N,VIIRS,n,nominal,2.0NRT,1.92,N,VIIRS_SNPP_NRT,True,298.23,269.13,0.72,0.76
51.75504,-3.04731,2026-07-23T04:06:00Z,2026-07-23,406,N,VIIRS,n,nominal,2.0NRT,1.92,N,VIIRS_SNPP_NRT,True,295.43,269.08,0.72,0.76
51.74642,-3.03677,2026-07-23T11:40:00Z,2026-07-23,1140,N21,VIIRS,n,nominal,2.0NRT,6.3,D,VIIRS_NOAA21_NRT,True,331.75,293.33,0.49,0.65
51.7514,-3.03676,2026-07-23T11:40:00Z,2026-07-23,1140,N21,VIIRS,n,nominal,2.0NRT,10.98,D,VIIRS_NOAA21_NRT,True,325.82,291.62,0.49,0.65
52.86558,-3.97706,2026-07-23T11:40:00Z,2026-07-23,1140,N21,VIIRS,n,nominal,2.0NRT,7.42,D,VIIRS_NOAA21_NRT,True,351.27,287.1,0.48,0.65
52.8674,-3.9718,2026-07-23T11:40:00Z,2026-07-23,1140,N21,VIIRS,n,nominal,2.0NRT,7.42,D,VIIRS_NOAA21_NRT,True,326.62,281.15,0.48,0.65
51.74667,-3.03875,2026-07-23T12:14:00Z,2026-07-23,1214,N,VIIRS,n,nominal,2.0NRT,6.35,D,VIIRS_SNPP_NRT,True,337.12,299.84,0.53,0.5
51.75098,-3.04186,2026-07-23T12:14:00Z,2026-07-23,1214,N,VIIRS,l,low,2.0NRT,4.35,D,VIIRS_SNPP_NRT,True,326.74,300.21,0.53,0.5
51.75527,-3.04503,2026-07-23T12:14:00Z,2026-07-23,1214,N,VIIRS,n,nominal,2.0NRT,4.35,D,VIIRS_SNPP_NRT,True,330.71,297.31,0.53,0.5
52.86559,-3.97765,2026-07-23T12:17:00Z,2026-07-23,1217,N,VIIRS,n,nominal,2.0NRT,14.13,D,VIIRS_SNPP_NRT,True,355.62,287.6,0.54,0.5
52.86747,-3.97922,2026-07-23T12:17:00Z,2026-07-23,1217,N,VIIRS,n,nominal,2.0NRT,11.62,D,VIIRS_SNPP_NRT,True,354.91,288.3,0.54,0.51
52.87,-3.98049,2026-07-23T12:17:00Z,2026-07-23,1217,N,VIIRS,n,nominal,2.0NRT,4.71,D,VIIRS_SNPP_NRT,True,333.19,286.92,0.54,0.5
51.7455,-3.03908,2026-07-23T12:34:00Z,2026-07-23,1234,N20,VIIRS,n,nominal,2.0NRT,9.13,D,VIIRS_NOAA20_NRT,True,347.15,312.01,0.48,0.4
51.74901,-3.04099,2026-07-23T12:34:00Z,2026-07-23,1234,N20,VIIRS,l,low,2.0NRT,9.46,D,VIIRS_NOAA20_NRT,True,338.32,310.73,0.48,0.4
51.75602,-3.04487,2026-07-23T12:34:00Z,2026-07-23,1234,N20,VIIRS,n,nominal,2.0NRT,3.94,D,VIIRS_NOAA20_NRT,True,332.67,301.42,0.48,0.4
52.86452,-3.98167,2026-07-23T12:34:00Z,2026-07-23,1234,N20,VIIRS,n,nominal,2.0NRT,7.26,D,VIIRS_NOAA20_NRT,True,335.77,288.03,0.49,0.4
52.86592,-3.97507,2026-07-23T12:34:00Z,2026-07-23,1234,N20,VIIRS,n,nominal,2.0NRT,18.05,D,VIIRS_NOAA20_NRT,True,350.35,300.11,0.49,0.4
52.86947,-3.97698,2026-07-23T12:34:00Z,2026-07-23,1234,N20,VIIRS,n,nominal,2.0NRT,13.69,D,VIIRS_NOAA20_NRT,True,352.26,293.49,0.49,0.4
52.20589,-3.09643,2026-07-23T13:21:00Z,2026-07-23,1321,N21,VIIRS,n,nominal,2.0NRT,10.03,D,VIIRS_NOAA21_NRT,True,337.43,303.14,0.52,0.42
51.74633,-3.0347,2026-07-24T01:32:00Z,2026-07-24,132,N21,VIIRS,n,nominal,2.0NRT,4.35,N,VIIRS_NOAA21_NRT,True,316.36,275.43,0.61,0.53
51.7468,-3.04429,2026-07-24T01:32:00Z,2026-07-24,132,N21,VIIRS,n,nominal,2.0NRT,2.46,N,VIIRS_NOAA21_NRT,True,305.16,277.43,0.61,0.53
51.7517,-3.04339,2026-07-24T01:32:00Z,2026-07-24,132,N21,VIIRS,n,nominal,2.0NRT,2.46,N,VIIRS_NOAA21_NRT,True,297.22,275.64,0.61,0.53
51.75336,-3.04357,2026-07-24T01:32:00Z,2026-07-24,132,N21,VIIRS,n,nominal,2.0NRT,2.27,N,VIIRS_NOAA21_NRT,True,299.74,275.06,0.61,0.54
51.75708,-3.05217,2026-07-24T01:32:00Z,2026-07-24,132,N21,VIIRS,n,nominal,2.0NRT,2.46,N,VIIRS_NOAA21_NRT,True,297.99,277.84,0.61,0.54
52.86784,-3.97328,2026-07-24T01:32:00Z,2026-07-24,132,N21,VIIRS,n,nominal,2.0NRT,1.33,N,VIIRS_NOAA21_NRT,True,311.9,278.54,0.34,0.56
52.86798,-3.97763,2026-07-24T01:32:00Z,2026-07-24,132,N21,VIIRS,n,nominal,2.0NRT,1.31,N,VIIRS_NOAA21_NRT,True,295.7,278.78,0.34,0.56
52.86813,-3.98206,2026-07-24T01:32:00Z,2026-07-24,132,N21,VIIRS,n,nominal,2.0NRT,1.31,N,VIIRS_NOAA21_NRT,True,313.99,279.93,0.34,0.56
52.87317,-3.97758,2026-07-24T01:32:00Z,2026-07-24,132,N21,VIIRS,n,nominal,2.0NRT,1.78,N,VIIRS_NOAA21_NRT,True,323.4,279.59,0.34,0.56
52.87332,-3.98197,2026-07-24T01:32:00Z,2026-07-24,132,N21,VIIRS,n,nominal,2.0NRT,1.78,N,VIIRS_NOAA21_NRT,True,306.5,278.72,0.34,0.56
51.39743,-3.39402,2026-07-24T02:09:00Z,2026-07-24,209,N,VIIRS,n,nominal,2.0NRT,1.07,N,VIIRS_SNPP_NRT,True,300.14,278.16,0.51,0.41
51.74334,-3.04516,2026-07-24T02:09:00Z,2026-07-24,209,N,VIIRS,n,nominal,2.0NRT,1.84,N,VIIRS_SNPP_NRT,True,300.7,281.59,0.5,0.41
51.7463,-3.03634,2026-07-24T02:09:00Z,2026-07-24,209,N,VIIRS,n,nominal,2.0NRT,3.62,N,VIIRS_SNPP_NRT,True,324.47,282.68,0.5,0.41
51.74708,-3.04391,2026-07-24T02:09:00Z,2026-07-24,209,N,VIIRS,n,nominal,2.0NRT,1.84,N,VIIRS_SNPP_NRT,True,312.66,284.7,0.5,0.41
51.75005,-3.03535,2026-07-24T02:09:00Z,2026-07-24,209,N,VIIRS,n,nominal,2.0NRT,1.25,N,VIIRS_SNPP_NRT,True,308.41,280.87,0.5,0.41
51.75082,-3.04276,2026-07-24T02:09:00Z,2026-07-24,209,N,VIIRS,n,nominal,2.0NRT,2.14,N,VIIRS_SNPP_NRT,True,303.57,281.52,0.5,0.41
51.75534,-3.0492,2026-07-24T02:09:00Z,2026-07-24,209,N,VIIRS,n,nominal,2.0NRT,2.14,N,VIIRS_SNPP_NRT,True,311.39,283.47,0.5,0.41
52.86909,-3.97756,2026-07-24T02:09:00Z,2026-07-24,209,N,VIIRS,n,nominal,2.0NRT,2.42,N,VIIRS_SNPP_NRT,True,312.93,278.39,0.56,0.43
52.86983,-3.98544,2026-07-24T02:09:00Z,2026-07-24,209,N,VIIRS,n,nominal,2.0NRT,2.35,N,VIIRS_SNPP_NRT,True,309.36,277.91,0.56,0.43
52.87043,-3.97148,2026-07-24T02:09:00Z,2026-07-24,209,N,VIIRS,n,nominal,2.0NRT,0.71,N,VIIRS_SNPP_NRT,True,299.47,277.48,0.56,0.43
52.87112,-3.97914,2026-07-24T02:09:00Z,2026-07-24,209,N,VIIRS,n,nominal,2.0NRT,6.06,N,VIIRS_SNPP_NRT,True,334.21,279.59,0.56,0.43
52.87307,-3.97685,2026-07-24T02:09:00Z,2026-07-24,209,N,VIIRS,n,nominal,2.0NRT,2.42,N,VIIRS_SNPP_NRT,True,320.16,278.35,0.56,0.43
51.39685,-3.39512,2026-07-24T02:26:00Z,2026-07-24,226,N20,VIIRS,n,nominal,2.0NRT,0.7,N,VIIRS_NOAA20_NRT,True,302.73,275.51,0.38,0.36
51.68554,-5.02713,2026-07-24T02:26:00Z,2026-07-24,226,N20,VIIRS,n,nominal,2.0NRT,0.49,N,VIIRS_NOAA20_NRT,True,295.52,275.63,0.39,0.37
51.7436,-3.0407,2026-07-24T02:26:00Z,2026-07-24,226,N20,VIIRS,n,nominal,2.0NRT,1.93,N,VIIRS_NOAA20_NRT,True,313.35,284.54,0.38,0.36
51.74596,-3.03392,2026-07-24T02:26:00Z,2026-07-24,226,N20,VIIRS,n,nominal,2.0NRT,3.01,N,VIIRS_NOAA20_NRT,True,330.85,283.75,0.38,0.36
51.74683,-3.03936,2026-07-24T02:26:00Z,2026-07-24,226,N20,VIIRS,n,nominal,2.0NRT,1.93,N,VIIRS_NOAA20_NRT,True,324.55,289.02,0.38,0.36
51.7477,-3.04481,2026-07-24T02:26:00Z,2026-07-24,226,N20,VIIRS,n,nominal,2.0NRT,1.93,N,VIIRS_NOAA20_NRT,True,299.69,281.82,0.38,0.36
51.7492,-3.03258,2026-07-24T02:26:00Z,2026-07-24,226,N20,VIIRS,n,nominal,2.0NRT,1.58,N,VIIRS_NOAA20_NRT,True,320.77,282.84,0.38,0.36
51.75006,-3.03802,2026-07-24T02:26:00Z,2026-07-24,226,N20,VIIRS,n,nominal,2.0NRT,1.18,N,VIIRS_NOAA20_NRT,True,315.35,284.52,0.38,0.36
51.75093,-3.04347,2026-07-24T02:26:00Z,2026-07-24,226,N20,VIIRS,n,nominal,2.0NRT,1.18,N,VIIRS_NOAA20_NRT,True,297.12,281.21,0.38,0.36
51.75417,-3.04213,2026-07-24T02:26:00Z,2026-07-24,226,N20,VIIRS,n,nominal,2.0NRT,1.18,N,VIIRS_NOAA20_NRT,True,305.19,282.86,0.38,0.36
51.75504,-3.04757,2026-07-24T02:26:00Z,2026-07-24,226,N20,VIIRS,n,nominal,2.0NRT,2.37,N,VIIRS_NOAA20_NRT,True,315.77,285.99,0.38,0.36
51.75827,-3.04623,2026-07-24T02:26:00Z,2026-07-24,226,N20,VIIRS,n,nominal,2.0NRT,0.74,N,VIIRS_NOAA20_NRT,True,297.83,282.24,0.38,0.36
51.75914,-3.05168,2026-07-24T02:26:00Z,2026-07-24,226,N20,VIIRS,n,nominal,2.0NRT,0.74,N,VIIRS_NOAA20_NRT,True,303.65,283.11,0.38,0.36
52.86991,-3.97486,2026-07-24T02:26:00Z,2026-07-24,226,N20,VIIRS,n,nominal,2.0NRT,0.85,N,VIIRS_NOAA20_NRT,True,305.21,275.99,0.39,0.36
52.87073,-3.98046,2026-07-24T02:26:00Z,2026-07-24,226,N20,VIIRS,n,nominal,2.0NRT,1.33,N,VIIRS_NOAA20_NRT,True,324.32,277.68,0.39,0.36
52.87318,-3.97361,2026-07-24T02:26:00Z,2026-07-24,226,N20,VIIRS,n,nominal,2.0NRT,0.85,N,VIIRS_NOAA20_NRT,True,301.88,275.01,0.39,0.36
52.874,-3.97922,2026-07-24T02:26:00Z,2026-07-24,226,N20,VIIRS,n,nominal,2.0NRT,1.33,N,VIIRS_NOAA20_NRT,True,299.08,275.9,0.39,0.36
51.74331,-3.0343,2026-07-24T03:10:00Z,2026-07-24,310,N21,VIIRS,n,nominal,2.0NRT,2.06,N,VIIRS_NOAA21_NRT,True,295.2,273.54,0.58,0.52
51.74426,-3.04178,2026-07-24T03:10:00Z,2026-07-24,310,N21,VIIRS,n,nominal,2.0NRT,2.75,N,VIIRS_NOAA21_NRT,True,302.0,276.3,0.58,0.52
51.74533,-3.04156,2026-07-24T03:10:00Z,2026-07-24,310,N21,VIIRS,n,nominal,2.0NRT,2.06,N,VIIRS_NOAA21_NRT,True,305.9,276.88,0.57,0.52
51.74979,-3.03864,2026-07-24T03:10:00Z,2026-07-24,310,N21,VIIRS,n,nominal,2.0NRT,2.88,N,VIIRS_NOAA21_NRT,True,302.62,274.86,0.57,0.52
51.75183,-3.04593,2026-07-24T03:10:00Z,2026-07-24,310,N21,VIIRS,n,nominal,2.0NRT,3.69,N,VIIRS_NOAA21_NRT,True,297.49,275.32,0.57,0.52
52.86916,-3.98052,2026-07-24T03:10:00Z,2026-07-24,310,N21,VIIRS,n,nominal,2.0NRT,2.8,N,VIIRS_NOAA21_NRT,True,312.98,273.66,0.49,0.48
51.7472,-3.04204,2026-07-24T03:49:00Z,2026-07-24,349,N,VIIRS,n,nominal,2.0NRT,1.74,N,VIIRS_SNPP_NRT,True,303.69,272.43,0.49,0.65
52.86926,-3.98383,2026-07-24T03:49:00Z,2026-07-24,349,N,VIIRS,n,nominal,2.0NRT,0.49,N,VIIRS_SNPP_NRT,True,296.44,272.79,0.42,0.61
52.87376,-3.97779,2026-07-24T03:49:00Z,2026-07-24,349,N,VIIRS,n,nominal,2.0NRT,0.49,N,VIIRS_SNPP_NRT,True,297.33,273.04,0.42,0.61
51.64228,-4.95169,2026-07-24T12:59:00Z,2026-07-24,1259,N21,VIIRS,n,nominal,2.0NRT,2.87,D,VIIRS_NOAA21_NRT,True,330.92,298.88,0.38,0.36
51.64312,-4.94626,2026-07-24T12:59:00Z,2026-07-24,1259,N21,VIIRS,n,nominal,2.0NRT,4.42,D,VIIRS_NOAA21_NRT,True,338.07,301.85,0.38,0.36
51.66449,-3.45891,2026-07-24T12:59:00Z,2026-07-24,1259,N21,VIIRS,n,nominal,2.0NRT,4.68,D,VIIRS_NOAA21_NRT,True,333.66,284.17,0.39,0.36
51.66586,-3.46761,2026-07-24T13:36:00Z,2026-07-24,1336,N,VIIRS,n,nominal,2.0NRT,4.67,D,VIIRS_SNPP_NRT,True,342.8,287.16,0.39,0.44
51.66636,-3.46185,2026-07-24T13:36:00Z,2026-07-24,1336,N,VIIRS,n,nominal,2.0NRT,4.67,D,VIIRS_SNPP_NRT,True,351.35,284.9,0.39,0.44
51.66385,-3.47115,2026-07-24T13:55:00Z,2026-07-24,1355,N20,VIIRS,n,nominal,2.0NRT,4.03,D,VIIRS_NOAA20_NRT,True,331.93,283.18,0.36,0.57
51.66418,-3.46007,2026-07-24T13:55:00Z,2026-07-24,1355,N20,VIIRS,n,nominal,2.0NRT,9.97,D,VIIRS_NOAA20_NRT,True,354.33,283.18,0.36,0.57
51.66624,-3.45935,2026-07-24T13:55:00Z,2026-07-24,1355,N20,VIIRS,n,nominal,2.0NRT,6.82,D,VIIRS_NOAA20_NRT,True,352.69,282.43,0.36,0.57
52.09296,-2.82493,2026-07-25T01:11:00Z,2026-07-25,111,N21,VIIRS,n,nominal,2.0NRT,2.6,N,VIIRS_NOAA21_NRT,True,319.61,282.04,0.48,0.65
52.14161,-2.91704,2026-07-25T01:11:00Z,2026-07-25,111,N21,VIIRS,n,nominal,2.0NRT,3.73,N,VIIRS_NOAA21_NRT,True,329.18,282.04,0.49,0.65
51.45782,-3.22134,2026-07-25T01:13:00Z,2026-07-25,113,N21,VIIRS,n,nominal,2.0NRT,0.57,N,VIIRS_NOAA21_NRT,True,296.08,283.57,0.5,0.66
51.5341,-3.70066,2026-07-25T01:13:00Z,2026-07-25,113,N21,VIIRS,n,nominal,2.0NRT,0.67,N,VIIRS_NOAA21_NRT,True,297.52,281.94,0.53,0.67
51.5388,-3.70221,2026-07-25T01:13:00Z,2026-07-25,113,N21,VIIRS,n,nominal,2.0NRT,0.74,N,VIIRS_NOAA21_NRT,True,297.28,282.54,0.53,0.67
51.66745,-3.45625,2026-07-25T01:13:00Z,2026-07-25,113,N21,VIIRS,n,nominal,2.0NRT,0.66,N,VIIRS_NOAA21_NRT,True,297.63,282.57,0.52,0.66
51.74434,-3.04273,2026-07-25T01:13:00Z,2026-07-25,113,N21,VIIRS,n,nominal,2.0NRT,1.52,N,VIIRS_NOAA21_NRT,True,298.26,284.33,0.49,0.65
51.74566,-3.03602,2026-07-25T01:13:00Z,2026-07-25,113,N21,VIIRS,n,nominal,2.0NRT,2.22,N,VIIRS_NOAA21_NRT,True,301.98,283.52,0.49,0.65
51.7457,-3.04437,2026-07-25T01:13:00Z,2026-07-25,113,N21,VIIRS,n,nominal,2.0NRT,1.7,N,VIIRS_NOAA21_NRT,True,298.95,284.18,0.49,0.65
51.75036,-3.04211,2026-07-25T01:13:00Z,2026-07-25,113,N21,VIIRS,n,nominal,2.0NRT,2.7,N,VIIRS_NOAA21_NRT,True,301.99,283.56,0.49,0.65
51.75173,-3.04366,2026-07-25T01:13:00Z,2026-07-25,113,N21,VIIRS,n,nominal,2.0NRT,1.7,N,VIIRS_NOAA21_NRT,True,295.29,282.84,0.49,0.65
51.75646,-3.0498,2026-07-25T01:13:00Z,2026-07-25,113,N21,VIIRS,n,nominal,2.0NRT,1.76,N,VIIRS_NOAA21_NRT,True,296.24,283.23,0.49,0.65
51.66634,-3.45764,2026-07-25T01:47:00Z,2026-07-25,147,N,VIIRS,n,nominal,2.0NRT,1.56,N,VIIRS_SNPP_NRT,True,308.32,282.88,0.53,0.5
51.74683,-3.04,2026-07-25T01:47:00Z,2026-07-25,147,N,VIIRS,n,nominal,2.0NRT,3.24,N,VIIRS_SNPP_NRT,True,309.9,286.64,0.51,0.5
51.75142,-3.03914,2026-07-25T01:47:00Z,2026-07-25,147,N,VIIRS,n,nominal,2.0NRT,1.25,N,VIIRS_SNPP_NRT,True,302.4,284.2,0.51,0.5
51.75652,-3.04623,2026-07-25T01:47:00Z,2026-07-25,147,N,VIIRS,n,nominal,2.0NRT,2.04,N,VIIRS_SNPP_NRT,True,297.03,283.76,0.51,0.5
52.09097,-2.82226,2026-07-25T01:47:00Z,2026-07-25,147,N,VIIRS,n,nominal,2.0NRT,2.82,N,VIIRS_SNPP_NRT,True,322.42,282.39,0.51,0.49
52.13757,-2.91465,2026-07-25T01:47:00Z,2026-07-25,147,N,VIIRS,n,nominal,2.0NRT,2.89,N,VIIRS_SNPP_NRT,True,327.58,282.19,0.51,0.49
52.13858,-2.91318,2026-07-25T01:47:00Z,2026-07-25,147,N,VIIRS,n,nominal,2.0NRT,3.08,N,VIIRS_SNPP_NRT,True,336.92,282.74,0.51,0.49
52.14216,-2.91388,2026-07-25T01:47:00Z,2026-07-25,147,N,VIIRS,n,nominal,2.0NRT,2.89,N,VIIRS_SNPP_NRT,True,318.32,281.55,0.51,0.49
51.39871,-3.39696,2026-07-25T01:49:00Z,2026-07-25,149,N,VIIRS,n,nominal,2.0NRT,0.25,N,VIIRS_SNPP_NRT,True,298.46,282.63,0.53,0.5
51.39754,-3.39188,2026-07-25T02:09:00Z,2026-07-25,209,N20,VIIRS,n,nominal,2.0NRT,1.03,N,VIIRS_NOAA20_NRT,True,309.54,285.84,0.46,0.39
51.66539,-3.45404,2026-07-25T02:09:00Z,2026-07-25,209,N20,VIIRS,n,nominal,2.0NRT,1.65,N,VIIRS_NOAA20_NRT,True,309.46,283.0,0.46,0.39
51.7451,-3.03546,2026-07-25T02:09:00Z,2026-07-25,209,N20,VIIRS,n,nominal,2.0NRT,1.14,N,VIIRS_NOAA20_NRT,True,298.0,284.96,0.45,0.39
51.74586,-3.04212,2026-07-25T02:09:00Z,2026-07-25,209,N20,VIIRS,n,nominal,2.0NRT,1.14,N,VIIRS_NOAA20_NRT,True,303.67,286.48,0.45,0.39
51.74863,-3.03438,2026-07-25T02:09:00Z,2026-07-25,209,N20,VIIRS,n,nominal,2.0NRT,1.44,N,VIIRS_NOAA20_NRT,True,316.93,287.61,0.45,0.39
51.74939,-3.04095,2026-07-25T02:09:00Z,2026-07-25,209,N20,VIIRS,n,nominal,2.0NRT,1.44,N,VIIRS_NOAA20_NRT,True,309.3,285.29,0.45,0.39
51.75292,-3.03986,2026-07-25T02:09:00Z,2026-07-25,209,N20,VIIRS,n,nominal,2.0NRT,1.44,N,VIIRS_NOAA20_NRT,True,296.49,284.05,0.45,0.39
51.75368,-3.04641,2026-07-25T02:09:00Z,2026-07-25,209,N20,VIIRS,n,nominal,2.0NRT,1.17,N,VIIRS_NOAA20_NRT,True,299.31,284.24,0.45,0.39
51.75722,-3.04536,2026-07-25T02:09:00Z,2026-07-25,209,N20,VIIRS,n,nominal,2.0NRT,1.36,N,VIIRS_NOAA20_NRT,True,298.93,283.89,0.45,0.39
52.09261,-2.82245,2026-07-25T02:09:00Z,2026-07-25,209,N20,VIIRS,n,nominal,2.0NRT,2.54,N,VIIRS_NOAA20_NRT,True,324.21,274.93,0.45,0.39
52.1402,-2.91563,2026-07-25T02:09:00Z,2026-07-25,209,N20,VIIRS,n,nominal,2.0NRT,7.28,N,VIIRS_NOAA20_NRT,True,333.7,280.45,0.45,0.39
51.77155,-4.81272,2026-07-25T02:53:00Z,2026-07-25,253,N21,VIIRS,n,nominal,2.0NRT,2.42,N,VIIRS_NOAA21_NRT,True,320.01,278.78,0.49,0.41
52.08974,-2.82335,2026-07-25T03:49:00Z,2026-07-25,349,N20,VIIRS,n,nominal,2.0NRT,0.81,N,VIIRS_NOAA20_NRT,True,299.37,278.31,0.57,0.69
52.13786,-2.91346,2026-07-25T03:49:00Z,2026-07-25,349,N20,VIIRS,n,nominal,2.0NRT,1.51,N,VIIRS_NOAA20_NRT,True,302.66,280.7,0.56,0.69
52.14043,-2.92045,2026-07-25T03:49:00Z,2026-07-25,349,N20,VIIRS,n,nominal,2.0NRT,1.33,N,VIIRS_NOAA20_NRT,True,299.02,280.46,0.56,0.69
52.14393,-2.91681,2026-07-25T03:49:00Z,2026-07-25,349,N20,VIIRS,n,nominal,2.0NRT,2.03,N,VIIRS_NOAA20_NRT,True,304.85,280.66,0.56,0.69
51.74898,-3.0372,2026-07-25T11:38:00Z,2026-07-25,1138,N,VIIRS,n,nominal,2.0NRT,11.63,D,VIIRS_SNPP_NRT,True,340.72,295.21,0.6,0.71
52.20816,-3.09318,2026-07-25T12:42:00Z,2026-07-25,1242,N21,VIIRS,l,low,2.0NRT,6.75,D,VIIRS_NOAA21_NRT,True,330.45,301.78,0.4,0.37
52.36902,-2.67223,2026-07-25T12:42:00Z,2026-07-25,1242,N21,VIIRS,n,nominal,2.0NRT,4.32,D,VIIRS_NOAA21_NRT,True,343.65,298.04,0.4,0.37
51.74823,-3.03517,2026-07-25T13:18:00Z,2026-07-25,1318,N,VIIRS,n,nominal,2.0NRT,22.68,D,VIIRS_SNPP_NRT,True,348.21,293.1,0.43,0.38
52.20535,-3.09678,2026-07-25T13:18:00Z,2026-07-25,1318,N,VIIRS,n,nominal,2.0NRT,7.82,D,VIIRS_SNPP_NRT,True,341.76,303.65,0.43,0.38
51.74686,-3.03723,2026-07-25T13:36:00Z,2026-07-25,1336,N20,VIIRS,n,nominal,2.0NRT,24.49,D,VIIRS_NOAA20_NRT,True,353.41,302.16,0.47,0.48
51.74729,-3.037,2026-07-25T13:36:00Z,2026-07-25,1336,N20,VIIRS,n,nominal,2.0NRT,16.17,D,VIIRS_NOAA20_NRT,True,353.81,301.32,0.47,0.48
51.74731,-3.03051,2026-07-25T13:36:00Z,2026-07-25,1336,N20,VIIRS,n,nominal,2.0NRT,10.67,D,VIIRS_NOAA20_NRT,True,331.11,282.24,0.47,0.48
51.74777,-3.03024,2026-07-25T13:36:00Z,2026-07-25,1336,N20,VIIRS,n,nominal,2.0NRT,16.17,D,VIIRS_NOAA20_NRT,True,331.69,279.66,0.47,0.48
51.75121,-3.04435,2026-07-25T13:36:00Z,2026-07-25,1336,N20,VIIRS,n,nominal,2.0NRT,9.11,D,VIIRS_NOAA20_NRT,True,330.82,292.2,0.47,0.48
51.75126,-3.03794,2026-07-25T13:36:00Z,2026-07-25,1336,N20,VIIRS,n,nominal,2.0NRT,24.49,D,VIIRS_NOAA20_NRT,True,345.9,290.7,0.47,0.48
51.75169,-3.03767,2026-07-25T13:36:00Z,2026-07-25,1336,N20,VIIRS,n,nominal,2.0NRT,16.17,D,VIIRS_NOAA20_NRT,True,338.85,289.61,0.47,0.48
51.75521,-3.04538,2026-07-25T13:36:00Z,2026-07-25,1336,N20,VIIRS,n,nominal,2.0NRT,5.65,D,VIIRS_NOAA20_NRT,True,335.89,290.56,0.47,0.48
51.74558,-3.03285,2026-07-26T11:38:00Z,2026-07-26,1138,N20,VIIRS,h,high,2.0NRT,21.81,D,VIIRS_NOAA20_NRT,True,367.0,300.73,0.55,0.68
51.75091,-3.03828,2026-07-26T11:38:00Z,2026-07-26,1138,N20,VIIRS,n,nominal,2.0NRT,14.3,D,VIIRS_NOAA20_NRT,True,348.58,297.72,0.55,0.68
51.74704,-3.03669,2026-07-26T12:23:00Z,2026-07-26,1223,N21,VIIRS,n,nominal,2.0NRT,45.23,D,VIIRS_NOAA21_NRT,True,352.35,320.57,0.55,0.43
51.75073,-3.03889,2026-07-26T12:23:00Z,2026-07-26,1223,N21,VIIRS,n,nominal,2.0NRT,14.51,D,VIIRS_NOAA21_NRT,True,347.14,303.32,0.55,0.43
51.56268,-3.08383,2026-07-26T12:57:00Z,2026-07-26,1257,N,VIIRS,n,nominal,2.0NRT,2.66,D,VIIRS_SNPP_NRT,True,333.49,299.58,0.39,0.36
51.74541,-3.03533,2026-07-26T12:57:00Z,2026-07-26,1257,N,VIIRS,n,nominal,2.0NRT,6.25,D,VIIRS_SNPP_NRT,True,345.3,301.2,0.39,0.36
51.74776,-3.04225,2026-07-26T12:57:00Z,2026-07-26,1257,N,VIIRS,n,nominal,2.0NRT,6.25,D,VIIRS_SNPP_NRT,True,330.25,298.53,0.39,0.36
51.74867,-3.03673,2026-07-26T12:57:00Z,2026-07-26,1257,N,VIIRS,n,nominal,2.0NRT,6.25,D,VIIRS_SNPP_NRT,True,352.85,304.48,0.39,0.36
51.75102,-3.04364,2026-07-26T12:57:00Z,2026-07-26,1257,N,VIIRS,n,nominal,2.0NRT,3.67,D,VIIRS_SNPP_NRT,True,332.89,307.33,0.39,0.36
51.75192,-3.03812,2026-07-26T12:57:00Z,2026-07-26,1257,N,VIIRS,n,nominal,2.0NRT,3.67,D,VIIRS_SNPP_NRT,True,332.97,303.39,0.39,0.36
51.75428,-3.04503,2026-07-26T12:57:00Z,2026-07-26,1257,N,VIIRS,n,nominal,2.0NRT,3.67,D,VIIRS_SNPP_NRT,True,341.89,308.73,0.39,0.36
53.34015,-3.31324,2026-07-26T12:59:00Z,2026-07-26,1259,N,VIIRS,n,nominal,2.0NRT,2.14,D,VIIRS_SNPP_NRT,True,327.26,285.36,0.38,0.36
51.74479,-3.03949,2026-07-26T13:18:00Z,2026-07-26,1318,N20,VIIRS,n,nominal,2.0NRT,15.16,D,VIIRS_NOAA20_NRT,True,343.39,314.96,0.47,0.4
51.74549,-3.0329,2026-07-26T13:18:00Z,2026-07-26,1318,N20,VIIRS,n,nominal,2.0NRT,13.38,D,VIIRS_NOAA20_NRT,True,336.77,302.11,0.47,0.4
51.74839,-3.04054,2026-07-26T13:18:00Z,2026-07-26,1318,N20,VIIRS,n,nominal,2.0NRT,15.16,D,VIIRS_NOAA20_NRT,True,345.95,310.2,0.47,0.4
51.74912,-3.03385,2026-07-26T13:18:00Z,2026-07-26,1318,N20,VIIRS,n,nominal,2.0NRT,13.38,D,VIIRS_NOAA20_NRT,True,345.07,310.15,0.47,0.4
51.75201,-3.04155,2026-07-26T13:18:00Z,2026-07-26,1318,N20,VIIRS,n,nominal,2.0NRT,13.42,D,VIIRS_NOAA20_NRT,True,342.92,307.71,0.47,0.4
53.34089,-3.31039,2026-07-26T13:18:00Z,2026-07-26,1318,N20,VIIRS,n,nominal,2.0NRT,7.65,D,VIIRS_NOAA20_NRT,True,332.18,292.89,0.48,0.4
51.74965,-3.03637,2026-07-26T14:03:00Z,2026-07-26,1403,N21,VIIRS,n,nominal,2.0NRT,17.39,D,VIIRS_NOAA21_NRT,True,348.49,296.04,0.51,0.66
53.33973,-3.31188,2026-07-26T14:03:00Z,2026-07-26,1403,N21,VIIRS,n,nominal,2.0NRT,2.72,D,VIIRS_NOAA21_NRT,True,326.41,287.23,0.5,0.66
51.68496,-5.03386,2026-07-27T01:09:00Z,2026-07-27,109,N,VIIRS,n,nominal,2.0NRT,1.31,N,VIIRS_SNPP_NRT,True,295.0,284.48,0.79,0.78
51.74489,-3.04468,2026-07-27T01:09:00Z,2026-07-27,109,N,VIIRS,n,nominal,2.0NRT,3.11,N,VIIRS_SNPP_NRT,True,298.43,282.51,0.65,0.73
51.74503,-3.0386,2026-07-27T01:09:00Z,2026-07-27,109,N,VIIRS,n,nominal,2.0NRT,1.79,N,VIIRS_SNPP_NRT,True,303.51,283.62,0.65,0.73
51.6859,-5.03174,2026-07-27T01:30:00Z,2026-07-27,130,N20,VIIRS,n,nominal,2.0NRT,1.12,N,VIIRS_NOAA20_NRT,True,301.21,286.1,0.43,0.62
51.75,-3.03685,2026-07-27T01:30:00Z,2026-07-27,130,N20,VIIRS,n,nominal,2.0NRT,2.01,N,VIIRS_NOAA20_NRT,True,308.59,285.66,0.35,0.57
51.39573,-3.39277,2026-07-27T02:15:00Z,2026-07-27,215,N21,VIIRS,n,nominal,2.0NRT,0.93,N,VIIRS_NOAA21_NRT,True,306.54,286.4,0.39,0.36
51.45629,-3.21758,2026-07-27T02:15:00Z,2026-07-27,215,N21,VIIRS,n,nominal,2.0NRT,0.45,N,VIIRS_NOAA21_NRT,True,296.21,284.76,0.39,0.36
51.4796,-3.13925,2026-07-27T02:15:00Z,2026-07-27,215,N21,VIIRS,n,nominal,2.0NRT,0.55,N,VIIRS_NOAA21_NRT,True,302.64,289.02,0.39,0.36
51.68512,-5.03055,2026-07-27T02:15:00Z,2026-07-27,215,N21,VIIRS,n,nominal,2.0NRT,1.23,N,VIIRS_NOAA21_NRT,True,302.9,289.13,0.42,0.38
51.39841,-3.39458,2026-07-27T02:51:00Z,2026-07-27,251,N,VIIRS,n,nominal,2.0NRT,0.83,N,VIIRS_SNPP_NRT,True,305.48,285.21,0.45,0.39
51.48098,-3.1378,2026-07-27T02:51:00Z,2026-07-27,251,N,VIIRS,n,nominal,2.0NRT,1.29,N,VIIRS_SNPP_NRT,True,306.82,287.5,0.45,0.39
51.74686,-3.03451,2026-07-27T02:51:00Z,2026-07-27,251,N,VIIRS,n,nominal,2.0NRT,1.22,N,VIIRS_SNPP_NRT,True,299.93,282.45,0.45,0.39
51.74812,-3.0407,2026-07-27T02:51:00Z,2026-07-27,251,N,VIIRS,n,nominal,2.0NRT,1.22,N,VIIRS_SNPP_NRT,True,306.58,284.7,0.45,0.39
51.75156,-3.03892,2026-07-27T02:51:00Z,2026-07-27,251,N,VIIRS,n,nominal,2.0NRT,1.23,N,VIIRS_SNPP_NRT,True,299.15,283.73,0.45,0.39
51.39998,-3.39351,2026-07-27T03:10:00Z,2026-07-27,310,N20,VIIRS,n,nominal,2.0NRT,0.63,N,VIIRS_NOAA20_NRT,True,302.6,283.71,0.5,0.49
51.68306,-5.02788,2026-07-27T03:10:00Z,2026-07-27,310,N20,VIIRS,n,nominal,2.0NRT,0.82,N,VIIRS_NOAA20_NRT,True,301.86,289.47,0.42,0.45
51.74598,-3.03893,2026-07-27T03:10:00Z,2026-07-27,310,N20,VIIRS,n,nominal,2.0NRT,1.56,N,VIIRS_NOAA20_NRT,True,299.47,282.87,0.5,0.49
51.75017,-3.03617,2026-07-27T03:10:00Z,2026-07-27,310,N20,VIIRS,n,nominal,2.0NRT,1.85,N,VIIRS_NOAA20_NRT,True,301.62,282.65,0.5,0.49
51.68236,-5.02792,2026-07-27T03:55:00Z,2026-07-27,355,N21,VIIRS,n,nominal,2.0NRT,0.77,N,VIIRS_NOAA21_NRT,True,296.7,285.1,0.64,0.72
51.68413,-5.02979,2026-07-27T03:55:00Z,2026-07-27,355,N21,VIIRS,n,nominal,2.0NRT,1.13,N,VIIRS_NOAA21_NRT,True,297.12,285.07,0.64,0.72
51.749,-3.03815,2026-07-27T13:44:00Z,2026-07-27,1344,N21,VIIRS,n,nominal,2.0NRT,10.57,D,VIIRS_NOAA21_NRT,True,333.49,299.09,0.63,0.54
51.74702,-3.03993,2026-07-28T01:58:00Z,2026-07-28,158,N21,VIIRS,n,nominal,2.0NRT,1.01,N,VIIRS_NOAA21_NRT,True,297.22,286.65,0.51,0.41
51.74892,-3.03841,2026-07-28T02:32:00Z,2026-07-28,232,N,VIIRS,n,nominal,2.0NRT,1.19,N,VIIRS_SNPP_NRT,True,297.36,279.22,0.38,0.36
51.74708,-3.03788,2026-07-29T01:37:00Z,2026-07-29,137,N21,VIIRS,n,nominal,2.0NRT,0.5,N,VIIRS_NOAA21_NRT,True,297.51,287.08,0.52,0.5
51.39831,-3.39206,2026-07-29T02:13:00Z,2026-07-29,213,N,VIIRS,n,nominal,2.0NRT,1.01,N,VIIRS_SNPP_NRT,True,305.61,286.91,0.46,0.39
51.39667,-3.39209,2026-07-29T02:34:00Z,2026-07-29,234,N20,VIIRS,n,nominal,2.0NRT,1.17,N,VIIRS_NOAA20_NRT,True,306.06,287.0,0.39,0.36
51.48064,-3.13633,2026-07-29T02:34:00Z,2026-07-29,234,N20,VIIRS,n,nominal,2.0NRT,0.62,N,VIIRS_NOAA20_NRT,True,300.0,289.67,0.39,0.36
51.74853,-3.03807,2026-07-29T02:34:00Z,2026-07-29,234,N20,VIIRS,n,nominal,2.0NRT,0.97,N,VIIRS_NOAA20_NRT,True,300.45,288.17,0.39,0.36
51.81544,-4.91361,2026-07-30T12:46:00Z,2026-07-30,1246,N21,VIIRS,l,low,2.0NRT,2.61,D,VIIRS_NOAA21_NRT,True,326.47,296.86,0.41,0.37
51.68174,-5.02927,2026-07-31T01:34:00Z,2026-07-31,134,N,VIIRS,n,nominal,2.0NRT,0.69,N,VIIRS_SNPP_NRT,True,297.43,285.29,0.43,0.62
51.39812,-3.39462,2026-07-31T01:56:00Z,2026-07-31,156,N20,VIIRS,n,nominal,2.0NRT,1.18,N,VIIRS_NOAA20_NRT,True,306.21,281.68,0.39,0.44
51.66332,-3.46178,2026-07-31T01:56:00Z,2026-07-31,156,N20,VIIRS,n,nominal,2.0NRT,1.1,N,VIIRS_NOAA20_NRT,True,300.58,281.55,0.4,0.44
51.68484,-5.02818,2026-07-31T01:56:00Z,2026-07-31,156,N20,VIIRS,n,nominal,2.0NRT,1.63,N,VIIRS_NOAA20_NRT,True,303.61,289.71,0.46,0.47
51.68567,-5.02762,2026-07-31T01:56:00Z,2026-07-31,156,N20,VIIRS,n,nominal,2.0NRT,0.93,N,VIIRS_NOAA20_NRT,True,300.93,288.54,0.46,0.47
51.39665,-3.39764,2026-07-31T02:43:00Z,2026-07-31,243,N21,VIIRS,n,nominal,2.0NRT,1.38,N,VIIRS_NOAA21_NRT,True,305.55,281.03,0.45,0.39
51.66129,-3.46611,2026-07-31T02:43:00Z,2026-07-31,243,N21,VIIRS,n,nominal,2.0NRT,1.43,N,VIIRS_NOAA21_NRT,True,304.44,280.02,0.44,0.38
51.68349,-5.0274,2026-07-31T02:43:00Z,2026-07-31,243,N21,VIIRS,n,nominal,2.0NRT,1.26,N,VIIRS_NOAA21_NRT,True,302.87,289.82,0.41,0.37
51.7445,-3.54383,2026-07-31T02:43:00Z,2026-07-31,243,N21,VIIRS,n,nominal,2.0NRT,1.02,N,VIIRS_NOAA21_NRT,True,308.08,280.01,0.44,0.38
51.3961,-3.39272,2026-07-31T03:17:00Z,2026-07-31,317,N,VIIRS,n,nominal,2.0NRT,1.15,N,VIIRS_SNPP_NRT,True,302.93,281.08,0.49,0.49
51.68304,-5.03075,2026-07-31T03:17:00Z,2026-07-31,317,N,VIIRS,n,nominal,2.0NRT,1.43,N,VIIRS_SNPP_NRT,True,303.36,288.14,0.42,0.45
51.39714,-3.39632,2026-07-31T03:36:00Z,2026-07-31,336,N20,VIIRS,n,nominal,2.0NRT,1.02,N,VIIRS_NOAA20_NRT,True,298.95,278.99,0.44,0.62
51.68447,-5.03066,2026-07-31T03:36:00Z,2026-07-31,336,N20,VIIRS,n,nominal,2.0NRT,0.81,N,VIIRS_NOAA20_NRT,True,300.63,286.38,0.37,0.58
51.74356,-3.54135,2026-07-31T03:36:00Z,2026-07-31,336,N20,VIIRS,n,nominal,2.0NRT,0.45,N,VIIRS_NOAA20_NRT,True,296.56,278.32,0.42,0.61
51.64315,-3.44522,2026-07-31T13:06:00Z,2026-07-31,1306,N,VIIRS,n,nominal,2.0NRT,6.26,D,VIIRS_SNPP_NRT,True,342.92,307.87,0.38,0.36
51.64383,-4.94937,2026-07-31T13:06:00Z,2026-07-31,1306,N,VIIRS,n,nominal,2.0NRT,8.92,D,VIIRS_SNPP_NRT,True,347.79,300.5,0.39,0.36
51.64642,-3.44652,2026-07-31T13:06:00Z,2026-07-31,1306,N,VIIRS,n,nominal,2.0NRT,6.26,D,VIIRS_SNPP_NRT,True,342.7,303.53,0.38,0.36
51.70214,-4.99847,2026-07-31T13:06:00Z,2026-07-31,1306,N,VIIRS,n,nominal,2.0NRT,5.56,D,VIIRS_SNPP_NRT,True,348.45,298.21,0.39,0.36
51.74911,-3.24409,2026-07-31T13:06:00Z,2026-07-31,1306,N,VIIRS,n,nominal,2.0NRT,2.29,D,VIIRS_SNPP_NRT,True,335.97,301.73,0.38,0.36
51.7502,-4.79418,2026-07-31T13:06:00Z,2026-07-31,1306,N,VIIRS,n,nominal,2.0NRT,2.11,D,VIIRS_SNPP_NRT,True,343.92,298.09,0.39,0.36
51.81482,-4.91923,2026-07-31T13:06:00Z,2026-07-31,1306,N,VIIRS,n,nominal,2.0NRT,3.91,D,VIIRS_SNPP_NRT,True,348.71,298.12,0.39,0.36
51.81715,-4.92618,2026-07-31T13:06:00Z,2026-07-31,1306,N,VIIRS,l,low,2.0NRT,10.48,D,VIIRS_SNPP_NRT,True,357.45,300.67,0.39,0.36
51.819,-4.9151,2026-07-31T13:06:00Z,2026-07-31,1306,N,VIIRS,n,nominal,2.0NRT,12.87,D,VIIRS_SNPP_NRT,True,341.79,300.23,0.39,0.36
51.64501,-3.44586,2026-07-31T13:23:00Z,2026-07-31,1323,N20,VIIRS,n,nominal,2.0NRT,16.95,D,VIIRS_NOAA20_NRT,True,346.41,305.76,0.51,0.41
51.68237,-5.03017,2026-08-01T01:17:00Z,2026-08-01,117,N,VIIRS,n,nominal,2.0NRT,1.53,N,VIIRS_SNPP_NRT,True,296.61,284.57,0.68,0.74
51.68559,-5.0297,2026-08-01T01:37:00Z,2026-08-01,137,N20,VIIRS,n,nominal,2.0NRT,1.35,N,VIIRS_NOAA20_NRT,True,305.03,288.57,0.37,0.58
51.39649,-3.3932,2026-08-01T02:21:00Z,2026-08-01,221,N21,VIIRS,n,nominal,2.0NRT,1.24,N,VIIRS_NOAA21_NRT,True,311.03,285.26,0.38,0.36
51.6622,-3.46365,2026-08-01T02:21:00Z,2026-08-01,221,N21,VIIRS,n,nominal,2.0NRT,0.92,N,VIIRS_NOAA21_NRT,True,302.78,284.43,0.38,0.36
51.68303,-5.02988,2026-08-01T02:21:00Z,2026-08-01,221,N21,VIIRS,n,nominal,2.0NRT,1.75,N,VIIRS_NOAA21_NRT,True,307.38,291.74,0.39,0.37
51.79923,-3.16879,2026-08-01T02:21:00Z,2026-08-01,221,N21,VIIRS,n,nominal,2.0NRT,0.72,N,VIIRS_NOAA21_NRT,True,298.17,281.38,0.38,0.36
51.39864,-3.3963,2026-08-01T02:58:00Z,2026-08-01,258,N,VIIRS,n,nominal,2.0NRT,1.14,N,VIIRS_SNPP_NRT,True,305.09,282.07,0.5,0.41
51.62382,-2.9682,2026-08-01T02:58:00Z,2026-08-01,258,N,VIIRS,n,nominal,2.0NRT,4.88,N,VIIRS_SNPP_NRT,True,329.41,282.79,0.51,0.41
51.62741,-2.96612,2026-08-01T02:58:00Z,2026-08-01,258,N,VIIRS,n,nominal,2.0NRT,0.52,N,VIIRS_SNPP_NRT,True,297.87,282.21,0.51,0.41
51.68327,-5.02934,2026-08-01T02:58:00Z,2026-08-01,258,N,VIIRS,n,nominal,2.0NRT,1.41,N,VIIRS_SNPP_NRT,True,306.43,290.36,0.44,0.38
51.6857,-5.02821,2026-08-01T02:58:00Z,2026-08-01,258,N,VIIRS,n,nominal,2.0NRT,0.53,N,VIIRS_SNPP_NRT,True,298.96,288.04,0.44,0.38
51.62202,-2.96415,2026-08-01T03:15:00Z,2026-08-01,315,N20,VIIRS,n,nominal,2.0NRT,1.3,N,VIIRS_NOAA20_NRT,True,299.18,281.13,0.59,0.53
51.62641,-2.9608,2026-08-01T03:15:00Z,2026-08-01,315,N20,VIIRS,n,nominal,2.0NRT,1.3,N,VIIRS_NOAA20_NRT,True,312.53,281.56,0.59,0.53
51.68404,-5.02501,2026-08-01T03:15:00Z,2026-08-01,315,N20,VIIRS,n,nominal,2.0NRT,0.69,N,VIIRS_NOAA20_NRT,True,297.39,287.2,0.48,0.48
51.68573,-5.03151,2026-08-01T03:15:00Z,2026-08-01,315,N20,VIIRS,n,nominal,2.0NRT,0.69,N,VIIRS_NOAA20_NRT,True,295.85,285.67,0.48,0.48
51.6565,-3.4215,2026-08-02T01:17:00Z,2026-08-02,117,N20,VIIRS,n,nominal,2.0NRT,2.08,N,VIIRS_NOAA20_NRT,True,312.27,278.69,0.5,0.66
51.39607,-3.39613,2026-08-02T02:04:00Z,2026-08-02,204,N21,VIIRS,n,nominal,2.0NRT,1.04,N,VIIRS_NOAA21_NRT,True,303.73,280.97,0.46,0.39
51.39819,-3.39179,2026-08-02T02:41:00Z,2026-08-02,241,N,VIIRS,n,nominal,2.0NRT,0.75,N,VIIRS_SNPP_NRT,True,308.51,283.09,0.39,0.36
51.48052,-3.139,2026-08-02T02:41:00Z,2026-08-02,241,N,VIIRS,n,nominal,2.0NRT,1.34,N,VIIRS_SNPP_NRT,True,314.05,286.64,0.39,0.36
51.6532,-3.41819,2026-08-02T02:41:00Z,2026-08-02,241,N,VIIRS,n,nominal,2.0NRT,1.75,N,VIIRS_SNPP_NRT,True,298.17,280.64,0.39,0.36
51.65646,-3.41676,2026-08-02T02:41:00Z,2026-08-02,241,N,VIIRS,n,nominal,2.0NRT,1.75,N,VIIRS_SNPP_NRT,True,333.61,288.04,0.39,0.36
51.6574,-3.42226,2026-08-02T02:41:00Z,2026-08-02,241,N,VIIRS,n,nominal,2.0NRT,1.75,N,VIIRS_SNPP_NRT,True,301.38,282.73,0.39,0.36
51.68355,-5.03221,2026-08-02T02:41:00Z,2026-08-02,241,N,VIIRS,n,nominal,2.0NRT,1.0,N,VIIRS_SNPP_NRT,True,295.45,282.31,0.38,0.36
51.39879,-3.39234,2026-08-02T02:58:00Z,2026-08-02,258,N20,VIIRS,n,nominal,2.0NRT,1.11,N,VIIRS_NOAA20_NRT,True,298.48,280.17,0.56,0.43
51.65321,-3.41379,2026-08-02T02:58:00Z,2026-08-02,258,N20,VIIRS,n,nominal,2.0NRT,1.92,N,VIIRS_NOAA20_NRT,True,299.54,282.37,0.56,0.43
51.65496,-3.42136,2026-08-02T02:58:00Z,2026-08-02,258,N20,VIIRS,n,nominal,2.0NRT,1.77,N,VIIRS_NOAA20_NRT,True,305.41,281.61,0.56,0.43
51.65872,-3.41936,2026-08-02T02:58:00Z,2026-08-02,258,N20,VIIRS,n,nominal,2.0NRT,1.77,N,VIIRS_NOAA20_NRT,True,307.56,283.14,0.56,0.43
51.65224,-3.4173,2026-08-02T03:45:00Z,2026-08-02,345,N21,VIIRS,n,nominal,2.0NRT,1.94,N,VIIRS_NOAA21_NRT,True,299.48,275.98,0.57,0.69
51.3973,-3.39548,2026-08-03T01:43:00Z,2026-08-03,143,N21,VIIRS,n,nominal,2.0NRT,0.96,N,VIIRS_NOAA21_NRT,True,297.97,283.54,0.46,0.47
51.65259,-3.41572,2026-08-03T01:43:00Z,2026-08-03,143,N21,VIIRS,n,nominal,2.0NRT,1.96,N,VIIRS_NOAA21_NRT,True,297.52,280.8,0.46,0.47
51.65308,-3.4228,2026-08-03T01:43:00Z,2026-08-03,143,N21,VIIRS,n,nominal,2.0NRT,1.23,N,VIIRS_NOAA21_NRT,True,303.93,282.07,0.46,0.47
51.65738,-3.42139,2026-08-03T01:43:00Z,2026-08-03,143,N21,VIIRS,n,nominal,2.0NRT,1.23,N,VIIRS_NOAA21_NRT,True,297.94,282.69,0.46,0.47
51.66319,-3.44155,2026-08-03T01:43:00Z,2026-08-03,143,N21,VIIRS,n,nominal,2.0NRT,1.79,N,VIIRS_NOAA21_NRT,True,296.16,282.76,0.46,0.47
51.66747,-3.44002,2026-08-03T01:43:00Z,2026-08-03,143,N21,VIIRS,n,nominal,2.0NRT,1.79,N,VIIRS_NOAA21_NRT,True,308.95,284.93,0.46,0.47
51.66798,-3.44722,2026-08-03T01:43:00Z,2026-08-03,143,N21,VIIRS,n,nominal,2.0NRT,1.18,N,VIIRS_NOAA21_NRT,True,297.85,283.01,0.46,0.47
51.67229,-3.44603,2026-08-03T01:43:00Z,2026-08-03,143,N21,VIIRS,n,nominal,2.0NRT,1.69,N,VIIRS_NOAA21_NRT,True,308.43,282.72,0.46,0.47
52.24217,-2.9036,2026-08-03T01:43:00Z,2026-08-03,143,N21,VIIRS,n,nominal,2.0NRT,1.12,N,VIIRS_NOAA21_NRT,True,303.61,283.41,0.44,0.46
51.397,-3.39309,2026-08-03T02:41:00Z,2026-08-03,241,N20,VIIRS,n,nominal,2.0NRT,0.62,N,VIIRS_NOAA20_NRT,True,298.13,281.7,0.41,0.37
51.48229,-3.13729,2026-08-03T02:41:00Z,2026-08-03,241,N20,VIIRS,n,nominal,2.0NRT,0.17,N,VIIRS_NOAA20_NRT,True,297.66,286.75,0.42,0.37
51.6539,-3.41916,2026-08-03T02:41:00Z,2026-08-03,241,N20,VIIRS,n,nominal,2.0NRT,1.2,N,VIIRS_NOAA20_NRT,True,296.64,278.34,0.41,0.37
51.66698,-3.4317,2026-08-03T02:41:00Z,2026-08-03,241,N20,VIIRS,n,nominal,2.0NRT,0.54,N,VIIRS_NOAA20_NRT,True,295.34,277.12,0.41,0.37
51.65506,-3.41731,2026-08-03T03:23:00Z,2026-08-03,323,N21,VIIRS,n,nominal,2.0NRT,3.05,N,VIIRS_NOAA21_NRT,True,324.66,289.69,0.37,0.58
51.66223,-3.4404,2026-08-03T03:23:00Z,2026-08-03,323,N21,VIIRS,n,nominal,2.0NRT,0.74,N,VIIRS_NOAA21_NRT,True,296.72,283.51,0.37,0.58
51.66601,-3.43325,2026-08-03T03:23:00Z,2026-08-03,323,N21,VIIRS,n,nominal,2.0NRT,1.72,N,VIIRS_NOAA21_NRT,True,309.45,285.23,0.37,0.58
51.66744,-3.43787,2026-08-03T03:23:00Z,2026-08-03,323,N21,VIIRS,n,nominal,2.0NRT,1.72,N,VIIRS_NOAA21_NRT,True,308.72,285.77,0.37,0.58
51.66883,-3.44234,2026-08-03T03:23:00Z,2026-08-03,323,N21,VIIRS,n,nominal,2.0NRT,1.62,N,VIIRS_NOAA21_NRT,True,300.71,284.96,0.37,0.58
51.67022,-3.44682,2026-08-03T03:23:00Z,2026-08-03,323,N21,VIIRS,n,nominal,2.0NRT,1.62,N,VIIRS_NOAA21_NRT,True,316.24,285.95,0.37,0.58
52.24227,-2.90502,2026-08-03T03:23:00Z,2026-08-03,323,N21,VIIRS,n,nominal,2.0NRT,1.35,N,VIIRS_NOAA21_NRT,True,304.36,280.67,0.37,0.58
51.3978,-3.39539,2026-08-03T03:25:00Z,2026-08-03,325,N21,VIIRS,n,nominal,2.0NRT,0.58,N,VIIRS_NOAA21_NRT,True,296.68,283.84,0.38,0.59
51.68331,-5.02884,2026-08-03T03:25:00Z,2026-08-03,325,N21,VIIRS,n,nominal,2.0NRT,1.19,N,VIIRS_NOAA21_NRT,True,301.7,280.74,0.32,0.55
51.64859,-3.45177,2026-08-03T11:34:00Z,2026-08-03,1134,N21,VIIRS,n,nominal,2.0NRT,4.38,D,VIIRS_NOAA21_NRT,True,328.88,277.72,0.59,0.7
51.67184,-3.45307,2026-08-03T12:27:00Z,2026-08-03,1227,N20,VIIRS,n,nominal,2.0NRT,3.49,D,VIIRS_NOAA20_NRT,True,330.65,274.26,0.56,0.43
51.64912,-3.45161,2026-08-04T02:19:00Z,2026-08-04,219,N20,VIIRS,n,nominal,2.0NRT,1.32,N,VIIRS_NOAA20_NRT,True,306.34,284.86,0.39,0.37
51.65499,-3.41975,2026-08-04T02:19:00Z,2026-08-04,219,N20,VIIRS,n,nominal,2.0NRT,1.85,N,VIIRS_NOAA20_NRT,True,321.06,288.05,0.39,0.36
51.66479,-3.43987,2026-08-04T02:19:00Z,2026-08-04,219,N20,VIIRS,n,nominal,2.0NRT,0.53,N,VIIRS_NOAA20_NRT,True,299.29,284.86,0.39,0.36
51.66647,-3.42726,2026-08-04T02:19:00Z,2026-08-04,219,N20,VIIRS,n,nominal,2.0NRT,2.01,N,VIIRS_NOAA20_NRT,True,302.51,286.29,0.39,0.36
51.66726,-3.43289,2026-08-04T02:19:00Z,2026-08-04,219,N20,VIIRS,n,nominal,2.0NRT,2.01,N,VIIRS_NOAA20_NRT,True,326.36,289.33,0.39,0.36
51.66806,-3.43854,2026-08-04T02:19:00Z,2026-08-04,219,N20,VIIRS,n,nominal,2.0NRT,2.2,N,VIIRS_NOAA20_NRT,True,321.69,287.55,0.39,0.36
51.67136,-3.43731,2026-08-04T02:19:00Z,2026-08-04,219,N20,VIIRS,n,nominal,2.0NRT,2.2,N,VIIRS_NOAA20_NRT,True,313.59,287.71,0.39,0.36
51.67297,-3.44866,2026-08-04T02:19:00Z,2026-08-04,219,N20,VIIRS,n,nominal,2.0NRT,0.73,N,VIIRS_NOAA20_NRT,True,297.87,285.44,0.39,0.37
51.67377,-3.45432,2026-08-04T02:19:00Z,2026-08-04,219,N20,VIIRS,n,nominal,2.0NRT,0.73,N,VIIRS_NOAA20_NRT,True,306.22,285.87,0.39,0.37
51.67706,-3.45308,2026-08-04T02:19:00Z,2026-08-04,219,N20,VIIRS,n,nominal,2.0NRT,5.95,N,VIIRS_NOAA20_NRT,True,341.82,289.01,0.39,0.37
51.68187,-5.03014,2026-08-05T03:42:00Z,2026-08-05,342,N20,VIIRS,n,nominal,2.0NRT,0.42,N,VIIRS_NOAA20_NRT,True,296.14,285.79,0.43,0.62
51.68413,-5.03038,2026-08-05T03:42:00Z,2026-08-05,342,N20,VIIRS,n,nominal,2.0NRT,1.02,N,VIIRS_NOAA20_NRT,True,300.86,286.1,0.43,0.62
51.52913,-3.5332,2026-08-05T12:36:00Z,2026-08-05,1236,N21,VIIRS,n,nominal,2.0NRT,2.65,D,VIIRS_NOAA21_NRT,True,329.79,294.68,0.46,0.39
51.52846,-3.53415,2026-08-05T13:12:00Z,2026-08-05,1312,N,VIIRS,n,nominal,2.0NRT,2.21,D,VIIRS_SNPP_NRT,True,328.6,294.65,0.39,0.36
51.66696,-3.43603,2026-08-05T13:29:00Z,2026-08-05,1329,N20,VIIRS,n,nominal,2.0NRT,4.55,D,VIIRS_NOAA20_NRT,True,330.85,297.75,0.39,0.44
51.68267,-5.03312,2026-08-06T01:24:00Z,2026-08-06,124,N,VIIRS,n,nominal,2.0NRT,1.02,N,VIIRS_SNPP_NRT,True,297.11,284.99,0.58,0.7
51.39858,-3.39277,2026-08-06T01:43:00Z,2026-08-06,143,N20,VIIRS,n,nominal,2.0NRT,0.91,N,VIIRS_NOAA20_NRT,True,297.35,284.24,0.53,0.5
51.66693,-3.43535,2026-08-06T01:43:00Z,2026-08-06,143,N20,VIIRS,n,nominal,2.0NRT,1.44,N,VIIRS_NOAA20_NRT,True,297.57,282.05,0.53,0.5
51.66944,-3.43902,2026-08-06T01:43:00Z,2026-08-06,143,N20,VIIRS,n,nominal,2.0NRT,2.18,N,VIIRS_NOAA20_NRT,True,302.2,282.82,0.53,0.5
51.67205,-3.44272,2026-08-06T01:43:00Z,2026-08-06,143,N20,VIIRS,n,nominal,2.0NRT,1.14,N,VIIRS_NOAA20_NRT,True,295.12,281.81,0.53,0.5
51.39761,-3.39686,2026-08-06T02:28:00Z,2026-08-06,228,N21,VIIRS,n,nominal,2.0NRT,1.23,N,VIIRS_NOAA21_NRT,True,305.38,284.74,0.39,0.36
51.48142,-3.13516,2026-08-06T02:28:00Z,2026-08-06,228,N21,VIIRS,n,nominal,2.0NRT,0.7,N,VIIRS_NOAA21_NRT,True,298.14,284.91,0.39,0.36
51.65389,-3.41688,2026-08-06T02:28:00Z,2026-08-06,228,N21,VIIRS,n,nominal,2.0NRT,0.47,N,VIIRS_NOAA21_NRT,True,297.16,284.03,0.39,0.36
51.66407,-3.43595,2026-08-06T02:28:00Z,2026-08-06,228,N21,VIIRS,n,nominal,2.0NRT,0.56,N,VIIRS_NOAA21_NRT,True,298.87,282.74,0.39,0.36
51.66731,-3.43458,2026-08-06T02:28:00Z,2026-08-06,228,N21,VIIRS,n,nominal,2.0NRT,1.39,N,VIIRS_NOAA21_NRT,True,300.2,282.69,0.39,0.36
51.66822,-3.44001,2026-08-06T02:28:00Z,2026-08-06,228,N21,VIIRS,n,nominal,2.0NRT,1.43,N,VIIRS_NOAA21_NRT,True,306.23,283.39,0.39,0.36
51.85718,-3.40938,2026-08-06T02:28:00Z,2026-08-06,228,N21,VIIRS,n,nominal,2.0NRT,0.93,N,VIIRS_NOAA21_NRT,True,299.38,281.76,0.39,0.36
51.66809,-3.43579,2026-08-06T03:04:00Z,2026-08-06,304,N,VIIRS,n,nominal,2.0NRT,1.56,N,VIIRS_SNPP_NRT,True,305.85,282.67,0.55,0.43
51.68195,-5.02981,2026-08-06T03:04:00Z,2026-08-06,304,N,VIIRS,n,nominal,2.0NRT,0.69,N,VIIRS_SNPP_NRT,True,295.67,285.37,0.49,0.4
51.68552,-5.02791,2026-08-06T03:04:00Z,2026-08-06,304,N,VIIRS,n,nominal,2.0NRT,0.69,N,VIIRS_SNPP_NRT,True,298.7,288.54,0.49,0.4
51.85658,-3.41405,2026-08-06T03:04:00Z,2026-08-06,304,N,VIIRS,n,nominal,2.0NRT,1.38,N,VIIRS_SNPP_NRT,True,299.26,280.22,0.55,0.42
51.39741,-3.39693,2026-08-06T03:23:00Z,2026-08-06,323,N20,VIIRS,n,nominal,2.0NRT,0.61,N,VIIRS_NOAA20_NRT,True,296.15,281.5,0.33,0.55
51.66709,-3.43412,2026-08-06T03:23:00Z,2026-08-06,323,N20,VIIRS,n,nominal,2.0NRT,0.79,N,VIIRS_NOAA20_NRT,True,296.12,281.97,0.32,0.55
51.66831,-3.43825,2026-08-06T03:23:00Z,2026-08-06,323,N20,VIIRS,n,nominal,2.0NRT,0.72,N,VIIRS_NOAA20_NRT,True,299.75,281.1,0.32,0.55
51.68594,-5.03046,2026-08-06T03:23:00Z,2026-08-06,323,N20,VIIRS,n,nominal,2.0NRT,1.58,N,VIIRS_NOAA20_NRT,True,297.81,286.34,0.56,0.51
51.36636,-2.68795,2026-08-06T12:53:00Z,2026-08-06,1253,N,VIIRS,n,nominal,2.0NRT,1.64,D,VIIRS_SNPP_NRT,True,339.56,290.78,0.4,0.37
51.76231,-3.40113,2026-08-06T13:12:00Z,2026-08-06,1312,N20,VIIRS,n,nominal,2.0NRT,10.36,D,VIIRS_NOAA20_NRT,True,333.77,297.41,0.42,0.38
52.20213,-3.09496,2026-08-06T13:57:00Z,2026-08-06,1357,N21,VIIRS,n,nominal,2.0NRT,9.0,D,VIIRS_NOAA21_NRT,True,350.62,291.9,0.44,0.62
52.20789,-3.09375,2026-08-06T13:57:00Z,2026-08-06,1357,N21,VIIRS,n,nominal,2.0NRT,4.27,D,VIIRS_NOAA21_NRT,True,346.53,294.53,0.44,0.62
51.39856,-3.39502,2026-08-07T02:11:00Z,2026-08-07,211,N21,VIIRS,n,nominal,2.0NRT,1.2,N,VIIRS_NOAA21_NRT,True,303.3,281.44,0.42,0.37
51.6706,-3.43829,2026-08-07T02:11:00Z,2026-08-07,211,N21,VIIRS,n,nominal,2.0NRT,0.8,N,VIIRS_NOAA21_NRT,True,296.98,281.53,0.42,0.38
51.68302,-5.0309,2026-08-07T02:11:00Z,2026-08-07,211,N21,VIIRS,n,nominal,2.0NRT,1.86,N,VIIRS_NOAA21_NRT,True,307.58,291.46,0.46,0.39
51.6851,-5.01663,2026-08-07T02:11:00Z,2026-08-07,211,N21,VIIRS,n,nominal,2.0NRT,0.65,N,VIIRS_NOAA21_NRT,True,299.25,282.8,0.46,0.39
52.16024,-3.22884,2026-08-07T02:11:00Z,2026-08-07,211,N21,VIIRS,n,nominal,2.0NRT,2.23,N,VIIRS_NOAA21_NRT,True,313.2,281.12,0.42,0.38
52.1606,-3.22318,2026-08-07T02:11:00Z,2026-08-07,211,N21,VIIRS,n,nominal,2.0NRT,0.96,N,VIIRS_NOAA21_NRT,True,295.1,278.94,0.42,0.38
52.16138,-3.22926,2026-08-07T02:11:00Z,2026-08-07,211,N21,VIIRS,n,nominal,2.0NRT,1.13,N,VIIRS_NOAA21_NRT,True,303.73,278.97,0.42,0.38
51.39707,-3.39419,2026-08-07T02:45:00Z,2026-08-07,245,N,VIIRS,n,nominal,2.0NRT,1.03,N,VIIRS_SNPP_NRT,True,305.01,281.57,0.41,0.37
51.48223,-3.13858,2026-08-07T02:45:00Z,2026-08-07,245,N,VIIRS,n,nominal,2.0NRT,0.37,N,VIIRS_SNPP_NRT,True,304.34,283.87,0.41,0.37
51.67082,-3.4384,2026-08-07T02:45:00Z,2026-08-07,245,N,VIIRS,n,nominal,2.0NRT,0.76,N,VIIRS_SNPP_NRT,True,299.0,282.31,0.41,0.37
51.68322,-5.03165,2026-08-07T02:45:00Z,2026-08-07,245,N,VIIRS,n,nominal,2.0NRT,1.94,N,VIIRS_SNPP_NRT,True,304.35,287.4,0.39,0.36
51.85558,-4.94241,2026-08-07T02:45:00Z,2026-08-07,245,N,VIIRS,n,nominal,2.0NRT,0.28,N,VIIRS_SNPP_NRT,True,295.26,279.09,0.39,0.36
52.15958,-3.22959,2026-08-07T02:45:00Z,2026-08-07,245,N,VIIRS,n,nominal,2.0NRT,2.09,N,VIIRS_SNPP_NRT,True,308.72,278.86,0.41,0.37
51.39672,-3.39337,2026-08-07T03:04:00Z,2026-08-07,304,N20,VIIRS,n,nominal,2.0NRT,1.34,N,VIIRS_NOAA20_NRT,True,307.14,281.51,0.43,0.46
51.66999,-3.43861,2026-08-07T03:04:00Z,2026-08-07,304,N20,VIIRS,n,nominal,2.0NRT,0.75,N,VIIRS_NOAA20_NRT,True,296.12,280.8,0.42,0.45
51.68405,-5.02547,2026-08-07T03:04:00Z,2026-08-07,304,N20,VIIRS,n,nominal,2.0NRT,1.05,N,VIIRS_NOAA20_NRT,True,297.72,286.85,0.55,0.43
51.68541,-5.03178,2026-08-07T03:04:00Z,2026-08-07,304,N20,VIIRS,n,nominal,2.0NRT,1.51,N,VIIRS_NOAA20_NRT,True,299.32,286.82,0.55,0.43
51.6858,-5.03301,2026-08-07T03:04:00Z,2026-08-07,304,N20,VIIRS,n,nominal,2.0NRT,1.05,N,VIIRS_NOAA20_NRT,True,297.28,285.97,0.55,0.43
52.05889,-2.89157,2026-08-07T03:04:00Z,2026-08-07,304,N20,VIIRS,n,nominal,2.0NRT,0.84,N,VIIRS_NOAA20_NRT,True,302.46,277.79,0.43,0.46
52.15968,-3.22896,2026-08-07T03:04:00Z,2026-08-07,304,N20,VIIRS,n,nominal,2.0NRT,0.67,N,VIIRS_NOAA20_NRT,True,304.63,277.55,0.42,0.45
52.1617,-3.22692,2026-08-07T03:04:00Z,2026-08-07,304,N20,VIIRS,n,nominal,2.0NRT,1.73,N,VIIRS_NOAA20_NRT,True,310.12,280.34,0.42,0.45
51.81534,-4.92464,2026-08-07T12:53:00Z,2026-08-07,1253,N20,VIIRS,n,nominal,2.0NRT,2.05,D,VIIRS_NOAA20_NRT,True,344.17,299.69,0.41,0.37
51.81639,-4.91889,2026-08-07T12:53:00Z,2026-08-07,1253,N20,VIIRS,n,nominal,2.0NRT,3.15,D,VIIRS_NOAA20_NRT,True,338.34,299.85,0.41,0.37
51.81743,-4.91315,2026-08-07T12:53:00Z,2026-08-07,1253,N20,VIIRS,n,nominal,2.0NRT,3.15,D,VIIRS_NOAA20_NRT,True,348.05,301.71,0.41,0.37
51.81847,-4.90742,2026-08-07T12:53:00Z,2026-08-07,1253,N20,VIIRS,n,nominal,2.0NRT,2.17,D,VIIRS_NOAA20_NRT,True,336.48,300.36,0.41,0.37
51.68187,-5.03197,2026-08-08T01:49:00Z,2026-08-08,149,N21,VIIRS,n,nominal,2.0NRT,1.87,N,VIIRS_NOAA21_NRT,True,301.67,288.02,0.46,0.47
51.68486,-5.02631,2026-08-08T01:49:00Z,2026-08-08,149,N21,VIIRS,n,nominal,2.0NRT,1.29,N,VIIRS_NOAA21_NRT,True,296.95,286.16,0.46,0.47
51.68536,-5.03306,2026-08-08T01:49:00Z,2026-08-08,149,N21,VIIRS,n,nominal,2.0NRT,1.47,N,VIIRS_NOAA21_NRT,True,297.1,286.73,0.46,0.47
51.82081,-3.20256,2026-08-08T01:49:00Z,2026-08-08,149,N21,VIIRS,n,nominal,2.0NRT,3.63,N,VIIRS_NOAA21_NRT,True,328.28,279.39,0.39,0.44
52.1608,-3.22709,2026-08-08T01:49:00Z,2026-08-08,149,N21,VIIRS,n,nominal,2.0NRT,0.96,N,VIIRS_NOAA21_NRT,True,300.79,280.31,0.39,0.44
51.39655,-3.39358,2026-08-08T01:52:00Z,2026-08-08,152,N21,VIIRS,n,nominal,2.0NRT,1.35,N,VIIRS_NOAA21_NRT,True,310.91,283.17,0.39,0.44
51.39895,-3.3968,2026-08-08T02:26:00Z,2026-08-08,226,N,VIIRS,n,nominal,2.0NRT,0.68,N,VIIRS_SNPP_NRT,True,304.46,280.71,0.39,0.36
51.6699,-3.44051,2026-08-08T02:26:00Z,2026-08-08,226,N,VIIRS,n,nominal,2.0NRT,0.59,N,VIIRS_SNPP_NRT,True,296.03,279.75,0.39,0.37
51.68502,-5.03177,2026-08-08T02:26:00Z,2026-08-08,226,N,VIIRS,n,nominal,2.0NRT,1.57,N,VIIRS_SNPP_NRT,True,305.87,289.45,0.42,0.38
51.74206,-3.04026,2026-08-08T02:26:00Z,2026-08-08,226,N,VIIRS,n,nominal,2.0NRT,0.74,N,VIIRS_SNPP_NRT,True,298.22,281.84,0.39,0.36
51.82217,-3.19846,2026-08-08T02:26:00Z,2026-08-08,226,N,VIIRS,n,nominal,2.0NRT,1.95,N,VIIRS_SNPP_NRT,True,319.13,277.7,0.39,0.36
51.82297,-3.20407,2026-08-08T02:26:00Z,2026-08-08,226,N,VIIRS,n,nominal,2.0NRT,4.31,N,VIIRS_SNPP_NRT,True,333.11,280.15,0.39,0.36
52.16042,-3.22996,2026-08-08T02:26:00Z,2026-08-08,226,N,VIIRS,n,nominal,2.0NRT,1.08,N,VIIRS_SNPP_NRT,True,302.37,280.89,0.39,0.37
51.39627,-3.39435,2026-08-08T02:45:00Z,2026-08-08,245,N20,VIIRS,n,nominal,2.0NRT,1.22,N,VIIRS_NOAA20_NRT,True,299.44,280.72,0.45,0.39
51.67093,-3.43754,2026-08-08T02:45:00Z,2026-08-08,245,N20,VIIRS,n,nominal,2.0NRT,0.76,N,VIIRS_NOAA20_NRT,True,296.95,282.07,0.44,0.39
51.68422,-5.03124,2026-08-08T02:45:00Z,2026-08-08,245,N20,VIIRS,n,nominal,2.0NRT,1.86,N,VIIRS_NOAA20_NRT,True,306.15,287.93,0.41,0.37
51.82217,-3.20116,2026-08-08T02:45:00Z,2026-08-08,245,N20,VIIRS,n,nominal,2.0NRT,6.4,N,VIIRS_NOAA20_NRT,True,333.95,279.89,0.45,0.39
52.16114,-3.22823,2026-08-08T02:45:00Z,2026-08-08,245,N20,VIIRS,n,nominal,2.0NRT,0.68,N,VIIRS_NOAA20_NRT,True,301.33,279.67,0.44,0.38
51.68104,-5.02987,2026-08-08T03:32:00Z,2026-08-08,332,N21,VIIRS,n,nominal,2.0NRT,0.81,N,VIIRS_NOAA21_NRT,True,300.5,283.48,0.37,0.58
51.81928,-3.198,2026-08-08T03:32:00Z,2026-08-08,332,N21,VIIRS,n,nominal,2.0NRT,2.98,N,VIIRS_NOAA21_NRT,True,302.76,277.12,0.43,0.62
51.8212,-3.2039,2026-08-08T03:32:00Z,2026-08-08,332,N21,VIIRS,n,nominal,2.0NRT,4.25,N,VIIRS_NOAA21_NRT,True,325.73,279.3,0.43,0.62
51.68566,-5.03121,2026-08-08T04:06:00Z,2026-08-08,406,N,VIIRS,n,nominal,2.0NRT,1.22,N,VIIRS_SNPP_NRT,True,295.18,284.34,0.62,0.71
51.6859,-5.02639,2026-08-08T04:06:00Z,2026-08-08,406,N,VIIRS,n,nominal,2.0NRT,1.46,N,VIIRS_SNPP_NRT,True,297.69,284.91,0.62,0.71
51.82344,-3.20156,2026-08-08T04:06:00Z,2026-08-08,406,N,VIIRS,n,nominal,2.0NRT,4.02,N,VIIRS_SNPP_NRT,True,322.66,278.26,0.71,0.75
51.82438,-3.19928,2026-08-08T04:06:00Z,2026-08-08,406,N,VIIRS,n,nominal,2.0NRT,3.46,N,VIIRS_SNPP_NRT,True,323.18,278.41,0.71,0.75
51.55824,-3.76295,2026-08-09T01:32:00Z,2026-08-09,132,N21,VIIRS,n,nominal,2.0NRT,0.94,N,VIIRS_NOAA21_NRT,True,297.76,284.2,0.32,0.55
51.68132,-5.02794,2026-08-09T01:32:00Z,2026-08-09,132,N21,VIIRS,n,nominal,2.0NRT,0.61,N,VIIRS_NOAA21_NRT,True,296.83,285.24,0.37,0.58
51.68148,-5.03349,2026-08-09T01:32:00Z,2026-08-09,132,N21,VIIRS,n,nominal,2.0NRT,0.61,N,VIIRS_NOAA21_NRT,True,297.64,285.76,0.37,0.58
51.68396,-5.02882,2026-08-09T01:32:00Z,2026-08-09,132,N21,VIIRS,n,nominal,2.0NRT,2.01,N,VIIRS_NOAA21_NRT,True,305.19,287.77,0.37,0.58
51.68415,-5.03434,2026-08-09T01:32:00Z,2026-08-09,132,N21,VIIRS,n,nominal,2.0NRT,1.55,N,VIIRS_NOAA21_NRT,True,296.3,285.91,0.37,0.58
51.39838,-3.39727,2026-08-09T02:09:00Z,2026-08-09,209,N,VIIRS,n,nominal,2.0NRT,1.1,N,VIIRS_SNPP_NRT,True,303.85,283.55,0.51,0.41
51.68716,-5.03345,2026-08-09T02:09:00Z,2026-08-09,209,N,VIIRS,n,nominal,2.0NRT,1.88,N,VIIRS_SNPP_NRT,True,306.93,289.97,0.4,0.44
51.8223,-3.20037,2026-08-09T02:09:00Z,2026-08-09,209,N,VIIRS,n,nominal,2.0NRT,3.76,N,VIIRS_SNPP_NRT,True,326.82,283.43,0.51,0.41
51.82532,-3.1918,2026-08-09T02:09:00Z,2026-08-09,209,N,VIIRS,n,nominal,2.0NRT,3.76,N,VIIRS_SNPP_NRT,True,319.08,282.98,0.51,0.41
51.82607,-3.1992,2026-08-09T02:09:00Z,2026-08-09,209,N,VIIRS,n,nominal,2.0NRT,3.76,N,VIIRS_SNPP_NRT,True,329.9,288.45,0.51,0.41
51.82682,-3.20658,2026-08-09T02:09:00Z,2026-08-09,209,N,VIIRS,n,nominal,2.0NRT,2.99,N,VIIRS_SNPP_NRT,True,311.13,281.74,0.51,0.41
51.82909,-3.19069,2026-08-09T02:09:00Z,2026-08-09,209,N,VIIRS,n,nominal,2.0NRT,4.2,N,VIIRS_SNPP_NRT,True,317.13,285.46,0.51,0.41
51.82985,-3.19809,2026-08-09T02:09:00Z,2026-08-09,209,N,VIIRS,n,nominal,2.0NRT,4.2,N,VIIRS_SNPP_NRT,True,348.47,296.74,0.51,0.41
51.8306,-3.20548,2026-08-09T02:09:00Z,2026-08-09,209,N,VIIRS,n,nominal,2.0NRT,6.83,N,VIIRS_SNPP_NRT,True,328.25,287.25,0.51,0.41
51.83287,-3.18972,2026-08-09T02:09:00Z,2026-08-09,209,N,VIIRS,n,nominal,2.0NRT,4.2,N,VIIRS_SNPP_NRT,True,322.1,285.71,0.51,0.41
51.83363,-3.19708,2026-08-09T02:09:00Z,2026-08-09,209,N,VIIRS,n,nominal,2.0NRT,4.2,N,VIIRS_SNPP_NRT,True,298.24,283.98,0.51,0.41
51.83596,-3.18196,2026-08-09T02:09:00Z,2026-08-09,209,N,VIIRS,n,nominal,2.0NRT,3.65,N,VIIRS_SNPP_NRT,True,302.82,285.65,0.51,0.41
51.83667,-3.18888,2026-08-09T02:09:00Z,2026-08-09,209,N,VIIRS,n,nominal,2.0NRT,19.15,N,VIIRS_SNPP_NRT,True,355.11,311.72,0.51,0.41
51.83743,-3.19621,2026-08-09T02:09:00Z,2026-08-09,209,N,VIIRS,n,nominal,2.0NRT,19.15,N,VIIRS_SNPP_NRT,True,333.37,288.83,0.51,0.41
51.84051,-3.1884,2026-08-09T02:09:00Z,2026-08-09,209,N,VIIRS,n,nominal,2.0NRT,19.15,N,VIIRS_SNPP_NRT,True,340.41,289.02,0.51,0.41
53.15218,-3.06106,2026-08-09T02:09:00Z,2026-08-09,209,N,VIIRS,n,nominal,2.0NRT,0.64,N,VIIRS_SNPP_NRT,True,295.73,284.16,0.52,0.42
53.15297,-3.06251,2026-08-09T02:09:00Z,2026-08-09,209,N,VIIRS,n,nominal,2.0NRT,0.5,N,VIIRS_SNPP_NRT,True,295.18,284.3,0.52,0.42
53.15052,-3.06431,2026-08-09T02:26:00Z,2026-08-09,226,N20,VIIRS,n,nominal,2.0NRT,0.98,N,VIIRS_NOAA20_NRT,True,302.41,283.6,0.39,0.36
51.39744,-3.39185,2026-08-09T02:28:00Z,2026-08-09,228,N20,VIIRS,n,nominal,2.0NRT,0.67,N,VIIRS_NOAA20_NRT,True,301.65,285.46,0.38,0.36
51.48116,-3.13809,2026-08-09T02:28:00Z,2026-08-09,228,N20,VIIRS,n,nominal,2.0NRT,0.51,N,VIIRS_NOAA20_NRT,True,304.65,287.83,0.38,0.36
51.67007,-3.43949,2026-08-09T02:28:00Z,2026-08-09,228,N20,VIIRS,n,nominal,2.0NRT,0.59,N,VIIRS_NOAA20_NRT,True,296.89,283.68,0.38,0.36
51.68392,-5.02974,2026-08-09T02:28:00Z,2026-08-09,228,N20,VIIRS,n,nominal,2.0NRT,1.71,N,VIIRS_NOAA20_NRT,True,309.34,291.54,0.39,0.37
51.82122,-3.19704,2026-08-09T02:28:00Z,2026-08-09,228,N20,VIIRS,n,nominal,2.0NRT,2.91,N,VIIRS_NOAA20_NRT,True,337.64,284.37,0.38,0.36
51.82209,-3.2025,2026-08-09T02:28:00Z,2026-08-09,228,N20,VIIRS,n,nominal,2.0NRT,2.91,N,VIIRS_NOAA20_NRT,True,309.66,282.3,0.38,0.36
51.82446,-3.19571,2026-08-09T02:28:00Z,2026-08-09,228,N20,VIIRS,n,nominal,2.0NRT,2.91,N,VIIRS_NOAA20_NRT,True,322.08,285.09,0.38,0.36
51.82532,-3.20116,2026-08-09T02:28:00Z,2026-08-09,228,N20,VIIRS,n,nominal,2.0NRT,2.91,N,VIIRS_NOAA20_NRT,True,329.68,290.13,0.38,0.36
51.82683,-3.18892,2026-08-09T02:28:00Z,2026-08-09,228,N20,VIIRS,n,nominal,2.0NRT,1.5,N,VIIRS_NOAA20_NRT,True,315.15,285.31,0.38,0.36
51.82769,-3.19438,2026-08-09T02:28:00Z,2026-08-09,228,N20,VIIRS,n,nominal,2.0NRT,5.27,N,VIIRS_NOAA20_NRT,True,345.55,293.78,0.38,0.36
51.82856,-3.19983,2026-08-09T02:28:00Z,2026-08-09,228,N20,VIIRS,n,nominal,2.0NRT,5.27,N,VIIRS_NOAA20_NRT,True,353.63,305.43,0.38,0.36
51.82939,-3.2052,2026-08-09T02:28:00Z,2026-08-09,228,N20,VIIRS,n,nominal,2.0NRT,2.12,N,VIIRS_NOAA20_NRT,True,310.18,280.04,0.38,0.36
51.83007,-3.18759,2026-08-09T02:28:00Z,2026-08-09,228,N20,VIIRS,n,nominal,2.0NRT,1.5,N,VIIRS_NOAA20_NRT,True,306.69,283.94,0.38,0.36
51.83093,-3.19304,2026-08-09T02:28:00Z,2026-08-09,228,N20,VIIRS,n,nominal,2.0NRT,5.27,N,VIIRS_NOAA20_NRT,True,310.68,286.01,0.38,0.36
51.83179,-3.1985,2026-08-09T02:28:00Z,2026-08-09,228,N20,VIIRS,n,nominal,2.0NRT,5.27,N,VIIRS_NOAA20_NRT,True,321.08,288.03,0.38,0.36
51.8333,-3.18625,2026-08-09T02:28:00Z,2026-08-09,228,N20,VIIRS,n,nominal,2.0NRT,21.53,N,VIIRS_NOAA20_NRT,True,350.19,296.65,0.38,0.36
51.83417,-3.19171,2026-08-09T02:28:00Z,2026-08-09,228,N20,VIIRS,n,nominal,2.0NRT,7.21,N,VIIRS_NOAA20_NRT,True,328.86,286.0,0.38,0.36
51.83503,-3.19717,2026-08-09T02:28:00Z,2026-08-09,228,N20,VIIRS,n,nominal,2.0NRT,7.21,N,VIIRS_NOAA20_NRT,True,306.68,284.17,0.38,0.36
51.83654,-3.18492,2026-08-09T02:28:00Z,2026-08-09,228,N20,VIIRS,n,nominal,2.0NRT,21.53,N,VIIRS_NOAA20_NRT,True,349.18,316.86,0.38,0.36
51.8374,-3.19038,2026-08-09T02:28:00Z,2026-08-09,228,N20,VIIRS,n,nominal,2.0NRT,7.21,N,VIIRS_NOAA20_NRT,True,354.33,304.61,0.38,0.36
51.83823,-3.19576,2026-08-09T02:28:00Z,2026-08-09,228,N20,VIIRS,n,nominal,2.0NRT,7.21,N,VIIRS_NOAA20_NRT,True,315.27,285.42,0.38,0.36
51.83977,-3.18359,2026-08-09T02:28:00Z,2026-08-09,228,N20,VIIRS,n,nominal,2.0NRT,3.22,N,VIIRS_NOAA20_NRT,True,329.39,287.16,0.38,0.36
51.55738,-3.76276,2026-08-09T03:10:00Z,2026-08-09,310,N21,VIIRS,n,nominal,2.0NRT,0.55,N,VIIRS_NOAA21_NRT,True,295.35,284.41,0.55,0.51
51.81808,-3.19918,2026-08-09T03:10:00Z,2026-08-09,310,N21,VIIRS,n,nominal,2.0NRT,2.52,N,VIIRS_NOAA21_NRT,True,312.03,280.2,0.57,0.52
51.8225,-3.19624,2026-08-09T03:10:00Z,2026-08-09,310,N21,VIIRS,n,nominal,2.0NRT,4.34,N,VIIRS_NOAA21_NRT,True,304.85,280.14,0.57,0.52
51.82468,-3.2041,2026-08-09T03:10:00Z,2026-08-09,310,N21,VIIRS,n,nominal,2.0NRT,4.88,N,VIIRS_NOAA21_NRT,True,305.84,282.39,0.57,0.52
51.82695,-3.19343,2026-08-09T03:10:00Z,2026-08-09,310,N21,VIIRS,n,nominal,2.0NRT,4.34,N,VIIRS_NOAA21_NRT,True,319.91,285.47,0.57,0.52
51.82909,-3.20114,2026-08-09T03:10:00Z,2026-08-09,310,N21,VIIRS,n,nominal,2.0NRT,4.88,N,VIIRS_NOAA21_NRT,True,332.99,289.0,0.57,0.52
51.82923,-3.18278,2026-08-09T03:10:00Z,2026-08-09,310,N21,VIIRS,n,nominal,2.0NRT,2.26,N,VIIRS_NOAA21_NRT,True,299.25,279.62,0.57,0.52
51.83132,-3.1903,2026-08-09T03:10:00Z,2026-08-09,310,N21,VIIRS,n,nominal,2.0NRT,2.26,N,VIIRS_NOAA21_NRT,True,305.42,281.11,0.57,0.52
51.83329,-3.17854,2026-08-09T03:10:00Z,2026-08-09,310,N21,VIIRS,n,nominal,2.0NRT,2.26,N,VIIRS_NOAA21_NRT,True,300.37,279.26,0.57,0.52
51.83344,-3.19794,2026-08-09T03:10:00Z,2026-08-09,310,N21,VIIRS,n,nominal,2.0NRT,1.99,N,VIIRS_NOAA21_NRT,True,298.13,281.49,0.57,0.52
51.83554,-3.18667,2026-08-09T03:10:00Z,2026-08-09,310,N21,VIIRS,n,nominal,2.0NRT,2.26,N,VIIRS_NOAA21_NRT,True,322.42,284.25,0.57,0.52
51.83768,-3.19438,2026-08-09T03:10:00Z,2026-08-09,310,N21,VIIRS,n,nominal,2.0NRT,1.99,N,VIIRS_NOAA21_NRT,True,306.31,282.28,0.57,0.52
51.82166,-3.19414,2026-08-09T03:47:00Z,2026-08-09,347,N,VIIRS,n,nominal,2.0NRT,3.84,N,VIIRS_SNPP_NRT,True,331.71,280.76,0.48,0.65
51.82399,-3.20084,2026-08-09T03:47:00Z,2026-08-09,347,N,VIIRS,n,nominal,2.0NRT,5.85,N,VIIRS_SNPP_NRT,True,316.94,282.84,0.48,0.65
51.82717,-3.18997,2026-08-09T03:47:00Z,2026-08-09,347,N,VIIRS,n,nominal,2.0NRT,7.4,N,VIIRS_SNPP_NRT,True,323.64,284.02,0.48,0.65
51.82943,-3.19643,2026-08-09T03:47:00Z,2026-08-09,347,N,VIIRS,n,nominal,2.0NRT,6.71,N,VIIRS_SNPP_NRT,True,336.83,288.14,0.48,0.65
51.83169,-3.2029,2026-08-09T03:47:00Z,2026-08-09,347,N,VIIRS,n,nominal,2.0NRT,6.71,N,VIIRS_SNPP_NRT,True,306.3,281.09,0.48,0.65
51.83232,-3.18474,2026-08-09T03:47:00Z,2026-08-09,347,N,VIIRS,n,nominal,2.0NRT,7.4,N,VIIRS_SNPP_NRT,True,345.73,285.89,0.48,0.65
51.83463,-3.19138,2026-08-09T03:47:00Z,2026-08-09,347,N,VIIRS,n,nominal,2.0NRT,6.71,N,VIIRS_SNPP_NRT,True,353.02,287.05,0.48,0.65
51.83665,-3.17718,2026-08-09T03:47:00Z,2026-08-09,347,N,VIIRS,n,nominal,2.0NRT,6.47,N,VIIRS_SNPP_NRT,True,323.02,285.73,0.48,0.65
51.83685,-3.19773,2026-08-09T03:47:00Z,2026-08-09,347,N,VIIRS,n,nominal,2.0NRT,6.71,N,VIIRS_SNPP_NRT,True,295.9,281.16,0.48,0.65
51.8391,-3.1842,2026-08-09T03:47:00Z,2026-08-09,347,N,VIIRS,n,nominal,2.0NRT,11.37,N,VIIRS_SNPP_NRT,True,351.37,288.73,0.48,0.65
51.8191,-3.18831,2026-08-09T11:55:00Z,2026-08-09,1155,N,VIIRS,n,nominal,2.0NRT,6.76,D,VIIRS_SNPP_NRT,True,343.41,288.27,0.41,0.61
51.81942,-3.19325,2026-08-09T11:55:00Z,2026-08-09,1155,N,VIIRS,n,nominal,2.0NRT,7.87,D,VIIRS_SNPP_NRT,True,340.09,290.92,0.41,0.61
51.82127,-3.18748,2026-08-09T11:55:00Z,2026-08-09,1155,N,VIIRS,n,nominal,2.0NRT,11.91,D,VIIRS_SNPP_NRT,True,356.64,290.61,0.41,0.61
51.82243,-3.19776,2026-08-09T11:55:00Z,2026-08-09,1155,N,VIIRS,n,nominal,2.0NRT,6.76,D,VIIRS_SNPP_NRT,True,331.88,289.32,0.41,0.61
51.82428,-3.19212,2026-08-09T11:55:00Z,2026-08-09,1155,N,VIIRS,n,nominal,2.0NRT,6.76,D,VIIRS_SNPP_NRT,True,353.68,291.89,0.41,0.61
51.82614,-3.18642,2026-08-09T11:55:00Z,2026-08-09,1155,N,VIIRS,n,nominal,2.0NRT,11.92,D,VIIRS_SNPP_NRT,True,329.96,285.8,0.41,0.61
51.82767,-3.20139,2026-08-09T11:55:00Z,2026-08-09,1155,N,VIIRS,n,nominal,2.0NRT,7.9,D,VIIRS_SNPP_NRT,True,340.88,290.77,0.41,0.61
51.82945,-3.19595,2026-08-09T11:55:00Z,2026-08-09,1155,N,VIIRS,n,nominal,2.0NRT,7.9,D,VIIRS_SNPP_NRT,True,347.02,291.48,0.41,0.61
51.83284,-3.18557,2026-08-09T11:55:00Z,2026-08-09,1155,N,VIIRS,l,low,2.0NRT,11.61,D,VIIRS_SNPP_NRT,True,356.3,289.1,0.41,0.61
51.83619,-3.19496,2026-08-09T11:55:00Z,2026-08-09,1155,N,VIIRS,n,nominal,2.0NRT,11.61,D,VIIRS_SNPP_NRT,True,336.34,284.9,0.41,0.61
51.83776,-3.19014,2026-08-09T11:55:00Z,2026-08-09,1155,N,VIIRS,l,low,2.0NRT,11.61,D,VIIRS_SNPP_NRT,True,356.95,287.39,0.41,0.61
51.83918,-3.1858,2026-08-09T11:55:00Z,2026-08-09,1155,N,VIIRS,n,nominal,2.0NRT,21.41,D,VIIRS_SNPP_NRT,True,343.55,280.18,0.41,0.61
51.81737,-3.19294,2026-08-09T12:17:00Z,2026-08-09,1217,N20,VIIRS,n,nominal,2.0NRT,8.7,D,VIIRS_NOAA20_NRT,True,331.85,282.08,0.48,0.48
51.81907,-3.18632,2026-08-09T12:17:00Z,2026-08-09,1217,N20,VIIRS,l,low,2.0NRT,8.7,D,VIIRS_NOAA20_NRT,True,356.43,287.63,0.47,0.48
51.82321,-3.18885,2026-08-09T12:17:00Z,2026-08-09,1217,N20,VIIRS,n,nominal,2.0NRT,8.7,D,VIIRS_NOAA20_NRT,True,340.99,284.49,0.47,0.48
51.82568,-3.1979,2026-08-09T12:17:00Z,2026-08-09,1217,N20,VIIRS,n,nominal,2.0NRT,9.19,D,VIIRS_NOAA20_NRT,True,333.06,284.76,0.48,0.48
51.8371,-3.19072,2026-08-09T12:17:00Z,2026-08-09,1217,N20,VIIRS,n,nominal,2.0NRT,12.69,D,VIIRS_NOAA20_NRT,True,350.84,291.11,0.47,0.48
51.67692,-3.05457,2026-08-09T12:59:00Z,2026-08-09,1259,N21,VIIRS,n,nominal,2.0NRT,3.05,D,VIIRS_NOAA21_NRT,True,330.74,299.42,0.4,0.37
51.73954,-3.04259,2026-08-09T13:01:00Z,2026-08-09,1301,N21,VIIRS,l,low,2.0NRT,3.94,D,VIIRS_NOAA21_NRT,True,331.27,301.58,0.4,0.37
51.8175,-3.197,2026-08-09T13:01:00Z,2026-08-09,1301,N21,VIIRS,n,nominal,2.0NRT,3.8,D,VIIRS_NOAA21_NRT,True,334.82,294.91,0.39,0.37
51.81827,-3.19138,2026-08-09T13:01:00Z,2026-08-09,1301,N21,VIIRS,h,high,2.0NRT,11.03,D,VIIRS_NOAA21_NRT,True,367.0,301.95,0.39,0.37
51.81904,-3.18578,2026-08-09T13:01:00Z,2026-08-09,1301,N21,VIIRS,n,nominal,2.0NRT,11.03,D,VIIRS_NOAA21_NRT,True,348.3,301.41,0.39,0.37
51.82079,-3.19822,2026-08-09T13:01:00Z,2026-08-09,1301,N21,VIIRS,n,nominal,2.0NRT,5.72,D,VIIRS_NOAA21_NRT,True,349.15,300.07,0.39,0.37
51.82156,-3.1926,2026-08-09T13:01:00Z,2026-08-09,1301,N21,VIIRS,h,high,2.0NRT,16.96,D,VIIRS_NOAA21_NRT,True,367.0,312.79,0.39,0.37
51.82233,-3.187,2026-08-09T13:01:00Z,2026-08-09,1301,N21,VIIRS,n,nominal,2.0NRT,16.96,D,VIIRS_NOAA21_NRT,True,355.54,308.59,0.39,0.37
51.82407,-3.19945,2026-08-09T13:01:00Z,2026-08-09,1301,N21,VIIRS,n,nominal,2.0NRT,5.72,D,VIIRS_NOAA21_NRT,True,334.59,292.32,0.39,0.37
51.82484,-3.19383,2026-08-09T13:01:00Z,2026-08-09,1301,N21,VIIRS,h,high,2.0NRT,16.96,D,VIIRS_NOAA21_NRT,True,367.0,311.66,0.39,0.37
51.82561,-3.18822,2026-08-09T13:01:00Z,2026-08-09,1301,N21,VIIRS,n,nominal,2.0NRT,16.96,D,VIIRS_NOAA21_NRT,True,354.25,312.59,0.39,0.37
51.82735,-3.20068,2026-08-09T13:01:00Z,2026-08-09,1301,N21,VIIRS,n,nominal,2.0NRT,5.37,D,VIIRS_NOAA21_NRT,True,347.29,300.16,0.39,0.37
51.82813,-3.19505,2026-08-09T13:01:00Z,2026-08-09,1301,N21,VIIRS,n,nominal,2.0NRT,5.37,D,VIIRS_NOAA21_NRT,True,354.41,303.6,0.39,0.37
51.8289,-3.18942,2026-08-09T13:01:00Z,2026-08-09,1301,N21,VIIRS,n,nominal,2.0NRT,5.37,D,VIIRS_NOAA21_NRT,True,343.2,299.49,0.39,0.37
51.83064,-3.20189,2026-08-09T13:01:00Z,2026-08-09,1301,N21,VIIRS,n,nominal,2.0NRT,5.37,D,VIIRS_NOAA21_NRT,True,338.27,295.71,0.39,0.37
51.83141,-3.19625,2026-08-09T13:01:00Z,2026-08-09,1301,N21,VIIRS,n,nominal,2.0NRT,5.37,D,VIIRS_NOAA21_NRT,True,330.8,298.71,0.39,0.37
51.83219,-3.19061,2026-08-09T13:01:00Z,2026-08-09,1301,N21,VIIRS,n,nominal,2.0NRT,5.37,D,VIIRS_NOAA21_NRT,True,340.05,299.09,0.39,0.37
51.83297,-3.18492,2026-08-09T13:01:00Z,2026-08-09,1301,N21,VIIRS,n,nominal,2.0NRT,22.18,D,VIIRS_NOAA21_NRT,True,353.7,315.47,0.39,0.37
51.8347,-3.19744,2026-08-09T13:01:00Z,2026-08-09,1301,N21,VIIRS,n,nominal,2.0NRT,16.03,D,VIIRS_NOAA21_NRT,True,338.31,299.04,0.39,0.37
51.83548,-3.19178,2026-08-09T13:01:00Z,2026-08-09,1301,N21,VIIRS,n,nominal,2.0NRT,16.03,D,VIIRS_NOAA21_NRT,True,350.48,321.78,0.39,0.37
51.83626,-3.18606,2026-08-09T13:01:00Z,2026-08-09,1301,N21,VIIRS,h,high,2.0NRT,87.12,D,VIIRS_NOAA21_NRT,True,367.0,345.82,0.39,0.37
51.83877,-3.1929,2026-08-09T13:01:00Z,2026-08-09,1301,N21,VIIRS,n,nominal,2.0NRT,16.03,D,VIIRS_NOAA21_NRT,True,347.63,302.1,0.39,0.37
51.74051,-3.04198,2026-08-09T13:36:00Z,2026-08-09,1336,N,VIIRS,n,nominal,2.0NRT,4.66,D,VIIRS_SNPP_NRT,True,341.3,303.85,0.4,0.45
51.81776,-3.19318,2026-08-09T13:38:00Z,2026-08-09,1338,N,VIIRS,n,nominal,2.0NRT,25.58,D,VIIRS_SNPP_NRT,True,355.68,308.76,0.4,0.44
51.81824,-3.18739,2026-08-09T13:38:00Z,2026-08-09,1338,N,VIIRS,n,nominal,2.0NRT,25.58,D,VIIRS_SNPP_NRT,True,352.27,307.07,0.4,0.44
51.82135,-3.20014,2026-08-09T13:38:00Z,2026-08-09,1338,N,VIIRS,n,nominal,2.0NRT,6.96,D,VIIRS_SNPP_NRT,True,339.2,303.0,0.4,0.44
51.82184,-3.19426,2026-08-09T13:38:00Z,2026-08-09,1338,N,VIIRS,h,high,2.0NRT,25.58,D,VIIRS_SNPP_NRT,True,367.0,311.63,0.4,0.44
51.82232,-3.18848,2026-08-09T13:38:00Z,2026-08-09,1338,N,VIIRS,h,high,2.0NRT,25.58,D,VIIRS_SNPP_NRT,True,367.0,307.09,0.4,0.44
51.8228,-3.18273,2026-08-09T13:38:00Z,2026-08-09,1338,N,VIIRS,n,nominal,2.0NRT,13.89,D,VIIRS_SNPP_NRT,True,332.43,294.78,0.4,0.44
51.82543,-3.20126,2026-08-09T13:38:00Z,2026-08-09,1338,N,VIIRS,n,nominal,2.0NRT,8.65,D,VIIRS_SNPP_NRT,True,351.58,308.27,0.4,0.44
51.82592,-3.19536,2026-08-09T13:38:00Z,2026-08-09,1338,N,VIIRS,n,nominal,2.0NRT,13.17,D,VIIRS_SNPP_NRT,True,356.25,307.31,0.4,0.44
51.82641,-3.18954,2026-08-09T13:38:00Z,2026-08-09,1338,N,VIIRS,h,high,2.0NRT,13.17,D,VIIRS_SNPP_NRT,True,367.0,304.97,0.4,0.44
51.82951,-3.20233,2026-08-09T13:38:00Z,2026-08-09,1338,N,VIIRS,n,nominal,2.0NRT,8.65,D,VIIRS_SNPP_NRT,True,347.29,302.59,0.4,0.44
51.83001,-3.19639,2026-08-09T13:38:00Z,2026-08-09,1338,N,VIIRS,n,nominal,2.0NRT,13.17,D,VIIRS_SNPP_NRT,True,353.52,301.84,0.4,0.44
51.8305,-3.19047,2026-08-09T13:38:00Z,2026-08-09,1338,N,VIIRS,n,nominal,2.0NRT,13.17,D,VIIRS_SNPP_NRT,True,333.72,298.4,0.4,0.44
51.83101,-3.18446,2026-08-09T13:38:00Z,2026-08-09,1338,N,VIIRS,n,nominal,2.0NRT,10.45,D,VIIRS_SNPP_NRT,True,349.0,299.89,0.4,0.44
51.8341,-3.19727,2026-08-09T13:38:00Z,2026-08-09,1338,N,VIIRS,n,nominal,2.0NRT,23.01,D,VIIRS_SNPP_NRT,True,338.09,299.17,0.4,0.44
51.83461,-3.19128,2026-08-09T13:38:00Z,2026-08-09,1338,N,VIIRS,n,nominal,2.0NRT,23.01,D,VIIRS_SNPP_NRT,True,347.18,317.86,0.4,0.44
51.83514,-3.18496,2026-08-09T13:38:00Z,2026-08-09,1338,N,VIIRS,h,high,2.0NRT,54.26,D,VIIRS_SNPP_NRT,True,367.0,336.64,0.4,0.44
51.83874,-3.19177,2026-08-09T13:38:00Z,2026-08-09,1338,N,VIIRS,h,high,2.0NRT,23.01,D,VIIRS_SNPP_NRT,True,367.0,298.12,0.4,0.44
51.83929,-3.18525,2026-08-09T13:38:00Z,2026-08-09,1338,N,VIIRS,n,nominal,2.0NRT,54.26,D,VIIRS_SNPP_NRT,True,350.29,294.55,0.4,0.44
51.81596,-3.19105,2026-08-09T13:55:00Z,2026-08-09,1355,N20,VIIRS,n,nominal,2.0NRT,33.21,D,VIIRS_NOAA20_NRT,True,350.68,300.31,0.37,0.58
51.81611,-3.18568,2026-08-09T13:55:00Z,2026-08-09,1355,N20,VIIRS,h,high,2.0NRT,26.39,D,VIIRS_NOAA20_NRT,True,367.0,294.89,0.37,0.58
51.82118,-3.19737,2026-08-09T13:55:00Z,2026-08-09,1355,N20,VIIRS,h,high,2.0NRT,19.65,D,VIIRS_NOAA20_NRT,True,367.0,300.03,0.37,0.58
51.82134,-3.19193,2026-08-09T13:55:00Z,2026-08-09,1355,N20,VIIRS,h,high,2.0NRT,19.65,D,VIIRS_NOAA20_NRT,True,367.0,306.7,0.37,0.58
51.8215,-3.18662,2026-08-09T13:55:00Z,2026-08-09,1355,N20,VIIRS,n,nominal,2.0NRT,16.47,D,VIIRS_NOAA20_NRT,True,352.74,300.66,0.37,0.58
51.82165,-3.18136,2026-08-09T13:55:00Z,2026-08-09,1355,N20,VIIRS,n,nominal,2.0NRT,16.47,D,VIIRS_NOAA20_NRT,True,356.04,289.69,0.37,0.58
51.82656,-3.19833,2026-08-09T13:55:00Z,2026-08-09,1355,N20,VIIRS,h,high,2.0NRT,19.65,D,VIIRS_NOAA20_NRT,True,367.0,304.32,0.37,0.58
51.82672,-3.19284,2026-08-09T13:55:00Z,2026-08-09,1355,N20,VIIRS,h,high,2.0NRT,19.65,D,VIIRS_NOAA20_NRT,True,367.0,301.25,0.37,0.58
51.82688,-3.18743,2026-08-09T13:55:00Z,2026-08-09,1355,N20,VIIRS,h,high,2.0NRT,16.47,D,VIIRS_NOAA20_NRT,True,367.0,295.78,0.37,0.58
51.83211,-3.19335,2026-08-09T13:55:00Z,2026-08-09,1355,N20,VIIRS,n,nominal,2.0NRT,17.51,D,VIIRS_NOAA20_NRT,True,341.04,298.26,0.37,0.58
51.83228,-3.18764,2026-08-09T13:55:00Z,2026-08-09,1355,N20,VIIRS,n,nominal,2.0NRT,27.11,D,VIIRS_NOAA20_NRT,True,345.78,312.97,0.37,0.58
51.83247,-3.18143,2026-08-09T13:55:00Z,2026-08-09,1355,N20,VIIRS,h,high,2.0NRT,27.11,D,VIIRS_NOAA20_NRT,True,367.0,297.25,0.37,0.58
51.83752,-3.19321,2026-08-09T13:55:00Z,2026-08-09,1355,N20,VIIRS,n,nominal,2.0NRT,17.51,D,VIIRS_NOAA20_NRT,True,354.72,299.31,0.37,0.58
51.83771,-3.18693,2026-08-09T13:55:00Z,2026-08-09,1355,N20,VIIRS,n,nominal,2.0NRT,27.11,D,VIIRS_NOAA20_NRT,True,351.44,302.49,0.37,0.58
51.83792,-3.17981,2026-08-09T13:55:00Z,2026-08-09,1355,N20,VIIRS,h,high,2.0NRT,27.11,D,VIIRS_NOAA20_NRT,True,367.0,291.03,0.37,0.58
51.68146,-5.03455,2026-08-10T01:13:00Z,2026-08-10,113,N21,VIIRS,n,nominal,2.0NRT,1.87,N,VIIRS_NOAA21_NRT,True,295.72,284.98,0.6,0.7
51.81071,-3.1943,2026-08-10T01:13:00Z,2026-08-10,113,N21,VIIRS,n,nominal,2.0NRT,2.58,N,VIIRS_NOAA21_NRT,True,314.04,283.79,0.5,0.66
51.81673,-3.1862,2026-08-10T01:13:00Z,2026-08-10,113,N21,VIIRS,n,nominal,2.0NRT,7.02,N,VIIRS_NOAA21_NRT,True,332.43,288.52,0.5,0.66
51.81676,-3.19362,2026-08-10T01:13:00Z,2026-08-10,113,N21,VIIRS,n,nominal,2.0NRT,7.62,N,VIIRS_NOAA21_NRT,True,345.6,289.2,0.5,0.66
51.8168,-3.20085,2026-08-10T01:13:00Z,2026-08-10,113,N21,VIIRS,n,nominal,2.0NRT,7.62,N,VIIRS_NOAA21_NRT,True,303.4,283.64,0.5,0.66
51.82278,-3.18527,2026-08-10T01:13:00Z,2026-08-10,113,N21,VIIRS,n,nominal,2.0NRT,7.02,N,VIIRS_NOAA21_NRT,True,307.31,284.81,0.5,0.66
51.82282,-3.1928,2026-08-10T01:13:00Z,2026-08-10,113,N21,VIIRS,n,nominal,2.0NRT,7.62,N,VIIRS_NOAA21_NRT,True,346.04,291.65,0.5,0.66
51.82285,-3.20002,2026-08-10T01:13:00Z,2026-08-10,113,N21,VIIRS,n,nominal,2.0NRT,7.62,N,VIIRS_NOAA21_NRT,True,319.65,285.98,0.5,0.66
51.82883,-3.18475,2026-08-10T01:13:00Z,2026-08-10,113,N21,VIIRS,n,nominal,2.0NRT,15.18,N,VIIRS_NOAA21_NRT,True,319.63,285.0,0.5,0.66
51.82887,-3.19209,2026-08-10T01:13:00Z,2026-08-10,113,N21,VIIRS,n,nominal,2.0NRT,15.25,N,VIIRS_NOAA21_NRT,True,319.11,284.63,0.5,0.66
51.82891,-3.19925,2026-08-10T01:13:00Z,2026-08-10,113,N21,VIIRS,n,nominal,2.0NRT,15.25,N,VIIRS_NOAA21_NRT,True,336.25,289.7,0.5,0.66
51.82895,-3.20636,2026-08-10T01:13:00Z,2026-08-10,113,N21,VIIRS,n,nominal,2.0NRT,5.13,N,VIIRS_NOAA21_NRT,True,311.04,283.96,0.5,0.66
51.83489,-3.18568,2026-08-10T01:13:00Z,2026-08-10,113,N21,VIIRS,h,high,2.0NRT,15.18,N,VIIRS_NOAA21_NRT,True,367.0,294.91,0.5,0.66
51.83493,-3.19214,2026-08-10T01:13:00Z,2026-08-10,113,N21,VIIRS,h,high,2.0NRT,15.25,N,VIIRS_NOAA21_NRT,True,367.0,299.68,0.5,0.66
51.83496,-3.19918,2026-08-10T01:13:00Z,2026-08-10,113,N21,VIIRS,n,nominal,2.0NRT,15.25,N,VIIRS_NOAA21_NRT,True,341.07,284.94,0.5,0.66
51.83501,-3.20642,2026-08-10T01:13:00Z,2026-08-10,113,N21,VIIRS,n,nominal,2.0NRT,5.13,N,VIIRS_NOAA21_NRT,True,305.44,282.51,0.5,0.66
51.84096,-3.18751,2026-08-10T01:13:00Z,2026-08-10,113,N21,VIIRS,n,nominal,2.0NRT,6.5,N,VIIRS_NOAA21_NRT,True,315.76,284.77,0.5,0.66
51.841,-3.19393,2026-08-10T01:13:00Z,2026-08-10,113,N21,VIIRS,n,nominal,2.0NRT,6.07,N,VIIRS_NOAA21_NRT,True,334.52,285.48,0.5,0.66
51.84104,-3.20088,2026-08-10T01:13:00Z,2026-08-10,113,N21,VIIRS,n,nominal,2.0NRT,6.07,N,VIIRS_NOAA21_NRT,True,314.36,282.65,0.5,0.66
51.39865,-3.39567,2026-08-10T01:49:00Z,2026-08-10,149,N,VIIRS,n,nominal,2.0NRT,0.55,N,VIIRS_SNPP_NRT,True,297.42,284.87,0.53,0.5
51.81257,-3.18743,2026-08-10T01:49:00Z,2026-08-10,149,N,VIIRS,n,nominal,2.0NRT,6.18,N,VIIRS_SNPP_NRT,True,297.34,284.06,0.52,0.5
51.81304,-3.19516,2026-08-10T01:49:00Z,2026-08-10,149,N,VIIRS,n,nominal,2.0NRT,6.18,N,VIIRS_SNPP_NRT,True,341.19,287.43,0.52,0.5
51.81718,-3.18632,2026-08-10T01:49:00Z,2026-08-10,149,N,VIIRS,n,nominal,2.0NRT,6.18,N,VIIRS_SNPP_NRT,True,343.76,291.78,0.52,0.5
51.81767,-3.19412,2026-08-10T01:49:00Z,2026-08-10,149,N,VIIRS,n,nominal,2.0NRT,6.18,N,VIIRS_SNPP_NRT,True,333.54,287.82,0.52,0.5
51.81813,-3.20176,2026-08-10T01:49:00Z,2026-08-10,149,N,VIIRS,n,nominal,2.0NRT,2.45,N,VIIRS_SNPP_NRT,True,302.11,283.76,0.52,0.5
51.8218,-3.18515,2026-08-10T01:49:00Z,2026-08-10,149,N,VIIRS,n,nominal,2.0NRT,4.86,N,VIIRS_SNPP_NRT,True,319.45,287.16,0.52,0.5
51.82228,-3.19301,2026-08-10T01:49:00Z,2026-08-10,149,N,VIIRS,n,nominal,2.0NRT,4.86,N,VIIRS_SNPP_NRT,True,335.62,289.01,0.52,0.5
51.82275,-3.20066,2026-08-10T01:49:00Z,2026-08-10,149,N,VIIRS,n,nominal,2.0NRT,4.16,N,VIIRS_SNPP_NRT,True,313.61,283.85,0.52,0.5
51.82642,-3.18412,2026-08-10T01:49:00Z,2026-08-10,149,N,VIIRS,n,nominal,2.0NRT,4.86,N,VIIRS_SNPP_NRT,True,317.06,285.46,0.52,0.5
51.8269,-3.19189,2026-08-10T01:49:00Z,2026-08-10,149,N,VIIRS,n,nominal,2.0NRT,4.86,N,VIIRS_SNPP_NRT,True,338.44,290.87,0.52,0.5
51.82737,-3.19958,2026-08-10T01:49:00Z,2026-08-10,149,N,VIIRS,n,nominal,2.0NRT,4.16,N,VIIRS_SNPP_NRT,True,314.12,284.72,0.52,0.5
51.83107,-3.18359,2026-08-10T01:49:00Z,2026-08-10,149,N,VIIRS,n,nominal,2.0NRT,6.35,N,VIIRS_SNPP_NRT,True,321.39,286.95,0.52,0.5
51.83154,-3.19108,2026-08-10T01:49:00Z,2026-08-10,149,N,VIIRS,n,nominal,2.0NRT,6.35,N,VIIRS_SNPP_NRT,True,311.88,284.32,0.52,0.5
51.83201,-3.19869,2026-08-10T01:49:00Z,2026-08-10,149,N,VIIRS,n,nominal,2.0NRT,4.86,N,VIIRS_SNPP_NRT,True,298.85,282.79,0.52,0.5
51.83576,-3.18361,2026-08-10T01:49:00Z,2026-08-10,149,N,VIIRS,n,nominal,2.0NRT,6.35,N,VIIRS_SNPP_NRT,True,330.1,289.16,0.52,0.5
51.83619,-3.19058,2026-08-10T01:49:00Z,2026-08-10,149,N,VIIRS,h,high,2.0NRT,6.35,N,VIIRS_SNPP_NRT,True,367.0,293.35,0.52,0.5
51.83666,-3.19811,2026-08-10T01:49:00Z,2026-08-10,149,N,VIIRS,n,nominal,2.0NRT,4.86,N,VIIRS_SNPP_NRT,True,334.77,284.48,0.52,0.5
51.84046,-3.18382,2026-08-10T01:49:00Z,2026-08-10,149,N,VIIRS,n,nominal,2.0NRT,2.48,N,VIIRS_SNPP_NRT,True,300.4,283.94,0.52,0.5
51.84089,-3.19081,2026-08-10T01:49:00Z,2026-08-10,149,N,VIIRS,n,nominal,2.0NRT,2.48,N,VIIRS_SNPP_NRT,True,324.34,285.65,0.52,0.5
51.84137,-3.19838,2026-08-10T01:49:00Z,2026-08-10,149,N,VIIRS,n,nominal,2.0NRT,1.6,N,VIIRS_SNPP_NRT,True,303.42,281.76,0.52,0.5
51.39806,-3.39693,2026-08-10T02:09:00Z,2026-08-10,209,N20,VIIRS,n,nominal,2.0NRT,0.64,N,VIIRS_NOAA20_NRT,True,307.72,285.59,0.46,0.39
51.47981,-3.13831,2026-08-10T02:09:00Z,2026-08-10,209,N20,VIIRS,n,nominal,2.0NRT,0.58,N,VIIRS_NOAA20_NRT,True,300.5,287.34,0.45,0.39
51.66806,-3.43653,2026-08-10T02:09:00Z,2026-08-10,209,N20,VIIRS,n,nominal,2.0NRT,0.57,N,VIIRS_NOAA20_NRT,True,295.78,282.61,0.46,0.39
51.74204,-3.04205,2026-08-10T02:09:00Z,2026-08-10,209,N20,VIIRS,n,nominal,2.0NRT,0.96,N,VIIRS_NOAA20_NRT,True,299.54,285.0,0.45,0.39
51.81477,-3.19473,2026-08-10T02:09:00Z,2026-08-10,209,N20,VIIRS,n,nominal,2.0NRT,6.33,N,VIIRS_NOAA20_NRT,True,342.77,288.12,0.45,0.39
51.81754,-3.18699,2026-08-10T02:09:00Z,2026-08-10,209,N20,VIIRS,n,nominal,2.0NRT,6.33,N,VIIRS_NOAA20_NRT,True,344.32,294.86,0.45,0.39
51.8183,-3.19355,2026-08-10T02:09:00Z,2026-08-10,209,N20,VIIRS,n,nominal,2.0NRT,6.33,N,VIIRS_NOAA20_NRT,True,332.95,290.58,0.45,0.39
51.81907,-3.20007,2026-08-10T02:09:00Z,2026-08-10,209,N20,VIIRS,n,nominal,2.0NRT,1.71,N,VIIRS_NOAA20_NRT,True,309.71,284.28,0.45,0.39
51.82107,-3.18578,2026-08-10T02:09:00Z,2026-08-10,209,N20,VIIRS,n,nominal,2.0NRT,5.37,N,VIIRS_NOAA20_NRT,True,332.92,291.21,0.45,0.39
51.82184,-3.19236,2026-08-10T02:09:00Z,2026-08-10,209,N20,VIIRS,n,nominal,2.0NRT,5.37,N,VIIRS_NOAA20_NRT,True,345.6,296.28,0.45,0.39
51.8226,-3.19889,2026-08-10T02:09:00Z,2026-08-10,209,N20,VIIRS,n,nominal,2.0NRT,2.67,N,VIIRS_NOAA20_NRT,True,322.84,285.66,0.45,0.39
51.82336,-3.20538,2026-08-10T02:09:00Z,2026-08-10,209,N20,VIIRS,n,nominal,2.0NRT,2.67,N,VIIRS_NOAA20_NRT,True,297.57,283.19,0.45,0.39
51.82461,-3.1846,2026-08-10T02:09:00Z,2026-08-10,209,N20,VIIRS,n,nominal,2.0NRT,5.37,N,VIIRS_NOAA20_NRT,True,299.06,285.17,0.45,0.39
51.82537,-3.19117,2026-08-10T02:09:00Z,2026-08-10,209,N20,VIIRS,n,nominal,2.0NRT,5.37,N,VIIRS_NOAA20_NRT,True,349.27,298.04,0.45,0.39
51.82614,-3.19771,2026-08-10T02:09:00Z,2026-08-10,209,N20,VIIRS,n,nominal,2.0NRT,2.67,N,VIIRS_NOAA20_NRT,True,332.19,289.08,0.45,0.39
51.8269,-3.2042,2026-08-10T02:09:00Z,2026-08-10,209,N20,VIIRS,n,nominal,2.0NRT,2.67,N,VIIRS_NOAA20_NRT,True,312.22,285.08,0.45,0.39
51.82815,-3.18345,2026-08-10T02:09:00Z,2026-08-10,209,N20,VIIRS,n,nominal,2.0NRT,3.07,N,VIIRS_NOAA20_NRT,True,329.16,288.48,0.45,0.39
51.82892,-3.19003,2026-08-10T02:09:00Z,2026-08-10,209,N20,VIIRS,n,nominal,2.0NRT,3.07,N,VIIRS_NOAA20_NRT,True,323.23,286.94,0.45,0.39
51.82968,-3.19656,2026-08-10T02:09:00Z,2026-08-10,209,N20,VIIRS,n,nominal,2.0NRT,2.19,N,VIIRS_NOAA20_NRT,True,329.86,291.47,0.45,0.39
51.83044,-3.20307,2026-08-10T02:09:00Z,2026-08-10,209,N20,VIIRS,n,nominal,2.0NRT,2.19,N,VIIRS_NOAA20_NRT,True,322.45,286.79,0.45,0.39
51.83247,-3.18898,2026-08-10T02:09:00Z,2026-08-10,209,N20,VIIRS,n,nominal,2.0NRT,3.07,N,VIIRS_NOAA20_NRT,True,305.2,284.28,0.45,0.39
51.83323,-3.19548,2026-08-10T02:09:00Z,2026-08-10,209,N20,VIIRS,n,nominal,2.0NRT,2.19,N,VIIRS_NOAA20_NRT,True,296.78,283.16,0.45,0.39
51.83399,-3.20201,2026-08-10T02:09:00Z,2026-08-10,209,N20,VIIRS,n,nominal,2.0NRT,2.19,N,VIIRS_NOAA20_NRT,True,302.87,284.13,0.45,0.39
51.83531,-3.18181,2026-08-10T02:09:00Z,2026-08-10,209,N20,VIIRS,n,nominal,2.0NRT,14.93,N,VIIRS_NOAA20_NRT,True,314.99,288.6,0.45,0.39
51.83603,-3.18799,2026-08-10T02:09:00Z,2026-08-10,209,N20,VIIRS,n,nominal,2.0NRT,14.93,N,VIIRS_NOAA20_NRT,True,355.57,309.27,0.45,0.39
51.83679,-3.1945,2026-08-10T02:09:00Z,2026-08-10,209,N20,VIIRS,n,nominal,2.0NRT,7.32,N,VIIRS_NOAA20_NRT,True,353.47,295.91,0.45,0.39
51.83755,-3.20098,2026-08-10T02:09:00Z,2026-08-10,209,N20,VIIRS,n,nominal,2.0NRT,7.32,N,VIIRS_NOAA20_NRT,True,301.37,282.71,0.45,0.39
51.83963,-3.1873,2026-08-10T02:09:00Z,2026-08-10,209,N20,VIIRS,n,nominal,2.0NRT,14.93,N,VIIRS_NOAA20_NRT,True,348.43,304.94,0.45,0.39
51.84038,-3.19373,2026-08-10T02:09:00Z,2026-08-10,209,N20,VIIRS,n,nominal,2.0NRT,7.32,N,VIIRS_NOAA20_NRT,True,336.36,288.49,0.45,0.39
53.15025,-3.06082,2026-08-10T02:09:00Z,2026-08-10,209,N20,VIIRS,n,nominal,2.0NRT,0.55,N,VIIRS_NOAA20_NRT,True,296.81,283.76,0.47,0.39
51.39791,-3.39319,2026-08-10T02:53:00Z,2026-08-10,253,N21,VIIRS,n,nominal,2.0NRT,1.23,N,VIIRS_NOAA21_NRT,True,299.76,284.11,0.56,0.43
51.81284,-3.19251,2026-08-10T02:53:00Z,2026-08-10,253,N21,VIIRS,n,nominal,2.0NRT,4.05,N,VIIRS_NOAA21_NRT,True,321.02,286.44,0.56,0.43
51.81482,-3.18273,2026-08-10T02:53:00Z,2026-08-10,253,N21,VIIRS,n,nominal,2.0NRT,1.29,N,VIIRS_NOAA21_NRT,True,295.91,284.75,0.56,0.43
51.8166,-3.19042,2026-08-10T02:53:00Z,2026-08-10,253,N21,VIIRS,n,nominal,2.0NRT,4.05,N,VIIRS_NOAA21_NRT,True,325.85,290.42,0.56,0.43
51.81838,-3.19816,2026-08-10T02:53:00Z,2026-08-10,253,N21,VIIRS,n,nominal,2.0NRT,4.05,N,VIIRS_NOAA21_NRT,True,318.79,287.38,0.56,0.43
51.8186,-3.18073,2026-08-10T02:53:00Z,2026-08-10,253,N21,VIIRS,n,nominal,2.0NRT,2.2,N,VIIRS_NOAA21_NRT,True,304.95,285.08,0.56,0.43
51.82036,-3.18837,2026-08-10T02:53:00Z,2026-08-10,253,N21,VIIRS,n,nominal,2.0NRT,7.32,N,VIIRS_NOAA21_NRT,True,334.94,292.19,0.56,0.43
51.82214,-3.19606,2026-08-10T02:53:00Z,2026-08-10,253,N21,VIIRS,n,nominal,2.0NRT,7.32,N,VIIRS_NOAA21_NRT,True,337.4,291.8,0.56,0.43
51.82394,-3.20391,2026-08-10T02:53:00Z,2026-08-10,253,N21,VIIRS,n,nominal,2.0NRT,4.54,N,VIIRS_NOAA21_NRT,True,300.72,285.17,0.56,0.43
51.82412,-3.18631,2026-08-10T02:53:00Z,2026-08-10,253,N21,VIIRS,n,nominal,2.0NRT,7.32,N,VIIRS_NOAA21_NRT,True,309.76,286.47,0.56,0.43
51.82589,-3.19401,2026-08-10T02:53:00Z,2026-08-10,253,N21,VIIRS,n,nominal,2.0NRT,7.32,N,VIIRS_NOAA21_NRT,True,345.35,293.45,0.56,0.43
51.82769,-3.20181,2026-08-10T02:53:00Z,2026-08-10,253,N21,VIIRS,n,nominal,2.0NRT,4.54,N,VIIRS_NOAA21_NRT,True,336.7,292.74,0.56,0.43
51.82787,-3.18421,2026-08-10T02:53:00Z,2026-08-10,253,N21,VIIRS,n,nominal,2.0NRT,5.58,N,VIIRS_NOAA21_NRT,True,328.41,288.08,0.56,0.43
51.82964,-3.19187,2026-08-10T02:53:00Z,2026-08-10,253,N21,VIIRS,n,nominal,2.0NRT,5.58,N,VIIRS_NOAA21_NRT,True,306.91,284.57,0.56,0.43
51.83142,-3.19962,2026-08-10T02:53:00Z,2026-08-10,253,N21,VIIRS,n,nominal,2.0NRT,5.47,N,VIIRS_NOAA21_NRT,True,309.35,285.58,0.56,0.43
51.83152,-3.18167,2026-08-10T02:53:00Z,2026-08-10,253,N21,VIIRS,n,nominal,2.0NRT,5.58,N,VIIRS_NOAA21_NRT,True,298.13,284.54,0.56,0.43
51.83334,-3.18956,2026-08-10T02:53:00Z,2026-08-10,253,N21,VIIRS,n,nominal,2.0NRT,5.58,N,VIIRS_NOAA21_NRT,True,348.16,293.21,0.56,0.43
51.83509,-3.17877,2026-08-10T02:53:00Z,2026-08-10,253,N21,VIIRS,n,nominal,2.0NRT,19.73,N,VIIRS_NOAA21_NRT,True,296.6,285.13,0.56,0.43
51.83512,-3.19732,2026-08-10T02:53:00Z,2026-08-10,253,N21,VIIRS,n,nominal,2.0NRT,5.47,N,VIIRS_NOAA21_NRT,True,335.13,289.56,0.56,0.43
51.83697,-3.18694,2026-08-10T02:53:00Z,2026-08-10,253,N21,VIIRS,n,nominal,2.0NRT,19.73,N,VIIRS_NOAA21_NRT,True,354.85,313.18,0.56,0.43
51.83878,-3.19481,2026-08-10T02:53:00Z,2026-08-10,253,N21,VIIRS,n,nominal,2.0NRT,18.15,N,VIIRS_NOAA21_NRT,True,339.69,293.19,0.56,0.43
51.39947,-3.39472,2026-08-10T03:30:00Z,2026-08-10,330,N,VIIRS,n,nominal,2.0NRT,0.6,N,VIIRS_SNPP_NRT,True,301.08,280.41,0.32,0.55
51.61106,-3.27717,2026-08-10T03:30:00Z,2026-08-10,330,N,VIIRS,n,nominal,2.0NRT,1.12,N,VIIRS_SNPP_NRT,True,309.92,283.33,0.32,0.55
51.68304,-5.02821,2026-08-10T03:30:00Z,2026-08-10,330,N,VIIRS,n,nominal,2.0NRT,0.99,N,VIIRS_SNPP_NRT,True,301.68,287.43,0.55,0.51
51.81562,-3.1924,2026-08-10T03:30:00Z,2026-08-10,330,N,VIIRS,n,nominal,2.0NRT,1.55,N,VIIRS_SNPP_NRT,True,322.16,283.25,0.32,0.55
51.81692,-3.19679,2026-08-10T03:30:00Z,2026-08-10,330,N,VIIRS,n,nominal,2.0NRT,1.55,N,VIIRS_SNPP_NRT,True,303.93,280.94,0.32,0.55
51.81824,-3.20123,2026-08-10T03:30:00Z,2026-08-10,330,N,VIIRS,n,nominal,2.0NRT,0.68,N,VIIRS_SNPP_NRT,True,295.28,279.6,0.32,0.55
51.81907,-3.18497,2026-08-10T03:30:00Z,2026-08-10,330,N,VIIRS,n,nominal,2.0NRT,3.64,N,VIIRS_SNPP_NRT,True,335.49,285.38,0.32,0.55
51.82034,-3.18926,2026-08-10T03:30:00Z,2026-08-10,330,N,VIIRS,n,nominal,2.0NRT,3.05,N,VIIRS_SNPP_NRT,True,320.49,283.2,0.32,0.55
51.82162,-3.19358,2026-08-10T03:30:00Z,2026-08-10,330,N,VIIRS,n,nominal,2.0NRT,3.05,N,VIIRS_SNPP_NRT,True,334.88,286.6,0.32,0.55
51.82294,-3.19799,2026-08-10T03:30:00Z,2026-08-10,330,N,VIIRS,n,nominal,2.0NRT,3.06,N,VIIRS_SNPP_NRT,True,323.82,282.89,0.32,0.55
51.82427,-3.20251,2026-08-10T03:30:00Z,2026-08-10,330,N,VIIRS,n,nominal,2.0NRT,3.06,N,VIIRS_SNPP_NRT,True,301.92,280.47,0.32,0.55
51.82507,-3.18612,2026-08-10T03:30:00Z,2026-08-10,330,N,VIIRS,n,nominal,2.0NRT,3.05,N,VIIRS_SNPP_NRT,True,307.77,280.75,0.32,0.55
51.82635,-3.19045,2026-08-10T03:30:00Z,2026-08-10,330,N,VIIRS,n,nominal,2.0NRT,3.05,N,VIIRS_SNPP_NRT,True,341.3,285.99,0.32,0.55
51.82764,-3.1948,2026-08-10T03:30:00Z,2026-08-10,330,N,VIIRS,n,nominal,2.0NRT,3.06,N,VIIRS_SNPP_NRT,True,328.4,283.94,0.32,0.55
51.82895,-3.19922,2026-08-10T03:30:00Z,2026-08-10,330,N,VIIRS,n,nominal,2.0NRT,3.06,N,VIIRS_SNPP_NRT,True,336.82,287.37,0.32,0.55
51.82969,-3.18263,2026-08-10T03:30:00Z,2026-08-10,330,N,VIIRS,n,nominal,2.0NRT,4.26,N,VIIRS_SNPP_NRT,True,327.76,281.2,0.32,0.55
51.83027,-3.20366,2026-08-10T03:30:00Z,2026-08-10,330,N,VIIRS,n,nominal,2.0NRT,2.86,N,VIIRS_SNPP_NRT,True,301.53,278.54,0.32,0.55
51.83097,-3.18691,2026-08-10T03:30:00Z,2026-08-10,330,N,VIIRS,n,nominal,2.0NRT,4.26,N,VIIRS_SNPP_NRT,True,325.02,281.2,0.32,0.55
51.83225,-3.19127,2026-08-10T03:30:00Z,2026-08-10,330,N,VIIRS,n,nominal,2.0NRT,9.89,N,VIIRS_SNPP_NRT,True,301.62,279.26,0.32,0.55
51.83355,-3.19564,2026-08-10T03:30:00Z,2026-08-10,330,N,VIIRS,n,nominal,2.0NRT,9.89,N,VIIRS_SNPP_NRT,True,307.98,279.6,0.32,0.55
51.83484,-3.2,2026-08-10T03:30:00Z,2026-08-10,330,N,VIIRS,n,nominal,2.0NRT,6.18,N,VIIRS_SNPP_NRT,True,304.39,278.53,0.32,0.55
51.83521,-3.18216,2026-08-10T03:30:00Z,2026-08-10,330,N,VIIRS,n,nominal,2.0NRT,4.26,N,VIIRS_SNPP_NRT,True,346.52,285.74,0.32,0.55
51.83665,-3.18701,2026-08-10T03:30:00Z,2026-08-10,330,N,VIIRS,h,high,2.0NRT,9.89,N,VIIRS_SNPP_NRT,True,367.0,300.71,0.32,0.55
51.83797,-3.19147,2026-08-10T03:30:00Z,2026-08-10,330,N,VIIRS,h,high,2.0NRT,9.89,N,VIIRS_SNPP_NRT,True,367.0,301.4,0.32,0.55
51.83924,-3.19577,2026-08-10T03:30:00Z,2026-08-10,330,N,VIIRS,n,nominal,2.0NRT,6.18,N,VIIRS_SNPP_NRT,True,320.04,280.24,0.32,0.55
51.84069,-3.18154,2026-08-10T03:30:00Z,2026-08-10,330,N,VIIRS,n,nominal,2.0NRT,0.9,N,VIIRS_SNPP_NRT,True,307.32,280.21,0.32,0.55
51.84205,-3.18615,2026-08-10T03:30:00Z,2026-08-10,330,N,VIIRS,n,nominal,2.0NRT,0.9,N,VIIRS_SNPP_NRT,True,301.48,279.03,0.32,0.55
51.68292,-5.02976,2026-08-10T03:47:00Z,2026-08-10,347,N20,VIIRS,n,nominal,2.0NRT,1.2,N,VIIRS_NOAA20_NRT,True,300.16,285.27,0.49,0.65
51.6853,-5.02892,2026-08-10T03:47:00Z,2026-08-10,347,N20,VIIRS,n,nominal,2.0NRT,1.34,N,VIIRS_NOAA20_NRT,True,302.11,285.12,0.49,0.65
51.81672,-3.19711,2026-08-10T03:47:00Z,2026-08-10,347,N20,VIIRS,n,nominal,2.0NRT,5.44,N,VIIRS_NOAA20_NRT,True,320.73,282.25,0.57,0.69
51.81953,-3.20473,2026-08-10T03:47:00Z,2026-08-10,347,N20,VIIRS,n,nominal,2.0NRT,5.44,N,VIIRS_NOAA20_NRT,True,296.72,281.05,0.57,0.69
51.81981,-3.1853,2026-08-10T03:47:00Z,2026-08-10,347,N20,VIIRS,n,nominal,2.0NRT,9.74,N,VIIRS_NOAA20_NRT,True,330.34,287.77,0.57,0.69
51.82246,-3.19251,2026-08-10T03:47:00Z,2026-08-10,347,N20,VIIRS,n,nominal,2.0NRT,5.44,N,VIIRS_NOAA20_NRT,True,342.38,288.41,0.57,0.69
51.82524,-3.20006,2026-08-10T03:47:00Z,2026-08-10,347,N20,VIIRS,n,nominal,2.0NRT,5.44,N,VIIRS_NOAA20_NRT,True,331.15,283.57,0.57,0.69
51.8282,-3.18791,2026-08-10T03:47:00Z,2026-08-10,347,N20,VIIRS,n,nominal,2.0NRT,4.07,N,VIIRS_NOAA20_NRT,True,343.69,286.5,0.57,0.69
51.83086,-3.19514,2026-08-10T03:47:00Z,2026-08-10,347,N20,VIIRS,n,nominal,2.0NRT,4.07,N,VIIRS_NOAA20_NRT,True,326.55,283.24,0.57,0.69
51.83319,-3.18127,2026-08-10T03:47:00Z,2026-08-10,347,N20,VIIRS,n,nominal,2.0NRT,4.07,N,VIIRS_NOAA20_NRT,True,304.53,281.32,0.57,0.69
51.83353,-3.2024,2026-08-10T03:47:00Z,2026-08-10,347,N20,VIIRS,n,nominal,2.0NRT,3.28,N,VIIRS_NOAA20_NRT,True,300.49,280.06,0.57,0.69
51.83612,-3.18924,2026-08-10T03:47:00Z,2026-08-10,347,N20,VIIRS,n,nominal,2.0NRT,4.07,N,VIIRS_NOAA20_NRT,True,309.88,280.94,0.57,0.69
51.83755,-3.1729,2026-08-10T03:47:00Z,2026-08-10,347,N20,VIIRS,n,nominal,2.0NRT,1.4,N,VIIRS_NOAA20_NRT,True,298.94,279.53,0.57,0.69
51.82273,-3.19096,2026-08-10T11:55:00Z,2026-08-10,1155,N20,VIIRS,n,nominal,2.0NRT,7.47,D,VIIRS_NOAA20_NRT,True,325.75,284.55,0.36,0.58
51.83389,-3.19338,2026-08-10T11:55:00Z,2026-08-10,1155,N20,VIIRS,n,nominal,2.0NRT,6.1,D,VIIRS_NOAA20_NRT,True,325.75,286.06,0.36,0.58
51.83527,-3.18891,2026-08-10T11:55:00Z,2026-08-10,1155,N20,VIIRS,n,nominal,2.0NRT,7.2,D,VIIRS_NOAA20_NRT,True,350.97,291.54,0.36,0.58
51.83648,-3.18498,2026-08-10T11:55:00Z,2026-08-10,1155,N20,VIIRS,n,nominal,2.0NRT,7.2,D,VIIRS_NOAA20_NRT,True,353.22,290.0,0.36,0.58
51.76485,-4.06521,2026-08-10T12:42:00Z,2026-08-10,1242,N21,VIIRS,n,nominal,2.0NRT,5.88,D,VIIRS_NOAA21_NRT,True,343.86,291.1,0.43,0.38
51.8139,-3.19672,2026-08-10T12:42:00Z,2026-08-10,1242,N21,VIIRS,n,nominal,2.0NRT,7.31,D,VIIRS_NOAA21_NRT,True,334.22,287.41,0.41,0.37
51.81824,-3.19247,2026-08-10T12:42:00Z,2026-08-10,1242,N21,VIIRS,n,nominal,2.0NRT,4.82,D,VIIRS_NOAA21_NRT,True,330.24,289.13,0.41,0.37
51.81928,-3.18671,2026-08-10T12:42:00Z,2026-08-10,1242,N21,VIIRS,n,nominal,2.0NRT,6.47,D,VIIRS_NOAA21_NRT,True,335.04,287.83,0.41,0.37
51.82154,-3.19397,2026-08-10T12:42:00Z,2026-08-10,1242,N21,VIIRS,n,nominal,2.0NRT,4.82,D,VIIRS_NOAA21_NRT,True,334.39,293.17,0.41,0.37
51.82484,-3.19545,2026-08-10T12:42:00Z,2026-08-10,1242,N21,VIIRS,n,nominal,2.0NRT,4.64,D,VIIRS_NOAA21_NRT,True,336.9,294.03,0.41,0.37
51.82588,-3.1897,2026-08-10T12:42:00Z,2026-08-10,1242,N21,VIIRS,n,nominal,2.0NRT,9.99,D,VIIRS_NOAA21_NRT,True,337.08,291.03,0.41,0.37
51.8271,-3.20267,2026-08-10T12:42:00Z,2026-08-10,1242,N21,VIIRS,n,nominal,2.0NRT,4.64,D,VIIRS_NOAA21_NRT,True,330.6,295.25,0.41,0.37
51.82813,-3.19695,2026-08-10T12:42:00Z,2026-08-10,1242,N21,VIIRS,n,nominal,2.0NRT,4.64,D,VIIRS_NOAA21_NRT,True,335.38,293.02,0.41,0.37
51.83348,-3.18708,2026-08-10T12:42:00Z,2026-08-10,1242,N21,VIIRS,n,nominal,2.0NRT,8.58,D,VIIRS_NOAA21_NRT,True,330.39,288.44,0.41,0.37
51.83574,-3.19432,2026-08-10T12:42:00Z,2026-08-10,1242,N21,VIIRS,n,nominal,2.0NRT,8.58,D,VIIRS_NOAA21_NRT,True,348.75,293.09,0.41,0.37
51.83676,-3.18868,2026-08-10T12:42:00Z,2026-08-10,1242,N21,VIIRS,h,high,2.0NRT,8.58,D,VIIRS_NOAA21_NRT,True,367.0,297.94,0.41,0.37
51.84002,-3.19035,2026-08-10T12:42:00Z,2026-08-10,1242,N21,VIIRS,n,nominal,2.0NRT,6.63,D,VIIRS_NOAA21_NRT,True,341.94,285.47,0.41,0.37
51.61091,-3.27632,2026-08-10T13:18:00Z,2026-08-10,1318,N,VIIRS,n,nominal,2.0NRT,2.26,D,VIIRS_SNPP_NRT,True,333.83,297.65,0.42,0.38
51.81253,-3.19285,2026-08-10T13:18:00Z,2026-08-10,1318,N,VIIRS,n,nominal,2.0NRT,2.75,D,VIIRS_SNPP_NRT,True,331.55,289.66,0.42,0.38
51.81597,-3.19402,2026-08-10T13:18:00Z,2026-08-10,1318,N,VIIRS,n,nominal,2.0NRT,2.75,D,VIIRS_SNPP_NRT,True,330.39,288.39,0.42,0.38
51.81672,-3.18793,2026-08-10T13:18:00Z,2026-08-10,1318,N,VIIRS,n,nominal,2.0NRT,4.45,D,VIIRS_SNPP_NRT,True,329.96,290.72,0.42,0.38
51.82285,-3.19637,2026-08-10T13:18:00Z,2026-08-10,1318,N,VIIRS,n,nominal,2.0NRT,6.55,D,VIIRS_SNPP_NRT,True,330.87,292.05,0.42,0.38
51.8236,-3.19029,2026-08-10T13:18:00Z,2026-08-10,1318,N,VIIRS,n,nominal,2.0NRT,7.98,D,VIIRS_SNPP_NRT,True,334.71,292.49,0.42,0.38
51.82779,-3.18537,2026-08-10T13:18:00Z,2026-08-10,1318,N,VIIRS,n,nominal,2.0NRT,7.3,D,VIIRS_SNPP_NRT,True,331.46,290.52,0.42,0.38
51.82972,-3.19874,2026-08-10T13:18:00Z,2026-08-10,1318,N,VIIRS,n,nominal,2.0NRT,8.61,D,VIIRS_SNPP_NRT,True,335.44,293.74,0.42,0.38
51.83469,-3.18749,2026-08-10T13:18:00Z,2026-08-10,1318,N,VIIRS,n,nominal,2.0NRT,8.55,D,VIIRS_SNPP_NRT,True,341.51,294.67,0.42,0.38
51.83738,-3.19473,2026-08-10T13:18:00Z,2026-08-10,1318,N,VIIRS,n,nominal,2.0NRT,8.55,D,VIIRS_SNPP_NRT,True,349.05,294.01,0.42,0.38
51.83816,-3.18845,2026-08-10T13:18:00Z,2026-08-10,1318,N,VIIRS,n,nominal,2.0NRT,8.55,D,VIIRS_SNPP_NRT,True,354.79,299.61,0.42,0.38
51.83487,-3.19131,2026-08-10T13:38:00Z,2026-08-10,1338,N20,VIIRS,n,nominal,2.0NRT,11.17,D,VIIRS_NOAA20_NRT,True,345.88,285.01,0.47,0.47
51.83503,-3.18995,2026-08-10T13:38:00Z,2026-08-10,1338,N20,VIIRS,n,nominal,2.0NRT,10.57,D,VIIRS_NOAA20_NRT,True,338.3,279.19,0.47,0.47
51.83537,-3.18376,2026-08-10T13:38:00Z,2026-08-10,1338,N20,VIIRS,n,nominal,2.0NRT,6.12,D,VIIRS_NOAA20_NRT,True,330.76,283.27,0.47,0.47
51.6239,-3.15695,2026-08-11T01:30:00Z,2026-08-11,130,N,VIIRS,n,nominal,2.0NRT,1.09,N,VIIRS_SNPP_NRT,True,302.57,283.77,0.42,0.61
51.68132,-5.02821,2026-08-11T01:30:00Z,2026-08-11,130,N,VIIRS,n,nominal,2.0NRT,1.19,N,VIIRS_SNPP_NRT,True,297.36,285.2,0.5,0.66
51.68586,-5.03124,2026-08-11T01:30:00Z,2026-08-11,130,N,VIIRS,n,nominal,2.0NRT,1.42,N,VIIRS_SNPP_NRT,True,297.75,286.98,0.5,0.66
51.81538,-3.18982,2026-08-11T01:30:00Z,2026-08-11,130,N,VIIRS,n,nominal,2.0NRT,1.59,N,VIIRS_SNPP_NRT,True,297.11,281.65,0.42,0.61
51.8155,-3.19611,2026-08-11T01:30:00Z,2026-08-11,130,N,VIIRS,n,nominal,2.0NRT,1.59,N,VIIRS_SNPP_NRT,True,319.08,284.56,0.42,0.61
51.82108,-3.18878,2026-08-11T01:30:00Z,2026-08-11,130,N,VIIRS,n,nominal,2.0NRT,1.59,N,VIIRS_SNPP_NRT,True,303.82,283.33,0.42,0.61
51.82121,-3.19517,2026-08-11T01:30:00Z,2026-08-11,130,N,VIIRS,n,nominal,2.0NRT,1.59,N,VIIRS_SNPP_NRT,True,315.54,285.2,0.42,0.61
51.82133,-3.20131,2026-08-11T01:30:00Z,2026-08-11,130,N,VIIRS,n,nominal,2.0NRT,3.58,N,VIIRS_SNPP_NRT,True,309.75,283.73,0.42,0.61
51.82678,-3.18781,2026-08-11T01:30:00Z,2026-08-11,130,N,VIIRS,n,nominal,2.0NRT,1.91,N,VIIRS_SNPP_NRT,True,310.54,283.74,0.42,0.61
51.82691,-3.19414,2026-08-11T01:30:00Z,2026-08-11,130,N,VIIRS,n,nominal,2.0NRT,1.91,N,VIIRS_SNPP_NRT,True,315.96,284.87,0.42,0.61
51.82704,-3.20033,2026-08-11T01:30:00Z,2026-08-11,130,N,VIIRS,n,nominal,2.0NRT,2.7,N,VIIRS_SNPP_NRT,True,317.67,285.78,0.42,0.61
51.8325,-3.18766,2026-08-11T01:30:00Z,2026-08-11,130,N,VIIRS,n,nominal,2.0NRT,1.91,N,VIIRS_SNPP_NRT,True,301.59,282.48,0.42,0.61
51.83276,-3.19977,2026-08-11T01:30:00Z,2026-08-11,130,N,VIIRS,n,nominal,2.0NRT,2.7,N,VIIRS_SNPP_NRT,True,310.21,283.53,0.42,0.61
51.83823,-3.1883,2026-08-11T01:30:00Z,2026-08-11,130,N,VIIRS,n,nominal,2.0NRT,4.39,N,VIIRS_SNPP_NRT,True,332.23,290.75,0.42,0.61
51.83836,-3.19396,2026-08-11T01:30:00Z,2026-08-11,130,N,VIIRS,n,nominal,2.0NRT,4.39,N,VIIRS_SNPP_NRT,True,337.36,288.82,0.42,0.61
51.83848,-3.1999,2026-08-11T01:30:00Z,2026-08-11,130,N,VIIRS,n,nominal,2.0NRT,2.99,N,VIIRS_SNPP_NRT,True,295.69,282.66,0.42,0.61
51.39826,-3.39304,2026-08-11T01:49:00Z,2026-08-11,149,N20,VIIRS,n,nominal,2.0NRT,0.78,N,VIIRS_NOAA20_NRT,True,300.14,283.15,0.45,0.47
51.62429,-3.15958,2026-08-11T01:49:00Z,2026-08-11,149,N20,VIIRS,n,nominal,2.0NRT,1.76,N,VIIRS_NOAA20_NRT,True,310.97,285.19,0.44,0.46
51.68661,-5.03175,2026-08-11T01:49:00Z,2026-08-11,149,N20,VIIRS,n,nominal,2.0NRT,2.04,N,VIIRS_NOAA20_NRT,True,301.04,288.16,0.53,0.5
51.70588,-3.2937,2026-08-11T01:49:00Z,2026-08-11,149,N20,VIIRS,n,nominal,2.0NRT,1.16,N,VIIRS_NOAA20_NRT,True,312.68,282.17,0.45,0.47
51.75311,-3.05322,2026-08-11T01:49:00Z,2026-08-11,149,N20,VIIRS,n,nominal,2.0NRT,0.6,N,VIIRS_NOAA20_NRT,True,295.66,282.34,0.44,0.46
51.81361,-3.19373,2026-08-11T01:49:00Z,2026-08-11,149,N20,VIIRS,n,nominal,2.0NRT,1.78,N,VIIRS_NOAA20_NRT,True,307.85,284.56,0.45,0.47
51.8174,-3.18603,2026-08-11T01:49:00Z,2026-08-11,149,N20,VIIRS,n,nominal,2.0NRT,1.78,N,VIIRS_NOAA20_NRT,True,315.9,285.2,0.45,0.47
51.81789,-3.19263,2026-08-11T01:49:00Z,2026-08-11,149,N20,VIIRS,n,nominal,2.0NRT,1.78,N,VIIRS_NOAA20_NRT,True,306.27,284.21,0.45,0.47
51.81836,-3.19915,2026-08-11T01:49:00Z,2026-08-11,149,N20,VIIRS,n,nominal,2.0NRT,4.71,N,VIIRS_NOAA20_NRT,True,328.73,285.5,0.45,0.47
51.82167,-3.18485,2026-08-11T01:49:00Z,2026-08-11,149,N20,VIIRS,n,nominal,2.0NRT,1.66,N,VIIRS_NOAA20_NRT,True,297.85,282.77,0.45,0.47
51.82216,-3.1915,2026-08-11T01:49:00Z,2026-08-11,149,N20,VIIRS,n,nominal,2.0NRT,1.66,N,VIIRS_NOAA20_NRT,True,303.74,284.56,0.45,0.47
51.82264,-3.19805,2026-08-11T01:49:00Z,2026-08-11,149,N20,VIIRS,n,nominal,2.0NRT,1.79,N,VIIRS_NOAA20_NRT,True,316.23,285.44,0.45,0.47
51.82312,-3.20448,2026-08-11T01:49:00Z,2026-08-11,149,N20,VIIRS,n,nominal,2.0NRT,1.79,N,VIIRS_NOAA20_NRT,True,298.25,282.91,0.45,0.47
51.82644,-3.19037,2026-08-11T01:49:00Z,2026-08-11,149,N20,VIIRS,n,nominal,2.0NRT,1.66,N,VIIRS_NOAA20_NRT,True,317.99,286.19,0.45,0.47
51.82692,-3.19692,2026-08-11T01:49:00Z,2026-08-11,149,N20,VIIRS,n,nominal,2.0NRT,1.79,N,VIIRS_NOAA20_NRT,True,312.52,284.8,0.45,0.47
51.82739,-3.20336,2026-08-11T01:49:00Z,2026-08-11,149,N20,VIIRS,n,nominal,2.0NRT,1.79,N,VIIRS_NOAA20_NRT,True,311.4,285.89,0.45,0.47
51.83072,-3.18946,2026-08-11T01:49:00Z,2026-08-11,149,N20,VIIRS,n,nominal,2.0NRT,2.29,N,VIIRS_NOAA20_NRT,True,300.98,281.8,0.45,0.47
51.8312,-3.19593,2026-08-11T01:49:00Z,2026-08-11,149,N20,VIIRS,n,nominal,2.0NRT,2.02,N,VIIRS_NOAA20_NRT,True,296.44,281.8,0.45,0.47
51.83168,-3.20242,2026-08-11T01:49:00Z,2026-08-11,149,N20,VIIRS,n,nominal,2.0NRT,2.02,N,VIIRS_NOAA20_NRT,True,321.85,285.92,0.45,0.47
51.83503,-3.18876,2026-08-11T01:49:00Z,2026-08-11,149,N20,VIIRS,n,nominal,2.0NRT,2.29,N,VIIRS_NOAA20_NRT,True,315.1,285.65,0.45,0.47
51.8355,-3.19517,2026-08-11T01:49:00Z,2026-08-11,149,N20,VIIRS,n,nominal,2.0NRT,2.02,N,VIIRS_NOAA20_NRT,True,325.2,284.82,0.45,0.47
51.83598,-3.20163,2026-08-11T01:49:00Z,2026-08-11,149,N20,VIIRS,n,nominal,2.0NRT,2.02,N,VIIRS_NOAA20_NRT,True,300.17,282.99,0.45,0.47
51.83937,-3.18859,2026-08-11T01:49:00Z,2026-08-11,149,N20,VIIRS,n,nominal,2.0NRT,5.68,N,VIIRS_NOAA20_NRT,True,333.48,292.33,0.45,0.47
51.83984,-3.19488,2026-08-11T01:49:00Z,2026-08-11,149,N20,VIIRS,n,nominal,2.0NRT,5.09,N,VIIRS_NOAA20_NRT,True,331.26,286.06,0.45,0.47
51.39799,-3.39519,2026-08-11T02:34:00Z,2026-08-11,234,N21,VIIRS,n,nominal,2.0NRT,0.91,N,VIIRS_NOAA21_NRT,True,304.11,283.74,0.41,0.37
51.62164,-3.16168,2026-08-11T02:34:00Z,2026-08-11,234,N21,VIIRS,n,nominal,2.0NRT,1.29,N,VIIRS_NOAA21_NRT,True,310.83,285.25,0.41,0.37
51.62497,-3.16022,2026-08-11T02:34:00Z,2026-08-11,234,N21,VIIRS,n,nominal,2.0NRT,1.76,N,VIIRS_NOAA21_NRT,True,311.46,285.98,0.41,0.37
51.66514,-3.43523,2026-08-11T02:34:00Z,2026-08-11,234,N21,VIIRS,n,nominal,2.0NRT,0.57,N,VIIRS_NOAA21_NRT,True,295.09,283.78,0.41,0.37
51.66949,-3.43941,2026-08-11T02:34:00Z,2026-08-11,234,N21,VIIRS,n,nominal,2.0NRT,0.88,N,VIIRS_NOAA21_NRT,True,296.73,284.74,0.41,0.37
51.68275,-5.03248,2026-08-11T02:34:00Z,2026-08-11,234,N21,VIIRS,n,nominal,2.0NRT,1.47,N,VIIRS_NOAA21_NRT,True,302.7,290.0,0.39,0.36
51.70333,-3.29231,2026-08-11T02:34:00Z,2026-08-11,234,N21,VIIRS,n,nominal,2.0NRT,0.8,N,VIIRS_NOAA21_NRT,True,299.04,282.71,0.41,0.37
51.70663,-3.29077,2026-08-11T02:34:00Z,2026-08-11,234,N21,VIIRS,n,nominal,2.0NRT,1.44,N,VIIRS_NOAA21_NRT,True,312.67,281.82,0.41,0.37
51.74965,-3.05544,2026-08-11T02:34:00Z,2026-08-11,234,N21,VIIRS,n,nominal,2.0NRT,1.02,N,VIIRS_NOAA21_NRT,True,303.49,284.68,0.41,0.37
51.81492,-3.19445,2026-08-11T02:34:00Z,2026-08-11,234,N21,VIIRS,n,nominal,2.0NRT,3.4,N,VIIRS_NOAA21_NRT,True,321.4,287.09,0.41,0.37
51.81598,-3.20024,2026-08-11T02:34:00Z,2026-08-11,234,N21,VIIRS,n,nominal,2.0NRT,3.4,N,VIIRS_NOAA21_NRT,True,337.21,288.51,0.41,0.37
51.81716,-3.18714,2026-08-11T02:34:00Z,2026-08-11,234,N21,VIIRS,n,nominal,2.0NRT,3.46,N,VIIRS_NOAA21_NRT,True,326.37,289.86,0.41,0.37
51.81822,-3.19291,2026-08-11T02:34:00Z,2026-08-11,234,N21,VIIRS,n,nominal,2.0NRT,3.4,N,VIIRS_NOAA21_NRT,True,312.56,286.82,0.41,0.37
51.81929,-3.19871,2026-08-11T02:34:00Z,2026-08-11,234,N21,VIIRS,n,nominal,2.0NRT,3.4,N,VIIRS_NOAA21_NRT,True,312.51,285.97,0.41,0.37
51.82035,-3.20451,2026-08-11T02:34:00Z,2026-08-11,234,N21,VIIRS,n,nominal,2.0NRT,0.94,N,VIIRS_NOAA21_NRT,True,300.11,284.44,0.41,0.37
51.82047,-3.18563,2026-08-11T02:34:00Z,2026-08-11,234,N21,VIIRS,n,nominal,2.0NRT,1.43,N,VIIRS_NOAA21_NRT,True,304.27,284.8,0.41,0.37
51.82153,-3.19139,2026-08-11T02:34:00Z,2026-08-11,234,N21,VIIRS,n,nominal,2.0NRT,2.1,N,VIIRS_NOAA21_NRT,True,305.53,285.95,0.41,0.37
51.82259,-3.19716,2026-08-11T02:34:00Z,2026-08-11,234,N21,VIIRS,n,nominal,2.0NRT,2.1,N,VIIRS_NOAA21_NRT,True,317.2,287.75,0.41,0.37
51.82366,-3.20298,2026-08-11T02:34:00Z,2026-08-11,234,N21,VIIRS,n,nominal,2.0NRT,1.7,N,VIIRS_NOAA21_NRT,True,299.92,284.82,0.41,0.37
51.82484,-3.18986,2026-08-11T02:34:00Z,2026-08-11,234,N21,VIIRS,n,nominal,2.0NRT,2.1,N,VIIRS_NOAA21_NRT,True,321.9,288.69,0.41,0.37
51.82526,-3.1892,2026-08-11T02:34:00Z,2026-08-11,234,N21,VIIRS,n,nominal,2.0NRT,2.05,N,VIIRS_NOAA21_NRT,True,316.76,286.51,0.41,0.37
51.8259,-3.19564,2026-08-11T02:34:00Z,2026-08-11,234,N21,VIIRS,n,nominal,2.0NRT,2.1,N,VIIRS_NOAA21_NRT,True,313.93,286.91,0.41,0.37
51.82633,-3.19497,2026-08-11T02:34:00Z,2026-08-11,234,N21,VIIRS,n,nominal,2.0NRT,2.45,N,VIIRS_NOAA21_NRT,True,313.91,286.33,0.41,0.37
51.82696,-3.20144,2026-08-11T02:34:00Z,2026-08-11,234,N21,VIIRS,n,nominal,2.0NRT,1.7,N,VIIRS_NOAA21_NRT,True,319.82,289.99,0.41,0.37
51.8274,-3.20076,2026-08-11T02:34:00Z,2026-08-11,234,N21,VIIRS,n,nominal,2.0NRT,2.45,N,VIIRS_NOAA21_NRT,True,326.14,291.95,0.41,0.37
51.82856,-3.18765,2026-08-11T02:34:00Z,2026-08-11,234,N21,VIIRS,n,nominal,2.0NRT,2.05,N,VIIRS_NOAA21_NRT,True,314.99,286.36,0.41,0.37
51.83071,-3.1992,2026-08-11T02:34:00Z,2026-08-11,234,N21,VIIRS,n,nominal,2.0NRT,2.45,N,VIIRS_NOAA21_NRT,True,313.65,285.8,0.41,0.37
51.834,-3.1976,2026-08-11T02:34:00Z,2026-08-11,234,N21,VIIRS,n,nominal,2.0NRT,4.94,N,VIIRS_NOAA21_NRT,True,304.95,284.37,0.41,0.37
51.83511,-3.18427,2026-08-11T02:34:00Z,2026-08-11,234,N21,VIIRS,n,nominal,2.0NRT,2.98,N,VIIRS_NOAA21_NRT,True,318.05,289.76,0.41,0.37
51.83621,-3.19016,2026-08-11T02:34:00Z,2026-08-11,234,N21,VIIRS,n,nominal,2.0NRT,4.94,N,VIIRS_NOAA21_NRT,True,347.33,299.82,0.41,0.37
51.83728,-3.19595,2026-08-11T02:34:00Z,2026-08-11,234,N21,VIIRS,n,nominal,2.0NRT,4.94,N,VIIRS_NOAA21_NRT,True,337.99,291.98,0.41,0.37
51.83947,-3.18839,2026-08-11T02:34:00Z,2026-08-11,234,N21,VIIRS,n,nominal,2.0NRT,3.85,N,VIIRS_NOAA21_NRT,True,328.27,289.87,0.41,0.37
51.39762,-3.39393,2026-08-11T03:10:00Z,2026-08-11,310,N,VIIRS,n,nominal,2.0NRT,0.97,N,VIIRS_SNPP_NRT,True,304.53,284.62,0.43,0.46
51.62501,-3.16402,2026-08-11T03:10:00Z,2026-08-11,310,N,VIIRS,n,nominal,2.0NRT,0.74,N,VIIRS_SNPP_NRT,True,300.09,284.14,0.43,0.46
51.68251,-5.02732,2026-08-11T03:10:00Z,2026-08-11,310,N,VIIRS,n,nominal,2.0NRT,1.38,N,VIIRS_SNPP_NRT,True,298.29,287.44,0.55,0.43
51.70608,-3.28897,2026-08-11T03:10:00Z,2026-08-11,310,N,VIIRS,n,nominal,2.0NRT,1.41,N,VIIRS_SNPP_NRT,True,316.7,281.67,0.42,0.45
51.75313,-3.05333,2026-08-11T03:10:00Z,2026-08-11,310,N,VIIRS,n,nominal,2.0NRT,0.7,N,VIIRS_SNPP_NRT,True,297.01,283.62,0.43,0.46
51.81445,-3.19125,2026-08-11T03:10:00Z,2026-08-11,310,N,VIIRS,n,nominal,2.0NRT,1.34,N,VIIRS_SNPP_NRT,True,299.17,282.91,0.42,0.45
51.81588,-3.19713,2026-08-11T03:10:00Z,2026-08-11,310,N,VIIRS,n,nominal,2.0NRT,2.54,N,VIIRS_SNPP_NRT,True,338.83,285.47,0.42,0.45
51.81662,-3.19632,2026-08-11T03:10:00Z,2026-08-11,310,N,VIIRS,n,nominal,2.0NRT,5.88,N,VIIRS_SNPP_NRT,True,340.74,287.35,0.42,0.45
51.81702,-3.18313,2026-08-11T03:10:00Z,2026-08-11,310,N,VIIRS,n,nominal,2.0NRT,1.34,N,VIIRS_SNPP_NRT,True,304.61,283.47,0.42,0.45
51.81733,-3.20305,2026-08-11T03:10:00Z,2026-08-11,310,N,VIIRS,n,nominal,2.0NRT,2.54,N,VIIRS_SNPP_NRT,True,301.76,281.41,0.42,0.45
51.8177,-3.1824,2026-08-11T03:10:00Z,2026-08-11,310,N,VIIRS,n,nominal,2.0NRT,1.08,N,VIIRS_SNPP_NRT,True,297.97,282.8,0.42,0.45
51.81809,-3.20223,2026-08-11T03:10:00Z,2026-08-11,310,N,VIIRS,n,nominal,2.0NRT,3.37,N,VIIRS_SNPP_NRT,True,314.87,282.65,0.42,0.45
51.81843,-3.18893,2026-08-11T03:10:00Z,2026-08-11,310,N,VIIRS,n,nominal,2.0NRT,1.34,N,VIIRS_SNPP_NRT,True,311.84,285.67,0.42,0.45
51.81915,-3.18817,2026-08-11T03:10:00Z,2026-08-11,310,N,VIIRS,n,nominal,2.0NRT,2.3,N,VIIRS_SNPP_NRT,True,316.28,286.98,0.42,0.45
51.81985,-3.19476,2026-08-11T03:10:00Z,2026-08-11,310,N,VIIRS,n,nominal,2.0NRT,2.54,N,VIIRS_SNPP_NRT,True,316.48,286.07,0.42,0.45
51.82059,-3.19398,2026-08-11T03:10:00Z,2026-08-11,310,N,VIIRS,n,nominal,2.0NRT,2.3,N,VIIRS_SNPP_NRT,True,312.44,286.45,0.42,0.45
51.82131,-3.20071,2026-08-11T03:10:00Z,2026-08-11,310,N,VIIRS,n,nominal,2.0NRT,2.54,N,VIIRS_SNPP_NRT,True,305.23,284.11,0.42,0.45
51.82207,-3.19989,2026-08-11T03:10:00Z,2026-08-11,310,N,VIIRS,n,nominal,2.0NRT,1.69,N,VIIRS_SNPP_NRT,True,304.09,284.04,0.42,0.45
51.82458,-3.19169,2026-08-11T03:10:00Z,2026-08-11,310,N,VIIRS,n,nominal,2.0NRT,2.3,N,VIIRS_SNPP_NRT,True,319.73,288.25,0.42,0.45
51.82605,-3.19755,2026-08-11T03:10:00Z,2026-08-11,310,N,VIIRS,n,nominal,2.0NRT,1.69,N,VIIRS_SNPP_NRT,True,307.05,285.05,0.42,0.45
51.82753,-3.2035,2026-08-11T03:10:00Z,2026-08-11,310,N,VIIRS,n,nominal,2.0NRT,1.69,N,VIIRS_SNPP_NRT,True,304.61,285.26,0.42,0.45
51.82856,-3.18933,2026-08-11T03:10:00Z,2026-08-11,310,N,VIIRS,n,nominal,2.0NRT,2.34,N,VIIRS_SNPP_NRT,True,305.36,283.39,0.42,0.45
51.83001,-3.19516,2026-08-11T03:10:00Z,2026-08-11,310,N,VIIRS,n,nominal,2.0NRT,1.28,N,VIIRS_SNPP_NRT,True,297.26,283.04,0.42,0.45
51.83147,-3.20102,2026-08-11T03:10:00Z,2026-08-11,310,N,VIIRS,n,nominal,2.0NRT,1.28,N,VIIRS_SNPP_NRT,True,312.86,285.8,0.42,0.45
51.83393,-3.19257,2026-08-11T03:10:00Z,2026-08-11,310,N,VIIRS,n,nominal,2.0NRT,1.28,N,VIIRS_SNPP_NRT,True,300.88,281.85,0.42,0.45
51.83538,-3.19841,2026-08-11T03:10:00Z,2026-08-11,310,N,VIIRS,n,nominal,2.0NRT,1.28,N,VIIRS_SNPP_NRT,True,305.84,283.45,0.42,0.45
51.83622,-3.18343,2026-08-11T03:10:00Z,2026-08-11,310,N,VIIRS,n,nominal,2.0NRT,2.27,N,VIIRS_SNPP_NRT,True,311.79,288.44,0.42,0.45
51.83776,-3.18965,2026-08-11T03:10:00Z,2026-08-11,310,N,VIIRS,n,nominal,2.0NRT,4.87,N,VIIRS_SNPP_NRT,True,345.27,296.75,0.42,0.45
51.83921,-3.1955,2026-08-11T03:10:00Z,2026-08-11,310,N,VIIRS,n,nominal,2.0NRT,4.87,N,VIIRS_SNPP_NRT,True,317.15,286.26,0.42,0.45
51.39913,-3.39156,2026-08-11T03:30:00Z,2026-08-11,330,N20,VIIRS,n,nominal,2.0NRT,0.69,N,VIIRS_NOAA20_NRT,True,298.55,284.56,0.38,0.59
51.68476,-5.02986,2026-08-11T03:30:00Z,2026-08-11,330,N20,VIIRS,n,nominal,2.0NRT,1.33,N,VIIRS_NOAA20_NRT,True,307.41,290.12,0.32,0.55
51.70598,-3.28968,2026-08-11T03:30:00Z,2026-08-11,330,N20,VIIRS,n,nominal,2.0NRT,0.87,N,VIIRS_NOAA20_NRT,True,305.96,281.84,0.38,0.58
51.75138,-3.05319,2026-08-11T03:30:00Z,2026-08-11,330,N20,VIIRS,n,nominal,2.0NRT,0.49,N,VIIRS_NOAA20_NRT,True,295.22,283.02,0.38,0.59
51.81448,-3.19678,2026-08-11T03:30:00Z,2026-08-11,330,N20,VIIRS,n,nominal,2.0NRT,1.61,N,VIIRS_NOAA20_NRT,True,308.99,283.71,0.38,0.58
51.81741,-3.1934,2026-08-11T03:30:00Z,2026-08-11,330,N20,VIIRS,n,nominal,2.0NRT,1.68,N,VIIRS_NOAA20_NRT,True,305.03,283.55,0.38,0.58
51.81788,-3.18826,2026-08-11T03:30:00Z,2026-08-11,330,N20,VIIRS,n,nominal,2.0NRT,2.84,N,VIIRS_NOAA20_NRT,True,309.5,283.51,0.38,0.58
51.81901,-3.19846,2026-08-11T03:30:00Z,2026-08-11,330,N20,VIIRS,n,nominal,2.0NRT,1.71,N,VIIRS_NOAA20_NRT,True,332.18,284.59,0.38,0.58
51.81943,-3.19325,2026-08-11T03:30:00Z,2026-08-11,330,N20,VIIRS,n,nominal,2.0NRT,1.93,N,VIIRS_NOAA20_NRT,True,311.13,284.51,0.38,0.58
51.82064,-3.2036,2026-08-11T03:30:00Z,2026-08-11,330,N20,VIIRS,n,nominal,2.0NRT,1.71,N,VIIRS_NOAA20_NRT,True,300.64,282.16,0.38,0.58
51.82085,-3.18509,2026-08-11T03:30:00Z,2026-08-11,330,N20,VIIRS,n,nominal,2.0NRT,1.68,N,VIIRS_NOAA20_NRT,True,311.9,284.97,0.38,0.58
51.82101,-3.19832,2026-08-11T03:30:00Z,2026-08-11,330,N20,VIIRS,n,nominal,2.0NRT,1.93,N,VIIRS_NOAA20_NRT,True,324.89,283.57,0.38,0.58
51.8224,-3.18997,2026-08-11T03:30:00Z,2026-08-11,330,N20,VIIRS,n,nominal,2.0NRT,1.68,N,VIIRS_NOAA20_NRT,True,299.52,284.19,0.38,0.58
51.82396,-3.19494,2026-08-11T03:30:00Z,2026-08-11,330,N20,VIIRS,n,nominal,2.0NRT,1.71,N,VIIRS_NOAA20_NRT,True,318.2,286.98,0.38,0.58
51.82441,-3.18981,2026-08-11T03:30:00Z,2026-08-11,330,N20,VIIRS,n,nominal,2.0NRT,1.93,N,VIIRS_NOAA20_NRT,True,304.25,285.18,0.38,0.58
51.82559,-3.20006,2026-08-11T03:30:00Z,2026-08-11,330,N20,VIIRS,n,nominal,2.0NRT,1.71,N,VIIRS_NOAA20_NRT,True,297.16,283.33,0.38,0.58
51.82597,-3.19482,2026-08-11T03:30:00Z,2026-08-11,330,N20,VIIRS,n,nominal,2.0NRT,1.93,N,VIIRS_NOAA20_NRT,True,318.27,285.79,0.38,0.58
51.82737,-3.1865,2026-08-11T03:30:00Z,2026-08-11,330,N20,VIIRS,n,nominal,2.0NRT,1.24,N,VIIRS_NOAA20_NRT,True,301.01,283.28,0.38,0.58
51.82755,-3.19992,2026-08-11T03:30:00Z,2026-08-11,330,N20,VIIRS,n,nominal,2.0NRT,3.21,N,VIIRS_NOAA20_NRT,True,306.6,285.8,0.38,0.58
51.82892,-3.19139,2026-08-11T03:30:00Z,2026-08-11,330,N20,VIIRS,n,nominal,2.0NRT,1.41,N,VIIRS_NOAA20_NRT,True,303.66,282.08,0.38,0.58
51.82932,-3.18614,2026-08-11T03:30:00Z,2026-08-11,330,N20,VIIRS,n,nominal,2.0NRT,2.28,N,VIIRS_NOAA20_NRT,True,305.45,283.34,0.38,0.58
51.83049,-3.19638,2026-08-11T03:30:00Z,2026-08-11,330,N20,VIIRS,n,nominal,2.0NRT,1.41,N,VIIRS_NOAA20_NRT,True,297.74,282.68,0.38,0.58
51.83206,-3.20136,2026-08-11T03:30:00Z,2026-08-11,330,N20,VIIRS,n,nominal,2.0NRT,2.33,N,VIIRS_NOAA20_NRT,True,310.09,283.64,0.38,0.58
51.83364,-3.18715,2026-08-11T03:30:00Z,2026-08-11,330,N20,VIIRS,n,nominal,2.0NRT,1.41,N,VIIRS_NOAA20_NRT,True,299.07,283.08,0.38,0.58
51.83394,-3.20104,2026-08-11T03:30:00Z,2026-08-11,330,N20,VIIRS,n,nominal,2.0NRT,2.53,N,VIIRS_NOAA20_NRT,True,300.6,281.73,0.38,0.58
51.83524,-3.19223,2026-08-11T03:30:00Z,2026-08-11,330,N20,VIIRS,n,nominal,2.0NRT,1.41,N,VIIRS_NOAA20_NRT,True,314.56,285.54,0.38,0.58
51.83546,-3.18645,2026-08-11T03:30:00Z,2026-08-11,330,N20,VIIRS,n,nominal,2.0NRT,2.28,N,VIIRS_NOAA20_NRT,True,313.85,286.85,0.38,0.58
51.8368,-3.19714,2026-08-11T03:30:00Z,2026-08-11,330,N20,VIIRS,n,nominal,2.0NRT,2.33,N,VIIRS_NOAA20_NRT,True,324.84,285.36,0.38,0.58
51.83706,-3.19159,2026-08-11T03:30:00Z,2026-08-11,330,N20,VIIRS,n,nominal,2.0NRT,2.53,N,VIIRS_NOAA20_NRT,True,336.9,290.67,0.38,0.58
51.83784,-3.18123,2026-08-11T03:30:00Z,2026-08-11,330,N20,VIIRS,n,nominal,2.0NRT,1.65,N,VIIRS_NOAA20_NRT,True,298.12,285.06,0.38,0.58
51.83858,-3.19651,2026-08-11T03:30:00Z,2026-08-11,330,N20,VIIRS,n,nominal,2.0NRT,2.53,N,VIIRS_NOAA20_NRT,True,310.32,283.45,0.38,0.58
51.83958,-3.18677,2026-08-11T03:30:00Z,2026-08-11,330,N20,VIIRS,n,nominal,2.0NRT,1.65,N,VIIRS_NOAA20_NRT,True,325.72,289.45,0.38,0.58
51.62789,-3.15421,2026-08-11T11:38:00Z,2026-08-11,1138,N20,VIIRS,n,nominal,2.0NRT,7.37,D,VIIRS_NOAA20_NRT,True,347.58,294.68,0.56,0.69
51.67246,-3.45061,2026-08-11T11:38:00Z,2026-08-11,1138,N20,VIIRS,n,nominal,2.0NRT,3.74,D,VIIRS_NOAA20_NRT,True,330.49,292.93,0.57,0.69
51.67647,-3.45147,2026-08-11T11:38:00Z,2026-08-11,1138,N20,VIIRS,n,nominal,2.0NRT,2.7,D,VIIRS_NOAA20_NRT,True,330.16,290.31,0.57,0.69
51.71144,-3.39668,2026-08-11T11:38:00Z,2026-08-11,1138,N20,VIIRS,n,nominal,2.0NRT,6.84,D,VIIRS_NOAA20_NRT,True,340.2,291.76,0.56,0.69
51.7155,-3.3929,2026-08-11T11:38:00Z,2026-08-11,1138,N20,VIIRS,n,nominal,2.0NRT,6.27,D,VIIRS_NOAA20_NRT,True,337.28,289.58,0.56,0.69
51.81579,-3.19105,2026-08-11T11:38:00Z,2026-08-11,1138,N20,VIIRS,n,nominal,2.0NRT,13.67,D,VIIRS_NOAA20_NRT,True,355.46,301.26,0.55,0.68
51.81852,-3.1835,2026-08-11T11:38:00Z,2026-08-11,1138,N20,VIIRS,n,nominal,2.0NRT,8.47,D,VIIRS_NOAA20_NRT,True,328.5,296.94,0.55,0.68
51.81888,-3.2027,2026-08-11T11:38:00Z,2026-08-11,1138,N20,VIIRS,n,nominal,2.0NRT,11.17,D,VIIRS_NOAA20_NRT,True,348.5,294.61,0.55,0.68
51.82146,-3.19557,2026-08-11T11:38:00Z,2026-08-11,1138,N20,VIIRS,h,high,2.0NRT,11.17,D,VIIRS_NOAA20_NRT,True,367.0,298.39,0.55,0.68
51.82413,-3.18817,2026-08-11T11:38:00Z,2026-08-11,1138,N20,VIIRS,n,nominal,2.0NRT,9.11,D,VIIRS_NOAA20_NRT,True,336.81,298.63,0.55,0.68
51.82719,-3.19992,2026-08-11T11:38:00Z,2026-08-11,1138,N20,VIIRS,n,nominal,2.0NRT,11.17,D,VIIRS_NOAA20_NRT,True,327.67,298.07,0.55,0.68
51.82972,-3.19292,2026-08-11T11:38:00Z,2026-08-11,1138,N20,VIIRS,n,nominal,2.0NRT,9.11,D,VIIRS_NOAA20_NRT,True,327.54,296.64,0.55,0.68
51.83519,-3.198,2026-08-11T11:38:00Z,2026-08-11,1138,N20,VIIRS,n,nominal,2.0NRT,8.82,D,VIIRS_NOAA20_NRT,True,335.21,294.38,0.55,0.68
51.83744,-3.19177,2026-08-11T11:38:00Z,2026-08-11,1138,N20,VIIRS,n,nominal,2.0NRT,8.82,D,VIIRS_NOAA20_NRT,True,352.04,298.9,0.55,0.68
51.8394,-3.18636,2026-08-11T11:38:00Z,2026-08-11,1138,N20,VIIRS,n,nominal,2.0NRT,9.73,D,VIIRS_NOAA20_NRT,True,343.21,294.56,0.55,0.68
51.62625,-3.15516,2026-08-11T12:23:00Z,2026-08-11,1223,N21,VIIRS,n,nominal,2.0NRT,19.35,D,VIIRS_NOAA21_NRT,True,336.51,303.16,0.56,0.43
51.67673,-3.45438,2026-08-11T12:23:00Z,2026-08-11,1223,N21,VIIRS,n,nominal,2.0NRT,5.82,D,VIIRS_NOAA21_NRT,True,331.21,298.38,0.57,0.43
51.71511,-3.39597,2026-08-11T12:23:00Z,2026-08-11,1223,N21,VIIRS,n,nominal,2.0NRT,16.33,D,VIIRS_NOAA21_NRT,True,337.34,298.85,0.57,0.43
51.77189,-3.33298,2026-08-11T12:23:00Z,2026-08-11,1223,N21,VIIRS,n,nominal,2.0NRT,7.35,D,VIIRS_NOAA21_NRT,True,335.21,301.5,0.56,0.43
51.77567,-3.33495,2026-08-11T12:23:00Z,2026-08-11,1223,N21,VIIRS,n,nominal,2.0NRT,7.35,D,VIIRS_NOAA21_NRT,True,331.53,298.54,0.56,0.43
51.81427,-3.20174,2026-08-11T12:23:00Z,2026-08-11,1223,N21,VIIRS,l,low,2.0NRT,7.48,D,VIIRS_NOAA21_NRT,True,331.16,301.2,0.55,0.43
51.816,-3.19409,2026-08-11T12:23:00Z,2026-08-11,1223,N21,VIIRS,n,nominal,2.0NRT,12.56,D,VIIRS_NOAA21_NRT,True,348.37,311.31,0.55,0.43
51.81774,-3.18636,2026-08-11T12:23:00Z,2026-08-11,1223,N21,VIIRS,n,nominal,2.0NRT,12.56,D,VIIRS_NOAA21_NRT,True,339.75,309.14,0.55,0.43
51.81802,-3.20372,2026-08-11T12:23:00Z,2026-08-11,1223,N21,VIIRS,n,nominal,2.0NRT,18.62,D,VIIRS_NOAA21_NRT,True,341.34,305.74,0.55,0.43
51.81974,-3.1961,2026-08-11T12:23:00Z,2026-08-11,1223,N21,VIIRS,n,nominal,2.0NRT,11.02,D,VIIRS_NOAA21_NRT,True,350.85,312.51,0.55,0.43
51.82148,-3.18837,2026-08-11T12:23:00Z,2026-08-11,1223,N21,VIIRS,n,nominal,2.0NRT,11.02,D,VIIRS_NOAA21_NRT,True,341.02,306.71,0.55,0.43
51.82178,-3.20568,2026-08-11T12:23:00Z,2026-08-11,1223,N21,VIIRS,n,nominal,2.0NRT,18.62,D,VIIRS_NOAA21_NRT,True,342.77,299.9,0.55,0.43
51.82349,-3.19809,2026-08-11T12:23:00Z,2026-08-11,1223,N21,VIIRS,l,low,2.0NRT,11.02,D,VIIRS_NOAA21_NRT,True,334.61,305.14,0.55,0.43
51.82522,-3.1904,2026-08-11T12:23:00Z,2026-08-11,1223,N21,VIIRS,n,nominal,2.0NRT,11.02,D,VIIRS_NOAA21_NRT,True,343.24,309.32,0.55,0.43
51.82723,-3.20006,2026-08-11T12:23:00Z,2026-08-11,1223,N21,VIIRS,n,nominal,2.0NRT,18.5,D,VIIRS_NOAA21_NRT,True,338.63,308.47,0.55,0.43
51.83097,-3.20212,2026-08-11T12:23:00Z,2026-08-11,1223,N21,VIIRS,n,nominal,2.0NRT,18.5,D,VIIRS_NOAA21_NRT,True,342.96,309.09,0.55,0.43
51.83432,-3.18717,2026-08-11T12:23:00Z,2026-08-11,1223,N21,VIIRS,l,low,2.0NRT,10.15,D,VIIRS_NOAA21_NRT,True,337.22,309.89,0.55,0.43
51.83466,-3.20431,2026-08-11T12:23:00Z,2026-08-11,1223,N21,VIIRS,n,nominal,2.0NRT,11.24,D,VIIRS_NOAA21_NRT,True,335.75,297.81,0.55,0.43
51.83635,-3.19682,2026-08-11T12:23:00Z,2026-08-11,1223,N21,VIIRS,n,nominal,2.0NRT,11.24,D,VIIRS_NOAA21_NRT,True,341.17,306.8,0.55,0.43
51.83798,-3.18955,2026-08-11T12:23:00Z,2026-08-11,1223,N21,VIIRS,n,nominal,2.0NRT,12.46,D,VIIRS_NOAA21_NRT,True,355.38,316.74,0.55,0.43
51.84158,-3.19218,2026-08-11T12:23:00Z,2026-08-11,1223,N21,VIIRS,n,nominal,2.0NRT,12.46,D,VIIRS_NOAA21_NRT,True,330.48,298.04,0.55,0.43
51.62416,-3.16433,2026-08-11T12:59:00Z,2026-08-11,1259,N,VIIRS,n,nominal,2.0NRT,4.68,D,VIIRS_SNPP_NRT,True,332.51,302.51,0.39,0.36
51.62507,-3.15881,2026-08-11T12:59:00Z,2026-08-11,1259,N,VIIRS,n,nominal,2.0NRT,9.32,D,VIIRS_SNPP_NRT,True,339.41,307.3,0.39,0.36
51.62925,-3.15465,2026-08-11T12:59:00Z,2026-08-11,1259,N,VIIRS,n,nominal,2.0NRT,12.84,D,VIIRS_SNPP_NRT,True,343.82,304.85,0.39,0.36
51.67556,-3.45461,2026-08-11T12:59:00Z,2026-08-11,1259,N,VIIRS,n,nominal,2.0NRT,5.89,D,VIIRS_SNPP_NRT,True,342.58,304.39,0.39,0.36
51.71068,-3.40014,2026-08-11T12:59:00Z,2026-08-11,1259,N,VIIRS,l,low,2.0NRT,17.43,D,VIIRS_SNPP_NRT,True,331.17,302.29,0.39,0.36
51.71489,-3.39594,2026-08-11T12:59:00Z,2026-08-11,1259,N,VIIRS,n,nominal,2.0NRT,17.43,D,VIIRS_SNPP_NRT,True,345.25,300.04,0.39,0.36
51.76598,-4.03164,2026-08-11T12:59:00Z,2026-08-11,1259,N,VIIRS,n,nominal,2.0NRT,3.22,D,VIIRS_SNPP_NRT,True,335.52,300.65,0.4,0.37
51.77353,-3.33843,2026-08-11T12:59:00Z,2026-08-11,1259,N,VIIRS,l,low,2.0NRT,27.55,D,VIIRS_SNPP_NRT,True,335.06,309.67,0.39,0.36
51.77445,-3.3329,2026-08-11T12:59:00Z,2026-08-11,1259,N,VIIRS,n,nominal,2.0NRT,9.48,D,VIIRS_SNPP_NRT,True,332.98,300.25,0.39,0.36
51.81372,-3.20192,2026-08-11T12:59:00Z,2026-08-11,1259,N,VIIRS,n,nominal,2.0NRT,12.88,D,VIIRS_SNPP_NRT,True,331.63,304.7,0.39,0.36
51.81464,-3.1964,2026-08-11T12:59:00Z,2026-08-11,1259,N,VIIRS,h,high,2.0NRT,18.77,D,VIIRS_SNPP_NRT,True,367.0,314.18,0.39,0.36
51.81646,-3.18535,2026-08-11T12:59:00Z,2026-08-11,1259,N,VIIRS,n,nominal,2.0NRT,4.59,D,VIIRS_SNPP_NRT,True,343.14,312.14,0.39,0.36
51.81698,-3.20331,2026-08-11T12:59:00Z,2026-08-11,1259,N,VIIRS,n,nominal,2.0NRT,12.88,D,VIIRS_SNPP_NRT,True,341.45,308.37,0.39,0.36
51.8179,-3.19779,2026-08-11T12:59:00Z,2026-08-11,1259,N,VIIRS,h,high,2.0NRT,18.77,D,VIIRS_SNPP_NRT,True,367.0,322.85,0.39,0.36
51.81881,-3.19227,2026-08-11T12:59:00Z,2026-08-11,1259,N,VIIRS,n,nominal,2.0NRT,18.77,D,VIIRS_SNPP_NRT,True,343.42,312.39,0.39,0.36
51.81973,-3.18674,2026-08-11T12:59:00Z,2026-08-11,1259,N,VIIRS,l,low,2.0NRT,4.59,D,VIIRS_SNPP_NRT,True,334.64,307.76,0.39,0.36
51.82024,-3.20469,2026-08-11T12:59:00Z,2026-08-11,1259,N,VIIRS,n,nominal,2.0NRT,14.35,D,VIIRS_SNPP_NRT,True,347.59,308.29,0.39,0.36
51.82116,-3.19917,2026-08-11T12:59:00Z,2026-08-11,1259,N,VIIRS,n,nominal,2.0NRT,4.56,D,VIIRS_SNPP_NRT,True,339.95,303.87,0.39,0.36
51.82207,-3.19366,2026-08-11T12:59:00Z,2026-08-11,1259,N,VIIRS,n,nominal,2.0NRT,4.56,D,VIIRS_SNPP_NRT,True,347.2,312.82,0.39,0.36
51.82298,-3.18813,2026-08-11T12:59:00Z,2026-08-11,1259,N,VIIRS,n,nominal,2.0NRT,5.71,D,VIIRS_SNPP_NRT,True,341.19,310.54,0.39,0.36
51.8235,-3.20607,2026-08-11T12:59:00Z,2026-08-11,1259,N,VIIRS,n,nominal,2.0NRT,14.35,D,VIIRS_SNPP_NRT,True,334.96,295.85,0.39,0.36
51.82441,-3.20056,2026-08-11T12:59:00Z,2026-08-11,1259,N,VIIRS,n,nominal,2.0NRT,4.56,D,VIIRS_SNPP_NRT,True,338.49,307.26,0.39,0.36
51.82533,-3.19504,2026-08-11T12:59:00Z,2026-08-11,1259,N,VIIRS,n,nominal,2.0NRT,4.56,D,VIIRS_SNPP_NRT,True,341.66,308.93,0.39,0.36
51.82624,-3.18951,2026-08-11T12:59:00Z,2026-08-11,1259,N,VIIRS,n,nominal,2.0NRT,5.71,D,VIIRS_SNPP_NRT,True,345.01,309.61,0.39,0.36
51.82767,-3.20194,2026-08-11T12:59:00Z,2026-08-11,1259,N,VIIRS,n,nominal,2.0NRT,10.37,D,VIIRS_SNPP_NRT,True,354.19,309.22,0.39,0.36
51.82859,-3.19643,2026-08-11T12:59:00Z,2026-08-11,1259,N,VIIRS,n,nominal,2.0NRT,10.37,D,VIIRS_SNPP_NRT,True,340.34,309.92,0.39,0.36
51.83093,-3.20334,2026-08-11T12:59:00Z,2026-08-11,1259,N,VIIRS,n,nominal,2.0NRT,10.37,D,VIIRS_SNPP_NRT,True,336.51,309.57,0.39,0.36
51.83184,-3.19783,2026-08-11T12:59:00Z,2026-08-11,1259,N,VIIRS,l,low,2.0NRT,10.37,D,VIIRS_SNPP_NRT,True,336.5,307.97,0.39,0.36
51.83366,-3.18682,2026-08-11T12:59:00Z,2026-08-11,1259,N,VIIRS,n,nominal,2.0NRT,7.14,D,VIIRS_SNPP_NRT,True,338.09,311.19,0.39,0.36
51.83419,-3.20475,2026-08-11T12:59:00Z,2026-08-11,1259,N,VIIRS,n,nominal,2.0NRT,4.17,D,VIIRS_SNPP_NRT,True,331.98,297.79,0.39,0.36
51.8351,-3.19924,2026-08-11T12:59:00Z,2026-08-11,1259,N,VIIRS,n,nominal,2.0NRT,4.17,D,VIIRS_SNPP_NRT,True,332.92,302.14,0.39,0.36
51.83601,-3.19374,2026-08-11T12:59:00Z,2026-08-11,1259,N,VIIRS,n,nominal,2.0NRT,29.07,D,VIIRS_SNPP_NRT,True,356.64,317.36,0.39,0.36
51.83692,-3.18825,2026-08-11T12:59:00Z,2026-08-11,1259,N,VIIRS,n,nominal,2.0NRT,29.07,D,VIIRS_SNPP_NRT,True,355.62,319.57,0.39,0.36
51.84016,-3.18971,2026-08-11T12:59:00Z,2026-08-11,1259,N,VIIRS,n,nominal,2.0NRT,29.07,D,VIIRS_SNPP_NRT,True,336.11,300.48,0.39,0.36
52.36985,-2.67934,2026-08-11T12:59:00Z,2026-08-11,1259,N,VIIRS,n,nominal,2.0NRT,1.56,D,VIIRS_SNPP_NRT,True,343.19,300.35,0.38,0.36
51.62426,-3.15789,2026-08-11T13:18:00Z,2026-08-11,1318,N20,VIIRS,n,nominal,2.0NRT,5.53,D,VIIRS_NOAA20_NRT,True,340.64,302.66,0.47,0.39
51.62856,-3.15251,2026-08-11T13:18:00Z,2026-08-11,1318,N20,VIIRS,n,nominal,2.0NRT,11.12,D,VIIRS_NOAA20_NRT,True,331.42,300.19,0.47,0.39
51.67632,-3.45383,2026-08-11T13:18:00Z,2026-08-11,1318,N20,VIIRS,n,nominal,2.0NRT,9.78,D,VIIRS_NOAA20_NRT,True,342.79,301.97,0.46,0.39
51.71334,-3.39846,2026-08-11T13:18:00Z,2026-08-11,1318,N20,VIIRS,n,nominal,2.0NRT,31.9,D,VIIRS_NOAA20_NRT,True,347.22,308.82,0.46,0.39
51.77149,-3.34002,2026-08-11T13:18:00Z,2026-08-11,1318,N20,VIIRS,n,nominal,2.0NRT,4.76,D,VIIRS_NOAA20_NRT,True,331.92,304.27,0.46,0.39
51.77223,-3.33342,2026-08-11T13:18:00Z,2026-08-11,1318,N20,VIIRS,n,nominal,2.0NRT,7.24,D,VIIRS_NOAA20_NRT,True,344.42,303.51,0.46,0.39
51.77506,-3.34114,2026-08-11T13:18:00Z,2026-08-11,1318,N20,VIIRS,n,nominal,2.0NRT,6.37,D,VIIRS_NOAA20_NRT,True,331.89,301.85,0.46,0.39
51.77579,-3.33458,2026-08-11T13:18:00Z,2026-08-11,1318,N20,VIIRS,n,nominal,2.0NRT,4.85,D,VIIRS_NOAA20_NRT,True,333.41,299.92,0.46,0.39
51.81299,-3.20012,2026-08-11T13:18:00Z,2026-08-11,1318,N20,VIIRS,n,nominal,2.0NRT,48.04,D,VIIRS_NOAA20_NRT,True,346.65,304.15,0.47,0.39
51.81374,-3.19341,2026-08-11T13:18:00Z,2026-08-11,1318,N20,VIIRS,n,nominal,2.0NRT,10.97,D,VIIRS_NOAA20_NRT,True,345.12,311.77,0.47,0.39
51.81732,-3.19452,2026-08-11T13:18:00Z,2026-08-11,1318,N20,VIIRS,n,nominal,2.0NRT,10.97,D,VIIRS_NOAA20_NRT,True,351.28,318.23,0.47,0.39
51.81807,-3.18784,2026-08-11T13:18:00Z,2026-08-11,1318,N20,VIIRS,l,low,2.0NRT,10.97,D,VIIRS_NOAA20_NRT,True,340.97,312.03,0.47,0.39
51.8188,-3.18122,2026-08-11T13:18:00Z,2026-08-11,1318,N20,VIIRS,l,low,2.0NRT,3.7,D,VIIRS_NOAA20_NRT,True,332.59,305.64,0.47,0.39
51.82016,-3.2024,2026-08-11T13:18:00Z,2026-08-11,1318,N20,VIIRS,n,nominal,2.0NRT,40.4,D,VIIRS_NOAA20_NRT,True,352.48,312.4,0.47,0.39
51.82091,-3.19564,2026-08-11T13:18:00Z,2026-08-11,1318,N20,VIIRS,n,nominal,2.0NRT,5.37,D,VIIRS_NOAA20_NRT,True,343.67,307.99,0.47,0.39
51.82166,-3.18897,2026-08-11T13:18:00Z,2026-08-11,1318,N20,VIIRS,l,low,2.0NRT,5.37,D,VIIRS_NOAA20_NRT,True,333.18,307.71,0.47,0.39
51.8245,-3.19678,2026-08-11T13:18:00Z,2026-08-11,1318,N20,VIIRS,l,low,2.0NRT,5.37,D,VIIRS_NOAA20_NRT,True,332.79,306.15,0.47,0.39
51.82524,-3.19009,2026-08-11T13:18:00Z,2026-08-11,1318,N20,VIIRS,n,nominal,2.0NRT,5.37,D,VIIRS_NOAA20_NRT,True,348.86,310.66,0.47,0.39
51.82532,-3.19131,2026-08-11T13:18:00Z,2026-08-11,1318,N20,VIIRS,n,nominal,2.0NRT,7.31,D,VIIRS_NOAA20_NRT,True,347.42,310.21,0.47,0.39
51.82603,-3.18462,2026-08-11T13:18:00Z,2026-08-11,1318,N20,VIIRS,l,low,2.0NRT,7.31,D,VIIRS_NOAA20_NRT,True,331.76,305.1,0.47,0.39
51.82808,-3.19791,2026-08-11T13:18:00Z,2026-08-11,1318,N20,VIIRS,n,nominal,2.0NRT,12.09,D,VIIRS_NOAA20_NRT,True,342.97,307.2,0.47,0.39
51.82818,-3.19916,2026-08-11T13:18:00Z,2026-08-11,1318,N20,VIIRS,n,nominal,2.0NRT,12.93,D,VIIRS_NOAA20_NRT,True,348.35,307.56,0.47,0.39
51.82959,-3.18443,2026-08-11T13:18:00Z,2026-08-11,1318,N20,VIIRS,l,low,2.0NRT,6.53,D,VIIRS_NOAA20_NRT,True,331.27,304.25,0.47,0.39
51.83168,-3.19899,2026-08-11T13:18:00Z,2026-08-11,1318,N20,VIIRS,n,nominal,2.0NRT,12.09,D,VIIRS_NOAA20_NRT,True,342.96,309.46,0.47,0.39
51.83178,-3.20023,2026-08-11T13:18:00Z,2026-08-11,1318,N20,VIIRS,n,nominal,2.0NRT,19.44,D,VIIRS_NOAA20_NRT,True,344.39,306.94,0.47,0.39
51.83325,-3.18658,2026-08-11T13:18:00Z,2026-08-11,1318,N20,VIIRS,l,low,2.0NRT,9.01,D,VIIRS_NOAA20_NRT,True,335.35,310.23,0.47,0.39
51.83612,-3.1944,2026-08-11T13:18:00Z,2026-08-11,1318,N20,VIIRS,n,nominal,2.0NRT,9.01,D,VIIRS_NOAA20_NRT,True,352.24,314.61,0.47,0.39
51.83687,-3.18743,2026-08-11T13:18:00Z,2026-08-11,1318,N20,VIIRS,n,nominal,2.0NRT,9.01,D,VIIRS_NOAA20_NRT,True,350.89,314.42,0.47,0.39
51.83974,-3.19518,2026-08-11T13:18:00Z,2026-08-11,1318,N20,VIIRS,n,nominal,2.0NRT,38.52,D,VIIRS_NOAA20_NRT,True,343.4,314.21,0.47,0.39
51.8405,-3.18811,2026-08-11T13:18:00Z,2026-08-11,1318,N20,VIIRS,n,nominal,2.0NRT,38.52,D,VIIRS_NOAA20_NRT,True,333.88,298.96,0.47,0.39
51.9272,-3.35024,2026-08-11T13:18:00Z,2026-08-11,1318,N20,VIIRS,n,nominal,2.0NRT,2.7,D,VIIRS_NOAA20_NRT,True,333.39,299.56,0.46,0.39
51.67311,-3.45297,2026-08-11T14:03:00Z,2026-08-11,1403,N21,VIIRS,n,nominal,2.0NRT,7.22,D,VIIRS_NOAA21_NRT,True,339.99,298.61,0.49,0.65
51.6749,-3.45062,2026-08-11T14:03:00Z,2026-08-11,1403,N21,VIIRS,n,nominal,2.0NRT,9.02,D,VIIRS_NOAA21_NRT,True,344.56,298.53,0.49,0.65
51.71136,-3.40074,2026-08-11T14:03:00Z,2026-08-11,1403,N21,VIIRS,n,nominal,2.0NRT,16.63,D,VIIRS_NOAA21_NRT,True,355.24,297.3,0.5,0.66
51.7174,-3.40163,2026-08-11T14:03:00Z,2026-08-11,1403,N21,VIIRS,n,nominal,2.0NRT,26.36,D,VIIRS_NOAA21_NRT,True,354.74,294.4,0.5,0.66
51.71743,-3.39504,2026-08-11T14:03:00Z,2026-08-11,1403,N21,VIIRS,h,high,2.0NRT,26.36,D,VIIRS_NOAA21_NRT,True,367.0,299.29,0.5,0.66
51.77225,-3.33813,2026-08-11T14:03:00Z,2026-08-11,1403,N21,VIIRS,n,nominal,2.0NRT,5.51,D,VIIRS_NOAA21_NRT,True,336.57,297.98,0.5,0.66
51.77308,-3.33828,2026-08-11T14:03:00Z,2026-08-11,1403,N21,VIIRS,n,nominal,2.0NRT,8.96,D,VIIRS_NOAA21_NRT,True,345.77,298.5,0.5,0.66
51.81601,-3.20731,2026-08-11T14:03:00Z,2026-08-11,1403,N21,VIIRS,n,nominal,2.0NRT,19.5,D,VIIRS_NOAA21_NRT,True,352.05,295.03,0.51,0.66
51.81603,-3.19983,2026-08-11T14:03:00Z,2026-08-11,1403,N21,VIIRS,h,high,2.0NRT,19.5,D,VIIRS_NOAA21_NRT,True,367.0,304.63,0.51,0.66
51.81605,-3.19241,2026-08-11T14:03:00Z,2026-08-11,1403,N21,VIIRS,n,nominal,2.0NRT,16.77,D,VIIRS_NOAA21_NRT,True,330.07,302.44,0.51,0.66
51.82209,-3.2083,2026-08-11T14:03:00Z,2026-08-11,1403,N21,VIIRS,n,nominal,2.0NRT,10.59,D,VIIRS_NOAA21_NRT,True,353.29,295.1,0.51,0.66
51.82212,-3.20073,2026-08-11T14:03:00Z,2026-08-11,1403,N21,VIIRS,n,nominal,2.0NRT,10.59,D,VIIRS_NOAA21_NRT,True,340.35,300.59,0.51,0.66
51.82214,-3.19322,2026-08-11T14:03:00Z,2026-08-11,1403,N21,VIIRS,n,nominal,2.0NRT,22.27,D,VIIRS_NOAA21_NRT,True,336.69,303.93,0.51,0.66
51.82821,-3.20162,2026-08-11T14:03:00Z,2026-08-11,1403,N21,VIIRS,n,nominal,2.0NRT,10.59,D,VIIRS_NOAA21_NRT,True,344.13,302.57,0.51,0.66
51.8343,-3.20177,2026-08-11T14:03:00Z,2026-08-11,1403,N21,VIIRS,n,nominal,2.0NRT,16.6,D,VIIRS_NOAA21_NRT,True,343.02,297.68,0.51,0.66
51.83433,-3.19414,2026-08-11T14:03:00Z,2026-08-11,1403,N21,VIIRS,n,nominal,2.0NRT,25.79,D,VIIRS_NOAA21_NRT,True,334.02,301.69,0.51,0.66
51.8404,-3.20029,2026-08-11T14:03:00Z,2026-08-11,1403,N21,VIIRS,h,high,2.0NRT,16.6,D,VIIRS_NOAA21_NRT,True,367.0,294.16,0.51,0.66
51.84043,-3.1924,2026-08-11T14:03:00Z,2026-08-11,1403,N21,VIIRS,h,high,2.0NRT,25.79,D,VIIRS_NOAA21_NRT,True,367.0,301.93,0.51,0.66
51.82568,-3.2071,2026-08-12T01:09:00Z,2026-08-12,109,N,VIIRS,n,nominal,2.0NRT,4.87,N,VIIRS_SNPP_NRT,True,336.43,286.48,0.67,0.73
51.82588,-3.19714,2026-08-12T01:09:00Z,2026-08-12,109,N,VIIRS,n,nominal,2.0NRT,4.87,N,VIIRS_SNPP_NRT,True,306.49,285.74,0.67,0.73
51.82609,-3.18689,2026-08-12T01:09:00Z,2026-08-12,109,N,VIIRS,n,nominal,2.0NRT,1.14,N,VIIRS_SNPP_NRT,True,297.19,284.07,0.67,0.73
51.83238,-3.2173,2026-08-12T01:09:00Z,2026-08-12,109,N,VIIRS,n,nominal,2.0NRT,45.99,N,VIIRS_SNPP_NRT,True,354.37,285.2,0.67,0.73
51.83259,-3.20698,2026-08-12T01:09:00Z,2026-08-12,109,N,VIIRS,n,nominal,2.0NRT,68.75,N,VIIRS_SNPP_NRT,True,354.26,301.91,0.67,0.73
51.83279,-3.19696,2026-08-12T01:09:00Z,2026-08-12,109,N,VIIRS,n,nominal,2.0NRT,68.75,N,VIIRS_SNPP_NRT,True,321.01,285.79,0.67,0.73
51.83298,-3.18756,2026-08-12T01:09:00Z,2026-08-12,109,N,VIIRS,n,nominal,2.0NRT,16.61,N,VIIRS_SNPP_NRT,True,298.65,284.46,0.67,0.73
51.83908,-3.22778,2026-08-12T01:09:00Z,2026-08-12,109,N,VIIRS,n,nominal,2.0NRT,45.99,N,VIIRS_SNPP_NRT,True,295.76,279.67,0.67,0.73
51.83927,-3.2183,2026-08-12T01:09:00Z,2026-08-12,109,N,VIIRS,h,high,2.0NRT,45.99,N,VIIRS_SNPP_NRT,True,367.0,289.15,0.67,0.73
51.83947,-3.20859,2026-08-12T01:09:00Z,2026-08-12,109,N,VIIRS,n,nominal,2.0NRT,68.75,N,VIIRS_SNPP_NRT,True,345.56,313.2,0.67,0.73
51.83966,-3.19869,2026-08-12T01:09:00Z,2026-08-12,109,N,VIIRS,n,nominal,2.0NRT,68.75,N,VIIRS_SNPP_NRT,True,348.17,305.24,0.67,0.73
51.83984,-3.1896,2026-08-12T01:09:00Z,2026-08-12,109,N,VIIRS,n,nominal,2.0NRT,16.61,N,VIIRS_SNPP_NRT,True,350.0,289.84,0.67,0.73
51.84631,-3.2116,2026-08-12T01:09:00Z,2026-08-12,109,N,VIIRS,n,nominal,2.0NRT,2.94,N,VIIRS_SNPP_NRT,True,302.29,286.58,0.67,0.73
51.67542,-3.45713,2026-08-12T01:11:00Z,2026-08-12,111,N,VIIRS,n,nominal,2.0NRT,0.93,N,VIIRS_SNPP_NRT,True,300.69,284.73,0.68,0.74
51.67767,-3.45989,2026-08-12T01:11:00Z,2026-08-12,111,N,VIIRS,n,nominal,2.0NRT,0.86,N,VIIRS_SNPP_NRT,True,297.07,284.44,0.68,0.74
51.77426,-3.34035,2026-08-12T01:11:00Z,2026-08-12,111,N,VIIRS,n,nominal,2.0NRT,0.91,N,VIIRS_SNPP_NRT,True,295.62,284.27,0.68,0.74
51.81182,-3.20906,2026-08-12T01:11:00Z,2026-08-12,111,N,VIIRS,n,nominal,2.0NRT,1.58,N,VIIRS_SNPP_NRT,True,298.16,283.08,0.67,0.73
51.81875,-3.20795,2026-08-12T01:11:00Z,2026-08-12,111,N,VIIRS,n,nominal,2.0NRT,4.87,N,VIIRS_SNPP_NRT,True,336.02,288.19,0.67,0.73
51.81896,-3.19801,2026-08-12T01:11:00Z,2026-08-12,111,N,VIIRS,n,nominal,2.0NRT,4.87,N,VIIRS_SNPP_NRT,True,313.21,286.59,0.67,0.73
51.81917,-3.18768,2026-08-12T01:11:00Z,2026-08-12,111,N,VIIRS,n,nominal,2.0NRT,1.14,N,VIIRS_SNPP_NRT,True,297.32,283.95,0.67,0.73
51.67601,-3.4586,2026-08-12T01:30:00Z,2026-08-12,130,N20,VIIRS,n,nominal,2.0NRT,1.1,N,VIIRS_NOAA20_NRT,True,305.86,285.24,0.37,0.58
51.68455,-5.03269,2026-08-12T01:30:00Z,2026-08-12,130,N20,VIIRS,n,nominal,2.0NRT,1.15,N,VIIRS_NOAA20_NRT,True,303.98,289.23,0.43,0.62
51.68539,-5.03331,2026-08-12T01:30:00Z,2026-08-12,130,N20,VIIRS,n,nominal,2.0NRT,1.04,N,VIIRS_NOAA20_NRT,True,303.68,289.16,0.43,0.62
51.7771,-3.33772,2026-08-12T01:30:00Z,2026-08-12,130,N20,VIIRS,n,nominal,2.0NRT,1.22,N,VIIRS_NOAA20_NRT,True,306.7,286.5,0.36,0.58
51.81506,-3.1955,2026-08-12T01:30:00Z,2026-08-12,130,N20,VIIRS,n,nominal,2.0NRT,2.03,N,VIIRS_NOAA20_NRT,True,310.93,287.57,0.36,0.57
51.81525,-3.20074,2026-08-12T01:30:00Z,2026-08-12,130,N20,VIIRS,n,nominal,2.0NRT,2.03,N,VIIRS_NOAA20_NRT,True,311.67,286.52,0.36,0.57
51.81543,-3.20597,2026-08-12T01:30:00Z,2026-08-12,130,N20,VIIRS,n,nominal,2.0NRT,3.68,N,VIIRS_NOAA20_NRT,True,307.94,284.12,0.36,0.57
51.81561,-3.21123,2026-08-12T01:30:00Z,2026-08-12,130,N20,VIIRS,n,nominal,2.0NRT,3.68,N,VIIRS_NOAA20_NRT,True,302.87,283.55,0.36,0.57
51.81997,-3.18367,2026-08-12T01:30:00Z,2026-08-12,130,N20,VIIRS,n,nominal,2.0NRT,0.79,N,VIIRS_NOAA20_NRT,True,297.05,285.64,0.36,0.57
51.82017,-3.18914,2026-08-12T01:30:00Z,2026-08-12,130,N20,VIIRS,n,nominal,2.0NRT,0.79,N,VIIRS_NOAA20_NRT,True,299.55,284.51,0.36,0.57
51.82035,-3.19452,2026-08-12T01:30:00Z,2026-08-12,130,N20,VIIRS,n,nominal,2.0NRT,2.03,N,VIIRS_NOAA20_NRT,True,302.91,287.54,0.36,0.57
51.82054,-3.19971,2026-08-12T01:30:00Z,2026-08-12,130,N20,VIIRS,n,nominal,2.0NRT,2.03,N,VIIRS_NOAA20_NRT,True,329.28,291.43,0.36,0.57
51.82072,-3.20486,2026-08-12T01:30:00Z,2026-08-12,130,N20,VIIRS,n,nominal,2.0NRT,3.68,N,VIIRS_NOAA20_NRT,True,339.4,294.45,0.36,0.57
51.8209,-3.21007,2026-08-12T01:30:00Z,2026-08-12,130,N20,VIIRS,n,nominal,2.0NRT,3.68,N,VIIRS_NOAA20_NRT,True,350.4,292.37,0.36,0.57
51.82545,-3.18812,2026-08-12T01:30:00Z,2026-08-12,130,N20,VIIRS,n,nominal,2.0NRT,1.04,N,VIIRS_NOAA20_NRT,True,299.12,285.93,0.36,0.57
51.82564,-3.19345,2026-08-12T01:30:00Z,2026-08-12,130,N20,VIIRS,n,nominal,2.0NRT,2.38,N,VIIRS_NOAA20_NRT,True,313.5,287.34,0.36,0.57
51.82582,-3.19868,2026-08-12T01:30:00Z,2026-08-12,130,N20,VIIRS,n,nominal,2.0NRT,2.38,N,VIIRS_NOAA20_NRT,True,302.62,284.91,0.36,0.57
51.826,-3.20383,2026-08-12T01:30:00Z,2026-08-12,130,N20,VIIRS,n,nominal,2.0NRT,13.35,N,VIIRS_NOAA20_NRT,True,314.04,287.72,0.36,0.57
51.82619,-3.20911,2026-08-12T01:30:00Z,2026-08-12,130,N20,VIIRS,n,nominal,2.0NRT,13.35,N,VIIRS_NOAA20_NRT,True,324.3,285.98,0.36,0.57
51.83075,-3.1875,2026-08-12T01:30:00Z,2026-08-12,130,N20,VIIRS,n,nominal,2.0NRT,1.04,N,VIIRS_NOAA20_NRT,True,303.96,286.18,0.36,0.57
51.83093,-3.19267,2026-08-12T01:30:00Z,2026-08-12,130,N20,VIIRS,n,nominal,2.0NRT,2.38,N,VIIRS_NOAA20_NRT,True,295.66,284.4,0.36,0.57
51.83112,-3.19785,2026-08-12T01:30:00Z,2026-08-12,130,N20,VIIRS,n,nominal,2.0NRT,2.38,N,VIIRS_NOAA20_NRT,True,305.98,286.97,0.36,0.57
51.8313,-3.20305,2026-08-12T01:30:00Z,2026-08-12,130,N20,VIIRS,n,nominal,2.0NRT,13.35,N,VIIRS_NOAA20_NRT,True,354.54,304.06,0.36,0.57
51.83149,-3.20838,2026-08-12T01:30:00Z,2026-08-12,130,N20,VIIRS,n,nominal,2.0NRT,13.35,N,VIIRS_NOAA20_NRT,True,346.82,311.79,0.36,0.57
51.83168,-3.21379,2026-08-12T01:30:00Z,2026-08-12,130,N20,VIIRS,h,high,2.0NRT,24.7,N,VIIRS_NOAA20_NRT,True,367.0,287.33,0.36,0.57
51.83607,-3.18754,2026-08-12T01:30:00Z,2026-08-12,130,N20,VIIRS,n,nominal,2.0NRT,7.01,N,VIIRS_NOAA20_NRT,True,308.3,286.8,0.36,0.57
51.83625,-3.19247,2026-08-12T01:30:00Z,2026-08-12,130,N20,VIIRS,n,nominal,2.0NRT,28.31,N,VIIRS_NOAA20_NRT,True,322.83,287.58,0.36,0.57
51.83643,-3.19755,2026-08-12T01:30:00Z,2026-08-12,130,N20,VIIRS,n,nominal,2.0NRT,28.31,N,VIIRS_NOAA20_NRT,True,348.72,292.53,0.36,0.57
51.83661,-3.20268,2026-08-12T01:30:00Z,2026-08-12,130,N20,VIIRS,n,nominal,2.0NRT,102.21,N,VIIRS_NOAA20_NRT,True,338.42,313.12,0.36,0.57
51.8368,-3.20798,2026-08-12T01:30:00Z,2026-08-12,130,N20,VIIRS,n,nominal,2.0NRT,102.21,N,VIIRS_NOAA20_NRT,True,340.6,321.14,0.36,0.57
51.83699,-3.21343,2026-08-12T01:30:00Z,2026-08-12,130,N20,VIIRS,n,nominal,2.0NRT,34.99,N,VIIRS_NOAA20_NRT,True,353.09,307.3,0.36,0.57
51.83718,-3.21873,2026-08-12T01:30:00Z,2026-08-12,130,N20,VIIRS,n,nominal,2.0NRT,34.99,N,VIIRS_NOAA20_NRT,True,319.16,285.16,0.36,0.57
51.84143,-3.1886,2026-08-12T01:30:00Z,2026-08-12,130,N20,VIIRS,n,nominal,2.0NRT,7.01,N,VIIRS_NOAA20_NRT,True,312.87,289.28,0.36,0.57
51.8416,-3.19348,2026-08-12T01:30:00Z,2026-08-12,130,N20,VIIRS,n,nominal,2.0NRT,28.31,N,VIIRS_NOAA20_NRT,True,347.18,314.11,0.36,0.57
51.84179,-3.19859,2026-08-12T01:30:00Z,2026-08-12,130,N20,VIIRS,n,nominal,2.0NRT,28.31,N,VIIRS_NOAA20_NRT,True,353.07,313.64,0.36,0.57
51.84216,-3.209,2026-08-12T01:30:00Z,2026-08-12,130,N20,VIIRS,n,nominal,2.0NRT,102.21,N,VIIRS_NOAA20_NRT,True,333.9,324.26,0.36,0.57
51.84234,-3.2141,2026-08-12T01:30:00Z,2026-08-12,130,N20,VIIRS,h,high,2.0NRT,34.99,N,VIIRS_NOAA20_NRT,True,367.0,297.65,0.36,0.57
51.84252,-3.21914,2026-08-12T01:30:00Z,2026-08-12,130,N20,VIIRS,n,nominal,2.0NRT,34.99,N,VIIRS_NOAA20_NRT,True,311.95,286.35,0.36,0.57
51.84532,-3.19671,2026-08-12T01:30:00Z,2026-08-12,130,N20,VIIRS,n,nominal,2.0NRT,1.09,N,VIIRS_NOAA20_NRT,True,297.55,286.41,0.36,0.57
51.84549,-3.20193,2026-08-12T01:30:00Z,2026-08-12,130,N20,VIIRS,n,nominal,2.0NRT,1.35,N,VIIRS_NOAA20_NRT,True,301.68,286.98,0.36,0.57
51.84564,-3.20696,2026-08-12T01:30:00Z,2026-08-12,130,N20,VIIRS,n,nominal,2.0NRT,1.35,N,VIIRS_NOAA20_NRT,True,311.86,287.7,0.36,0.57
51.84579,-3.2118,2026-08-12T01:30:00Z,2026-08-12,130,N20,VIIRS,n,nominal,2.0NRT,1.89,N,VIIRS_NOAA20_NRT,True,328.14,288.12,0.36,0.57
51.84595,-3.21669,2026-08-12T01:30:00Z,2026-08-12,130,N20,VIIRS,n,nominal,2.0NRT,1.89,N,VIIRS_NOAA20_NRT,True,311.49,287.43,0.36,0.57
51.84751,-3.20957,2026-08-12T01:30:00Z,2026-08-12,130,N20,VIIRS,n,nominal,2.0NRT,1.17,N,VIIRS_NOAA20_NRT,True,298.48,287.15,0.36,0.57
51.39633,-3.39368,2026-08-12T02:15:00Z,2026-08-12,215,N21,VIIRS,n,nominal,2.0NRT,1.29,N,VIIRS_NOAA21_NRT,True,310.87,288.66,0.39,0.36
51.57549,-3.18547,2026-08-12T02:15:00Z,2026-08-12,215,N21,VIIRS,n,nominal,2.0NRT,0.83,N,VIIRS_NOAA21_NRT,True,301.74,288.31,0.39,0.36
51.67003,-3.43816,2026-08-12T02:15:00Z,2026-08-12,215,N21,VIIRS,n,nominal,2.0NRT,1.07,N,VIIRS_NOAA21_NRT,True,297.93,287.24,0.39,0.37
51.67572,-3.45397,2026-08-12T02:15:00Z,2026-08-12,215,N21,VIIRS,n,nominal,2.0NRT,1.33,N,VIIRS_NOAA21_NRT,True,311.64,285.58,0.39,0.37
51.71501,-3.39664,2026-08-12T02:15:00Z,2026-08-12,215,N21,VIIRS,n,nominal,2.0NRT,1.12,N,VIIRS_NOAA21_NRT,True,306.1,288.0,0.39,0.36
51.772,-3.33453,2026-08-12T02:15:00Z,2026-08-12,215,N21,VIIRS,n,nominal,2.0NRT,1.13,N,VIIRS_NOAA21_NRT,True,305.21,286.83,0.39,0.36
51.77279,-3.34015,2026-08-12T02:15:00Z,2026-08-12,215,N21,VIIRS,n,nominal,2.0NRT,1.13,N,VIIRS_NOAA21_NRT,True,303.92,286.82,0.39,0.36
51.77528,-3.33329,2026-08-12T02:15:00Z,2026-08-12,215,N21,VIIRS,n,nominal,2.0NRT,1.01,N,VIIRS_NOAA21_NRT,True,295.37,284.71,0.39,0.36
51.77608,-3.33891,2026-08-12T02:15:00Z,2026-08-12,215,N21,VIIRS,n,nominal,2.0NRT,1.01,N,VIIRS_NOAA21_NRT,True,311.8,286.31,0.39,0.36
51.81327,-3.19424,2026-08-12T02:15:00Z,2026-08-12,215,N21,VIIRS,n,nominal,2.0NRT,2.39,N,VIIRS_NOAA21_NRT,True,319.66,290.01,0.39,0.36
51.81406,-3.19984,2026-08-12T02:15:00Z,2026-08-12,215,N21,VIIRS,n,nominal,2.0NRT,2.39,N,VIIRS_NOAA21_NRT,True,318.21,289.18,0.39,0.36
51.81485,-3.20543,2026-08-12T02:15:00Z,2026-08-12,215,N21,VIIRS,n,nominal,2.0NRT,1.3,N,VIIRS_NOAA21_NRT,True,316.33,287.11,0.39,0.36
51.81564,-3.21102,2026-08-12T02:15:00Z,2026-08-12,215,N21,VIIRS,n,nominal,2.0NRT,1.3,N,VIIRS_NOAA21_NRT,True,298.32,284.57,0.39,0.36
51.81575,-3.1874,2026-08-12T02:15:00Z,2026-08-12,215,N21,VIIRS,n,nominal,2.0NRT,1.02,N,VIIRS_NOAA21_NRT,True,297.2,285.98,0.39,0.36
51.81654,-3.193,2026-08-12T02:15:00Z,2026-08-12,215,N21,VIIRS,n,nominal,2.0NRT,2.07,N,VIIRS_NOAA21_NRT,True,299.19,285.82,0.39,0.36
51.81734,-3.19859,2026-08-12T02:15:00Z,2026-08-12,215,N21,VIIRS,n,nominal,2.0NRT,2.07,N,VIIRS_NOAA21_NRT,True,341.86,296.94,0.39,0.36
51.81813,-3.20418,2026-08-12T02:15:00Z,2026-08-12,215,N21,VIIRS,n,nominal,2.0NRT,6.08,N,VIIRS_NOAA21_NRT,True,343.88,298.22,0.39,0.36
51.81892,-3.20977,2026-08-12T02:15:00Z,2026-08-12,215,N21,VIIRS,n,nominal,2.0NRT,6.08,N,VIIRS_NOAA21_NRT,True,345.88,296.56,0.39,0.36
51.81903,-3.18615,2026-08-12T02:15:00Z,2026-08-12,215,N21,VIIRS,n,nominal,2.0NRT,1.02,N,VIIRS_NOAA21_NRT,True,308.67,287.42,0.39,0.36
51.81982,-3.19176,2026-08-12T02:15:00Z,2026-08-12,215,N21,VIIRS,n,nominal,2.0NRT,2.07,N,VIIRS_NOAA21_NRT,True,296.96,286.2,0.39,0.36
51.82061,-3.19735,2026-08-12T02:15:00Z,2026-08-12,215,N21,VIIRS,n,nominal,2.0NRT,2.07,N,VIIRS_NOAA21_NRT,True,305.59,287.42,0.39,0.36
51.82141,-3.20294,2026-08-12T02:15:00Z,2026-08-12,215,N21,VIIRS,n,nominal,2.0NRT,6.08,N,VIIRS_NOAA21_NRT,True,331.99,291.58,0.39,0.36
51.8222,-3.20852,2026-08-12T02:15:00Z,2026-08-12,215,N21,VIIRS,n,nominal,2.0NRT,6.08,N,VIIRS_NOAA21_NRT,True,339.32,293.13,0.39,0.36
51.8223,-3.1849,2026-08-12T02:15:00Z,2026-08-12,215,N21,VIIRS,n,nominal,2.0NRT,0.91,N,VIIRS_NOAA21_NRT,True,297.61,285.24,0.39,0.36
51.8231,-3.19051,2026-08-12T02:15:00Z,2026-08-12,215,N21,VIIRS,n,nominal,2.0NRT,1.49,N,VIIRS_NOAA21_NRT,True,313.65,288.65,0.39,0.36
51.82389,-3.19611,2026-08-12T02:15:00Z,2026-08-12,215,N21,VIIRS,n,nominal,2.0NRT,1.49,N,VIIRS_NOAA21_NRT,True,313.22,289.05,0.39,0.36
51.82468,-3.2017,2026-08-12T02:15:00Z,2026-08-12,215,N21,VIIRS,n,nominal,2.0NRT,6.41,N,VIIRS_NOAA21_NRT,True,305.7,287.62,0.39,0.36
51.82548,-3.20729,2026-08-12T02:15:00Z,2026-08-12,215,N21,VIIRS,n,nominal,2.0NRT,6.41,N,VIIRS_NOAA21_NRT,True,331.34,288.34,0.39,0.36
51.82638,-3.18927,2026-08-12T02:15:00Z,2026-08-12,215,N21,VIIRS,n,nominal,2.0NRT,1.49,N,VIIRS_NOAA21_NRT,True,311.79,287.72,0.39,0.36
51.82717,-3.19487,2026-08-12T02:15:00Z,2026-08-12,215,N21,VIIRS,n,nominal,2.0NRT,1.49,N,VIIRS_NOAA21_NRT,True,305.92,287.24,0.39,0.36
51.82796,-3.20046,2026-08-12T02:15:00Z,2026-08-12,215,N21,VIIRS,n,nominal,2.0NRT,6.41,N,VIIRS_NOAA21_NRT,True,330.96,293.4,0.39,0.36
51.82875,-3.20605,2026-08-12T02:15:00Z,2026-08-12,215,N21,VIIRS,n,nominal,2.0NRT,6.41,N,VIIRS_NOAA21_NRT,True,355.31,306.28,0.39,0.36
51.82955,-3.21167,2026-08-12T02:15:00Z,2026-08-12,215,N21,VIIRS,n,nominal,2.0NRT,31.57,N,VIIRS_NOAA21_NRT,True,341.17,307.6,0.39,0.36
51.82965,-3.18805,2026-08-12T02:15:00Z,2026-08-12,215,N21,VIIRS,n,nominal,2.0NRT,0.9,N,VIIRS_NOAA21_NRT,True,305.42,286.75,0.39,0.36
51.83125,-3.19924,2026-08-12T02:15:00Z,2026-08-12,215,N21,VIIRS,n,nominal,2.0NRT,19.67,N,VIIRS_NOAA21_NRT,True,329.41,294.24,0.39,0.36
51.83204,-3.20484,2026-08-12T02:15:00Z,2026-08-12,215,N21,VIIRS,n,nominal,2.0NRT,19.67,N,VIIRS_NOAA21_NRT,True,352.33,327.58,0.39,0.36
51.83284,-3.21046,2026-08-12T02:15:00Z,2026-08-12,215,N21,VIIRS,n,nominal,2.0NRT,44.04,N,VIIRS_NOAA21_NRT,True,342.32,320.31,0.39,0.36
51.83294,-3.18686,2026-08-12T02:15:00Z,2026-08-12,215,N21,VIIRS,n,nominal,2.0NRT,0.9,N,VIIRS_NOAA21_NRT,True,298.56,285.78,0.39,0.36
51.83363,-3.21607,2026-08-12T02:15:00Z,2026-08-12,215,N21,VIIRS,n,nominal,2.0NRT,44.04,N,VIIRS_NOAA21_NRT,True,331.24,295.74,0.39,0.36
51.83374,-3.19244,2026-08-12T02:15:00Z,2026-08-12,215,N21,VIIRS,n,nominal,2.0NRT,0.9,N,VIIRS_NOAA21_NRT,True,303.08,285.76,0.39,0.36
51.83453,-3.19803,2026-08-12T02:15:00Z,2026-08-12,215,N21,VIIRS,n,nominal,2.0NRT,19.67,N,VIIRS_NOAA21_NRT,True,335.47,292.13,0.39,0.36
51.83533,-3.20364,2026-08-12T02:15:00Z,2026-08-12,215,N21,VIIRS,n,nominal,2.0NRT,19.67,N,VIIRS_NOAA21_NRT,True,354.8,310.23,0.39,0.36
51.83612,-3.20925,2026-08-12T02:15:00Z,2026-08-12,215,N21,VIIRS,n,nominal,2.0NRT,44.04,N,VIIRS_NOAA21_NRT,True,340.68,333.37,0.39,0.36
51.83624,-3.18573,2026-08-12T02:15:00Z,2026-08-12,215,N21,VIIRS,n,nominal,2.0NRT,21.89,N,VIIRS_NOAA21_NRT,True,308.07,289.67,0.39,0.36
51.83692,-3.21488,2026-08-12T02:15:00Z,2026-08-12,215,N21,VIIRS,n,nominal,2.0NRT,44.04,N,VIIRS_NOAA21_NRT,True,341.59,306.58,0.39,0.36
51.83703,-3.19128,2026-08-12T02:15:00Z,2026-08-12,215,N21,VIIRS,n,nominal,2.0NRT,21.89,N,VIIRS_NOAA21_NRT,True,350.17,301.95,0.39,0.36
51.83782,-3.19686,2026-08-12T02:15:00Z,2026-08-12,215,N21,VIIRS,n,nominal,2.0NRT,43.03,N,VIIRS_NOAA21_NRT,True,347.72,328.55,0.39,0.36
51.83862,-3.20247,2026-08-12T02:15:00Z,2026-08-12,215,N21,VIIRS,h,high,2.0NRT,43.03,N,VIIRS_NOAA21_NRT,True,367.0,347.69,0.39,0.36
51.83941,-3.20811,2026-08-12T02:15:00Z,2026-08-12,215,N21,VIIRS,h,high,2.0NRT,26.32,N,VIIRS_NOAA21_NRT,True,367.0,345.69,0.39,0.36
51.84021,-3.21373,2026-08-12T02:15:00Z,2026-08-12,215,N21,VIIRS,n,nominal,2.0NRT,26.32,N,VIIRS_NOAA21_NRT,True,344.46,301.75,0.39,0.36
51.84033,-3.19017,2026-08-12T02:15:00Z,2026-08-12,215,N21,VIIRS,n,nominal,2.0NRT,21.89,N,VIIRS_NOAA21_NRT,True,342.46,320.05,0.39,0.36
51.84112,-3.19577,2026-08-12T02:15:00Z,2026-08-12,215,N21,VIIRS,h,high,2.0NRT,43.03,N,VIIRS_NOAA21_NRT,True,367.0,313.46,0.39,0.36
51.84192,-3.2014,2026-08-12T02:15:00Z,2026-08-12,215,N21,VIIRS,n,nominal,2.0NRT,43.03,N,VIIRS_NOAA21_NRT,True,335.48,293.12,0.39,0.36
51.84272,-3.20702,2026-08-12T02:15:00Z,2026-08-12,215,N21,VIIRS,n,nominal,2.0NRT,26.32,N,VIIRS_NOAA21_NRT,True,347.03,294.48,0.39,0.36
51.84352,-3.21263,2026-08-12T02:15:00Z,2026-08-12,215,N21,VIIRS,n,nominal,2.0NRT,26.32,N,VIIRS_NOAA21_NRT,True,314.45,289.66,0.39,0.36
53.15109,-3.05939,2026-08-12T02:15:00Z,2026-08-12,215,N21,VIIRS,n,nominal,2.0NRT,0.45,N,VIIRS_NOAA21_NRT,True,299.53,287.46,0.4,0.37
51.39853,-3.39592,2026-08-12T02:51:00Z,2026-08-12,251,N,VIIRS,n,nominal,2.0NRT,1.35,N,VIIRS_SNPP_NRT,True,305.58,286.56,0.45,0.39
51.48139,-3.14003,2026-08-12T02:51:00Z,2026-08-12,251,N,VIIRS,n,nominal,2.0NRT,0.59,N,VIIRS_SNPP_NRT,True,300.57,289.29,0.45,0.39
51.66852,-3.43659,2026-08-12T02:51:00Z,2026-08-12,251,N,VIIRS,n,nominal,2.0NRT,0.61,N,VIIRS_SNPP_NRT,True,296.03,285.62,0.44,0.38
51.67552,-3.45295,2026-08-12T02:51:00Z,2026-08-12,251,N,VIIRS,n,nominal,2.0NRT,0.71,N,VIIRS_SNPP_NRT,True,301.42,285.14,0.44,0.38
51.71603,-3.39736,2026-08-12T02:51:00Z,2026-08-12,251,N,VIIRS,n,nominal,2.0NRT,1.65,N,VIIRS_SNPP_NRT,True,306.44,287.85,0.44,0.38
51.77459,-3.33311,2026-08-12T02:51:00Z,2026-08-12,251,N,VIIRS,n,nominal,2.0NRT,0.79,N,VIIRS_SNPP_NRT,True,299.31,285.3,0.44,0.38
51.77581,-3.3393,2026-08-12T02:51:00Z,2026-08-12,251,N,VIIRS,n,nominal,2.0NRT,2.88,N,VIIRS_SNPP_NRT,True,320.51,288.76,0.44,0.38
51.81371,-3.19554,2026-08-12T02:51:00Z,2026-08-12,251,N,VIIRS,n,nominal,2.0NRT,2.02,N,VIIRS_SNPP_NRT,True,315.3,288.45,0.44,0.39
51.81497,-3.2018,2026-08-12T02:51:00Z,2026-08-12,251,N,VIIRS,n,nominal,2.0NRT,1.76,N,VIIRS_SNPP_NRT,True,311.83,286.01,0.44,0.39
51.81623,-3.20806,2026-08-12T02:51:00Z,2026-08-12,251,N,VIIRS,n,nominal,2.0NRT,1.76,N,VIIRS_SNPP_NRT,True,313.08,285.53,0.44,0.39
51.81714,-3.19383,2026-08-12T02:51:00Z,2026-08-12,251,N,VIIRS,n,nominal,2.0NRT,1.06,N,VIIRS_SNPP_NRT,True,303.73,286.44,0.44,0.39
51.8184,-3.2001,2026-08-12T02:51:00Z,2026-08-12,251,N,VIIRS,n,nominal,2.0NRT,4.47,N,VIIRS_SNPP_NRT,True,337.52,295.04,0.44,0.39
51.81932,-3.18593,2026-08-12T02:51:00Z,2026-08-12,251,N,VIIRS,n,nominal,2.0NRT,1.06,N,VIIRS_SNPP_NRT,True,307.86,287.14,0.44,0.39
51.81967,-3.20638,2026-08-12T02:51:00Z,2026-08-12,251,N,VIIRS,n,nominal,2.0NRT,4.47,N,VIIRS_SNPP_NRT,True,349.88,299.21,0.44,0.39
51.82057,-3.19213,2026-08-12T02:51:00Z,2026-08-12,251,N,VIIRS,n,nominal,2.0NRT,1.06,N,VIIRS_SNPP_NRT,True,296.54,285.72,0.44,0.39
51.82093,-3.21264,2026-08-12T02:51:00Z,2026-08-12,251,N,VIIRS,n,nominal,2.0NRT,2.74,N,VIIRS_SNPP_NRT,True,321.76,286.9,0.44,0.39
51.82183,-3.19839,2026-08-12T02:51:00Z,2026-08-12,251,N,VIIRS,n,nominal,2.0NRT,4.47,N,VIIRS_SNPP_NRT,True,305.33,286.92,0.44,0.39
51.82275,-3.18424,2026-08-12T02:51:00Z,2026-08-12,251,N,VIIRS,n,nominal,2.0NRT,1.16,N,VIIRS_SNPP_NRT,True,297.5,285.36,0.44,0.39
51.8231,-3.20468,2026-08-12T02:51:00Z,2026-08-12,251,N,VIIRS,n,nominal,2.0NRT,4.47,N,VIIRS_SNPP_NRT,True,322.42,290.71,0.44,0.39
51.82401,-3.19044,2026-08-12T02:51:00Z,2026-08-12,251,N,VIIRS,n,nominal,2.0NRT,1.16,N,VIIRS_SNPP_NRT,True,310.29,287.65,0.44,0.39
51.82435,-3.21093,2026-08-12T02:51:00Z,2026-08-12,251,N,VIIRS,n,nominal,2.0NRT,2.74,N,VIIRS_SNPP_NRT,True,304.67,287.31,0.44,0.39
51.82526,-3.19668,2026-08-12T02:51:00Z,2026-08-12,251,N,VIIRS,n,nominal,2.0NRT,3.23,N,VIIRS_SNPP_NRT,True,307.75,287.54,0.44,0.39
51.82653,-3.20298,2026-08-12T02:51:00Z,2026-08-12,251,N,VIIRS,n,nominal,2.0NRT,3.23,N,VIIRS_SNPP_NRT,True,314.48,287.8,0.44,0.39
51.82744,-3.18874,2026-08-12T02:51:00Z,2026-08-12,251,N,VIIRS,n,nominal,2.0NRT,1.16,N,VIIRS_SNPP_NRT,True,309.66,287.16,0.44,0.39
51.82778,-3.20922,2026-08-12T02:51:00Z,2026-08-12,251,N,VIIRS,h,high,2.0NRT,16.33,N,VIIRS_SNPP_NRT,True,367.0,290.79,0.44,0.39
51.82869,-3.19497,2026-08-12T02:51:00Z,2026-08-12,251,N,VIIRS,n,nominal,2.0NRT,3.23,N,VIIRS_SNPP_NRT,True,301.18,286.59,0.44,0.39
51.82903,-3.21541,2026-08-12T02:51:00Z,2026-08-12,251,N,VIIRS,n,nominal,2.0NRT,16.33,N,VIIRS_SNPP_NRT,True,301.23,284.84,0.44,0.39
51.82995,-3.20124,2026-08-12T02:51:00Z,2026-08-12,251,N,VIIRS,n,nominal,2.0NRT,3.23,N,VIIRS_SNPP_NRT,True,339.27,298.73,0.44,0.39
51.83085,-3.18693,2026-08-12T02:51:00Z,2026-08-12,251,N,VIIRS,n,nominal,2.0NRT,0.88,N,VIIRS_SNPP_NRT,True,300.91,286.37,0.44,0.39
51.8312,-3.20746,2026-08-12T02:51:00Z,2026-08-12,251,N,VIIRS,n,nominal,2.0NRT,16.33,N,VIIRS_SNPP_NRT,True,354.76,314.43,0.44,0.39
51.83244,-3.21363,2026-08-12T02:51:00Z,2026-08-12,251,N,VIIRS,n,nominal,2.0NRT,16.33,N,VIIRS_SNPP_NRT,True,346.62,295.82,0.44,0.39
51.83336,-3.19944,2026-08-12T02:51:00Z,2026-08-12,251,N,VIIRS,n,nominal,2.0NRT,9.8,N,VIIRS_SNPP_NRT,True,331.43,294.84,0.44,0.39
51.83422,-3.18496,2026-08-12T02:51:00Z,2026-08-12,251,N,VIIRS,n,nominal,2.0NRT,0.88,N,VIIRS_SNPP_NRT,True,298.98,285.74,0.44,0.39
51.83461,-3.20566,2026-08-12T02:51:00Z,2026-08-12,251,N,VIIRS,n,nominal,2.0NRT,57.04,N,VIIRS_SNPP_NRT,True,355.05,320.07,0.44,0.39
51.8355,-3.19134,2026-08-12T02:51:00Z,2026-08-12,251,N,VIIRS,n,nominal,2.0NRT,9.8,N,VIIRS_SNPP_NRT,True,312.58,286.92,0.44,0.39
51.83585,-3.21185,2026-08-12T02:51:00Z,2026-08-12,251,N,VIIRS,n,nominal,2.0NRT,57.04,N,VIIRS_SNPP_NRT,True,337.9,326.51,0.44,0.39
51.83676,-3.19758,2026-08-12T02:51:00Z,2026-08-12,251,N,VIIRS,n,nominal,2.0NRT,9.8,N,VIIRS_SNPP_NRT,True,348.97,299.97,0.44,0.39
51.83709,-3.21802,2026-08-12T02:51:00Z,2026-08-12,251,N,VIIRS,n,nominal,2.0NRT,20.4,N,VIIRS_SNPP_NRT,True,329.98,289.74,0.44,0.39
51.83757,-3.18281,2026-08-12T02:51:00Z,2026-08-12,251,N,VIIRS,n,nominal,2.0NRT,1.65,N,VIIRS_SNPP_NRT,True,298.11,287.7,0.44,0.39
51.83801,-3.2038,2026-08-12T02:51:00Z,2026-08-12,251,N,VIIRS,n,nominal,2.0NRT,57.04,N,VIIRS_SNPP_NRT,True,345.61,328.98,0.44,0.39
51.83887,-3.18931,2026-08-12T02:51:00Z,2026-08-12,251,N,VIIRS,n,nominal,2.0NRT,21.34,N,VIIRS_SNPP_NRT,True,340.52,308.86,0.44,0.39
51.83923,-3.20989,2026-08-12T02:51:00Z,2026-08-12,251,N,VIIRS,n,nominal,2.0NRT,57.04,N,VIIRS_SNPP_NRT,True,345.09,342.71,0.44,0.39
51.84012,-3.19554,2026-08-12T02:51:00Z,2026-08-12,251,N,VIIRS,n,nominal,2.0NRT,21.34,N,VIIRS_SNPP_NRT,True,353.08,334.5,0.44,0.39
51.84047,-3.21607,2026-08-12T02:51:00Z,2026-08-12,251,N,VIIRS,n,nominal,2.0NRT,20.4,N,VIIRS_SNPP_NRT,True,334.2,292.47,0.44,0.39
51.84135,-3.20167,2026-08-12T02:51:00Z,2026-08-12,251,N,VIIRS,h,high,2.0NRT,27.38,N,VIIRS_SNPP_NRT,True,367.0,317.31,0.44,0.39
51.8422,-3.18707,2026-08-12T02:51:00Z,2026-08-12,251,N,VIIRS,n,nominal,2.0NRT,21.34,N,VIIRS_SNPP_NRT,True,314.91,289.1,0.44,0.39
51.84258,-3.20782,2026-08-12T02:51:00Z,2026-08-12,251,N,VIIRS,n,nominal,2.0NRT,27.38,N,VIIRS_SNPP_NRT,True,354.28,309.03,0.44,0.39
51.84346,-3.19335,2026-08-12T02:51:00Z,2026-08-12,251,N,VIIRS,n,nominal,2.0NRT,21.34,N,VIIRS_SNPP_NRT,True,311.24,289.27,0.44,0.39
51.84383,-3.21402,2026-08-12T02:51:00Z,2026-08-12,251,N,VIIRS,n,nominal,2.0NRT,3.68,N,VIIRS_SNPP_NRT,True,322.28,290.71,0.44,0.39
51.67723,-3.45328,2026-08-12T03:10:00Z,2026-08-12,310,N20,VIIRS,n,nominal,2.0NRT,0.98,N,VIIRS_NOAA20_NRT,True,302.21,285.5,0.48,0.48
51.7159,-3.39701,2026-08-12T03:10:00Z,2026-08-12,310,N20,VIIRS,n,nominal,2.0NRT,1.26,N,VIIRS_NOAA20_NRT,True,301.72,287.17,0.49,0.48
51.77637,-3.33297,2026-08-12T03:10:00Z,2026-08-12,310,N20,VIIRS,n,nominal,2.0NRT,1.52,N,VIIRS_NOAA20_NRT,True,297.01,285.11,0.49,0.48
51.7781,-3.33958,2026-08-12T03:10:00Z,2026-08-12,310,N20,VIIRS,n,nominal,2.0NRT,1.31,N,VIIRS_NOAA20_NRT,True,299.44,284.66,0.49,0.48
51.81545,-3.20778,2026-08-12T03:10:00Z,2026-08-12,310,N20,VIIRS,n,nominal,2.0NRT,5.08,N,VIIRS_NOAA20_NRT,True,302.76,283.51,0.49,0.49
51.81609,-3.19174,2026-08-12T03:10:00Z,2026-08-12,310,N20,VIIRS,n,nominal,2.0NRT,1.76,N,VIIRS_NOAA20_NRT,True,302.05,285.98,0.49,0.49
51.81787,-3.19845,2026-08-12T03:10:00Z,2026-08-12,310,N20,VIIRS,n,nominal,2.0NRT,5.08,N,VIIRS_NOAA20_NRT,True,330.32,292.51,0.49,0.49
51.81857,-3.18262,2026-08-12T03:10:00Z,2026-08-12,310,N20,VIIRS,n,nominal,2.0NRT,1.0,N,VIIRS_NOAA20_NRT,True,298.54,285.81,0.49,0.49
51.81967,-3.20525,2026-08-12T03:10:00Z,2026-08-12,310,N20,VIIRS,n,nominal,2.0NRT,5.08,N,VIIRS_NOAA20_NRT,True,339.72,295.68,0.49,0.49
51.8203,-3.1892,2026-08-12T03:10:00Z,2026-08-12,310,N20,VIIRS,n,nominal,2.0NRT,1.0,N,VIIRS_NOAA20_NRT,True,298.49,285.63,0.49,0.49
51.82145,-3.21199,2026-08-12T03:10:00Z,2026-08-12,310,N20,VIIRS,n,nominal,2.0NRT,4.92,N,VIIRS_NOAA20_NRT,True,324.88,286.7,0.49,0.49
51.82206,-3.19583,2026-08-12T03:10:00Z,2026-08-12,310,N20,VIIRS,n,nominal,2.0NRT,2.4,N,VIIRS_NOAA20_NRT,True,302.84,285.9,0.49,0.49
51.82387,-3.20267,2026-08-12T03:10:00Z,2026-08-12,310,N20,VIIRS,n,nominal,2.0NRT,2.4,N,VIIRS_NOAA20_NRT,True,308.46,286.53,0.49,0.49
51.82452,-3.18666,2026-08-12T03:10:00Z,2026-08-12,310,N20,VIIRS,n,nominal,2.0NRT,1.0,N,VIIRS_NOAA20_NRT,True,299.7,286.01,0.49,0.49
51.82565,-3.2094,2026-08-12T03:10:00Z,2026-08-12,310,N20,VIIRS,n,nominal,2.0NRT,15.64,N,VIIRS_NOAA20_NRT,True,306.21,285.04,0.49,0.49
51.82628,-3.19331,2026-08-12T03:10:00Z,2026-08-12,310,N20,VIIRS,n,nominal,2.0NRT,2.4,N,VIIRS_NOAA20_NRT,True,310.91,287.49,0.49,0.49
51.82806,-3.20004,2026-08-12T03:10:00Z,2026-08-12,310,N20,VIIRS,n,nominal,2.0NRT,2.4,N,VIIRS_NOAA20_NRT,True,314.53,289.6,0.49,0.49
51.82871,-3.184,2026-08-12T03:10:00Z,2026-08-12,310,N20,VIIRS,n,nominal,2.0NRT,1.16,N,VIIRS_NOAA20_NRT,True,298.92,285.57,0.49,0.49
51.82985,-3.20677,2026-08-12T03:10:00Z,2026-08-12,310,N20,VIIRS,n,nominal,2.0NRT,15.64,N,VIIRS_NOAA20_NRT,True,354.3,303.35,0.49,0.49
51.83045,-3.19057,2026-08-12T03:10:00Z,2026-08-12,310,N20,VIIRS,n,nominal,2.0NRT,4.62,N,VIIRS_NOAA20_NRT,True,296.65,284.34,0.49,0.49
51.83156,-3.21325,2026-08-12T03:10:00Z,2026-08-12,310,N20,VIIRS,n,nominal,2.0NRT,15.64,N,VIIRS_NOAA20_NRT,True,340.31,292.41,0.49,0.49
51.83221,-3.19726,2026-08-12T03:10:00Z,2026-08-12,310,N20,VIIRS,n,nominal,2.0NRT,4.62,N,VIIRS_NOAA20_NRT,True,315.68,290.14,0.49,0.49
51.83397,-3.2039,2026-08-12T03:10:00Z,2026-08-12,310,N20,VIIRS,n,nominal,2.0NRT,63.88,N,VIIRS_NOAA20_NRT,True,355.19,313.38,0.49,0.49
51.83453,-3.18754,2026-08-12T03:10:00Z,2026-08-12,310,N20,VIIRS,n,nominal,2.0NRT,4.62,N,VIIRS_NOAA20_NRT,True,300.85,285.7,0.49,0.49
51.8357,-3.21043,2026-08-12T03:10:00Z,2026-08-12,310,N20,VIIRS,n,nominal,2.0NRT,63.88,N,VIIRS_NOAA20_NRT,True,345.47,319.84,0.49,0.49
51.8363,-3.19423,2026-08-12T03:10:00Z,2026-08-12,310,N20,VIIRS,n,nominal,2.0NRT,4.62,N,VIIRS_NOAA20_NRT,True,335.4,291.85,0.49,0.49
51.83739,-3.21688,2026-08-12T03:10:00Z,2026-08-12,310,N20,VIIRS,n,nominal,2.0NRT,40.39,N,VIIRS_NOAA20_NRT,True,339.6,295.22,0.49,0.49
51.83806,-3.20089,2026-08-12T03:10:00Z,2026-08-12,310,N20,VIIRS,n,nominal,2.0NRT,63.88,N,VIIRS_NOAA20_NRT,True,346.35,326.3,0.49,0.49
51.83836,-3.18354,2026-08-12T03:10:00Z,2026-08-12,310,N20,VIIRS,n,nominal,2.0NRT,27.12,N,VIIRS_NOAA20_NRT,True,305.45,289.64,0.49,0.49
51.8397,-3.20711,2026-08-12T03:10:00Z,2026-08-12,310,N20,VIIRS,n,nominal,2.0NRT,63.88,N,VIIRS_NOAA20_NRT,True,341.07,340.42,0.49,0.49
51.84023,-3.19059,2026-08-12T03:10:00Z,2026-08-12,310,N20,VIIRS,n,nominal,2.0NRT,27.12,N,VIIRS_NOAA20_NRT,True,350.42,319.09,0.49,0.49
51.84138,-3.21349,2026-08-12T03:10:00Z,2026-08-12,310,N20,VIIRS,n,nominal,2.0NRT,40.39,N,VIIRS_NOAA20_NRT,True,341.35,296.83,0.49,0.49
51.84192,-3.19702,2026-08-12T03:10:00Z,2026-08-12,310,N20,VIIRS,h,high,2.0NRT,17.89,N,VIIRS_NOAA20_NRT,True,367.0,306.59,0.49,0.49
51.84359,-3.20334,2026-08-12T03:10:00Z,2026-08-12,310,N20,VIIRS,n,nominal,2.0NRT,17.89,N,VIIRS_NOAA20_NRT,True,343.34,292.95,0.49,0.49
51.84531,-3.20986,2026-08-12T03:10:00Z,2026-08-12,310,N20,VIIRS,n,nominal,2.0NRT,2.11,N,VIIRS_NOAA20_NRT,True,302.96,287.67,0.49,0.49
51.39639,-3.39777,2026-08-12T03:13:00Z,2026-08-12,313,N20,VIIRS,n,nominal,2.0NRT,0.36,N,VIIRS_NOAA20_NRT,True,296.84,285.95,0.5,0.49
51.39789,-3.39628,2026-08-12T03:13:00Z,2026-08-12,313,N20,VIIRS,n,nominal,2.0NRT,0.96,N,VIIRS_NOAA20_NRT,True,306.19,286.13,0.5,0.49
51.40056,-3.39499,2026-08-12T03:13:00Z,2026-08-12,313,N20,VIIRS,n,nominal,2.0NRT,0.31,N,VIIRS_NOAA20_NRT,True,297.47,285.28,0.5,0.49
51.68437,-5.03174,2026-08-12T03:13:00Z,2026-08-12,313,N20,VIIRS,n,nominal,2.0NRT,1.19,N,VIIRS_NOAA20_NRT,True,302.32,289.75,0.42,0.45
51.68633,-5.03086,2026-08-12T03:13:00Z,2026-08-12,313,N20,VIIRS,n,nominal,2.0NRT,1.4,N,VIIRS_NOAA20_NRT,True,301.48,289.28,0.42,0.45
51.81664,-3.20419,2026-08-12T03:55:00Z,2026-08-12,355,N21,VIIRS,n,nominal,2.0NRT,6.77,N,VIIRS_NOAA21_NRT,True,311.9,284.52,0.74,0.76
51.81895,-3.18907,2026-08-12T03:55:00Z,2026-08-12,355,N21,VIIRS,n,nominal,2.0NRT,4.91,N,VIIRS_NOAA21_NRT,True,295.24,283.48,0.74,0.76
51.82056,-3.21392,2026-08-12T03:55:00Z,2026-08-12,355,N21,VIIRS,n,nominal,2.0NRT,6.77,N,VIIRS_NOAA21_NRT,True,297.69,283.47,0.74,0.76
51.82194,-3.19629,2026-08-12T03:55:00Z,2026-08-12,355,N21,VIIRS,n,nominal,2.0NRT,14.46,N,VIIRS_NOAA21_NRT,True,300.93,284.53,0.74,0.76
51.82279,-3.1986,2026-08-12T03:55:00Z,2026-08-12,355,N21,VIIRS,n,nominal,2.0NRT,6.77,N,VIIRS_NOAA21_NRT,True,299.91,284.16,0.74,0.76
51.82597,-3.20613,2026-08-12T03:55:00Z,2026-08-12,355,N21,VIIRS,n,nominal,2.0NRT,14.46,N,VIIRS_NOAA21_NRT,True,329.03,287.43,0.74,0.76
51.82673,-3.20839,2026-08-12T03:55:00Z,2026-08-12,355,N21,VIIRS,n,nominal,2.0NRT,6.77,N,VIIRS_NOAA21_NRT,True,340.24,288.03,0.74,0.76
51.82815,-3.19083,2026-08-12T03:55:00Z,2026-08-12,355,N21,VIIRS,n,nominal,2.0NRT,14.46,N,VIIRS_NOAA21_NRT,True,299.14,284.3,0.74,0.76
51.82893,-3.19299,2026-08-12T03:55:00Z,2026-08-12,355,N21,VIIRS,n,nominal,2.0NRT,30.2,N,VIIRS_NOAA21_NRT,True,298.27,284.02,0.74,0.76
51.8297,-3.21529,2026-08-12T03:55:00Z,2026-08-12,355,N21,VIIRS,n,nominal,2.0NRT,41.16,N,VIIRS_NOAA21_NRT,True,342.25,288.13,0.74,0.76
51.83041,-3.21751,2026-08-12T03:55:00Z,2026-08-12,355,N21,VIIRS,n,nominal,2.0NRT,14.23,N,VIIRS_NOAA21_NRT,True,323.99,285.14,0.74,0.76
51.83195,-3.20012,2026-08-12T03:55:00Z,2026-08-12,355,N21,VIIRS,n,nominal,2.0NRT,14.46,N,VIIRS_NOAA21_NRT,True,346.28,290.86,0.74,0.76
51.83268,-3.20229,2026-08-12T03:55:00Z,2026-08-12,355,N21,VIIRS,h,high,2.0NRT,30.2,N,VIIRS_NOAA21_NRT,True,367.0,295.3,0.74,0.76
51.83352,-3.18329,2026-08-12T03:55:00Z,2026-08-12,355,N21,VIIRS,n,nominal,2.0NRT,29.1,N,VIIRS_NOAA21_NRT,True,297.03,283.6,0.74,0.76
51.83438,-3.18563,2026-08-12T03:55:00Z,2026-08-12,355,N21,VIIRS,n,nominal,2.0NRT,30.2,N,VIIRS_NOAA21_NRT,True,306.54,285.0,0.74,0.76
51.83559,-3.20905,2026-08-12T03:55:00Z,2026-08-12,355,N21,VIIRS,n,nominal,2.0NRT,41.16,N,VIIRS_NOAA21_NRT,True,355.19,307.38,0.74,0.76
51.8362,-3.21106,2026-08-12T03:55:00Z,2026-08-12,355,N21,VIIRS,h,high,2.0NRT,36.8,N,VIIRS_NOAA21_NRT,True,367.0,307.76,0.74,0.76
51.83744,-3.19293,2026-08-12T03:55:00Z,2026-08-12,355,N21,VIIRS,h,high,2.0NRT,29.1,N,VIIRS_NOAA21_NRT,True,367.0,299.9,0.74,0.76
51.83811,-3.1949,2026-08-12T03:55:00Z,2026-08-12,355,N21,VIIRS,h,high,2.0NRT,30.2,N,VIIRS_NOAA21_NRT,True,367.0,304.87,0.74,0.76
51.83899,-3.21738,2026-08-12T03:55:00Z,2026-08-12,355,N21,VIIRS,n,nominal,2.0NRT,41.16,N,VIIRS_NOAA21_NRT,True,341.85,290.46,0.74,0.76
51.83962,-3.21954,2026-08-12T03:55:00Z,2026-08-12,355,N21,VIIRS,n,nominal,2.0NRT,36.8,N,VIIRS_NOAA21_NRT,True,315.8,286.78,0.74,0.76
51.84072,-3.20095,2026-08-12T03:55:00Z,2026-08-12,355,N21,VIIRS,h,high,2.0NRT,32.0,N,VIIRS_NOAA21_NRT,True,367.0,297.8,0.74,0.76
51.84129,-3.20281,2026-08-12T03:55:00Z,2026-08-12,355,N21,VIIRS,h,high,2.0NRT,36.8,N,VIIRS_NOAA21_NRT,True,367.0,295.39,0.74,0.76
51.84385,-3.20864,2026-08-12T03:55:00Z,2026-08-12,355,N21,VIIRS,n,nominal,2.0NRT,32.0,N,VIIRS_NOAA21_NRT,True,309.65,286.94,0.74,0.76
51.84447,-3.2107,2026-08-12T03:55:00Z,2026-08-12,355,N21,VIIRS,n,nominal,2.0NRT,36.8,N,VIIRS_NOAA21_NRT,True,300.39,286.08,0.74,0.76
51.67421,-3.45493,2026-08-12T12:04:00Z,2026-08-12,1204,N21,VIIRS,n,nominal,2.0NRT,5.9,D,VIIRS_NOAA21_NRT,True,337.68,300.03,0.58,0.52
51.68242,-5.01721,2026-08-12T12:04:00Z,2026-08-12,1204,N21,VIIRS,n,nominal,2.0NRT,2.4,D,VIIRS_NOAA21_NRT,True,330.92,295.58,0.33,0.55
51.74336,-3.39596,2026-08-12T12:04:00Z,2026-08-12,1204,N21,VIIRS,n,nominal,2.0NRT,3.85,D,VIIRS_NOAA21_NRT,True,330.72,298.17,0.57,0.52
51.81336,-3.19924,2026-08-12T12:04:00Z,2026-08-12,1204,N21,VIIRS,n,nominal,2.0NRT,10.35,D,VIIRS_NOAA21_NRT,True,331.51,300.66,0.56,0.51
51.8178,-3.20196,2026-08-12T12:04:00Z,2026-08-12,1204,N21,VIIRS,n,nominal,2.0NRT,14.07,D,VIIRS_NOAA21_NRT,True,349.38,308.46,0.56,0.51
51.81987,-3.19443,2026-08-12T12:04:00Z,2026-08-12,1204,N21,VIIRS,l,low,2.0NRT,14.07,D,VIIRS_NOAA21_NRT,True,335.11,307.43,0.56,0.51
51.82018,-3.2122,2026-08-12T12:04:00Z,2026-08-12,1204,N21,VIIRS,n,nominal,2.0NRT,10.53,D,VIIRS_NOAA21_NRT,True,339.86,304.43,0.56,0.51
51.82225,-3.20464,2026-08-12T12:04:00Z,2026-08-12,1204,N21,VIIRS,n,nominal,2.0NRT,14.07,D,VIIRS_NOAA21_NRT,True,348.22,308.42,0.56,0.51
51.8264,-3.18952,2026-08-12T12:04:00Z,2026-08-12,1204,N21,VIIRS,n,nominal,2.0NRT,12.46,D,VIIRS_NOAA21_NRT,True,339.79,306.85,0.56,0.51
51.82669,-3.20738,2026-08-12T12:04:00Z,2026-08-12,1204,N21,VIIRS,h,high,2.0NRT,28.89,D,VIIRS_NOAA21_NRT,True,367.0,308.56,0.56,0.51
51.82874,-3.19988,2026-08-12T12:04:00Z,2026-08-12,1204,N21,VIIRS,n,nominal,2.0NRT,28.89,D,VIIRS_NOAA21_NRT,True,347.7,309.09,0.56,0.51
51.83106,-3.21037,2026-08-12T12:04:00Z,2026-08-12,1204,N21,VIIRS,h,high,2.0NRT,28.89,D,VIIRS_NOAA21_NRT,True,367.0,311.59,0.56,0.51
51.83311,-3.20286,2026-08-12T12:04:00Z,2026-08-12,1204,N21,VIIRS,n,nominal,2.0NRT,28.89,D,VIIRS_NOAA21_NRT,True,353.41,321.36,0.56,0.51
51.83511,-3.19555,2026-08-12T12:04:00Z,2026-08-12,1204,N21,VIIRS,n,nominal,2.0NRT,15.3,D,VIIRS_NOAA21_NRT,True,347.48,307.37,0.56,0.51
51.83539,-3.21349,2026-08-12T12:04:00Z,2026-08-12,1204,N21,VIIRS,n,nominal,2.0NRT,60.68,D,VIIRS_NOAA21_NRT,True,351.22,315.51,0.56,0.51
51.83702,-3.18856,2026-08-12T12:04:00Z,2026-08-12,1204,N21,VIIRS,n,nominal,2.0NRT,15.3,D,VIIRS_NOAA21_NRT,True,345.91,309.12,0.56,0.51
51.83743,-3.20604,2026-08-12T12:04:00Z,2026-08-12,1204,N21,VIIRS,l,low,2.0NRT,60.68,D,VIIRS_NOAA21_NRT,True,367.0,330.53,0.56,0.51
51.83933,-3.19905,2026-08-12T12:04:00Z,2026-08-12,1204,N21,VIIRS,l,low,2.0NRT,47.22,D,VIIRS_NOAA21_NRT,True,352.91,331.87,0.56,0.51
51.83964,-3.21693,2026-08-12T12:04:00Z,2026-08-12,1204,N21,VIIRS,n,nominal,2.0NRT,60.68,D,VIIRS_NOAA21_NRT,True,343.61,299.53,0.56,0.51
51.84116,-3.19237,2026-08-12T12:04:00Z,2026-08-12,1204,N21,VIIRS,n,nominal,2.0NRT,47.22,D,VIIRS_NOAA21_NRT,True,355.3,311.76,0.56,0.51
51.84153,-3.21,2026-08-12T12:04:00Z,2026-08-12,1204,N21,VIIRS,n,nominal,2.0NRT,60.68,D,VIIRS_NOAA21_NRT,True,353.27,316.33,0.56,0.51
51.84339,-3.20318,2026-08-12T12:04:00Z,2026-08-12,1204,N21,VIIRS,n,nominal,2.0NRT,47.22,D,VIIRS_NOAA21_NRT,True,330.5,297.8,0.56,0.51
52.09621,-3.79384,2026-08-12T12:04:00Z,2026-08-12,1204,N21,VIIRS,n,nominal,2.0NRT,6.05,D,VIIRS_NOAA21_NRT,True,332.48,297.41,0.58,0.52
51.67494,-3.45399,2026-08-12T12:40:00Z,2026-08-12,1240,N,VIIRS,n,nominal,2.0NRT,4.49,D,VIIRS_SNPP_NRT,True,336.99,303.45,0.49,0.41
51.77478,-3.34012,2026-08-12T12:40:00Z,2026-08-12,1240,N,VIIRS,l,low,2.0NRT,7.51,D,VIIRS_SNPP_NRT,True,330.52,305.02,0.49,0.4
51.81312,-3.1948,2026-08-12T12:40:00Z,2026-08-12,1240,N,VIIRS,n,nominal,2.0NRT,6.86,D,VIIRS_SNPP_NRT,True,344.65,306.38,0.48,0.4
51.81527,-3.20341,2026-08-12T12:40:00Z,2026-08-12,1240,N,VIIRS,n,nominal,2.0NRT,9.66,D,VIIRS_SNPP_NRT,True,343.38,306.2,0.48,0.4
51.81668,-3.19663,2026-08-12T12:40:00Z,2026-08-12,1240,N,VIIRS,n,nominal,2.0NRT,16.5,D,VIIRS_SNPP_NRT,True,354.13,313.2,0.48,0.4
51.81717,-3.20506,2026-08-12T12:40:00Z,2026-08-12,1240,N,VIIRS,n,nominal,2.0NRT,15.03,D,VIIRS_SNPP_NRT,True,349.07,309.58,0.48,0.4
51.8186,-3.19831,2026-08-12T12:40:00Z,2026-08-12,1240,N,VIIRS,n,nominal,2.0NRT,15.03,D,VIIRS_SNPP_NRT,True,353.8,313.4,0.48,0.4
51.81884,-3.2052,2026-08-12T12:40:00Z,2026-08-12,1240,N,VIIRS,h,high,2.0NRT,9.66,D,VIIRS_SNPP_NRT,True,367.0,315.8,0.48,0.4
51.81953,-3.18294,2026-08-12T12:40:00Z,2026-08-12,1240,N,VIIRS,n,nominal,2.0NRT,7.26,D,VIIRS_SNPP_NRT,True,339.09,307.69,0.48,0.4
51.82024,-3.19845,2026-08-12T12:40:00Z,2026-08-12,1240,N,VIIRS,n,nominal,2.0NRT,16.5,D,VIIRS_SNPP_NRT,True,349.59,309.35,0.48,0.4
51.82074,-3.20684,2026-08-12T12:40:00Z,2026-08-12,1240,N,VIIRS,n,nominal,2.0NRT,15.03,D,VIIRS_SNPP_NRT,True,356.57,317.92,0.48,0.4
51.8215,-3.18468,2026-08-12T12:40:00Z,2026-08-12,1240,N,VIIRS,l,low,2.0NRT,5.79,D,VIIRS_SNPP_NRT,True,330.65,304.55,0.48,0.4
51.82217,-3.20011,2026-08-12T12:40:00Z,2026-08-12,1240,N,VIIRS,n,nominal,2.0NRT,15.03,D,VIIRS_SNPP_NRT,True,336.18,305.19,0.48,0.4
51.8224,-3.207,2026-08-12T12:40:00Z,2026-08-12,1240,N,VIIRS,n,nominal,2.0NRT,17.08,D,VIIRS_SNPP_NRT,True,356.09,309.08,0.48,0.4
51.8236,-3.19335,2026-08-12T12:40:00Z,2026-08-12,1240,N,VIIRS,n,nominal,2.0NRT,5.79,D,VIIRS_SNPP_NRT,True,345.98,310.18,0.48,0.4
51.82381,-3.20024,2026-08-12T12:40:00Z,2026-08-12,1240,N,VIIRS,n,nominal,2.0NRT,8.61,D,VIIRS_SNPP_NRT,True,332.68,306.65,0.48,0.4
51.8243,-3.20866,2026-08-12T12:40:00Z,2026-08-12,1240,N,VIIRS,n,nominal,2.0NRT,15.72,D,VIIRS_SNPP_NRT,True,349.18,305.37,0.48,0.4
51.82505,-3.18654,2026-08-12T12:40:00Z,2026-08-12,1240,N,VIIRS,n,nominal,2.0NRT,5.79,D,VIIRS_SNPP_NRT,True,337.85,307.39,0.48,0.4
51.82521,-3.19347,2026-08-12T12:40:00Z,2026-08-12,1240,N,VIIRS,n,nominal,2.0NRT,8.61,D,VIIRS_SNPP_NRT,True,344.38,309.17,0.48,0.4
51.82574,-3.20189,2026-08-12T12:40:00Z,2026-08-12,1240,N,VIIRS,n,nominal,2.0NRT,15.72,D,VIIRS_SNPP_NRT,True,348.25,310.46,0.48,0.4
51.82596,-3.20883,2026-08-12T12:40:00Z,2026-08-12,1240,N,VIIRS,n,nominal,2.0NRT,17.08,D,VIIRS_SNPP_NRT,True,353.96,309.85,0.48,0.4
51.82663,-3.18665,2026-08-12T12:40:00Z,2026-08-12,1240,N,VIIRS,n,nominal,2.0NRT,9.9,D,VIIRS_SNPP_NRT,True,342.89,308.8,0.48,0.4
51.82737,-3.20205,2026-08-12T12:40:00Z,2026-08-12,1240,N,VIIRS,n,nominal,2.0NRT,8.61,D,VIIRS_SNPP_NRT,True,354.23,313.62,0.48,0.4
51.82786,-3.2105,2026-08-12T12:40:00Z,2026-08-12,1240,N,VIIRS,n,nominal,2.0NRT,15.72,D,VIIRS_SNPP_NRT,True,352.34,310.52,0.48,0.4
51.8286,-3.1884,2026-08-12T12:40:00Z,2026-08-12,1240,N,VIIRS,l,low,2.0NRT,8.36,D,VIIRS_SNPP_NRT,True,335.17,307.37,0.48,0.4
51.8293,-3.2037,2026-08-12T12:40:00Z,2026-08-12,1240,N,VIIRS,h,high,2.0NRT,15.72,D,VIIRS_SNPP_NRT,True,367.0,322.05,0.48,0.4
51.83072,-3.19702,2026-08-12T12:40:00Z,2026-08-12,1240,N,VIIRS,n,nominal,2.0NRT,8.36,D,VIIRS_SNPP_NRT,True,339.0,307.83,0.48,0.4
51.8314,-3.21243,2026-08-12T12:40:00Z,2026-08-12,1240,N,VIIRS,n,nominal,2.0NRT,52.02,D,VIIRS_SNPP_NRT,True,345.92,316.1,0.48,0.4
51.83283,-3.20565,2026-08-12T12:40:00Z,2026-08-12,1240,N,VIIRS,n,nominal,2.0NRT,52.02,D,VIIRS_SNPP_NRT,True,354.2,328.92,0.48,0.4
51.83426,-3.19894,2026-08-12T12:40:00Z,2026-08-12,1240,N,VIIRS,h,high,2.0NRT,48.34,D,VIIRS_SNPP_NRT,True,367.0,320.07,0.48,0.4
51.83566,-3.19232,2026-08-12T12:40:00Z,2026-08-12,1240,N,VIIRS,n,nominal,2.0NRT,48.34,D,VIIRS_SNPP_NRT,True,348.66,310.99,0.48,0.4
51.83636,-3.20762,2026-08-12T12:40:00Z,2026-08-12,1240,N,VIIRS,l,low,2.0NRT,52.02,D,VIIRS_SNPP_NRT,True,352.46,329.86,0.48,0.4
51.837,-3.18594,2026-08-12T12:40:00Z,2026-08-12,1240,N,VIIRS,l,low,2.0NRT,14.94,D,VIIRS_SNPP_NRT,True,335.4,307.45,0.48,0.4
51.83778,-3.20093,2026-08-12T12:40:00Z,2026-08-12,1240,N,VIIRS,h,high,2.0NRT,48.34,D,VIIRS_SNPP_NRT,True,367.0,350.65,0.48,0.4
51.83845,-3.21643,2026-08-12T12:40:00Z,2026-08-12,1240,N,VIIRS,n,nominal,2.0NRT,43.87,D,VIIRS_SNPP_NRT,True,348.25,303.41,0.48,0.4
51.83915,-3.19443,2026-08-12T12:40:00Z,2026-08-12,1240,N,VIIRS,l,low,2.0NRT,48.34,D,VIIRS_SNPP_NRT,True,352.26,329.94,0.48,0.4
51.83984,-3.20983,2026-08-12T12:40:00Z,2026-08-12,1240,N,VIIRS,l,low,2.0NRT,43.87,D,VIIRS_SNPP_NRT,True,367.0,330.81,0.48,0.4
51.84049,-3.1881,2026-08-12T12:40:00Z,2026-08-12,1240,N,VIIRS,n,nominal,2.0NRT,14.94,D,VIIRS_SNPP_NRT,True,340.43,309.36,0.48,0.4
51.84122,-3.20328,2026-08-12T12:40:00Z,2026-08-12,1240,N,VIIRS,n,nominal,2.0NRT,22.56,D,VIIRS_SNPP_NRT,True,351.7,316.08,0.48,0.4
51.84259,-3.19681,2026-08-12T12:40:00Z,2026-08-12,1240,N,VIIRS,n,nominal,2.0NRT,22.56,D,VIIRS_SNPP_NRT,True,330.63,299.53,0.48,0.4
52.0937,-3.79045,2026-08-12T12:40:00Z,2026-08-12,1240,N,VIIRS,n,nominal,2.0NRT,46.66,D,VIIRS_SNPP_NRT,True,346.74,309.97,0.5,0.41
52.09728,-3.79242,2026-08-12T12:40:00Z,2026-08-12,1240,N,VIIRS,n,nominal,2.0NRT,46.66,D,VIIRS_SNPP_NRT,True,348.22,305.5,0.5,0.41
51.67442,-3.45122,2026-08-12T12:59:00Z,2026-08-12,1259,N20,VIIRS,n,nominal,2.0NRT,6.23,D,VIIRS_NOAA20_NRT,True,340.5,305.95,0.38,0.36
51.77444,-3.33735,2026-08-12T12:59:00Z,2026-08-12,1259,N20,VIIRS,n,nominal,2.0NRT,4.36,D,VIIRS_NOAA20_NRT,True,344.23,310.25,0.38,0.36
51.78561,-3.73241,2026-08-12T12:59:00Z,2026-08-12,1259,N20,VIIRS,n,nominal,2.0NRT,4.58,D,VIIRS_NOAA20_NRT,True,337.15,303.81,0.38,0.36
51.81307,-3.19606,2026-08-12T12:59:00Z,2026-08-12,1259,N20,VIIRS,n,nominal,2.0NRT,9.32,D,VIIRS_NOAA20_NRT,True,352.18,312.26,0.38,0.36
51.81466,-3.20829,2026-08-12T12:59:00Z,2026-08-12,1259,N20,VIIRS,n,nominal,2.0NRT,7.06,D,VIIRS_NOAA20_NRT,True,335.09,304.94,0.38,0.36
51.81549,-3.20282,2026-08-12T12:59:00Z,2026-08-12,1259,N20,VIIRS,n,nominal,2.0NRT,7.06,D,VIIRS_NOAA20_NRT,True,346.24,309.84,0.38,0.36
51.81632,-3.19734,2026-08-12T12:59:00Z,2026-08-12,1259,N20,VIIRS,n,nominal,2.0NRT,11.32,D,VIIRS_NOAA20_NRT,True,355.87,316.16,0.38,0.36
51.8179,-3.20958,2026-08-12T12:59:00Z,2026-08-12,1259,N20,VIIRS,n,nominal,2.0NRT,7.06,D,VIIRS_NOAA20_NRT,True,341.4,312.34,0.38,0.36
51.81797,-3.18639,2026-08-12T12:59:00Z,2026-08-12,1259,N20,VIIRS,n,nominal,2.0NRT,3.46,D,VIIRS_NOAA20_NRT,True,346.16,313.47,0.38,0.36
51.81873,-3.2041,2026-08-12T12:59:00Z,2026-08-12,1259,N20,VIIRS,h,high,2.0NRT,7.06,D,VIIRS_NOAA20_NRT,True,367.0,320.02,0.38,0.36
51.8188,-3.18092,2026-08-12T12:59:00Z,2026-08-12,1259,N20,VIIRS,l,low,2.0NRT,3.46,D,VIIRS_NOAA20_NRT,True,334.12,306.91,0.38,0.36
51.81956,-3.19863,2026-08-12T12:59:00Z,2026-08-12,1259,N20,VIIRS,n,nominal,2.0NRT,11.32,D,VIIRS_NOAA20_NRT,True,350.5,311.78,0.38,0.36
51.82115,-3.21087,2026-08-12T12:59:00Z,2026-08-12,1259,N20,VIIRS,n,nominal,2.0NRT,8.38,D,VIIRS_NOAA20_NRT,True,339.43,309.74,0.38,0.36
51.82198,-3.20539,2026-08-12T12:59:00Z,2026-08-12,1259,N20,VIIRS,n,nominal,2.0NRT,8.38,D,VIIRS_NOAA20_NRT,True,353.91,311.2,0.38,0.36
51.82204,-3.18221,2026-08-12T12:59:00Z,2026-08-12,1259,N20,VIIRS,l,low,2.0NRT,3.46,D,VIIRS_NOAA20_NRT,True,330.55,303.77,0.38,0.36
51.82281,-3.19991,2026-08-12T12:59:00Z,2026-08-12,1259,N20,VIIRS,n,nominal,2.0NRT,3.9,D,VIIRS_NOAA20_NRT,True,333.24,307.96,0.38,0.36
51.82363,-3.19443,2026-08-12T12:59:00Z,2026-08-12,1259,N20,VIIRS,n,nominal,2.0NRT,3.9,D,VIIRS_NOAA20_NRT,True,344.06,310.92,0.38,0.36
51.82439,-3.21215,2026-08-12T12:59:00Z,2026-08-12,1259,N20,VIIRS,n,nominal,2.0NRT,8.38,D,VIIRS_NOAA20_NRT,True,333.38,304.52,0.38,0.36
51.82446,-3.18896,2026-08-12T12:59:00Z,2026-08-12,1259,N20,VIIRS,n,nominal,2.0NRT,4.44,D,VIIRS_NOAA20_NRT,True,353.9,312.91,0.38,0.36
51.82521,-3.20668,2026-08-12T12:59:00Z,2026-08-12,1259,N20,VIIRS,h,high,2.0NRT,8.38,D,VIIRS_NOAA20_NRT,True,367.0,313.06,0.38,0.36
51.82528,-3.18349,2026-08-12T12:59:00Z,2026-08-12,1259,N20,VIIRS,l,low,2.0NRT,4.44,D,VIIRS_NOAA20_NRT,True,335.16,306.19,0.38,0.36
51.82605,-3.2012,2026-08-12T12:59:00Z,2026-08-12,1259,N20,VIIRS,n,nominal,2.0NRT,3.9,D,VIIRS_NOAA20_NRT,True,348.91,312.34,0.38,0.36
51.82687,-3.19572,2026-08-12T12:59:00Z,2026-08-12,1259,N20,VIIRS,n,nominal,2.0NRT,3.9,D,VIIRS_NOAA20_NRT,True,335.38,309.1,0.38,0.36
51.82763,-3.21344,2026-08-12T12:59:00Z,2026-08-12,1259,N20,VIIRS,n,nominal,2.0NRT,17.21,D,VIIRS_NOAA20_NRT,True,333.97,306.98,0.38,0.36
51.82771,-3.19024,2026-08-12T12:59:00Z,2026-08-12,1259,N20,VIIRS,l,low,2.0NRT,4.44,D,VIIRS_NOAA20_NRT,True,335.32,307.63,0.38,0.36
51.82846,-3.20796,2026-08-12T12:59:00Z,2026-08-12,1259,N20,VIIRS,h,high,2.0NRT,17.21,D,VIIRS_NOAA20_NRT,True,367.0,317.56,0.38,0.36
51.82853,-3.18477,2026-08-12T12:59:00Z,2026-08-12,1259,N20,VIIRS,n,nominal,2.0NRT,4.44,D,VIIRS_NOAA20_NRT,True,338.96,305.33,0.38,0.36
51.82929,-3.20248,2026-08-12T12:59:00Z,2026-08-12,1259,N20,VIIRS,n,nominal,2.0NRT,16.44,D,VIIRS_NOAA20_NRT,True,356.08,325.8,0.38,0.36
51.83012,-3.197,2026-08-12T12:59:00Z,2026-08-12,1259,N20,VIIRS,n,nominal,2.0NRT,16.44,D,VIIRS_NOAA20_NRT,True,339.02,308.45,0.38,0.36
51.8317,-3.20924,2026-08-12T12:59:00Z,2026-08-12,1259,N20,VIIRS,l,low,2.0NRT,17.21,D,VIIRS_NOAA20_NRT,True,351.47,331.6,0.38,0.36
51.83253,-3.20376,2026-08-12T12:59:00Z,2026-08-12,1259,N20,VIIRS,l,low,2.0NRT,16.44,D,VIIRS_NOAA20_NRT,True,351.46,331.37,0.38,0.36
51.83336,-3.19828,2026-08-12T12:59:00Z,2026-08-12,1259,N20,VIIRS,n,nominal,2.0NRT,16.44,D,VIIRS_NOAA20_NRT,True,350.44,312.63,0.38,0.36
51.83412,-3.21599,2026-08-12T12:59:00Z,2026-08-12,1259,N20,VIIRS,l,low,2.0NRT,25.12,D,VIIRS_NOAA20_NRT,True,333.81,308.24,0.38,0.36
51.83419,-3.19279,2026-08-12T12:59:00Z,2026-08-12,1259,N20,VIIRS,n,nominal,2.0NRT,3.52,D,VIIRS_NOAA20_NRT,True,332.33,307.19,0.38,0.36
51.83495,-3.21051,2026-08-12T12:59:00Z,2026-08-12,1259,N20,VIIRS,l,low,2.0NRT,25.12,D,VIIRS_NOAA20_NRT,True,350.14,333.76,0.38,0.36
51.83502,-3.1873,2026-08-12T12:59:00Z,2026-08-12,1259,N20,VIIRS,l,low,2.0NRT,3.52,D,VIIRS_NOAA20_NRT,True,335.41,310.4,0.38,0.36
51.83578,-3.20503,2026-08-12T12:59:00Z,2026-08-12,1259,N20,VIIRS,l,low,2.0NRT,51.77,D,VIIRS_NOAA20_NRT,True,367.0,331.11,0.38,0.36
51.83661,-3.19955,2026-08-12T12:59:00Z,2026-08-12,1259,N20,VIIRS,h,high,2.0NRT,51.77,D,VIIRS_NOAA20_NRT,True,367.0,349.45,0.38,0.36
51.83736,-3.21726,2026-08-12T12:59:00Z,2026-08-12,1259,N20,VIIRS,l,low,2.0NRT,25.12,D,VIIRS_NOAA20_NRT,True,333.42,308.01,0.38,0.36
51.83744,-3.19406,2026-08-12T12:59:00Z,2026-08-12,1259,N20,VIIRS,n,nominal,2.0NRT,19.82,D,VIIRS_NOAA20_NRT,True,353.59,328.39,0.38,0.36
51.8382,-3.21178,2026-08-12T12:59:00Z,2026-08-12,1259,N20,VIIRS,l,low,2.0NRT,25.12,D,VIIRS_NOAA20_NRT,True,367.0,338.47,0.38,0.36
51.83827,-3.18856,2026-08-12T12:59:00Z,2026-08-12,1259,N20,VIIRS,n,nominal,2.0NRT,19.82,D,VIIRS_NOAA20_NRT,True,352.59,325.09,0.38,0.36
51.83902,-3.20629,2026-08-12T12:59:00Z,2026-08-12,1259,N20,VIIRS,h,high,2.0NRT,51.77,D,VIIRS_NOAA20_NRT,True,367.0,350.87,0.38,0.36
51.83986,-3.20081,2026-08-12T12:59:00Z,2026-08-12,1259,N20,VIIRS,n,nominal,2.0NRT,51.77,D,VIIRS_NOAA20_NRT,True,353.64,326.4,0.38,0.36
51.84069,-3.19531,2026-08-12T12:59:00Z,2026-08-12,1259,N20,VIIRS,n,nominal,2.0NRT,19.82,D,VIIRS_NOAA20_NRT,True,355.98,317.52,0.38,0.36
51.84153,-3.18981,2026-08-12T12:59:00Z,2026-08-12,1259,N20,VIIRS,n,nominal,2.0NRT,19.82,D,VIIRS_NOAA20_NRT,True,342.34,303.69,0.38,0.36
51.84228,-3.20754,2026-08-12T12:59:00Z,2026-08-12,1259,N20,VIIRS,n,nominal,2.0NRT,4.75,D,VIIRS_NOAA20_NRT,True,341.97,303.15,0.38,0.36
52.09282,-3.79324,2026-08-12T12:59:00Z,2026-08-12,1259,N20,VIIRS,n,nominal,2.0NRT,14.76,D,VIIRS_NOAA20_NRT,True,337.11,305.71,0.38,0.36
52.09367,-3.78775,2026-08-12T12:59:00Z,2026-08-12,1259,N20,VIIRS,n,nominal,2.0NRT,14.76,D,VIIRS_NOAA20_NRT,True,342.86,305.23,0.38,0.36
52.09605,-3.79457,2026-08-12T12:59:00Z,2026-08-12,1259,N20,VIIRS,n,nominal,2.0NRT,19.0,D,VIIRS_NOAA20_NRT,True,352.56,312.19,0.38,0.36
52.09691,-3.78907,2026-08-12T12:59:00Z,2026-08-12,1259,N20,VIIRS,n,nominal,2.0NRT,19.0,D,VIIRS_NOAA20_NRT,True,334.2,301.59,0.38,0.36
52.9009,-4.46286,2026-08-12T12:59:00Z,2026-08-12,1259,N20,VIIRS,n,nominal,2.0NRT,2.19,D,VIIRS_NOAA20_NRT,True,330.59,299.51,0.38,0.36
52.90178,-4.45727,2026-08-12T12:59:00Z,2026-08-12,1259,N20,VIIRS,n,nominal,2.0NRT,3.14,D,VIIRS_NOAA20_NRT,True,339.74,299.56,0.38,0.36
51.34078,-2.89998,2026-08-12T13:44:00Z,2026-08-12,1344,N21,VIIRS,n,nominal,2.0NRT,2.32,D,VIIRS_NOAA21_NRT,True,337.9,301.43,0.32,0.55
51.75137,-3.04208,2026-08-12T13:46:00Z,2026-08-12,1346,N21,VIIRS,l,low,2.0NRT,6.15,D,VIIRS_NOAA21_NRT,True,330.91,305.32,0.32,0.54
51.81467,-3.20018,2026-08-12T13:46:00Z,2026-08-12,1346,N21,VIIRS,n,nominal,2.0NRT,23.23,D,VIIRS_NOAA21_NRT,True,346.67,304.01,0.63,0.54
51.81516,-3.19893,2026-08-12T13:46:00Z,2026-08-12,1346,N21,VIIRS,n,nominal,2.0NRT,16.23,D,VIIRS_NOAA21_NRT,True,350.42,305.97,0.63,0.54
51.81919,-3.2104,2026-08-12T13:46:00Z,2026-08-12,1346,N21,VIIRS,n,nominal,2.0NRT,16.44,D,VIIRS_NOAA21_NRT,True,342.64,307.16,0.63,0.54
51.81962,-3.20121,2026-08-12T13:46:00Z,2026-08-12,1346,N21,VIIRS,n,nominal,2.0NRT,23.23,D,VIIRS_NOAA21_NRT,True,355.66,309.32,0.63,0.54
51.81973,-3.20921,2026-08-12T13:46:00Z,2026-08-12,1346,N21,VIIRS,n,nominal,2.0NRT,15.83,D,VIIRS_NOAA21_NRT,True,350.16,309.84,0.63,0.54
51.82011,-3.19996,2026-08-12T13:46:00Z,2026-08-12,1346,N21,VIIRS,n,nominal,2.0NRT,15.83,D,VIIRS_NOAA21_NRT,True,349.95,306.85,0.63,0.54
51.82046,-3.18322,2026-08-12T13:46:00Z,2026-08-12,1346,N21,VIIRS,n,nominal,2.0NRT,7.34,D,VIIRS_NOAA21_NRT,True,336.14,301.71,0.63,0.54
51.82087,-3.182,2026-08-12T13:46:00Z,2026-08-12,1346,N21,VIIRS,n,nominal,2.0NRT,10.99,D,VIIRS_NOAA21_NRT,True,331.53,300.45,0.63,0.54
51.82469,-3.2102,2026-08-12T13:46:00Z,2026-08-12,1346,N21,VIIRS,n,nominal,2.0NRT,15.83,D,VIIRS_NOAA21_NRT,True,345.75,303.34,0.63,0.54
51.82507,-3.20101,2026-08-12T13:46:00Z,2026-08-12,1346,N21,VIIRS,n,nominal,2.0NRT,15.83,D,VIIRS_NOAA21_NRT,True,340.73,304.09,0.63,0.54
51.82546,-3.19183,2026-08-12T13:46:00Z,2026-08-12,1346,N21,VIIRS,n,nominal,2.0NRT,10.99,D,VIIRS_NOAA21_NRT,True,349.83,306.36,0.63,0.54
51.82584,-3.18283,2026-08-12T13:46:00Z,2026-08-12,1346,N21,VIIRS,n,nominal,2.0NRT,10.99,D,VIIRS_NOAA21_NRT,True,336.93,300.04,0.63,0.54
51.82966,-3.21102,2026-08-12T13:46:00Z,2026-08-12,1346,N21,VIIRS,h,high,2.0NRT,57.05,D,VIIRS_NOAA21_NRT,True,367.0,309.18,0.63,0.54
51.83004,-3.20197,2026-08-12T13:46:00Z,2026-08-12,1346,N21,VIIRS,h,high,2.0NRT,57.05,D,VIIRS_NOAA21_NRT,True,367.0,311.89,0.63,0.54
51.83464,-3.21157,2026-08-12T13:46:00Z,2026-08-12,1346,N21,VIIRS,n,nominal,2.0NRT,57.05,D,VIIRS_NOAA21_NRT,True,350.45,320.79,0.63,0.54
51.83502,-3.20249,2026-08-12T13:46:00Z,2026-08-12,1346,N21,VIIRS,n,nominal,2.0NRT,57.05,D,VIIRS_NOAA21_NRT,True,350.4,321.27,0.63,0.54
51.83541,-3.1931,2026-08-12T13:46:00Z,2026-08-12,1346,N21,VIIRS,n,nominal,2.0NRT,41.64,D,VIIRS_NOAA21_NRT,True,352.9,307.04,0.63,0.54
51.84003,-3.20221,2026-08-12T13:46:00Z,2026-08-12,1346,N21,VIIRS,n,nominal,2.0NRT,209.75,D,VIIRS_NOAA21_NRT,True,350.0,319.85,0.63,0.54
51.84045,-3.19255,2026-08-12T13:46:00Z,2026-08-12,1346,N21,VIIRS,n,nominal,2.0NRT,80.98,D,VIIRS_NOAA21_NRT,True,355.58,316.39,0.63,0.54
51.9203,-2.60792,2026-08-12T13:46:00Z,2026-08-12,1346,N21,VIIRS,h,high,2.0NRT,6.36,D,VIIRS_NOAA21_NRT,True,367.0,302.0,0.33,0.56
52.28416,-3.49049,2026-08-12T13:46:00Z,2026-08-12,1346,N21,VIIRS,n,nominal,2.0NRT,195.38,D,VIIRS_NOAA21_NRT,True,344.13,295.72,0.62,0.54
51.82602,-3.21215,2026-08-12T14:22:00Z,2026-08-12,1422,N,VIIRS,n,nominal,2.0NRT,21.32,D,VIIRS_SNPP_NRT,True,339.95,289.55,0.59,0.7
51.83043,-3.2025,2026-08-12T14:22:00Z,2026-08-12,1422,N,VIIRS,h,high,2.0NRT,28.6,D,VIIRS_SNPP_NRT,True,367.0,296.32,0.59,0.7
51.83054,-3.21123,2026-08-12T14:22:00Z,2026-08-12,1422,N,VIIRS,h,high,2.0NRT,25.14,D,VIIRS_SNPP_NRT,True,367.0,299.81,0.59,0.7
51.83252,-3.20344,2026-08-12T14:22:00Z,2026-08-12,1422,N,VIIRS,h,high,2.0NRT,21.32,D,VIIRS_SNPP_NRT,True,367.0,303.79,0.59,0.7
51.83259,-3.21215,2026-08-12T14:22:00Z,2026-08-12,1422,N,VIIRS,h,high,2.0NRT,21.32,D,VIIRS_SNPP_NRT,True,367.0,301.56,0.59,0.7
51.83689,-3.19244,2026-08-12T14:22:00Z,2026-08-12,1422,N,VIIRS,h,high,2.0NRT,65.18,D,VIIRS_SNPP_NRT,True,367.0,303.63,0.59,0.7
51.837,-3.20195,2026-08-12T14:22:00Z,2026-08-12,1422,N,VIIRS,n,nominal,2.0NRT,65.18,D,VIIRS_SNPP_NRT,True,355.39,313.45,0.59,0.7
51.83711,-3.21077,2026-08-12T14:22:00Z,2026-08-12,1422,N,VIIRS,n,nominal,2.0NRT,52.26,D,VIIRS_SNPP_NRT,True,352.16,314.23,0.59,0.7
51.83722,-3.21961,2026-08-12T14:22:00Z,2026-08-12,1422,N,VIIRS,n,nominal,2.0NRT,52.26,D,VIIRS_SNPP_NRT,True,356.17,293.34,0.59,0.7
51.83892,-3.18077,2026-08-12T14:22:00Z,2026-08-12,1422,N,VIIRS,n,nominal,2.0NRT,39.55,D,VIIRS_SNPP_NRT,True,331.26,293.72,0.59,0.7
51.83902,-3.19274,2026-08-12T14:22:00Z,2026-08-12,1422,N,VIIRS,l,low,2.0NRT,39.55,D,VIIRS_SNPP_NRT,True,357.04,304.79,0.59,0.7
51.83909,-3.20212,2026-08-12T14:22:00Z,2026-08-12,1422,N,VIIRS,n,nominal,2.0NRT,93.48,D,VIIRS_SNPP_NRT,True,354.14,311.75,0.59,0.7
51.83916,-3.21096,2026-08-12T14:22:00Z,2026-08-12,1422,N,VIIRS,n,nominal,2.0NRT,93.48,D,VIIRS_SNPP_NRT,True,352.01,311.35,0.59,0.7
51.83923,-3.22021,2026-08-12T14:22:00Z,2026-08-12,1422,N,VIIRS,n,nominal,2.0NRT,23.65,D,VIIRS_SNPP_NRT,True,339.71,291.28,0.59,0.7
51.84342,-3.18824,2026-08-12T14:22:00Z,2026-08-12,1422,N,VIIRS,n,nominal,2.0NRT,65.18,D,VIIRS_SNPP_NRT,True,338.43,292.53,0.59,0.7
51.84365,-3.20756,2026-08-12T14:22:00Z,2026-08-12,1422,N,VIIRS,l,low,2.0NRT,52.26,D,VIIRS_SNPP_NRT,True,357.2,293.82,0.59,0.7
52.08083,-3.77589,2026-08-12T14:22:00Z,2026-08-12,1422,N,VIIRS,n,nominal,2.0NRT,21.86,D,VIIRS_SNPP_NRT,True,352.15,294.44,0.56,0.68
52.08088,-3.78311,2026-08-12T14:22:00Z,2026-08-12,1422,N,VIIRS,n,nominal,2.0NRT,19.65,D,VIIRS_SNPP_NRT,True,355.93,296.77,0.55,0.68
52.08727,-3.77715,2026-08-12T14:22:00Z,2026-08-12,1422,N,VIIRS,n,nominal,2.0NRT,14.28,D,VIIRS_SNPP_NRT,True,339.76,293.22,0.56,0.68
52.08731,-3.78434,2026-08-12T14:22:00Z,2026-08-12,1422,N,VIIRS,n,nominal,2.0NRT,10.49,D,VIIRS_SNPP_NRT,True,346.0,293.31,0.55,0.68
52.09376,-3.78529,2026-08-12T14:22:00Z,2026-08-12,1422,N,VIIRS,n,nominal,2.0NRT,10.49,D,VIIRS_SNPP_NRT,True,333.47,292.71,0.55,0.68
52.0938,-3.79225,2026-08-12T14:22:00Z,2026-08-12,1422,N,VIIRS,h,high,2.0NRT,10.49,D,VIIRS_SNPP_NRT,True,367.0,297.34,0.55,0.68
53.4837,-2.9206,2026-08-12T14:22:00Z,2026-08-12,1422,N,VIIRS,n,nominal,2.0NRT,3.35,D,VIIRS_SNPP_NRT,True,332.69,293.8,0.6,0.71
53.4873,-2.9177,2026-08-12T14:22:00Z,2026-08-12,1422,N,VIIRS,n,nominal,2.0NRT,8.74,D,VIIRS_SNPP_NRT,True,354.67,295.27,0.6,0.71
53.49036,-2.9203,2026-08-12T14:22:00Z,2026-08-12,1422,N,VIIRS,n,nominal,2.0NRT,5.2,D,VIIRS_SNPP_NRT,True,338.37,293.64,0.6,0.71
51.5803,-3.73883,2026-08-13T01:11:00Z,2026-08-13,111,N20,VIIRS,n,nominal,2.0NRT,2.73,N,VIIRS_NOAA20_NRT,True,314.5,289.31,0.61,0.71
51.5804,-3.72845,2026-08-13T01:11:00Z,2026-08-13,111,N20,VIIRS,n,nominal,2.0NRT,2.73,N,VIIRS_NOAA20_NRT,True,310.48,288.54,0.61,0.71
51.68433,-5.03223,2026-08-13T01:11:00Z,2026-08-13,111,N20,VIIRS,n,nominal,2.0NRT,1.21,N,VIIRS_NOAA20_NRT,True,300.11,288.18,0.69,0.74
51.75338,-3.06323,2026-08-13T01:11:00Z,2026-08-13,111,N20,VIIRS,n,nominal,2.0NRT,2.24,N,VIIRS_NOAA20_NRT,True,301.53,286.57,0.57,0.69
51.75343,-3.05416,2026-08-13T01:11:00Z,2026-08-13,111,N20,VIIRS,n,nominal,2.0NRT,2.24,N,VIIRS_NOAA20_NRT,True,318.67,289.46,0.57,0.69
51.817,-3.20385,2026-08-13T01:11:00Z,2026-08-13,111,N20,VIIRS,n,nominal,2.0NRT,3.84,N,VIIRS_NOAA20_NRT,True,306.21,285.72,0.58,0.69
51.81704,-3.1954,2026-08-13T01:11:00Z,2026-08-13,111,N20,VIIRS,n,nominal,2.0NRT,1.6,N,VIIRS_NOAA20_NRT,True,301.88,286.69,0.58,0.69
51.81718,-3.20914,2026-08-13T01:11:00Z,2026-08-13,111,N20,VIIRS,n,nominal,2.0NRT,2.75,N,VIIRS_NOAA20_NRT,True,296.84,285.32,0.58,0.69
51.81726,-3.20068,2026-08-13T01:11:00Z,2026-08-13,111,N20,VIIRS,n,nominal,2.0NRT,2.75,N,VIIRS_NOAA20_NRT,True,311.4,287.67,0.58,0.69
51.82342,-3.21141,2026-08-13T01:11:00Z,2026-08-13,111,N20,VIIRS,n,nominal,2.0NRT,3.84,N,VIIRS_NOAA20_NRT,True,335.01,290.57,0.58,0.69
51.82346,-3.20291,2026-08-13T01:11:00Z,2026-08-13,111,N20,VIIRS,n,nominal,2.0NRT,3.84,N,VIIRS_NOAA20_NRT,True,306.42,287.9,0.58,0.69
51.82349,-3.19456,2026-08-13T01:11:00Z,2026-08-13,111,N20,VIIRS,n,nominal,2.0NRT,1.6,N,VIIRS_NOAA20_NRT,True,296.71,285.95,0.58,0.69
51.82357,-3.21688,2026-08-13T01:11:00Z,2026-08-13,111,N20,VIIRS,n,nominal,2.0NRT,5.35,N,VIIRS_NOAA20_NRT,True,310.52,285.35,0.58,0.69
51.82365,-3.20815,2026-08-13T01:11:00Z,2026-08-13,111,N20,VIIRS,n,nominal,2.0NRT,2.75,N,VIIRS_NOAA20_NRT,True,329.88,292.7,0.58,0.69
51.82373,-3.19976,2026-08-13T01:11:00Z,2026-08-13,111,N20,VIIRS,n,nominal,2.0NRT,2.75,N,VIIRS_NOAA20_NRT,True,299.27,286.34,0.58,0.69
51.82988,-3.21085,2026-08-13T01:11:00Z,2026-08-13,111,N20,VIIRS,n,nominal,2.0NRT,9.06,N,VIIRS_NOAA20_NRT,True,325.2,289.78,0.58,0.69
51.82992,-3.20214,2026-08-13T01:11:00Z,2026-08-13,111,N20,VIIRS,n,nominal,2.0NRT,9.06,N,VIIRS_NOAA20_NRT,True,314.86,290.21,0.58,0.69
51.82995,-3.19386,2026-08-13T01:11:00Z,2026-08-13,111,N20,VIIRS,n,nominal,2.0NRT,4.17,N,VIIRS_NOAA20_NRT,True,301.5,286.04,0.58,0.69
51.82999,-3.18551,2026-08-13T01:11:00Z,2026-08-13,111,N20,VIIRS,n,nominal,2.0NRT,4.17,N,VIIRS_NOAA20_NRT,True,301.96,287.08,0.57,0.69
51.83004,-3.2163,2026-08-13T01:11:00Z,2026-08-13,111,N20,VIIRS,n,nominal,2.0NRT,9.49,N,VIIRS_NOAA20_NRT,True,310.09,285.94,0.58,0.69
51.83012,-3.20747,2026-08-13T01:11:00Z,2026-08-13,111,N20,VIIRS,n,nominal,2.0NRT,11.64,N,VIIRS_NOAA20_NRT,True,329.25,291.69,0.58,0.69
51.83026,-3.19067,2026-08-13T01:11:00Z,2026-08-13,111,N20,VIIRS,n,nominal,2.0NRT,4.59,N,VIIRS_NOAA20_NRT,True,313.0,287.07,0.58,0.69
51.8363,-3.21963,2026-08-13T01:11:00Z,2026-08-13,111,N20,VIIRS,n,nominal,2.0NRT,11.21,N,VIIRS_NOAA20_NRT,True,331.24,287.86,0.58,0.69
51.83633,-3.211,2026-08-13T01:11:00Z,2026-08-13,111,N20,VIIRS,n,nominal,2.0NRT,9.06,N,VIIRS_NOAA20_NRT,True,348.09,296.55,0.58,0.69
51.83637,-3.20242,2026-08-13T01:11:00Z,2026-08-13,111,N20,VIIRS,n,nominal,2.0NRT,9.06,N,VIIRS_NOAA20_NRT,True,350.11,296.35,0.58,0.69
51.8364,-3.19429,2026-08-13T01:11:00Z,2026-08-13,111,N20,VIIRS,n,nominal,2.0NRT,4.17,N,VIIRS_NOAA20_NRT,True,325.69,288.25,0.58,0.69
51.8365,-3.21643,2026-08-13T01:11:00Z,2026-08-13,111,N20,VIIRS,n,nominal,2.0NRT,9.49,N,VIIRS_NOAA20_NRT,True,346.01,293.85,0.58,0.69
51.83657,-3.20768,2026-08-13T01:11:00Z,2026-08-13,111,N20,VIIRS,n,nominal,2.0NRT,11.64,N,VIIRS_NOAA20_NRT,True,355.46,297.96,0.58,0.69
51.83664,-3.19928,2026-08-13T01:11:00Z,2026-08-13,111,N20,VIIRS,n,nominal,2.0NRT,11.64,N,VIIRS_NOAA20_NRT,True,342.99,293.15,0.58,0.69
51.83671,-3.19129,2026-08-13T01:11:00Z,2026-08-13,111,N20,VIIRS,n,nominal,2.0NRT,4.59,N,VIIRS_NOAA20_NRT,True,309.04,288.12,0.58,0.69
51.84275,-3.22108,2026-08-13T01:11:00Z,2026-08-13,111,N20,VIIRS,n,nominal,2.0NRT,5.49,N,VIIRS_NOAA20_NRT,True,310.29,287.24,0.58,0.69
51.84278,-3.21323,2026-08-13T01:11:00Z,2026-08-13,111,N20,VIIRS,n,nominal,2.0NRT,8.82,N,VIIRS_NOAA20_NRT,True,331.76,292.6,0.58,0.69
51.84281,-3.20523,2026-08-13T01:11:00Z,2026-08-13,111,N20,VIIRS,n,nominal,2.0NRT,8.82,N,VIIRS_NOAA20_NRT,True,328.11,293.23,0.58,0.69
51.84284,-3.19708,2026-08-13T01:11:00Z,2026-08-13,111,N20,VIIRS,n,nominal,2.0NRT,7.65,N,VIIRS_NOAA20_NRT,True,346.67,295.07,0.58,0.69
51.84287,-3.1894,2026-08-13T01:11:00Z,2026-08-13,111,N20,VIIRS,n,nominal,2.0NRT,7.65,N,VIIRS_NOAA20_NRT,True,305.22,289.28,0.57,0.69
51.84295,-3.21811,2026-08-13T01:11:00Z,2026-08-13,111,N20,VIIRS,n,nominal,2.0NRT,7.43,N,VIIRS_NOAA20_NRT,True,326.86,289.82,0.58,0.69
51.84301,-3.21027,2026-08-13T01:11:00Z,2026-08-13,111,N20,VIIRS,n,nominal,2.0NRT,8.64,N,VIIRS_NOAA20_NRT,True,327.75,293.13,0.58,0.69
51.84307,-3.20218,2026-08-13T01:11:00Z,2026-08-13,111,N20,VIIRS,n,nominal,2.0NRT,8.64,N,VIIRS_NOAA20_NRT,True,334.97,292.5,0.58,0.69
51.84314,-3.19418,2026-08-13T01:11:00Z,2026-08-13,111,N20,VIIRS,n,nominal,2.0NRT,10.03,N,VIIRS_NOAA20_NRT,True,335.37,293.09,0.58,0.69
52.08949,-3.80032,2026-08-13T01:11:00Z,2026-08-13,111,N20,VIIRS,n,nominal,2.0NRT,2.48,N,VIIRS_NOAA20_NRT,True,300.76,285.89,0.61,0.71
52.0896,-3.79082,2026-08-13T01:11:00Z,2026-08-13,111,N20,VIIRS,n,nominal,2.0NRT,9.4,N,VIIRS_NOAA20_NRT,True,323.39,286.37,0.61,0.71
52.08973,-3.77935,2026-08-13T01:11:00Z,2026-08-13,111,N20,VIIRS,h,high,2.0NRT,9.4,N,VIIRS_NOAA20_NRT,True,367.0,289.78,0.61,0.71
52.08987,-3.76766,2026-08-13T01:11:00Z,2026-08-13,111,N20,VIIRS,n,nominal,2.0NRT,7.62,N,VIIRS_NOAA20_NRT,True,318.3,288.13,0.61,0.71
52.0961,-3.79959,2026-08-13T01:11:00Z,2026-08-13,111,N20,VIIRS,n,nominal,2.0NRT,15.98,N,VIIRS_NOAA20_NRT,True,326.18,285.93,0.61,0.71
52.09622,-3.78968,2026-08-13T01:11:00Z,2026-08-13,111,N20,VIIRS,h,high,2.0NRT,17.63,N,VIIRS_NOAA20_NRT,True,367.0,293.6,0.61,0.71
52.09635,-3.77832,2026-08-13T01:11:00Z,2026-08-13,111,N20,VIIRS,n,nominal,2.0NRT,17.63,N,VIIRS_NOAA20_NRT,True,339.59,288.73,0.61,0.71
52.27954,-3.51829,2026-08-13T01:11:00Z,2026-08-13,111,N20,VIIRS,n,nominal,2.0NRT,5.12,N,VIIRS_NOAA20_NRT,True,311.16,285.61,0.6,0.7
52.27966,-3.5081,2026-08-13T01:11:00Z,2026-08-13,111,N20,VIIRS,n,nominal,2.0NRT,4.23,N,VIIRS_NOAA20_NRT,True,335.86,287.99,0.59,0.7
52.27979,-3.49639,2026-08-13T01:11:00Z,2026-08-13,111,N20,VIIRS,n,nominal,2.0NRT,4.23,N,VIIRS_NOAA20_NRT,True,321.14,291.22,0.59,0.7
52.28618,-3.50899,2026-08-13T01:11:00Z,2026-08-13,111,N20,VIIRS,n,nominal,2.0NRT,4.23,N,VIIRS_NOAA20_NRT,True,311.15,288.78,0.59,0.7
52.28632,-3.49646,2026-08-13T01:11:00Z,2026-08-13,111,N20,VIIRS,n,nominal,2.0NRT,4.23,N,VIIRS_NOAA20_NRT,True,299.78,288.41,0.59,0.7
51.39614,-3.39276,2026-08-13T01:58:00Z,2026-08-13,158,N21,VIIRS,n,nominal,2.0NRT,1.29,N,VIIRS_NOAA21_NRT,True,309.58,289.85,0.51,0.41
51.57584,-3.7302,2026-08-13T01:58:00Z,2026-08-13,158,N21,VIIRS,n,nominal,2.0NRT,1.27,N,VIIRS_NOAA21_NRT,True,306.86,290.51,0.53,0.42
51.5766,-3.73802,2026-08-13T01:58:00Z,2026-08-13,158,N21,VIIRS,n,nominal,2.0NRT,1.27,N,VIIRS_NOAA21_NRT,True,304.42,292.46,0.53,0.42
51.57963,-3.72895,2026-08-13T01:58:00Z,2026-08-13,158,N21,VIIRS,n,nominal,2.0NRT,10.74,N,VIIRS_NOAA21_NRT,True,341.25,295.41,0.53,0.42
51.58041,-3.73687,2026-08-13T01:58:00Z,2026-08-13,158,N21,VIIRS,n,nominal,2.0NRT,10.74,N,VIIRS_NOAA21_NRT,True,311.18,293.89,0.53,0.42
51.63015,-3.15743,2026-08-13T01:58:00Z,2026-08-13,158,N21,VIIRS,n,nominal,2.0NRT,1.23,N,VIIRS_NOAA21_NRT,True,300.45,290.01,0.51,0.41
51.68251,-5.02701,2026-08-13T01:58:00Z,2026-08-13,158,N21,VIIRS,n,nominal,2.0NRT,1.57,N,VIIRS_NOAA21_NRT,True,302.75,292.09,0.4,0.44
51.68301,-5.03283,2026-08-13T01:58:00Z,2026-08-13,158,N21,VIIRS,n,nominal,2.0NRT,1.84,N,VIIRS_NOAA21_NRT,True,303.93,292.63,0.4,0.44
51.75006,-3.0514,2026-08-13T01:58:00Z,2026-08-13,158,N21,VIIRS,n,nominal,2.0NRT,5.56,N,VIIRS_NOAA21_NRT,True,304.3,289.72,0.5,0.41
51.7506,-3.05216,2026-08-13T01:58:00Z,2026-08-13,158,N21,VIIRS,n,nominal,2.0NRT,7.19,N,VIIRS_NOAA21_NRT,True,317.3,292.23,0.5,0.41
51.75377,-3.0502,2026-08-13T01:58:00Z,2026-08-13,158,N21,VIIRS,n,nominal,2.0NRT,5.56,N,VIIRS_NOAA21_NRT,True,332.75,295.65,0.5,0.41
51.75431,-3.05095,2026-08-13T01:58:00Z,2026-08-13,158,N21,VIIRS,n,nominal,2.0NRT,7.19,N,VIIRS_NOAA21_NRT,True,334.68,296.11,0.5,0.41
51.75457,-3.05782,2026-08-13T01:58:00Z,2026-08-13,158,N21,VIIRS,n,nominal,2.0NRT,10.89,N,VIIRS_NOAA21_NRT,True,327.66,293.78,0.5,0.41
51.75507,-3.0586,2026-08-13T01:58:00Z,2026-08-13,158,N21,VIIRS,n,nominal,2.0NRT,7.19,N,VIIRS_NOAA21_NRT,True,327.7,290.09,0.5,0.41
51.77562,-3.33853,2026-08-13T01:58:00Z,2026-08-13,158,N21,VIIRS,n,nominal,2.0NRT,2.81,N,VIIRS_NOAA21_NRT,True,309.03,290.71,0.52,0.41
51.81157,-3.201,2026-08-13T01:58:00Z,2026-08-13,158,N21,VIIRS,n,nominal,2.0NRT,1.52,N,VIIRS_NOAA21_NRT,True,298.6,288.07,0.51,0.41
51.81458,-3.19255,2026-08-13T01:58:00Z,2026-08-13,158,N21,VIIRS,n,nominal,2.0NRT,1.31,N,VIIRS_NOAA21_NRT,True,308.62,288.67,0.51,0.41
51.81531,-3.1999,2026-08-13T01:58:00Z,2026-08-13,158,N21,VIIRS,n,nominal,2.0NRT,1.52,N,VIIRS_NOAA21_NRT,True,315.8,290.92,0.51,0.41
51.81604,-3.20724,2026-08-13T01:58:00Z,2026-08-13,158,N21,VIIRS,n,nominal,2.0NRT,1.52,N,VIIRS_NOAA21_NRT,True,298.13,287.46,0.51,0.41
51.81757,-3.18401,2026-08-13T01:58:00Z,2026-08-13,158,N21,VIIRS,n,nominal,2.0NRT,1.14,N,VIIRS_NOAA21_NRT,True,303.65,288.71,0.51,0.41
51.81905,-3.19879,2026-08-13T01:58:00Z,2026-08-13,158,N21,VIIRS,n,nominal,2.0NRT,4.9,N,VIIRS_NOAA21_NRT,True,320.8,292.51,0.51,0.41
51.81979,-3.20609,2026-08-13T01:58:00Z,2026-08-13,158,N21,VIIRS,n,nominal,2.0NRT,4.9,N,VIIRS_NOAA21_NRT,True,342.56,300.15,0.51,0.41
51.82052,-3.21344,2026-08-13T01:58:00Z,2026-08-13,158,N21,VIIRS,n,nominal,2.0NRT,5.15,N,VIIRS_NOAA21_NRT,True,317.59,291.0,0.51,0.41
51.82131,-3.18284,2026-08-13T01:58:00Z,2026-08-13,158,N21,VIIRS,n,nominal,2.0NRT,1.14,N,VIIRS_NOAA21_NRT,True,298.86,288.34,0.51,0.41
51.82206,-3.1903,2026-08-13T01:58:00Z,2026-08-13,158,N21,VIIRS,n,nominal,2.0NRT,1.14,N,VIIRS_NOAA21_NRT,True,299.39,288.54,0.51,0.41
51.8228,-3.19769,2026-08-13T01:58:00Z,2026-08-13,158,N21,VIIRS,n,nominal,2.0NRT,4.9,N,VIIRS_NOAA21_NRT,True,300.2,288.3,0.51,0.41
51.82353,-3.20497,2026-08-13T01:58:00Z,2026-08-13,158,N21,VIIRS,n,nominal,2.0NRT,4.9,N,VIIRS_NOAA21_NRT,True,334.95,294.29,0.51,0.41
51.82427,-3.21234,2026-08-13T01:58:00Z,2026-08-13,158,N21,VIIRS,n,nominal,2.0NRT,5.15,N,VIIRS_NOAA21_NRT,True,333.07,294.48,0.51,0.41
51.8258,-3.18918,2026-08-13T01:58:00Z,2026-08-13,158,N21,VIIRS,n,nominal,2.0NRT,5.08,N,VIIRS_NOAA21_NRT,True,337.0,295.92,0.51,0.41
51.82654,-3.19656,2026-08-13T01:58:00Z,2026-08-13,158,N21,VIIRS,n,nominal,2.0NRT,5.64,N,VIIRS_NOAA21_NRT,True,300.15,289.03,0.51,0.41
51.82727,-3.20385,2026-08-13T01:58:00Z,2026-08-13,158,N21,VIIRS,n,nominal,2.0NRT,5.64,N,VIIRS_NOAA21_NRT,True,328.75,295.58,0.51,0.41
51.82801,-3.21125,2026-08-13T01:58:00Z,2026-08-13,158,N21,VIIRS,n,nominal,2.0NRT,6.73,N,VIIRS_NOAA21_NRT,True,321.06,293.31,0.51,0.41
51.82955,-3.18815,2026-08-13T01:58:00Z,2026-08-13,158,N21,VIIRS,n,nominal,2.0NRT,5.08,N,VIIRS_NOAA21_NRT,True,306.43,290.03,0.51,0.41
51.83103,-3.20282,2026-08-13T01:58:00Z,2026-08-13,158,N21,VIIRS,n,nominal,2.0NRT,5.64,N,VIIRS_NOAA21_NRT,True,346.69,301.61,0.51,0.41
51.83178,-3.21026,2026-08-13T01:58:00Z,2026-08-13,158,N21,VIIRS,n,nominal,2.0NRT,6.73,N,VIIRS_NOAA21_NRT,True,348.68,305.56,0.51,0.41
51.83252,-3.21768,2026-08-13T01:58:00Z,2026-08-13,158,N21,VIIRS,n,nominal,2.0NRT,6.73,N,VIIRS_NOAA21_NRT,True,311.85,290.7,0.51,0.41
51.83332,-3.18727,2026-08-13T01:58:00Z,2026-08-13,158,N21,VIIRS,n,nominal,2.0NRT,2.65,N,VIIRS_NOAA21_NRT,True,300.3,289.59,0.51,0.41
51.83405,-3.19454,2026-08-13T01:58:00Z,2026-08-13,158,N21,VIIRS,n,nominal,2.0NRT,16.91,N,VIIRS_NOAA21_NRT,True,307.58,289.67,0.51,0.41
51.83479,-3.20188,2026-08-13T01:58:00Z,2026-08-13,158,N21,VIIRS,n,nominal,2.0NRT,16.91,N,VIIRS_NOAA21_NRT,True,352.65,305.24,0.51,0.41
51.83553,-3.20929,2026-08-13T01:58:00Z,2026-08-13,158,N21,VIIRS,n,nominal,2.0NRT,13.44,N,VIIRS_NOAA21_NRT,True,350.14,304.97,0.51,0.41
51.83628,-3.21674,2026-08-13T01:58:00Z,2026-08-13,158,N21,VIIRS,n,nominal,2.0NRT,13.44,N,VIIRS_NOAA21_NRT,True,346.79,301.7,0.51,0.41
51.83711,-3.18663,2026-08-13T01:58:00Z,2026-08-13,158,N21,VIIRS,n,nominal,2.0NRT,2.65,N,VIIRS_NOAA21_NRT,True,319.16,292.43,0.51,0.41
51.83783,-3.19377,2026-08-13T01:58:00Z,2026-08-13,158,N21,VIIRS,h,high,2.0NRT,16.91,N,VIIRS_NOAA21_NRT,True,367.0,309.37,0.51,0.41
51.83857,-3.20108,2026-08-13T01:58:00Z,2026-08-13,158,N21,VIIRS,h,high,2.0NRT,16.91,N,VIIRS_NOAA21_NRT,True,367.0,311.67,0.51,0.41
51.83932,-3.2086,2026-08-13T01:58:00Z,2026-08-13,158,N21,VIIRS,n,nominal,2.0NRT,13.44,N,VIIRS_NOAA21_NRT,True,353.02,306.83,0.51,0.41
51.84007,-3.21601,2026-08-13T01:58:00Z,2026-08-13,158,N21,VIIRS,n,nominal,2.0NRT,13.44,N,VIIRS_NOAA21_NRT,True,346.16,300.62,0.51,0.41
51.84165,-3.19335,2026-08-13T01:58:00Z,2026-08-13,158,N21,VIIRS,n,nominal,2.0NRT,5.75,N,VIIRS_NOAA21_NRT,True,350.97,300.6,0.51,0.41
51.84239,-3.20073,2026-08-13T01:58:00Z,2026-08-13,158,N21,VIIRS,n,nominal,2.0NRT,5.75,N,VIIRS_NOAA21_NRT,True,327.63,296.0,0.51,0.41
51.84314,-3.20813,2026-08-13T01:58:00Z,2026-08-13,158,N21,VIIRS,n,nominal,2.0NRT,2.64,N,VIIRS_NOAA21_NRT,True,304.28,292.73,0.51,0.41
51.84546,-3.19292,2026-08-13T01:58:00Z,2026-08-13,158,N21,VIIRS,n,nominal,2.0NRT,5.75,N,VIIRS_NOAA21_NRT,True,335.53,293.4,0.51,0.41
51.84621,-3.20029,2026-08-13T01:58:00Z,2026-08-13,158,N21,VIIRS,n,nominal,2.0NRT,5.75,N,VIIRS_NOAA21_NRT,True,303.71,292.26,0.51,0.41
52.08302,-3.78209,2026-08-13T01:58:00Z,2026-08-13,158,N21,VIIRS,n,nominal,2.0NRT,3.98,N,VIIRS_NOAA21_NRT,True,301.7,291.21,0.54,0.42
52.08607,-3.77255,2026-08-13T01:58:00Z,2026-08-13,158,N21,VIIRS,n,nominal,2.0NRT,3.98,N,VIIRS_NOAA21_NRT,True,341.93,291.31,0.54,0.42
52.08684,-3.78073,2026-08-13T01:58:00Z,2026-08-13,158,N21,VIIRS,n,nominal,2.0NRT,3.98,N,VIIRS_NOAA21_NRT,True,313.31,289.55,0.54,0.42
52.08837,-3.79701,2026-08-13T01:58:00Z,2026-08-13,158,N21,VIIRS,n,nominal,2.0NRT,5.11,N,VIIRS_NOAA21_NRT,True,328.48,288.43,0.54,0.42
52.08989,-3.77118,2026-08-13T01:58:00Z,2026-08-13,158,N21,VIIRS,n,nominal,2.0NRT,12.68,N,VIIRS_NOAA21_NRT,True,352.36,294.88,0.54,0.42
52.09067,-3.77941,2026-08-13T01:58:00Z,2026-08-13,158,N21,VIIRS,n,nominal,2.0NRT,12.68,N,VIIRS_NOAA21_NRT,True,350.39,297.55,0.54,0.42
52.09145,-3.78777,2026-08-13T01:58:00Z,2026-08-13,158,N21,VIIRS,n,nominal,2.0NRT,22.96,N,VIIRS_NOAA21_NRT,True,347.41,306.82,0.54,0.42
52.09223,-3.79599,2026-08-13T01:58:00Z,2026-08-13,158,N21,VIIRS,n,nominal,2.0NRT,22.96,N,VIIRS_NOAA21_NRT,True,315.66,288.9,0.54,0.42
52.09371,-3.76986,2026-08-13T01:58:00Z,2026-08-13,158,N21,VIIRS,n,nominal,2.0NRT,12.68,N,VIIRS_NOAA21_NRT,True,301.87,289.56,0.54,0.42
52.0945,-3.77821,2026-08-13T01:58:00Z,2026-08-13,158,N21,VIIRS,n,nominal,2.0NRT,12.68,N,VIIRS_NOAA21_NRT,True,342.61,291.23,0.54,0.42
52.09528,-3.78652,2026-08-13T01:58:00Z,2026-08-13,158,N21,VIIRS,n,nominal,2.0NRT,22.96,N,VIIRS_NOAA21_NRT,True,329.64,290.19,0.54,0.42
52.09837,-3.77733,2026-08-13T01:58:00Z,2026-08-13,158,N21,VIIRS,n,nominal,2.0NRT,0.92,N,VIIRS_NOAA21_NRT,True,300.91,286.68,0.54,0.42
52.27471,-3.49451,2026-08-13T01:58:00Z,2026-08-13,158,N21,VIIRS,n,nominal,2.0NRT,5.44,N,VIIRS_NOAA21_NRT,True,309.59,290.07,0.53,0.42
52.27547,-3.50242,2026-08-13T01:58:00Z,2026-08-13,158,N21,VIIRS,n,nominal,2.0NRT,20.09,N,VIIRS_NOAA21_NRT,True,340.11,296.71,0.53,0.42
52.2785,-3.49319,2026-08-13T01:58:00Z,2026-08-13,158,N21,VIIRS,n,nominal,2.0NRT,2.63,N,VIIRS_NOAA21_NRT,True,312.11,292.18,0.53,0.42
52.27925,-3.50101,2026-08-13T01:58:00Z,2026-08-13,158,N21,VIIRS,n,nominal,2.0NRT,8.78,N,VIIRS_NOAA21_NRT,True,321.86,294.25,0.53,0.42
52.28006,-3.50948,2026-08-13T01:58:00Z,2026-08-13,158,N21,VIIRS,n,nominal,2.0NRT,8.78,N,VIIRS_NOAA21_NRT,True,337.9,294.19,0.53,0.42
52.2823,-3.49194,2026-08-13T01:58:00Z,2026-08-13,158,N21,VIIRS,n,nominal,2.0NRT,2.63,N,VIIRS_NOAA21_NRT,True,308.69,292.07,0.53,0.42
52.28307,-3.49997,2026-08-13T01:58:00Z,2026-08-13,158,N21,VIIRS,n,nominal,2.0NRT,8.78,N,VIIRS_NOAA21_NRT,True,325.88,296.32,0.53,0.42
52.28389,-3.50852,2026-08-13T01:58:00Z,2026-08-13,158,N21,VIIRS,n,nominal,2.0NRT,8.78,N,VIIRS_NOAA21_NRT,True,328.19,292.21,0.53,0.42
52.28537,-3.4832,2026-08-13T01:58:00Z,2026-08-13,158,N21,VIIRS,n,nominal,2.0NRT,3.22,N,VIIRS_NOAA21_NRT,True,308.8,291.0,0.53,0.42
52.2869,-3.4991,2026-08-13T01:58:00Z,2026-08-13,158,N21,VIIRS,n,nominal,2.0NRT,2.68,N,VIIRS_NOAA21_NRT,True,318.78,293.34,0.53,0.42
52.28772,-3.50761,2026-08-13T01:58:00Z,2026-08-13,158,N21,VIIRS,n,nominal,2.0NRT,2.68,N,VIIRS_NOAA21_NRT,True,313.49,288.44,0.53,0.42
52.29075,-3.49839,2026-08-13T01:58:00Z,2026-08-13,158,N21,VIIRS,n,nominal,2.0NRT,2.68,N,VIIRS_NOAA21_NRT,True,308.98,288.55,0.53,0.42
51.39642,-3.39247,2026-08-13T02:34:00Z,2026-08-13,234,N,VIIRS,n,nominal,2.0NRT,1.23,N,VIIRS_SNPP_NRT,True,311.54,289.48,0.38,0.36
51.57916,-3.72936,2026-08-13T02:34:00Z,2026-08-13,234,N,VIIRS,n,nominal,2.0NRT,7.17,N,VIIRS_SNPP_NRT,True,342.57,298.16,0.39,0.36
51.58001,-3.73484,2026-08-13T02:34:00Z,2026-08-13,234,N,VIIRS,n,nominal,2.0NRT,7.17,N,VIIRS_SNPP_NRT,True,325.18,295.71,0.39,0.36
51.58085,-3.74032,2026-08-13T02:34:00Z,2026-08-13,234,N,VIIRS,n,nominal,2.0NRT,0.9,N,VIIRS_SNPP_NRT,True,305.18,293.64,0.39,0.36
51.63052,-3.1563,2026-08-13T02:34:00Z,2026-08-13,234,N,VIIRS,n,nominal,2.0NRT,0.81,N,VIIRS_SNPP_NRT,True,303.77,289.88,0.38,0.36
51.63377,-3.15496,2026-08-13T02:34:00Z,2026-08-13,234,N,VIIRS,n,nominal,2.0NRT,0.51,N,VIIRS_SNPP_NRT,True,301.7,288.65,0.38,0.36
51.64457,-3.93045,2026-08-13T02:34:00Z,2026-08-13,234,N,VIIRS,n,nominal,2.0NRT,0.35,N,VIIRS_SNPP_NRT,True,298.51,288.48,0.39,0.36
51.68331,-5.02691,2026-08-13T02:34:00Z,2026-08-13,234,N,VIIRS,n,nominal,2.0NRT,1.43,N,VIIRS_SNPP_NRT,True,306.88,293.08,0.39,0.37
51.68411,-5.03258,2026-08-13T02:34:00Z,2026-08-13,234,N,VIIRS,n,nominal,2.0NRT,1.45,N,VIIRS_SNPP_NRT,True,304.16,292.36,0.4,0.37
51.71612,-3.39941,2026-08-13T02:34:00Z,2026-08-13,234,N,VIIRS,n,nominal,2.0NRT,1.35,N,VIIRS_SNPP_NRT,True,303.19,290.68,0.38,0.36
51.75059,-3.05262,2026-08-13T02:34:00Z,2026-08-13,234,N,VIIRS,n,nominal,2.0NRT,1.2,N,VIIRS_SNPP_NRT,True,310.04,289.49,0.38,0.36
51.75384,-3.05128,2026-08-13T02:34:00Z,2026-08-13,234,N,VIIRS,n,nominal,2.0NRT,8.69,N,VIIRS_SNPP_NRT,True,346.45,304.29,0.38,0.36
51.75471,-3.05675,2026-08-13T02:34:00Z,2026-08-13,234,N,VIIRS,n,nominal,2.0NRT,6.43,N,VIIRS_SNPP_NRT,True,328.75,293.83,0.38,0.36
51.77054,-3.37152,2026-08-13T02:34:00Z,2026-08-13,234,N,VIIRS,n,nominal,2.0NRT,0.54,N,VIIRS_SNPP_NRT,True,302.9,288.55,0.38,0.36
51.77189,-3.33601,2026-08-13T02:34:00Z,2026-08-13,234,N,VIIRS,n,nominal,2.0NRT,1.11,N,VIIRS_SNPP_NRT,True,304.13,289.09,0.38,0.36
51.77514,-3.33468,2026-08-13T02:34:00Z,2026-08-13,234,N,VIIRS,n,nominal,2.0NRT,1.11,N,VIIRS_SNPP_NRT,True,310.19,290.2,0.38,0.36
51.77599,-3.34015,2026-08-13T02:34:00Z,2026-08-13,234,N,VIIRS,n,nominal,2.0NRT,1.11,N,VIIRS_SNPP_NRT,True,305.95,289.8,0.38,0.36
51.77756,-3.33263,2026-08-13T02:34:00Z,2026-08-13,234,N,VIIRS,n,nominal,2.0NRT,0.38,N,VIIRS_SNPP_NRT,True,299.04,287.25,0.38,0.36
51.81234,-3.2019,2026-08-13T02:34:00Z,2026-08-13,234,N,VIIRS,n,nominal,2.0NRT,1.4,N,VIIRS_SNPP_NRT,True,297.13,286.08,0.38,0.36
51.81472,-3.19509,2026-08-13T02:34:00Z,2026-08-13,234,N,VIIRS,n,nominal,2.0NRT,1.4,N,VIIRS_SNPP_NRT,True,318.37,291.42,0.38,0.36
51.81559,-3.20056,2026-08-13T02:34:00Z,2026-08-13,234,N,VIIRS,n,nominal,2.0NRT,1.4,N,VIIRS_SNPP_NRT,True,317.41,290.3,0.38,0.36
51.81645,-3.20603,2026-08-13T02:34:00Z,2026-08-13,234,N,VIIRS,n,nominal,2.0NRT,0.81,N,VIIRS_SNPP_NRT,True,299.96,287.03,0.38,0.36
51.81797,-3.19375,2026-08-13T02:34:00Z,2026-08-13,234,N,VIIRS,n,nominal,2.0NRT,1.45,N,VIIRS_SNPP_NRT,True,299.1,288.36,0.38,0.36
51.81884,-3.19922,2026-08-13T02:34:00Z,2026-08-13,234,N,VIIRS,n,nominal,2.0NRT,1.45,N,VIIRS_SNPP_NRT,True,328.04,294.69,0.38,0.36
51.81949,-3.18146,2026-08-13T02:34:00Z,2026-08-13,234,N,VIIRS,n,nominal,2.0NRT,0.83,N,VIIRS_SNPP_NRT,True,299.2,287.11,0.38,0.36
51.8197,-3.20469,2026-08-13T02:34:00Z,2026-08-13,234,N,VIIRS,n,nominal,2.0NRT,5.34,N,VIIRS_SNPP_NRT,True,332.43,296.4,0.38,0.36
51.82035,-3.18694,2026-08-13T02:34:00Z,2026-08-13,234,N,VIIRS,n,nominal,2.0NRT,0.83,N,VIIRS_SNPP_NRT,True,299.8,287.51,0.38,0.36
51.82056,-3.21016,2026-08-13T02:34:00Z,2026-08-13,234,N,VIIRS,n,nominal,2.0NRT,5.34,N,VIIRS_SNPP_NRT,True,344.38,298.0,0.38,0.36
51.82208,-3.19788,2026-08-13T02:34:00Z,2026-08-13,234,N,VIIRS,n,nominal,2.0NRT,1.45,N,VIIRS_SNPP_NRT,True,298.92,287.79,0.38,0.36
51.82295,-3.20335,2026-08-13T02:34:00Z,2026-08-13,234,N,VIIRS,n,nominal,2.0NRT,5.34,N,VIIRS_SNPP_NRT,True,318.4,291.92,0.38,0.36
51.8236,-3.1856,2026-08-13T02:34:00Z,2026-08-13,234,N,VIIRS,n,nominal,2.0NRT,2.1,N,VIIRS_SNPP_NRT,True,298.1,287.61,0.38,0.36
51.82381,-3.20883,2026-08-13T02:34:00Z,2026-08-13,234,N,VIIRS,n,nominal,2.0NRT,5.34,N,VIIRS_SNPP_NRT,True,355.96,302.7,0.38,0.36
51.82447,-3.19107,2026-08-13T02:34:00Z,2026-08-13,234,N,VIIRS,n,nominal,2.0NRT,1.84,N,VIIRS_SNPP_NRT,True,310.21,290.28,0.38,0.36
51.82468,-3.2143,2026-08-13T02:34:00Z,2026-08-13,234,N,VIIRS,n,nominal,2.0NRT,2.13,N,VIIRS_SNPP_NRT,True,310.81,288.32,0.38,0.36
51.82533,-3.19654,2026-08-13T02:34:00Z,2026-08-13,234,N,VIIRS,n,nominal,2.0NRT,1.84,N,VIIRS_SNPP_NRT,True,300.88,288.8,0.38,0.36
51.82619,-3.20202,2026-08-13T02:34:00Z,2026-08-13,234,N,VIIRS,n,nominal,2.0NRT,4.02,N,VIIRS_SNPP_NRT,True,316.27,292.29,0.38,0.36
51.82685,-3.18426,2026-08-13T02:34:00Z,2026-08-13,234,N,VIIRS,n,nominal,2.0NRT,2.1,N,VIIRS_SNPP_NRT,True,330.38,294.9,0.38,0.36
51.82706,-3.20749,2026-08-13T02:34:00Z,2026-08-13,234,N,VIIRS,n,nominal,2.0NRT,4.02,N,VIIRS_SNPP_NRT,True,345.59,299.24,0.38,0.36
51.82771,-3.18973,2026-08-13T02:34:00Z,2026-08-13,234,N,VIIRS,n,nominal,2.0NRT,1.84,N,VIIRS_SNPP_NRT,True,321.01,291.83,0.38,0.36
51.82792,-3.21296,2026-08-13T02:34:00Z,2026-08-13,234,N,VIIRS,n,nominal,2.0NRT,4.7,N,VIIRS_SNPP_NRT,True,315.13,290.48,0.38,0.36
51.82944,-3.20068,2026-08-13T02:34:00Z,2026-08-13,234,N,VIIRS,n,nominal,2.0NRT,4.02,N,VIIRS_SNPP_NRT,True,333.85,296.57,0.38,0.36
51.8303,-3.20615,2026-08-13T02:34:00Z,2026-08-13,234,N,VIIRS,n,nominal,2.0NRT,4.02,N,VIIRS_SNPP_NRT,True,337.2,299.49,0.38,0.36
51.83117,-3.21163,2026-08-13T02:34:00Z,2026-08-13,234,N,VIIRS,n,nominal,2.0NRT,4.7,N,VIIRS_SNPP_NRT,True,351.0,300.55,0.38,0.36
51.83269,-3.19934,2026-08-13T02:34:00Z,2026-08-13,234,N,VIIRS,n,nominal,2.0NRT,11.17,N,VIIRS_SNPP_NRT,True,328.11,295.02,0.38,0.36
51.83355,-3.20482,2026-08-13T02:34:00Z,2026-08-13,234,N,VIIRS,h,high,2.0NRT,11.17,N,VIIRS_SNPP_NRT,True,367.0,312.61,0.38,0.36
51.83421,-3.18706,2026-08-13T02:34:00Z,2026-08-13,234,N,VIIRS,n,nominal,2.0NRT,0.87,N,VIIRS_SNPP_NRT,True,299.53,288.96,0.38,0.36
51.83442,-3.2103,2026-08-13T02:34:00Z,2026-08-13,234,N,VIIRS,n,nominal,2.0NRT,12.14,N,VIIRS_SNPP_NRT,True,355.22,309.44,0.38,0.36
51.83507,-3.19254,2026-08-13T02:34:00Z,2026-08-13,234,N,VIIRS,n,nominal,2.0NRT,0.87,N,VIIRS_SNPP_NRT,True,305.88,289.05,0.38,0.36
51.83528,-3.21577,2026-08-13T02:34:00Z,2026-08-13,234,N,VIIRS,n,nominal,2.0NRT,12.14,N,VIIRS_SNPP_NRT,True,343.65,295.4,0.38,0.36
51.83594,-3.19801,2026-08-13T02:34:00Z,2026-08-13,234,N,VIIRS,n,nominal,2.0NRT,11.17,N,VIIRS_SNPP_NRT,True,348.34,300.19,0.38,0.36
51.8368,-3.20349,2026-08-13T02:34:00Z,2026-08-13,234,N,VIIRS,h,high,2.0NRT,11.17,N,VIIRS_SNPP_NRT,True,367.0,309.29,0.38,0.36
51.83746,-3.18574,2026-08-13T02:34:00Z,2026-08-13,234,N,VIIRS,n,nominal,2.0NRT,7.19,N,VIIRS_SNPP_NRT,True,302.71,291.35,0.38,0.36
51.83767,-3.20896,2026-08-13T02:34:00Z,2026-08-13,234,N,VIIRS,n,nominal,2.0NRT,12.14,N,VIIRS_SNPP_NRT,True,347.91,304.29,0.38,0.36
51.83832,-3.19121,2026-08-13T02:34:00Z,2026-08-13,234,N,VIIRS,n,nominal,2.0NRT,7.19,N,VIIRS_SNPP_NRT,True,354.78,306.32,0.38,0.36
51.83853,-3.21444,2026-08-13T02:34:00Z,2026-08-13,234,N,VIIRS,n,nominal,2.0NRT,12.14,N,VIIRS_SNPP_NRT,True,356.88,314.12,0.38,0.36
51.83919,-3.19668,2026-08-13T02:34:00Z,2026-08-13,234,N,VIIRS,h,high,2.0NRT,8.79,N,VIIRS_SNPP_NRT,True,367.0,312.18,0.38,0.36
51.83939,-3.21992,2026-08-13T02:34:00Z,2026-08-13,234,N,VIIRS,n,nominal,2.0NRT,3.41,N,VIIRS_SNPP_NRT,True,317.67,290.68,0.38,0.36
51.84005,-3.20216,2026-08-13T02:34:00Z,2026-08-13,234,N,VIIRS,n,nominal,2.0NRT,8.79,N,VIIRS_SNPP_NRT,True,351.06,307.99,0.38,0.36
51.84092,-3.20764,2026-08-13T02:34:00Z,2026-08-13,234,N,VIIRS,n,nominal,2.0NRT,5.41,N,VIIRS_SNPP_NRT,True,347.58,306.21,0.38,0.36
51.84158,-3.18989,2026-08-13T02:34:00Z,2026-08-13,234,N,VIIRS,n,nominal,2.0NRT,7.19,N,VIIRS_SNPP_NRT,True,329.92,296.96,0.38,0.36
51.84178,-3.21312,2026-08-13T02:34:00Z,2026-08-13,234,N,VIIRS,n,nominal,2.0NRT,5.41,N,VIIRS_SNPP_NRT,True,332.76,299.38,0.38,0.36
51.84244,-3.19536,2026-08-13T02:34:00Z,2026-08-13,234,N,VIIRS,n,nominal,2.0NRT,8.79,N,VIIRS_SNPP_NRT,True,343.62,300.76,0.38,0.36
51.84264,-3.21859,2026-08-13T02:34:00Z,2026-08-13,234,N,VIIRS,n,nominal,2.0NRT,1.18,N,VIIRS_SNPP_NRT,True,303.98,290.73,0.38,0.36
51.8433,-3.20084,2026-08-13T02:34:00Z,2026-08-13,234,N,VIIRS,n,nominal,2.0NRT,8.79,N,VIIRS_SNPP_NRT,True,327.04,295.81,0.38,0.36
51.84483,-3.18856,2026-08-13T02:34:00Z,2026-08-13,234,N,VIIRS,n,nominal,2.0NRT,3.88,N,VIIRS_SNPP_NRT,True,339.1,294.37,0.38,0.36
51.84569,-3.19404,2026-08-13T02:34:00Z,2026-08-13,234,N,VIIRS,n,nominal,2.0NRT,2.11,N,VIIRS_SNPP_NRT,True,327.6,296.99,0.38,0.36
51.84655,-3.19952,2026-08-13T02:34:00Z,2026-08-13,234,N,VIIRS,n,nominal,2.0NRT,2.11,N,VIIRS_SNPP_NRT,True,304.48,292.63,0.38,0.36
52.08291,-3.78041,2026-08-13T02:34:00Z,2026-08-13,234,N,VIIRS,n,nominal,2.0NRT,1.14,N,VIIRS_SNPP_NRT,True,303.51,291.36,0.39,0.36
52.08375,-3.78599,2026-08-13T02:34:00Z,2026-08-13,234,N,VIIRS,n,nominal,2.0NRT,0.4,N,VIIRS_SNPP_NRT,True,299.19,288.53,0.39,0.36
52.08533,-3.77349,2026-08-13T02:34:00Z,2026-08-13,234,N,VIIRS,n,nominal,2.0NRT,3.9,N,VIIRS_SNPP_NRT,True,310.15,291.94,0.39,0.36
52.08617,-3.77907,2026-08-13T02:34:00Z,2026-08-13,234,N,VIIRS,n,nominal,2.0NRT,3.9,N,VIIRS_SNPP_NRT,True,310.98,290.6,0.39,0.36
52.08701,-3.78465,2026-08-13T02:34:00Z,2026-08-13,234,N,VIIRS,n,nominal,2.0NRT,15.89,N,VIIRS_SNPP_NRT,True,319.75,288.87,0.39,0.36
52.08774,-3.76653,2026-08-13T02:34:00Z,2026-08-13,234,N,VIIRS,n,nominal,2.0NRT,2.63,N,VIIRS_SNPP_NRT,True,317.69,289.97,0.39,0.36
52.08858,-3.77215,2026-08-13T02:34:00Z,2026-08-13,234,N,VIIRS,n,nominal,2.0NRT,3.9,N,VIIRS_SNPP_NRT,True,337.32,294.91,0.39,0.36
52.0887,-3.7958,2026-08-13T02:34:00Z,2026-08-13,234,N,VIIRS,n,nominal,2.0NRT,3.99,N,VIIRS_SNPP_NRT,True,331.23,288.91,0.39,0.36
52.08943,-3.77772,2026-08-13T02:34:00Z,2026-08-13,234,N,VIIRS,n,nominal,2.0NRT,3.9,N,VIIRS_SNPP_NRT,True,341.01,295.36,0.39,0.36
52.09027,-3.78331,2026-08-13T02:34:00Z,2026-08-13,234,N,VIIRS,n,nominal,2.0NRT,15.89,N,VIIRS_SNPP_NRT,True,339.69,289.5,0.39,0.36
52.09111,-3.7889,2026-08-13T02:34:00Z,2026-08-13,234,N,VIIRS,n,nominal,2.0NRT,15.89,N,VIIRS_SNPP_NRT,True,352.41,301.27,0.39,0.36
52.09184,-3.7708,2026-08-13T02:34:00Z,2026-08-13,234,N,VIIRS,n,nominal,2.0NRT,6.33,N,VIIRS_SNPP_NRT,True,332.37,292.23,0.39,0.36
52.09196,-3.79449,2026-08-13T02:34:00Z,2026-08-13,234,N,VIIRS,n,nominal,2.0NRT,3.99,N,VIIRS_SNPP_NRT,True,332.67,291.52,0.39,0.36
52.09269,-3.77638,2026-08-13T02:34:00Z,2026-08-13,234,N,VIIRS,n,nominal,2.0NRT,6.33,N,VIIRS_SNPP_NRT,True,348.41,299.17,0.39,0.36
52.09353,-3.78197,2026-08-13T02:34:00Z,2026-08-13,234,N,VIIRS,n,nominal,2.0NRT,9.03,N,VIIRS_SNPP_NRT,True,352.52,301.3,0.39,0.36
52.09438,-3.78756,2026-08-13T02:34:00Z,2026-08-13,234,N,VIIRS,n,nominal,2.0NRT,9.03,N,VIIRS_SNPP_NRT,True,340.58,301.54,0.39,0.36
52.09522,-3.79316,2026-08-13T02:34:00Z,2026-08-13,234,N,VIIRS,n,nominal,2.0NRT,0.76,N,VIIRS_SNPP_NRT,True,299.65,289.09,0.39,0.36
52.09595,-3.77506,2026-08-13T02:34:00Z,2026-08-13,234,N,VIIRS,n,nominal,2.0NRT,6.33,N,VIIRS_SNPP_NRT,True,341.07,290.78,0.39,0.36
52.09679,-3.78065,2026-08-13T02:34:00Z,2026-08-13,234,N,VIIRS,n,nominal,2.0NRT,9.03,N,VIIRS_SNPP_NRT,True,325.08,289.24,0.39,0.36
52.09764,-3.78625,2026-08-13T02:34:00Z,2026-08-13,234,N,VIIRS,n,nominal,2.0NRT,9.03,N,VIIRS_SNPP_NRT,True,297.85,287.2,0.39,0.36
52.10006,-3.77938,2026-08-13T02:34:00Z,2026-08-13,234,N,VIIRS,n,nominal,2.0NRT,0.36,N,VIIRS_SNPP_NRT,True,298.66,286.51,0.39,0.36
52.27583,-3.49427,2026-08-13T02:34:00Z,2026-08-13,234,N,VIIRS,n,nominal,2.0NRT,4.62,N,VIIRS_SNPP_NRT,True,320.57,290.95,0.39,0.36
52.27668,-3.49982,2026-08-13T02:34:00Z,2026-08-13,234,N,VIIRS,n,nominal,2.0NRT,4.62,N,VIIRS_SNPP_NRT,True,348.85,300.21,0.39,0.36
52.27908,-3.49291,2026-08-13T02:34:00Z,2026-08-13,234,N,VIIRS,n,nominal,2.0NRT,4.62,N,VIIRS_SNPP_NRT,True,315.91,293.05,0.39,0.36
52.27993,-3.49846,2026-08-13T02:34:00Z,2026-08-13,234,N,VIIRS,n,nominal,2.0NRT,4.62,N,VIIRS_SNPP_NRT,True,325.74,296.43,0.39,0.36
52.28078,-3.50406,2026-08-13T02:34:00Z,2026-08-13,234,N,VIIRS,n,nominal,2.0NRT,9.15,N,VIIRS_SNPP_NRT,True,333.79,295.99,0.39,0.36
52.28164,-3.50968,2026-08-13T02:34:00Z,2026-08-13,234,N,VIIRS,n,nominal,2.0NRT,9.15,N,VIIRS_SNPP_NRT,True,329.77,293.8,0.39,0.36
52.28234,-3.49156,2026-08-13T02:34:00Z,2026-08-13,234,N,VIIRS,n,nominal,2.0NRT,1.8,N,VIIRS_SNPP_NRT,True,312.37,292.43,0.39,0.36
52.28318,-3.49713,2026-08-13T02:34:00Z,2026-08-13,234,N,VIIRS,n,nominal,2.0NRT,1.8,N,VIIRS_SNPP_NRT,True,323.86,295.77,0.39,0.36
52.28405,-3.50274,2026-08-13T02:34:00Z,2026-08-13,234,N,VIIRS,n,nominal,2.0NRT,6.32,N,VIIRS_SNPP_NRT,True,344.09,300.64,0.39,0.36
52.28474,-3.48467,2026-08-13T02:34:00Z,2026-08-13,234,N,VIIRS,n,nominal,2.0NRT,2.11,N,VIIRS_SNPP_NRT,True,315.5,293.58,0.39,0.36
52.2849,-3.50835,2026-08-13T02:34:00Z,2026-08-13,234,N,VIIRS,n,nominal,2.0NRT,6.32,N,VIIRS_SNPP_NRT,True,313.17,287.19,0.39,0.36
52.28559,-3.49021,2026-08-13T02:34:00Z,2026-08-13,234,N,VIIRS,n,nominal,2.0NRT,1.8,N,VIIRS_SNPP_NRT,True,302.22,289.83,0.39,0.36
52.28645,-3.4958,2026-08-13T02:34:00Z,2026-08-13,234,N,VIIRS,n,nominal,2.0NRT,1.8,N,VIIRS_SNPP_NRT,True,320.51,294.57,0.39,0.36
52.2873,-3.50141,2026-08-13T02:34:00Z,2026-08-13,234,N,VIIRS,n,nominal,2.0NRT,6.32,N,VIIRS_SNPP_NRT,True,338.68,296.48,0.39,0.36
52.28816,-3.50702,2026-08-13T02:34:00Z,2026-08-13,234,N,VIIRS,n,nominal,2.0NRT,6.32,N,VIIRS_SNPP_NRT,True,314.06,286.97,0.39,0.36
52.29057,-3.5001,2026-08-13T02:34:00Z,2026-08-13,234,N,VIIRS,n,nominal,2.0NRT,1.82,N,VIIRS_SNPP_NRT,True,328.72,291.23,0.39,0.36
52.29382,-3.4988,2026-08-13T02:34:00Z,2026-08-13,234,N,VIIRS,n,nominal,2.0NRT,1.82,N,VIIRS_SNPP_NRT,True,304.61,287.72,0.39,0.36
51.39867,-3.39252,2026-08-13T02:51:00Z,2026-08-13,251,N20,VIIRS,n,nominal,2.0NRT,0.44,N,VIIRS_NOAA20_NRT,True,296.6,286.08,0.5,0.41
51.57784,-3.73265,2026-08-13T02:51:00Z,2026-08-13,251,N20,VIIRS,n,nominal,2.0NRT,4.86,N,VIIRS_NOAA20_NRT,True,304.63,291.43,0.48,0.4
51.57849,-3.73276,2026-08-13T02:51:00Z,2026-08-13,251,N20,VIIRS,n,nominal,2.0NRT,2.98,N,VIIRS_NOAA20_NRT,True,336.71,293.96,0.48,0.4
51.57924,-3.73918,2026-08-13T02:51:00Z,2026-08-13,251,N20,VIIRS,n,nominal,2.0NRT,1.9,N,VIIRS_NOAA20_NRT,True,306.71,293.48,0.48,0.4
51.57987,-3.7393,2026-08-13T02:51:00Z,2026-08-13,251,N20,VIIRS,n,nominal,2.0NRT,2.98,N,VIIRS_NOAA20_NRT,True,308.09,293.82,0.48,0.4
51.5814,-3.73093,2026-08-13T02:51:00Z,2026-08-13,251,N20,VIIRS,n,nominal,2.0NRT,4.86,N,VIIRS_NOAA20_NRT,True,345.68,295.24,0.48,0.4
51.58204,-3.73103,2026-08-13T02:51:00Z,2026-08-13,251,N20,VIIRS,n,nominal,2.0NRT,3.85,N,VIIRS_NOAA20_NRT,True,330.04,293.6,0.48,0.4
51.63387,-3.15665,2026-08-13T02:51:00Z,2026-08-13,251,N20,VIIRS,n,nominal,2.0NRT,0.95,N,VIIRS_NOAA20_NRT,True,304.28,288.76,0.5,0.41
51.68587,-5.02839,2026-08-13T02:51:00Z,2026-08-13,251,N20,VIIRS,n,nominal,2.0NRT,2.05,N,VIIRS_NOAA20_NRT,True,306.58,293.51,0.44,0.39
51.75264,-3.0522,2026-08-13T02:51:00Z,2026-08-13,251,N20,VIIRS,n,nominal,2.0NRT,7.13,N,VIIRS_NOAA20_NRT,True,338.0,295.06,0.5,0.41
51.75626,-3.05037,2026-08-13T02:51:00Z,2026-08-13,251,N20,VIIRS,n,nominal,2.0NRT,7.13,N,VIIRS_NOAA20_NRT,True,335.08,295.22,0.5,0.41
51.77028,-3.3732,2026-08-13T02:51:00Z,2026-08-13,251,N20,VIIRS,n,nominal,2.0NRT,0.76,N,VIIRS_NOAA20_NRT,True,298.13,287.42,0.49,0.4
51.77371,-3.33399,2026-08-13T02:51:00Z,2026-08-13,251,N20,VIIRS,n,nominal,2.0NRT,1.14,N,VIIRS_NOAA20_NRT,True,303.86,289.35,0.49,0.4
51.77518,-3.34079,2026-08-13T02:51:00Z,2026-08-13,251,N20,VIIRS,n,nominal,2.0NRT,1.14,N,VIIRS_NOAA20_NRT,True,302.78,289.25,0.49,0.4
51.77728,-3.33215,2026-08-13T02:51:00Z,2026-08-13,251,N20,VIIRS,n,nominal,2.0NRT,1.14,N,VIIRS_NOAA20_NRT,True,297.56,287.18,0.49,0.4
51.81352,-3.19723,2026-08-13T02:51:00Z,2026-08-13,251,N20,VIIRS,n,nominal,2.0NRT,1.13,N,VIIRS_NOAA20_NRT,True,309.44,289.87,0.5,0.41
51.81503,-3.20414,2026-08-13T02:51:00Z,2026-08-13,251,N20,VIIRS,n,nominal,2.0NRT,1.13,N,VIIRS_NOAA20_NRT,True,295.98,285.94,0.5,0.41
51.81709,-3.19534,2026-08-13T02:51:00Z,2026-08-13,251,N20,VIIRS,n,nominal,2.0NRT,2.72,N,VIIRS_NOAA20_NRT,True,311.19,290.39,0.5,0.41
51.81861,-3.20227,2026-08-13T02:51:00Z,2026-08-13,251,N20,VIIRS,n,nominal,2.0NRT,2.72,N,VIIRS_NOAA20_NRT,True,323.25,292.48,0.5,0.41
51.81918,-3.18661,2026-08-13T02:51:00Z,2026-08-13,251,N20,VIIRS,n,nominal,2.0NRT,0.93,N,VIIRS_NOAA20_NRT,True,303.99,288.06,0.5,0.41
51.82012,-3.20923,2026-08-13T02:51:00Z,2026-08-13,251,N20,VIIRS,n,nominal,2.0NRT,5.73,N,VIIRS_NOAA20_NRT,True,333.67,294.49,0.5,0.41
51.82218,-3.20039,2026-08-13T02:51:00Z,2026-08-13,251,N20,VIIRS,n,nominal,2.0NRT,2.72,N,VIIRS_NOAA20_NRT,True,308.59,289.58,0.5,0.41
51.82276,-3.18476,2026-08-13T02:51:00Z,2026-08-13,251,N20,VIIRS,n,nominal,2.0NRT,1.81,N,VIIRS_NOAA20_NRT,True,299.95,287.37,0.5,0.41
51.8237,-3.20734,2026-08-13T02:51:00Z,2026-08-13,251,N20,VIIRS,n,nominal,2.0NRT,5.73,N,VIIRS_NOAA20_NRT,True,349.77,300.54,0.5,0.41
51.82425,-3.1916,2026-08-13T02:51:00Z,2026-08-13,251,N20,VIIRS,n,nominal,2.0NRT,2.5,N,VIIRS_NOAA20_NRT,True,305.38,289.24,0.5,0.41
51.8252,-3.21421,2026-08-13T02:51:00Z,2026-08-13,251,N20,VIIRS,n,nominal,2.0NRT,5.73,N,VIIRS_NOAA20_NRT,True,313.91,288.15,0.5,0.41
51.82576,-3.19851,2026-08-13T02:51:00Z,2026-08-13,251,N20,VIIRS,n,nominal,2.0NRT,2.5,N,VIIRS_NOAA20_NRT,True,298.54,287.72,0.5,0.41
51.82633,-3.18286,2026-08-13T02:51:00Z,2026-08-13,251,N20,VIIRS,n,nominal,2.0NRT,1.81,N,VIIRS_NOAA20_NRT,True,317.57,290.98,0.5,0.41
51.82727,-3.20547,2026-08-13T02:51:00Z,2026-08-13,251,N20,VIIRS,n,nominal,2.0NRT,6.49,N,VIIRS_NOAA20_NRT,True,340.88,297.49,0.5,0.41
51.82783,-3.18973,2026-08-13T02:51:00Z,2026-08-13,251,N20,VIIRS,n,nominal,2.0NRT,2.5,N,VIIRS_NOAA20_NRT,True,327.36,291.23,0.5,0.41
51.82876,-3.21231,2026-08-13T02:51:00Z,2026-08-13,251,N20,VIIRS,n,nominal,2.0NRT,6.49,N,VIIRS_NOAA20_NRT,True,316.24,290.85,0.5,0.41
51.83083,-3.20352,2026-08-13T02:51:00Z,2026-08-13,251,N20,VIIRS,n,nominal,2.0NRT,6.49,N,VIIRS_NOAA20_NRT,True,340.17,300.66,0.5,0.41
51.83137,-3.1877,2026-08-13T02:51:00Z,2026-08-13,251,N20,VIIRS,n,nominal,2.0NRT,3.25,N,VIIRS_NOAA20_NRT,True,300.41,288.17,0.5,0.41
51.83231,-3.21033,2026-08-13T02:51:00Z,2026-08-13,251,N20,VIIRS,n,nominal,2.0NRT,6.49,N,VIIRS_NOAA20_NRT,True,346.43,302.63,0.5,0.41
51.8338,-3.21715,2026-08-13T02:51:00Z,2026-08-13,251,N20,VIIRS,n,nominal,2.0NRT,2.76,N,VIIRS_NOAA20_NRT,True,311.08,288.69,0.5,0.41
51.83437,-3.2015,2026-08-13T02:51:00Z,2026-08-13,251,N20,VIIRS,n,nominal,2.0NRT,13.29,N,VIIRS_NOAA20_NRT,True,346.52,305.42,0.5,0.41
51.83586,-3.20833,2026-08-13T02:51:00Z,2026-08-13,251,N20,VIIRS,n,nominal,2.0NRT,13.29,N,VIIRS_NOAA20_NRT,True,349.3,305.05,0.5,0.41
51.8364,-3.19248,2026-08-13T02:51:00Z,2026-08-13,251,N20,VIIRS,n,nominal,2.0NRT,3.25,N,VIIRS_NOAA20_NRT,True,322.14,291.19,0.5,0.41
51.83733,-3.21507,2026-08-13T02:51:00Z,2026-08-13,251,N20,VIIRS,n,nominal,2.0NRT,8.18,N,VIIRS_NOAA20_NRT,True,355.32,304.17,0.5,0.41
51.83789,-3.19939,2026-08-13T02:51:00Z,2026-08-13,251,N20,VIIRS,h,high,2.0NRT,13.29,N,VIIRS_NOAA20_NRT,True,367.0,309.07,0.5,0.41
51.83881,-3.22193,2026-08-13T02:51:00Z,2026-08-13,251,N20,VIIRS,n,nominal,2.0NRT,8.18,N,VIIRS_NOAA20_NRT,True,300.84,287.32,0.5,0.41
51.83935,-3.20608,2026-08-13T02:51:00Z,2026-08-13,251,N20,VIIRS,n,nominal,2.0NRT,13.29,N,VIIRS_NOAA20_NRT,True,350.41,306.71,0.5,0.41
51.83986,-3.19011,2026-08-13T02:51:00Z,2026-08-13,251,N20,VIIRS,n,nominal,2.0NRT,9.36,N,VIIRS_NOAA20_NRT,True,349.12,305.69,0.5,0.41
51.84081,-3.21281,2026-08-13T02:51:00Z,2026-08-13,251,N20,VIIRS,n,nominal,2.0NRT,8.18,N,VIIRS_NOAA20_NRT,True,355.54,306.56,0.5,0.41
51.84134,-3.19691,2026-08-13T02:51:00Z,2026-08-13,251,N20,VIIRS,n,nominal,2.0NRT,5.78,N,VIIRS_NOAA20_NRT,True,348.46,301.82,0.5,0.41
51.84229,-3.21965,2026-08-13T02:51:00Z,2026-08-13,251,N20,VIIRS,n,nominal,2.0NRT,8.18,N,VIIRS_NOAA20_NRT,True,307.42,289.47,0.5,0.41
51.8428,-3.20362,2026-08-13T02:51:00Z,2026-08-13,251,N20,VIIRS,n,nominal,2.0NRT,5.78,N,VIIRS_NOAA20_NRT,True,332.03,297.49,0.5,0.41
51.84327,-3.18749,2026-08-13T02:51:00Z,2026-08-13,251,N20,VIIRS,n,nominal,2.0NRT,9.36,N,VIIRS_NOAA20_NRT,True,323.41,292.3,0.5,0.41
51.84477,-3.1944,2026-08-13T02:51:00Z,2026-08-13,251,N20,VIIRS,n,nominal,2.0NRT,5.78,N,VIIRS_NOAA20_NRT,True,338.67,298.68,0.5,0.41
51.84624,-3.20118,2026-08-13T02:51:00Z,2026-08-13,251,N20,VIIRS,n,nominal,2.0NRT,5.78,N,VIIRS_NOAA20_NRT,True,311.18,292.75,0.5,0.41
52.0833,-3.78038,2026-08-13T02:51:00Z,2026-08-13,251,N20,VIIRS,n,nominal,2.0NRT,1.06,N,VIIRS_NOAA20_NRT,True,302.53,290.84,0.47,0.4
52.08548,-3.7723,2026-08-13T02:51:00Z,2026-08-13,251,N20,VIIRS,n,nominal,2.0NRT,3.37,N,VIIRS_NOAA20_NRT,True,306.58,291.38,0.47,0.4
52.08683,-3.77875,2026-08-13T02:51:00Z,2026-08-13,251,N20,VIIRS,n,nominal,2.0NRT,3.37,N,VIIRS_NOAA20_NRT,True,306.04,290.48,0.47,0.4
52.08817,-3.78511,2026-08-13T02:51:00Z,2026-08-13,251,N20,VIIRS,n,nominal,2.0NRT,19.96,N,VIIRS_NOAA20_NRT,True,318.33,288.34,0.47,0.4
52.08902,-3.7707,2026-08-13T02:51:00Z,2026-08-13,251,N20,VIIRS,n,nominal,2.0NRT,3.37,N,VIIRS_NOAA20_NRT,True,326.6,292.38,0.47,0.4
52.08951,-3.79149,2026-08-13T02:51:00Z,2026-08-13,251,N20,VIIRS,n,nominal,2.0NRT,19.96,N,VIIRS_NOAA20_NRT,True,320.6,298.1,0.47,0.4
52.09036,-3.77708,2026-08-13T02:51:00Z,2026-08-13,251,N20,VIIRS,n,nominal,2.0NRT,3.37,N,VIIRS_NOAA20_NRT,True,337.69,295.03,0.47,0.4
52.09088,-3.79799,2026-08-13T02:51:00Z,2026-08-13,251,N20,VIIRS,n,nominal,2.0NRT,16.64,N,VIIRS_NOAA20_NRT,True,337.32,289.04,0.47,0.4
52.0917,-3.78344,2026-08-13T02:51:00Z,2026-08-13,251,N20,VIIRS,n,nominal,2.0NRT,19.96,N,VIIRS_NOAA20_NRT,True,336.42,300.61,0.47,0.4
52.09255,-3.76904,2026-08-13T02:51:00Z,2026-08-13,251,N20,VIIRS,n,nominal,2.0NRT,6.13,N,VIIRS_NOAA20_NRT,True,304.12,290.04,0.47,0.4
52.09303,-3.78976,2026-08-13T02:51:00Z,2026-08-13,251,N20,VIIRS,n,nominal,2.0NRT,19.96,N,VIIRS_NOAA20_NRT,True,347.67,295.77,0.47,0.4
52.09389,-3.77538,2026-08-13T02:51:00Z,2026-08-13,251,N20,VIIRS,n,nominal,2.0NRT,6.13,N,VIIRS_NOAA20_NRT,True,351.98,296.55,0.47,0.4
52.09521,-3.78172,2026-08-13T02:51:00Z,2026-08-13,251,N20,VIIRS,n,nominal,2.0NRT,4.51,N,VIIRS_NOAA20_NRT,True,340.37,293.01,0.47,0.4
52.09654,-3.78802,2026-08-13T02:51:00Z,2026-08-13,251,N20,VIIRS,n,nominal,2.0NRT,4.51,N,VIIRS_NOAA20_NRT,True,303.04,288.27,0.47,0.4
52.09737,-3.77352,2026-08-13T02:51:00Z,2026-08-13,251,N20,VIIRS,n,nominal,2.0NRT,6.13,N,VIIRS_NOAA20_NRT,True,322.06,288.77,0.47,0.4
52.09868,-3.77975,2026-08-13T02:51:00Z,2026-08-13,251,N20,VIIRS,n,nominal,2.0NRT,4.51,N,VIIRS_NOAA20_NRT,True,322.51,288.49,0.47,0.4
52.2768,-3.49625,2026-08-13T02:51:00Z,2026-08-13,251,N20,VIIRS,n,nominal,2.0NRT,4.38,N,VIIRS_NOAA20_NRT,True,334.92,295.24,0.48,0.4
52.27816,-3.5027,2026-08-13T02:51:00Z,2026-08-13,251,N20,VIIRS,n,nominal,2.0NRT,6.28,N,VIIRS_NOAA20_NRT,True,326.24,288.62,0.48,0.4
52.27949,-3.50901,2026-08-13T02:51:00Z,2026-08-13,251,N20,VIIRS,n,nominal,2.0NRT,6.28,N,VIIRS_NOAA20_NRT,True,315.92,286.7,0.48,0.4
52.28031,-3.49442,2026-08-13T02:51:00Z,2026-08-13,251,N20,VIIRS,n,nominal,2.0NRT,4.38,N,VIIRS_NOAA20_NRT,True,319.28,294.57,0.48,0.4
52.28168,-3.50093,2026-08-13T02:51:00Z,2026-08-13,251,N20,VIIRS,n,nominal,2.0NRT,6.28,N,VIIRS_NOAA20_NRT,True,321.29,295.18,0.48,0.4
52.28238,-3.48574,2026-08-13T02:51:00Z,2026-08-13,251,N20,VIIRS,n,nominal,2.0NRT,1.61,N,VIIRS_NOAA20_NRT,True,301.95,288.9,0.48,0.4
52.28299,-3.50711,2026-08-13T02:51:00Z,2026-08-13,251,N20,VIIRS,n,nominal,2.0NRT,6.28,N,VIIRS_NOAA20_NRT,True,343.48,296.43,0.48,0.4
52.28383,-3.49262,2026-08-13T02:51:00Z,2026-08-13,251,N20,VIIRS,n,nominal,2.0NRT,1.61,N,VIIRS_NOAA20_NRT,True,315.57,292.21,0.48,0.4
52.28518,-3.49901,2026-08-13T02:51:00Z,2026-08-13,251,N20,VIIRS,n,nominal,2.0NRT,8.93,N,VIIRS_NOAA20_NRT,True,330.05,295.94,0.48,0.4
52.28592,-3.48404,2026-08-13T02:51:00Z,2026-08-13,251,N20,VIIRS,n,nominal,2.0NRT,1.61,N,VIIRS_NOAA20_NRT,True,308.8,291.22,0.48,0.4
52.28648,-3.50517,2026-08-13T02:51:00Z,2026-08-13,251,N20,VIIRS,n,nominal,2.0NRT,8.93,N,VIIRS_NOAA20_NRT,True,341.24,293.95,0.48,0.4
52.28734,-3.49074,2026-08-13T02:51:00Z,2026-08-13,251,N20,VIIRS,n,nominal,2.0NRT,1.61,N,VIIRS_NOAA20_NRT,True,304.14,289.14,0.48,0.4
52.28866,-3.49704,2026-08-13T02:51:00Z,2026-08-13,251,N20,VIIRS,n,nominal,2.0NRT,8.93,N,VIIRS_NOAA20_NRT,True,311.08,291.22,0.48,0.4
52.28996,-3.50318,2026-08-13T02:51:00Z,2026-08-13,251,N20,VIIRS,n,nominal,2.0NRT,8.93,N,VIIRS_NOAA20_NRT,True,341.14,290.85,0.48,0.4
52.29211,-3.49489,2026-08-13T02:51:00Z,2026-08-13,251,N20,VIIRS,n,nominal,2.0NRT,2.26,N,VIIRS_NOAA20_NRT,True,311.28,289.18,0.48,0.4
52.29342,-3.50109,2026-08-13T02:51:00Z,2026-08-13,251,N20,VIIRS,n,nominal,2.0NRT,2.26,N,VIIRS_NOAA20_NRT,True,320.52,286.66,0.48,0.4
51.39783,-3.396,2026-08-13T03:38:00Z,2026-08-13,338,N21,VIIRS,n,nominal,2.0NRT,0.96,N,VIIRS_NOAA21_NRT,True,297.24,284.34,0.51,0.66
51.57891,-3.72957,2026-08-13T03:38:00Z,2026-08-13,338,N21,VIIRS,n,nominal,2.0NRT,1.32,N,VIIRS_NOAA21_NRT,True,304.43,288.94,0.48,0.65
51.68451,-5.03078,2026-08-13T03:38:00Z,2026-08-13,338,N21,VIIRS,n,nominal,2.0NRT,2.04,N,VIIRS_NOAA21_NRT,True,304.27,290.6,0.43,0.62
51.75087,-3.05179,2026-08-13T03:38:00Z,2026-08-13,338,N21,VIIRS,n,nominal,2.0NRT,5.58,N,VIIRS_NOAA21_NRT,True,324.52,289.96,0.51,0.66
51.75292,-3.05769,2026-08-13T03:38:00Z,2026-08-13,338,N21,VIIRS,n,nominal,2.0NRT,5.58,N,VIIRS_NOAA21_NRT,True,329.17,288.64,0.51,0.66
51.75861,-3.05397,2026-08-13T03:38:00Z,2026-08-13,338,N21,VIIRS,n,nominal,2.0NRT,1.89,N,VIIRS_NOAA21_NRT,True,298.73,286.97,0.51,0.66
51.77308,-3.33556,2026-08-13T03:38:00Z,2026-08-13,338,N21,VIIRS,n,nominal,2.0NRT,1.44,N,VIIRS_NOAA21_NRT,True,299.31,286.44,0.49,0.65
51.81526,-3.19756,2026-08-13T03:38:00Z,2026-08-13,338,N21,VIIRS,n,nominal,2.0NRT,3.57,N,VIIRS_NOAA21_NRT,True,309.54,287.6,0.5,0.66
51.81756,-3.20423,2026-08-13T03:38:00Z,2026-08-13,338,N21,VIIRS,n,nominal,2.0NRT,3.57,N,VIIRS_NOAA21_NRT,True,313.22,288.64,0.5,0.66
51.81849,-3.18684,2026-08-13T03:38:00Z,2026-08-13,338,N21,VIIRS,n,nominal,2.0NRT,2.78,N,VIIRS_NOAA21_NRT,True,298.11,285.59,0.5,0.66
51.81987,-3.21093,2026-08-13T03:38:00Z,2026-08-13,338,N21,VIIRS,n,nominal,2.0NRT,5.95,N,VIIRS_NOAA21_NRT,True,327.39,291.07,0.5,0.66
51.82299,-3.19992,2026-08-13T03:38:00Z,2026-08-13,338,N21,VIIRS,n,nominal,2.0NRT,5.01,N,VIIRS_NOAA21_NRT,True,296.8,286.47,0.5,0.66
51.82531,-3.20664,2026-08-13T03:38:00Z,2026-08-13,338,N21,VIIRS,n,nominal,2.0NRT,8.14,N,VIIRS_NOAA21_NRT,True,331.46,293.08,0.5,0.66
51.82618,-3.18908,2026-08-13T03:38:00Z,2026-08-13,338,N21,VIIRS,n,nominal,2.0NRT,5.01,N,VIIRS_NOAA21_NRT,True,321.18,289.72,0.5,0.66
51.82753,-3.21309,2026-08-13T03:38:00Z,2026-08-13,338,N21,VIIRS,n,nominal,2.0NRT,8.14,N,VIIRS_NOAA21_NRT,True,309.87,288.4,0.5,0.66
51.82918,-3.18614,2026-08-13T03:38:00Z,2026-08-13,338,N21,VIIRS,n,nominal,2.0NRT,3.96,N,VIIRS_NOAA21_NRT,True,311.98,288.12,0.5,0.66
51.83067,-3.20213,2026-08-13T03:38:00Z,2026-08-13,338,N21,VIIRS,n,nominal,2.0NRT,8.14,N,VIIRS_NOAA21_NRT,True,338.45,294.65,0.5,0.66
51.83284,-3.20841,2026-08-13T03:38:00Z,2026-08-13,338,N21,VIIRS,n,nominal,2.0NRT,8.14,N,VIIRS_NOAA21_NRT,True,347.89,298.98,0.5,0.66
51.83362,-3.19058,2026-08-13T03:38:00Z,2026-08-13,338,N21,VIIRS,n,nominal,2.0NRT,4.82,N,VIIRS_NOAA21_NRT,True,300.42,286.86,0.5,0.66
51.83364,-3.1989,2026-08-13T03:38:00Z,2026-08-13,338,N21,VIIRS,n,nominal,2.0NRT,10.87,N,VIIRS_NOAA21_NRT,True,335.04,291.96,0.5,0.66
51.83496,-3.21461,2026-08-13T03:38:00Z,2026-08-13,338,N21,VIIRS,n,nominal,2.0NRT,8.86,N,VIIRS_NOAA21_NRT,True,340.93,295.12,0.5,0.66
51.83583,-3.19701,2026-08-13T03:38:00Z,2026-08-13,338,N21,VIIRS,n,nominal,2.0NRT,10.47,N,VIIRS_NOAA21_NRT,True,354.1,296.5,0.5,0.66
51.83584,-3.20518,2026-08-13T03:38:00Z,2026-08-13,338,N21,VIIRS,n,nominal,2.0NRT,12.45,N,VIIRS_NOAA21_NRT,True,353.34,300.9,0.5,0.66
51.83629,-3.18659,2026-08-13T03:38:00Z,2026-08-13,338,N21,VIIRS,n,nominal,2.0NRT,10.87,N,VIIRS_NOAA21_NRT,True,307.71,289.04,0.5,0.66
51.83712,-3.22086,2026-08-13T03:38:00Z,2026-08-13,338,N21,VIIRS,n,nominal,2.0NRT,8.86,N,VIIRS_NOAA21_NRT,True,318.33,288.74,0.5,0.65
51.83791,-3.2111,2026-08-13T03:38:00Z,2026-08-13,338,N21,VIIRS,n,nominal,2.0NRT,12.45,N,VIIRS_NOAA21_NRT,True,351.55,300.51,0.5,0.65
51.83796,-3.20321,2026-08-13T03:38:00Z,2026-08-13,338,N21,VIIRS,n,nominal,2.0NRT,10.47,N,VIIRS_NOAA21_NRT,True,345.01,299.66,0.5,0.66
51.8381,-3.18346,2026-08-13T03:38:00Z,2026-08-13,338,N21,VIIRS,n,nominal,2.0NRT,4.82,N,VIIRS_NOAA21_NRT,True,303.19,288.63,0.5,0.66
51.83857,-3.1931,2026-08-13T03:38:00Z,2026-08-13,338,N21,VIIRS,h,high,2.0NRT,10.87,N,VIIRS_NOAA21_NRT,True,367.0,298.42,0.5,0.66
51.83991,-3.20886,2026-08-13T03:38:00Z,2026-08-13,338,N21,VIIRS,n,nominal,2.0NRT,7.12,N,VIIRS_NOAA21_NRT,True,341.76,297.83,0.5,0.66
51.83998,-3.21701,2026-08-13T03:38:00Z,2026-08-13,338,N21,VIIRS,n,nominal,2.0NRT,14.85,N,VIIRS_NOAA21_NRT,True,336.14,294.65,0.5,0.65
51.84049,-3.19043,2026-08-13T03:38:00Z,2026-08-13,338,N21,VIIRS,n,nominal,2.0NRT,10.47,N,VIIRS_NOAA21_NRT,True,330.4,292.59,0.5,0.66
51.8406,-3.19894,2026-08-13T03:38:00Z,2026-08-13,338,N21,VIIRS,n,nominal,2.0NRT,12.45,N,VIIRS_NOAA21_NRT,True,332.67,295.42,0.5,0.66
51.84194,-3.21477,2026-08-13T03:38:00Z,2026-08-13,338,N21,VIIRS,n,nominal,2.0NRT,7.12,N,VIIRS_NOAA21_NRT,True,319.16,291.82,0.5,0.65
51.84249,-3.19625,2026-08-13T03:38:00Z,2026-08-13,338,N21,VIIRS,n,nominal,2.0NRT,10.47,N,VIIRS_NOAA21_NRT,True,329.12,294.23,0.5,0.66
51.84256,-3.20454,2026-08-13T03:38:00Z,2026-08-13,338,N21,VIIRS,n,nominal,2.0NRT,12.45,N,VIIRS_NOAA21_NRT,True,315.36,291.79,0.5,0.65
51.84447,-3.20198,2026-08-13T03:38:00Z,2026-08-13,338,N21,VIIRS,n,nominal,2.0NRT,7.12,N,VIIRS_NOAA21_NRT,True,305.22,290.01,0.5,0.66
51.84507,-3.19183,2026-08-13T03:38:00Z,2026-08-13,338,N21,VIIRS,n,nominal,2.0NRT,3.92,N,VIIRS_NOAA21_NRT,True,314.82,290.12,0.5,0.66
52.08266,-3.78315,2026-08-13T03:38:00Z,2026-08-13,338,N21,VIIRS,n,nominal,2.0NRT,2.15,N,VIIRS_NOAA21_NRT,True,305.18,288.24,0.46,0.64
52.08463,-3.78894,2026-08-13T03:38:00Z,2026-08-13,338,N21,VIIRS,n,nominal,2.0NRT,4.98,N,VIIRS_NOAA21_NRT,True,302.66,285.8,0.46,0.64
52.08463,-3.76917,2026-08-13T03:38:00Z,2026-08-13,338,N21,VIIRS,n,nominal,2.0NRT,3.59,N,VIIRS_NOAA21_NRT,True,298.2,287.66,0.46,0.64
52.08638,-3.77432,2026-08-13T03:38:00Z,2026-08-13,338,N21,VIIRS,n,nominal,2.0NRT,13.75,N,VIIRS_NOAA21_NRT,True,317.56,289.84,0.46,0.64
52.08663,-3.79484,2026-08-13T03:38:00Z,2026-08-13,338,N21,VIIRS,n,nominal,2.0NRT,4.98,N,VIIRS_NOAA21_NRT,True,339.59,288.15,0.46,0.64
52.08833,-3.78008,2026-08-13T03:38:00Z,2026-08-13,338,N21,VIIRS,h,high,2.0NRT,13.75,N,VIIRS_NOAA21_NRT,True,367.0,295.33,0.46,0.64
52.08871,-3.80101,2026-08-13T03:38:00Z,2026-08-13,338,N21,VIIRS,n,nominal,2.0NRT,5.26,N,VIIRS_NOAA21_NRT,True,320.62,285.62,0.46,0.64
52.09015,-3.78544,2026-08-13T03:38:00Z,2026-08-13,338,N21,VIIRS,h,high,2.0NRT,11.94,N,VIIRS_NOAA21_NRT,True,367.0,293.31,0.46,0.64
52.09198,-3.79085,2026-08-13T03:38:00Z,2026-08-13,338,N21,VIIRS,n,nominal,2.0NRT,11.94,N,VIIRS_NOAA21_NRT,True,331.64,289.74,0.46,0.64
52.09203,-3.77123,2026-08-13T03:38:00Z,2026-08-13,338,N21,VIIRS,n,nominal,2.0NRT,13.75,N,VIIRS_NOAA21_NRT,True,332.47,288.94,0.46,0.64
52.09387,-3.77665,2026-08-13T03:38:00Z,2026-08-13,338,N21,VIIRS,n,nominal,2.0NRT,13.75,N,VIIRS_NOAA21_NRT,True,345.86,289.41,0.46,0.64
52.09568,-3.78199,2026-08-13T03:38:00Z,2026-08-13,338,N21,VIIRS,n,nominal,2.0NRT,11.94,N,VIIRS_NOAA21_NRT,True,330.24,288.77,0.46,0.64
52.09742,-3.78714,2026-08-13T03:38:00Z,2026-08-13,338,N21,VIIRS,n,nominal,2.0NRT,11.94,N,VIIRS_NOAA21_NRT,True,302.44,286.61,0.46,0.64
52.27606,-3.49819,2026-08-13T03:38:00Z,2026-08-13,338,N21,VIIRS,n,nominal,2.0NRT,2.94,N,VIIRS_NOAA21_NRT,True,320.03,287.88,0.47,0.64
52.27797,-3.5038,2026-08-13T03:38:00Z,2026-08-13,338,N21,VIIRS,n,nominal,2.0NRT,2.94,N,VIIRS_NOAA21_NRT,True,310.28,286.51,0.47,0.64
52.2797,-3.50892,2026-08-13T03:38:00Z,2026-08-13,338,N21,VIIRS,n,nominal,2.0NRT,4.24,N,VIIRS_NOAA21_NRT,True,316.88,285.63,0.47,0.64
52.28156,-3.49455,2026-08-13T03:38:00Z,2026-08-13,338,N21,VIIRS,n,nominal,2.0NRT,2.94,N,VIIRS_NOAA21_NRT,True,300.21,286.08,0.47,0.64
52.28339,-3.49995,2026-08-13T03:38:00Z,2026-08-13,338,N21,VIIRS,n,nominal,2.0NRT,2.94,N,VIIRS_NOAA21_NRT,True,306.17,287.71,0.47,0.64
52.28468,-3.48387,2026-08-13T03:38:00Z,2026-08-13,338,N21,VIIRS,n,nominal,2.0NRT,1.73,N,VIIRS_NOAA21_NRT,True,299.47,288.01,0.47,0.64
52.285,-3.50468,2026-08-13T03:38:00Z,2026-08-13,338,N21,VIIRS,n,nominal,2.0NRT,4.24,N,VIIRS_NOAA21_NRT,True,340.66,289.06,0.47,0.64
52.28671,-3.50971,2026-08-13T03:38:00Z,2026-08-13,338,N21,VIIRS,n,nominal,2.0NRT,4.24,N,VIIRS_NOAA21_NRT,True,299.75,284.36,0.47,0.64
52.29019,-3.50013,2026-08-13T03:38:00Z,2026-08-13,338,N21,VIIRS,n,nominal,2.0NRT,5.42,N,VIIRS_NOAA21_NRT,True,326.23,287.87,0.47,0.64
52.27317,-3.50165,2026-08-13T04:12:00Z,2026-08-13,412,N,VIIRS,n,nominal,2.0NRT,8.0,N,VIIRS_SNPP_NRT,True,307.49,283.88,0.75,0.77
52.27514,-3.4972,2026-08-13T04:12:00Z,2026-08-13,412,N,VIIRS,n,nominal,2.0NRT,5.81,N,VIIRS_SNPP_NRT,True,314.24,285.55,0.75,0.77
52.2789,-3.5061,2026-08-13T04:12:00Z,2026-08-13,412,N,VIIRS,n,nominal,2.0NRT,5.81,N,VIIRS_SNPP_NRT,True,323.08,286.25,0.75,0.77
52.28042,-3.4981,2026-08-13T04:12:00Z,2026-08-13,412,N,VIIRS,n,nominal,2.0NRT,8.0,N,VIIRS_SNPP_NRT,True,322.41,288.7,0.75,0.77
52.28192,-3.49248,2026-08-13T04:12:00Z,2026-08-13,412,N,VIIRS,n,nominal,2.0NRT,5.81,N,VIIRS_SNPP_NRT,True,305.5,287.29,0.75,0.77
52.28344,-3.50533,2026-08-13T04:12:00Z,2026-08-13,412,N,VIIRS,n,nominal,2.0NRT,8.0,N,VIIRS_SNPP_NRT,True,351.73,288.77,0.75,0.77
52.28535,-3.5006,2026-08-13T04:12:00Z,2026-08-13,412,N,VIIRS,n,nominal,2.0NRT,5.81,N,VIIRS_SNPP_NRT,True,322.9,288.85,0.75,0.77
52.28665,-3.51303,2026-08-13T04:12:00Z,2026-08-13,412,N,VIIRS,n,nominal,2.0NRT,13.35,N,VIIRS_SNPP_NRT,True,315.89,284.21,0.75,0.77
52.28836,-3.50772,2026-08-13T04:12:00Z,2026-08-13,412,N,VIIRS,h,high,2.0NRT,25.03,N,VIIRS_SNPP_NRT,True,367.0,287.01,0.75,0.77
52.29425,-3.5009,2026-08-13T04:12:00Z,2026-08-13,412,N,VIIRS,n,nominal,2.0NRT,4.1,N,VIIRS_SNPP_NRT,True,311.06,285.64,0.75,0.77
52.08489,-3.78347,2026-08-13T04:14:00Z,2026-08-13,414,N,VIIRS,n,nominal,2.0NRT,6.71,N,VIIRS_SNPP_NRT,True,307.19,285.28,0.75,0.77
52.08504,-3.77404,2026-08-13T04:14:00Z,2026-08-13,414,N,VIIRS,n,nominal,2.0NRT,6.68,N,VIIRS_SNPP_NRT,True,301.02,286.32,0.75,0.77
52.08602,-3.79706,2026-08-13T04:14:00Z,2026-08-13,414,N,VIIRS,n,nominal,2.0NRT,1.13,N,VIIRS_SNPP_NRT,True,299.45,283.86,0.75,0.77
52.08829,-3.77072,2026-08-13T04:14:00Z,2026-08-13,414,N,VIIRS,n,nominal,2.0NRT,7.86,N,VIIRS_SNPP_NRT,True,311.57,286.64,0.75,0.77
52.08863,-3.79244,2026-08-13T04:14:00Z,2026-08-13,414,N,VIIRS,n,nominal,2.0NRT,6.71,N,VIIRS_SNPP_NRT,True,330.19,285.44,0.75,0.77
52.08881,-3.78296,2026-08-13T04:14:00Z,2026-08-13,414,N,VIIRS,n,nominal,2.0NRT,6.68,N,VIIRS_SNPP_NRT,True,341.57,287.46,0.75,0.77
52.0919,-3.77937,2026-08-13T04:14:00Z,2026-08-13,414,N,VIIRS,n,nominal,2.0NRT,6.71,N,VIIRS_SNPP_NRT,True,350.17,289.38,0.75,0.77
52.09215,-3.77015,2026-08-13T04:14:00Z,2026-08-13,414,N,VIIRS,n,nominal,2.0NRT,6.68,N,VIIRS_SNPP_NRT,True,328.02,287.19,0.75,0.77
52.09235,-3.79133,2026-08-13T04:14:00Z,2026-08-13,414,N,VIIRS,n,nominal,2.0NRT,8.48,N,VIIRS_SNPP_NRT,True,326.54,287.24,0.75,0.77
52.09276,-3.80234,2026-08-13T04:14:00Z,2026-08-13,414,N,VIIRS,n,nominal,2.0NRT,5.3,N,VIIRS_SNPP_NRT,True,295.72,284.17,0.75,0.77
52.09512,-3.7662,2026-08-13T04:14:00Z,2026-08-13,414,N,VIIRS,n,nominal,2.0NRT,2.96,N,VIIRS_SNPP_NRT,True,309.26,286.2,0.75,0.77
52.0954,-3.78777,2026-08-13T04:14:00Z,2026-08-13,414,N,VIIRS,n,nominal,2.0NRT,6.71,N,VIIRS_SNPP_NRT,True,310.38,286.75,0.75,0.77
52.09564,-3.77841,2026-08-13T04:14:00Z,2026-08-13,414,N,VIIRS,n,nominal,2.0NRT,6.68,N,VIIRS_SNPP_NRT,True,330.87,287.29,0.75,0.77
52.09826,-3.77373,2026-08-13T04:14:00Z,2026-08-13,414,N,VIIRS,n,nominal,2.0NRT,2.63,N,VIIRS_SNPP_NRT,True,308.04,285.46,0.75,0.77
52.09886,-3.78604,2026-08-13T04:14:00Z,2026-08-13,414,N,VIIRS,n,nominal,2.0NRT,8.48,N,VIIRS_SNPP_NRT,True,305.23,285.48,0.75,0.77
52.10127,-3.78097,2026-08-13T04:14:00Z,2026-08-13,414,N,VIIRS,n,nominal,2.0NRT,2.63,N,VIIRS_SNPP_NRT,True,305.44,284.75,0.75,0.77
51.4971,-3.40716,2026-08-13T11:47:00Z,2026-08-13,1147,N21,VIIRS,n,nominal,2.0NRT,9.02,D,VIIRS_NOAA21_NRT,True,350.77,299.26,0.45,0.63
51.49892,-3.40942,2026-08-13T11:47:00Z,2026-08-13,1147,N21,VIIRS,n,nominal,2.0NRT,7.22,D,VIIRS_NOAA21_NRT,True,349.61,298.97,0.45,0.63
51.61102,-3.41556,2026-08-13T11:47:00Z,2026-08-13,1147,N21,VIIRS,n,nominal,2.0NRT,8.23,D,VIIRS_NOAA21_NRT,True,346.06,298.36,0.44,0.63
51.61295,-3.42063,2026-08-13T11:47:00Z,2026-08-13,1147,N21,VIIRS,n,nominal,2.0NRT,11.08,D,VIIRS_NOAA21_NRT,True,342.04,298.73,0.44,0.63
51.62004,-3.41889,2026-08-13T11:47:00Z,2026-08-13,1147,N21,VIIRS,n,nominal,2.0NRT,37.92,D,VIIRS_NOAA21_NRT,True,350.87,302.75,0.44,0.63
51.62166,-3.4139,2026-08-13T11:47:00Z,2026-08-13,1147,N21,VIIRS,h,high,2.0NRT,27.12,D,VIIRS_NOAA21_NRT,True,367.0,304.77,0.44,0.63
51.62346,-3.41752,2026-08-13T11:47:00Z,2026-08-13,1147,N21,VIIRS,n,nominal,2.0NRT,55.49,D,VIIRS_NOAA21_NRT,True,353.28,310.98,0.44,0.63
51.62515,-3.41241,2026-08-13T11:47:00Z,2026-08-13,1147,N21,VIIRS,n,nominal,2.0NRT,26.34,D,VIIRS_NOAA21_NRT,True,330.74,299.0,0.44,0.63
51.62705,-3.41734,2026-08-13T11:47:00Z,2026-08-13,1147,N21,VIIRS,h,high,2.0NRT,27.12,D,VIIRS_NOAA21_NRT,True,367.0,300.33,0.44,0.63
51.75563,-3.05568,2026-08-13T11:47:00Z,2026-08-13,1147,N21,VIIRS,n,nominal,2.0NRT,6.13,D,VIIRS_NOAA21_NRT,True,345.7,303.42,0.42,0.61
51.77789,-3.33565,2026-08-13T11:47:00Z,2026-08-13,1147,N21,VIIRS,n,nominal,2.0NRT,15.49,D,VIIRS_NOAA21_NRT,True,349.05,304.81,0.43,0.62
51.77979,-3.32988,2026-08-13T11:47:00Z,2026-08-13,1147,N21,VIIRS,n,nominal,2.0NRT,11.11,D,VIIRS_NOAA21_NRT,True,351.39,300.69,0.43,0.62
51.81659,-3.19852,2026-08-13T11:47:00Z,2026-08-13,1147,N21,VIIRS,n,nominal,2.0NRT,9.1,D,VIIRS_NOAA21_NRT,True,344.61,308.58,0.43,0.62
51.81721,-3.20148,2026-08-13T11:47:00Z,2026-08-13,1147,N21,VIIRS,n,nominal,2.0NRT,7.97,D,VIIRS_NOAA21_NRT,True,336.31,306.15,0.43,0.62
51.81903,-3.19584,2026-08-13T11:47:00Z,2026-08-13,1147,N21,VIIRS,l,low,2.0NRT,14.46,D,VIIRS_NOAA21_NRT,True,337.53,307.68,0.43,0.62
51.82001,-3.20771,2026-08-13T11:47:00Z,2026-08-13,1147,N21,VIIRS,h,high,2.0NRT,9.1,D,VIIRS_NOAA21_NRT,True,367.0,312.12,0.43,0.62
51.82185,-3.20212,2026-08-13T11:47:00Z,2026-08-13,1147,N21,VIIRS,n,nominal,2.0NRT,9.1,D,VIIRS_NOAA21_NRT,True,343.24,308.69,0.43,0.62
51.82522,-3.21144,2026-08-13T11:47:00Z,2026-08-13,1147,N21,VIIRS,h,high,2.0NRT,14.97,D,VIIRS_NOAA21_NRT,True,367.0,309.1,0.43,0.62
51.82556,-3.1908,2026-08-13T11:47:00Z,2026-08-13,1147,N21,VIIRS,l,low,2.0NRT,19.84,D,VIIRS_NOAA21_NRT,True,334.5,306.57,0.43,0.62
51.8271,-3.20571,2026-08-13T11:47:00Z,2026-08-13,1147,N21,VIIRS,h,high,2.0NRT,14.97,D,VIIRS_NOAA21_NRT,True,367.0,312.5,0.43,0.62
51.82745,-3.18507,2026-08-13T11:47:00Z,2026-08-13,1147,N21,VIIRS,n,nominal,2.0NRT,9.54,D,VIIRS_NOAA21_NRT,True,347.13,306.58,0.43,0.62
51.82892,-3.20018,2026-08-13T11:47:00Z,2026-08-13,1147,N21,VIIRS,n,nominal,2.0NRT,15.2,D,VIIRS_NOAA21_NRT,True,347.74,309.72,0.43,0.62
51.83217,-3.20985,2026-08-13T11:47:00Z,2026-08-13,1147,N21,VIIRS,n,nominal,2.0NRT,14.97,D,VIIRS_NOAA21_NRT,True,352.94,310.86,0.43,0.62
51.834,-3.20429,2026-08-13T11:47:00Z,2026-08-13,1147,N21,VIIRS,h,high,2.0NRT,15.2,D,VIIRS_NOAA21_NRT,True,367.0,313.3,0.43,0.62
51.83575,-3.19894,2026-08-13T11:47:00Z,2026-08-13,1147,N21,VIIRS,n,nominal,2.0NRT,15.2,D,VIIRS_NOAA21_NRT,True,352.16,309.75,0.43,0.62
51.83714,-3.21432,2026-08-13T11:47:00Z,2026-08-13,1147,N21,VIIRS,h,high,2.0NRT,10.51,D,VIIRS_NOAA21_NRT,True,367.0,310.61,0.43,0.62
51.83741,-3.19387,2026-08-13T11:47:00Z,2026-08-13,1147,N21,VIIRS,h,high,2.0NRT,12.21,D,VIIRS_NOAA21_NRT,True,367.0,310.75,0.43,0.62
51.83883,-3.20913,2026-08-13T11:47:00Z,2026-08-13,1147,N21,VIIRS,n,nominal,2.0NRT,11.54,D,VIIRS_NOAA21_NRT,True,345.46,307.77,0.43,0.62
51.83895,-3.18915,2026-08-13T11:47:00Z,2026-08-13,1147,N21,VIIRS,n,nominal,2.0NRT,12.21,D,VIIRS_NOAA21_NRT,True,340.59,307.18,0.43,0.62
51.84046,-3.20416,2026-08-13T11:47:00Z,2026-08-13,1147,N21,VIIRS,n,nominal,2.0NRT,11.54,D,VIIRS_NOAA21_NRT,True,339.58,307.55,0.43,0.62
51.84195,-3.21926,2026-08-13T11:47:00Z,2026-08-13,1147,N21,VIIRS,n,nominal,2.0NRT,10.51,D,VIIRS_NOAA21_NRT,True,334.27,300.2,0.43,0.62
51.84203,-3.19936,2026-08-13T11:47:00Z,2026-08-13,1147,N21,VIIRS,n,nominal,2.0NRT,7.48,D,VIIRS_NOAA21_NRT,True,332.3,303.67,0.43,0.62
52.0838,-3.77206,2026-08-13T11:47:00Z,2026-08-13,1147,N21,VIIRS,n,nominal,2.0NRT,5.44,D,VIIRS_NOAA21_NRT,True,337.39,297.85,0.44,0.62
52.08649,-3.77333,2026-08-13T11:47:00Z,2026-08-13,1147,N21,VIIRS,n,nominal,2.0NRT,5.93,D,VIIRS_NOAA21_NRT,True,331.05,298.28,0.44,0.62
52.0867,-3.78295,2026-08-13T11:47:00Z,2026-08-13,1147,N21,VIIRS,n,nominal,2.0NRT,8.24,D,VIIRS_NOAA21_NRT,True,334.82,298.38,0.44,0.62
52.08722,-3.79094,2026-08-13T11:47:00Z,2026-08-13,1147,N21,VIIRS,n,nominal,2.0NRT,12.64,D,VIIRS_NOAA21_NRT,True,339.8,301.43,0.44,0.62
52.08901,-3.77603,2026-08-13T11:47:00Z,2026-08-13,1147,N21,VIIRS,n,nominal,2.0NRT,5.44,D,VIIRS_NOAA21_NRT,True,335.15,304.02,0.44,0.62
52.08944,-3.78418,2026-08-13T11:47:00Z,2026-08-13,1147,N21,VIIRS,n,nominal,2.0NRT,13.98,D,VIIRS_NOAA21_NRT,True,355.24,303.96,0.44,0.62
52.08963,-3.79376,2026-08-13T11:47:00Z,2026-08-13,1147,N21,VIIRS,n,nominal,2.0NRT,9.41,D,VIIRS_NOAA21_NRT,True,342.75,302.1,0.44,0.62
52.09139,-3.76894,2026-08-13T11:47:00Z,2026-08-13,1147,N21,VIIRS,n,nominal,2.0NRT,5.44,D,VIIRS_NOAA21_NRT,True,332.99,301.43,0.44,0.62
52.09175,-3.77716,2026-08-13T11:47:00Z,2026-08-13,1147,N21,VIIRS,n,nominal,2.0NRT,13.98,D,VIIRS_NOAA21_NRT,True,340.22,306.02,0.44,0.62
52.09185,-3.7871,2026-08-13T11:47:00Z,2026-08-13,1147,N21,VIIRS,n,nominal,2.0NRT,9.41,D,VIIRS_NOAA21_NRT,True,348.58,308.24,0.44,0.62
52.09404,-3.77018,2026-08-13T11:47:00Z,2026-08-13,1147,N21,VIIRS,n,nominal,2.0NRT,12.64,D,VIIRS_NOAA21_NRT,True,335.59,303.06,0.44,0.62
52.09615,-3.76377,2026-08-13T11:47:00Z,2026-08-13,1147,N21,VIIRS,h,high,2.0NRT,12.64,D,VIIRS_NOAA21_NRT,True,367.0,300.63,0.44,0.62
52.09636,-3.77365,2026-08-13T11:47:00Z,2026-08-13,1147,N21,VIIRS,n,nominal,2.0NRT,24.52,D,VIIRS_NOAA21_NRT,True,344.84,300.47,0.44,0.62
52.09846,-3.76736,2026-08-13T11:47:00Z,2026-08-13,1147,N21,VIIRS,h,high,2.0NRT,43.53,D,VIIRS_NOAA21_NRT,True,367.0,304.66,0.44,0.62
52.09873,-3.77573,2026-08-13T11:47:00Z,2026-08-13,1147,N21,VIIRS,n,nominal,2.0NRT,12.64,D,VIIRS_NOAA21_NRT,True,345.25,298.59,0.44,0.62
52.10071,-3.76972,2026-08-13T11:47:00Z,2026-08-13,1147,N21,VIIRS,h,high,2.0NRT,12.64,D,VIIRS_NOAA21_NRT,True,367.0,298.81,0.44,0.62
52.11184,-3.63681,2026-08-13T11:47:00Z,2026-08-13,1147,N21,VIIRS,n,nominal,2.0NRT,4.92,D,VIIRS_NOAA21_NRT,True,340.94,299.93,0.43,0.62
52.27208,-3.49612,2026-08-13T11:47:00Z,2026-08-13,1147,N21,VIIRS,h,high,2.0NRT,14.32,D,VIIRS_NOAA21_NRT,True,367.0,300.48,0.42,0.61
52.27755,-3.49898,2026-08-13T11:47:00Z,2026-08-13,1147,N21,VIIRS,h,high,2.0NRT,10.56,D,VIIRS_NOAA21_NRT,True,367.0,304.58,0.42,0.61
52.28017,-3.51061,2026-08-13T11:47:00Z,2026-08-13,1147,N21,VIIRS,n,nominal,2.0NRT,10.56,D,VIIRS_NOAA21_NRT,True,332.33,298.83,0.42,0.61
52.28239,-3.50381,2026-08-13T11:47:00Z,2026-08-13,1147,N21,VIIRS,n,nominal,2.0NRT,10.56,D,VIIRS_NOAA21_NRT,True,354.17,305.01,0.42,0.61
51.49883,-3.40906,2026-08-13T12:21:00Z,2026-08-13,1221,N,VIIRS,n,nominal,2.0NRT,6.83,D,VIIRS_SNPP_NRT,True,351.71,300.9,0.49,0.49
51.5802,-3.73254,2026-08-13T12:21:00Z,2026-08-13,1221,N,VIIRS,n,nominal,2.0NRT,4.06,D,VIIRS_SNPP_NRT,True,330.91,300.76,0.5,0.49
51.61296,-3.41442,2026-08-13T12:21:00Z,2026-08-13,1221,N,VIIRS,n,nominal,2.0NRT,10.34,D,VIIRS_SNPP_NRT,True,341.29,301.03,0.49,0.48
51.62154,-3.41913,2026-08-13T12:21:00Z,2026-08-13,1221,N,VIIRS,n,nominal,2.0NRT,21.04,D,VIIRS_SNPP_NRT,True,343.92,310.0,0.49,0.48
51.62308,-3.4132,2026-08-13T12:21:00Z,2026-08-13,1221,N,VIIRS,n,nominal,2.0NRT,13.65,D,VIIRS_SNPP_NRT,True,345.31,306.32,0.49,0.48
51.62735,-3.41559,2026-08-13T12:21:00Z,2026-08-13,1221,N,VIIRS,n,nominal,2.0NRT,13.65,D,VIIRS_SNPP_NRT,True,342.49,300.77,0.49,0.48
51.75301,-3.05558,2026-08-13T12:21:00Z,2026-08-13,1221,N,VIIRS,n,nominal,2.0NRT,3.66,D,VIIRS_SNPP_NRT,True,338.5,305.45,0.47,0.48
51.75374,-3.05447,2026-08-13T12:21:00Z,2026-08-13,1221,N,VIIRS,n,nominal,2.0NRT,8.91,D,VIIRS_SNPP_NRT,True,341.21,308.69,0.47,0.48
51.75713,-3.05826,2026-08-13T12:21:00Z,2026-08-13,1221,N,VIIRS,l,low,2.0NRT,3.66,D,VIIRS_SNPP_NRT,True,330.6,300.62,0.47,0.48
51.75786,-3.05714,2026-08-13T12:21:00Z,2026-08-13,1221,N,VIIRS,n,nominal,2.0NRT,8.91,D,VIIRS_SNPP_NRT,True,336.11,301.33,0.47,0.48
51.75891,-3.05134,2026-08-13T12:21:00Z,2026-08-13,1221,N,VIIRS,n,nominal,2.0NRT,12.14,D,VIIRS_SNPP_NRT,True,339.4,304.53,0.47,0.48
51.77752,-3.33545,2026-08-13T12:21:00Z,2026-08-13,1221,N,VIIRS,n,nominal,2.0NRT,10.25,D,VIIRS_SNPP_NRT,True,342.28,307.36,0.48,0.48
51.77922,-3.32884,2026-08-13T12:21:00Z,2026-08-13,1221,N,VIIRS,n,nominal,2.0NRT,10.25,D,VIIRS_SNPP_NRT,True,343.47,304.98,0.48,0.48
51.81412,-3.19248,2026-08-13T12:21:00Z,2026-08-13,1221,N,VIIRS,l,low,2.0NRT,7.64,D,VIIRS_SNPP_NRT,True,335.16,309.89,0.47,0.48
51.81662,-3.20154,2026-08-13T12:21:00Z,2026-08-13,1221,N,VIIRS,n,nominal,2.0NRT,6.71,D,VIIRS_SNPP_NRT,True,342.4,310.52,0.47,0.48
51.81828,-3.19502,2026-08-13T12:21:00Z,2026-08-13,1221,N,VIIRS,l,low,2.0NRT,7.64,D,VIIRS_SNPP_NRT,True,340.61,311.28,0.47,0.48
51.81866,-3.21117,2026-08-13T12:21:00Z,2026-08-13,1221,N,VIIRS,n,nominal,2.0NRT,6.66,D,VIIRS_SNPP_NRT,True,334.57,307.69,0.47,0.48
51.81915,-3.21053,2026-08-13T12:21:00Z,2026-08-13,1221,N,VIIRS,n,nominal,2.0NRT,13.54,D,VIIRS_SNPP_NRT,True,342.89,309.51,0.47,0.48
51.82036,-3.20463,2026-08-13T12:21:00Z,2026-08-13,1221,N,VIIRS,n,nominal,2.0NRT,13.54,D,VIIRS_SNPP_NRT,True,355.84,316.83,0.47,0.48
51.82082,-3.20399,2026-08-13T12:21:00Z,2026-08-13,1221,N,VIIRS,n,nominal,2.0NRT,13.54,D,VIIRS_SNPP_NRT,True,355.36,316.39,0.47,0.48
51.82204,-3.19818,2026-08-13T12:21:00Z,2026-08-13,1221,N,VIIRS,n,nominal,2.0NRT,13.54,D,VIIRS_SNPP_NRT,True,334.74,307.78,0.47,0.48
51.82285,-3.21367,2026-08-13T12:21:00Z,2026-08-13,1221,N,VIIRS,n,nominal,2.0NRT,6.66,D,VIIRS_SNPP_NRT,True,341.96,309.23,0.47,0.48
51.82333,-3.21305,2026-08-13T12:21:00Z,2026-08-13,1221,N,VIIRS,n,nominal,2.0NRT,13.54,D,VIIRS_SNPP_NRT,True,342.98,310.35,0.47,0.48
51.82375,-3.19162,2026-08-13T12:21:00Z,2026-08-13,1221,N,VIIRS,l,low,2.0NRT,7.29,D,VIIRS_SNPP_NRT,True,338.21,312.77,0.47,0.48
51.82415,-3.19091,2026-08-13T12:21:00Z,2026-08-13,1221,N,VIIRS,l,low,2.0NRT,10.32,D,VIIRS_SNPP_NRT,True,338.49,312.4,0.47,0.48
51.82455,-3.2071,2026-08-13T12:21:00Z,2026-08-13,1221,N,VIIRS,h,high,2.0NRT,13.54,D,VIIRS_SNPP_NRT,True,367.0,318.68,0.47,0.48
51.825,-3.20646,2026-08-13T12:21:00Z,2026-08-13,1221,N,VIIRS,h,high,2.0NRT,13.54,D,VIIRS_SNPP_NRT,True,367.0,317.45,0.47,0.48
51.82547,-3.18501,2026-08-13T12:21:00Z,2026-08-13,1221,N,VIIRS,n,nominal,2.0NRT,7.29,D,VIIRS_SNPP_NRT,True,349.0,311.14,0.47,0.48
51.82583,-3.18428,2026-08-13T12:21:00Z,2026-08-13,1221,N,VIIRS,n,nominal,2.0NRT,6.56,D,VIIRS_SNPP_NRT,True,346.36,311.15,0.47,0.48
51.82624,-3.20061,2026-08-13T12:21:00Z,2026-08-13,1221,N,VIIRS,n,nominal,2.0NRT,13.54,D,VIIRS_SNPP_NRT,True,338.46,311.14,0.47,0.48
51.82666,-3.19996,2026-08-13T12:21:00Z,2026-08-13,1221,N,VIIRS,n,nominal,2.0NRT,10.32,D,VIIRS_SNPP_NRT,True,336.56,311.0,0.47,0.48
51.82872,-3.20965,2026-08-13T12:21:00Z,2026-08-13,1221,N,VIIRS,n,nominal,2.0NRT,10.79,D,VIIRS_SNPP_NRT,True,346.07,310.88,0.47,0.48
51.82917,-3.20903,2026-08-13T12:21:00Z,2026-08-13,1221,N,VIIRS,n,nominal,2.0NRT,9.39,D,VIIRS_SNPP_NRT,True,347.34,311.47,0.47,0.48
51.8296,-3.18769,2026-08-13T12:21:00Z,2026-08-13,1221,N,VIIRS,n,nominal,2.0NRT,7.29,D,VIIRS_SNPP_NRT,True,340.63,307.61,0.47,0.48
51.82995,-3.18701,2026-08-13T12:21:00Z,2026-08-13,1221,N,VIIRS,l,low,2.0NRT,6.56,D,VIIRS_SNPP_NRT,True,336.59,307.16,0.47,0.48
51.83041,-3.20315,2026-08-13T12:21:00Z,2026-08-13,1221,N,VIIRS,n,nominal,2.0NRT,10.79,D,VIIRS_SNPP_NRT,True,354.87,317.21,0.47,0.48
51.83082,-3.20253,2026-08-13T12:21:00Z,2026-08-13,1221,N,VIIRS,n,nominal,2.0NRT,15.65,D,VIIRS_SNPP_NRT,True,356.69,317.17,0.47,0.48
51.83283,-3.21245,2026-08-13T12:21:00Z,2026-08-13,1221,N,VIIRS,n,nominal,2.0NRT,10.79,D,VIIRS_SNPP_NRT,True,351.66,316.28,0.47,0.48
51.83327,-3.21185,2026-08-13T12:21:00Z,2026-08-13,1221,N,VIIRS,n,nominal,2.0NRT,9.39,D,VIIRS_SNPP_NRT,True,355.99,317.69,0.47,0.48
51.83452,-3.20594,2026-08-13T12:21:00Z,2026-08-13,1221,N,VIIRS,h,high,2.0NRT,10.79,D,VIIRS_SNPP_NRT,True,367.0,317.69,0.47,0.48
51.83492,-3.20533,2026-08-13T12:21:00Z,2026-08-13,1221,N,VIIRS,h,high,2.0NRT,15.65,D,VIIRS_SNPP_NRT,True,367.0,317.61,0.47,0.48
51.83617,-3.19958,2026-08-13T12:21:00Z,2026-08-13,1221,N,VIIRS,h,high,2.0NRT,19.36,D,VIIRS_SNPP_NRT,True,367.0,317.53,0.47,0.48
51.83654,-3.19897,2026-08-13T12:21:00Z,2026-08-13,1221,N,VIIRS,h,high,2.0NRT,15.65,D,VIIRS_SNPP_NRT,True,367.0,317.46,0.47,0.48
51.83691,-3.2153,2026-08-13T12:21:00Z,2026-08-13,1221,N,VIIRS,n,nominal,2.0NRT,9.51,D,VIIRS_SNPP_NRT,True,353.76,315.48,0.47,0.48
51.83775,-3.19345,2026-08-13T12:21:00Z,2026-08-13,1221,N,VIIRS,h,high,2.0NRT,19.36,D,VIIRS_SNPP_NRT,True,367.0,318.6,0.47,0.48
51.83809,-3.19286,2026-08-13T12:21:00Z,2026-08-13,1221,N,VIIRS,h,high,2.0NRT,25.72,D,VIIRS_SNPP_NRT,True,367.0,318.72,0.47,0.48
51.83855,-3.20901,2026-08-13T12:21:00Z,2026-08-13,1221,N,VIIRS,n,nominal,2.0NRT,9.51,D,VIIRS_SNPP_NRT,True,351.43,314.85,0.47,0.48
51.83925,-3.18766,2026-08-13T12:21:00Z,2026-08-13,1221,N,VIIRS,n,nominal,2.0NRT,7.72,D,VIIRS_SNPP_NRT,True,337.03,308.39,0.47,0.48
51.84014,-3.20286,2026-08-13T12:21:00Z,2026-08-13,1221,N,VIIRS,n,nominal,2.0NRT,7.28,D,VIIRS_SNPP_NRT,True,343.04,308.82,0.47,0.48
51.84094,-3.21841,2026-08-13T12:21:00Z,2026-08-13,1221,N,VIIRS,n,nominal,2.0NRT,9.51,D,VIIRS_SNPP_NRT,True,336.03,304.24,0.47,0.48
51.84169,-3.1969,2026-08-13T12:21:00Z,2026-08-13,1221,N,VIIRS,n,nominal,2.0NRT,7.28,D,VIIRS_SNPP_NRT,True,345.66,307.31,0.47,0.48
52.08154,-3.77228,2026-08-13T12:21:00Z,2026-08-13,1221,N,VIIRS,n,nominal,2.0NRT,7.83,D,VIIRS_SNPP_NRT,True,343.98,303.15,0.49,0.48
52.08611,-3.79236,2026-08-13T12:21:00Z,2026-08-13,1221,N,VIIRS,n,nominal,2.0NRT,3.95,D,VIIRS_SNPP_NRT,True,334.16,303.76,0.49,0.48
52.08801,-3.78509,2026-08-13T12:21:00Z,2026-08-13,1221,N,VIIRS,h,high,2.0NRT,10.97,D,VIIRS_SNPP_NRT,True,367.0,309.5,0.49,0.48
52.08998,-3.77755,2026-08-13T12:21:00Z,2026-08-13,1221,N,VIIRS,n,nominal,2.0NRT,10.97,D,VIIRS_SNPP_NRT,True,344.11,312.67,0.49,0.48
52.09031,-3.79513,2026-08-13T12:21:00Z,2026-08-13,1221,N,VIIRS,n,nominal,2.0NRT,5.48,D,VIIRS_SNPP_NRT,True,337.9,307.16,0.49,0.48
52.09194,-3.77005,2026-08-13T12:21:00Z,2026-08-13,1221,N,VIIRS,n,nominal,2.0NRT,11.95,D,VIIRS_SNPP_NRT,True,347.23,309.45,0.49,0.48
52.09221,-3.78782,2026-08-13T12:21:00Z,2026-08-13,1221,N,VIIRS,n,nominal,2.0NRT,6.89,D,VIIRS_SNPP_NRT,True,339.05,310.91,0.49,0.48
52.09417,-3.78029,2026-08-13T12:21:00Z,2026-08-13,1221,N,VIIRS,n,nominal,2.0NRT,6.89,D,VIIRS_SNPP_NRT,True,333.62,305.75,0.49,0.48
52.09607,-3.77302,2026-08-13T12:21:00Z,2026-08-13,1221,N,VIIRS,n,nominal,2.0NRT,14.25,D,VIIRS_SNPP_NRT,True,349.47,304.99,0.49,0.48
52.09794,-3.76584,2026-08-13T12:21:00Z,2026-08-13,1221,N,VIIRS,n,nominal,2.0NRT,14.25,D,VIIRS_SNPP_NRT,True,355.8,306.55,0.49,0.48
52.09987,-3.75845,2026-08-13T12:21:00Z,2026-08-13,1221,N,VIIRS,n,nominal,2.0NRT,14.86,D,VIIRS_SNPP_NRT,True,339.93,299.35,0.49,0.48
52.10004,-3.77662,2026-08-13T12:21:00Z,2026-08-13,1221,N,VIIRS,n,nominal,2.0NRT,14.25,D,VIIRS_SNPP_NRT,True,337.86,298.91,0.49,0.48
52.10188,-3.7696,2026-08-13T12:21:00Z,2026-08-13,1221,N,VIIRS,h,high,2.0NRT,14.25,D,VIIRS_SNPP_NRT,True,367.0,298.08,0.49,0.48
52.15825,-3.55224,2026-08-13T12:21:00Z,2026-08-13,1221,N,VIIRS,n,nominal,2.0NRT,3.06,D,VIIRS_SNPP_NRT,True,336.56,305.06,0.48,0.48
52.27462,-3.49332,2026-08-13T12:21:00Z,2026-08-13,1221,N,VIIRS,n,nominal,2.0NRT,38.15,D,VIIRS_SNPP_NRT,True,341.82,305.73,0.47,0.48
52.27707,-3.50254,2026-08-13T12:21:00Z,2026-08-13,1221,N,VIIRS,n,nominal,2.0NRT,38.15,D,VIIRS_SNPP_NRT,True,357.93,311.29,0.47,0.48
52.27889,-3.49543,2026-08-13T12:21:00Z,2026-08-13,1221,N,VIIRS,n,nominal,2.0NRT,38.15,D,VIIRS_SNPP_NRT,True,349.27,307.07,0.47,0.48
52.28114,-3.50544,2026-08-13T12:21:00Z,2026-08-13,1221,N,VIIRS,n,nominal,2.0NRT,7.14,D,VIIRS_SNPP_NRT,True,353.07,309.79,0.47,0.48
52.28301,-3.49818,2026-08-13T12:21:00Z,2026-08-13,1221,N,VIIRS,l,low,2.0NRT,7.14,D,VIIRS_SNPP_NRT,True,335.25,307.9,0.47,0.48
52.28509,-3.50885,2026-08-13T12:21:00Z,2026-08-13,1221,N,VIIRS,n,nominal,2.0NRT,7.14,D,VIIRS_SNPP_NRT,True,340.14,300.21,0.47,0.48
53.27279,-2.83806,2026-08-13T12:21:00Z,2026-08-13,1221,N,VIIRS,n,nominal,2.0NRT,2.94,D,VIIRS_SNPP_NRT,True,340.46,303.8,0.42,0.45
51.49691,-3.41238,2026-08-13T12:40:00Z,2026-08-13,1240,N20,VIIRS,n,nominal,2.0NRT,4.42,D,VIIRS_NOAA20_NRT,True,332.5,300.88,0.45,0.39
51.49812,-3.40618,2026-08-13T12:40:00Z,2026-08-13,1240,N20,VIIRS,n,nominal,2.0NRT,4.42,D,VIIRS_NOAA20_NRT,True,344.61,303.15,0.45,0.39
51.55576,-2.95817,2026-08-13T12:40:00Z,2026-08-13,1240,N20,VIIRS,n,nominal,2.0NRT,1.35,D,VIIRS_NOAA20_NRT,True,334.74,307.14,0.43,0.38
51.57846,-3.73176,2026-08-13T12:40:00Z,2026-08-13,1240,N20,VIIRS,n,nominal,2.0NRT,4.74,D,VIIRS_NOAA20_NRT,True,337.32,308.32,0.45,0.39
51.58191,-3.73348,2026-08-13T12:40:00Z,2026-08-13,1240,N20,VIIRS,n,nominal,2.0NRT,4.74,D,VIIRS_NOAA20_NRT,True,338.68,300.74,0.45,0.39
51.62014,-3.4138,2026-08-13T12:40:00Z,2026-08-13,1240,N20,VIIRS,n,nominal,2.0NRT,8.93,D,VIIRS_NOAA20_NRT,True,337.32,306.62,0.45,0.39
51.62357,-3.4154,2026-08-13T12:40:00Z,2026-08-13,1240,N20,VIIRS,n,nominal,2.0NRT,8.93,D,VIIRS_NOAA20_NRT,True,346.28,309.14,0.45,0.39
51.675,-3.45669,2026-08-13T12:40:00Z,2026-08-13,1240,N20,VIIRS,l,low,2.0NRT,3.73,D,VIIRS_NOAA20_NRT,True,332.42,304.11,0.45,0.39
51.7508,-3.05056,2026-08-13T12:40:00Z,2026-08-13,1240,N20,VIIRS,l,low,2.0NRT,8.26,D,VIIRS_NOAA20_NRT,True,343.27,316.3,0.43,0.38
51.75418,-3.05221,2026-08-13T12:40:00Z,2026-08-13,1240,N20,VIIRS,n,nominal,2.0NRT,8.26,D,VIIRS_NOAA20_NRT,True,346.59,318.6,0.43,0.38
51.75756,-3.05386,2026-08-13T12:40:00Z,2026-08-13,1240,N20,VIIRS,n,nominal,2.0NRT,12.49,D,VIIRS_NOAA20_NRT,True,352.45,310.33,0.43,0.38
51.77349,-3.33741,2026-08-13T12:40:00Z,2026-08-13,1240,N20,VIIRS,n,nominal,2.0NRT,5.56,D,VIIRS_NOAA20_NRT,True,340.59,313.91,0.44,0.38
51.77472,-3.33123,2026-08-13T12:40:00Z,2026-08-13,1240,N20,VIIRS,n,nominal,2.0NRT,4.02,D,VIIRS_NOAA20_NRT,True,342.18,306.14,0.44,0.38
51.77813,-3.33284,2026-08-13T12:40:00Z,2026-08-13,1240,N20,VIIRS,n,nominal,2.0NRT,17.08,D,VIIRS_NOAA20_NRT,True,342.32,315.49,0.44,0.38
51.77934,-3.3267,2026-08-13T12:40:00Z,2026-08-13,1240,N20,VIIRS,n,nominal,2.0NRT,17.08,D,VIIRS_NOAA20_NRT,True,332.48,303.3,0.44,0.38
51.81252,-3.1956,2026-08-13T12:40:00Z,2026-08-13,1240,N20,VIIRS,l,low,2.0NRT,5.53,D,VIIRS_NOAA20_NRT,True,340.18,310.36,0.44,0.38
51.81592,-3.19724,2026-08-13T12:40:00Z,2026-08-13,1240,N20,VIIRS,n,nominal,2.0NRT,5.53,D,VIIRS_NOAA20_NRT,True,348.46,315.56,0.44,0.38
51.81813,-3.20497,2026-08-13T12:40:00Z,2026-08-13,1240,N20,VIIRS,n,nominal,2.0NRT,12.79,D,VIIRS_NOAA20_NRT,True,350.44,318.82,0.44,0.38
51.81932,-3.19887,2026-08-13T12:40:00Z,2026-08-13,1240,N20,VIIRS,n,nominal,2.0NRT,12.79,D,VIIRS_NOAA20_NRT,True,348.68,315.22,0.44,0.38
51.82152,-3.20659,2026-08-13T12:40:00Z,2026-08-13,1240,N20,VIIRS,h,high,2.0NRT,12.79,D,VIIRS_NOAA20_NRT,True,367.0,324.23,0.44,0.38
51.82492,-3.20822,2026-08-13T12:40:00Z,2026-08-13,1240,N20,VIIRS,h,high,2.0NRT,10.72,D,VIIRS_NOAA20_NRT,True,367.0,322.26,0.44,0.38
51.82511,-3.18823,2026-08-13T12:40:00Z,2026-08-13,1240,N20,VIIRS,n,nominal,2.0NRT,18.7,D,VIIRS_NOAA20_NRT,True,350.34,319.36,0.44,0.38
51.82611,-3.2021,2026-08-13T12:40:00Z,2026-08-13,1240,N20,VIIRS,n,nominal,2.0NRT,10.72,D,VIIRS_NOAA20_NRT,True,347.32,316.94,0.44,0.38
51.82631,-3.18208,2026-08-13T12:40:00Z,2026-08-13,1240,N20,VIIRS,l,low,2.0NRT,4.83,D,VIIRS_NOAA20_NRT,True,333.84,307.02,0.44,0.38
51.82831,-3.20987,2026-08-13T12:40:00Z,2026-08-13,1240,N20,VIIRS,n,nominal,2.0NRT,10.72,D,VIIRS_NOAA20_NRT,True,341.01,311.82,0.44,0.38
51.82951,-3.20373,2026-08-13T12:40:00Z,2026-08-13,1240,N20,VIIRS,h,high,2.0NRT,10.72,D,VIIRS_NOAA20_NRT,True,367.0,322.68,0.44,0.38
51.83069,-3.19766,2026-08-13T12:40:00Z,2026-08-13,1240,N20,VIIRS,n,nominal,2.0NRT,11.42,D,VIIRS_NOAA20_NRT,True,338.01,311.35,0.44,0.38
51.83169,-3.21159,2026-08-13T12:40:00Z,2026-08-13,1240,N20,VIIRS,n,nominal,2.0NRT,10.62,D,VIIRS_NOAA20_NRT,True,348.72,319.11,0.44,0.38
51.83289,-3.20546,2026-08-13T12:40:00Z,2026-08-13,1240,N20,VIIRS,h,high,2.0NRT,10.62,D,VIIRS_NOAA20_NRT,True,367.0,325.2,0.44,0.38
51.83407,-3.19937,2026-08-13T12:40:00Z,2026-08-13,1240,N20,VIIRS,n,nominal,2.0NRT,13.02,D,VIIRS_NOAA20_NRT,True,355.28,319.93,0.44,0.38
51.83507,-3.21332,2026-08-13T12:40:00Z,2026-08-13,1240,N20,VIIRS,n,nominal,2.0NRT,10.62,D,VIIRS_NOAA20_NRT,True,350.81,316.43,0.44,0.38
51.83525,-3.19333,2026-08-13T12:40:00Z,2026-08-13,1240,N20,VIIRS,n,nominal,2.0NRT,13.02,D,VIIRS_NOAA20_NRT,True,347.85,314.32,0.44,0.38
51.83626,-3.2072,2026-08-13T12:40:00Z,2026-08-13,1240,N20,VIIRS,n,nominal,2.0NRT,10.62,D,VIIRS_NOAA20_NRT,True,348.2,313.76,0.44,0.38
51.83744,-3.20112,2026-08-13T12:40:00Z,2026-08-13,1240,N20,VIIRS,n,nominal,2.0NRT,13.02,D,VIIRS_NOAA20_NRT,True,352.92,319.03,0.44,0.38
51.83843,-3.21513,2026-08-13T12:40:00Z,2026-08-13,1240,N20,VIIRS,n,nominal,2.0NRT,9.91,D,VIIRS_NOAA20_NRT,True,355.78,317.85,0.44,0.38
51.83861,-3.19514,2026-08-13T12:40:00Z,2026-08-13,1240,N20,VIIRS,h,high,2.0NRT,13.02,D,VIIRS_NOAA20_NRT,True,367.0,322.03,0.44,0.38
51.8396,-3.20911,2026-08-13T12:40:00Z,2026-08-13,1240,N20,VIIRS,n,nominal,2.0NRT,9.91,D,VIIRS_NOAA20_NRT,True,346.07,312.26,0.44,0.38
51.83975,-3.18926,2026-08-13T12:40:00Z,2026-08-13,1240,N20,VIIRS,n,nominal,2.0NRT,10.52,D,VIIRS_NOAA20_NRT,True,345.31,310.1,0.44,0.38
51.84077,-3.20311,2026-08-13T12:40:00Z,2026-08-13,1240,N20,VIIRS,n,nominal,2.0NRT,6.09,D,VIIRS_NOAA20_NRT,True,349.3,309.54,0.44,0.38
51.84193,-3.19716,2026-08-13T12:40:00Z,2026-08-13,1240,N20,VIIRS,n,nominal,2.0NRT,6.09,D,VIIRS_NOAA20_NRT,True,341.51,308.62,0.44,0.38
51.84307,-3.19127,2026-08-13T12:40:00Z,2026-08-13,1240,N20,VIIRS,n,nominal,2.0NRT,3.1,D,VIIRS_NOAA20_NRT,True,330.28,304.98,0.44,0.38
52.08015,-3.77392,2026-08-13T12:40:00Z,2026-08-13,1240,N20,VIIRS,n,nominal,2.0NRT,28.51,D,VIIRS_NOAA20_NRT,True,338.93,306.62,0.45,0.39
52.0815,-3.76715,2026-08-13T12:40:00Z,2026-08-13,1240,N20,VIIRS,n,nominal,2.0NRT,28.51,D,VIIRS_NOAA20_NRT,True,340.57,308.14,0.45,0.39
52.0849,-3.76898,2026-08-13T12:40:00Z,2026-08-13,1240,N20,VIIRS,n,nominal,2.0NRT,28.51,D,VIIRS_NOAA20_NRT,True,339.7,307.73,0.45,0.39
52.0866,-3.79842,2026-08-13T12:40:00Z,2026-08-13,1240,N20,VIIRS,n,nominal,2.0NRT,1.79,D,VIIRS_NOAA20_NRT,True,332.59,303.7,0.45,0.39
52.08785,-3.7921,2026-08-13T12:40:00Z,2026-08-13,1240,N20,VIIRS,n,nominal,2.0NRT,16.12,D,VIIRS_NOAA20_NRT,True,351.12,316.91,0.45,0.39
52.08831,-3.77074,2026-08-13T12:40:00Z,2026-08-13,1240,N20,VIIRS,n,nominal,2.0NRT,13.04,D,VIIRS_NOAA20_NRT,True,343.71,311.06,0.45,0.39
52.08914,-3.78558,2026-08-13T12:40:00Z,2026-08-13,1240,N20,VIIRS,h,high,2.0NRT,16.12,D,VIIRS_NOAA20_NRT,True,367.0,319.01,0.45,0.39
52.09045,-3.77898,2026-08-13T12:40:00Z,2026-08-13,1240,N20,VIIRS,n,nominal,2.0NRT,13.04,D,VIIRS_NOAA20_NRT,True,353.1,319.49,0.45,0.39
52.09127,-3.79387,2026-08-13T12:40:00Z,2026-08-13,1240,N20,VIIRS,n,nominal,2.0NRT,5.09,D,VIIRS_NOAA20_NRT,True,336.95,311.35,0.45,0.39
52.09174,-3.77244,2026-08-13T12:40:00Z,2026-08-13,1240,N20,VIIRS,l,low,2.0NRT,13.04,D,VIIRS_NOAA20_NRT,True,343.48,316.0,0.45,0.39
52.09256,-3.78731,2026-08-13T12:40:00Z,2026-08-13,1240,N20,VIIRS,n,nominal,2.0NRT,5.09,D,VIIRS_NOAA20_NRT,True,339.88,312.87,0.45,0.39
52.09304,-3.76585,2026-08-13T12:40:00Z,2026-08-13,1240,N20,VIIRS,n,nominal,2.0NRT,14.28,D,VIIRS_NOAA20_NRT,True,350.39,308.89,0.45,0.39
52.09387,-3.78072,2026-08-13T12:40:00Z,2026-08-13,1240,N20,VIIRS,n,nominal,2.0NRT,5.17,D,VIIRS_NOAA20_NRT,True,345.3,310.76,0.45,0.39
52.09515,-3.7742,2026-08-13T12:40:00Z,2026-08-13,1240,N20,VIIRS,n,nominal,2.0NRT,5.17,D,VIIRS_NOAA20_NRT,True,332.72,306.89,0.45,0.39
52.09644,-3.76772,2026-08-13T12:40:00Z,2026-08-13,1240,N20,VIIRS,n,nominal,2.0NRT,13.66,D,VIIRS_NOAA20_NRT,True,342.8,310.52,0.45,0.39
52.09772,-3.76122,2026-08-13T12:40:00Z,2026-08-13,1240,N20,VIIRS,n,nominal,2.0NRT,13.66,D,VIIRS_NOAA20_NRT,True,350.38,306.11,0.45,0.39
52.09853,-3.77615,2026-08-13T12:40:00Z,2026-08-13,1240,N20,VIIRS,n,nominal,2.0NRT,5.17,D,VIIRS_NOAA20_NRT,True,346.3,302.22,0.45,0.39
52.0998,-3.76974,2026-08-13T12:40:00Z,2026-08-13,1240,N20,VIIRS,h,high,2.0NRT,13.66,D,VIIRS_NOAA20_NRT,True,367.0,303.96,0.45,0.39
52.1011,-3.76317,2026-08-13T12:40:00Z,2026-08-13,1240,N20,VIIRS,n,nominal,2.0NRT,13.66,D,VIIRS_NOAA20_NRT,True,352.41,299.85,0.45,0.39
52.15738,-3.55288,2026-08-13T12:40:00Z,2026-08-13,1240,N20,VIIRS,n,nominal,2.0NRT,4.16,D,VIIRS_NOAA20_NRT,True,334.94,308.25,0.44,0.38
52.27277,-3.49848,2026-08-13T12:40:00Z,2026-08-13,1240,N20,VIIRS,l,low,2.0NRT,62.99,D,VIIRS_NOAA20_NRT,True,367.0,332.66,0.44,0.38
52.2762,-3.49999,2026-08-13T12:40:00Z,2026-08-13,1240,N20,VIIRS,l,low,2.0NRT,28.96,D,VIIRS_NOAA20_NRT,True,367.0,333.81,0.44,0.38
52.27742,-3.49368,2026-08-13T12:40:00Z,2026-08-13,1240,N20,VIIRS,n,nominal,2.0NRT,28.96,D,VIIRS_NOAA20_NRT,True,347.13,311.69,0.44,0.38
52.2796,-3.50163,2026-08-13T12:40:00Z,2026-08-13,1240,N20,VIIRS,n,nominal,2.0NRT,28.96,D,VIIRS_NOAA20_NRT,True,347.37,313.98,0.44,0.38
52.28295,-3.50353,2026-08-13T12:40:00Z,2026-08-13,1240,N20,VIIRS,n,nominal,2.0NRT,17.87,D,VIIRS_NOAA20_NRT,True,352.51,314.39,0.44,0.38
51.57409,-3.1856,2026-08-13T13:25:00Z,2026-08-13,1325,N21,VIIRS,n,nominal,2.0NRT,3.23,D,VIIRS_NOAA21_NRT,True,330.83,303.84,0.39,0.44
51.62389,-3.41477,2026-08-13T13:25:00Z,2026-08-13,1325,N21,VIIRS,n,nominal,2.0NRT,7.65,D,VIIRS_NOAA21_NRT,True,344.36,306.13,0.39,0.44
51.62786,-3.41586,2026-08-13T13:25:00Z,2026-08-13,1325,N21,VIIRS,n,nominal,2.0NRT,7.65,D,VIIRS_NOAA21_NRT,True,353.94,304.23,0.39,0.44
51.66196,-3.46129,2026-08-13T13:25:00Z,2026-08-13,1325,N21,VIIRS,l,low,2.0NRT,6.18,D,VIIRS_NOAA21_NRT,True,334.42,307.72,0.39,0.44
51.67488,-3.45267,2026-08-13T13:25:00Z,2026-08-13,1325,N21,VIIRS,n,nominal,2.0NRT,5.63,D,VIIRS_NOAA21_NRT,True,342.72,309.67,0.39,0.44
51.75377,-3.05371,2026-08-13T13:25:00Z,2026-08-13,1325,N21,VIIRS,n,nominal,2.0NRT,9.93,D,VIIRS_NOAA21_NRT,True,347.07,315.07,0.4,0.44
51.7547,-3.04263,2026-08-13T13:25:00Z,2026-08-13,1325,N21,VIIRS,l,low,2.0NRT,13.83,D,VIIRS_NOAA21_NRT,True,337.15,309.66,0.4,0.44
51.75781,-3.05475,2026-08-13T13:25:00Z,2026-08-13,1325,N21,VIIRS,h,high,2.0NRT,9.93,D,VIIRS_NOAA21_NRT,True,367.0,312.01,0.4,0.44
51.76885,-3.2702,2026-08-13T13:25:00Z,2026-08-13,1325,N21,VIIRS,n,nominal,2.0NRT,10.08,D,VIIRS_NOAA21_NRT,True,350.12,308.22,0.39,0.44
51.77569,-3.33543,2026-08-13T13:25:00Z,2026-08-13,1325,N21,VIIRS,n,nominal,2.0NRT,10.02,D,VIIRS_NOAA21_NRT,True,340.7,310.12,0.39,0.44
51.77617,-3.32976,2026-08-13T13:25:00Z,2026-08-13,1325,N21,VIIRS,n,nominal,2.0NRT,6.41,D,VIIRS_NOAA21_NRT,True,342.26,304.7,0.39,0.44
51.78015,-3.33095,2026-08-13T13:25:00Z,2026-08-13,1325,N21,VIIRS,n,nominal,2.0NRT,15.62,D,VIIRS_NOAA21_NRT,True,354.45,308.45,0.39,0.44
51.81573,-3.19938,2026-08-13T13:25:00Z,2026-08-13,1325,N21,VIIRS,n,nominal,2.0NRT,7.68,D,VIIRS_NOAA21_NRT,True,346.37,313.9,0.4,0.44
51.81622,-3.19365,2026-08-13T13:25:00Z,2026-08-13,1325,N21,VIIRS,l,low,2.0NRT,7.68,D,VIIRS_NOAA21_NRT,True,338.12,313.04,0.4,0.44
51.81927,-3.20624,2026-08-13T13:25:00Z,2026-08-13,1325,N21,VIIRS,n,nominal,2.0NRT,14.03,D,VIIRS_NOAA21_NRT,True,355.16,318.73,0.4,0.44
51.81975,-3.20048,2026-08-13T13:25:00Z,2026-08-13,1325,N21,VIIRS,n,nominal,2.0NRT,7.68,D,VIIRS_NOAA21_NRT,True,353.77,315.84,0.4,0.44
51.82117,-3.18347,2026-08-13T13:25:00Z,2026-08-13,1325,N21,VIIRS,l,low,2.0NRT,10.48,D,VIIRS_NOAA21_NRT,True,339.15,310.23,0.4,0.44
51.8228,-3.21304,2026-08-13T13:25:00Z,2026-08-13,1325,N21,VIIRS,n,nominal,2.0NRT,15.86,D,VIIRS_NOAA21_NRT,True,342.13,312.14,0.4,0.44
51.82328,-3.20735,2026-08-13T13:25:00Z,2026-08-13,1325,N21,VIIRS,h,high,2.0NRT,15.86,D,VIIRS_NOAA21_NRT,True,367.0,322.52,0.4,0.44
51.82376,-3.2016,2026-08-13T13:25:00Z,2026-08-13,1325,N21,VIIRS,n,nominal,2.0NRT,5.66,D,VIIRS_NOAA21_NRT,True,340.24,310.94,0.4,0.44
51.82425,-3.19582,2026-08-13T13:25:00Z,2026-08-13,1325,N21,VIIRS,l,low,2.0NRT,5.66,D,VIIRS_NOAA21_NRT,True,337.03,309.88,0.4,0.44
51.82473,-3.19015,2026-08-13T13:25:00Z,2026-08-13,1325,N21,VIIRS,n,nominal,2.0NRT,5.89,D,VIIRS_NOAA21_NRT,True,344.04,313.11,0.4,0.44
51.8252,-3.18449,2026-08-13T13:25:00Z,2026-08-13,1325,N21,VIIRS,n,nominal,2.0NRT,5.89,D,VIIRS_NOAA21_NRT,True,342.77,311.84,0.4,0.44
51.8273,-3.20842,2026-08-13T13:25:00Z,2026-08-13,1325,N21,VIIRS,n,nominal,2.0NRT,15.86,D,VIIRS_NOAA21_NRT,True,354.3,315.14,0.4,0.44
51.82777,-3.2027,2026-08-13T13:25:00Z,2026-08-13,1325,N21,VIIRS,n,nominal,2.0NRT,5.66,D,VIIRS_NOAA21_NRT,True,347.27,312.79,0.4,0.44
51.82827,-3.19691,2026-08-13T13:25:00Z,2026-08-13,1325,N21,VIIRS,n,nominal,2.0NRT,5.66,D,VIIRS_NOAA21_NRT,True,338.98,303.39,0.4,0.44
51.82875,-3.19117,2026-08-13T13:25:00Z,2026-08-13,1325,N21,VIIRS,n,nominal,2.0NRT,5.89,D,VIIRS_NOAA21_NRT,True,334.95,300.91,0.4,0.44
51.82923,-3.18544,2026-08-13T13:25:00Z,2026-08-13,1325,N21,VIIRS,n,nominal,2.0NRT,5.89,D,VIIRS_NOAA21_NRT,True,343.1,300.75,0.4,0.44
51.83133,-3.20935,2026-08-13T13:25:00Z,2026-08-13,1325,N21,VIIRS,n,nominal,2.0NRT,8.27,D,VIIRS_NOAA21_NRT,True,352.12,308.62,0.4,0.44
51.83181,-3.20366,2026-08-13T13:25:00Z,2026-08-13,1325,N21,VIIRS,n,nominal,2.0NRT,10.04,D,VIIRS_NOAA21_NRT,True,353.96,309.85,0.4,0.44
51.83229,-3.19787,2026-08-13T13:25:00Z,2026-08-13,1325,N21,VIIRS,n,nominal,2.0NRT,10.04,D,VIIRS_NOAA21_NRT,True,330.87,305.27,0.4,0.44
51.83488,-3.21591,2026-08-13T13:25:00Z,2026-08-13,1325,N21,VIIRS,n,nominal,2.0NRT,8.27,D,VIIRS_NOAA21_NRT,True,340.72,311.46,0.4,0.44
51.83536,-3.21021,2026-08-13T13:25:00Z,2026-08-13,1325,N21,VIIRS,n,nominal,2.0NRT,8.27,D,VIIRS_NOAA21_NRT,True,354.91,320.83,0.4,0.44
51.83584,-3.20449,2026-08-13T13:25:00Z,2026-08-13,1325,N21,VIIRS,h,high,2.0NRT,10.04,D,VIIRS_NOAA21_NRT,True,367.0,320.62,0.4,0.44
51.83633,-3.19868,2026-08-13T13:25:00Z,2026-08-13,1325,N21,VIIRS,h,high,2.0NRT,10.04,D,VIIRS_NOAA21_NRT,True,367.0,315.89,0.4,0.44
51.83684,-3.19276,2026-08-13T13:25:00Z,2026-08-13,1325,N21,VIIRS,h,high,2.0NRT,19.73,D,VIIRS_NOAA21_NRT,True,367.0,315.11,0.4,0.44
51.83892,-3.21657,2026-08-13T13:25:00Z,2026-08-13,1325,N21,VIIRS,h,high,2.0NRT,13.9,D,VIIRS_NOAA21_NRT,True,367.0,318.5,0.4,0.44
51.83942,-3.21073,2026-08-13T13:25:00Z,2026-08-13,1325,N21,VIIRS,n,nominal,2.0NRT,13.9,D,VIIRS_NOAA21_NRT,True,355.41,318.46,0.4,0.44
51.83992,-3.2049,2026-08-13T13:25:00Z,2026-08-13,1325,N21,VIIRS,n,nominal,2.0NRT,7.29,D,VIIRS_NOAA21_NRT,True,348.1,315.85,0.4,0.44
51.84042,-3.19902,2026-08-13T13:25:00Z,2026-08-13,1325,N21,VIIRS,n,nominal,2.0NRT,7.29,D,VIIRS_NOAA21_NRT,True,346.45,311.32,0.4,0.44
51.84092,-3.19303,2026-08-13T13:25:00Z,2026-08-13,1325,N21,VIIRS,n,nominal,2.0NRT,28.22,D,VIIRS_NOAA21_NRT,True,350.0,311.84,0.4,0.44
51.84401,-3.20501,2026-08-13T13:25:00Z,2026-08-13,1325,N21,VIIRS,n,nominal,2.0NRT,7.29,D,VIIRS_NOAA21_NRT,True,335.16,304.03,0.4,0.44
52.08018,-3.77043,2026-08-13T13:25:00Z,2026-08-13,1325,N21,VIIRS,n,nominal,2.0NRT,297.62,D,VIIRS_NOAA21_NRT,True,346.44,305.93,0.57,0.43
52.08413,-3.77146,2026-08-13T13:25:00Z,2026-08-13,1325,N21,VIIRS,h,high,2.0NRT,297.62,D,VIIRS_NOAA21_NRT,True,367.0,332.9,0.57,0.43
52.08477,-3.76418,2026-08-13T13:25:00Z,2026-08-13,1325,N21,VIIRS,l,low,2.0NRT,297.62,D,VIIRS_NOAA21_NRT,True,367.0,338.82,0.57,0.43
52.08598,-3.79623,2026-08-13T13:25:00Z,2026-08-13,1325,N21,VIIRS,n,nominal,2.0NRT,8.12,D,VIIRS_NOAA21_NRT,True,338.99,301.24,0.57,0.43
52.0867,-3.78815,2026-08-13T13:25:00Z,2026-08-13,1325,N21,VIIRS,n,nominal,2.0NRT,12.36,D,VIIRS_NOAA21_NRT,True,344.3,303.03,0.57,0.43
52.08738,-3.7804,2026-08-13T13:25:00Z,2026-08-13,1325,N21,VIIRS,n,nominal,2.0NRT,12.36,D,VIIRS_NOAA21_NRT,True,333.43,307.05,0.57,0.43
52.08806,-3.77259,2026-08-13T13:25:00Z,2026-08-13,1325,N21,VIIRS,n,nominal,2.0NRT,10.34,D,VIIRS_NOAA21_NRT,True,339.58,307.95,0.57,0.43
52.08871,-3.76514,2026-08-13T13:25:00Z,2026-08-13,1325,N21,VIIRS,n,nominal,2.0NRT,10.34,D,VIIRS_NOAA21_NRT,True,346.54,299.76,0.57,0.43
52.08993,-3.79719,2026-08-13T13:25:00Z,2026-08-13,1325,N21,VIIRS,n,nominal,2.0NRT,8.12,D,VIIRS_NOAA21_NRT,True,341.05,305.92,0.57,0.43
52.09063,-3.78923,2026-08-13T13:25:00Z,2026-08-13,1325,N21,VIIRS,n,nominal,2.0NRT,12.36,D,VIIRS_NOAA21_NRT,True,355.91,314.75,0.57,0.43
52.0913,-3.78155,2026-08-13T13:25:00Z,2026-08-13,1325,N21,VIIRS,n,nominal,2.0NRT,12.36,D,VIIRS_NOAA21_NRT,True,351.05,313.78,0.57,0.43
52.09199,-3.77379,2026-08-13T13:25:00Z,2026-08-13,1325,N21,VIIRS,n,nominal,2.0NRT,10.34,D,VIIRS_NOAA21_NRT,True,346.49,311.78,0.57,0.43
52.09266,-3.7661,2026-08-13T13:25:00Z,2026-08-13,1325,N21,VIIRS,n,nominal,2.0NRT,10.34,D,VIIRS_NOAA21_NRT,True,344.79,301.49,0.57,0.43
52.09456,-3.79031,2026-08-13T13:25:00Z,2026-08-13,1325,N21,VIIRS,n,nominal,2.0NRT,4.9,D,VIIRS_NOAA21_NRT,True,334.95,308.16,0.57,0.43
52.09524,-3.78261,2026-08-13T13:25:00Z,2026-08-13,1325,N21,VIIRS,l,low,2.0NRT,4.9,D,VIIRS_NOAA21_NRT,True,332.26,304.69,0.57,0.43
52.09662,-3.76695,2026-08-13T13:25:00Z,2026-08-13,1325,N21,VIIRS,n,nominal,2.0NRT,14.94,D,VIIRS_NOAA21_NRT,True,349.03,306.45,0.57,0.43
52.0973,-3.7592,2026-08-13T13:25:00Z,2026-08-13,1325,N21,VIIRS,n,nominal,2.0NRT,8.34,D,VIIRS_NOAA21_NRT,True,335.5,297.88,0.57,0.43
52.09921,-3.78325,2026-08-13T13:25:00Z,2026-08-13,1325,N21,VIIRS,n,nominal,2.0NRT,4.9,D,VIIRS_NOAA21_NRT,True,332.92,300.16,0.57,0.43
52.09991,-3.77532,2026-08-13T13:25:00Z,2026-08-13,1325,N21,VIIRS,n,nominal,2.0NRT,14.94,D,VIIRS_NOAA21_NRT,True,353.08,299.23,0.57,0.43
52.1006,-3.76755,2026-08-13T13:25:00Z,2026-08-13,1325,N21,VIIRS,n,nominal,2.0NRT,14.94,D,VIIRS_NOAA21_NRT,True,354.5,301.8,0.57,0.43
52.15751,-3.55089,2026-08-13T13:25:00Z,2026-08-13,1325,N21,VIIRS,n,nominal,2.0NRT,4.03,D,VIIRS_NOAA21_NRT,True,334.93,307.07,0.39,0.44
52.16014,-3.55079,2026-08-13T13:25:00Z,2026-08-13,1325,N21,VIIRS,n,nominal,2.0NRT,2.86,D,VIIRS_NOAA21_NRT,True,337.18,306.1,0.39,0.44
52.27169,-3.50196,2026-08-13T13:25:00Z,2026-08-13,1325,N21,VIIRS,n,nominal,2.0NRT,24.53,D,VIIRS_NOAA21_NRT,True,336.76,301.5,0.39,0.44
52.27216,-3.49651,2026-08-13T13:25:00Z,2026-08-13,1325,N21,VIIRS,n,nominal,2.0NRT,24.53,D,VIIRS_NOAA21_NRT,True,353.98,307.43,0.39,0.44
52.27246,-3.50399,2026-08-13T13:25:00Z,2026-08-13,1325,N21,VIIRS,n,nominal,2.0NRT,16.94,D,VIIRS_NOAA21_NRT,True,348.23,302.85,0.39,0.44
52.27292,-3.49845,2026-08-13T13:25:00Z,2026-08-13,1325,N21,VIIRS,n,nominal,2.0NRT,58.76,D,VIIRS_NOAA21_NRT,True,349.12,323.88,0.39,0.44
52.27644,-3.50524,2026-08-13T13:25:00Z,2026-08-13,1325,N21,VIIRS,n,nominal,2.0NRT,21.25,D,VIIRS_NOAA21_NRT,True,349.66,316.93,0.39,0.44
52.27689,-3.49993,2026-08-13T13:25:00Z,2026-08-13,1325,N21,VIIRS,n,nominal,2.0NRT,15.4,D,VIIRS_NOAA21_NRT,True,355.08,320.53,0.39,0.44
52.27734,-3.49443,2026-08-13T13:25:00Z,2026-08-13,1325,N21,VIIRS,n,nominal,2.0NRT,15.4,D,VIIRS_NOAA21_NRT,True,344.23,298.23,0.39,0.44
52.28044,-3.50624,2026-08-13T13:25:00Z,2026-08-13,1325,N21,VIIRS,n,nominal,2.0NRT,21.25,D,VIIRS_NOAA21_NRT,True,352.58,310.22,0.39,0.44
52.28087,-3.50107,2026-08-13T13:25:00Z,2026-08-13,1325,N21,VIIRS,n,nominal,2.0NRT,15.4,D,VIIRS_NOAA21_NRT,True,353.0,312.65,0.39,0.44
52.28132,-3.49566,2026-08-13T13:25:00Z,2026-08-13,1325,N21,VIIRS,l,low,2.0NRT,15.4,D,VIIRS_NOAA21_NRT,True,332.27,304.46,0.39,0.44
52.2818,-3.48989,2026-08-13T13:25:00Z,2026-08-13,1325,N21,VIIRS,n,nominal,2.0NRT,4.17,D,VIIRS_NOAA21_NRT,True,334.76,300.7,0.39,0.44
52.28402,-3.5122,2026-08-13T13:25:00Z,2026-08-13,1325,N21,VIIRS,n,nominal,2.0NRT,12.35,D,VIIRS_NOAA21_NRT,True,334.16,301.9,0.39,0.44
52.28447,-3.50688,2026-08-13T13:25:00Z,2026-08-13,1325,N21,VIIRS,n,nominal,2.0NRT,12.35,D,VIIRS_NOAA21_NRT,True,344.41,305.75,0.39,0.44
52.2849,-3.50172,2026-08-13T13:25:00Z,2026-08-13,1325,N21,VIIRS,n,nominal,2.0NRT,5.79,D,VIIRS_NOAA21_NRT,True,341.43,306.56,0.39,0.44
52.28533,-3.49655,2026-08-13T13:25:00Z,2026-08-13,1325,N21,VIIRS,n,nominal,2.0NRT,5.79,D,VIIRS_NOAA21_NRT,True,341.92,308.02,0.39,0.44
52.28625,-3.48551,2026-08-13T13:25:00Z,2026-08-13,1325,N21,VIIRS,n,nominal,2.0NRT,7.34,D,VIIRS_NOAA21_NRT,True,338.07,300.08,0.39,0.44
51.62761,-3.41305,2026-08-13T14:01:00Z,2026-08-13,1401,N,VIIRS,n,nominal,2.0NRT,2.42,D,VIIRS_SNPP_NRT,True,339.02,300.63,0.36,0.57
51.67663,-3.45083,2026-08-13T14:01:00Z,2026-08-13,1401,N,VIIRS,n,nominal,2.0NRT,3.06,D,VIIRS_SNPP_NRT,True,341.35,300.68,0.36,0.57
51.75395,-3.05259,2026-08-13T14:01:00Z,2026-08-13,1401,N,VIIRS,n,nominal,2.0NRT,7.33,D,VIIRS_SNPP_NRT,True,353.93,310.43,0.37,0.58
51.75939,-3.05338,2026-08-13T14:01:00Z,2026-08-13,1401,N,VIIRS,n,nominal,2.0NRT,7.33,D,VIIRS_SNPP_NRT,True,348.82,302.42,0.37,0.58
51.76003,-3.05342,2026-08-13T14:01:00Z,2026-08-13,1401,N,VIIRS,n,nominal,2.0NRT,2.88,D,VIIRS_SNPP_NRT,True,339.45,300.9,0.37,0.58
51.76742,-3.3713,2026-08-13T14:01:00Z,2026-08-13,1401,N,VIIRS,n,nominal,2.0NRT,3.2,D,VIIRS_SNPP_NRT,True,341.45,302.18,0.36,0.57
51.77069,-3.37151,2026-08-13T14:01:00Z,2026-08-13,1401,N,VIIRS,n,nominal,2.0NRT,6.35,D,VIIRS_SNPP_NRT,True,342.91,301.4,0.36,0.57
51.77939,-3.33172,2026-08-13T14:01:00Z,2026-08-13,1401,N,VIIRS,n,nominal,2.0NRT,5.98,D,VIIRS_SNPP_NRT,True,338.4,295.98,0.36,0.58
51.81589,-3.1973,2026-08-13T14:01:00Z,2026-08-13,1401,N,VIIRS,n,nominal,2.0NRT,5.03,D,VIIRS_SNPP_NRT,True,337.25,304.92,0.37,0.58
51.82096,-3.2094,2026-08-13T14:01:00Z,2026-08-13,1401,N,VIIRS,h,high,2.0NRT,6.88,D,VIIRS_SNPP_NRT,True,367.0,311.05,0.37,0.58
51.82113,-3.20383,2026-08-13T14:01:00Z,2026-08-13,1401,N,VIIRS,n,nominal,2.0NRT,6.88,D,VIIRS_SNPP_NRT,True,344.36,306.99,0.37,0.58
51.82129,-3.19821,2026-08-13T14:01:00Z,2026-08-13,1401,N,VIIRS,l,low,2.0NRT,7.76,D,VIIRS_SNPP_NRT,True,333.89,303.91,0.37,0.58
51.82162,-3.18737,2026-08-13T14:01:00Z,2026-08-13,1401,N,VIIRS,l,low,2.0NRT,5.59,D,VIIRS_SNPP_NRT,True,331.69,303.96,0.37,0.58
51.82636,-3.21023,2026-08-13T14:01:00Z,2026-08-13,1401,N,VIIRS,n,nominal,2.0NRT,6.88,D,VIIRS_SNPP_NRT,True,351.68,306.26,0.37,0.58
51.82653,-3.20478,2026-08-13T14:01:00Z,2026-08-13,1401,N,VIIRS,n,nominal,2.0NRT,6.88,D,VIIRS_SNPP_NRT,True,352.11,308.75,0.37,0.58
51.8267,-3.19917,2026-08-13T14:01:00Z,2026-08-13,1401,N,VIIRS,l,low,2.0NRT,7.76,D,VIIRS_SNPP_NRT,True,332.61,305.67,0.37,0.58
51.82703,-3.18822,2026-08-13T14:01:00Z,2026-08-13,1401,N,VIIRS,n,nominal,2.0NRT,5.59,D,VIIRS_SNPP_NRT,True,358.16,307.32,0.37,0.58
51.82719,-3.18278,2026-08-13T14:01:00Z,2026-08-13,1401,N,VIIRS,n,nominal,2.0NRT,5.59,D,VIIRS_SNPP_NRT,True,333.33,300.21,0.37,0.58
51.83177,-3.21076,2026-08-13T14:01:00Z,2026-08-13,1401,N,VIIRS,n,nominal,2.0NRT,7.78,D,VIIRS_SNPP_NRT,True,350.88,310.33,0.37,0.58
51.83194,-3.20537,2026-08-13T14:01:00Z,2026-08-13,1401,N,VIIRS,n,nominal,2.0NRT,7.78,D,VIIRS_SNPP_NRT,True,356.24,310.95,0.37,0.58
51.83211,-3.19982,2026-08-13T14:01:00Z,2026-08-13,1401,N,VIIRS,n,nominal,2.0NRT,9.52,D,VIIRS_SNPP_NRT,True,350.48,306.93,0.37,0.58
51.83702,-3.2164,2026-08-13T14:01:00Z,2026-08-13,1401,N,VIIRS,n,nominal,2.0NRT,9.28,D,VIIRS_SNPP_NRT,True,352.54,307.07,0.37,0.58
51.83719,-3.21095,2026-08-13T14:01:00Z,2026-08-13,1401,N,VIIRS,n,nominal,2.0NRT,7.78,D,VIIRS_SNPP_NRT,True,349.14,309.85,0.37,0.58
51.83736,-3.20557,2026-08-13T14:01:00Z,2026-08-13,1401,N,VIIRS,n,nominal,2.0NRT,7.78,D,VIIRS_SNPP_NRT,True,349.61,309.3,0.37,0.58
51.83753,-3.19996,2026-08-13T14:01:00Z,2026-08-13,1401,N,VIIRS,n,nominal,2.0NRT,9.52,D,VIIRS_SNPP_NRT,True,352.28,308.45,0.37,0.58
51.83772,-3.19406,2026-08-13T14:01:00Z,2026-08-13,1401,N,VIIRS,h,high,2.0NRT,9.52,D,VIIRS_SNPP_NRT,True,367.0,308.34,0.37,0.58
51.83791,-3.18787,2026-08-13T14:01:00Z,2026-08-13,1401,N,VIIRS,n,nominal,2.0NRT,9.86,D,VIIRS_SNPP_NRT,True,341.45,304.54,0.37,0.58
51.84266,-3.20977,2026-08-13T14:01:00Z,2026-08-13,1401,N,VIIRS,n,nominal,2.0NRT,3.03,D,VIIRS_SNPP_NRT,True,334.8,300.36,0.37,0.58
51.84284,-3.20397,2026-08-13T14:01:00Z,2026-08-13,1401,N,VIIRS,n,nominal,2.0NRT,3.03,D,VIIRS_SNPP_NRT,True,334.35,301.9,0.37,0.58
51.8432,-3.19227,2026-08-13T14:01:00Z,2026-08-13,1401,N,VIIRS,n,nominal,2.0NRT,5.24,D,VIIRS_SNPP_NRT,True,333.39,300.33,0.37,0.58
52.07839,-3.77256,2026-08-13T14:01:00Z,2026-08-13,1401,N,VIIRS,n,nominal,2.0NRT,3.34,D,VIIRS_SNPP_NRT,True,333.51,296.62,0.35,0.57
52.07853,-3.76837,2026-08-13T14:01:00Z,2026-08-13,1401,N,VIIRS,n,nominal,2.0NRT,4.63,D,VIIRS_SNPP_NRT,True,335.86,296.37,0.35,0.57
52.08321,-3.7876,2026-08-13T14:01:00Z,2026-08-13,1401,N,VIIRS,n,nominal,2.0NRT,6.84,D,VIIRS_SNPP_NRT,True,342.19,298.52,0.35,0.57
52.08367,-3.77348,2026-08-13T14:01:00Z,2026-08-13,1401,N,VIIRS,n,nominal,2.0NRT,27.54,D,VIIRS_SNPP_NRT,True,344.33,300.28,0.35,0.57
52.08381,-3.76915,2026-08-13T14:01:00Z,2026-08-13,1401,N,VIIRS,l,low,2.0NRT,91.83,D,VIIRS_SNPP_NRT,True,367.0,340.03,0.35,0.57
52.08395,-3.76508,2026-08-13T14:01:00Z,2026-08-13,1401,N,VIIRS,l,low,2.0NRT,91.83,D,VIIRS_SNPP_NRT,True,367.0,335.19,0.35,0.57
52.0841,-3.76048,2026-08-13T14:01:00Z,2026-08-13,1401,N,VIIRS,h,high,2.0NRT,91.11,D,VIIRS_SNPP_NRT,True,367.0,328.61,0.35,0.57
52.08427,-3.75526,2026-08-13T14:01:00Z,2026-08-13,1401,N,VIIRS,n,nominal,2.0NRT,91.11,D,VIIRS_SNPP_NRT,True,351.11,294.36,0.35,0.57
52.08833,-3.79341,2026-08-13T14:01:00Z,2026-08-13,1401,N,VIIRS,n,nominal,2.0NRT,8.99,D,VIIRS_SNPP_NRT,True,350.3,304.83,0.35,0.57
52.08849,-3.78859,2026-08-13T14:01:00Z,2026-08-13,1401,N,VIIRS,n,nominal,2.0NRT,6.84,D,VIIRS_SNPP_NRT,True,352.42,304.23,0.35,0.57
52.08863,-3.78396,2026-08-13T14:01:00Z,2026-08-13,1401,N,VIIRS,n,nominal,2.0NRT,6.84,D,VIIRS_SNPP_NRT,True,343.1,301.57,0.35,0.57
52.08878,-3.77941,2026-08-13T14:01:00Z,2026-08-13,1401,N,VIIRS,n,nominal,2.0NRT,27.54,D,VIIRS_SNPP_NRT,True,350.96,303.71,0.35,0.57
52.08894,-3.77462,2026-08-13T14:01:00Z,2026-08-13,1401,N,VIIRS,n,nominal,2.0NRT,27.54,D,VIIRS_SNPP_NRT,True,341.17,300.87,0.35,0.57
52.08909,-3.77012,2026-08-13T14:01:00Z,2026-08-13,1401,N,VIIRS,n,nominal,2.0NRT,91.83,D,VIIRS_SNPP_NRT,True,346.99,295.99,0.35,0.57
52.08924,-3.76582,2026-08-13T14:01:00Z,2026-08-13,1401,N,VIIRS,n,nominal,2.0NRT,91.83,D,VIIRS_SNPP_NRT,True,354.05,295.85,0.35,0.57
52.08938,-3.76137,2026-08-13T14:01:00Z,2026-08-13,1401,N,VIIRS,h,high,2.0NRT,91.11,D,VIIRS_SNPP_NRT,True,367.0,299.21,0.35,0.57
52.09361,-3.79407,2026-08-13T14:01:00Z,2026-08-13,1401,N,VIIRS,n,nominal,2.0NRT,8.96,D,VIIRS_SNPP_NRT,True,354.19,304.09,0.35,0.57
52.09376,-3.78952,2026-08-13T14:01:00Z,2026-08-13,1401,N,VIIRS,h,high,2.0NRT,11.79,D,VIIRS_SNPP_NRT,True,367.0,305.87,0.35,0.57
52.09391,-3.78496,2026-08-13T14:01:00Z,2026-08-13,1401,N,VIIRS,n,nominal,2.0NRT,11.79,D,VIIRS_SNPP_NRT,True,350.35,304.83,0.35,0.57
52.09406,-3.78037,2026-08-13T14:01:00Z,2026-08-13,1401,N,VIIRS,h,high,2.0NRT,7.15,D,VIIRS_SNPP_NRT,True,367.0,305.68,0.35,0.57
52.09422,-3.77574,2026-08-13T14:01:00Z,2026-08-13,1401,N,VIIRS,n,nominal,2.0NRT,7.15,D,VIIRS_SNPP_NRT,True,346.95,301.39,0.35,0.57
52.09437,-3.77115,2026-08-13T14:01:00Z,2026-08-13,1401,N,VIIRS,n,nominal,2.0NRT,6.26,D,VIIRS_SNPP_NRT,True,336.88,301.02,0.35,0.57
52.09452,-3.76651,2026-08-13T14:01:00Z,2026-08-13,1401,N,VIIRS,n,nominal,2.0NRT,6.26,D,VIIRS_SNPP_NRT,True,330.97,298.53,0.35,0.57
52.09938,-3.78034,2026-08-13T14:01:00Z,2026-08-13,1401,N,VIIRS,n,nominal,2.0NRT,7.15,D,VIIRS_SNPP_NRT,True,355.69,299.59,0.35,0.57
52.09954,-3.77561,2026-08-13T14:01:00Z,2026-08-13,1401,N,VIIRS,n,nominal,2.0NRT,7.15,D,VIIRS_SNPP_NRT,True,342.36,297.84,0.35,0.57
52.09969,-3.77093,2026-08-13T14:01:00Z,2026-08-13,1401,N,VIIRS,h,high,2.0NRT,6.26,D,VIIRS_SNPP_NRT,True,367.0,300.46,0.35,0.57
52.09984,-3.76643,2026-08-13T14:01:00Z,2026-08-13,1401,N,VIIRS,h,high,2.0NRT,6.26,D,VIIRS_SNPP_NRT,True,367.0,299.5,0.35,0.57
52.09999,-3.76198,2026-08-13T14:01:00Z,2026-08-13,1401,N,VIIRS,h,high,2.0NRT,7.46,D,VIIRS_SNPP_NRT,True,367.0,298.02,0.35,0.57
52.10014,-3.7575,2026-08-13T14:01:00Z,2026-08-13,1401,N,VIIRS,n,nominal,2.0NRT,7.46,D,VIIRS_SNPP_NRT,True,334.8,295.17,0.35,0.57
52.26887,-3.49754,2026-08-13T14:01:00Z,2026-08-13,1401,N,VIIRS,n,nominal,2.0NRT,18.98,D,VIIRS_SNPP_NRT,True,348.87,304.71,0.36,0.57
52.27213,-3.5055,2026-08-13T14:01:00Z,2026-08-13,1401,N,VIIRS,h,high,2.0NRT,15.53,D,VIIRS_SNPP_NRT,True,367.0,304.92,0.36,0.57
52.2723,-3.50018,2026-08-13T14:01:00Z,2026-08-13,1401,N,VIIRS,h,high,2.0NRT,21.83,D,VIIRS_SNPP_NRT,True,367.0,321.12,0.36,0.57
52.27248,-3.49501,2026-08-13T14:01:00Z,2026-08-13,1401,N,VIIRS,h,high,2.0NRT,21.83,D,VIIRS_SNPP_NRT,True,367.0,302.8,0.36,0.57
52.2739,-3.50959,2026-08-13T14:01:00Z,2026-08-13,1401,N,VIIRS,n,nominal,2.0NRT,13.55,D,VIIRS_SNPP_NRT,True,338.42,300.97,0.36,0.57
52.27406,-3.50414,2026-08-13T14:01:00Z,2026-08-13,1401,N,VIIRS,n,nominal,2.0NRT,13.55,D,VIIRS_SNPP_NRT,True,356.18,318.97,0.36,0.57
52.2742,-3.49912,2026-08-13T14:01:00Z,2026-08-13,1401,N,VIIRS,h,high,2.0NRT,18.98,D,VIIRS_SNPP_NRT,True,367.0,319.27,0.36,0.57
52.27747,-3.50648,2026-08-13T14:01:00Z,2026-08-13,1401,N,VIIRS,n,nominal,2.0NRT,15.53,D,VIIRS_SNPP_NRT,True,354.81,308.63,0.36,0.57
52.27763,-3.5018,2026-08-13T14:01:00Z,2026-08-13,1401,N,VIIRS,h,high,2.0NRT,21.83,D,VIIRS_SNPP_NRT,True,367.0,321.88,0.36,0.57
52.27779,-3.49696,2026-08-13T14:01:00Z,2026-08-13,1401,N,VIIRS,n,nominal,2.0NRT,21.83,D,VIIRS_SNPP_NRT,True,337.21,300.83,0.36,0.57
52.2794,-3.5053,2026-08-13T14:01:00Z,2026-08-13,1401,N,VIIRS,n,nominal,2.0NRT,14.09,D,VIIRS_SNPP_NRT,True,353.17,313.13,0.36,0.57
52.27953,-3.50068,2026-08-13T14:01:00Z,2026-08-13,1401,N,VIIRS,h,high,2.0NRT,10.76,D,VIIRS_SNPP_NRT,True,367.0,308.0,0.36,0.57
52.28268,-3.51142,2026-08-13T14:01:00Z,2026-08-13,1401,N,VIIRS,h,high,2.0NRT,11.27,D,VIIRS_SNPP_NRT,True,367.0,303.74,0.36,0.57
52.28284,-3.50677,2026-08-13T14:01:00Z,2026-08-13,1401,N,VIIRS,n,nominal,2.0NRT,11.27,D,VIIRS_SNPP_NRT,True,355.27,307.34,0.36,0.57
52.28299,-3.5023,2026-08-13T14:01:00Z,2026-08-13,1401,N,VIIRS,n,nominal,2.0NRT,7.28,D,VIIRS_SNPP_NRT,True,348.06,308.97,0.36,0.57
52.28314,-3.49773,2026-08-13T14:01:00Z,2026-08-13,1401,N,VIIRS,n,nominal,2.0NRT,7.28,D,VIIRS_SNPP_NRT,True,332.0,306.46,0.36,0.57
52.28331,-3.49273,2026-08-13T14:01:00Z,2026-08-13,1401,N,VIIRS,l,low,2.0NRT,8.41,D,VIIRS_SNPP_NRT,True,331.6,305.58,0.36,0.57
52.28464,-3.50994,2026-08-13T14:01:00Z,2026-08-13,1401,N,VIIRS,h,high,2.0NRT,14.09,D,VIIRS_SNPP_NRT,True,367.0,306.28,0.36,0.57
52.28478,-3.50531,2026-08-13T14:01:00Z,2026-08-13,1401,N,VIIRS,n,nominal,2.0NRT,14.09,D,VIIRS_SNPP_NRT,True,330.42,302.7,0.36,0.57
52.28491,-3.50083,2026-08-13T14:01:00Z,2026-08-13,1401,N,VIIRS,n,nominal,2.0NRT,10.76,D,VIIRS_SNPP_NRT,True,336.3,306.37,0.36,0.57
52.28504,-3.49631,2026-08-13T14:01:00Z,2026-08-13,1401,N,VIIRS,n,nominal,2.0NRT,10.76,D,VIIRS_SNPP_NRT,True,333.24,306.04,0.36,0.57
53.42333,-2.72493,2026-08-13T14:01:00Z,2026-08-13,1401,N,VIIRS,n,nominal,2.0NRT,6.16,D,VIIRS_SNPP_NRT,True,354.84,298.15,0.39,0.6
51.75382,-3.05183,2026-08-13T14:22:00Z,2026-08-13,1422,N20,VIIRS,n,nominal,2.0NRT,16.21,D,VIIRS_NOAA20_NRT,True,343.66,300.99,0.71,0.75
51.81829,-3.20071,2026-08-13T14:22:00Z,2026-08-13,1422,N20,VIIRS,n,nominal,2.0NRT,16.65,D,VIIRS_NOAA20_NRT,True,342.89,299.93,0.7,0.75
51.82477,-3.18071,2026-08-13T14:22:00Z,2026-08-13,1422,N20,VIIRS,n,nominal,2.0NRT,23.43,D,VIIRS_NOAA20_NRT,True,332.26,288.49,0.7,0.75
51.82527,-3.2014,2026-08-13T14:22:00Z,2026-08-13,1422,N20,VIIRS,n,nominal,2.0NRT,19.1,D,VIIRS_NOAA20_NRT,True,344.02,299.46,0.7,0.75
51.83222,-3.20144,2026-08-13T14:22:00Z,2026-08-13,1422,N20,VIIRS,n,nominal,2.0NRT,19.1,D,VIIRS_NOAA20_NRT,True,351.43,302.51,0.7,0.75
51.83886,-3.18775,2026-08-13T14:22:00Z,2026-08-13,1422,N20,VIIRS,n,nominal,2.0NRT,11.57,D,VIIRS_NOAA20_NRT,True,344.65,298.42,0.7,0.75
51.83914,-3.19967,2026-08-13T14:22:00Z,2026-08-13,1422,N20,VIIRS,n,nominal,2.0NRT,10.03,D,VIIRS_NOAA20_NRT,True,335.62,300.17,0.7,0.75
51.83938,-3.21,2026-08-13T14:22:00Z,2026-08-13,1422,N20,VIIRS,n,nominal,2.0NRT,10.03,D,VIIRS_NOAA20_NRT,True,339.43,300.51,0.7,0.75
52.07753,-3.76197,2026-08-13T14:22:00Z,2026-08-13,1422,N20,VIIRS,h,high,2.0NRT,24.6,D,VIIRS_NOAA20_NRT,True,367.0,292.69,0.66,0.73
52.07766,-3.76927,2026-08-13T14:22:00Z,2026-08-13,1422,N20,VIIRS,n,nominal,2.0NRT,24.6,D,VIIRS_NOAA20_NRT,True,352.48,296.29,0.66,0.73
52.07841,-3.75826,2026-08-13T14:22:00Z,2026-08-13,1422,N20,VIIRS,h,high,2.0NRT,87.6,D,VIIRS_NOAA20_NRT,True,367.0,292.09,0.66,0.73
52.07859,-3.76665,2026-08-13T14:22:00Z,2026-08-13,1422,N20,VIIRS,n,nominal,2.0NRT,135.93,D,VIIRS_NOAA20_NRT,True,334.47,304.0,0.66,0.73
52.08417,-3.75278,2026-08-13T14:22:00Z,2026-08-13,1422,N20,VIIRS,h,high,2.0NRT,109.87,D,VIIRS_NOAA20_NRT,True,367.0,292.1,0.66,0.73
52.08448,-3.7699,2026-08-13T14:22:00Z,2026-08-13,1422,N20,VIIRS,n,nominal,2.0NRT,152.75,D,VIIRS_NOAA20_NRT,True,338.99,301.77,0.66,0.73
52.08463,-3.77774,2026-08-13T14:22:00Z,2026-08-13,1422,N20,VIIRS,n,nominal,2.0NRT,22.84,D,VIIRS_NOAA20_NRT,True,330.99,294.55,0.66,0.73
52.085,-3.74817,2026-08-13T14:22:00Z,2026-08-13,1422,N20,VIIRS,n,nominal,2.0NRT,87.6,D,VIIRS_NOAA20_NRT,True,331.3,290.17,0.66,0.73
52.08525,-3.75946,2026-08-13T14:22:00Z,2026-08-13,1422,N20,VIIRS,n,nominal,2.0NRT,87.6,D,VIIRS_NOAA20_NRT,True,351.19,303.24,0.66,0.73
52.08559,-3.77455,2026-08-13T14:22:00Z,2026-08-13,1422,N20,VIIRS,n,nominal,2.0NRT,135.93,D,VIIRS_NOAA20_NRT,True,335.23,295.23,0.66,0.73
52.08577,-3.78295,2026-08-13T14:22:00Z,2026-08-13,1422,N20,VIIRS,n,nominal,2.0NRT,25.76,D,VIIRS_NOAA20_NRT,True,332.22,294.94,0.66,0.73
52.0913,-3.77074,2026-08-13T14:22:00Z,2026-08-13,1422,N20,VIIRS,n,nominal,2.0NRT,152.75,D,VIIRS_NOAA20_NRT,True,344.39,294.55,0.66,0.73
52.09145,-3.77894,2026-08-13T14:22:00Z,2026-08-13,1422,N20,VIIRS,h,high,2.0NRT,22.84,D,VIIRS_NOAA20_NRT,True,367.0,299.91,0.66,0.73
52.0916,-3.78698,2026-08-13T14:22:00Z,2026-08-13,1422,N20,VIIRS,h,high,2.0NRT,22.84,D,VIIRS_NOAA20_NRT,True,367.0,299.42,0.66,0.73
52.09243,-3.77588,2026-08-13T14:22:00Z,2026-08-13,1422,N20,VIIRS,h,high,2.0NRT,17.55,D,VIIRS_NOAA20_NRT,True,367.0,298.34,0.66,0.73
52.0926,-3.78403,2026-08-13T14:22:00Z,2026-08-13,1422,N20,VIIRS,h,high,2.0NRT,16.99,D,VIIRS_NOAA20_NRT,True,367.0,298.51,0.66,0.73
52.09278,-3.79203,2026-08-13T14:22:00Z,2026-08-13,1422,N20,VIIRS,n,nominal,2.0NRT,16.99,D,VIIRS_NOAA20_NRT,True,331.67,296.98,0.66,0.73
52.09782,-3.75428,2026-08-13T14:22:00Z,2026-08-13,1422,N20,VIIRS,n,nominal,2.0NRT,6.18,D,VIIRS_NOAA20_NRT,True,331.81,290.66,0.66,0.73
52.09797,-3.76243,2026-08-13T14:22:00Z,2026-08-13,1422,N20,VIIRS,n,nominal,2.0NRT,12.07,D,VIIRS_NOAA20_NRT,True,345.08,294.29,0.66,0.73
52.09811,-3.77051,2026-08-13T14:22:00Z,2026-08-13,1422,N20,VIIRS,n,nominal,2.0NRT,12.07,D,VIIRS_NOAA20_NRT,True,349.06,295.68,0.66,0.73
52.09826,-3.77867,2026-08-13T14:22:00Z,2026-08-13,1422,N20,VIIRS,n,nominal,2.0NRT,9.02,D,VIIRS_NOAA20_NRT,True,336.81,294.19,0.66,0.73
52.09888,-3.75933,2026-08-13T14:22:00Z,2026-08-13,1422,N20,VIIRS,n,nominal,2.0NRT,15.09,D,VIIRS_NOAA20_NRT,True,340.41,292.9,0.66,0.73
52.09905,-3.76711,2026-08-13T14:22:00Z,2026-08-13,1422,N20,VIIRS,h,high,2.0NRT,17.55,D,VIIRS_NOAA20_NRT,True,367.0,295.79,0.66,0.73
52.09922,-3.77508,2026-08-13T14:22:00Z,2026-08-13,1422,N20,VIIRS,n,nominal,2.0NRT,17.55,D,VIIRS_NOAA20_NRT,True,334.39,293.42,0.66,0.73
52.27107,-3.48888,2026-08-13T14:22:00Z,2026-08-13,1422,N20,VIIRS,n,nominal,2.0NRT,20.98,D,VIIRS_NOAA20_NRT,True,335.27,291.17,0.68,0.74
52.27123,-3.48846,2026-08-13T14:22:00Z,2026-08-13,1422,N20,VIIRS,n,nominal,2.0NRT,36.25,D,VIIRS_NOAA20_NRT,True,335.07,291.58,0.68,0.74
52.27134,-3.49925,2026-08-13T14:22:00Z,2026-08-13,1422,N20,VIIRS,n,nominal,2.0NRT,20.98,D,VIIRS_NOAA20_NRT,True,355.55,306.44,0.68,0.74
52.27145,-3.49886,2026-08-13T14:22:00Z,2026-08-13,1422,N20,VIIRS,h,high,2.0NRT,28.98,D,VIIRS_NOAA20_NRT,True,367.0,307.68,0.68,0.74
52.27827,-3.50134,2026-08-13T14:22:00Z,2026-08-13,1422,N20,VIIRS,h,high,2.0NRT,48.37,D,VIIRS_NOAA20_NRT,True,367.0,304.92,0.68,0.74
52.27838,-3.50096,2026-08-13T14:22:00Z,2026-08-13,1422,N20,VIIRS,h,high,2.0NRT,28.98,D,VIIRS_NOAA20_NRT,True,367.0,304.24,0.68,0.74
52.27848,-3.50942,2026-08-13T14:22:00Z,2026-08-13,1422,N20,VIIRS,n,nominal,2.0NRT,27.89,D,VIIRS_NOAA20_NRT,True,356.29,297.79,0.68,0.74
52.27855,-3.50901,2026-08-13T14:22:00Z,2026-08-13,1422,N20,VIIRS,h,high,2.0NRT,28.98,D,VIIRS_NOAA20_NRT,True,367.0,298.45,0.68,0.74
51.39698,-3.39806,2026-08-14T01:37:00Z,2026-08-14,137,N21,VIIRS,n,nominal,2.0NRT,0.74,N,VIIRS_NOAA21_NRT,True,298.03,287.21,0.53,0.5
51.63205,-3.15978,2026-08-14T01:37:00Z,2026-08-14,137,N21,VIIRS,n,nominal,2.0NRT,0.53,N,VIIRS_NOAA21_NRT,True,299.34,287.45,0.52,0.5
51.65916,-3.4574,2026-08-14T01:37:00Z,2026-08-14,137,N21,VIIRS,n,nominal,2.0NRT,4.97,N,VIIRS_NOAA21_NRT,True,326.36,282.93,0.54,0.51
51.75489,-3.05613,2026-08-14T01:37:00Z,2026-08-14,137,N21,VIIRS,n,nominal,2.0NRT,10.34,N,VIIRS_NOAA21_NRT,True,305.69,288.91,0.52,0.5
51.75896,-3.04729,2026-08-14T01:37:00Z,2026-08-14,137,N21,VIIRS,n,nominal,2.0NRT,8.29,N,VIIRS_NOAA21_NRT,True,313.07,288.31,0.52,0.5
51.75945,-3.05499,2026-08-14T01:37:00Z,2026-08-14,137,N21,VIIRS,n,nominal,2.0NRT,10.34,N,VIIRS_NOAA21_NRT,True,344.2,300.85,0.52,0.5
51.7721,-3.33736,2026-08-14T01:37:00Z,2026-08-14,137,N21,VIIRS,n,nominal,2.0NRT,1.94,N,VIIRS_NOAA21_NRT,True,298.94,284.86,0.53,0.5
51.77625,-3.32863,2026-08-14T01:37:00Z,2026-08-14,137,N21,VIIRS,n,nominal,2.0NRT,1.94,N,VIIRS_NOAA21_NRT,True,311.6,285.05,0.53,0.5
51.77671,-3.33624,2026-08-14T01:37:00Z,2026-08-14,137,N21,VIIRS,n,nominal,2.0NRT,1.94,N,VIIRS_NOAA21_NRT,True,303.64,284.29,0.53,0.5
51.78086,-3.32751,2026-08-14T01:37:00Z,2026-08-14,137,N21,VIIRS,n,nominal,2.0NRT,2.46,N,VIIRS_NOAA21_NRT,True,303.88,282.49,0.53,0.5
51.78397,-3.3273,2026-08-14T01:37:00Z,2026-08-14,137,N21,VIIRS,n,nominal,2.0NRT,1.04,N,VIIRS_NOAA21_NRT,True,301.7,281.55,0.53,0.5
51.81349,-3.19156,2026-08-14T01:37:00Z,2026-08-14,137,N21,VIIRS,n,nominal,2.0NRT,2.94,N,VIIRS_NOAA21_NRT,True,298.28,287.52,0.53,0.5
51.81393,-3.19921,2026-08-14T01:37:00Z,2026-08-14,137,N21,VIIRS,n,nominal,2.0NRT,2.94,N,VIIRS_NOAA21_NRT,True,315.89,290.07,0.53,0.5
51.81762,-3.18276,2026-08-14T01:37:00Z,2026-08-14,137,N21,VIIRS,n,nominal,2.0NRT,1.18,N,VIIRS_NOAA21_NRT,True,299.38,287.38,0.52,0.5
51.81852,-3.19819,2026-08-14T01:37:00Z,2026-08-14,137,N21,VIIRS,n,nominal,2.0NRT,2.94,N,VIIRS_NOAA21_NRT,True,316.38,290.53,0.53,0.5
51.81896,-3.20572,2026-08-14T01:37:00Z,2026-08-14,137,N21,VIIRS,n,nominal,2.0NRT,4.53,N,VIIRS_NOAA21_NRT,True,321.32,291.87,0.53,0.5
51.81941,-3.21332,2026-08-14T01:37:00Z,2026-08-14,137,N21,VIIRS,n,nominal,2.0NRT,4.53,N,VIIRS_NOAA21_NRT,True,311.3,288.49,0.53,0.5
51.82311,-3.19719,2026-08-14T01:37:00Z,2026-08-14,137,N21,VIIRS,n,nominal,2.0NRT,2.36,N,VIIRS_NOAA21_NRT,True,298.93,287.74,0.53,0.5
51.82355,-3.20468,2026-08-14T01:37:00Z,2026-08-14,137,N21,VIIRS,n,nominal,2.0NRT,4.64,N,VIIRS_NOAA21_NRT,True,323.61,291.84,0.53,0.5
51.824,-3.21232,2026-08-14T01:37:00Z,2026-08-14,137,N21,VIIRS,n,nominal,2.0NRT,4.64,N,VIIRS_NOAA21_NRT,True,332.52,291.35,0.53,0.5
51.82724,-3.18847,2026-08-14T01:37:00Z,2026-08-14,137,N21,VIIRS,n,nominal,2.0NRT,2.36,N,VIIRS_NOAA21_NRT,True,303.05,287.39,0.53,0.5
51.82814,-3.20365,2026-08-14T01:37:00Z,2026-08-14,137,N21,VIIRS,n,nominal,2.0NRT,4.64,N,VIIRS_NOAA21_NRT,True,316.84,290.68,0.53,0.5
51.82859,-3.21136,2026-08-14T01:37:00Z,2026-08-14,137,N21,VIIRS,n,nominal,2.0NRT,4.64,N,VIIRS_NOAA21_NRT,True,304.56,287.67,0.53,0.5
51.83275,-3.20292,2026-08-14T01:37:00Z,2026-08-14,137,N21,VIIRS,n,nominal,2.0NRT,2.84,N,VIIRS_NOAA21_NRT,True,320.45,289.96,0.53,0.5
51.83321,-3.21066,2026-08-14T01:37:00Z,2026-08-14,137,N21,VIIRS,n,nominal,2.0NRT,2.84,N,VIIRS_NOAA21_NRT,True,307.84,287.87,0.53,0.5
51.83692,-3.19489,2026-08-14T01:37:00Z,2026-08-14,137,N21,VIIRS,n,nominal,2.0NRT,2.11,N,VIIRS_NOAA21_NRT,True,302.36,286.86,0.53,0.5
51.83736,-3.20234,2026-08-14T01:37:00Z,2026-08-14,137,N21,VIIRS,n,nominal,2.0NRT,2.84,N,VIIRS_NOAA21_NRT,True,303.36,286.95,0.53,0.5
51.63185,-3.15499,2026-08-14T02:13:00Z,2026-08-14,213,N,VIIRS,n,nominal,2.0NRT,1.0,N,VIIRS_SNPP_NRT,True,304.69,285.83,0.45,0.39
51.7529,-3.05062,2026-08-14T02:13:00Z,2026-08-14,213,N,VIIRS,n,nominal,2.0NRT,1.93,N,VIIRS_SNPP_NRT,True,312.58,287.05,0.45,0.39
51.7537,-3.05736,2026-08-14T02:13:00Z,2026-08-14,213,N,VIIRS,n,nominal,2.0NRT,1.12,N,VIIRS_SNPP_NRT,True,301.15,284.56,0.45,0.39
51.75412,-3.05027,2026-08-14T02:13:00Z,2026-08-14,213,N,VIIRS,n,nominal,2.0NRT,3.12,N,VIIRS_SNPP_NRT,True,308.9,286.46,0.45,0.39
51.7549,-3.05703,2026-08-14T02:13:00Z,2026-08-14,213,N,VIIRS,n,nominal,2.0NRT,3.12,N,VIIRS_SNPP_NRT,True,304.55,285.35,0.45,0.39
51.75644,-3.04942,2026-08-14T02:13:00Z,2026-08-14,213,N,VIIRS,n,nominal,2.0NRT,5.23,N,VIIRS_SNPP_NRT,True,296.21,283.6,0.45,0.39
51.75723,-3.05612,2026-08-14T02:13:00Z,2026-08-14,213,N,VIIRS,n,nominal,2.0NRT,9.66,N,VIIRS_SNPP_NRT,True,315.31,285.93,0.45,0.39
51.75767,-3.0491,2026-08-14T02:13:00Z,2026-08-14,213,N,VIIRS,n,nominal,2.0NRT,3.12,N,VIIRS_SNPP_NRT,True,321.59,284.8,0.45,0.39
51.75843,-3.05577,2026-08-14T02:13:00Z,2026-08-14,213,N,VIIRS,n,nominal,2.0NRT,3.12,N,VIIRS_SNPP_NRT,True,334.07,288.88,0.45,0.39
51.75998,-3.04832,2026-08-14T02:13:00Z,2026-08-14,213,N,VIIRS,n,nominal,2.0NRT,5.23,N,VIIRS_SNPP_NRT,True,334.52,293.5,0.45,0.39
51.76077,-3.05488,2026-08-14T02:13:00Z,2026-08-14,213,N,VIIRS,n,nominal,2.0NRT,9.66,N,VIIRS_SNPP_NRT,True,346.62,297.97,0.45,0.39
51.76122,-3.04802,2026-08-14T02:13:00Z,2026-08-14,213,N,VIIRS,n,nominal,2.0NRT,8.86,N,VIIRS_SNPP_NRT,True,330.88,288.88,0.45,0.39
51.76198,-3.05455,2026-08-14T02:13:00Z,2026-08-14,213,N,VIIRS,n,nominal,2.0NRT,8.86,N,VIIRS_SNPP_NRT,True,345.1,295.69,0.45,0.39
51.81501,-3.19447,2026-08-14T02:13:00Z,2026-08-14,213,N,VIIRS,n,nominal,2.0NRT,2.08,N,VIIRS_SNPP_NRT,True,309.44,286.49,0.46,0.39
51.81577,-3.20105,2026-08-14T02:13:00Z,2026-08-14,213,N,VIIRS,n,nominal,2.0NRT,2.08,N,VIIRS_SNPP_NRT,True,311.25,286.01,0.46,0.39
51.8178,-3.18667,2026-08-14T02:13:00Z,2026-08-14,213,N,VIIRS,n,nominal,2.0NRT,0.95,N,VIIRS_SNPP_NRT,True,299.97,284.53,0.46,0.39
51.81933,-3.19986,2026-08-14T02:13:00Z,2026-08-14,213,N,VIIRS,n,nominal,2.0NRT,2.08,N,VIIRS_SNPP_NRT,True,317.65,288.72,0.46,0.39
51.82008,-3.20641,2026-08-14T02:13:00Z,2026-08-14,213,N,VIIRS,n,nominal,2.0NRT,3.53,N,VIIRS_SNPP_NRT,True,326.16,290.71,0.46,0.39
51.82084,-3.21299,2026-08-14T02:13:00Z,2026-08-14,213,N,VIIRS,n,nominal,2.0NRT,3.53,N,VIIRS_SNPP_NRT,True,316.89,285.61,0.46,0.39
51.82136,-3.18545,2026-08-14T02:13:00Z,2026-08-14,213,N,VIIRS,n,nominal,2.0NRT,0.88,N,VIIRS_SNPP_NRT,True,298.05,284.76,0.46,0.39
51.82289,-3.19868,2026-08-14T02:13:00Z,2026-08-14,213,N,VIIRS,n,nominal,2.0NRT,1.21,N,VIIRS_SNPP_NRT,True,297.84,284.55,0.46,0.39
51.82364,-3.20522,2026-08-14T02:13:00Z,2026-08-14,213,N,VIIRS,n,nominal,2.0NRT,3.8,N,VIIRS_SNPP_NRT,True,327.01,290.97,0.46,0.39
51.82441,-3.21182,2026-08-14T02:13:00Z,2026-08-14,213,N,VIIRS,n,nominal,2.0NRT,3.8,N,VIIRS_SNPP_NRT,True,339.64,292.79,0.46,0.39
51.82492,-3.18428,2026-08-14T02:13:00Z,2026-08-14,213,N,VIIRS,n,nominal,2.0NRT,0.88,N,VIIRS_SNPP_NRT,True,302.18,284.71,0.46,0.39
51.82569,-3.1909,2026-08-14T02:13:00Z,2026-08-14,213,N,VIIRS,n,nominal,2.0NRT,1.21,N,VIIRS_SNPP_NRT,True,310.27,286.38,0.46,0.39
51.82645,-3.19749,2026-08-14T02:13:00Z,2026-08-14,213,N,VIIRS,n,nominal,2.0NRT,1.21,N,VIIRS_SNPP_NRT,True,297.05,284.71,0.46,0.39
51.82721,-3.20403,2026-08-14T02:13:00Z,2026-08-14,213,N,VIIRS,n,nominal,2.0NRT,3.8,N,VIIRS_SNPP_NRT,True,323.91,290.73,0.46,0.39
51.82797,-3.21065,2026-08-14T02:13:00Z,2026-08-14,213,N,VIIRS,n,nominal,2.0NRT,3.8,N,VIIRS_SNPP_NRT,True,312.33,286.77,0.46,0.39
51.82849,-3.18313,2026-08-14T02:13:00Z,2026-08-14,213,N,VIIRS,n,nominal,2.0NRT,0.83,N,VIIRS_SNPP_NRT,True,303.13,285.26,0.46,0.39
51.82925,-3.18976,2026-08-14T02:13:00Z,2026-08-14,213,N,VIIRS,n,nominal,2.0NRT,2.38,N,VIIRS_SNPP_NRT,True,307.74,285.83,0.46,0.39
51.83078,-3.20291,2026-08-14T02:13:00Z,2026-08-14,213,N,VIIRS,n,nominal,2.0NRT,2.65,N,VIIRS_SNPP_NRT,True,324.13,291.06,0.46,0.39
51.83154,-3.20955,2026-08-14T02:13:00Z,2026-08-14,213,N,VIIRS,n,nominal,2.0NRT,2.65,N,VIIRS_SNPP_NRT,True,315.46,288.72,0.46,0.39
51.83231,-3.2162,2026-08-14T02:13:00Z,2026-08-14,213,N,VIIRS,n,nominal,2.0NRT,1.33,N,VIIRS_SNPP_NRT,True,299.68,284.71,0.46,0.39
51.83435,-3.20185,2026-08-14T02:13:00Z,2026-08-14,213,N,VIIRS,n,nominal,2.0NRT,2.65,N,VIIRS_SNPP_NRT,True,323.08,289.18,0.46,0.39
51.83511,-3.20847,2026-08-14T02:13:00Z,2026-08-14,213,N,VIIRS,n,nominal,2.0NRT,2.65,N,VIIRS_SNPP_NRT,True,313.58,288.76,0.46,0.39
51.83589,-3.21513,2026-08-14T02:13:00Z,2026-08-14,213,N,VIIRS,n,nominal,2.0NRT,1.33,N,VIIRS_SNPP_NRT,True,307.03,286.34,0.46,0.39
51.83717,-3.1943,2026-08-14T02:13:00Z,2026-08-14,213,N,VIIRS,n,nominal,2.0NRT,2.4,N,VIIRS_SNPP_NRT,True,318.71,286.85,0.46,0.39
51.83793,-3.20083,2026-08-14T02:13:00Z,2026-08-14,213,N,VIIRS,n,nominal,2.0NRT,1.31,N,VIIRS_SNPP_NRT,True,308.36,286.47,0.46,0.39
51.83871,-3.20755,2026-08-14T02:13:00Z,2026-08-14,213,N,VIIRS,n,nominal,2.0NRT,1.31,N,VIIRS_SNPP_NRT,True,298.82,285.62,0.46,0.39
51.83948,-3.21423,2026-08-14T02:13:00Z,2026-08-14,213,N,VIIRS,n,nominal,2.0NRT,2.03,N,VIIRS_SNPP_NRT,True,308.94,285.88,0.46,0.39
51.84079,-3.19356,2026-08-14T02:13:00Z,2026-08-14,213,N,VIIRS,n,nominal,2.0NRT,2.4,N,VIIRS_SNPP_NRT,True,312.15,287.2,0.46,0.39
51.84156,-3.20019,2026-08-14T02:13:00Z,2026-08-14,213,N,VIIRS,n,nominal,2.0NRT,1.31,N,VIIRS_SNPP_NRT,True,301.49,285.44,0.46,0.39
51.84518,-3.19952,2026-08-14T02:13:00Z,2026-08-14,213,N,VIIRS,n,nominal,2.0NRT,0.65,N,VIIRS_SNPP_NRT,True,296.43,283.89,0.46,0.39
51.39756,-3.39275,2026-08-14T02:34:00Z,2026-08-14,234,N20,VIIRS,n,nominal,2.0NRT,0.6,N,VIIRS_NOAA20_NRT,True,298.83,285.85,0.39,0.36
51.49698,-3.40779,2026-08-14T02:34:00Z,2026-08-14,234,N20,VIIRS,n,nominal,2.0NRT,0.38,N,VIIRS_NOAA20_NRT,True,295.23,283.98,0.39,0.36
51.57371,-3.18908,2026-08-14T02:34:00Z,2026-08-14,234,N20,VIIRS,n,nominal,2.0NRT,0.67,N,VIIRS_NOAA20_NRT,True,298.37,287.54,0.39,0.36
51.63336,-3.1558,2026-08-14T02:34:00Z,2026-08-14,234,N20,VIIRS,n,nominal,2.0NRT,0.74,N,VIIRS_NOAA20_NRT,True,305.96,285.86,0.39,0.36
51.6608,-3.4521,2026-08-14T02:34:00Z,2026-08-14,234,N20,VIIRS,n,nominal,2.0NRT,0.98,N,VIIRS_NOAA20_NRT,True,316.93,288.06,0.39,0.36
51.66175,-3.45762,2026-08-14T02:34:00Z,2026-08-14,234,N20,VIIRS,n,nominal,2.0NRT,0.98,N,VIIRS_NOAA20_NRT,True,300.41,284.2,0.39,0.36
51.71686,-3.39689,2026-08-14T02:34:00Z,2026-08-14,234,N20,VIIRS,n,nominal,2.0NRT,0.58,N,VIIRS_NOAA20_NRT,True,300.72,286.99,0.39,0.36
51.75252,-3.04132,2026-08-14T02:34:00Z,2026-08-14,234,N20,VIIRS,n,nominal,2.0NRT,0.96,N,VIIRS_NOAA20_NRT,True,295.32,283.23,0.39,0.36
51.75443,-3.05229,2026-08-14T02:34:00Z,2026-08-14,234,N20,VIIRS,n,nominal,2.0NRT,1.66,N,VIIRS_NOAA20_NRT,True,321.38,288.65,0.39,0.36
51.75538,-3.05775,2026-08-14T02:34:00Z,2026-08-14,234,N20,VIIRS,n,nominal,2.0NRT,1.66,N,VIIRS_NOAA20_NRT,True,297.03,284.59,0.39,0.36
51.75768,-3.05086,2026-08-14T02:34:00Z,2026-08-14,234,N20,VIIRS,n,nominal,2.0NRT,1.66,N,VIIRS_NOAA20_NRT,True,317.28,284.57,0.39,0.36
51.75864,-3.05634,2026-08-14T02:34:00Z,2026-08-14,234,N20,VIIRS,n,nominal,2.0NRT,1.66,N,VIIRS_NOAA20_NRT,True,318.51,285.94,0.39,0.36
51.76093,-3.04941,2026-08-14T02:34:00Z,2026-08-14,234,N20,VIIRS,n,nominal,2.0NRT,13.74,N,VIIRS_NOAA20_NRT,True,345.29,304.33,0.39,0.36
51.76189,-3.05493,2026-08-14T02:34:00Z,2026-08-14,234,N20,VIIRS,n,nominal,2.0NRT,13.74,N,VIIRS_NOAA20_NRT,True,346.05,289.61,0.39,0.36
51.77114,-3.37109,2026-08-14T02:34:00Z,2026-08-14,234,N20,VIIRS,n,nominal,2.0NRT,0.94,N,VIIRS_NOAA20_NRT,True,302.35,286.7,0.39,0.36
51.77428,-3.32845,2026-08-14T02:34:00Z,2026-08-14,234,N20,VIIRS,n,nominal,2.0NRT,1.46,N,VIIRS_NOAA20_NRT,True,299.63,284.97,0.39,0.36
51.77523,-3.33397,2026-08-14T02:34:00Z,2026-08-14,234,N20,VIIRS,n,nominal,2.0NRT,1.46,N,VIIRS_NOAA20_NRT,True,311.04,287.7,0.39,0.36
51.77617,-3.33946,2026-08-14T02:34:00Z,2026-08-14,234,N20,VIIRS,n,nominal,2.0NRT,0.9,N,VIIRS_NOAA20_NRT,True,301.03,285.11,0.39,0.36
51.77753,-3.32704,2026-08-14T02:34:00Z,2026-08-14,234,N20,VIIRS,n,nominal,2.0NRT,1.46,N,VIIRS_NOAA20_NRT,True,310.29,287.46,0.39,0.36
51.77848,-3.33256,2026-08-14T02:34:00Z,2026-08-14,234,N20,VIIRS,n,nominal,2.0NRT,1.46,N,VIIRS_NOAA20_NRT,True,321.15,289.75,0.39,0.36
51.78077,-3.32563,2026-08-14T02:34:00Z,2026-08-14,234,N20,VIIRS,n,nominal,2.0NRT,0.82,N,VIIRS_NOAA20_NRT,True,305.97,285.66,0.39,0.36
51.78172,-3.33115,2026-08-14T02:34:00Z,2026-08-14,234,N20,VIIRS,n,nominal,2.0NRT,0.82,N,VIIRS_NOAA20_NRT,True,307.03,284.74,0.39,0.36
51.78402,-3.32421,2026-08-14T02:34:00Z,2026-08-14,234,N20,VIIRS,n,nominal,2.0NRT,0.82,N,VIIRS_NOAA20_NRT,True,300.52,284.32,0.39,0.36
51.78497,-3.32974,2026-08-14T02:34:00Z,2026-08-14,234,N20,VIIRS,n,nominal,2.0NRT,0.82,N,VIIRS_NOAA20_NRT,True,304.18,283.42,0.39,0.36
51.81365,-3.19232,2026-08-14T02:34:00Z,2026-08-14,234,N20,VIIRS,n,nominal,2.0NRT,1.45,N,VIIRS_NOAA20_NRT,True,302.01,288.44,0.39,0.36
51.8146,-3.19784,2026-08-14T02:34:00Z,2026-08-14,234,N20,VIIRS,n,nominal,2.0NRT,1.45,N,VIIRS_NOAA20_NRT,True,315.94,289.35,0.39,0.36
51.81784,-3.19641,2026-08-14T02:34:00Z,2026-08-14,234,N20,VIIRS,n,nominal,2.0NRT,1.45,N,VIIRS_NOAA20_NRT,True,313.32,290.87,0.39,0.36
51.8188,-3.20194,2026-08-14T02:34:00Z,2026-08-14,234,N20,VIIRS,n,nominal,2.0NRT,2.49,N,VIIRS_NOAA20_NRT,True,315.59,289.65,0.39,0.36
51.81919,-3.18396,2026-08-14T02:34:00Z,2026-08-14,234,N20,VIIRS,n,nominal,2.0NRT,0.74,N,VIIRS_NOAA20_NRT,True,305.64,287.71,0.39,0.36
51.81975,-3.20747,2026-08-14T02:34:00Z,2026-08-14,234,N20,VIIRS,n,nominal,2.0NRT,2.49,N,VIIRS_NOAA20_NRT,True,322.42,291.91,0.39,0.36
51.8207,-3.21299,2026-08-14T02:34:00Z,2026-08-14,234,N20,VIIRS,n,nominal,2.0NRT,0.94,N,VIIRS_NOAA20_NRT,True,302.08,286.4,0.39,0.36
51.82204,-3.20051,2026-08-14T02:34:00Z,2026-08-14,234,N20,VIIRS,n,nominal,2.0NRT,3.3,N,VIIRS_NOAA20_NRT,True,307.1,288.71,0.39,0.36
51.82243,-3.18254,2026-08-14T02:34:00Z,2026-08-14,234,N20,VIIRS,n,nominal,2.0NRT,0.74,N,VIIRS_NOAA20_NRT,True,297.96,286.85,0.39,0.36
51.82299,-3.20604,2026-08-14T02:34:00Z,2026-08-14,234,N20,VIIRS,n,nominal,2.0NRT,3.3,N,VIIRS_NOAA20_NRT,True,334.38,296.54,0.39,0.36
51.82338,-3.18805,2026-08-14T02:34:00Z,2026-08-14,234,N20,VIIRS,n,nominal,2.0NRT,1.13,N,VIIRS_NOAA20_NRT,True,298.8,286.62,0.39,0.36
51.82394,-3.21156,2026-08-14T02:34:00Z,2026-08-14,234,N20,VIIRS,n,nominal,2.0NRT,4.9,N,VIIRS_NOAA20_NRT,True,346.94,296.93,0.39,0.36
51.82433,-3.19356,2026-08-14T02:34:00Z,2026-08-14,234,N20,VIIRS,n,nominal,2.0NRT,1.13,N,VIIRS_NOAA20_NRT,True,306.11,288.48,0.39,0.36
51.82623,-3.20462,2026-08-14T02:34:00Z,2026-08-14,234,N20,VIIRS,n,nominal,2.0NRT,3.3,N,VIIRS_NOAA20_NRT,True,332.06,296.14,0.39,0.36
51.82663,-3.18662,2026-08-14T02:34:00Z,2026-08-14,234,N20,VIIRS,n,nominal,2.0NRT,2.45,N,VIIRS_NOAA20_NRT,True,328.07,292.28,0.39,0.36
51.82718,-3.21013,2026-08-14T02:34:00Z,2026-08-14,234,N20,VIIRS,n,nominal,2.0NRT,4.9,N,VIIRS_NOAA20_NRT,True,323.64,290.86,0.39,0.36
51.82853,-3.19765,2026-08-14T02:34:00Z,2026-08-14,234,N20,VIIRS,n,nominal,2.0NRT,2.12,N,VIIRS_NOAA20_NRT,True,299.19,287.79,0.39,0.36
51.82948,-3.20318,2026-08-14T02:34:00Z,2026-08-14,234,N20,VIIRS,n,nominal,2.0NRT,2.12,N,VIIRS_NOAA20_NRT,True,324.85,294.67,0.39,0.36
51.82987,-3.18516,2026-08-14T02:34:00Z,2026-08-14,234,N20,VIIRS,n,nominal,2.0NRT,2.45,N,VIIRS_NOAA20_NRT,True,309.1,288.55,0.39,0.36
51.83042,-3.20869,2026-08-14T02:34:00Z,2026-08-14,234,N20,VIIRS,n,nominal,2.0NRT,1.78,N,VIIRS_NOAA20_NRT,True,316.27,290.16,0.39,0.36
51.83137,-3.21419,2026-08-14T02:34:00Z,2026-08-14,234,N20,VIIRS,n,nominal,2.0NRT,1.78,N,VIIRS_NOAA20_NRT,True,299.88,285.37,0.39,0.36
51.83272,-3.20172,2026-08-14T02:34:00Z,2026-08-14,234,N20,VIIRS,n,nominal,2.0NRT,2.12,N,VIIRS_NOAA20_NRT,True,324.48,293.89,0.39,0.36
51.83366,-3.20724,2026-08-14T02:34:00Z,2026-08-14,234,N20,VIIRS,n,nominal,2.0NRT,1.78,N,VIIRS_NOAA20_NRT,True,319.1,293.11,0.39,0.36
51.83461,-3.21274,2026-08-14T02:34:00Z,2026-08-14,234,N20,VIIRS,n,nominal,2.0NRT,1.78,N,VIIRS_NOAA20_NRT,True,316.32,289.91,0.39,0.36
51.83596,-3.20026,2026-08-14T02:34:00Z,2026-08-14,234,N20,VIIRS,n,nominal,2.0NRT,2.16,N,VIIRS_NOAA20_NRT,True,322.63,291.77,0.39,0.36
51.8369,-3.20577,2026-08-14T02:34:00Z,2026-08-14,234,N20,VIIRS,n,nominal,2.0NRT,0.89,N,VIIRS_NOAA20_NRT,True,309.45,286.14,0.39,0.36
51.83784,-3.21126,2026-08-14T02:34:00Z,2026-08-14,234,N20,VIIRS,n,nominal,2.0NRT,0.89,N,VIIRS_NOAA20_NRT,True,304.36,287.46,0.39,0.36
51.83824,-3.19323,2026-08-14T02:34:00Z,2026-08-14,234,N20,VIIRS,n,nominal,2.0NRT,2.16,N,VIIRS_NOAA20_NRT,True,321.4,290.78,0.39,0.36
51.83879,-3.21676,2026-08-14T02:34:00Z,2026-08-14,234,N20,VIIRS,n,nominal,2.0NRT,0.66,N,VIIRS_NOAA20_NRT,True,301.73,280.92,0.39,0.36
51.83919,-3.19875,2026-08-14T02:34:00Z,2026-08-14,234,N20,VIIRS,n,nominal,2.0NRT,2.16,N,VIIRS_NOAA20_NRT,True,311.03,290.17,0.39,0.36
51.84013,-3.20424,2026-08-14T02:34:00Z,2026-08-14,234,N20,VIIRS,n,nominal,2.0NRT,0.89,N,VIIRS_NOAA20_NRT,True,298.93,285.04,0.39,0.36
51.84107,-3.20973,2026-08-14T02:34:00Z,2026-08-14,234,N20,VIIRS,n,nominal,2.0NRT,0.89,N,VIIRS_NOAA20_NRT,True,297.99,286.14,0.39,0.36
51.84146,-3.19166,2026-08-14T02:34:00Z,2026-08-14,234,N20,VIIRS,n,nominal,2.0NRT,1.21,N,VIIRS_NOAA20_NRT,True,308.99,287.57,0.39,0.36
51.84202,-3.21524,2026-08-14T02:34:00Z,2026-08-14,234,N20,VIIRS,n,nominal,2.0NRT,0.66,N,VIIRS_NOAA20_NRT,True,296.82,284.24,0.39,0.36
51.84241,-3.19718,2026-08-14T02:34:00Z,2026-08-14,234,N20,VIIRS,n,nominal,2.0NRT,1.21,N,VIIRS_NOAA20_NRT,True,303.63,287.5,0.39,0.36
51.84335,-3.20267,2026-08-14T02:34:00Z,2026-08-14,234,N20,VIIRS,n,nominal,2.0NRT,1.05,N,VIIRS_NOAA20_NRT,True,300.23,287.52,0.39,0.36
53.15039,-3.06163,2026-08-14T02:34:00Z,2026-08-14,234,N20,VIIRS,n,nominal,2.0NRT,0.63,N,VIIRS_NOAA20_NRT,True,298.83,283.82,0.39,0.36
51.39805,-3.39537,2026-08-14T03:17:00Z,2026-08-14,317,N21,VIIRS,n,nominal,2.0NRT,0.82,N,VIIRS_NOAA21_NRT,True,303.39,283.03,0.33,0.55
51.75175,-3.05062,2026-08-14T03:17:00Z,2026-08-14,317,N21,VIIRS,n,nominal,2.0NRT,0.98,N,VIIRS_NOAA21_NRT,True,300.54,285.0,0.33,0.55
51.75295,-3.05467,2026-08-14T03:17:00Z,2026-08-14,317,N21,VIIRS,n,nominal,2.0NRT,0.98,N,VIIRS_NOAA21_NRT,True,304.0,286.73,0.33,0.55
51.75776,-3.05173,2026-08-14T03:17:00Z,2026-08-14,317,N21,VIIRS,n,nominal,2.0NRT,7.18,N,VIIRS_NOAA21_NRT,True,338.9,291.04,0.33,0.55
51.75898,-3.05587,2026-08-14T03:17:00Z,2026-08-14,317,N21,VIIRS,n,nominal,2.0NRT,7.76,N,VIIRS_NOAA21_NRT,True,334.95,288.62,0.33,0.55
51.77325,-3.33372,2026-08-14T03:17:00Z,2026-08-14,317,N21,VIIRS,n,nominal,2.0NRT,1.61,N,VIIRS_NOAA21_NRT,True,305.79,285.6,0.32,0.55
51.77451,-3.33806,2026-08-14T03:17:00Z,2026-08-14,317,N21,VIIRS,n,nominal,2.0NRT,1.09,N,VIIRS_NOAA21_NRT,True,301.18,285.51,0.32,0.55
51.77662,-3.32604,2026-08-14T03:17:00Z,2026-08-14,317,N21,VIIRS,n,nominal,2.0NRT,0.9,N,VIIRS_NOAA21_NRT,True,305.88,285.55,0.32,0.55
51.77794,-3.3306,2026-08-14T03:17:00Z,2026-08-14,317,N21,VIIRS,n,nominal,2.0NRT,0.9,N,VIIRS_NOAA21_NRT,True,310.29,286.19,0.32,0.55
51.78129,-3.32287,2026-08-14T03:17:00Z,2026-08-14,317,N21,VIIRS,n,nominal,2.0NRT,0.9,N,VIIRS_NOAA21_NRT,True,297.8,284.52,0.32,0.55
51.78264,-3.32752,2026-08-14T03:17:00Z,2026-08-14,317,N21,VIIRS,n,nominal,2.0NRT,0.9,N,VIIRS_NOAA21_NRT,True,301.19,283.75,0.32,0.55
51.81332,-3.20183,2026-08-14T03:17:00Z,2026-08-14,317,N21,VIIRS,n,nominal,2.0NRT,1.77,N,VIIRS_NOAA21_NRT,True,299.64,285.31,0.33,0.55
51.81801,-3.19864,2026-08-14T03:17:00Z,2026-08-14,317,N21,VIIRS,n,nominal,2.0NRT,1.77,N,VIIRS_NOAA21_NRT,True,311.01,287.9,0.33,0.55
51.81933,-3.20312,2026-08-14T03:17:00Z,2026-08-14,317,N21,VIIRS,n,nominal,2.0NRT,3.12,N,VIIRS_NOAA21_NRT,True,304.86,286.91,0.33,0.55
51.82064,-3.20762,2026-08-14T03:17:00Z,2026-08-14,317,N21,VIIRS,n,nominal,2.0NRT,3.12,N,VIIRS_NOAA21_NRT,True,324.8,290.34,0.33,0.55
51.82194,-3.21201,2026-08-14T03:17:00Z,2026-08-14,317,N21,VIIRS,n,nominal,2.0NRT,5.34,N,VIIRS_NOAA21_NRT,True,334.18,290.68,0.33,0.55
51.82269,-3.1954,2026-08-14T03:17:00Z,2026-08-14,317,N21,VIIRS,n,nominal,2.0NRT,1.69,N,VIIRS_NOAA21_NRT,True,297.17,285.58,0.33,0.55
51.82533,-3.2044,2026-08-14T03:17:00Z,2026-08-14,317,N21,VIIRS,n,nominal,2.0NRT,2.17,N,VIIRS_NOAA21_NRT,True,313.45,288.3,0.33,0.55
51.82611,-3.18789,2026-08-14T03:17:00Z,2026-08-14,317,N21,VIIRS,n,nominal,2.0NRT,1.69,N,VIIRS_NOAA21_NRT,True,316.84,288.81,0.33,0.55
51.82661,-3.20879,2026-08-14T03:17:00Z,2026-08-14,317,N21,VIIRS,n,nominal,2.0NRT,1.43,N,VIIRS_NOAA21_NRT,True,318.83,289.13,0.33,0.55
51.82788,-3.21312,2026-08-14T03:17:00Z,2026-08-14,317,N21,VIIRS,n,nominal,2.0NRT,1.43,N,VIIRS_NOAA21_NRT,True,296.53,285.07,0.33,0.55
51.82997,-3.20107,2026-08-14T03:17:00Z,2026-08-14,317,N21,VIIRS,n,nominal,2.0NRT,2.17,N,VIIRS_NOAA21_NRT,True,306.76,286.63,0.33,0.55
51.83125,-3.20542,2026-08-14T03:17:00Z,2026-08-14,317,N21,VIIRS,n,nominal,2.0NRT,1.43,N,VIIRS_NOAA21_NRT,True,301.41,285.62,0.33,0.55
51.83249,-3.20965,2026-08-14T03:17:00Z,2026-08-14,317,N21,VIIRS,n,nominal,2.0NRT,1.43,N,VIIRS_NOAA21_NRT,True,302.98,286.04,0.33,0.55
51.83453,-3.19742,2026-08-14T03:17:00Z,2026-08-14,317,N21,VIIRS,n,nominal,2.0NRT,0.97,N,VIIRS_NOAA21_NRT,True,298.31,284.51,0.33,0.55
51.83942,-3.21414,2026-08-14T03:17:00Z,2026-08-14,317,N21,VIIRS,n,nominal,2.0NRT,1.08,N,VIIRS_NOAA21_NRT,True,299.01,284.13,0.33,0.55
51.77536,-3.33018,2026-08-14T03:53:00Z,2026-08-14,353,N,VIIRS,n,nominal,2.0NRT,1.59,N,VIIRS_SNPP_NRT,True,296.51,283.45,0.55,0.68
51.78111,-3.32564,2026-08-14T03:53:00Z,2026-08-14,353,N,VIIRS,n,nominal,2.0NRT,1.21,N,VIIRS_SNPP_NRT,True,296.01,283.18,0.55,0.68
51.81888,-3.19686,2026-08-14T03:53:00Z,2026-08-14,353,N,VIIRS,n,nominal,2.0NRT,2.28,N,VIIRS_SNPP_NRT,True,299.33,282.48,0.55,0.68
51.8217,-3.20451,2026-08-14T03:53:00Z,2026-08-14,353,N,VIIRS,n,nominal,2.0NRT,2.18,N,VIIRS_SNPP_NRT,True,305.58,283.37,0.55,0.68
51.82444,-3.21197,2026-08-14T03:53:00Z,2026-08-14,353,N,VIIRS,n,nominal,2.0NRT,2.18,N,VIIRS_SNPP_NRT,True,305.27,282.93,0.55,0.68
51.76183,-3.05306,2026-08-14T11:28:00Z,2026-08-14,1128,N21,VIIRS,n,nominal,2.0NRT,7.15,D,VIIRS_NOAA21_NRT,True,334.94,281.61,0.64,0.72
51.76101,-3.05279,2026-08-14T12:02:00Z,2026-08-14,1202,N,VIIRS,h,high,2.0NRT,6.0,D,VIIRS_SNPP_NRT,True,367.0,292.71,0.36,0.57
51.77592,-3.33004,2026-08-14T12:04:00Z,2026-08-14,1204,N,VIIRS,n,nominal,2.0NRT,4.26,D,VIIRS_SNPP_NRT,True,327.51,287.09,0.36,0.58
51.81958,-3.2077,2026-08-14T12:04:00Z,2026-08-14,1204,N,VIIRS,n,nominal,2.0NRT,5.59,D,VIIRS_SNPP_NRT,True,328.69,294.71,0.36,0.57
51.82452,-3.21112,2026-08-14T12:04:00Z,2026-08-14,1204,N,VIIRS,n,nominal,2.0NRT,5.59,D,VIIRS_SNPP_NRT,True,344.34,290.28,0.36,0.57
51.75653,-3.05138,2026-08-14T12:21:00Z,2026-08-14,1221,N20,VIIRS,n,nominal,2.0NRT,7.2,D,VIIRS_NOAA20_NRT,True,334.27,296.53,0.41,0.45
51.75789,-3.04568,2026-08-14T12:21:00Z,2026-08-14,1221,N20,VIIRS,n,nominal,2.0NRT,3.64,D,VIIRS_NOAA20_NRT,True,336.0,289.37,0.41,0.45
51.76041,-3.05375,2026-08-14T12:21:00Z,2026-08-14,1221,N20,VIIRS,n,nominal,2.0NRT,9.7,D,VIIRS_NOAA20_NRT,True,348.11,298.18,0.41,0.45
51.76176,-3.0481,2026-08-14T12:21:00Z,2026-08-14,1221,N20,VIIRS,n,nominal,2.0NRT,6.36,D,VIIRS_NOAA20_NRT,True,336.14,290.09,0.41,0.45
51.82014,-3.20792,2026-08-14T12:21:00Z,2026-08-14,1221,N20,VIIRS,n,nominal,2.0NRT,4.52,D,VIIRS_NOAA20_NRT,True,335.64,287.99,0.41,0.45
51.82407,-3.21016,2026-08-14T12:21:00Z,2026-08-14,1221,N20,VIIRS,n,nominal,2.0NRT,4.52,D,VIIRS_NOAA20_NRT,True,340.45,287.17,0.41,0.45
51.82544,-3.20445,2026-08-14T12:21:00Z,2026-08-14,1221,N20,VIIRS,n,nominal,2.0NRT,4.52,D,VIIRS_NOAA20_NRT,True,328.91,284.92,0.41,0.45
51.83458,-3.20353,2026-08-14T12:21:00Z,2026-08-14,1221,N20,VIIRS,n,nominal,2.0NRT,4.78,D,VIIRS_NOAA20_NRT,True,330.41,287.01,0.41,0.45
51.83592,-3.19798,2026-08-14T12:21:00Z,2026-08-14,1221,N20,VIIRS,n,nominal,2.0NRT,4.78,D,VIIRS_NOAA20_NRT,True,328.82,287.94,0.41,0.45
51.83708,-3.21174,2026-08-14T12:21:00Z,2026-08-14,1221,N20,VIIRS,n,nominal,2.0NRT,5.05,D,VIIRS_NOAA20_NRT,True,329.39,287.07,0.41,0.45
51.65706,-3.45035,2026-08-14T13:08:00Z,2026-08-14,1308,N21,VIIRS,n,nominal,2.0NRT,1.51,D,VIIRS_NOAA21_NRT,True,329.42,280.31,0.41,0.37
51.76048,-3.04896,2026-08-14T13:08:00Z,2026-08-14,1308,N21,VIIRS,n,nominal,2.0NRT,7.32,D,VIIRS_NOAA21_NRT,True,341.5,287.92,0.42,0.38
51.77764,-3.33056,2026-08-14T13:08:00Z,2026-08-14,1308,N21,VIIRS,n,nominal,2.0NRT,6.56,D,VIIRS_NOAA21_NRT,True,330.95,293.08,0.42,0.37
51.83561,-3.20628,2026-08-14T13:08:00Z,2026-08-14,1308,N21,VIIRS,n,nominal,2.0NRT,5.53,D,VIIRS_NOAA21_NRT,True,329.76,286.92,0.42,0.38
51.83636,-3.20024,2026-08-14T13:08:00Z,2026-08-14,1308,N21,VIIRS,n,nominal,2.0NRT,5.53,D,VIIRS_NOAA21_NRT,True,333.62,287.46,0.42,0.38
51.83827,-3.2133,2026-08-14T13:08:00Z,2026-08-14,1308,N21,VIIRS,n,nominal,2.0NRT,8.23,D,VIIRS_NOAA21_NRT,True,335.31,288.56,0.42,0.38
51.63451,-3.62854,2026-08-14T13:44:00Z,2026-08-14,1344,N,VIIRS,n,nominal,2.0NRT,2.54,D,VIIRS_SNPP_NRT,True,329.27,284.93,0.44,0.46
51.75974,-3.05017,2026-08-14T13:44:00Z,2026-08-14,1344,N,VIIRS,n,nominal,2.0NRT,6.87,D,VIIRS_SNPP_NRT,True,336.27,274.72,0.47,0.48
51.78076,-3.31941,2026-08-14T14:01:00Z,2026-08-14,1401,N20,VIIRS,n,nominal,2.0NRT,2.09,D,VIIRS_NOAA20_NRT,True,327.45,280.83,0.43,0.62
51.78149,-3.32219,2026-08-14T14:01:00Z,2026-08-14,1401,N20,VIIRS,n,nominal,2.0NRT,2.34,D,VIIRS_NOAA20_NRT,True,328.36,280.86,0.43,0.62
51.82359,-3.20913,2026-08-14T14:01:00Z,2026-08-14,1401,N20,VIIRS,n,nominal,2.0NRT,6.61,D,VIIRS_NOAA20_NRT,True,342.29,289.7,0.44,0.62
51.82369,-3.20262,2026-08-14T14:01:00Z,2026-08-14,1401,N20,VIIRS,n,nominal,2.0NRT,6.61,D,VIIRS_NOAA20_NRT,True,329.44,287.7,0.44,0.62
51.82945,-3.20347,2026-08-14T14:01:00Z,2026-08-14,1401,N20,VIIRS,n,nominal,2.0NRT,6.27,D,VIIRS_NOAA20_NRT,True,327.54,288.79,0.44,0.62
51.83522,-3.20351,2026-08-14T14:01:00Z,2026-08-14,1401,N20,VIIRS,n,nominal,2.0NRT,6.27,D,VIIRS_NOAA20_NRT,True,327.6,288.27,0.44,0.62
51.83533,-3.19691,2026-08-14T14:01:00Z,2026-08-14,1401,N20,VIIRS,n,nominal,2.0NRT,9.74,D,VIIRS_NOAA20_NRT,True,328.49,287.91,0.44,0.62
51.68381,-5.03216,2026-08-15T01:20:00Z,2026-08-15,120,N21,VIIRS,n,nominal,2.0NRT,1.19,N,VIIRS_NOAA21_NRT,True,301.63,289.27,0.51,0.66
51.75817,-3.05267,2026-08-15T01:20:00Z,2026-08-15,120,N21,VIIRS,n,nominal,2.0NRT,2.62,N,VIIRS_NOAA21_NRT,True,308.79,280.93,0.42,0.61
51.77486,-3.32906,2026-08-15T01:20:00Z,2026-08-15,120,N21,VIIRS,n,nominal,2.0NRT,2.43,N,VIIRS_NOAA21_NRT,True,313.42,287.37,0.43,0.62
51.77497,-3.3352,2026-08-15T01:20:00Z,2026-08-15,120,N21,VIIRS,n,nominal,2.0NRT,2.29,N,VIIRS_NOAA21_NRT,True,321.79,287.88,0.43,0.62
51.77509,-3.3417,2026-08-15T01:20:00Z,2026-08-15,120,N21,VIIRS,n,nominal,2.0NRT,2.29,N,VIIRS_NOAA21_NRT,True,298.2,285.26,0.43,0.62
51.78044,-3.3221,2026-08-15T01:20:00Z,2026-08-15,120,N21,VIIRS,n,nominal,2.0NRT,2.43,N,VIIRS_NOAA21_NRT,True,305.28,285.75,0.43,0.62
51.78055,-3.328,2026-08-15T01:20:00Z,2026-08-15,120,N21,VIIRS,n,nominal,2.0NRT,2.43,N,VIIRS_NOAA21_NRT,True,307.1,285.97,0.43,0.62
51.78066,-3.33408,2026-08-15T01:20:00Z,2026-08-15,120,N21,VIIRS,n,nominal,2.0NRT,2.29,N,VIIRS_NOAA21_NRT,True,302.64,285.56,0.43,0.62
51.81438,-3.19359,2026-08-15T01:20:00Z,2026-08-15,120,N21,VIIRS,n,nominal,2.0NRT,2.29,N,VIIRS_NOAA21_NRT,True,300.87,285.47,0.42,0.61
51.81448,-3.19978,2026-08-15T01:20:00Z,2026-08-15,120,N21,VIIRS,n,nominal,2.0NRT,3.78,N,VIIRS_NOAA21_NRT,True,316.37,287.25,0.42,0.61
51.81773,-3.19569,2026-08-15T01:20:00Z,2026-08-15,120,N21,VIIRS,n,nominal,2.0NRT,1.89,N,VIIRS_NOAA21_NRT,True,300.42,285.27,0.42,0.61
51.81787,-3.20179,2026-08-15T01:20:00Z,2026-08-15,120,N21,VIIRS,n,nominal,2.0NRT,1.89,N,VIIRS_NOAA21_NRT,True,317.18,287.55,0.42,0.61
51.818,-3.20789,2026-08-15T01:20:00Z,2026-08-15,120,N21,VIIRS,n,nominal,2.0NRT,4.86,N,VIIRS_NOAA21_NRT,True,312.66,286.7,0.42,0.61
51.82015,-3.19888,2026-08-15T01:20:00Z,2026-08-15,120,N21,VIIRS,n,nominal,2.0NRT,3.79,N,VIIRS_NOAA21_NRT,True,310.57,285.92,0.42,0.61
51.82025,-3.20493,2026-08-15T01:20:00Z,2026-08-15,120,N21,VIIRS,n,nominal,2.0NRT,3.79,N,VIIRS_NOAA21_NRT,True,315.61,287.18,0.42,0.61
51.82035,-3.21105,2026-08-15T01:20:00Z,2026-08-15,120,N21,VIIRS,n,nominal,2.0NRT,6.97,N,VIIRS_NOAA21_NRT,True,334.98,290.28,0.42,0.61
51.82339,-3.19484,2026-08-15T01:20:00Z,2026-08-15,120,N21,VIIRS,n,nominal,2.0NRT,1.89,N,VIIRS_NOAA21_NRT,True,296.79,284.76,0.42,0.61
51.82352,-3.2009,2026-08-15T01:20:00Z,2026-08-15,120,N21,VIIRS,n,nominal,2.0NRT,1.89,N,VIIRS_NOAA21_NRT,True,298.38,285.0,0.42,0.61
51.82365,-3.20697,2026-08-15T01:20:00Z,2026-08-15,120,N21,VIIRS,n,nominal,2.0NRT,4.86,N,VIIRS_NOAA21_NRT,True,330.02,290.32,0.42,0.61
51.82379,-3.2132,2026-08-15T01:20:00Z,2026-08-15,120,N21,VIIRS,n,nominal,2.0NRT,4.86,N,VIIRS_NOAA21_NRT,True,334.79,290.38,0.42,0.61
51.8257,-3.19179,2026-08-15T01:20:00Z,2026-08-15,120,N21,VIIRS,n,nominal,2.0NRT,2.86,N,VIIRS_NOAA21_NRT,True,295.15,284.48,0.42,0.61
51.82591,-3.20402,2026-08-15T01:20:00Z,2026-08-15,120,N21,VIIRS,n,nominal,2.0NRT,3.79,N,VIIRS_NOAA21_NRT,True,314.92,287.55,0.42,0.61
51.82602,-3.21024,2026-08-15T01:20:00Z,2026-08-15,120,N21,VIIRS,n,nominal,2.0NRT,6.97,N,VIIRS_NOAA21_NRT,True,324.58,288.82,0.42,0.61
51.82919,-3.2001,2026-08-15T01:20:00Z,2026-08-15,120,N21,VIIRS,n,nominal,2.0NRT,1.35,N,VIIRS_NOAA21_NRT,True,298.57,285.45,0.42,0.61
51.82932,-3.20615,2026-08-15T01:20:00Z,2026-08-15,120,N21,VIIRS,n,nominal,2.0NRT,1.92,N,VIIRS_NOAA21_NRT,True,312.97,287.49,0.42,0.61
51.82945,-3.21255,2026-08-15T01:20:00Z,2026-08-15,120,N21,VIIRS,n,nominal,2.0NRT,1.92,N,VIIRS_NOAA21_NRT,True,303.78,285.89,0.42,0.61
51.83158,-3.20344,2026-08-15T01:20:00Z,2026-08-15,120,N21,VIIRS,n,nominal,2.0NRT,2.15,N,VIIRS_NOAA21_NRT,True,309.75,286.83,0.42,0.61
51.83169,-3.20974,2026-08-15T01:20:00Z,2026-08-15,120,N21,VIIRS,n,nominal,2.0NRT,1.68,N,VIIRS_NOAA21_NRT,True,309.23,287.54,0.42,0.61
51.8318,-3.21605,2026-08-15T01:20:00Z,2026-08-15,120,N21,VIIRS,n,nominal,2.0NRT,1.68,N,VIIRS_NOAA21_NRT,True,302.61,285.51,0.42,0.61
51.83485,-3.19987,2026-08-15T01:20:00Z,2026-08-15,120,N21,VIIRS,n,nominal,2.0NRT,1.35,N,VIIRS_NOAA21_NRT,True,299.31,284.71,0.42,0.61
51.83499,-3.20604,2026-08-15T01:20:00Z,2026-08-15,120,N21,VIIRS,n,nominal,2.0NRT,1.92,N,VIIRS_NOAA21_NRT,True,309.44,286.59,0.42,0.61
51.83513,-3.21234,2026-08-15T01:20:00Z,2026-08-15,120,N21,VIIRS,n,nominal,2.0NRT,1.92,N,VIIRS_NOAA21_NRT,True,307.43,287.12,0.42,0.61
51.83527,-3.21855,2026-08-15T01:20:00Z,2026-08-15,120,N21,VIIRS,n,nominal,2.0NRT,1.71,N,VIIRS_NOAA21_NRT,True,297.39,284.42,0.42,0.61
51.83726,-3.20335,2026-08-15T01:20:00Z,2026-08-15,120,N21,VIIRS,n,nominal,2.0NRT,2.15,N,VIIRS_NOAA21_NRT,True,300.97,284.44,0.42,0.61
51.83737,-3.20972,2026-08-15T01:20:00Z,2026-08-15,120,N21,VIIRS,n,nominal,2.0NRT,1.68,N,VIIRS_NOAA21_NRT,True,298.8,284.9,0.42,0.61
51.83748,-3.21605,2026-08-15T01:20:00Z,2026-08-15,120,N21,VIIRS,n,nominal,2.0NRT,1.68,N,VIIRS_NOAA21_NRT,True,300.23,285.48,0.42,0.61
52.40687,-3.00105,2026-08-15T01:20:00Z,2026-08-15,120,N21,VIIRS,n,nominal,2.0NRT,1.42,N,VIIRS_NOAA21_NRT,True,305.04,283.72,0.42,0.61
52.41252,-3.00136,2026-08-15T01:20:00Z,2026-08-15,120,N21,VIIRS,n,nominal,2.0NRT,1.42,N,VIIRS_NOAA21_NRT,True,310.78,283.53,0.42,0.61
51.49733,-3.40627,2026-08-15T01:56:00Z,2026-08-15,156,N,VIIRS,n,nominal,2.0NRT,0.5,N,VIIRS_SNPP_NRT,True,296.36,285.28,0.46,0.47
51.63351,-3.15618,2026-08-15T01:56:00Z,2026-08-15,156,N,VIIRS,n,nominal,2.0NRT,0.77,N,VIIRS_SNPP_NRT,True,301.37,285.62,0.45,0.47
51.67334,-3.52066,2026-08-15T01:56:00Z,2026-08-15,156,N,VIIRS,n,nominal,2.0NRT,0.57,N,VIIRS_SNPP_NRT,True,300.83,285.22,0.46,0.47
51.6848,-5.02966,2026-08-15T01:56:00Z,2026-08-15,156,N,VIIRS,n,nominal,2.0NRT,1.49,N,VIIRS_SNPP_NRT,True,303.78,290.69,0.54,0.5
51.75323,-3.0515,2026-08-15T01:56:00Z,2026-08-15,156,N,VIIRS,n,nominal,2.0NRT,0.71,N,VIIRS_SNPP_NRT,True,296.37,285.75,0.44,0.46
51.75751,-3.05038,2026-08-15T01:56:00Z,2026-08-15,156,N,VIIRS,n,nominal,2.0NRT,1.56,N,VIIRS_SNPP_NRT,True,298.19,284.8,0.44,0.46
51.7618,-3.04945,2026-08-15T01:56:00Z,2026-08-15,156,N,VIIRS,n,nominal,2.0NRT,1.56,N,VIIRS_SNPP_NRT,True,323.14,290.11,0.44,0.46
51.7623,-3.05606,2026-08-15T01:56:00Z,2026-08-15,156,N,VIIRS,n,nominal,2.0NRT,2.81,N,VIIRS_SNPP_NRT,True,304.94,286.06,0.44,0.46
51.76942,-3.2678,2026-08-15T01:56:00Z,2026-08-15,156,N,VIIRS,n,nominal,2.0NRT,1.35,N,VIIRS_SNPP_NRT,True,303.05,285.01,0.45,0.47
51.77385,-3.32805,2026-08-15T01:56:00Z,2026-08-15,156,N,VIIRS,n,nominal,2.0NRT,1.44,N,VIIRS_SNPP_NRT,True,306.43,286.5,0.46,0.47
51.77434,-3.33461,2026-08-15T01:56:00Z,2026-08-15,156,N,VIIRS,n,nominal,2.0NRT,2.88,N,VIIRS_SNPP_NRT,True,327.73,288.98,0.46,0.47
51.77483,-3.3414,2026-08-15T01:56:00Z,2026-08-15,156,N,VIIRS,n,nominal,2.0NRT,2.88,N,VIIRS_SNPP_NRT,True,303.84,285.93,0.46,0.47
51.77818,-3.32687,2026-08-15T01:56:00Z,2026-08-15,156,N,VIIRS,n,nominal,2.0NRT,2.24,N,VIIRS_SNPP_NRT,True,325.66,289.22,0.46,0.47
51.77866,-3.33342,2026-08-15T01:56:00Z,2026-08-15,156,N,VIIRS,n,nominal,2.0NRT,3.22,N,VIIRS_SNPP_NRT,True,332.98,289.38,0.46,0.47
51.78203,-3.31931,2026-08-15T01:56:00Z,2026-08-15,156,N,VIIRS,n,nominal,2.0NRT,2.24,N,VIIRS_SNPP_NRT,True,296.63,284.78,0.46,0.47
51.7825,-3.32567,2026-08-15T01:56:00Z,2026-08-15,156,N,VIIRS,n,nominal,2.0NRT,2.24,N,VIIRS_SNPP_NRT,True,312.36,286.63,0.46,0.47
51.78298,-3.33217,2026-08-15T01:56:00Z,2026-08-15,156,N,VIIRS,n,nominal,2.0NRT,3.22,N,VIIRS_SNPP_NRT,True,302.77,285.4,0.46,0.47
51.81257,-3.19872,2026-08-15T01:56:00Z,2026-08-15,156,N,VIIRS,n,nominal,2.0NRT,2.34,N,VIIRS_SNPP_NRT,True,305.95,287.13,0.45,0.47
51.81304,-3.19188,2026-08-15T01:56:00Z,2026-08-15,156,N,VIIRS,n,nominal,2.0NRT,1.44,N,VIIRS_SNPP_NRT,True,297.05,285.61,0.45,0.47
51.81351,-3.1985,2026-08-15T01:56:00Z,2026-08-15,156,N,VIIRS,n,nominal,2.0NRT,2.4,N,VIIRS_SNPP_NRT,True,310.28,287.35,0.45,0.47
51.81687,-3.19763,2026-08-15T01:56:00Z,2026-08-15,156,N,VIIRS,n,nominal,2.0NRT,2.34,N,VIIRS_SNPP_NRT,True,322.05,288.92,0.45,0.47
51.81738,-3.20417,2026-08-15T01:56:00Z,2026-08-15,156,N,VIIRS,n,nominal,2.0NRT,2.22,N,VIIRS_SNPP_NRT,True,299.44,285.44,0.45,0.47
51.81783,-3.19739,2026-08-15T01:56:00Z,2026-08-15,156,N,VIIRS,n,nominal,2.0NRT,2.4,N,VIIRS_SNPP_NRT,True,324.22,289.35,0.45,0.47
51.81829,-3.20393,2026-08-15T01:56:00Z,2026-08-15,156,N,VIIRS,n,nominal,2.0NRT,2.4,N,VIIRS_SNPP_NRT,True,305.38,286.18,0.45,0.47
51.81876,-3.21049,2026-08-15T01:56:00Z,2026-08-15,156,N,VIIRS,n,nominal,2.0NRT,1.65,N,VIIRS_SNPP_NRT,True,303.78,285.28,0.45,0.47
51.82015,-3.18317,2026-08-15T01:56:00Z,2026-08-15,156,N,VIIRS,n,nominal,2.0NRT,0.73,N,VIIRS_SNPP_NRT,True,299.15,285.06,0.45,0.47
51.82116,-3.18287,2026-08-15T01:56:00Z,2026-08-15,156,N,VIIRS,n,nominal,2.0NRT,1.34,N,VIIRS_SNPP_NRT,True,297.69,285.01,0.45,0.47
51.82118,-3.19655,2026-08-15T01:56:00Z,2026-08-15,156,N,VIIRS,n,nominal,2.0NRT,1.3,N,VIIRS_SNPP_NRT,True,310.1,286.92,0.45,0.47
51.82168,-3.20304,2026-08-15T01:56:00Z,2026-08-15,156,N,VIIRS,n,nominal,2.0NRT,4.85,N,VIIRS_SNPP_NRT,True,322.22,289.01,0.45,0.47
51.82213,-3.1963,2026-08-15T01:56:00Z,2026-08-15,156,N,VIIRS,n,nominal,2.0NRT,1.92,N,VIIRS_SNPP_NRT,True,303.56,285.86,0.45,0.47
51.82218,-3.20957,2026-08-15T01:56:00Z,2026-08-15,156,N,VIIRS,n,nominal,2.0NRT,4.85,N,VIIRS_SNPP_NRT,True,349.23,293.56,0.45,0.47
51.8226,-3.20279,2026-08-15T01:56:00Z,2026-08-15,156,N,VIIRS,n,nominal,2.0NRT,1.92,N,VIIRS_SNPP_NRT,True,321.92,289.07,0.45,0.47
51.82269,-3.21623,2026-08-15T01:56:00Z,2026-08-15,156,N,VIIRS,n,nominal,2.0NRT,4.3,N,VIIRS_SNPP_NRT,True,298.0,284.23,0.45,0.47
51.82307,-3.20935,2026-08-15T01:56:00Z,2026-08-15,156,N,VIIRS,n,nominal,2.0NRT,5.75,N,VIIRS_SNPP_NRT,True,349.57,295.36,0.45,0.47
51.82355,-3.21602,2026-08-15T01:56:00Z,2026-08-15,156,N,VIIRS,n,nominal,2.0NRT,5.75,N,VIIRS_SNPP_NRT,True,299.51,284.61,0.45,0.47
51.82497,-3.18879,2026-08-15T01:56:00Z,2026-08-15,156,N,VIIRS,n,nominal,2.0NRT,1.3,N,VIIRS_SNPP_NRT,True,302.55,285.23,0.45,0.47
51.82549,-3.19542,2026-08-15T01:56:00Z,2026-08-15,156,N,VIIRS,n,nominal,2.0NRT,1.3,N,VIIRS_SNPP_NRT,True,300.04,284.94,0.45,0.47
51.82595,-3.1885,2026-08-15T01:56:00Z,2026-08-15,156,N,VIIRS,n,nominal,2.0NRT,1.34,N,VIIRS_SNPP_NRT,True,308.63,286.06,0.45,0.47
51.82598,-3.20192,2026-08-15T01:56:00Z,2026-08-15,156,N,VIIRS,n,nominal,2.0NRT,4.85,N,VIIRS_SNPP_NRT,True,317.78,288.33,0.45,0.47
51.82644,-3.19514,2026-08-15T01:56:00Z,2026-08-15,156,N,VIIRS,n,nominal,2.0NRT,1.92,N,VIIRS_SNPP_NRT,True,299.26,285.01,0.45,0.47
51.82649,-3.2085,2026-08-15T01:56:00Z,2026-08-15,156,N,VIIRS,n,nominal,2.0NRT,4.85,N,VIIRS_SNPP_NRT,True,338.34,293.49,0.45,0.47
51.82691,-3.20168,2026-08-15T01:56:00Z,2026-08-15,156,N,VIIRS,n,nominal,2.0NRT,1.92,N,VIIRS_SNPP_NRT,True,317.42,288.12,0.45,0.47
51.82738,-3.20826,2026-08-15T01:56:00Z,2026-08-15,156,N,VIIRS,n,nominal,2.0NRT,5.75,N,VIIRS_SNPP_NRT,True,334.01,291.95,0.45,0.47
51.83028,-3.18759,2026-08-15T01:56:00Z,2026-08-15,156,N,VIIRS,n,nominal,2.0NRT,1.6,N,VIIRS_SNPP_NRT,True,306.54,286.15,0.45,0.47
51.83123,-3.20069,2026-08-15T01:56:00Z,2026-08-15,156,N,VIIRS,n,nominal,2.0NRT,2.93,N,VIIRS_SNPP_NRT,True,315.13,288.03,0.45,0.47
51.83171,-3.20732,2026-08-15T01:56:00Z,2026-08-15,156,N,VIIRS,n,nominal,2.0NRT,2.45,N,VIIRS_SNPP_NRT,True,316.13,288.62,0.45,0.47
51.8322,-3.21405,2026-08-15T01:56:00Z,2026-08-15,156,N,VIIRS,n,nominal,2.0NRT,2.45,N,VIIRS_SNPP_NRT,True,307.55,285.86,0.45,0.47
51.83556,-3.1999,2026-08-15T01:56:00Z,2026-08-15,156,N,VIIRS,n,nominal,2.0NRT,2.93,N,VIIRS_SNPP_NRT,True,325.46,288.85,0.45,0.47
51.83604,-3.20651,2026-08-15T01:56:00Z,2026-08-15,156,N,VIIRS,n,nominal,2.0NRT,2.45,N,VIIRS_SNPP_NRT,True,316.04,288.59,0.45,0.47
51.83653,-3.21325,2026-08-15T01:56:00Z,2026-08-15,156,N,VIIRS,n,nominal,2.0NRT,2.45,N,VIIRS_SNPP_NRT,True,314.31,287.7,0.45,0.47
51.83945,-3.19305,2026-08-15T01:56:00Z,2026-08-15,156,N,VIIRS,n,nominal,2.0NRT,1.21,N,VIIRS_SNPP_NRT,True,304.78,286.03,0.45,0.47
51.83993,-3.19962,2026-08-15T01:56:00Z,2026-08-15,156,N,VIIRS,n,nominal,2.0NRT,1.21,N,VIIRS_SNPP_NRT,True,300.84,286.33,0.45,0.47
51.8409,-3.21296,2026-08-15T01:56:00Z,2026-08-15,156,N,VIIRS,n,nominal,2.0NRT,2.17,N,VIIRS_SNPP_NRT,True,308.96,286.79,0.45,0.47
51.84137,-3.21948,2026-08-15T01:56:00Z,2026-08-15,156,N,VIIRS,n,nominal,2.0NRT,1.09,N,VIIRS_SNPP_NRT,True,295.62,284.44,0.45,0.47
52.41193,-3.0003,2026-08-15T01:56:00Z,2026-08-15,156,N,VIIRS,n,nominal,2.0NRT,2.09,N,VIIRS_SNPP_NRT,True,315.45,283.62,0.45,0.47
51.49908,-3.40947,2026-08-15T02:13:00Z,2026-08-15,213,N20,VIIRS,n,nominal,2.0NRT,1.11,N,VIIRS_NOAA20_NRT,True,306.18,287.79,0.42,0.37
51.59103,-4.07489,2026-08-15T02:13:00Z,2026-08-15,213,N20,VIIRS,n,nominal,2.0NRT,0.32,N,VIIRS_NOAA20_NRT,True,297.71,286.06,0.43,0.38
51.6344,-3.15778,2026-08-15T02:13:00Z,2026-08-15,213,N20,VIIRS,n,nominal,2.0NRT,0.79,N,VIIRS_NOAA20_NRT,True,303.46,286.06,0.41,0.37
51.68357,-5.02893,2026-08-15T02:13:00Z,2026-08-15,213,N20,VIIRS,n,nominal,2.0NRT,1.34,N,VIIRS_NOAA20_NRT,True,306.63,291.84,0.46,0.39
51.73454,-3.17273,2026-08-15T02:13:00Z,2026-08-15,213,N20,VIIRS,n,nominal,2.0NRT,0.57,N,VIIRS_NOAA20_NRT,True,297.29,285.61,0.41,0.37
51.73873,-3.17776,2026-08-15T02:13:00Z,2026-08-15,213,N20,VIIRS,n,nominal,2.0NRT,1.35,N,VIIRS_NOAA20_NRT,True,315.05,286.4,0.41,0.37
51.74527,-3.0389,2026-08-15T02:13:00Z,2026-08-15,213,N20,VIIRS,n,nominal,2.0NRT,0.4,N,VIIRS_NOAA20_NRT,True,296.89,284.4,0.41,0.37
51.7528,-3.04251,2026-08-15T02:13:00Z,2026-08-15,213,N20,VIIRS,n,nominal,2.0NRT,0.54,N,VIIRS_NOAA20_NRT,True,295.76,284.69,0.41,0.37
51.75359,-3.04849,2026-08-15T02:13:00Z,2026-08-15,213,N20,VIIRS,n,nominal,2.0NRT,0.68,N,VIIRS_NOAA20_NRT,True,296.67,285.89,0.41,0.37
51.75439,-3.05453,2026-08-15T02:13:00Z,2026-08-15,213,N20,VIIRS,n,nominal,2.0NRT,0.68,N,VIIRS_NOAA20_NRT,True,297.29,286.56,0.41,0.37
51.75775,-3.05328,2026-08-15T02:13:00Z,2026-08-15,213,N20,VIIRS,n,nominal,2.0NRT,0.68,N,VIIRS_NOAA20_NRT,True,303.42,287.36,0.41,0.37
51.76112,-3.05208,2026-08-15T02:13:00Z,2026-08-15,213,N20,VIIRS,n,nominal,2.0NRT,5.49,N,VIIRS_NOAA20_NRT,True,338.84,295.91,0.41,0.37
51.76857,-3.21675,2026-08-15T02:13:00Z,2026-08-15,213,N20,VIIRS,n,nominal,2.0NRT,0.22,N,VIIRS_NOAA20_NRT,True,296.07,284.46,0.42,0.37
51.76877,-3.27276,2026-08-15T02:13:00Z,2026-08-15,213,N20,VIIRS,n,nominal,2.0NRT,1.36,N,VIIRS_NOAA20_NRT,True,300.22,285.05,0.42,0.37
51.7731,-3.33375,2026-08-15T02:13:00Z,2026-08-15,213,N20,VIIRS,n,nominal,2.0NRT,2.31,N,VIIRS_NOAA20_NRT,True,316.19,288.47,0.42,0.38
51.77388,-3.33976,2026-08-15T02:13:00Z,2026-08-15,213,N20,VIIRS,n,nominal,2.0NRT,1.49,N,VIIRS_NOAA20_NRT,True,309.03,286.16,0.42,0.38
51.77573,-3.32659,2026-08-15T02:13:00Z,2026-08-15,213,N20,VIIRS,n,nominal,2.0NRT,2.53,N,VIIRS_NOAA20_NRT,True,309.92,287.47,0.42,0.38
51.77649,-3.33253,2026-08-15T02:13:00Z,2026-08-15,213,N20,VIIRS,n,nominal,2.0NRT,2.53,N,VIIRS_NOAA20_NRT,True,324.56,289.37,0.42,0.38
51.77727,-3.33852,2026-08-15T02:13:00Z,2026-08-15,213,N20,VIIRS,n,nominal,2.0NRT,1.44,N,VIIRS_NOAA20_NRT,True,310.43,286.7,0.42,0.38
51.77912,-3.32537,2026-08-15T02:13:00Z,2026-08-15,213,N20,VIIRS,n,nominal,2.0NRT,2.53,N,VIIRS_NOAA20_NRT,True,319.67,289.22,0.42,0.38
51.77988,-3.3313,2026-08-15T02:13:00Z,2026-08-15,213,N20,VIIRS,n,nominal,2.0NRT,2.53,N,VIIRS_NOAA20_NRT,True,331.17,291.05,0.42,0.38
51.78251,-3.32414,2026-08-15T02:13:00Z,2026-08-15,213,N20,VIIRS,n,nominal,2.0NRT,1.93,N,VIIRS_NOAA20_NRT,True,321.83,288.7,0.42,0.38
51.78327,-3.33006,2026-08-15T02:13:00Z,2026-08-15,213,N20,VIIRS,n,nominal,2.0NRT,1.93,N,VIIRS_NOAA20_NRT,True,304.21,285.5,0.42,0.38
51.81186,-3.19582,2026-08-15T02:13:00Z,2026-08-15,213,N20,VIIRS,n,nominal,2.0NRT,0.69,N,VIIRS_NOAA20_NRT,True,298.78,286.98,0.42,0.37
51.81438,-3.19384,2026-08-15T02:13:00Z,2026-08-15,213,N20,VIIRS,n,nominal,2.0NRT,2.26,N,VIIRS_NOAA20_NRT,True,316.3,289.36,0.42,0.37
51.81514,-3.19979,2026-08-15T02:13:00Z,2026-08-15,213,N20,VIIRS,n,nominal,2.0NRT,2.26,N,VIIRS_NOAA20_NRT,True,318.39,288.58,0.42,0.37
51.81852,-3.19857,2026-08-15T02:13:00Z,2026-08-15,213,N20,VIIRS,n,nominal,2.0NRT,1.82,N,VIIRS_NOAA20_NRT,True,323.94,290.19,0.42,0.37
51.81929,-3.20451,2026-08-15T02:13:00Z,2026-08-15,213,N20,VIIRS,n,nominal,2.0NRT,3.91,N,VIIRS_NOAA20_NRT,True,313.7,288.81,0.42,0.37
51.82006,-3.21045,2026-08-15T02:13:00Z,2026-08-15,213,N20,VIIRS,n,nominal,2.0NRT,3.91,N,VIIRS_NOAA20_NRT,True,317.59,288.23,0.42,0.37
51.82037,-3.18541,2026-08-15T02:13:00Z,2026-08-15,213,N20,VIIRS,n,nominal,2.0NRT,1.03,N,VIIRS_NOAA20_NRT,True,300.52,285.46,0.42,0.37
51.82191,-3.19736,2026-08-15T02:13:00Z,2026-08-15,213,N20,VIIRS,n,nominal,2.0NRT,1.82,N,VIIRS_NOAA20_NRT,True,297.4,285.36,0.42,0.37
51.82267,-3.20329,2026-08-15T02:13:00Z,2026-08-15,213,N20,VIIRS,n,nominal,2.0NRT,3.91,N,VIIRS_NOAA20_NRT,True,319.93,289.8,0.42,0.37
51.82344,-3.20923,2026-08-15T02:13:00Z,2026-08-15,213,N20,VIIRS,n,nominal,2.0NRT,3.91,N,VIIRS_NOAA20_NRT,True,349.82,301.21,0.42,0.37
51.82421,-3.21521,2026-08-15T02:13:00Z,2026-08-15,213,N20,VIIRS,n,nominal,2.0NRT,2.84,N,VIIRS_NOAA20_NRT,True,315.36,285.72,0.42,0.37
51.82452,-3.19018,2026-08-15T02:13:00Z,2026-08-15,213,N20,VIIRS,n,nominal,2.0NRT,1.29,N,VIIRS_NOAA20_NRT,True,301.66,285.95,0.42,0.37
51.82529,-3.19614,2026-08-15T02:13:00Z,2026-08-15,213,N20,VIIRS,n,nominal,2.0NRT,1.29,N,VIIRS_NOAA20_NRT,True,299.86,285.8,0.42,0.37
51.82606,-3.20207,2026-08-15T02:13:00Z,2026-08-15,213,N20,VIIRS,n,nominal,2.0NRT,2.67,N,VIIRS_NOAA20_NRT,True,316.59,290.07,0.42,0.37
51.82683,-3.20802,2026-08-15T02:13:00Z,2026-08-15,213,N20,VIIRS,n,nominal,2.0NRT,2.67,N,VIIRS_NOAA20_NRT,True,336.04,292.92,0.42,0.37
51.82713,-3.18299,2026-08-15T02:13:00Z,2026-08-15,213,N20,VIIRS,n,nominal,2.0NRT,0.96,N,VIIRS_NOAA20_NRT,True,296.11,285.26,0.42,0.37
51.8276,-3.214,2026-08-15T02:13:00Z,2026-08-15,213,N20,VIIRS,n,nominal,2.0NRT,0.9,N,VIIRS_NOAA20_NRT,True,301.27,284.77,0.42,0.37
51.82791,-3.18896,2026-08-15T02:13:00Z,2026-08-15,213,N20,VIIRS,n,nominal,2.0NRT,1.29,N,VIIRS_NOAA20_NRT,True,318.5,287.85,0.42,0.37
51.82944,-3.20087,2026-08-15T02:13:00Z,2026-08-15,213,N20,VIIRS,n,nominal,2.0NRT,2.67,N,VIIRS_NOAA20_NRT,True,311.24,288.77,0.42,0.37
51.83022,-3.20683,2026-08-15T02:13:00Z,2026-08-15,213,N20,VIIRS,n,nominal,2.0NRT,2.67,N,VIIRS_NOAA20_NRT,True,322.62,289.8,0.42,0.37
51.83099,-3.21284,2026-08-15T02:13:00Z,2026-08-15,213,N20,VIIRS,n,nominal,2.0NRT,0.9,N,VIIRS_NOAA20_NRT,True,306.66,286.2,0.42,0.37
51.83283,-3.19972,2026-08-15T02:13:00Z,2026-08-15,213,N20,VIIRS,n,nominal,2.0NRT,2.15,N,VIIRS_NOAA20_NRT,True,309.19,287.61,0.42,0.37
51.83361,-3.20569,2026-08-15T02:13:00Z,2026-08-15,213,N20,VIIRS,n,nominal,2.0NRT,2.15,N,VIIRS_NOAA20_NRT,True,320.16,290.64,0.42,0.37
51.83438,-3.21169,2026-08-15T02:13:00Z,2026-08-15,213,N20,VIIRS,n,nominal,2.0NRT,2.2,N,VIIRS_NOAA20_NRT,True,322.64,291.0,0.42,0.37
51.83623,-3.1986,2026-08-15T02:13:00Z,2026-08-15,213,N20,VIIRS,n,nominal,2.0NRT,2.15,N,VIIRS_NOAA20_NRT,True,319.8,289.46,0.42,0.37
51.837,-3.20456,2026-08-15T02:13:00Z,2026-08-15,213,N20,VIIRS,n,nominal,2.0NRT,2.15,N,VIIRS_NOAA20_NRT,True,320.44,288.99,0.42,0.37
51.83778,-3.21059,2026-08-15T02:13:00Z,2026-08-15,213,N20,VIIRS,n,nominal,2.0NRT,2.2,N,VIIRS_NOAA20_NRT,True,304.49,287.43,0.42,0.37
51.83855,-3.2166,2026-08-15T02:13:00Z,2026-08-15,213,N20,VIIRS,n,nominal,2.0NRT,2.2,N,VIIRS_NOAA20_NRT,True,319.4,288.56,0.42,0.37
51.83887,-3.19165,2026-08-15T02:13:00Z,2026-08-15,213,N20,VIIRS,n,nominal,2.0NRT,1.02,N,VIIRS_NOAA20_NRT,True,303.58,286.26,0.42,0.37
51.83964,-3.1976,2026-08-15T02:13:00Z,2026-08-15,213,N20,VIIRS,n,nominal,2.0NRT,1.65,N,VIIRS_NOAA20_NRT,True,299.38,286.46,0.42,0.37
51.84196,-3.2156,2026-08-15T02:13:00Z,2026-08-15,213,N20,VIIRS,n,nominal,2.0NRT,0.88,N,VIIRS_NOAA20_NRT,True,297.71,284.98,0.42,0.37
51.97107,-4.01583,2026-08-15T02:13:00Z,2026-08-15,213,N20,VIIRS,n,nominal,2.0NRT,0.97,N,VIIRS_NOAA20_NRT,True,299.82,285.41,0.44,0.38
52.08096,-3.76499,2026-08-15T02:13:00Z,2026-08-15,213,N20,VIIRS,n,nominal,2.0NRT,1.38,N,VIIRS_NOAA20_NRT,True,305.78,287.4,0.43,0.38
52.08439,-3.76371,2026-08-15T02:13:00Z,2026-08-15,213,N20,VIIRS,n,nominal,2.0NRT,0.99,N,VIIRS_NOAA20_NRT,True,306.08,287.47,0.43,0.38
52.08783,-3.76246,2026-08-15T02:13:00Z,2026-08-15,213,N20,VIIRS,n,nominal,2.0NRT,0.99,N,VIIRS_NOAA20_NRT,True,301.6,286.54,0.43,0.38
52.09127,-3.76124,2026-08-15T02:13:00Z,2026-08-15,213,N20,VIIRS,n,nominal,2.0NRT,1.69,N,VIIRS_NOAA20_NRT,True,312.16,286.26,0.43,0.38
52.09288,-3.77413,2026-08-15T02:13:00Z,2026-08-15,213,N20,VIIRS,n,nominal,2.0NRT,0.57,N,VIIRS_NOAA20_NRT,True,296.87,284.71,0.43,0.38
52.10602,-3.75662,2026-08-15T02:13:00Z,2026-08-15,213,N20,VIIRS,n,nominal,2.0NRT,0.43,N,VIIRS_NOAA20_NRT,True,299.91,282.82,0.43,0.38
52.41133,-2.99914,2026-08-15T02:13:00Z,2026-08-15,213,N20,VIIRS,n,nominal,2.0NRT,4.15,N,VIIRS_NOAA20_NRT,True,329.92,284.83,0.42,0.37
51.63161,-3.15406,2026-08-15T03:00:00Z,2026-08-15,300,N21,VIIRS,n,nominal,2.0NRT,0.52,N,VIIRS_NOAA21_NRT,True,299.79,285.36,0.43,0.46
51.68233,-5.03171,2026-08-15T03:00:00Z,2026-08-15,300,N21,VIIRS,n,nominal,2.0NRT,1.67,N,VIIRS_NOAA21_NRT,True,302.85,290.84,0.55,0.43
51.73817,-3.17445,2026-08-15T03:00:00Z,2026-08-15,300,N21,VIIRS,n,nominal,2.0NRT,1.53,N,VIIRS_NOAA21_NRT,True,304.56,285.19,0.43,0.46
51.74496,-3.03499,2026-08-15T03:00:00Z,2026-08-15,300,N21,VIIRS,n,nominal,2.0NRT,0.55,N,VIIRS_NOAA21_NRT,True,297.41,284.66,0.44,0.46
51.75852,-3.05297,2026-08-15T03:00:00Z,2026-08-15,300,N21,VIIRS,n,nominal,2.0NRT,2.86,N,VIIRS_NOAA21_NRT,True,327.33,292.18,0.43,0.46
51.76249,-3.05053,2026-08-15T03:00:00Z,2026-08-15,300,N21,VIIRS,n,nominal,2.0NRT,2.86,N,VIIRS_NOAA21_NRT,True,303.11,285.1,0.43,0.46
51.77055,-3.2693,2026-08-15T03:00:00Z,2026-08-15,300,N21,VIIRS,n,nominal,2.0NRT,0.8,N,VIIRS_NOAA21_NRT,True,296.92,284.7,0.43,0.46
51.77291,-3.33441,2026-08-15T03:00:00Z,2026-08-15,300,N21,VIIRS,n,nominal,2.0NRT,2.4,N,VIIRS_NOAA21_NRT,True,318.5,288.32,0.42,0.45
51.77432,-3.34018,2026-08-15T03:00:00Z,2026-08-15,300,N21,VIIRS,n,nominal,2.0NRT,2.4,N,VIIRS_NOAA21_NRT,True,301.96,285.61,0.42,0.45
51.77542,-3.3262,2026-08-15T03:00:00Z,2026-08-15,300,N21,VIIRS,n,nominal,2.0NRT,3.04,N,VIIRS_NOAA21_NRT,True,309.97,287.01,0.42,0.45
51.77688,-3.33215,2026-08-15T03:00:00Z,2026-08-15,300,N21,VIIRS,n,nominal,2.0NRT,2.4,N,VIIRS_NOAA21_NRT,True,318.34,287.78,0.42,0.45
51.77938,-3.32392,2026-08-15T03:00:00Z,2026-08-15,300,N21,VIIRS,n,nominal,2.0NRT,1.11,N,VIIRS_NOAA21_NRT,True,305.7,286.25,0.42,0.45
51.78085,-3.32993,2026-08-15T03:00:00Z,2026-08-15,300,N21,VIIRS,n,nominal,2.0NRT,1.59,N,VIIRS_NOAA21_NRT,True,296.81,284.75,0.42,0.45
51.78333,-3.32158,2026-08-15T03:00:00Z,2026-08-15,300,N21,VIIRS,n,nominal,2.0NRT,1.11,N,VIIRS_NOAA21_NRT,True,296.37,284.84,0.42,0.45
51.81155,-3.19578,2026-08-15T03:00:00Z,2026-08-15,300,N21,VIIRS,n,nominal,2.0NRT,0.96,N,VIIRS_NOAA21_NRT,True,303.49,287.16,0.43,0.46
51.81297,-3.20165,2026-08-15T03:00:00Z,2026-08-15,300,N21,VIIRS,n,nominal,2.0NRT,1.94,N,VIIRS_NOAA21_NRT,True,296.12,285.57,0.43,0.46
51.81551,-3.19341,2026-08-15T03:00:00Z,2026-08-15,300,N21,VIIRS,n,nominal,2.0NRT,0.96,N,VIIRS_NOAA21_NRT,True,296.56,285.24,0.43,0.46
51.81694,-3.19932,2026-08-15T03:00:00Z,2026-08-15,300,N21,VIIRS,n,nominal,2.0NRT,1.94,N,VIIRS_NOAA21_NRT,True,319.19,289.12,0.43,0.46
51.818,-3.19731,2026-08-15T03:00:00Z,2026-08-15,300,N21,VIIRS,n,nominal,2.0NRT,2.72,N,VIIRS_NOAA21_NRT,True,305.91,286.6,0.43,0.46
51.81807,-3.18528,2026-08-15T03:00:00Z,2026-08-15,300,N21,VIIRS,n,nominal,2.0NRT,0.88,N,VIIRS_NOAA21_NRT,True,295.95,284.89,0.43,0.46
51.81838,-3.20527,2026-08-15T03:00:00Z,2026-08-15,300,N21,VIIRS,n,nominal,2.0NRT,1.94,N,VIIRS_NOAA21_NRT,True,308.71,287.38,0.43,0.46
51.8191,-3.18339,2026-08-15T03:00:00Z,2026-08-15,300,N21,VIIRS,n,nominal,2.0NRT,1.02,N,VIIRS_NOAA21_NRT,True,295.41,284.72,0.43,0.46
51.81947,-3.20325,2026-08-15T03:00:00Z,2026-08-15,300,N21,VIIRS,n,nominal,2.0NRT,4.53,N,VIIRS_NOAA21_NRT,True,310.87,287.67,0.43,0.46
51.81982,-3.21121,2026-08-15T03:00:00Z,2026-08-15,300,N21,VIIRS,n,nominal,2.0NRT,4.04,N,VIIRS_NOAA21_NRT,True,324.84,289.39,0.43,0.46
51.82094,-3.20919,2026-08-15T03:00:00Z,2026-08-15,300,N21,VIIRS,n,nominal,2.0NRT,4.53,N,VIIRS_NOAA21_NRT,True,334.59,292.78,0.43,0.46
51.82235,-3.20295,2026-08-15T03:00:00Z,2026-08-15,300,N21,VIIRS,n,nominal,2.0NRT,1.38,N,VIIRS_NOAA21_NRT,True,307.19,286.78,0.43,0.46
51.82238,-3.21501,2026-08-15T03:00:00Z,2026-08-15,300,N21,VIIRS,n,nominal,2.0NRT,3.0,N,VIIRS_NOAA21_NRT,True,318.75,288.18,0.43,0.46
51.82345,-3.1888,2026-08-15T03:00:00Z,2026-08-15,300,N21,VIIRS,n,nominal,2.0NRT,0.88,N,VIIRS_NOAA21_NRT,True,295.44,285.23,0.43,0.46
51.82378,-3.20888,2026-08-15T03:00:00Z,2026-08-15,300,N21,VIIRS,n,nominal,2.0NRT,3.04,N,VIIRS_NOAA21_NRT,True,337.99,294.86,0.43,0.46
51.82451,-3.18687,2026-08-15T03:00:00Z,2026-08-15,300,N21,VIIRS,n,nominal,2.0NRT,1.19,N,VIIRS_NOAA21_NRT,True,302.31,285.99,0.43,0.46
51.82487,-3.19466,2026-08-15T03:00:00Z,2026-08-15,300,N21,VIIRS,n,nominal,2.0NRT,1.38,N,VIIRS_NOAA21_NRT,True,296.51,285.05,0.43,0.46
51.82491,-3.20685,2026-08-15T03:00:00Z,2026-08-15,300,N21,VIIRS,n,nominal,2.0NRT,4.53,N,VIIRS_NOAA21_NRT,True,326.92,292.06,0.43,0.46
51.8252,-3.21472,2026-08-15T03:00:00Z,2026-08-15,300,N21,VIIRS,n,nominal,2.0NRT,3.04,N,VIIRS_NOAA21_NRT,True,304.37,285.55,0.43,0.46
51.82595,-3.19269,2026-08-15T03:00:00Z,2026-08-15,300,N21,VIIRS,n,nominal,2.0NRT,1.19,N,VIIRS_NOAA21_NRT,True,299.22,285.1,0.43,0.46
51.82631,-3.20061,2026-08-15T03:00:00Z,2026-08-15,300,N21,VIIRS,n,nominal,2.0NRT,1.38,N,VIIRS_NOAA21_NRT,True,297.59,285.75,0.43,0.46
51.82634,-3.21267,2026-08-15T03:00:00Z,2026-08-15,300,N21,VIIRS,n,nominal,2.0NRT,3.0,N,VIIRS_NOAA21_NRT,True,311.71,286.66,0.43,0.46
51.82774,-3.20655,2026-08-15T03:00:00Z,2026-08-15,300,N21,VIIRS,n,nominal,2.0NRT,3.04,N,VIIRS_NOAA21_NRT,True,321.31,289.64,0.43,0.46
51.82846,-3.18451,2026-08-15T03:00:00Z,2026-08-15,300,N21,VIIRS,n,nominal,2.0NRT,1.19,N,VIIRS_NOAA21_NRT,True,300.8,285.38,0.43,0.46
51.82887,-3.20452,2026-08-15T03:00:00Z,2026-08-15,300,N21,VIIRS,n,nominal,2.0NRT,2.97,N,VIIRS_NOAA21_NRT,True,316.53,289.22,0.43,0.46
51.82914,-3.21233,2026-08-15T03:00:00Z,2026-08-15,300,N21,VIIRS,n,nominal,2.0NRT,3.04,N,VIIRS_NOAA21_NRT,True,299.59,285.42,0.43,0.46
51.83029,-3.21026,2026-08-15T03:00:00Z,2026-08-15,300,N21,VIIRS,n,nominal,2.0NRT,1.89,N,VIIRS_NOAA21_NRT,True,307.37,287.16,0.43,0.46
51.83171,-3.21601,2026-08-15T03:00:00Z,2026-08-15,300,N21,VIIRS,n,nominal,2.0NRT,1.89,N,VIIRS_NOAA21_NRT,True,299.13,285.15,0.43,0.46
51.83278,-3.20197,2026-08-15T03:00:00Z,2026-08-15,300,N21,VIIRS,n,nominal,2.0NRT,2.97,N,VIIRS_NOAA21_NRT,True,318.63,288.51,0.43,0.46
51.83421,-3.20775,2026-08-15T03:00:00Z,2026-08-15,300,N21,VIIRS,n,nominal,2.0NRT,1.89,N,VIIRS_NOAA21_NRT,True,313.22,288.64,0.43,0.46
51.83562,-3.21348,2026-08-15T03:00:00Z,2026-08-15,300,N21,VIIRS,n,nominal,2.0NRT,1.89,N,VIIRS_NOAA21_NRT,True,307.51,287.11,0.43,0.46
51.83667,-3.19933,2026-08-15T03:00:00Z,2026-08-15,300,N21,VIIRS,n,nominal,2.0NRT,3.5,N,VIIRS_NOAA21_NRT,True,310.09,287.04,0.43,0.46
51.83704,-3.21921,2026-08-15T03:00:00Z,2026-08-15,300,N21,VIIRS,n,nominal,2.0NRT,1.43,N,VIIRS_NOAA21_NRT,True,304.37,285.38,0.43,0.46
51.83945,-3.2106,2026-08-15T03:00:00Z,2026-08-15,300,N21,VIIRS,n,nominal,2.0NRT,2.11,N,VIIRS_NOAA21_NRT,True,297.08,285.32,0.43,0.46
51.84085,-3.21631,2026-08-15T03:00:00Z,2026-08-15,300,N21,VIIRS,n,nominal,2.0NRT,1.14,N,VIIRS_NOAA21_NRT,True,299.53,284.91,0.43,0.46
52.07949,-3.76037,2026-08-15T03:00:00Z,2026-08-15,300,N21,VIIRS,n,nominal,2.0NRT,0.99,N,VIIRS_NOAA21_NRT,True,297.72,284.86,0.4,0.44
52.08073,-3.76554,2026-08-15T03:00:00Z,2026-08-15,300,N21,VIIRS,n,nominal,2.0NRT,0.99,N,VIIRS_NOAA21_NRT,True,300.09,286.73,0.4,0.44
52.08464,-3.76355,2026-08-15T03:00:00Z,2026-08-15,300,N21,VIIRS,n,nominal,2.0NRT,0.99,N,VIIRS_NOAA21_NRT,True,305.07,287.09,0.4,0.44
52.08854,-3.76146,2026-08-15T03:00:00Z,2026-08-15,300,N21,VIIRS,n,nominal,2.0NRT,1.07,N,VIIRS_NOAA21_NRT,True,305.84,286.44,0.4,0.44
52.09224,-3.77687,2026-08-15T03:00:00Z,2026-08-15,300,N21,VIIRS,n,nominal,2.0NRT,0.63,N,VIIRS_NOAA21_NRT,True,295.69,283.97,0.4,0.44
52.09241,-3.75924,2026-08-15T03:00:00Z,2026-08-15,300,N21,VIIRS,n,nominal,2.0NRT,1.07,N,VIIRS_NOAA21_NRT,True,297.59,284.12,0.4,0.44
52.10516,-3.75738,2026-08-15T03:00:00Z,2026-08-15,300,N21,VIIRS,n,nominal,2.0NRT,0.52,N,VIIRS_NOAA21_NRT,True,301.16,282.87,0.4,0.44
51.68264,-5.02907,2026-08-15T03:36:00Z,2026-08-15,336,N,VIIRS,n,nominal,2.0NRT,1.37,N,VIIRS_SNPP_NRT,True,300.72,288.18,0.63,0.54
51.68338,-5.03176,2026-08-15T03:36:00Z,2026-08-15,336,N,VIIRS,n,nominal,2.0NRT,1.19,N,VIIRS_SNPP_NRT,True,298.8,287.88,0.63,0.54
51.73535,-3.17589,2026-08-15T03:36:00Z,2026-08-15,336,N,VIIRS,n,nominal,2.0NRT,0.75,N,VIIRS_SNPP_NRT,True,296.18,283.86,0.37,0.58
51.74062,-3.17325,2026-08-15T03:36:00Z,2026-08-15,336,N,VIIRS,n,nominal,2.0NRT,0.75,N,VIIRS_SNPP_NRT,True,302.43,283.93,0.37,0.58
51.75783,-3.0533,2026-08-15T03:36:00Z,2026-08-15,336,N,VIIRS,n,nominal,2.0NRT,1.5,N,VIIRS_SNPP_NRT,True,311.88,285.93,0.37,0.58
51.76278,-3.04958,2026-08-15T03:36:00Z,2026-08-15,336,N,VIIRS,n,nominal,2.0NRT,1.5,N,VIIRS_SNPP_NRT,True,310.68,287.12,0.37,0.58
51.81425,-3.19478,2026-08-15T03:36:00Z,2026-08-15,336,N,VIIRS,n,nominal,2.0NRT,1.47,N,VIIRS_SNPP_NRT,True,305.37,285.56,0.37,0.58
51.81582,-3.19984,2026-08-15T03:36:00Z,2026-08-15,336,N,VIIRS,n,nominal,2.0NRT,1.01,N,VIIRS_SNPP_NRT,True,307.04,284.86,0.37,0.58
51.81741,-3.20495,2026-08-15T03:36:00Z,2026-08-15,336,N,VIIRS,n,nominal,2.0NRT,1.01,N,VIIRS_SNPP_NRT,True,295.71,283.78,0.37,0.58
51.81901,-3.21007,2026-08-15T03:36:00Z,2026-08-15,336,N,VIIRS,n,nominal,2.0NRT,2.25,N,VIIRS_SNPP_NRT,True,308.18,283.7,0.37,0.58
51.82077,-3.19625,2026-08-15T03:36:00Z,2026-08-15,336,N,VIIRS,n,nominal,2.0NRT,1.01,N,VIIRS_SNPP_NRT,True,299.34,284.71,0.37,0.58
51.82237,-3.20141,2026-08-15T03:36:00Z,2026-08-15,336,N,VIIRS,n,nominal,2.0NRT,1.01,N,VIIRS_SNPP_NRT,True,302.3,285.07,0.37,0.58
51.82396,-3.20655,2026-08-15T03:36:00Z,2026-08-15,336,N,VIIRS,n,nominal,2.0NRT,2.25,N,VIIRS_SNPP_NRT,True,327.18,289.85,0.37,0.58
51.8242,-3.18781,2026-08-15T03:36:00Z,2026-08-15,336,N,VIIRS,n,nominal,2.0NRT,0.61,N,VIIRS_SNPP_NRT,True,295.89,283.85,0.37,0.58
51.82552,-3.21155,2026-08-15T03:36:00Z,2026-08-15,336,N,VIIRS,n,nominal,2.0NRT,2.25,N,VIIRS_SNPP_NRT,True,315.86,286.01,0.37,0.58
51.82891,-3.20298,2026-08-15T03:36:00Z,2026-08-15,336,N,VIIRS,n,nominal,2.0NRT,1.32,N,VIIRS_SNPP_NRT,True,312.4,287.1,0.37,0.58
51.82912,-3.18414,2026-08-15T03:36:00Z,2026-08-15,336,N,VIIRS,n,nominal,2.0NRT,0.61,N,VIIRS_SNPP_NRT,True,302.42,284.96,0.37,0.58
51.83044,-3.20789,2026-08-15T03:36:00Z,2026-08-15,336,N,VIIRS,n,nominal,2.0NRT,1.32,N,VIIRS_SNPP_NRT,True,304.03,285.03,0.37,0.58
51.83192,-3.21267,2026-08-15T03:36:00Z,2026-08-15,336,N,VIIRS,n,nominal,2.0NRT,1.2,N,VIIRS_SNPP_NRT,True,302.52,284.39,0.37,0.58
51.83372,-3.19896,2026-08-15T03:36:00Z,2026-08-15,336,N,VIIRS,n,nominal,2.0NRT,1.32,N,VIIRS_SNPP_NRT,True,310.15,285.67,0.37,0.58
51.83524,-3.20386,2026-08-15T03:36:00Z,2026-08-15,336,N,VIIRS,n,nominal,2.0NRT,1.32,N,VIIRS_SNPP_NRT,True,311.68,286.4,0.37,0.58
51.8366,-3.19554,2026-08-15T03:36:00Z,2026-08-15,336,N,VIIRS,n,nominal,2.0NRT,1.22,N,VIIRS_SNPP_NRT,True,305.53,284.38,0.37,0.58
51.83673,-3.20867,2026-08-15T03:36:00Z,2026-08-15,336,N,VIIRS,n,nominal,2.0NRT,1.2,N,VIIRS_SNPP_NRT,True,296.2,284.56,0.37,0.58
51.83813,-3.2004,2026-08-15T03:36:00Z,2026-08-15,336,N,VIIRS,n,nominal,2.0NRT,1.68,N,VIIRS_SNPP_NRT,True,300.95,284.76,0.37,0.58
51.83816,-3.21326,2026-08-15T03:36:00Z,2026-08-15,336,N,VIIRS,n,nominal,2.0NRT,1.2,N,VIIRS_SNPP_NRT,True,311.49,285.79,0.37,0.58
51.83835,-3.19437,2026-08-15T03:36:00Z,2026-08-15,336,N,VIIRS,n,nominal,2.0NRT,1.09,N,VIIRS_SNPP_NRT,True,303.3,284.5,0.37,0.58
52.08461,-3.76372,2026-08-15T03:36:00Z,2026-08-15,336,N,VIIRS,n,nominal,2.0NRT,0.85,N,VIIRS_SNPP_NRT,True,298.83,285.0,0.34,0.56
52.08954,-3.76067,2026-08-15T03:36:00Z,2026-08-15,336,N,VIIRS,n,nominal,2.0NRT,0.85,N,VIIRS_SNPP_NRT,True,303.03,285.05,0.34,0.56
51.68563,-5.02511,2026-08-15T03:53:00Z,2026-08-15,353,N20,VIIRS,n,nominal,2.0NRT,1.29,N,VIIRS_NOAA20_NRT,True,296.94,286.7,0.56,0.69
51.76184,-3.05557,2026-08-15T03:53:00Z,2026-08-15,353,N20,VIIRS,n,nominal,2.0NRT,2.55,N,VIIRS_NOAA20_NRT,True,296.12,282.23,0.66,0.73
51.81465,-3.19741,2026-08-15T03:53:00Z,2026-08-15,353,N20,VIIRS,n,nominal,2.0NRT,2.47,N,VIIRS_NOAA20_NRT,True,299.52,283.93,0.65,0.73
51.81593,-3.19548,2026-08-15T03:53:00Z,2026-08-15,353,N20,VIIRS,n,nominal,2.0NRT,3.16,N,VIIRS_NOAA20_NRT,True,300.86,284.13,0.65,0.73
51.81927,-3.20414,2026-08-15T03:53:00Z,2026-08-15,353,N20,VIIRS,n,nominal,2.0NRT,3.16,N,VIIRS_NOAA20_NRT,True,301.84,284.02,0.65,0.73
51.82133,-3.21449,2026-08-15T03:53:00Z,2026-08-15,353,N20,VIIRS,n,nominal,2.0NRT,2.48,N,VIIRS_NOAA20_NRT,True,295.63,282.1,0.65,0.73
51.82256,-3.21269,2026-08-15T03:53:00Z,2026-08-15,353,N20,VIIRS,n,nominal,2.0NRT,2.87,N,VIIRS_NOAA20_NRT,True,310.38,283.09,0.65,0.73
51.824,-3.20099,2026-08-15T03:53:00Z,2026-08-15,353,N20,VIIRS,n,nominal,2.0NRT,2.48,N,VIIRS_NOAA20_NRT,True,301.75,284.85,0.65,0.73
51.8267,-3.18757,2026-08-15T03:53:00Z,2026-08-15,353,N20,VIIRS,n,nominal,2.0NRT,1.19,N,VIIRS_NOAA20_NRT,True,296.9,283.08,0.65,0.73
51.82731,-3.20948,2026-08-15T03:53:00Z,2026-08-15,353,N20,VIIRS,n,nominal,2.0NRT,2.48,N,VIIRS_NOAA20_NRT,True,317.34,284.84,0.65,0.73
51.82792,-3.18551,2026-08-15T03:53:00Z,2026-08-15,353,N20,VIIRS,n,nominal,2.0NRT,2.86,N,VIIRS_NOAA20_NRT,True,297.37,283.02,0.65,0.73
51.82851,-3.20761,2026-08-15T03:53:00Z,2026-08-15,353,N20,VIIRS,n,nominal,2.0NRT,2.87,N,VIIRS_NOAA20_NRT,True,309.82,284.56,0.65,0.73
51.83309,-3.20393,2026-08-15T03:53:00Z,2026-08-15,353,N20,VIIRS,n,nominal,2.0NRT,2.46,N,VIIRS_NOAA20_NRT,True,304.56,284.32,0.65,0.73
51.8342,-3.20184,2026-08-15T03:53:00Z,2026-08-15,353,N20,VIIRS,n,nominal,2.0NRT,1.74,N,VIIRS_NOAA20_NRT,True,308.72,284.64,0.65,0.73
51.83612,-3.21169,2026-08-15T03:53:00Z,2026-08-15,353,N20,VIIRS,n,nominal,2.0NRT,3.64,N,VIIRS_NOAA20_NRT,True,299.56,283.92,0.65,0.73
51.83718,-3.20958,2026-08-15T03:53:00Z,2026-08-15,353,N20,VIIRS,n,nominal,2.0NRT,1.74,N,VIIRS_NOAA20_NRT,True,298.42,283.55,0.65,0.73
51.83845,-3.19733,2026-08-15T03:53:00Z,2026-08-15,353,N20,VIIRS,n,nominal,2.0NRT,2.46,N,VIIRS_NOAA20_NRT,True,304.8,283.94,0.65,0.73
51.83938,-3.19473,2026-08-15T03:53:00Z,2026-08-15,353,N20,VIIRS,n,nominal,2.0NRT,1.74,N,VIIRS_NOAA20_NRT,True,297.53,283.1,0.65,0.73
51.84003,-3.21698,2026-08-15T03:53:00Z,2026-08-15,353,N20,VIIRS,n,nominal,2.0NRT,1.38,N,VIIRS_NOAA20_NRT,True,296.41,282.56,0.65,0.73
51.82063,-3.20529,2026-08-15T11:45:00Z,2026-08-15,1145,N,VIIRS,l,low,2.0NRT,4.86,D,VIIRS_SNPP_NRT,True,332.01,302.41,0.54,0.68
51.82364,-3.20614,2026-08-15T11:45:00Z,2026-08-15,1145,N,VIIRS,n,nominal,2.0NRT,13.93,D,VIIRS_SNPP_NRT,True,339.87,302.87,0.54,0.68
51.82636,-3.20977,2026-08-15T11:45:00Z,2026-08-15,1145,N,VIIRS,n,nominal,2.0NRT,4.86,D,VIIRS_SNPP_NRT,True,331.25,299.0,0.54,0.68
51.82899,-3.20254,2026-08-15T11:45:00Z,2026-08-15,1145,N,VIIRS,l,low,2.0NRT,13.53,D,VIIRS_SNPP_NRT,True,328.71,301.71,0.54,0.68
51.83185,-3.20371,2026-08-15T11:45:00Z,2026-08-15,1145,N,VIIRS,l,low,2.0NRT,10.24,D,VIIRS_SNPP_NRT,True,330.49,302.84,0.54,0.68
51.8343,-3.19687,2026-08-15T11:45:00Z,2026-08-15,1145,N,VIIRS,l,low,2.0NRT,11.84,D,VIIRS_SNPP_NRT,True,331.03,301.71,0.54,0.68
51.83447,-3.20773,2026-08-15T11:45:00Z,2026-08-15,1145,N,VIIRS,l,low,2.0NRT,6.23,D,VIIRS_SNPP_NRT,True,328.33,302.55,0.54,0.68
51.83694,-3.20094,2026-08-15T11:45:00Z,2026-08-15,1145,N,VIIRS,n,nominal,2.0NRT,6.23,D,VIIRS_SNPP_NRT,True,333.77,302.33,0.54,0.67
51.76771,-3.26831,2026-08-15T12:04:00Z,2026-08-15,1204,N20,VIIRS,n,nominal,2.0NRT,2.89,D,VIIRS_NOAA20_NRT,True,340.15,302.91,0.32,0.54
51.77834,-3.32738,2026-08-15T12:04:00Z,2026-08-15,1204,N20,VIIRS,l,low,2.0NRT,5.13,D,VIIRS_NOAA20_NRT,True,332.72,307.44,0.32,0.55
51.82498,-3.20504,2026-08-15T12:04:00Z,2026-08-15,1204,N20,VIIRS,n,nominal,2.0NRT,15.87,D,VIIRS_NOAA20_NRT,True,337.97,307.87,0.63,0.54
51.83201,-3.19986,2026-08-15T12:04:00Z,2026-08-15,1204,N20,VIIRS,l,low,2.0NRT,13.67,D,VIIRS_NOAA20_NRT,True,331.47,306.05,0.63,0.54
51.96988,-4.01439,2026-08-15T12:04:00Z,2026-08-15,1204,N20,VIIRS,n,nominal,2.0NRT,7.0,D,VIIRS_NOAA20_NRT,True,353.71,301.76,0.34,0.56
51.97123,-4.00983,2026-08-15T12:04:00Z,2026-08-15,1204,N20,VIIRS,h,high,2.0NRT,7.0,D,VIIRS_NOAA20_NRT,True,367.0,295.19,0.34,0.56
51.70585,-3.17695,2026-08-15T12:46:00Z,2026-08-15,1246,N21,VIIRS,n,nominal,2.0NRT,5.1,D,VIIRS_NOAA21_NRT,True,341.91,304.17,0.39,0.36
51.76089,-3.05385,2026-08-15T12:46:00Z,2026-08-15,1246,N21,VIIRS,l,low,2.0NRT,5.23,D,VIIRS_NOAA21_NRT,True,339.11,309.81,0.39,0.36
51.76655,-3.27014,2026-08-15T12:46:00Z,2026-08-15,1246,N21,VIIRS,n,nominal,2.0NRT,4.74,D,VIIRS_NOAA21_NRT,True,334.25,302.61,0.39,0.36
51.82145,-3.21139,2026-08-15T12:46:00Z,2026-08-15,1246,N21,VIIRS,n,nominal,2.0NRT,5.71,D,VIIRS_NOAA21_NRT,True,343.76,310.57,0.39,0.36
51.82468,-3.21278,2026-08-15T12:46:00Z,2026-08-15,1246,N21,VIIRS,n,nominal,2.0NRT,4.22,D,VIIRS_NOAA21_NRT,True,339.96,309.79,0.39,0.36
51.8256,-3.20728,2026-08-15T12:46:00Z,2026-08-15,1246,N21,VIIRS,l,low,2.0NRT,15.27,D,VIIRS_NOAA21_NRT,True,343.52,317.05,0.39,0.36
51.97328,-4.01127,2026-08-15T12:46:00Z,2026-08-15,1246,N21,VIIRS,n,nominal,2.0NRT,6.08,D,VIIRS_NOAA21_NRT,True,331.67,291.58,0.4,0.37
51.60852,-3.38763,2026-08-15T13:23:00Z,2026-08-15,1323,N,VIIRS,n,nominal,2.0NRT,3.14,D,VIIRS_SNPP_NRT,True,332.19,299.57,0.46,0.39
51.7114,-4.00228,2026-08-15T13:23:00Z,2026-08-15,1323,N,VIIRS,n,nominal,2.0NRT,4.17,D,VIIRS_SNPP_NRT,True,334.09,301.13,0.44,0.38
51.76083,-3.05296,2026-08-15T13:23:00Z,2026-08-15,1323,N,VIIRS,n,nominal,2.0NRT,5.61,D,VIIRS_SNPP_NRT,True,339.29,310.04,0.47,0.4
51.82092,-3.21073,2026-08-15T13:23:00Z,2026-08-15,1323,N,VIIRS,l,low,2.0NRT,9.13,D,VIIRS_SNPP_NRT,True,335.31,309.26,0.46,0.39
51.82452,-3.21186,2026-08-15T13:23:00Z,2026-08-15,1323,N,VIIRS,n,nominal,2.0NRT,14.78,D,VIIRS_SNPP_NRT,True,341.7,310.54,0.46,0.39
51.97137,-4.01279,2026-08-15T13:23:00Z,2026-08-15,1323,N,VIIRS,n,nominal,2.0NRT,8.2,D,VIIRS_SNPP_NRT,True,345.19,308.64,0.44,0.39
51.97492,-4.01372,2026-08-15T13:23:00Z,2026-08-15,1323,N,VIIRS,n,nominal,2.0NRT,8.2,D,VIIRS_SNPP_NRT,True,342.79,300.19,0.44,0.39
52.08995,-3.76072,2026-08-15T13:23:00Z,2026-08-15,1323,N,VIIRS,n,nominal,2.0NRT,5.32,D,VIIRS_SNPP_NRT,True,332.23,299.16,0.45,0.39
51.71233,-4.00643,2026-08-15T13:44:00Z,2026-08-15,1344,N20,VIIRS,n,nominal,2.0NRT,6.99,D,VIIRS_NOAA20_NRT,True,339.7,297.72,0.5,0.49
51.76011,-3.05017,2026-08-15T13:44:00Z,2026-08-15,1344,N20,VIIRS,l,low,2.0NRT,6.29,D,VIIRS_NOAA20_NRT,True,331.41,304.62,0.55,0.51
51.81926,-3.20527,2026-08-15T13:44:00Z,2026-08-15,1344,N20,VIIRS,l,low,2.0NRT,9.93,D,VIIRS_NOAA20_NRT,True,332.82,305.33,0.54,0.51
51.82349,-3.21419,2026-08-15T13:44:00Z,2026-08-15,1344,N20,VIIRS,l,low,2.0NRT,5.58,D,VIIRS_NOAA20_NRT,True,332.15,303.59,0.54,0.51
51.82393,-3.2063,2026-08-15T13:44:00Z,2026-08-15,1344,N20,VIIRS,n,nominal,2.0NRT,16.86,D,VIIRS_NOAA20_NRT,True,345.77,309.04,0.54,0.51
51.83373,-3.19995,2026-08-15T13:44:00Z,2026-08-15,1344,N20,VIIRS,l,low,2.0NRT,16.92,D,VIIRS_NOAA20_NRT,True,336.55,309.64,0.54,0.51
51.97019,-4.0159,2026-08-15T13:44:00Z,2026-08-15,1344,N20,VIIRS,n,nominal,2.0NRT,11.33,D,VIIRS_NOAA20_NRT,True,344.43,304.59,0.5,0.49
52.09156,-3.75604,2026-08-15T13:44:00Z,2026-08-15,1344,N20,VIIRS,n,nominal,2.0NRT,2.42,D,VIIRS_NOAA20_NRT,True,337.88,297.81,0.52,0.5
52.09205,-3.75676,2026-08-15T13:44:00Z,2026-08-15,1344,N20,VIIRS,n,nominal,2.0NRT,6.43,D,VIIRS_NOAA20_NRT,True,335.23,297.7,0.52,0.5
51.67181,-3.52033,2026-08-16T01:34:00Z,2026-08-16,134,N,VIIRS,n,nominal,2.0NRT,2.04,N,VIIRS_SNPP_NRT,True,319.29,278.99,0.37,0.58
51.6732,-3.5197,2026-08-16T01:34:00Z,2026-08-16,134,N,VIIRS,n,nominal,2.0NRT,1.89,N,VIIRS_SNPP_NRT,True,316.96,278.22,0.37,0.58
51.97212,-4.01432,2026-08-16T01:34:00Z,2026-08-16,134,N,VIIRS,n,nominal,2.0NRT,2.49,N,VIIRS_SNPP_NRT,True,298.49,280.51,0.39,0.59
51.81759,-3.20038,2026-08-16T01:56:00Z,2026-08-16,156,N20,VIIRS,n,nominal,2.0NRT,1.11,N,VIIRS_NOAA20_NRT,True,295.8,276.62,0.39,0.44
51.82206,-3.2048,2026-08-16T01:56:00Z,2026-08-16,156,N20,VIIRS,n,nominal,2.0NRT,1.05,N,VIIRS_NOAA20_NRT,True,296.83,278.25,0.39,0.44
51.82255,-3.21041,2026-08-16T01:56:00Z,2026-08-16,156,N20,VIIRS,n,nominal,2.0NRT,1.7,N,VIIRS_NOAA20_NRT,True,312.29,279.42,0.39,0.44
51.82605,-3.20366,2026-08-16T01:56:00Z,2026-08-16,156,N20,VIIRS,n,nominal,2.0NRT,1.05,N,VIIRS_NOAA20_NRT,True,297.94,278.37,0.39,0.44
51.82654,-3.2093,2026-08-16T01:56:00Z,2026-08-16,156,N20,VIIRS,n,nominal,2.0NRT,1.7,N,VIIRS_NOAA20_NRT,True,303.2,277.74,0.39,0.44
51.83406,-3.20167,2026-08-16T01:56:00Z,2026-08-16,156,N20,VIIRS,n,nominal,2.0NRT,1.44,N,VIIRS_NOAA20_NRT,True,295.26,274.91,0.39,0.44
51.82838,-4.35533,2026-08-16T03:19:00Z,2026-08-16,319,N,VIIRS,n,nominal,2.0NRT,0.54,N,VIIRS_SNPP_NRT,True,298.78,281.24,0.44,0.46
51.97456,-4.01157,2026-08-16T03:36:00Z,2026-08-16,336,N20,VIIRS,n,nominal,2.0NRT,0.48,N,VIIRS_NOAA20_NRT,True,296.65,281.33,0.4,0.6
