latitude,longitude,acq_datetime_utc,acq_date,acq_time,satellite,instrument,confidence,confidence_label,version,frp,daynight,source,in_wales_watch_bbox,bright_ti4,bright_ti5,scan,track,cluster_id
51.82568,-3.2071,2026-08-12T01:09:00+00:00,2026-08-12,109,N,VIIRS,n,nominal,2.0NRT,4.87,N,VIIRS_SNPP_NRT,True,336.43,286.48,0.67,0.73,1
52.529,0.03186,2026-08-12T01:09:00+00:00,2026-08-12,109,N,VIIRS,n,nominal,2.0NRT,0.69,N,VIIRS_SNPP_NRT,False,297.66,272.48,0.49,0.65,2
52.52833,0.03176,2026-08-12T01:09:00+00:00,2026-08-12,109,N,VIIRS,n,nominal,2.0NRT,0.68,N,VIIRS_SNPP_NRT,False,296.97,271.55,0.49,0.65,2
52.48143,-0.23402,2026-08-12T01:09:00+00:00,2026-08-12,109,N,VIIRS,n,nominal,2.0NRT,1.25,N,VIIRS_SNPP_NRT,False,301.36,280.59,0.5,0.66,3
52.46391,1.04657,2026-08-12T01:09:00+00:00,2026-08-12,109,N,VIIRS,n,nominal,2.0NRT,1.96,N,VIIRS_SNPP_NRT,False,318.25,277.71,0.44,0.63,4
51.84631,-3.2116,2026-08-12T01:09:00+00:00,2026-08-12,109,N,VIIRS,n,nominal,2.0NRT,2.94,N,VIIRS_SNPP_NRT,True,302.29,286.58,0.67,0.73,1
51.83984,-3.1896,2026-08-12T01:09:00+00:00,2026-08-12,109,N,VIIRS,n,nominal,2.0NRT,16.61,N,VIIRS_SNPP_NRT,True,350.0,289.84,0.67,0.73,1
51.83966,-3.19869,2026-08-12T01:09:00+00:00,2026-08-12,109,N,VIIRS,n,nominal,2.0NRT,68.75,N,VIIRS_SNPP_NRT,True,348.17,305.24,0.67,0.73,1
51.83947,-3.20859,2026-08-12T01:09:00+00:00,2026-08-12,109,N,VIIRS,n,nominal,2.0NRT,68.75,N,VIIRS_SNPP_NRT,True,345.56,313.2,0.67,0.73,1
51.83908,-3.22778,2026-08-12T01:09:00+00:00,2026-08-12,109,N,VIIRS,n,nominal,2.0NRT,45.99,N,VIIRS_SNPP_NRT,True,295.76,279.67,0.67,0.73,1
51.83298,-3.18756,2026-08-12T01:09:00+00:00,2026-08-12,109,N,VIIRS,n,nominal,2.0NRT,16.61,N,VIIRS_SNPP_NRT,True,298.65,284.46,0.67,0.73,1
51.83279,-3.19696,2026-08-12T01:09:00+00:00,2026-08-12,109,N,VIIRS,n,nominal,2.0NRT,68.75,N,VIIRS_SNPP_NRT,True,321.01,285.79,0.67,0.73,1
51.83259,-3.20698,2026-08-12T01:09:00+00:00,2026-08-12,109,N,VIIRS,n,nominal,2.0NRT,68.75,N,VIIRS_SNPP_NRT,True,354.26,301.91,0.67,0.73,1
51.83238,-3.2173,2026-08-12T01:09:00+00:00,2026-08-12,109,N,VIIRS,n,nominal,2.0NRT,45.99,N,VIIRS_SNPP_NRT,True,354.37,285.2,0.67,0.73,1
51.82609,-3.18689,2026-08-12T01:09:00+00:00,2026-08-12,109,N,VIIRS,n,nominal,2.0NRT,1.14,N,VIIRS_SNPP_NRT,True,297.19,284.07,0.67,0.73,1
51.82588,-3.19714,2026-08-12T01:09:00+00:00,2026-08-12,109,N,VIIRS,n,nominal,2.0NRT,4.87,N,VIIRS_SNPP_NRT,True,306.49,285.74,0.67,0.73,1
51.83927,-3.2183,2026-08-12T01:09:00+00:00,2026-08-12,109,N,VIIRS,h,high,2.0NRT,45.99,N,VIIRS_SNPP_NRT,True,367.0,289.15,0.67,0.73,1
51.81875,-3.20795,2026-08-12T01:11:00+00:00,2026-08-12,111,N,VIIRS,n,nominal,2.0NRT,4.87,N,VIIRS_SNPP_NRT,True,336.02,288.19,0.67,0.73,1
51.81896,-3.19801,2026-08-12T01:11:00+00:00,2026-08-12,111,N,VIIRS,n,nominal,2.0NRT,4.87,N,VIIRS_SNPP_NRT,True,313.21,286.59,0.67,0.73,1
51.81182,-3.20906,2026-08-12T01:11:00+00:00,2026-08-12,111,N,VIIRS,n,nominal,2.0NRT,1.58,N,VIIRS_SNPP_NRT,True,298.16,283.08,0.67,0.73,1
51.81917,-3.18768,2026-08-12T01:11:00+00:00,2026-08-12,111,N,VIIRS,n,nominal,2.0NRT,1.14,N,VIIRS_SNPP_NRT,True,297.32,283.95,0.67,0.73,1
51.67767,-3.45989,2026-08-12T01:11:00+00:00,2026-08-12,111,N,VIIRS,n,nominal,2.0NRT,0.86,N,VIIRS_SNPP_NRT,True,297.07,284.44,0.68,0.74,5
51.67542,-3.45713,2026-08-12T01:11:00+00:00,2026-08-12,111,N,VIIRS,n,nominal,2.0NRT,0.93,N,VIIRS_SNPP_NRT,True,300.69,284.73,0.68,0.74,5
51.77426,-3.34035,2026-08-12T01:11:00+00:00,2026-08-12,111,N,VIIRS,n,nominal,2.0NRT,0.91,N,VIIRS_SNPP_NRT,True,295.62,284.27,0.68,0.74,6
51.83625,-3.19247,2026-08-12T01:30:00+00:00,2026-08-12,130,N20,VIIRS,n,nominal,2.0NRT,28.31,N,VIIRS_NOAA20_NRT,True,322.83,287.58,0.36,0.57,1
51.83643,-3.19755,2026-08-12T01:30:00+00:00,2026-08-12,130,N20,VIIRS,n,nominal,2.0NRT,28.31,N,VIIRS_NOAA20_NRT,True,348.72,292.53,0.36,0.57,1
51.83661,-3.20268,2026-08-12T01:30:00+00:00,2026-08-12,130,N20,VIIRS,n,nominal,2.0NRT,102.21,N,VIIRS_NOAA20_NRT,True,338.42,313.12,0.36,0.57,1
51.8368,-3.20798,2026-08-12T01:30:00+00:00,2026-08-12,130,N20,VIIRS,n,nominal,2.0NRT,102.21,N,VIIRS_NOAA20_NRT,True,340.6,321.14,0.36,0.57,1
51.83699,-3.21343,2026-08-12T01:30:00+00:00,2026-08-12,130,N20,VIIRS,n,nominal,2.0NRT,34.99,N,VIIRS_NOAA20_NRT,True,353.09,307.3,0.36,0.57,1
51.83718,-3.21873,2026-08-12T01:30:00+00:00,2026-08-12,130,N20,VIIRS,n,nominal,2.0NRT,34.99,N,VIIRS_NOAA20_NRT,True,319.16,285.16,0.36,0.57,1
51.84143,-3.1886,2026-08-12T01:30:00+00:00,2026-08-12,130,N20,VIIRS,n,nominal,2.0NRT,7.01,N,VIIRS_NOAA20_NRT,True,312.87,289.28,0.36,0.57,1
51.8416,-3.19348,2026-08-12T01:30:00+00:00,2026-08-12,130,N20,VIIRS,n,nominal,2.0NRT,28.31,N,VIIRS_NOAA20_NRT,True,347.18,314.11,0.36,0.57,1
51.84179,-3.19859,2026-08-12T01:30:00+00:00,2026-08-12,130,N20,VIIRS,n,nominal,2.0NRT,28.31,N,VIIRS_NOAA20_NRT,True,353.07,313.64,0.36,0.57,1
51.84216,-3.209,2026-08-12T01:30:00+00:00,2026-08-12,130,N20,VIIRS,n,nominal,2.0NRT,102.21,N,VIIRS_NOAA20_NRT,True,333.9,324.26,0.36,0.57,1
51.84234,-3.2141,2026-08-12T01:30:00+00:00,2026-08-12,130,N20,VIIRS,h,high,2.0NRT,34.99,N,VIIRS_NOAA20_NRT,True,367.0,297.65,0.36,0.57,1
51.84252,-3.21914,2026-08-12T01:30:00+00:00,2026-08-12,130,N20,VIIRS,n,nominal,2.0NRT,34.99,N,VIIRS_NOAA20_NRT,True,311.95,286.35,0.36,0.57,1
51.84549,-3.20193,2026-08-12T01:30:00+00:00,2026-08-12,130,N20,VIIRS,n,nominal,2.0NRT,1.35,N,VIIRS_NOAA20_NRT,True,301.68,286.98,0.36,0.57,1
51.84564,-3.20696,2026-08-12T01:30:00+00:00,2026-08-12,130,N20,VIIRS,n,nominal,2.0NRT,1.35,N,VIIRS_NOAA20_NRT,True,311.86,287.7,0.36,0.57,1
51.84579,-3.2118,2026-08-12T01:30:00+00:00,2026-08-12,130,N20,VIIRS,n,nominal,2.0NRT,1.89,N,VIIRS_NOAA20_NRT,True,328.14,288.12,0.36,0.57,1
51.84595,-3.21669,2026-08-12T01:30:00+00:00,2026-08-12,130,N20,VIIRS,n,nominal,2.0NRT,1.89,N,VIIRS_NOAA20_NRT,True,311.49,287.43,0.36,0.57,1
51.84751,-3.20957,2026-08-12T01:30:00+00:00,2026-08-12,130,N20,VIIRS,n,nominal,2.0NRT,1.17,N,VIIRS_NOAA20_NRT,True,298.48,287.15,0.36,0.57,1
52.46215,1.0466,2026-08-12T01:30:00+00:00,2026-08-12,130,N20,VIIRS,n,nominal,2.0NRT,3.29,N,VIIRS_NOAA20_NRT,False,328.2,280.4,0.48,0.48,4
52.48286,-0.23395,2026-08-12T01:30:00+00:00,2026-08-12,130,N20,VIIRS,n,nominal,2.0NRT,4.04,N,VIIRS_NOAA20_NRT,False,320.4,286.11,0.54,0.51,3
52.52851,0.03059,2026-08-12T01:30:00+00:00,2026-08-12,130,N20,VIIRS,n,nominal,2.0NRT,1.0,N,VIIRS_NOAA20_NRT,False,300.87,277.89,0.53,0.5,2
53.33976,-1.75318,2026-08-12T01:30:00+00:00,2026-08-12,130,N20,VIIRS,n,nominal,2.0NRT,0.79,N,VIIRS_NOAA20_NRT,False,301.27,280.68,0.32,0.54,7
51.83168,-3.21379,2026-08-12T01:30:00+00:00,2026-08-12,130,N20,VIIRS,h,high,2.0NRT,24.7,N,VIIRS_NOAA20_NRT,True,367.0,287.33,0.36,0.57,1
51.84532,-3.19671,2026-08-12T01:30:00+00:00,2026-08-12,130,N20,VIIRS,n,nominal,2.0NRT,1.09,N,VIIRS_NOAA20_NRT,True,297.55,286.41,0.36,0.57,1
51.83149,-3.20838,2026-08-12T01:30:00+00:00,2026-08-12,130,N20,VIIRS,n,nominal,2.0NRT,13.35,N,VIIRS_NOAA20_NRT,True,346.82,311.79,0.36,0.57,1
51.82054,-3.19971,2026-08-12T01:30:00+00:00,2026-08-12,130,N20,VIIRS,n,nominal,2.0NRT,2.03,N,VIIRS_NOAA20_NRT,True,329.28,291.43,0.36,0.57,1
51.83112,-3.19785,2026-08-12T01:30:00+00:00,2026-08-12,130,N20,VIIRS,n,nominal,2.0NRT,2.38,N,VIIRS_NOAA20_NRT,True,305.98,286.97,0.36,0.57,1
50.95754,-2.60558,2026-08-12T01:30:00+00:00,2026-08-12,130,N20,VIIRS,n,nominal,2.0NRT,0.66,N,VIIRS_NOAA20_NRT,False,301.75,287.4,0.33,0.55,8
51.67601,-3.4586,2026-08-12T01:30:00+00:00,2026-08-12,130,N20,VIIRS,n,nominal,2.0NRT,1.1,N,VIIRS_NOAA20_NRT,True,305.86,285.24,0.37,0.58,5
51.68455,-5.03269,2026-08-12T01:30:00+00:00,2026-08-12,130,N20,VIIRS,n,nominal,2.0NRT,1.15,N,VIIRS_NOAA20_NRT,True,303.98,289.23,0.43,0.62,9
51.68539,-5.03331,2026-08-12T01:30:00+00:00,2026-08-12,130,N20,VIIRS,n,nominal,2.0NRT,1.04,N,VIIRS_NOAA20_NRT,True,303.68,289.16,0.43,0.62,9
51.7771,-3.33772,2026-08-12T01:30:00+00:00,2026-08-12,130,N20,VIIRS,n,nominal,2.0NRT,1.22,N,VIIRS_NOAA20_NRT,True,306.7,286.5,0.36,0.58,6
51.81506,-3.1955,2026-08-12T01:30:00+00:00,2026-08-12,130,N20,VIIRS,n,nominal,2.0NRT,2.03,N,VIIRS_NOAA20_NRT,True,310.93,287.57,0.36,0.57,1
51.81525,-3.20074,2026-08-12T01:30:00+00:00,2026-08-12,130,N20,VIIRS,n,nominal,2.0NRT,2.03,N,VIIRS_NOAA20_NRT,True,311.67,286.52,0.36,0.57,1
51.81543,-3.20597,2026-08-12T01:30:00+00:00,2026-08-12,130,N20,VIIRS,n,nominal,2.0NRT,3.68,N,VIIRS_NOAA20_NRT,True,307.94,284.12,0.36,0.57,1
51.81561,-3.21123,2026-08-12T01:30:00+00:00,2026-08-12,130,N20,VIIRS,n,nominal,2.0NRT,3.68,N,VIIRS_NOAA20_NRT,True,302.87,283.55,0.36,0.57,1
51.81997,-3.18367,2026-08-12T01:30:00+00:00,2026-08-12,130,N20,VIIRS,n,nominal,2.0NRT,0.79,N,VIIRS_NOAA20_NRT,True,297.05,285.64,0.36,0.57,1
51.8313,-3.20305,2026-08-12T01:30:00+00:00,2026-08-12,130,N20,VIIRS,n,nominal,2.0NRT,13.35,N,VIIRS_NOAA20_NRT,True,354.54,304.06,0.36,0.57,1
51.82017,-3.18914,2026-08-12T01:30:00+00:00,2026-08-12,130,N20,VIIRS,n,nominal,2.0NRT,0.79,N,VIIRS_NOAA20_NRT,True,299.55,284.51,0.36,0.57,1
53.63584,-0.24087,2026-08-12T01:30:00+00:00,2026-08-12,130,N20,VIIRS,n,nominal,2.0NRT,0.66,N,VIIRS_NOAA20_NRT,False,299.16,280.79,0.55,0.51,10
51.82072,-3.20486,2026-08-12T01:30:00+00:00,2026-08-12,130,N20,VIIRS,n,nominal,2.0NRT,3.68,N,VIIRS_NOAA20_NRT,True,339.4,294.45,0.36,0.57,1
51.8209,-3.21007,2026-08-12T01:30:00+00:00,2026-08-12,130,N20,VIIRS,n,nominal,2.0NRT,3.68,N,VIIRS_NOAA20_NRT,True,350.4,292.37,0.36,0.57,1
51.82545,-3.18812,2026-08-12T01:30:00+00:00,2026-08-12,130,N20,VIIRS,n,nominal,2.0NRT,1.04,N,VIIRS_NOAA20_NRT,True,299.12,285.93,0.36,0.57,1
51.82564,-3.19345,2026-08-12T01:30:00+00:00,2026-08-12,130,N20,VIIRS,n,nominal,2.0NRT,2.38,N,VIIRS_NOAA20_NRT,True,313.5,287.34,0.36,0.57,1
51.82582,-3.19868,2026-08-12T01:30:00+00:00,2026-08-12,130,N20,VIIRS,n,nominal,2.0NRT,2.38,N,VIIRS_NOAA20_NRT,True,302.62,284.91,0.36,0.57,1
51.826,-3.20383,2026-08-12T01:30:00+00:00,2026-08-12,130,N20,VIIRS,n,nominal,2.0NRT,13.35,N,VIIRS_NOAA20_NRT,True,314.04,287.72,0.36,0.57,1
51.82619,-3.20911,2026-08-12T01:30:00+00:00,2026-08-12,130,N20,VIIRS,n,nominal,2.0NRT,13.35,N,VIIRS_NOAA20_NRT,True,324.3,285.98,0.36,0.57,1
51.83075,-3.1875,2026-08-12T01:30:00+00:00,2026-08-12,130,N20,VIIRS,n,nominal,2.0NRT,1.04,N,VIIRS_NOAA20_NRT,True,303.96,286.18,0.36,0.57,1
51.83093,-3.19267,2026-08-12T01:30:00+00:00,2026-08-12,130,N20,VIIRS,n,nominal,2.0NRT,2.38,N,VIIRS_NOAA20_NRT,True,295.66,284.4,0.36,0.57,1
51.82035,-3.19452,2026-08-12T01:30:00+00:00,2026-08-12,130,N20,VIIRS,n,nominal,2.0NRT,2.03,N,VIIRS_NOAA20_NRT,True,302.91,287.54,0.36,0.57,1
53.88967,-2.38273,2026-08-12T01:30:00+00:00,2026-08-12,130,N20,VIIRS,n,nominal,2.0NRT,0.67,N,VIIRS_NOAA20_NRT,False,297.92,285.63,0.34,0.56,11
51.83607,-3.18754,2026-08-12T01:30:00+00:00,2026-08-12,130,N20,VIIRS,n,nominal,2.0NRT,7.01,N,VIIRS_NOAA20_NRT,True,308.3,286.8,0.36,0.57,1
53.56459,-0.59838,2026-08-12T02:15:00+00:00,2026-08-12,215,N21,VIIRS,n,nominal,2.0NRT,1.09,N,VIIRS_NOAA21_NRT,False,311.93,281.12,0.38,0.36,12
51.84033,-3.19017,2026-08-12T02:15:00+00:00,2026-08-12,215,N21,VIIRS,n,nominal,2.0NRT,21.89,N,VIIRS_NOAA21_NRT,True,342.46,320.05,0.39,0.36,1
51.84021,-3.21373,2026-08-12T02:15:00+00:00,2026-08-12,215,N21,VIIRS,n,nominal,2.0NRT,26.32,N,VIIRS_NOAA21_NRT,True,344.46,301.75,0.39,0.36,1
51.83941,-3.20811,2026-08-12T02:15:00+00:00,2026-08-12,215,N21,VIIRS,h,high,2.0NRT,26.32,N,VIIRS_NOAA21_NRT,True,367.0,345.69,0.39,0.36,1
51.83862,-3.20247,2026-08-12T02:15:00+00:00,2026-08-12,215,N21,VIIRS,h,high,2.0NRT,43.03,N,VIIRS_NOAA21_NRT,True,367.0,347.69,0.39,0.36,1
51.83782,-3.19686,2026-08-12T02:15:00+00:00,2026-08-12,215,N21,VIIRS,n,nominal,2.0NRT,43.03,N,VIIRS_NOAA21_NRT,True,347.72,328.55,0.39,0.36,1
51.83703,-3.19128,2026-08-12T02:15:00+00:00,2026-08-12,215,N21,VIIRS,n,nominal,2.0NRT,21.89,N,VIIRS_NOAA21_NRT,True,350.17,301.95,0.39,0.36,1
51.84112,-3.19577,2026-08-12T02:15:00+00:00,2026-08-12,215,N21,VIIRS,h,high,2.0NRT,43.03,N,VIIRS_NOAA21_NRT,True,367.0,313.46,0.39,0.36,1
51.83692,-3.21488,2026-08-12T02:15:00+00:00,2026-08-12,215,N21,VIIRS,n,nominal,2.0NRT,44.04,N,VIIRS_NOAA21_NRT,True,341.59,306.58,0.39,0.36,1
51.83612,-3.20925,2026-08-12T02:15:00+00:00,2026-08-12,215,N21,VIIRS,n,nominal,2.0NRT,44.04,N,VIIRS_NOAA21_NRT,True,340.68,333.37,0.39,0.36,1
51.83533,-3.20364,2026-08-12T02:15:00+00:00,2026-08-12,215,N21,VIIRS,n,nominal,2.0NRT,19.67,N,VIIRS_NOAA21_NRT,True,354.8,310.23,0.39,0.36,1
51.83453,-3.19803,2026-08-12T02:15:00+00:00,2026-08-12,215,N21,VIIRS,n,nominal,2.0NRT,19.67,N,VIIRS_NOAA21_NRT,True,335.47,292.13,0.39,0.36,1
51.83374,-3.19244,2026-08-12T02:15:00+00:00,2026-08-12,215,N21,VIIRS,n,nominal,2.0NRT,0.9,N,VIIRS_NOAA21_NRT,True,303.08,285.76,0.39,0.36,1
51.83363,-3.21607,2026-08-12T02:15:00+00:00,2026-08-12,215,N21,VIIRS,n,nominal,2.0NRT,44.04,N,VIIRS_NOAA21_NRT,True,331.24,295.74,0.39,0.36,1
51.83294,-3.18686,2026-08-12T02:15:00+00:00,2026-08-12,215,N21,VIIRS,n,nominal,2.0NRT,0.9,N,VIIRS_NOAA21_NRT,True,298.56,285.78,0.39,0.36,1
51.83624,-3.18573,2026-08-12T02:15:00+00:00,2026-08-12,215,N21,VIIRS,n,nominal,2.0NRT,21.89,N,VIIRS_NOAA21_NRT,True,308.07,289.67,0.39,0.36,1
51.83284,-3.21046,2026-08-12T02:15:00+00:00,2026-08-12,215,N21,VIIRS,n,nominal,2.0NRT,44.04,N,VIIRS_NOAA21_NRT,True,342.32,320.31,0.39,0.36,1
51.84192,-3.2014,2026-08-12T02:15:00+00:00,2026-08-12,215,N21,VIIRS,n,nominal,2.0NRT,43.03,N,VIIRS_NOAA21_NRT,True,335.48,293.12,0.39,0.36,1
51.84352,-3.21263,2026-08-12T02:15:00+00:00,2026-08-12,215,N21,VIIRS,n,nominal,2.0NRT,26.32,N,VIIRS_NOAA21_NRT,True,314.45,289.66,0.39,0.36,1
52.48195,-0.23884,2026-08-12T02:15:00+00:00,2026-08-12,215,N21,VIIRS,n,nominal,2.0NRT,3.07,N,VIIRS_NOAA21_NRT,False,298.82,281.3,0.39,0.36,3
52.48426,-0.23186,2026-08-12T02:15:00+00:00,2026-08-12,215,N21,VIIRS,n,nominal,2.0NRT,2.84,N,VIIRS_NOAA21_NRT,False,320.4,286.25,0.39,0.36,3
52.52657,0.0341,2026-08-12T02:15:00+00:00,2026-08-12,215,N21,VIIRS,n,nominal,2.0NRT,1.02,N,VIIRS_NOAA21_NRT,False,306.72,278.74,0.39,0.36,2
52.63993,-0.54757,2026-08-12T02:15:00+00:00,2026-08-12,215,N21,VIIRS,n,nominal,2.0NRT,0.65,N,VIIRS_NOAA21_NRT,False,297.17,284.01,0.38,0.36,13
53.15109,-3.05939,2026-08-12T02:15:00+00:00,2026-08-12,215,N21,VIIRS,n,nominal,2.0NRT,0.45,N,VIIRS_NOAA21_NRT,True,299.53,287.46,0.4,0.37,14
53.26342,-1.8545,2026-08-12T02:15:00+00:00,2026-08-12,215,N21,VIIRS,n,nominal,2.0NRT,0.86,N,VIIRS_NOAA21_NRT,False,296.02,285.19,0.39,0.36,15
51.84272,-3.20702,2026-08-12T02:15:00+00:00,2026-08-12,215,N21,VIIRS,n,nominal,2.0NRT,26.32,N,VIIRS_NOAA21_NRT,True,347.03,294.48,0.39,0.36,1
53.33736,-1.75041,2026-08-12T02:15:00+00:00,2026-08-12,215,N21,VIIRS,n,nominal,2.0NRT,0.86,N,VIIRS_NOAA21_NRT,False,295.75,284.59,0.39,0.36,7
53.56781,-0.59694,2026-08-12T02:15:00+00:00,2026-08-12,215,N21,VIIRS,n,nominal,2.0NRT,1.02,N,VIIRS_NOAA21_NRT,False,306.42,281.27,0.38,0.36,12
53.63277,-0.24456,2026-08-12T02:15:00+00:00,2026-08-12,215,N21,VIIRS,n,nominal,2.0NRT,1.29,N,VIIRS_NOAA21_NRT,False,314.32,285.43,0.38,0.36,10
53.63368,-0.25023,2026-08-12T02:15:00+00:00,2026-08-12,215,N21,VIIRS,n,nominal,2.0NRT,1.29,N,VIIRS_NOAA21_NRT,False,299.88,285.51,0.38,0.36,10
53.76828,-0.3343,2026-08-12T02:15:00+00:00,2026-08-12,215,N21,VIIRS,n,nominal,2.0NRT,0.81,N,VIIRS_NOAA21_NRT,False,299.68,284.99,0.38,0.36,16
55.04832,-2.16117,2026-08-12T02:15:00+00:00,2026-08-12,215,N21,VIIRS,n,nominal,2.0NRT,0.92,N,VIIRS_NOAA21_NRT,False,301.11,280.2,0.4,0.37,17
52.46258,1.04809,2026-08-12T02:15:00+00:00,2026-08-12,215,N21,VIIRS,n,nominal,2.0NRT,2.14,N,VIIRS_NOAA21_NRT,False,310.19,281.11,0.4,0.37,4
53.3382,-1.75608,2026-08-12T02:15:00+00:00,2026-08-12,215,N21,VIIRS,n,nominal,2.0NRT,0.59,N,VIIRS_NOAA21_NRT,False,296.67,284.6,0.39,0.36,7
52.48103,-0.23329,2026-08-12T02:15:00+00:00,2026-08-12,215,N21,VIIRS,n,nominal,2.0NRT,3.07,N,VIIRS_NOAA21_NRT,False,339.39,294.44,0.39,0.36,3
51.83204,-3.20484,2026-08-12T02:15:00+00:00,2026-08-12,215,N21,VIIRS,n,nominal,2.0NRT,19.67,N,VIIRS_NOAA21_NRT,True,352.33,327.58,0.39,0.36,1
51.82965,-3.18805,2026-08-12T02:15:00+00:00,2026-08-12,215,N21,VIIRS,n,nominal,2.0NRT,0.9,N,VIIRS_NOAA21_NRT,True,305.42,286.75,0.39,0.36,1
51.57549,-3.18547,2026-08-12T02:15:00+00:00,2026-08-12,215,N21,VIIRS,n,nominal,2.0NRT,0.83,N,VIIRS_NOAA21_NRT,True,301.74,288.31,0.39,0.36,18
51.67003,-3.43816,2026-08-12T02:15:00+00:00,2026-08-12,215,N21,VIIRS,n,nominal,2.0NRT,1.07,N,VIIRS_NOAA21_NRT,True,297.93,287.24,0.39,0.37,5
51.67572,-3.45397,2026-08-12T02:15:00+00:00,2026-08-12,215,N21,VIIRS,n,nominal,2.0NRT,1.33,N,VIIRS_NOAA21_NRT,True,311.64,285.58,0.39,0.37,5
51.71501,-3.39664,2026-08-12T02:15:00+00:00,2026-08-12,215,N21,VIIRS,n,nominal,2.0NRT,1.12,N,VIIRS_NOAA21_NRT,True,306.1,288.0,0.39,0.36,6
51.772,-3.33453,2026-08-12T02:15:00+00:00,2026-08-12,215,N21,VIIRS,n,nominal,2.0NRT,1.13,N,VIIRS_NOAA21_NRT,True,305.21,286.83,0.39,0.36,6
51.77279,-3.34015,2026-08-12T02:15:00+00:00,2026-08-12,215,N21,VIIRS,n,nominal,2.0NRT,1.13,N,VIIRS_NOAA21_NRT,True,303.92,286.82,0.39,0.36,6
51.39633,-3.39368,2026-08-12T02:15:00+00:00,2026-08-12,215,N21,VIIRS,n,nominal,2.0NRT,1.29,N,VIIRS_NOAA21_NRT,True,310.87,288.66,0.39,0.36,19
51.77528,-3.33329,2026-08-12T02:15:00+00:00,2026-08-12,215,N21,VIIRS,n,nominal,2.0NRT,1.01,N,VIIRS_NOAA21_NRT,True,295.37,284.71,0.39,0.36,6
51.81327,-3.19424,2026-08-12T02:15:00+00:00,2026-08-12,215,N21,VIIRS,n,nominal,2.0NRT,2.39,N,VIIRS_NOAA21_NRT,True,319.66,290.01,0.39,0.36,1
51.81406,-3.19984,2026-08-12T02:15:00+00:00,2026-08-12,215,N21,VIIRS,n,nominal,2.0NRT,2.39,N,VIIRS_NOAA21_NRT,True,318.21,289.18,0.39,0.36,1
51.81485,-3.20543,2026-08-12T02:15:00+00:00,2026-08-12,215,N21,VIIRS,n,nominal,2.0NRT,1.3,N,VIIRS_NOAA21_NRT,True,316.33,287.11,0.39,0.36,1
51.81564,-3.21102,2026-08-12T02:15:00+00:00,2026-08-12,215,N21,VIIRS,n,nominal,2.0NRT,1.3,N,VIIRS_NOAA21_NRT,True,298.32,284.57,0.39,0.36,1
51.81575,-3.1874,2026-08-12T02:15:00+00:00,2026-08-12,215,N21,VIIRS,n,nominal,2.0NRT,1.02,N,VIIRS_NOAA21_NRT,True,297.2,285.98,0.39,0.36,1
51.81654,-3.193,2026-08-12T02:15:00+00:00,2026-08-12,215,N21,VIIRS,n,nominal,2.0NRT,2.07,N,VIIRS_NOAA21_NRT,True,299.19,285.82,0.39,0.36,1
51.77608,-3.33891,2026-08-12T02:15:00+00:00,2026-08-12,215,N21,VIIRS,n,nominal,2.0NRT,1.01,N,VIIRS_NOAA21_NRT,True,311.8,286.31,0.39,0.36,6
51.83125,-3.19924,2026-08-12T02:15:00+00:00,2026-08-12,215,N21,VIIRS,n,nominal,2.0NRT,19.67,N,VIIRS_NOAA21_NRT,True,329.41,294.24,0.39,0.36,1
50.82986,-1.36364,2026-08-12T02:15:00+00:00,2026-08-12,215,N21,VIIRS,n,nominal,2.0NRT,1.2,N,VIIRS_NOAA21_NRT,False,306.59,292.8,0.39,0.36,20
51.81903,-3.18615,2026-08-12T02:15:00+00:00,2026-08-12,215,N21,VIIRS,n,nominal,2.0NRT,1.02,N,VIIRS_NOAA21_NRT,True,308.67,287.42,0.39,0.36,1
51.82955,-3.21167,2026-08-12T02:15:00+00:00,2026-08-12,215,N21,VIIRS,n,nominal,2.0NRT,31.57,N,VIIRS_NOAA21_NRT,True,341.17,307.6,0.39,0.36,1
51.82875,-3.20605,2026-08-12T02:15:00+00:00,2026-08-12,215,N21,VIIRS,n,nominal,2.0NRT,6.41,N,VIIRS_NOAA21_NRT,True,355.31,306.28,0.39,0.36,1
51.82796,-3.20046,2026-08-12T02:15:00+00:00,2026-08-12,215,N21,VIIRS,n,nominal,2.0NRT,6.41,N,VIIRS_NOAA21_NRT,True,330.96,293.4,0.39,0.36,1
51.82717,-3.19487,2026-08-12T02:15:00+00:00,2026-08-12,215,N21,VIIRS,n,nominal,2.0NRT,1.49,N,VIIRS_NOAA21_NRT,True,305.92,287.24,0.39,0.36,1
51.82638,-3.18927,2026-08-12T02:15:00+00:00,2026-08-12,215,N21,VIIRS,n,nominal,2.0NRT,1.49,N,VIIRS_NOAA21_NRT,True,311.79,287.72,0.39,0.36,1
51.82548,-3.20729,2026-08-12T02:15:00+00:00,2026-08-12,215,N21,VIIRS,n,nominal,2.0NRT,6.41,N,VIIRS_NOAA21_NRT,True,331.34,288.34,0.39,0.36,1
51.81892,-3.20977,2026-08-12T02:15:00+00:00,2026-08-12,215,N21,VIIRS,n,nominal,2.0NRT,6.08,N,VIIRS_NOAA21_NRT,True,345.88,296.56,0.39,0.36,1
51.82468,-3.2017,2026-08-12T02:15:00+00:00,2026-08-12,215,N21,VIIRS,n,nominal,2.0NRT,6.41,N,VIIRS_NOAA21_NRT,True,305.7,287.62,0.39,0.36,1
51.8231,-3.19051,2026-08-12T02:15:00+00:00,2026-08-12,215,N21,VIIRS,n,nominal,2.0NRT,1.49,N,VIIRS_NOAA21_NRT,True,313.65,288.65,0.39,0.36,1
51.8223,-3.1849,2026-08-12T02:15:00+00:00,2026-08-12,215,N21,VIIRS,n,nominal,2.0NRT,0.91,N,VIIRS_NOAA21_NRT,True,297.61,285.24,0.39,0.36,1
51.8222,-3.20852,2026-08-12T02:15:00+00:00,2026-08-12,215,N21,VIIRS,n,nominal,2.0NRT,6.08,N,VIIRS_NOAA21_NRT,True,339.32,293.13,0.39,0.36,1
51.82141,-3.20294,2026-08-12T02:15:00+00:00,2026-08-12,215,N21,VIIRS,n,nominal,2.0NRT,6.08,N,VIIRS_NOAA21_NRT,True,331.99,291.58,0.39,0.36,1
51.82061,-3.19735,2026-08-12T02:15:00+00:00,2026-08-12,215,N21,VIIRS,n,nominal,2.0NRT,2.07,N,VIIRS_NOAA21_NRT,True,305.59,287.42,0.39,0.36,1
51.81982,-3.19176,2026-08-12T02:15:00+00:00,2026-08-12,215,N21,VIIRS,n,nominal,2.0NRT,2.07,N,VIIRS_NOAA21_NRT,True,296.96,286.2,0.39,0.36,1
51.82389,-3.19611,2026-08-12T02:15:00+00:00,2026-08-12,215,N21,VIIRS,n,nominal,2.0NRT,1.49,N,VIIRS_NOAA21_NRT,True,313.22,289.05,0.39,0.36,1
52.46359,1.04241,2026-08-12T02:15:00+00:00,2026-08-12,215,N21,VIIRS,n,nominal,2.0NRT,2.69,N,VIIRS_NOAA21_NRT,False,326.62,281.8,0.4,0.37,4
51.81813,-3.20418,2026-08-12T02:15:00+00:00,2026-08-12,215,N21,VIIRS,n,nominal,2.0NRT,6.08,N,VIIRS_NOAA21_NRT,True,343.88,298.22,0.39,0.36,1
51.81734,-3.19859,2026-08-12T02:15:00+00:00,2026-08-12,215,N21,VIIRS,n,nominal,2.0NRT,2.07,N,VIIRS_NOAA21_NRT,True,341.86,296.94,0.39,0.36,1
51.77459,-3.33311,2026-08-12T02:51:00+00:00,2026-08-12,251,N,VIIRS,n,nominal,2.0NRT,0.79,N,VIIRS_SNPP_NRT,True,299.31,285.3,0.44,0.38,6
51.83887,-3.18931,2026-08-12T02:51:00+00:00,2026-08-12,251,N,VIIRS,n,nominal,2.0NRT,21.34,N,VIIRS_SNPP_NRT,True,340.52,308.86,0.44,0.39,1
51.83801,-3.2038,2026-08-12T02:51:00+00:00,2026-08-12,251,N,VIIRS,n,nominal,2.0NRT,57.04,N,VIIRS_SNPP_NRT,True,345.61,328.98,0.44,0.39,1
51.83757,-3.18281,2026-08-12T02:51:00+00:00,2026-08-12,251,N,VIIRS,n,nominal,2.0NRT,1.65,N,VIIRS_SNPP_NRT,True,298.11,287.7,0.44,0.39,1
51.83709,-3.21802,2026-08-12T02:51:00+00:00,2026-08-12,251,N,VIIRS,n,nominal,2.0NRT,20.4,N,VIIRS_SNPP_NRT,True,329.98,289.74,0.44,0.39,1
51.83676,-3.19758,2026-08-12T02:51:00+00:00,2026-08-12,251,N,VIIRS,n,nominal,2.0NRT,9.8,N,VIIRS_SNPP_NRT,True,348.97,299.97,0.44,0.39,1
51.83585,-3.21185,2026-08-12T02:51:00+00:00,2026-08-12,251,N,VIIRS,n,nominal,2.0NRT,57.04,N,VIIRS_SNPP_NRT,True,337.9,326.51,0.44,0.39,1
51.8355,-3.19134,2026-08-12T02:51:00+00:00,2026-08-12,251,N,VIIRS,n,nominal,2.0NRT,9.8,N,VIIRS_SNPP_NRT,True,312.58,286.92,0.44,0.39,1
51.83461,-3.20566,2026-08-12T02:51:00+00:00,2026-08-12,251,N,VIIRS,n,nominal,2.0NRT,57.04,N,VIIRS_SNPP_NRT,True,355.05,320.07,0.44,0.39,1
51.83422,-3.18496,2026-08-12T02:51:00+00:00,2026-08-12,251,N,VIIRS,n,nominal,2.0NRT,0.88,N,VIIRS_SNPP_NRT,True,298.98,285.74,0.44,0.39,1
51.83336,-3.19944,2026-08-12T02:51:00+00:00,2026-08-12,251,N,VIIRS,n,nominal,2.0NRT,9.8,N,VIIRS_SNPP_NRT,True,331.43,294.84,0.44,0.39,1
51.83244,-3.21363,2026-08-12T02:51:00+00:00,2026-08-12,251,N,VIIRS,n,nominal,2.0NRT,16.33,N,VIIRS_SNPP_NRT,True,346.62,295.82,0.44,0.39,1
51.8312,-3.20746,2026-08-12T02:51:00+00:00,2026-08-12,251,N,VIIRS,n,nominal,2.0NRT,16.33,N,VIIRS_SNPP_NRT,True,354.76,314.43,0.44,0.39,1
51.83085,-3.18693,2026-08-12T02:51:00+00:00,2026-08-12,251,N,VIIRS,n,nominal,2.0NRT,0.88,N,VIIRS_SNPP_NRT,True,300.91,286.37,0.44,0.39,1
51.82995,-3.20124,2026-08-12T02:51:00+00:00,2026-08-12,251,N,VIIRS,n,nominal,2.0NRT,3.23,N,VIIRS_SNPP_NRT,True,339.27,298.73,0.44,0.39,1
51.82903,-3.21541,2026-08-12T02:51:00+00:00,2026-08-12,251,N,VIIRS,n,nominal,2.0NRT,16.33,N,VIIRS_SNPP_NRT,True,301.23,284.84,0.44,0.39,1
51.77581,-3.3393,2026-08-12T02:51:00+00:00,2026-08-12,251,N,VIIRS,n,nominal,2.0NRT,2.88,N,VIIRS_SNPP_NRT,True,320.51,288.76,0.44,0.38,6
51.82778,-3.20922,2026-08-12T02:51:00+00:00,2026-08-12,251,N,VIIRS,h,high,2.0NRT,16.33,N,VIIRS_SNPP_NRT,True,367.0,290.79,0.44,0.39,1
51.83923,-3.20989,2026-08-12T02:51:00+00:00,2026-08-12,251,N,VIIRS,n,nominal,2.0NRT,57.04,N,VIIRS_SNPP_NRT,True,345.09,342.71,0.44,0.39,1
51.84012,-3.19554,2026-08-12T02:51:00+00:00,2026-08-12,251,N,VIIRS,n,nominal,2.0NRT,21.34,N,VIIRS_SNPP_NRT,True,353.08,334.5,0.44,0.39,1
51.84047,-3.21607,2026-08-12T02:51:00+00:00,2026-08-12,251,N,VIIRS,n,nominal,2.0NRT,20.4,N,VIIRS_SNPP_NRT,True,334.2,292.47,0.44,0.39,1
51.84135,-3.20167,2026-08-12T02:51:00+00:00,2026-08-12,251,N,VIIRS,h,high,2.0NRT,27.38,N,VIIRS_SNPP_NRT,True,367.0,317.31,0.44,0.39,1
52.48135,-0.22833,2026-08-12T02:51:00+00:00,2026-08-12,251,N,VIIRS,n,nominal,2.0NRT,2.97,N,VIIRS_SNPP_NRT,False,302.81,278.63,0.53,0.42,3
52.48301,-0.23575,2026-08-12T02:51:00+00:00,2026-08-12,251,N,VIIRS,n,nominal,2.0NRT,2.97,N,VIIRS_SNPP_NRT,False,322.43,283.83,0.53,0.42,3
52.48305,-0.22762,2026-08-12T02:51:00+00:00,2026-08-12,251,N,VIIRS,n,nominal,2.0NRT,1.65,N,VIIRS_SNPP_NRT,False,303.4,280.26,0.53,0.42,3
52.48474,-0.23502,2026-08-12T02:51:00+00:00,2026-08-12,251,N,VIIRS,n,nominal,2.0NRT,2.28,N,VIIRS_SNPP_NRT,False,316.74,283.91,0.53,0.42,3
52.64157,-0.54791,2026-08-12T02:51:00+00:00,2026-08-12,251,N,VIIRS,n,nominal,2.0NRT,0.75,N,VIIRS_SNPP_NRT,False,297.77,284.39,0.51,0.41,13
53.26391,-1.85815,2026-08-12T02:51:00+00:00,2026-08-12,251,N,VIIRS,n,nominal,2.0NRT,0.7,N,VIIRS_SNPP_NRT,False,297.91,285.02,0.46,0.39,15
53.3399,-1.7538,2026-08-12T02:51:00+00:00,2026-08-12,251,N,VIIRS,n,nominal,2.0NRT,1.11,N,VIIRS_SNPP_NRT,False,297.6,284.34,0.46,0.39,7
53.43637,-2.3563,2026-08-12T02:51:00+00:00,2026-08-12,251,N,VIIRS,n,nominal,2.0NRT,0.22,N,VIIRS_SNPP_NRT,False,296.61,284.72,0.44,0.38,21
53.56783,-0.6,2026-08-12T02:51:00+00:00,2026-08-12,251,N,VIIRS,n,nominal,2.0NRT,1.16,N,VIIRS_SNPP_NRT,False,300.72,286.36,0.49,0.4,12
53.63221,-0.24533,2026-08-12T02:51:00+00:00,2026-08-12,251,N,VIIRS,n,nominal,2.0NRT,1.55,N,VIIRS_SNPP_NRT,False,297.71,287.35,0.5,0.41,10
53.63304,-0.24588,2026-08-12T02:51:00+00:00,2026-08-12,251,N,VIIRS,n,nominal,2.0NRT,1.83,N,VIIRS_SNPP_NRT,False,306.51,288.6,0.5,0.41,10
53.63659,-0.24366,2026-08-12T02:51:00+00:00,2026-08-12,251,N,VIIRS,n,nominal,2.0NRT,1.04,N,VIIRS_SNPP_NRT,False,300.86,286.71,0.5,0.41,10
53.7696,-0.33255,2026-08-12T02:51:00+00:00,2026-08-12,251,N,VIIRS,n,nominal,2.0NRT,0.38,N,VIIRS_SNPP_NRT,False,295.4,284.99,0.49,0.4,16
53.88829,-2.38461,2026-08-12T02:51:00+00:00,2026-08-12,251,N,VIIRS,n,nominal,2.0NRT,0.63,N,VIIRS_SNPP_NRT,False,298.72,286.49,0.43,0.38,11
52.46408,1.04788,2026-08-12T02:51:00+00:00,2026-08-12,251,N,VIIRS,n,nominal,2.0NRT,1.57,N,VIIRS_SNPP_NRT,False,310.61,281.6,0.39,0.44,4
51.84383,-3.21402,2026-08-12T02:51:00+00:00,2026-08-12,251,N,VIIRS,n,nominal,2.0NRT,3.68,N,VIIRS_SNPP_NRT,True,322.28,290.71,0.44,0.39,1
51.84346,-3.19335,2026-08-12T02:51:00+00:00,2026-08-12,251,N,VIIRS,n,nominal,2.0NRT,21.34,N,VIIRS_SNPP_NRT,True,311.24,289.27,0.44,0.39,1
51.84258,-3.20782,2026-08-12T02:51:00+00:00,2026-08-12,251,N,VIIRS,n,nominal,2.0NRT,27.38,N,VIIRS_SNPP_NRT,True,354.28,309.03,0.44,0.39,1
51.8422,-3.18707,2026-08-12T02:51:00+00:00,2026-08-12,251,N,VIIRS,n,nominal,2.0NRT,21.34,N,VIIRS_SNPP_NRT,True,314.91,289.1,0.44,0.39,1
51.82744,-3.18874,2026-08-12T02:51:00+00:00,2026-08-12,251,N,VIIRS,n,nominal,2.0NRT,1.16,N,VIIRS_SNPP_NRT,True,309.66,287.16,0.44,0.39,1
51.82653,-3.20298,2026-08-12T02:51:00+00:00,2026-08-12,251,N,VIIRS,n,nominal,2.0NRT,3.23,N,VIIRS_SNPP_NRT,True,314.48,287.8,0.44,0.39,1
51.82869,-3.19497,2026-08-12T02:51:00+00:00,2026-08-12,251,N,VIIRS,n,nominal,2.0NRT,3.23,N,VIIRS_SNPP_NRT,True,301.18,286.59,0.44,0.39,1
51.82275,-3.18424,2026-08-12T02:51:00+00:00,2026-08-12,251,N,VIIRS,n,nominal,2.0NRT,1.16,N,VIIRS_SNPP_NRT,True,297.5,285.36,0.44,0.39,1
51.82401,-3.19044,2026-08-12T02:51:00+00:00,2026-08-12,251,N,VIIRS,n,nominal,2.0NRT,1.16,N,VIIRS_SNPP_NRT,True,310.29,287.65,0.44,0.39,1
51.8231,-3.20468,2026-08-12T02:51:00+00:00,2026-08-12,251,N,VIIRS,n,nominal,2.0NRT,4.47,N,VIIRS_SNPP_NRT,True,322.42,290.71,0.44,0.39,1
52.46539,1.04243,2026-08-12T02:51:00+00:00,2026-08-12,251,N,VIIRS,n,nominal,2.0NRT,1.57,N,VIIRS_SNPP_NRT,False,313.36,281.32,0.39,0.44,4
51.82183,-3.19839,2026-08-12T02:51:00+00:00,2026-08-12,251,N,VIIRS,n,nominal,2.0NRT,4.47,N,VIIRS_SNPP_NRT,True,305.33,286.92,0.44,0.39,1
51.82093,-3.21264,2026-08-12T02:51:00+00:00,2026-08-12,251,N,VIIRS,n,nominal,2.0NRT,2.74,N,VIIRS_SNPP_NRT,True,321.76,286.9,0.44,0.39,1
51.82057,-3.19213,2026-08-12T02:51:00+00:00,2026-08-12,251,N,VIIRS,n,nominal,2.0NRT,1.06,N,VIIRS_SNPP_NRT,True,296.54,285.72,0.44,0.39,1
51.81967,-3.20638,2026-08-12T02:51:00+00:00,2026-08-12,251,N,VIIRS,n,nominal,2.0NRT,4.47,N,VIIRS_SNPP_NRT,True,349.88,299.21,0.44,0.39,1
51.81932,-3.18593,2026-08-12T02:51:00+00:00,2026-08-12,251,N,VIIRS,n,nominal,2.0NRT,1.06,N,VIIRS_SNPP_NRT,True,307.86,287.14,0.44,0.39,1
51.82435,-3.21093,2026-08-12T02:51:00+00:00,2026-08-12,251,N,VIIRS,n,nominal,2.0NRT,2.74,N,VIIRS_SNPP_NRT,True,304.67,287.31,0.44,0.39,1
51.8184,-3.2001,2026-08-12T02:51:00+00:00,2026-08-12,251,N,VIIRS,n,nominal,2.0NRT,4.47,N,VIIRS_SNPP_NRT,True,337.52,295.04,0.44,0.39,1
51.81623,-3.20806,2026-08-12T02:51:00+00:00,2026-08-12,251,N,VIIRS,n,nominal,2.0NRT,1.76,N,VIIRS_SNPP_NRT,True,313.08,285.53,0.44,0.39,1
51.81497,-3.2018,2026-08-12T02:51:00+00:00,2026-08-12,251,N,VIIRS,n,nominal,2.0NRT,1.76,N,VIIRS_SNPP_NRT,True,311.83,286.01,0.44,0.39,1
51.81371,-3.19554,2026-08-12T02:51:00+00:00,2026-08-12,251,N,VIIRS,n,nominal,2.0NRT,2.02,N,VIIRS_SNPP_NRT,True,315.3,288.45,0.44,0.39,1
51.39853,-3.39592,2026-08-12T02:51:00+00:00,2026-08-12,251,N,VIIRS,n,nominal,2.0NRT,1.35,N,VIIRS_SNPP_NRT,True,305.58,286.56,0.45,0.39,19
51.48139,-3.14003,2026-08-12T02:51:00+00:00,2026-08-12,251,N,VIIRS,n,nominal,2.0NRT,0.59,N,VIIRS_SNPP_NRT,True,300.57,289.29,0.45,0.39,22
51.66852,-3.43659,2026-08-12T02:51:00+00:00,2026-08-12,251,N,VIIRS,n,nominal,2.0NRT,0.61,N,VIIRS_SNPP_NRT,True,296.03,285.62,0.44,0.38,5
51.67552,-3.45295,2026-08-12T02:51:00+00:00,2026-08-12,251,N,VIIRS,n,nominal,2.0NRT,0.71,N,VIIRS_SNPP_NRT,True,301.42,285.14,0.44,0.38,5
51.71603,-3.39736,2026-08-12T02:51:00+00:00,2026-08-12,251,N,VIIRS,n,nominal,2.0NRT,1.65,N,VIIRS_SNPP_NRT,True,306.44,287.85,0.44,0.38,6
51.81714,-3.19383,2026-08-12T02:51:00+00:00,2026-08-12,251,N,VIIRS,n,nominal,2.0NRT,1.06,N,VIIRS_SNPP_NRT,True,303.73,286.44,0.44,0.39,1
51.82526,-3.19668,2026-08-12T02:51:00+00:00,2026-08-12,251,N,VIIRS,n,nominal,2.0NRT,3.23,N,VIIRS_SNPP_NRT,True,307.75,287.54,0.44,0.39,1
52.48109,-0.23723,2026-08-12T02:51:00+00:00,2026-08-12,251,N,VIIRS,n,nominal,2.0NRT,2.28,N,VIIRS_SNPP_NRT,False,300.92,277.02,0.53,0.42,3
51.82871,-3.184,2026-08-12T03:10:00+00:00,2026-08-12,310,N20,VIIRS,n,nominal,2.0NRT,1.16,N,VIIRS_NOAA20_NRT,True,298.92,285.57,0.49,0.49,1
51.82145,-3.21199,2026-08-12T03:10:00+00:00,2026-08-12,310,N20,VIIRS,n,nominal,2.0NRT,4.92,N,VIIRS_NOAA20_NRT,True,324.88,286.7,0.49,0.49,1
51.82206,-3.19583,2026-08-12T03:10:00+00:00,2026-08-12,310,N20,VIIRS,n,nominal,2.0NRT,2.4,N,VIIRS_NOAA20_NRT,True,302.84,285.9,0.49,0.49,1
51.8363,-3.19423,2026-08-12T03:10:00+00:00,2026-08-12,310,N20,VIIRS,n,nominal,2.0NRT,4.62,N,VIIRS_NOAA20_NRT,True,335.4,291.85,0.49,0.49,1
51.83739,-3.21688,2026-08-12T03:10:00+00:00,2026-08-12,310,N20,VIIRS,n,nominal,2.0NRT,40.39,N,VIIRS_NOAA20_NRT,True,339.6,295.22,0.49,0.49,1
51.83806,-3.20089,2026-08-12T03:10:00+00:00,2026-08-12,310,N20,VIIRS,n,nominal,2.0NRT,63.88,N,VIIRS_NOAA20_NRT,True,346.35,326.3,0.49,0.49,1
51.83836,-3.18354,2026-08-12T03:10:00+00:00,2026-08-12,310,N20,VIIRS,n,nominal,2.0NRT,27.12,N,VIIRS_NOAA20_NRT,True,305.45,289.64,0.49,0.49,1
51.8397,-3.20711,2026-08-12T03:10:00+00:00,2026-08-12,310,N20,VIIRS,n,nominal,2.0NRT,63.88,N,VIIRS_NOAA20_NRT,True,341.07,340.42,0.49,0.49,1
51.8203,-3.1892,2026-08-12T03:10:00+00:00,2026-08-12,310,N20,VIIRS,n,nominal,2.0NRT,1.0,N,VIIRS_NOAA20_NRT,True,298.49,285.63,0.49,0.49,1
51.84023,-3.19059,2026-08-12T03:10:00+00:00,2026-08-12,310,N20,VIIRS,n,nominal,2.0NRT,27.12,N,VIIRS_NOAA20_NRT,True,350.42,319.09,0.49,0.49,1
51.84192,-3.19702,2026-08-12T03:10:00+00:00,2026-08-12,310,N20,VIIRS,h,high,2.0NRT,17.89,N,VIIRS_NOAA20_NRT,True,367.0,306.59,0.49,0.49,1
51.84359,-3.20334,2026-08-12T03:10:00+00:00,2026-08-12,310,N20,VIIRS,n,nominal,2.0NRT,17.89,N,VIIRS_NOAA20_NRT,True,343.34,292.95,0.49,0.49,1
51.84531,-3.20986,2026-08-12T03:10:00+00:00,2026-08-12,310,N20,VIIRS,n,nominal,2.0NRT,2.11,N,VIIRS_NOAA20_NRT,True,302.96,287.67,0.49,0.49,1
52.46383,1.04409,2026-08-12T03:10:00+00:00,2026-08-12,310,N20,VIIRS,n,nominal,2.0NRT,1.22,N,VIIRS_NOAA20_NRT,False,317.35,275.59,0.34,0.56,4
51.82387,-3.20267,2026-08-12T03:10:00+00:00,2026-08-12,310,N20,VIIRS,n,nominal,2.0NRT,2.4,N,VIIRS_NOAA20_NRT,True,308.46,286.53,0.49,0.49,1
53.88871,-2.38369,2026-08-12T03:10:00+00:00,2026-08-12,310,N20,VIIRS,n,nominal,2.0NRT,1.04,N,VIIRS_NOAA20_NRT,False,296.81,284.98,0.46,0.47,11
53.63506,-0.23842,2026-08-12T03:10:00+00:00,2026-08-12,310,N20,VIIRS,n,nominal,2.0NRT,3.26,N,VIIRS_NOAA20_NRT,False,303.26,286.3,0.56,0.51,10
51.84138,-3.21349,2026-08-12T03:10:00+00:00,2026-08-12,310,N20,VIIRS,n,nominal,2.0NRT,40.39,N,VIIRS_NOAA20_NRT,True,341.35,296.83,0.49,0.49,1
51.82985,-3.20677,2026-08-12T03:10:00+00:00,2026-08-12,310,N20,VIIRS,n,nominal,2.0NRT,15.64,N,VIIRS_NOAA20_NRT,True,354.3,303.35,0.49,0.49,1
51.81967,-3.20525,2026-08-12T03:10:00+00:00,2026-08-12,310,N20,VIIRS,n,nominal,2.0NRT,5.08,N,VIIRS_NOAA20_NRT,True,339.72,295.68,0.49,0.49,1
51.81787,-3.19845,2026-08-12T03:10:00+00:00,2026-08-12,310,N20,VIIRS,n,nominal,2.0NRT,5.08,N,VIIRS_NOAA20_NRT,True,330.32,292.51,0.49,0.49,1
51.82806,-3.20004,2026-08-12T03:10:00+00:00,2026-08-12,310,N20,VIIRS,n,nominal,2.0NRT,2.4,N,VIIRS_NOAA20_NRT,True,314.53,289.6,0.49,0.49,1
51.82628,-3.19331,2026-08-12T03:10:00+00:00,2026-08-12,310,N20,VIIRS,n,nominal,2.0NRT,2.4,N,VIIRS_NOAA20_NRT,True,310.91,287.49,0.49,0.49,1
51.82565,-3.2094,2026-08-12T03:10:00+00:00,2026-08-12,310,N20,VIIRS,n,nominal,2.0NRT,15.64,N,VIIRS_NOAA20_NRT,True,306.21,285.04,0.49,0.49,1
51.83045,-3.19057,2026-08-12T03:10:00+00:00,2026-08-12,310,N20,VIIRS,n,nominal,2.0NRT,4.62,N,VIIRS_NOAA20_NRT,True,296.65,284.34,0.49,0.49,1
51.83156,-3.21325,2026-08-12T03:10:00+00:00,2026-08-12,310,N20,VIIRS,n,nominal,2.0NRT,15.64,N,VIIRS_NOAA20_NRT,True,340.31,292.41,0.49,0.49,1
51.83221,-3.19726,2026-08-12T03:10:00+00:00,2026-08-12,310,N20,VIIRS,n,nominal,2.0NRT,4.62,N,VIIRS_NOAA20_NRT,True,315.68,290.14,0.49,0.49,1
51.83397,-3.2039,2026-08-12T03:10:00+00:00,2026-08-12,310,N20,VIIRS,n,nominal,2.0NRT,63.88,N,VIIRS_NOAA20_NRT,True,355.19,313.38,0.49,0.49,1
51.81857,-3.18262,2026-08-12T03:10:00+00:00,2026-08-12,310,N20,VIIRS,n,nominal,2.0NRT,1.0,N,VIIRS_NOAA20_NRT,True,298.54,285.81,0.49,0.49,1
52.4845,-0.23079,2026-08-12T03:10:00+00:00,2026-08-12,310,N20,VIIRS,n,nominal,2.0NRT,4.26,N,VIIRS_NOAA20_NRT,False,312.9,287.38,0.61,0.53,3
51.8357,-3.21043,2026-08-12T03:10:00+00:00,2026-08-12,310,N20,VIIRS,n,nominal,2.0NRT,63.88,N,VIIRS_NOAA20_NRT,True,345.47,319.84,0.49,0.49,1
51.67723,-3.45328,2026-08-12T03:10:00+00:00,2026-08-12,310,N20,VIIRS,n,nominal,2.0NRT,0.98,N,VIIRS_NOAA20_NRT,True,302.21,285.5,0.48,0.48,5
51.7159,-3.39701,2026-08-12T03:10:00+00:00,2026-08-12,310,N20,VIIRS,n,nominal,2.0NRT,1.26,N,VIIRS_NOAA20_NRT,True,301.72,287.17,0.49,0.48,6
51.77637,-3.33297,2026-08-12T03:10:00+00:00,2026-08-12,310,N20,VIIRS,n,nominal,2.0NRT,1.52,N,VIIRS_NOAA20_NRT,True,297.01,285.11,0.49,0.48,6
51.7781,-3.33958,2026-08-12T03:10:00+00:00,2026-08-12,310,N20,VIIRS,n,nominal,2.0NRT,1.31,N,VIIRS_NOAA20_NRT,True,299.44,284.66,0.49,0.48,6
51.81545,-3.20778,2026-08-12T03:10:00+00:00,2026-08-12,310,N20,VIIRS,n,nominal,2.0NRT,5.08,N,VIIRS_NOAA20_NRT,True,302.76,283.51,0.49,0.49,1
51.81609,-3.19174,2026-08-12T03:10:00+00:00,2026-08-12,310,N20,VIIRS,n,nominal,2.0NRT,1.76,N,VIIRS_NOAA20_NRT,True,302.05,285.98,0.49,0.49,1
51.83453,-3.18754,2026-08-12T03:10:00+00:00,2026-08-12,310,N20,VIIRS,n,nominal,2.0NRT,4.62,N,VIIRS_NOAA20_NRT,True,300.85,285.7,0.49,0.49,1
53.43638,-2.36118,2026-08-12T03:10:00+00:00,2026-08-12,310,N20,VIIRS,n,nominal,2.0NRT,0.18,N,VIIRS_NOAA20_NRT,False,296.29,283.89,0.47,0.48,21
51.82452,-3.18666,2026-08-12T03:10:00+00:00,2026-08-12,310,N20,VIIRS,n,nominal,2.0NRT,1.0,N,VIIRS_NOAA20_NRT,True,299.7,286.01,0.49,0.49,1
50.83041,-1.36698,2026-08-12T03:13:00+00:00,2026-08-12,313,N20,VIIRS,n,nominal,2.0NRT,1.8,N,VIIRS_NOAA20_NRT,False,299.77,289.54,0.62,0.54,20
51.39639,-3.39777,2026-08-12T03:13:00+00:00,2026-08-12,313,N20,VIIRS,n,nominal,2.0NRT,0.36,N,VIIRS_NOAA20_NRT,True,296.84,285.95,0.5,0.49,19
51.39789,-3.39628,2026-08-12T03:13:00+00:00,2026-08-12,313,N20,VIIRS,n,nominal,2.0NRT,0.96,N,VIIRS_NOAA20_NRT,True,306.19,286.13,0.5,0.49,19
51.40056,-3.39499,2026-08-12T03:13:00+00:00,2026-08-12,313,N20,VIIRS,n,nominal,2.0NRT,0.31,N,VIIRS_NOAA20_NRT,True,297.47,285.28,0.5,0.49,19
51.68437,-5.03174,2026-08-12T03:13:00+00:00,2026-08-12,313,N20,VIIRS,n,nominal,2.0NRT,1.19,N,VIIRS_NOAA20_NRT,True,302.32,289.75,0.42,0.45,9
51.68633,-5.03086,2026-08-12T03:13:00+00:00,2026-08-12,313,N20,VIIRS,n,nominal,2.0NRT,1.4,N,VIIRS_NOAA20_NRT,True,301.48,289.28,0.42,0.45,9
51.83268,-3.20229,2026-08-12T03:55:00+00:00,2026-08-12,355,N21,VIIRS,h,high,2.0NRT,30.2,N,VIIRS_NOAA21_NRT,True,367.0,295.3,0.74,0.76,1
51.83352,-3.18329,2026-08-12T03:55:00+00:00,2026-08-12,355,N21,VIIRS,n,nominal,2.0NRT,29.1,N,VIIRS_NOAA21_NRT,True,297.03,283.6,0.74,0.76,1
51.83195,-3.20012,2026-08-12T03:55:00+00:00,2026-08-12,355,N21,VIIRS,n,nominal,2.0NRT,14.46,N,VIIRS_NOAA21_NRT,True,346.28,290.86,0.74,0.76,1
51.83041,-3.21751,2026-08-12T03:55:00+00:00,2026-08-12,355,N21,VIIRS,n,nominal,2.0NRT,14.23,N,VIIRS_NOAA21_NRT,True,323.99,285.14,0.74,0.76,1
51.82893,-3.19299,2026-08-12T03:55:00+00:00,2026-08-12,355,N21,VIIRS,n,nominal,2.0NRT,30.2,N,VIIRS_NOAA21_NRT,True,298.27,284.02,0.74,0.76,1
51.82815,-3.19083,2026-08-12T03:55:00+00:00,2026-08-12,355,N21,VIIRS,n,nominal,2.0NRT,14.46,N,VIIRS_NOAA21_NRT,True,299.14,284.3,0.74,0.76,1
51.82673,-3.20839,2026-08-12T03:55:00+00:00,2026-08-12,355,N21,VIIRS,n,nominal,2.0NRT,6.77,N,VIIRS_NOAA21_NRT,True,340.24,288.03,0.74,0.76,1
51.82597,-3.20613,2026-08-12T03:55:00+00:00,2026-08-12,355,N21,VIIRS,n,nominal,2.0NRT,14.46,N,VIIRS_NOAA21_NRT,True,329.03,287.43,0.74,0.76,1
51.82279,-3.1986,2026-08-12T03:55:00+00:00,2026-08-12,355,N21,VIIRS,n,nominal,2.0NRT,6.77,N,VIIRS_NOAA21_NRT,True,299.91,284.16,0.74,0.76,1
51.82194,-3.19629,2026-08-12T03:55:00+00:00,2026-08-12,355,N21,VIIRS,n,nominal,2.0NRT,14.46,N,VIIRS_NOAA21_NRT,True,300.93,284.53,0.74,0.76,1
51.81664,-3.20419,2026-08-12T03:55:00+00:00,2026-08-12,355,N21,VIIRS,n,nominal,2.0NRT,6.77,N,VIIRS_NOAA21_NRT,True,311.9,284.52,0.74,0.76,1
51.8297,-3.21529,2026-08-12T03:55:00+00:00,2026-08-12,355,N21,VIIRS,n,nominal,2.0NRT,41.16,N,VIIRS_NOAA21_NRT,True,342.25,288.13,0.74,0.76,1
51.81895,-3.18907,2026-08-12T03:55:00+00:00,2026-08-12,355,N21,VIIRS,n,nominal,2.0NRT,4.91,N,VIIRS_NOAA21_NRT,True,295.24,283.48,0.74,0.76,1
51.82056,-3.21392,2026-08-12T03:55:00+00:00,2026-08-12,355,N21,VIIRS,n,nominal,2.0NRT,6.77,N,VIIRS_NOAA21_NRT,True,297.69,283.47,0.74,0.76,1
51.84447,-3.2107,2026-08-12T03:55:00+00:00,2026-08-12,355,N21,VIIRS,n,nominal,2.0NRT,36.8,N,VIIRS_NOAA21_NRT,True,300.39,286.08,0.74,0.76,1
51.83438,-3.18563,2026-08-12T03:55:00+00:00,2026-08-12,355,N21,VIIRS,n,nominal,2.0NRT,30.2,N,VIIRS_NOAA21_NRT,True,306.54,285.0,0.74,0.76,1
51.83559,-3.20905,2026-08-12T03:55:00+00:00,2026-08-12,355,N21,VIIRS,n,nominal,2.0NRT,41.16,N,VIIRS_NOAA21_NRT,True,355.19,307.38,0.74,0.76,1
51.8362,-3.21106,2026-08-12T03:55:00+00:00,2026-08-12,355,N21,VIIRS,h,high,2.0NRT,36.8,N,VIIRS_NOAA21_NRT,True,367.0,307.76,0.74,0.76,1
51.83744,-3.19293,2026-08-12T03:55:00+00:00,2026-08-12,355,N21,VIIRS,h,high,2.0NRT,29.1,N,VIIRS_NOAA21_NRT,True,367.0,299.9,0.74,0.76,1
51.83811,-3.1949,2026-08-12T03:55:00+00:00,2026-08-12,355,N21,VIIRS,h,high,2.0NRT,30.2,N,VIIRS_NOAA21_NRT,True,367.0,304.87,0.74,0.76,1
51.83899,-3.21738,2026-08-12T03:55:00+00:00,2026-08-12,355,N21,VIIRS,n,nominal,2.0NRT,41.16,N,VIIRS_NOAA21_NRT,True,341.85,290.46,0.74,0.76,1
51.83962,-3.21954,2026-08-12T03:55:00+00:00,2026-08-12,355,N21,VIIRS,n,nominal,2.0NRT,36.8,N,VIIRS_NOAA21_NRT,True,315.8,286.78,0.74,0.76,1
51.84072,-3.20095,2026-08-12T03:55:00+00:00,2026-08-12,355,N21,VIIRS,h,high,2.0NRT,32.0,N,VIIRS_NOAA21_NRT,True,367.0,297.8,0.74,0.76,1
51.84129,-3.20281,2026-08-12T03:55:00+00:00,2026-08-12,355,N21,VIIRS,h,high,2.0NRT,36.8,N,VIIRS_NOAA21_NRT,True,367.0,295.39,0.74,0.76,1
51.84385,-3.20864,2026-08-12T03:55:00+00:00,2026-08-12,355,N21,VIIRS,n,nominal,2.0NRT,32.0,N,VIIRS_NOAA21_NRT,True,309.65,286.94,0.74,0.76,1
52.48338,-0.23232,2026-08-12T12:04:00+00:00,2026-08-12,1204,N21,VIIRS,n,nominal,2.0NRT,5.0,D,VIIRS_NOAA21_NRT,False,346.23,306.38,0.41,0.45,3
53.56644,-0.5938,2026-08-12T12:04:00+00:00,2026-08-12,1204,N21,VIIRS,n,nominal,2.0NRT,6.45,D,VIIRS_NOAA21_NRT,False,340.16,303.14,0.4,0.44,12
50.95561,-1.64358,2026-08-12T12:04:00+00:00,2026-08-12,1204,N21,VIIRS,n,nominal,2.0NRT,13.32,D,VIIRS_NOAA21_NRT,False,342.01,302.77,0.51,0.5,23
50.87756,-1.68937,2026-08-12T12:04:00+00:00,2026-08-12,1204,N21,VIIRS,n,nominal,2.0NRT,9.06,D,VIIRS_NOAA21_NRT,False,340.84,305.2,0.52,0.5,24
50.61531,1.57899,2026-08-12T12:04:00+00:00,2026-08-12,1204,N21,VIIRS,n,nominal,2.0NRT,7.08,D,VIIRS_NOAA21_NRT,False,333.62,299.49,0.39,0.44,25
51.01361,-4.09539,2026-08-12T12:04:00+00:00,2026-08-12,1204,N21,VIIRS,n,nominal,2.0NRT,3.38,D,VIIRS_NOAA21_NRT,False,341.09,300.96,0.32,0.55,26
50.10035,-5.65187,2026-08-12T12:04:00+00:00,2026-08-12,1204,N21,VIIRS,n,nominal,2.0NRT,9.2,D,VIIRS_NOAA21_NRT,False,332.36,296.91,0.4,0.6,27
50.0987,-5.65713,2026-08-12T12:04:00+00:00,2026-08-12,1204,N21,VIIRS,h,high,2.0NRT,13.47,D,VIIRS_NOAA21_NRT,False,367.0,297.96,0.4,0.6,27
50.09756,-5.65432,2026-08-12T12:04:00+00:00,2026-08-12,1204,N21,VIIRS,h,high,2.0NRT,16.77,D,VIIRS_NOAA21_NRT,False,367.0,299.98,0.4,0.6,27
52.10932,0.21944,2026-08-12T12:04:00+00:00,2026-08-12,1204,N21,VIIRS,n,nominal,2.0NRT,4.93,D,VIIRS_NOAA21_NRT,False,341.07,306.28,0.41,0.45,28
50.6115,1.58117,2026-08-12T12:04:00+00:00,2026-08-12,1204,N21,VIIRS,n,nominal,2.0NRT,7.08,D,VIIRS_NOAA21_NRT,False,347.39,303.94,0.39,0.44,25
50.87882,-1.68949,2026-08-12T12:04:00+00:00,2026-08-12,1204,N21,VIIRS,n,nominal,2.0NRT,11.53,D,VIIRS_NOAA21_NRT,False,340.26,302.95,0.52,0.5,24
52.09621,-3.79384,2026-08-12T12:04:00+00:00,2026-08-12,1204,N21,VIIRS,n,nominal,2.0NRT,6.05,D,VIIRS_NOAA21_NRT,True,332.48,297.41,0.58,0.52,29
51.84153,-3.21,2026-08-12T12:04:00+00:00,2026-08-12,1204,N21,VIIRS,n,nominal,2.0NRT,60.68,D,VIIRS_NOAA21_NRT,True,353.27,316.33,0.56,0.51,1
51.84339,-3.20318,2026-08-12T12:04:00+00:00,2026-08-12,1204,N21,VIIRS,n,nominal,2.0NRT,47.22,D,VIIRS_NOAA21_NRT,True,330.5,297.8,0.56,0.51,1
51.83539,-3.21349,2026-08-12T12:04:00+00:00,2026-08-12,1204,N21,VIIRS,n,nominal,2.0NRT,60.68,D,VIIRS_NOAA21_NRT,True,351.22,315.51,0.56,0.51,1
51.83511,-3.19555,2026-08-12T12:04:00+00:00,2026-08-12,1204,N21,VIIRS,n,nominal,2.0NRT,15.3,D,VIIRS_NOAA21_NRT,True,347.48,307.37,0.56,0.51,1
51.83311,-3.20286,2026-08-12T12:04:00+00:00,2026-08-12,1204,N21,VIIRS,n,nominal,2.0NRT,28.89,D,VIIRS_NOAA21_NRT,True,353.41,321.36,0.56,0.51,1
51.83106,-3.21037,2026-08-12T12:04:00+00:00,2026-08-12,1204,N21,VIIRS,h,high,2.0NRT,28.89,D,VIIRS_NOAA21_NRT,True,367.0,311.59,0.56,0.51,1
51.83702,-3.18856,2026-08-12T12:04:00+00:00,2026-08-12,1204,N21,VIIRS,n,nominal,2.0NRT,15.3,D,VIIRS_NOAA21_NRT,True,345.91,309.12,0.56,0.51,1
51.82874,-3.19988,2026-08-12T12:04:00+00:00,2026-08-12,1204,N21,VIIRS,n,nominal,2.0NRT,28.89,D,VIIRS_NOAA21_NRT,True,347.7,309.09,0.56,0.51,1
51.82669,-3.20738,2026-08-12T12:04:00+00:00,2026-08-12,1204,N21,VIIRS,h,high,2.0NRT,28.89,D,VIIRS_NOAA21_NRT,True,367.0,308.56,0.56,0.51,1
51.8264,-3.18952,2026-08-12T12:04:00+00:00,2026-08-12,1204,N21,VIIRS,n,nominal,2.0NRT,12.46,D,VIIRS_NOAA21_NRT,True,339.79,306.85,0.56,0.51,1
51.82225,-3.20464,2026-08-12T12:04:00+00:00,2026-08-12,1204,N21,VIIRS,n,nominal,2.0NRT,14.07,D,VIIRS_NOAA21_NRT,True,348.22,308.42,0.56,0.51,1
51.82018,-3.2122,2026-08-12T12:04:00+00:00,2026-08-12,1204,N21,VIIRS,n,nominal,2.0NRT,10.53,D,VIIRS_NOAA21_NRT,True,339.86,304.43,0.56,0.51,1
51.83743,-3.20604,2026-08-12T12:04:00+00:00,2026-08-12,1204,N21,VIIRS,l,low,2.0NRT,60.68,D,VIIRS_NOAA21_NRT,True,367.0,330.53,0.56,0.51,1
51.8178,-3.20196,2026-08-12T12:04:00+00:00,2026-08-12,1204,N21,VIIRS,n,nominal,2.0NRT,14.07,D,VIIRS_NOAA21_NRT,True,349.38,308.46,0.56,0.51,1
51.81336,-3.19924,2026-08-12T12:04:00+00:00,2026-08-12,1204,N21,VIIRS,n,nominal,2.0NRT,10.35,D,VIIRS_NOAA21_NRT,True,331.51,300.66,0.56,0.51,1
51.74336,-3.39596,2026-08-12T12:04:00+00:00,2026-08-12,1204,N21,VIIRS,n,nominal,2.0NRT,3.85,D,VIIRS_NOAA21_NRT,True,330.72,298.17,0.57,0.52,6
51.68242,-5.01721,2026-08-12T12:04:00+00:00,2026-08-12,1204,N21,VIIRS,n,nominal,2.0NRT,2.4,D,VIIRS_NOAA21_NRT,True,330.92,295.58,0.33,0.55,9
51.67421,-3.45493,2026-08-12T12:04:00+00:00,2026-08-12,1204,N21,VIIRS,n,nominal,2.0NRT,5.9,D,VIIRS_NOAA21_NRT,True,337.68,300.03,0.58,0.52,5
51.53084,0.12636,2026-08-12T12:04:00+00:00,2026-08-12,1204,N21,VIIRS,n,nominal,2.0NRT,5.89,D,VIIRS_NOAA21_NRT,False,340.77,308.02,0.42,0.45,30
51.83933,-3.19905,2026-08-12T12:04:00+00:00,2026-08-12,1204,N21,VIIRS,l,low,2.0NRT,47.22,D,VIIRS_NOAA21_NRT,True,352.91,331.87,0.56,0.51,1
51.83964,-3.21693,2026-08-12T12:04:00+00:00,2026-08-12,1204,N21,VIIRS,n,nominal,2.0NRT,60.68,D,VIIRS_NOAA21_NRT,True,343.61,299.53,0.56,0.51,1
51.84116,-3.19237,2026-08-12T12:04:00+00:00,2026-08-12,1204,N21,VIIRS,n,nominal,2.0NRT,47.22,D,VIIRS_NOAA21_NRT,True,355.3,311.76,0.56,0.51,1
51.81987,-3.19443,2026-08-12T12:04:00+00:00,2026-08-12,1204,N21,VIIRS,l,low,2.0NRT,14.07,D,VIIRS_NOAA21_NRT,True,335.11,307.43,0.56,0.51,1
54.73059,-1.31746,2026-08-12T12:40:00+00:00,2026-08-12,1240,N,VIIRS,n,nominal,2.0NRT,3.91,D,VIIRS_SNPP_NRT,False,344.14,298.78,0.4,0.37,31
54.72952,-1.32348,2026-08-12T12:40:00+00:00,2026-08-12,1240,N,VIIRS,n,nominal,2.0NRT,2.3,D,VIIRS_SNPP_NRT,False,343.4,300.15,0.4,0.37,31
53.56788,-0.5955,2026-08-12T12:40:00+00:00,2026-08-12,1240,N,VIIRS,n,nominal,2.0NRT,2.96,D,VIIRS_SNPP_NRT,False,336.92,302.08,0.4,0.37,12
54.72731,-1.31572,2026-08-12T12:40:00+00:00,2026-08-12,1240,N,VIIRS,n,nominal,2.0NRT,4.05,D,VIIRS_SNPP_NRT,False,348.32,300.56,0.4,0.37,31
52.0937,-3.79045,2026-08-12T12:40:00+00:00,2026-08-12,1240,N,VIIRS,n,nominal,2.0NRT,46.66,D,VIIRS_SNPP_NRT,True,346.74,309.97,0.5,0.41,29
52.09728,-3.79242,2026-08-12T12:40:00+00:00,2026-08-12,1240,N,VIIRS,n,nominal,2.0NRT,46.66,D,VIIRS_SNPP_NRT,True,348.22,305.5,0.5,0.41,29
52.13456,-0.08147,2026-08-12T12:40:00+00:00,2026-08-12,1240,N,VIIRS,n,nominal,2.0NRT,2.25,D,VIIRS_SNPP_NRT,False,338.45,308.27,0.4,0.37,32
52.43105,0.50379,2026-08-12T12:40:00+00:00,2026-08-12,1240,N,VIIRS,n,nominal,2.0NRT,2.03,D,VIIRS_SNPP_NRT,False,336.56,307.11,0.39,0.36,33
52.43203,0.50946,2026-08-12T12:40:00+00:00,2026-08-12,1240,N,VIIRS,n,nominal,2.0NRT,2.03,D,VIIRS_SNPP_NRT,False,335.17,304.68,0.39,0.36,33
52.4353,0.50794,2026-08-12T12:40:00+00:00,2026-08-12,1240,N,VIIRS,n,nominal,2.0NRT,15.53,D,VIIRS_SNPP_NRT,False,335.78,305.11,0.39,0.36,33
52.48295,-0.23497,2026-08-12T12:40:00+00:00,2026-08-12,1240,N,VIIRS,n,nominal,2.0NRT,5.61,D,VIIRS_SNPP_NRT,False,347.01,310.98,0.4,0.37,3
52.48398,-0.22918,2026-08-12T12:40:00+00:00,2026-08-12,1240,N,VIIRS,n,nominal,2.0NRT,5.61,D,VIIRS_SNPP_NRT,False,337.41,305.34,0.4,0.37,3
52.49249,1.03685,2026-08-12T12:40:00+00:00,2026-08-12,1240,N,VIIRS,n,nominal,2.0NRT,7.85,D,VIIRS_SNPP_NRT,False,351.43,302.5,0.39,0.36,4
52.4948,1.02977,2026-08-12T12:40:00+00:00,2026-08-12,1240,N,VIIRS,n,nominal,2.0NRT,7.85,D,VIIRS_SNPP_NRT,False,355.47,308.27,0.39,0.36,4
52.49574,1.03539,2026-08-12T12:40:00+00:00,2026-08-12,1240,N,VIIRS,n,nominal,2.0NRT,7.85,D,VIIRS_SNPP_NRT,False,351.51,305.75,0.39,0.36,4
52.49712,1.02268,2026-08-12T12:40:00+00:00,2026-08-12,1240,N,VIIRS,n,nominal,2.0NRT,8.99,D,VIIRS_SNPP_NRT,False,345.98,306.38,0.39,0.36,4
53.14187,-1.14349,2026-08-12T12:40:00+00:00,2026-08-12,1240,N,VIIRS,n,nominal,2.0NRT,5.03,D,VIIRS_SNPP_NRT,False,344.52,303.9,0.41,0.37,34
53.40727,0.0197,2026-08-12T12:40:00+00:00,2026-08-12,1240,N,VIIRS,n,nominal,2.0NRT,4.57,D,VIIRS_SNPP_NRT,False,351.01,303.22,0.39,0.36,35
53.41053,0.01812,2026-08-12T12:40:00+00:00,2026-08-12,1240,N,VIIRS,n,nominal,2.0NRT,3.45,D,VIIRS_SNPP_NRT,False,351.63,302.5,0.39,0.36,35
53.56355,-0.59973,2026-08-12T12:40:00+00:00,2026-08-12,1240,N,VIIRS,n,nominal,2.0NRT,2.96,D,VIIRS_SNPP_NRT,False,331.61,300.9,0.4,0.37,12
54.72624,-1.32174,2026-08-12T12:40:00+00:00,2026-08-12,1240,N,VIIRS,n,nominal,2.0NRT,3.71,D,VIIRS_SNPP_NRT,False,350.95,301.05,0.4,0.37,31
54.72839,-1.30972,2026-08-12T12:40:00+00:00,2026-08-12,1240,N,VIIRS,n,nominal,2.0NRT,4.05,D,VIIRS_SNPP_NRT,False,351.83,299.39,0.4,0.37,31
52.47563,-1.78997,2026-08-12T12:40:00+00:00,2026-08-12,1240,N,VIIRS,l,low,2.0NRT,6.07,D,VIIRS_SNPP_NRT,False,335.41,305.69,0.43,0.38,36
52.49806,1.0283,2026-08-12T12:40:00+00:00,2026-08-12,1240,N,VIIRS,n,nominal,2.0NRT,20.73,D,VIIRS_SNPP_NRT,False,355.76,308.22,0.39,0.36,4
52.00975,0.3018,2026-08-12T12:40:00+00:00,2026-08-12,1240,N,VIIRS,l,low,2.0NRT,11.78,D,VIIRS_SNPP_NRT,False,356.98,308.71,0.4,0.37,37
51.8286,-3.1884,2026-08-12T12:40:00+00:00,2026-08-12,1240,N,VIIRS,l,low,2.0NRT,8.36,D,VIIRS_SNPP_NRT,True,335.17,307.37,0.48,0.4,1
51.82786,-3.2105,2026-08-12T12:40:00+00:00,2026-08-12,1240,N,VIIRS,n,nominal,2.0NRT,15.72,D,VIIRS_SNPP_NRT,True,352.34,310.52,0.48,0.4,1
51.82737,-3.20205,2026-08-12T12:40:00+00:00,2026-08-12,1240,N,VIIRS,n,nominal,2.0NRT,8.61,D,VIIRS_SNPP_NRT,True,354.23,313.62,0.48,0.4,1
51.82663,-3.18665,2026-08-12T12:40:00+00:00,2026-08-12,1240,N,VIIRS,n,nominal,2.0NRT,9.9,D,VIIRS_SNPP_NRT,True,342.89,308.8,0.48,0.4,1
51.82596,-3.20883,2026-08-12T12:40:00+00:00,2026-08-12,1240,N,VIIRS,n,nominal,2.0NRT,17.08,D,VIIRS_SNPP_NRT,True,353.96,309.85,0.48,0.4,1
51.82574,-3.20189,2026-08-12T12:40:00+00:00,2026-08-12,1240,N,VIIRS,n,nominal,2.0NRT,15.72,D,VIIRS_SNPP_NRT,True,348.25,310.46,0.48,0.4,1
51.8293,-3.2037,2026-08-12T12:40:00+00:00,2026-08-12,1240,N,VIIRS,h,high,2.0NRT,15.72,D,VIIRS_SNPP_NRT,True,367.0,322.05,0.48,0.4,1
51.82521,-3.19347,2026-08-12T12:40:00+00:00,2026-08-12,1240,N,VIIRS,n,nominal,2.0NRT,8.61,D,VIIRS_SNPP_NRT,True,344.38,309.17,0.48,0.4,1
51.8243,-3.20866,2026-08-12T12:40:00+00:00,2026-08-12,1240,N,VIIRS,n,nominal,2.0NRT,15.72,D,VIIRS_SNPP_NRT,True,349.18,305.37,0.48,0.4,1
51.82381,-3.20024,2026-08-12T12:40:00+00:00,2026-08-12,1240,N,VIIRS,n,nominal,2.0NRT,8.61,D,VIIRS_SNPP_NRT,True,332.68,306.65,0.48,0.4,1
51.8236,-3.19335,2026-08-12T12:40:00+00:00,2026-08-12,1240,N,VIIRS,n,nominal,2.0NRT,5.79,D,VIIRS_SNPP_NRT,True,345.98,310.18,0.48,0.4,1
51.8224,-3.207,2026-08-12T12:40:00+00:00,2026-08-12,1240,N,VIIRS,n,nominal,2.0NRT,17.08,D,VIIRS_SNPP_NRT,True,356.09,309.08,0.48,0.4,1
51.82217,-3.20011,2026-08-12T12:40:00+00:00,2026-08-12,1240,N,VIIRS,n,nominal,2.0NRT,15.03,D,VIIRS_SNPP_NRT,True,336.18,305.19,0.48,0.4,1
51.8215,-3.18468,2026-08-12T12:40:00+00:00,2026-08-12,1240,N,VIIRS,l,low,2.0NRT,5.79,D,VIIRS_SNPP_NRT,True,330.65,304.55,0.48,0.4,1
51.82505,-3.18654,2026-08-12T12:40:00+00:00,2026-08-12,1240,N,VIIRS,n,nominal,2.0NRT,5.79,D,VIIRS_SNPP_NRT,True,337.85,307.39,0.48,0.4,1
51.82074,-3.20684,2026-08-12T12:40:00+00:00,2026-08-12,1240,N,VIIRS,n,nominal,2.0NRT,15.03,D,VIIRS_SNPP_NRT,True,356.57,317.92,0.48,0.4,1
51.83072,-3.19702,2026-08-12T12:40:00+00:00,2026-08-12,1240,N,VIIRS,n,nominal,2.0NRT,8.36,D,VIIRS_SNPP_NRT,True,339.0,307.83,0.48,0.4,1
51.83283,-3.20565,2026-08-12T12:40:00+00:00,2026-08-12,1240,N,VIIRS,n,nominal,2.0NRT,52.02,D,VIIRS_SNPP_NRT,True,354.2,328.92,0.48,0.4,1
51.84259,-3.19681,2026-08-12T12:40:00+00:00,2026-08-12,1240,N,VIIRS,n,nominal,2.0NRT,22.56,D,VIIRS_SNPP_NRT,True,330.63,299.53,0.48,0.4,1
51.84122,-3.20328,2026-08-12T12:40:00+00:00,2026-08-12,1240,N,VIIRS,n,nominal,2.0NRT,22.56,D,VIIRS_SNPP_NRT,True,351.7,316.08,0.48,0.4,1
51.84086,0.8451,2026-08-12T12:40:00+00:00,2026-08-12,1240,N,VIIRS,n,nominal,2.0NRT,2.77,D,VIIRS_SNPP_NRT,False,344.21,304.2,0.39,0.36,38
51.84049,-3.1881,2026-08-12T12:40:00+00:00,2026-08-12,1240,N,VIIRS,n,nominal,2.0NRT,14.94,D,VIIRS_SNPP_NRT,True,340.43,309.36,0.48,0.4,1
51.83984,-3.20983,2026-08-12T12:40:00+00:00,2026-08-12,1240,N,VIIRS,l,low,2.0NRT,43.87,D,VIIRS_SNPP_NRT,True,367.0,330.81,0.48,0.4,1
51.83915,-3.19443,2026-08-12T12:40:00+00:00,2026-08-12,1240,N,VIIRS,l,low,2.0NRT,48.34,D,VIIRS_SNPP_NRT,True,352.26,329.94,0.48,0.4,1
51.8314,-3.21243,2026-08-12T12:40:00+00:00,2026-08-12,1240,N,VIIRS,n,nominal,2.0NRT,52.02,D,VIIRS_SNPP_NRT,True,345.92,316.1,0.48,0.4,1
51.83845,-3.21643,2026-08-12T12:40:00+00:00,2026-08-12,1240,N,VIIRS,n,nominal,2.0NRT,43.87,D,VIIRS_SNPP_NRT,True,348.25,303.41,0.48,0.4,1
51.83759,0.84657,2026-08-12T12:40:00+00:00,2026-08-12,1240,N,VIIRS,n,nominal,2.0NRT,2.77,D,VIIRS_SNPP_NRT,False,339.0,304.04,0.39,0.36,38
51.837,-3.18594,2026-08-12T12:40:00+00:00,2026-08-12,1240,N,VIIRS,l,low,2.0NRT,14.94,D,VIIRS_SNPP_NRT,True,335.4,307.45,0.48,0.4,1
51.83662,0.84098,2026-08-12T12:40:00+00:00,2026-08-12,1240,N,VIIRS,n,nominal,2.0NRT,5.44,D,VIIRS_SNPP_NRT,False,355.98,304.28,0.39,0.36,38
51.83636,-3.20762,2026-08-12T12:40:00+00:00,2026-08-12,1240,N,VIIRS,l,low,2.0NRT,52.02,D,VIIRS_SNPP_NRT,True,352.46,329.86,0.48,0.4,1
52.01304,0.30029,2026-08-12T12:40:00+00:00,2026-08-12,1240,N,VIIRS,n,nominal,2.0NRT,11.92,D,VIIRS_SNPP_NRT,False,356.48,307.08,0.4,0.37,37
51.83426,-3.19894,2026-08-12T12:40:00+00:00,2026-08-12,1240,N,VIIRS,h,high,2.0NRT,48.34,D,VIIRS_SNPP_NRT,True,367.0,320.07,0.48,0.4,1
51.83778,-3.20093,2026-08-12T12:40:00+00:00,2026-08-12,1240,N,VIIRS,h,high,2.0NRT,48.34,D,VIIRS_SNPP_NRT,True,367.0,350.65,0.48,0.4,1
51.84332,0.77767,2026-08-12T12:40:00+00:00,2026-08-12,1240,N,VIIRS,n,nominal,2.0NRT,2.48,D,VIIRS_SNPP_NRT,False,340.67,306.2,0.39,0.36,38
51.82024,-3.19845,2026-08-12T12:40:00+00:00,2026-08-12,1240,N,VIIRS,n,nominal,2.0NRT,16.5,D,VIIRS_SNPP_NRT,True,349.59,309.35,0.48,0.4,1
51.81884,-3.2052,2026-08-12T12:40:00+00:00,2026-08-12,1240,N,VIIRS,h,high,2.0NRT,9.66,D,VIIRS_SNPP_NRT,True,367.0,315.8,0.48,0.4,1
51.35748,0.68954,2026-08-12T12:40:00+00:00,2026-08-12,1240,N,VIIRS,n,nominal,2.0NRT,1.84,D,VIIRS_SNPP_NRT,False,347.08,304.43,0.4,0.37,39
51.35428,1.36776,2026-08-12T12:40:00+00:00,2026-08-12,1240,N,VIIRS,n,nominal,2.0NRT,1.8,D,VIIRS_SNPP_NRT,False,340.27,304.74,0.39,0.36,40
51.3529,1.36947,2026-08-12T12:40:00+00:00,2026-08-12,1240,N,VIIRS,n,nominal,2.0NRT,1.36,D,VIIRS_SNPP_NRT,False,336.39,304.19,0.39,0.36,40
51.15689,1.33845,2026-08-12T12:40:00+00:00,2026-08-12,1240,N,VIIRS,n,nominal,2.0NRT,3.09,D,VIIRS_SNPP_NRT,False,348.33,306.38,0.39,0.36,41
51.15268,1.33439,2026-08-12T12:40:00+00:00,2026-08-12,1240,N,VIIRS,n,nominal,2.0NRT,3.03,D,VIIRS_SNPP_NRT,False,350.26,306.03,0.39,0.36,41
51.01504,-4.09914,2026-08-12T12:40:00+00:00,2026-08-12,1240,N,VIIRS,n,nominal,2.0NRT,2.93,D,VIIRS_SNPP_NRT,False,332.78,302.91,0.54,0.42,26
51.35894,1.08684,2026-08-12T12:40:00+00:00,2026-08-12,1240,N,VIIRS,n,nominal,2.0NRT,2.91,D,VIIRS_SNPP_NRT,False,336.5,302.87,0.39,0.36,42
50.95502,-1.64505,2026-08-12T12:40:00+00:00,2026-08-12,1240,N,VIIRS,n,nominal,2.0NRT,5.95,D,VIIRS_SNPP_NRT,False,343.72,304.41,0.45,0.39,23
50.87716,-1.68672,2026-08-12T12:40:00+00:00,2026-08-12,1240,N,VIIRS,l,low,2.0NRT,4.5,D,VIIRS_SNPP_NRT,False,338.74,310.19,0.45,0.39,24
50.61445,1.58251,2026-08-12T12:40:00+00:00,2026-08-12,1240,N,VIIRS,n,nominal,2.0NRT,9.09,D,VIIRS_SNPP_NRT,False,348.36,305.0,0.39,0.36,25
50.61352,1.57705,2026-08-12T12:40:00+00:00,2026-08-12,1240,N,VIIRS,n,nominal,2.0NRT,9.09,D,VIIRS_SNPP_NRT,False,331.29,297.26,0.39,0.36,25
50.61117,1.5839,2026-08-12T12:40:00+00:00,2026-08-12,1240,N,VIIRS,n,nominal,2.0NRT,30.06,D,VIIRS_SNPP_NRT,False,345.76,306.52,0.39,0.36,25
50.1002,-5.65716,2026-08-12T12:40:00+00:00,2026-08-12,1240,N,VIIRS,l,low,2.0NRT,107.59,D,VIIRS_SNPP_NRT,False,367.0,327.78,0.43,0.46,27
50.0976,-5.64905,2026-08-12T12:40:00+00:00,2026-08-12,1240,N,VIIRS,n,nominal,2.0NRT,4.87,D,VIIRS_SNPP_NRT,False,332.75,300.77,0.43,0.46,27
50.95159,-1.64324,2026-08-12T12:40:00+00:00,2026-08-12,1240,N,VIIRS,n,nominal,2.0NRT,5.95,D,VIIRS_SNPP_NRT,False,335.05,303.17,0.45,0.39,23
51.81953,-3.18294,2026-08-12T12:40:00+00:00,2026-08-12,1240,N,VIIRS,n,nominal,2.0NRT,7.26,D,VIIRS_SNPP_NRT,True,339.09,307.69,0.48,0.4,1
51.36931,0.69628,2026-08-12T12:40:00+00:00,2026-08-12,1240,N,VIIRS,n,nominal,2.0NRT,2.33,D,VIIRS_SNPP_NRT,False,340.02,304.68,0.4,0.37,39
51.66121,0.52913,2026-08-12T12:40:00+00:00,2026-08-12,1240,N,VIIRS,n,nominal,2.0NRT,5.87,D,VIIRS_SNPP_NRT,False,350.84,304.56,0.4,0.37,43
51.8186,-3.19831,2026-08-12T12:40:00+00:00,2026-08-12,1240,N,VIIRS,n,nominal,2.0NRT,15.03,D,VIIRS_SNPP_NRT,True,353.8,313.4,0.48,0.4,1
51.81717,-3.20506,2026-08-12T12:40:00+00:00,2026-08-12,1240,N,VIIRS,n,nominal,2.0NRT,15.03,D,VIIRS_SNPP_NRT,True,349.07,309.58,0.48,0.4,1
51.81668,-3.19663,2026-08-12T12:40:00+00:00,2026-08-12,1240,N,VIIRS,n,nominal,2.0NRT,16.5,D,VIIRS_SNPP_NRT,True,354.13,313.2,0.48,0.4,1
51.81527,-3.20341,2026-08-12T12:40:00+00:00,2026-08-12,1240,N,VIIRS,n,nominal,2.0NRT,9.66,D,VIIRS_SNPP_NRT,True,343.38,306.2,0.48,0.4,1
51.81354,0.93771,2026-08-12T12:40:00+00:00,2026-08-12,1240,N,VIIRS,n,nominal,2.0NRT,3.14,D,VIIRS_SNPP_NRT,False,340.85,303.03,0.39,0.36,44
51.81312,-3.1948,2026-08-12T12:40:00+00:00,2026-08-12,1240,N,VIIRS,n,nominal,2.0NRT,6.86,D,VIIRS_SNPP_NRT,True,344.65,306.38,0.48,0.4,1
51.52924,0.13104,2026-08-12T12:40:00+00:00,2026-08-12,1240,N,VIIRS,n,nominal,2.0NRT,4.66,D,VIIRS_SNPP_NRT,False,337.06,310.7,0.4,0.37,30
51.77478,-3.34012,2026-08-12T12:40:00+00:00,2026-08-12,1240,N,VIIRS,l,low,2.0NRT,7.51,D,VIIRS_SNPP_NRT,True,330.52,305.02,0.49,0.4,6
51.70231,0.66209,2026-08-12T12:40:00+00:00,2026-08-12,1240,N,VIIRS,n,nominal,2.0NRT,2.93,D,VIIRS_SNPP_NRT,False,353.92,304.87,0.4,0.37,45
51.67494,-3.45399,2026-08-12T12:40:00+00:00,2026-08-12,1240,N,VIIRS,n,nominal,2.0NRT,4.49,D,VIIRS_SNPP_NRT,True,336.99,303.45,0.49,0.41,5
51.67106,0.52462,2026-08-12T12:40:00+00:00,2026-08-12,1240,N,VIIRS,n,nominal,2.0NRT,1.56,D,VIIRS_SNPP_NRT,False,336.36,304.62,0.4,0.37,43
51.66877,0.53175,2026-08-12T12:40:00+00:00,2026-08-12,1240,N,VIIRS,n,nominal,2.0NRT,4.77,D,VIIRS_SNPP_NRT,False,355.13,305.2,0.4,0.37,43
51.66549,0.53326,2026-08-12T12:40:00+00:00,2026-08-12,1240,N,VIIRS,n,nominal,2.0NRT,4.77,D,VIIRS_SNPP_NRT,False,339.04,303.82,0.4,0.37,43
51.66449,0.52763,2026-08-12T12:40:00+00:00,2026-08-12,1240,N,VIIRS,n,nominal,2.0NRT,6.17,D,VIIRS_SNPP_NRT,False,347.48,303.84,0.4,0.37,43
51.70559,0.66061,2026-08-12T12:40:00+00:00,2026-08-12,1240,N,VIIRS,n,nominal,2.0NRT,2.93,D,VIIRS_SNPP_NRT,False,346.29,303.76,0.4,0.37,45
51.8451,0.84923,2026-08-12T12:40:00+00:00,2026-08-12,1240,N,VIIRS,n,nominal,2.0NRT,3.46,D,VIIRS_SNPP_NRT,False,337.23,304.56,0.39,0.36,38
51.83566,-3.19232,2026-08-12T12:40:00+00:00,2026-08-12,1240,N,VIIRS,n,nominal,2.0NRT,48.34,D,VIIRS_SNPP_NRT,True,348.66,310.99,0.48,0.4,1
51.8474,0.84216,2026-08-12T12:40:00+00:00,2026-08-12,1240,N,VIIRS,n,nominal,2.0NRT,3.46,D,VIIRS_SNPP_NRT,False,355.96,303.78,0.39,0.36,38
52.00875,0.29613,2026-08-12T12:40:00+00:00,2026-08-12,1240,N,VIIRS,n,nominal,2.0NRT,1.56,D,VIIRS_SNPP_NRT,False,335.94,303.79,0.4,0.37,37
51.86125,0.79977,2026-08-12T12:40:00+00:00,2026-08-12,1240,N,VIIRS,n,nominal,2.0NRT,3.14,D,VIIRS_SNPP_NRT,False,341.43,302.62,0.39,0.36,38
51.86029,0.79417,2026-08-12T12:40:00+00:00,2026-08-12,1240,N,VIIRS,n,nominal,2.0NRT,3.55,D,VIIRS_SNPP_NRT,False,347.57,304.29,0.39,0.36,38
51.85894,0.80684,2026-08-12T12:40:00+00:00,2026-08-12,1240,N,VIIRS,n,nominal,2.0NRT,3.14,D,VIIRS_SNPP_NRT,False,335.5,305.05,0.39,0.36,38
51.85798,0.80124,2026-08-12T12:40:00+00:00,2026-08-12,1240,N,VIIRS,l,low,2.0NRT,3.14,D,VIIRS_SNPP_NRT,False,356.68,305.73,0.39,0.36,38
51.84837,0.84775,2026-08-12T12:40:00+00:00,2026-08-12,1240,N,VIIRS,n,nominal,2.0NRT,3.46,D,VIIRS_SNPP_NRT,False,356.64,304.34,0.39,0.36,38
57.59367,-1.90277,2026-08-12T12:42:00+00:00,2026-08-12,1242,N,VIIRS,n,nominal,2.0NRT,2.79,D,VIIRS_SNPP_NRT,False,340.58,294.1,0.39,0.36,46
57.11398,-2.363,2026-08-12T12:42:00+00:00,2026-08-12,1242,N,VIIRS,n,nominal,2.0NRT,6.04,D,VIIRS_SNPP_NRT,False,350.86,298.52,0.39,0.36,47
57.11288,-2.36931,2026-08-12T12:42:00+00:00,2026-08-12,1242,N,VIIRS,l,low,2.0NRT,6.04,D,VIIRS_SNPP_NRT,False,356.81,297.8,0.39,0.36,47
57.58937,-1.90717,2026-08-12T12:42:00+00:00,2026-08-12,1242,N,VIIRS,l,low,2.0NRT,4.74,D,VIIRS_SNPP_NRT,False,357.15,296.51,0.39,0.36,46
57.59044,-1.90088,2026-08-12T12:42:00+00:00,2026-08-12,1242,N,VIIRS,n,nominal,2.0NRT,4.74,D,VIIRS_SNPP_NRT,False,339.69,294.82,0.39,0.36,46
57.59151,-1.89458,2026-08-12T12:42:00+00:00,2026-08-12,1242,N,VIIRS,n,nominal,2.0NRT,1.73,D,VIIRS_SNPP_NRT,False,338.4,293.19,0.39,0.36,46
57.69098,-2.02968,2026-08-12T12:42:00+00:00,2026-08-12,1242,N,VIIRS,n,nominal,2.0NRT,2.51,D,VIIRS_SNPP_NRT,False,341.59,298.0,0.39,0.36,48
50.6137,1.58575,2026-08-12T12:57:00+00:00,2026-08-12,1257,N20,VIIRS,n,nominal,2.0NRT,6.11,D,VIIRS_NOAA20_NRT,False,333.87,301.92,0.45,0.39,25
50.61297,1.57943,2026-08-12T12:57:00+00:00,2026-08-12,1257,N20,VIIRS,n,nominal,2.0NRT,9.7,D,VIIRS_NOAA20_NRT,False,346.89,304.92,0.45,0.39,25
50.61015,1.58673,2026-08-12T12:57:00+00:00,2026-08-12,1257,N20,VIIRS,n,nominal,2.0NRT,17.98,D,VIIRS_NOAA20_NRT,False,332.08,298.33,0.45,0.39,25
51.01417,-4.10011,2026-08-12T12:59:00+00:00,2026-08-12,1259,N20,VIIRS,n,nominal,2.0NRT,1.45,D,VIIRS_NOAA20_NRT,False,332.77,306.53,0.39,0.36,26
51.83827,-3.18856,2026-08-12T12:59:00+00:00,2026-08-12,1259,N20,VIIRS,n,nominal,2.0NRT,19.82,D,VIIRS_NOAA20_NRT,True,352.59,325.09,0.38,0.36,1
51.83902,-3.20629,2026-08-12T12:59:00+00:00,2026-08-12,1259,N20,VIIRS,h,high,2.0NRT,51.77,D,VIIRS_NOAA20_NRT,True,367.0,350.87,0.38,0.36,1
51.83744,-3.19406,2026-08-12T12:59:00+00:00,2026-08-12,1259,N20,VIIRS,n,nominal,2.0NRT,19.82,D,VIIRS_NOAA20_NRT,True,353.59,328.39,0.38,0.36,1
51.8382,-3.21178,2026-08-12T12:59:00+00:00,2026-08-12,1259,N20,VIIRS,l,low,2.0NRT,25.12,D,VIIRS_NOAA20_NRT,True,367.0,338.47,0.38,0.36,1
51.83578,-3.20503,2026-08-12T12:59:00+00:00,2026-08-12,1259,N20,VIIRS,l,low,2.0NRT,51.77,D,VIIRS_NOAA20_NRT,True,367.0,331.11,0.38,0.36,1
51.83661,-3.19955,2026-08-12T12:59:00+00:00,2026-08-12,1259,N20,VIIRS,h,high,2.0NRT,51.77,D,VIIRS_NOAA20_NRT,True,367.0,349.45,0.38,0.36,1
51.83986,-3.20081,2026-08-12T12:59:00+00:00,2026-08-12,1259,N20,VIIRS,n,nominal,2.0NRT,51.77,D,VIIRS_NOAA20_NRT,True,353.64,326.4,0.38,0.36,1
51.83502,-3.1873,2026-08-12T12:59:00+00:00,2026-08-12,1259,N20,VIIRS,l,low,2.0NRT,3.52,D,VIIRS_NOAA20_NRT,True,335.41,310.4,0.38,0.36,1
51.83495,-3.21051,2026-08-12T12:59:00+00:00,2026-08-12,1259,N20,VIIRS,l,low,2.0NRT,25.12,D,VIIRS_NOAA20_NRT,True,350.14,333.76,0.38,0.36,1
51.83419,-3.19279,2026-08-12T12:59:00+00:00,2026-08-12,1259,N20,VIIRS,n,nominal,2.0NRT,3.52,D,VIIRS_NOAA20_NRT,True,332.33,307.19,0.38,0.36,1
51.83412,-3.21599,2026-08-12T12:59:00+00:00,2026-08-12,1259,N20,VIIRS,l,low,2.0NRT,25.12,D,VIIRS_NOAA20_NRT,True,333.81,308.24,0.38,0.36,1
51.83336,-3.19828,2026-08-12T12:59:00+00:00,2026-08-12,1259,N20,VIIRS,n,nominal,2.0NRT,16.44,D,VIIRS_NOAA20_NRT,True,350.44,312.63,0.38,0.36,1
51.83253,-3.20376,2026-08-12T12:59:00+00:00,2026-08-12,1259,N20,VIIRS,l,low,2.0NRT,16.44,D,VIIRS_NOAA20_NRT,True,351.46,331.37,0.38,0.36,1
51.83736,-3.21726,2026-08-12T12:59:00+00:00,2026-08-12,1259,N20,VIIRS,l,low,2.0NRT,25.12,D,VIIRS_NOAA20_NRT,True,333.42,308.01,0.38,0.36,1
51.84069,-3.19531,2026-08-12T12:59:00+00:00,2026-08-12,1259,N20,VIIRS,n,nominal,2.0NRT,19.82,D,VIIRS_NOAA20_NRT,True,355.98,317.52,0.38,0.36,1
52.09691,-3.78907,2026-08-12T12:59:00+00:00,2026-08-12,1259,N20,VIIRS,n,nominal,2.0NRT,19.0,D,VIIRS_NOAA20_NRT,True,334.2,301.59,0.38,0.36,29
51.84228,-3.20754,2026-08-12T12:59:00+00:00,2026-08-12,1259,N20,VIIRS,n,nominal,2.0NRT,4.75,D,VIIRS_NOAA20_NRT,True,341.97,303.15,0.38,0.36,1
53.72673,-1.64287,2026-08-12T12:59:00+00:00,2026-08-12,1259,N20,VIIRS,l,low,2.0NRT,1.84,D,VIIRS_NOAA20_NRT,False,331.07,302.37,0.41,0.37,49
53.5903,-2.1669,2026-08-12T12:59:00+00:00,2026-08-12,1259,N20,VIIRS,n,nominal,2.0NRT,1.68,D,VIIRS_NOAA20_NRT,False,332.38,301.04,0.4,0.37,50
53.49245,-1.95241,2026-08-12T12:59:00+00:00,2026-08-12,1259,N20,VIIRS,l,low,2.0NRT,3.81,D,VIIRS_NOAA20_NRT,False,334.95,308.3,0.4,0.37,51
53.42673,-1.64958,2026-08-12T12:59:00+00:00,2026-08-12,1259,N20,VIIRS,n,nominal,2.0NRT,5.05,D,VIIRS_NOAA20_NRT,False,342.75,300.4,0.41,0.37,52
53.14087,-1.1414,2026-08-12T12:59:00+00:00,2026-08-12,1259,N20,VIIRS,l,low,2.0NRT,2.94,D,VIIRS_NOAA20_NRT,False,333.74,305.13,0.41,0.37,34
53.10376,-2.47353,2026-08-12T12:59:00+00:00,2026-08-12,1259,N20,VIIRS,n,nominal,2.0NRT,4.4,D,VIIRS_NOAA20_NRT,False,350.88,301.95,0.39,0.36,53
52.90178,-4.45727,2026-08-12T12:59:00+00:00,2026-08-12,1259,N20,VIIRS,n,nominal,2.0NRT,3.14,D,VIIRS_NOAA20_NRT,True,339.74,299.56,0.38,0.36,54
52.9009,-4.46286,2026-08-12T12:59:00+00:00,2026-08-12,1259,N20,VIIRS,n,nominal,2.0NRT,2.19,D,VIIRS_NOAA20_NRT,True,330.59,299.51,0.38,0.36,54
52.52454,-2.40562,2026-08-12T12:59:00+00:00,2026-08-12,1259,N20,VIIRS,n,nominal,2.0NRT,1.96,D,VIIRS_NOAA20_NRT,False,341.47,304.03,0.39,0.36,55
52.4857,-1.78388,2026-08-12T12:59:00+00:00,2026-08-12,1259,N20,VIIRS,n,nominal,2.0NRT,2.17,D,VIIRS_NOAA20_NRT,False,344.85,306.31,0.4,0.37,36
52.4822,-0.23254,2026-08-12T12:59:00+00:00,2026-08-12,1259,N20,VIIRS,h,high,2.0NRT,9.97,D,VIIRS_NOAA20_NRT,False,367.0,317.8,0.42,0.38,3
52.47496,-1.78608,2026-08-12T12:59:00+00:00,2026-08-12,1259,N20,VIIRS,l,low,2.0NRT,2.17,D,VIIRS_NOAA20_NRT,False,332.8,307.45,0.4,0.37,36
52.24296,-0.72175,2026-08-12T12:59:00+00:00,2026-08-12,1259,N20,VIIRS,n,nominal,2.0NRT,5.07,D,VIIRS_NOAA20_NRT,False,345.98,305.24,0.41,0.37,56
51.8317,-3.20924,2026-08-12T12:59:00+00:00,2026-08-12,1259,N20,VIIRS,l,low,2.0NRT,17.21,D,VIIRS_NOAA20_NRT,True,351.47,331.6,0.38,0.36,1
52.09605,-3.79457,2026-08-12T12:59:00+00:00,2026-08-12,1259,N20,VIIRS,n,nominal,2.0NRT,19.0,D,VIIRS_NOAA20_NRT,True,352.56,312.19,0.38,0.36,29
52.09367,-3.78775,2026-08-12T12:59:00+00:00,2026-08-12,1259,N20,VIIRS,n,nominal,2.0NRT,14.76,D,VIIRS_NOAA20_NRT,True,342.86,305.23,0.38,0.36,29
52.09282,-3.79324,2026-08-12T12:59:00+00:00,2026-08-12,1259,N20,VIIRS,n,nominal,2.0NRT,14.76,D,VIIRS_NOAA20_NRT,True,337.11,305.71,0.38,0.36,29
51.84153,-3.18981,2026-08-12T12:59:00+00:00,2026-08-12,1259,N20,VIIRS,n,nominal,2.0NRT,19.82,D,VIIRS_NOAA20_NRT,True,342.34,303.69,0.38,0.36,1
51.52994,0.12749,2026-08-12T12:59:00+00:00,2026-08-12,1259,N20,VIIRS,n,nominal,2.0NRT,3.94,D,VIIRS_NOAA20_NRT,False,337.52,307.58,0.42,0.38,30
51.82115,-3.21087,2026-08-12T12:59:00+00:00,2026-08-12,1259,N20,VIIRS,n,nominal,2.0NRT,8.38,D,VIIRS_NOAA20_NRT,True,339.43,309.74,0.38,0.36,1
51.82929,-3.20248,2026-08-12T12:59:00+00:00,2026-08-12,1259,N20,VIIRS,n,nominal,2.0NRT,16.44,D,VIIRS_NOAA20_NRT,True,356.08,325.8,0.38,0.36,1
51.82528,-3.18349,2026-08-12T12:59:00+00:00,2026-08-12,1259,N20,VIIRS,l,low,2.0NRT,4.44,D,VIIRS_NOAA20_NRT,True,335.16,306.19,0.38,0.36,1
51.8188,-3.18092,2026-08-12T12:59:00+00:00,2026-08-12,1259,N20,VIIRS,l,low,2.0NRT,3.46,D,VIIRS_NOAA20_NRT,True,334.12,306.91,0.38,0.36,1
51.81956,-3.19863,2026-08-12T12:59:00+00:00,2026-08-12,1259,N20,VIIRS,n,nominal,2.0NRT,11.32,D,VIIRS_NOAA20_NRT,True,350.5,311.78,0.38,0.36,1
51.82198,-3.20539,2026-08-12T12:59:00+00:00,2026-08-12,1259,N20,VIIRS,n,nominal,2.0NRT,8.38,D,VIIRS_NOAA20_NRT,True,353.91,311.2,0.38,0.36,1
51.82204,-3.18221,2026-08-12T12:59:00+00:00,2026-08-12,1259,N20,VIIRS,l,low,2.0NRT,3.46,D,VIIRS_NOAA20_NRT,True,330.55,303.77,0.38,0.36,1
51.82281,-3.19991,2026-08-12T12:59:00+00:00,2026-08-12,1259,N20,VIIRS,n,nominal,2.0NRT,3.9,D,VIIRS_NOAA20_NRT,True,333.24,307.96,0.38,0.36,1
51.82363,-3.19443,2026-08-12T12:59:00+00:00,2026-08-12,1259,N20,VIIRS,n,nominal,2.0NRT,3.9,D,VIIRS_NOAA20_NRT,True,344.06,310.92,0.38,0.36,1
51.81873,-3.2041,2026-08-12T12:59:00+00:00,2026-08-12,1259,N20,VIIRS,h,high,2.0NRT,7.06,D,VIIRS_NOAA20_NRT,True,367.0,320.02,0.38,0.36,1
51.82439,-3.21215,2026-08-12T12:59:00+00:00,2026-08-12,1259,N20,VIIRS,n,nominal,2.0NRT,8.38,D,VIIRS_NOAA20_NRT,True,333.38,304.52,0.38,0.36,1
51.82446,-3.18896,2026-08-12T12:59:00+00:00,2026-08-12,1259,N20,VIIRS,n,nominal,2.0NRT,4.44,D,VIIRS_NOAA20_NRT,True,353.9,312.91,0.38,0.36,1
51.82853,-3.18477,2026-08-12T12:59:00+00:00,2026-08-12,1259,N20,VIIRS,n,nominal,2.0NRT,4.44,D,VIIRS_NOAA20_NRT,True,338.96,305.33,0.38,0.36,1
51.82846,-3.20796,2026-08-12T12:59:00+00:00,2026-08-12,1259,N20,VIIRS,h,high,2.0NRT,17.21,D,VIIRS_NOAA20_NRT,True,367.0,317.56,0.38,0.36,1
51.82771,-3.19024,2026-08-12T12:59:00+00:00,2026-08-12,1259,N20,VIIRS,l,low,2.0NRT,4.44,D,VIIRS_NOAA20_NRT,True,335.32,307.63,0.38,0.36,1
51.82763,-3.21344,2026-08-12T12:59:00+00:00,2026-08-12,1259,N20,VIIRS,n,nominal,2.0NRT,17.21,D,VIIRS_NOAA20_NRT,True,333.97,306.98,0.38,0.36,1
51.82687,-3.19572,2026-08-12T12:59:00+00:00,2026-08-12,1259,N20,VIIRS,n,nominal,2.0NRT,3.9,D,VIIRS_NOAA20_NRT,True,335.38,309.1,0.38,0.36,1
51.82521,-3.20668,2026-08-12T12:59:00+00:00,2026-08-12,1259,N20,VIIRS,h,high,2.0NRT,8.38,D,VIIRS_NOAA20_NRT,True,367.0,313.06,0.38,0.36,1
51.83012,-3.197,2026-08-12T12:59:00+00:00,2026-08-12,1259,N20,VIIRS,n,nominal,2.0NRT,16.44,D,VIIRS_NOAA20_NRT,True,339.02,308.45,0.38,0.36,1
51.81797,-3.18639,2026-08-12T12:59:00+00:00,2026-08-12,1259,N20,VIIRS,n,nominal,2.0NRT,3.46,D,VIIRS_NOAA20_NRT,True,346.16,313.47,0.38,0.36,1
51.82605,-3.2012,2026-08-12T12:59:00+00:00,2026-08-12,1259,N20,VIIRS,n,nominal,2.0NRT,3.9,D,VIIRS_NOAA20_NRT,True,348.91,312.34,0.38,0.36,1
51.81632,-3.19734,2026-08-12T12:59:00+00:00,2026-08-12,1259,N20,VIIRS,n,nominal,2.0NRT,11.32,D,VIIRS_NOAA20_NRT,True,355.87,316.16,0.38,0.36,1
50.95392,-1.64559,2026-08-12T12:59:00+00:00,2026-08-12,1259,N20,VIIRS,n,nominal,2.0NRT,3.19,D,VIIRS_NOAA20_NRT,False,333.62,307.0,0.39,0.36,23
50.87554,-1.68724,2026-08-12T12:59:00+00:00,2026-08-12,1259,N20,VIIRS,l,low,2.0NRT,7.86,D,VIIRS_NOAA20_NRT,False,339.52,312.39,0.39,0.36,24
50.81802,-4.43164,2026-08-12T12:59:00+00:00,2026-08-12,1259,N20,VIIRS,l,low,2.0NRT,2.43,D,VIIRS_NOAA20_NRT,False,331.05,303.35,0.39,0.36,57
50.81713,-4.43704,2026-08-12T12:59:00+00:00,2026-08-12,1259,N20,VIIRS,l,low,2.0NRT,6.18,D,VIIRS_NOAA20_NRT,False,356.1,304.64,0.39,0.36,57
50.36138,-4.02219,2026-08-12T12:59:00+00:00,2026-08-12,1259,N20,VIIRS,n,nominal,2.0NRT,2.99,D,VIIRS_NOAA20_NRT,False,339.53,304.37,0.39,0.36,58
50.33274,-4.93156,2026-08-12T12:59:00+00:00,2026-08-12,1259,N20,VIIRS,n,nominal,2.0NRT,1.65,D,VIIRS_NOAA20_NRT,False,330.36,300.59,0.4,0.37,59
50.32947,-4.93018,2026-08-12T12:59:00+00:00,2026-08-12,1259,N20,VIIRS,n,nominal,2.0NRT,1.65,D,VIIRS_NOAA20_NRT,False,337.17,301.59,0.4,0.37,59
50.15742,-5.18185,2026-08-12T12:59:00+00:00,2026-08-12,1259,N20,VIIRS,n,nominal,2.0NRT,1.56,D,VIIRS_NOAA20_NRT,False,338.01,299.92,0.4,0.37,60
50.09836,-5.65419,2026-08-12T12:59:00+00:00,2026-08-12,1259,N20,VIIRS,l,low,2.0NRT,90.28,D,VIIRS_NOAA20_NRT,False,367.0,325.31,0.41,0.37,27
50.09735,-5.6598,2026-08-12T12:59:00+00:00,2026-08-12,1259,N20,VIIRS,l,low,2.0NRT,21.5,D,VIIRS_NOAA20_NRT,False,333.46,305.08,0.41,0.37,27
51.67442,-3.45122,2026-08-12T12:59:00+00:00,2026-08-12,1259,N20,VIIRS,n,nominal,2.0NRT,6.23,D,VIIRS_NOAA20_NRT,True,340.5,305.95,0.38,0.36,5
51.77444,-3.33735,2026-08-12T12:59:00+00:00,2026-08-12,1259,N20,VIIRS,n,nominal,2.0NRT,4.36,D,VIIRS_NOAA20_NRT,True,344.23,310.25,0.38,0.36,6
51.8179,-3.20958,2026-08-12T12:59:00+00:00,2026-08-12,1259,N20,VIIRS,n,nominal,2.0NRT,7.06,D,VIIRS_NOAA20_NRT,True,341.4,312.34,0.38,0.36,1
51.78561,-3.73241,2026-08-12T12:59:00+00:00,2026-08-12,1259,N20,VIIRS,n,nominal,2.0NRT,4.58,D,VIIRS_NOAA20_NRT,True,337.15,303.81,0.38,0.36,61
51.81466,-3.20829,2026-08-12T12:59:00+00:00,2026-08-12,1259,N20,VIIRS,n,nominal,2.0NRT,7.06,D,VIIRS_NOAA20_NRT,True,335.09,304.94,0.38,0.36,1
51.81549,-3.20282,2026-08-12T12:59:00+00:00,2026-08-12,1259,N20,VIIRS,n,nominal,2.0NRT,7.06,D,VIIRS_NOAA20_NRT,True,346.24,309.84,0.38,0.36,1
51.81307,-3.19606,2026-08-12T12:59:00+00:00,2026-08-12,1259,N20,VIIRS,n,nominal,2.0NRT,9.32,D,VIIRS_NOAA20_NRT,True,352.18,312.26,0.38,0.36,1
50.09713,-5.65169,2026-08-12T13:44:00+00:00,2026-08-12,1344,N21,VIIRS,n,nominal,2.0NRT,76.83,D,VIIRS_NOAA21_NRT,False,348.08,302.54,0.47,0.48,27
50.10107,-5.65891,2026-08-12T13:44:00+00:00,2026-08-12,1344,N21,VIIRS,h,high,2.0NRT,76.83,D,VIIRS_NOAA21_NRT,False,367.0,331.93,0.47,0.48,27
50.10151,-5.65256,2026-08-12T13:44:00+00:00,2026-08-12,1344,N21,VIIRS,n,nominal,2.0NRT,76.83,D,VIIRS_NOAA21_NRT,False,343.99,306.9,0.47,0.48,27
50.59967,1.57638,2026-08-12T13:44:00+00:00,2026-08-12,1344,N21,VIIRS,n,nominal,2.0NRT,12.96,D,VIIRS_NOAA21_NRT,False,353.14,295.5,0.5,0.66,25
50.59972,1.58319,2026-08-12T13:44:00+00:00,2026-08-12,1344,N21,VIIRS,n,nominal,2.0NRT,17.89,D,VIIRS_NOAA21_NRT,False,354.85,299.65,0.5,0.66,25
50.60579,1.58304,2026-08-12T13:44:00+00:00,2026-08-12,1344,N21,VIIRS,h,high,2.0NRT,30.06,D,VIIRS_NOAA21_NRT,False,367.0,297.33,0.5,0.66,25
50.61182,1.57599,2026-08-12T13:44:00+00:00,2026-08-12,1344,N21,VIIRS,n,nominal,2.0NRT,27.35,D,VIIRS_NOAA21_NRT,False,347.52,294.59,0.5,0.66,25
50.8765,-1.68675,2026-08-12T13:44:00+00:00,2026-08-12,1344,N21,VIIRS,l,low,2.0NRT,2.98,D,VIIRS_NOAA21_NRT,False,330.22,305.15,0.36,0.57,24
51.34078,-2.89998,2026-08-12T13:44:00+00:00,2026-08-12,1344,N21,VIIRS,n,nominal,2.0NRT,2.32,D,VIIRS_NOAA21_NRT,True,337.9,301.43,0.32,0.55,62
51.46656,-1.6061,2026-08-12T13:44:00+00:00,2026-08-12,1344,N21,VIIRS,h,high,2.0NRT,24.1,D,VIIRS_NOAA21_NRT,False,367.0,306.07,0.37,0.58,63
50.61187,1.58291,2026-08-12T13:44:00+00:00,2026-08-12,1344,N21,VIIRS,h,high,2.0NRT,30.06,D,VIIRS_NOAA21_NRT,False,367.0,306.48,0.5,0.66,25
51.9203,-2.60792,2026-08-12T13:46:00+00:00,2026-08-12,1346,N21,VIIRS,h,high,2.0NRT,6.36,D,VIIRS_NOAA21_NRT,True,367.0,302.0,0.33,0.56,64
51.82011,-3.19996,2026-08-12T13:46:00+00:00,2026-08-12,1346,N21,VIIRS,n,nominal,2.0NRT,15.83,D,VIIRS_NOAA21_NRT,True,349.95,306.85,0.63,0.54,1
51.84045,-3.19255,2026-08-12T13:46:00+00:00,2026-08-12,1346,N21,VIIRS,n,nominal,2.0NRT,80.98,D,VIIRS_NOAA21_NRT,True,355.58,316.39,0.63,0.54,1
51.84003,-3.20221,2026-08-12T13:46:00+00:00,2026-08-12,1346,N21,VIIRS,n,nominal,2.0NRT,209.75,D,VIIRS_NOAA21_NRT,True,350.0,319.85,0.63,0.54,1
51.83541,-3.1931,2026-08-12T13:46:00+00:00,2026-08-12,1346,N21,VIIRS,n,nominal,2.0NRT,41.64,D,VIIRS_NOAA21_NRT,True,352.9,307.04,0.63,0.54,1
51.83502,-3.20249,2026-08-12T13:46:00+00:00,2026-08-12,1346,N21,VIIRS,n,nominal,2.0NRT,57.05,D,VIIRS_NOAA21_NRT,True,350.4,321.27,0.63,0.54,1
51.83464,-3.21157,2026-08-12T13:46:00+00:00,2026-08-12,1346,N21,VIIRS,n,nominal,2.0NRT,57.05,D,VIIRS_NOAA21_NRT,True,350.45,320.79,0.63,0.54,1
51.83004,-3.20197,2026-08-12T13:46:00+00:00,2026-08-12,1346,N21,VIIRS,h,high,2.0NRT,57.05,D,VIIRS_NOAA21_NRT,True,367.0,311.89,0.63,0.54,1
51.82966,-3.21102,2026-08-12T13:46:00+00:00,2026-08-12,1346,N21,VIIRS,h,high,2.0NRT,57.05,D,VIIRS_NOAA21_NRT,True,367.0,309.18,0.63,0.54,1
51.82584,-3.18283,2026-08-12T13:46:00+00:00,2026-08-12,1346,N21,VIIRS,n,nominal,2.0NRT,10.99,D,VIIRS_NOAA21_NRT,True,336.93,300.04,0.63,0.54,1
51.82546,-3.19183,2026-08-12T13:46:00+00:00,2026-08-12,1346,N21,VIIRS,n,nominal,2.0NRT,10.99,D,VIIRS_NOAA21_NRT,True,349.83,306.36,0.63,0.54,1
51.82507,-3.20101,2026-08-12T13:46:00+00:00,2026-08-12,1346,N21,VIIRS,n,nominal,2.0NRT,15.83,D,VIIRS_NOAA21_NRT,True,340.73,304.09,0.63,0.54,1
51.82469,-3.2102,2026-08-12T13:46:00+00:00,2026-08-12,1346,N21,VIIRS,n,nominal,2.0NRT,15.83,D,VIIRS_NOAA21_NRT,True,345.75,303.34,0.63,0.54,1
52.2443,-0.72077,2026-08-12T13:46:00+00:00,2026-08-12,1346,N21,VIIRS,n,nominal,2.0NRT,8.96,D,VIIRS_NOAA21_NRT,False,355.32,299.67,0.41,0.6,56
51.82046,-3.18322,2026-08-12T13:46:00+00:00,2026-08-12,1346,N21,VIIRS,n,nominal,2.0NRT,7.34,D,VIIRS_NOAA21_NRT,True,336.14,301.71,0.63,0.54,1
51.82087,-3.182,2026-08-12T13:46:00+00:00,2026-08-12,1346,N21,VIIRS,n,nominal,2.0NRT,10.99,D,VIIRS_NOAA21_NRT,True,331.53,300.45,0.63,0.54,1
51.81962,-3.20121,2026-08-12T13:46:00+00:00,2026-08-12,1346,N21,VIIRS,n,nominal,2.0NRT,23.23,D,VIIRS_NOAA21_NRT,True,355.66,309.32,0.63,0.54,1
51.81919,-3.2104,2026-08-12T13:46:00+00:00,2026-08-12,1346,N21,VIIRS,n,nominal,2.0NRT,16.44,D,VIIRS_NOAA21_NRT,True,342.64,307.16,0.63,0.54,1
51.81516,-3.19893,2026-08-12T13:46:00+00:00,2026-08-12,1346,N21,VIIRS,n,nominal,2.0NRT,16.23,D,VIIRS_NOAA21_NRT,True,350.42,305.97,0.63,0.54,1
51.81467,-3.20018,2026-08-12T13:46:00+00:00,2026-08-12,1346,N21,VIIRS,n,nominal,2.0NRT,23.23,D,VIIRS_NOAA21_NRT,True,346.67,304.01,0.63,0.54,1
51.75137,-3.04208,2026-08-12T13:46:00+00:00,2026-08-12,1346,N21,VIIRS,l,low,2.0NRT,6.15,D,VIIRS_NOAA21_NRT,True,330.91,305.32,0.32,0.54,65
52.28416,-3.49049,2026-08-12T13:46:00+00:00,2026-08-12,1346,N21,VIIRS,n,nominal,2.0NRT,195.38,D,VIIRS_NOAA21_NRT,True,344.13,295.72,0.62,0.54,66
52.48746,-6.5606,2026-08-12T13:46:00+00:00,2026-08-12,1346,N21,VIIRS,n,nominal,2.0NRT,5.64,D,VIIRS_NOAA21_NRT,False,340.08,299.18,0.46,0.47,67
52.99387,-1.21124,2026-08-12T13:46:00+00:00,2026-08-12,1346,N21,VIIRS,n,nominal,2.0NRT,2.39,D,VIIRS_NOAA21_NRT,False,334.07,299.54,0.39,0.59,68
53.02881,-1.39679,2026-08-12T13:46:00+00:00,2026-08-12,1346,N21,VIIRS,n,nominal,2.0NRT,2.84,D,VIIRS_NOAA21_NRT,False,335.15,300.49,0.38,0.59,69
53.13864,-1.14718,2026-08-12T13:46:00+00:00,2026-08-12,1346,N21,VIIRS,n,nominal,2.0NRT,3.46,D,VIIRS_NOAA21_NRT,False,330.18,299.47,0.39,0.6,34
53.13906,-1.14316,2026-08-12T13:46:00+00:00,2026-08-12,1346,N21,VIIRS,n,nominal,2.0NRT,3.5,D,VIIRS_NOAA21_NRT,False,336.58,300.07,0.39,0.6,34
53.42889,-1.65301,2026-08-12T13:46:00+00:00,2026-08-12,1346,N21,VIIRS,h,high,2.0NRT,12.91,D,VIIRS_NOAA21_NRT,False,367.0,294.42,0.38,0.58,52
52.24417,-0.72674,2026-08-12T13:46:00+00:00,2026-08-12,1346,N21,VIIRS,n,nominal,2.0NRT,5.61,D,VIIRS_NOAA21_NRT,False,337.69,300.6,0.41,0.6,56
51.81973,-3.20921,2026-08-12T13:46:00+00:00,2026-08-12,1346,N21,VIIRS,n,nominal,2.0NRT,15.83,D,VIIRS_NOAA21_NRT,True,350.16,309.84,0.63,0.54,1
50.10283,-5.65441,2026-08-12T14:20:00+00:00,2026-08-12,1420,N,VIIRS,h,high,2.0NRT,157.26,D,VIIRS_SNPP_NRT,False,367.0,314.32,0.45,0.63,27
50.09691,-5.6541,2026-08-12T14:20:00+00:00,2026-08-12,1420,N,VIIRS,n,nominal,2.0NRT,10.33,D,VIIRS_SNPP_NRT,False,347.14,301.74,0.45,0.63,27
54.57001,-1.14116,2026-08-12T14:22:00+00:00,2026-08-12,1422,N,VIIRS,n,nominal,2.0NRT,4.86,D,VIIRS_SNPP_NRT,False,326.28,290.37,0.71,0.75,70
51.83909,-3.20212,2026-08-12T14:22:00+00:00,2026-08-12,1422,N,VIIRS,n,nominal,2.0NRT,93.48,D,VIIRS_SNPP_NRT,True,354.14,311.75,0.59,0.7,1
51.83689,-3.19244,2026-08-12T14:22:00+00:00,2026-08-12,1422,N,VIIRS,h,high,2.0NRT,65.18,D,VIIRS_SNPP_NRT,True,367.0,303.63,0.59,0.7,1
51.837,-3.20195,2026-08-12T14:22:00+00:00,2026-08-12,1422,N,VIIRS,n,nominal,2.0NRT,65.18,D,VIIRS_SNPP_NRT,True,355.39,313.45,0.59,0.7,1
51.83711,-3.21077,2026-08-12T14:22:00+00:00,2026-08-12,1422,N,VIIRS,n,nominal,2.0NRT,52.26,D,VIIRS_SNPP_NRT,True,352.16,314.23,0.59,0.7,1
51.83722,-3.21961,2026-08-12T14:22:00+00:00,2026-08-12,1422,N,VIIRS,n,nominal,2.0NRT,52.26,D,VIIRS_SNPP_NRT,True,356.17,293.34,0.59,0.7,1
51.83892,-3.18077,2026-08-12T14:22:00+00:00,2026-08-12,1422,N,VIIRS,n,nominal,2.0NRT,39.55,D,VIIRS_SNPP_NRT,True,331.26,293.72,0.59,0.7,1
51.83902,-3.19274,2026-08-12T14:22:00+00:00,2026-08-12,1422,N,VIIRS,l,low,2.0NRT,39.55,D,VIIRS_SNPP_NRT,True,357.04,304.79,0.59,0.7,1
51.83916,-3.21096,2026-08-12T14:22:00+00:00,2026-08-12,1422,N,VIIRS,n,nominal,2.0NRT,93.48,D,VIIRS_SNPP_NRT,True,352.01,311.35,0.59,0.7,1
51.83923,-3.22021,2026-08-12T14:22:00+00:00,2026-08-12,1422,N,VIIRS,n,nominal,2.0NRT,23.65,D,VIIRS_SNPP_NRT,True,339.71,291.28,0.59,0.7,1
51.84342,-3.18824,2026-08-12T14:22:00+00:00,2026-08-12,1422,N,VIIRS,n,nominal,2.0NRT,65.18,D,VIIRS_SNPP_NRT,True,338.43,292.53,0.59,0.7,1
51.84365,-3.20756,2026-08-12T14:22:00+00:00,2026-08-12,1422,N,VIIRS,l,low,2.0NRT,52.26,D,VIIRS_SNPP_NRT,True,357.2,293.82,0.59,0.7,1
52.08083,-3.77589,2026-08-12T14:22:00+00:00,2026-08-12,1422,N,VIIRS,n,nominal,2.0NRT,21.86,D,VIIRS_SNPP_NRT,True,352.15,294.44,0.56,0.68,29
52.08088,-3.78311,2026-08-12T14:22:00+00:00,2026-08-12,1422,N,VIIRS,n,nominal,2.0NRT,19.65,D,VIIRS_SNPP_NRT,True,355.93,296.77,0.55,0.68,29
52.08727,-3.77715,2026-08-12T14:22:00+00:00,2026-08-12,1422,N,VIIRS,n,nominal,2.0NRT,14.28,D,VIIRS_SNPP_NRT,True,339.76,293.22,0.56,0.68,29
51.83259,-3.21215,2026-08-12T14:22:00+00:00,2026-08-12,1422,N,VIIRS,h,high,2.0NRT,21.32,D,VIIRS_SNPP_NRT,True,367.0,301.56,0.59,0.7,1
52.08731,-3.78434,2026-08-12T14:22:00+00:00,2026-08-12,1422,N,VIIRS,n,nominal,2.0NRT,10.49,D,VIIRS_SNPP_NRT,True,346.0,293.31,0.55,0.68,29
52.0938,-3.79225,2026-08-12T14:22:00+00:00,2026-08-12,1422,N,VIIRS,h,high,2.0NRT,10.49,D,VIIRS_SNPP_NRT,True,367.0,297.34,0.55,0.68,29
52.99188,-1.20844,2026-08-12T14:22:00+00:00,2026-08-12,1422,N,VIIRS,n,nominal,2.0NRT,4.98,D,VIIRS_SNPP_NRT,False,335.72,294.6,0.71,0.75,68
53.42551,-1.64528,2026-08-12T14:22:00+00:00,2026-08-12,1422,N,VIIRS,n,nominal,2.0NRT,11.68,D,VIIRS_SNPP_NRT,False,337.64,289.91,0.68,0.74,52
53.42752,-1.64348,2026-08-12T14:22:00+00:00,2026-08-12,1422,N,VIIRS,n,nominal,2.0NRT,11.95,D,VIIRS_SNPP_NRT,False,340.89,289.85,0.68,0.74,52
53.42786,-1.6565,2026-08-12T14:22:00+00:00,2026-08-12,1422,N,VIIRS,n,nominal,2.0NRT,11.95,D,VIIRS_SNPP_NRT,False,354.27,291.97,0.68,0.74,52
53.43254,-1.64649,2026-08-12T14:22:00+00:00,2026-08-12,1422,N,VIIRS,n,nominal,2.0NRT,9.54,D,VIIRS_SNPP_NRT,False,333.22,288.75,0.68,0.74,52
53.4837,-2.9206,2026-08-12T14:22:00+00:00,2026-08-12,1422,N,VIIRS,n,nominal,2.0NRT,3.35,D,VIIRS_SNPP_NRT,True,332.69,293.8,0.6,0.71,71
53.4873,-2.9177,2026-08-12T14:22:00+00:00,2026-08-12,1422,N,VIIRS,n,nominal,2.0NRT,8.74,D,VIIRS_SNPP_NRT,True,354.67,295.27,0.6,0.71,71
53.49036,-2.9203,2026-08-12T14:22:00+00:00,2026-08-12,1422,N,VIIRS,n,nominal,2.0NRT,5.2,D,VIIRS_SNPP_NRT,True,338.37,293.64,0.6,0.71,71
54.00048,-0.72326,2026-08-12T14:22:00+00:00,2026-08-12,1422,N,VIIRS,n,nominal,2.0NRT,5.45,D,VIIRS_SNPP_NRT,False,341.16,290.68,0.74,0.76,72
51.83054,-3.21123,2026-08-12T14:22:00+00:00,2026-08-12,1422,N,VIIRS,h,high,2.0NRT,25.14,D,VIIRS_SNPP_NRT,True,367.0,299.81,0.59,0.7,1
51.83043,-3.2025,2026-08-12T14:22:00+00:00,2026-08-12,1422,N,VIIRS,h,high,2.0NRT,28.6,D,VIIRS_SNPP_NRT,True,367.0,296.32,0.59,0.7,1
51.82602,-3.21215,2026-08-12T14:22:00+00:00,2026-08-12,1422,N,VIIRS,n,nominal,2.0NRT,21.32,D,VIIRS_SNPP_NRT,True,339.95,289.55,0.59,0.7,1
52.09376,-3.78529,2026-08-12T14:22:00+00:00,2026-08-12,1422,N,VIIRS,n,nominal,2.0NRT,10.49,D,VIIRS_SNPP_NRT,True,333.47,292.71,0.55,0.68,29
51.83252,-3.20344,2026-08-12T14:22:00+00:00,2026-08-12,1422,N,VIIRS,h,high,2.0NRT,21.32,D,VIIRS_SNPP_NRT,True,367.0,303.79,0.59,0.7,1
50.60545,1.5794,2026-08-13T00:52:00+00:00,2026-08-13,52,N,VIIRS,n,nominal,2.0NRT,3.04,N,VIIRS_SNPP_NRT,False,305.99,291.85,0.66,0.73,25
53.56934,-0.59727,2026-08-13T01:09:00+00:00,2026-08-13,109,N20,VIIRS,n,nominal,2.0NRT,3.45,N,VIIRS_NOAA20_NRT,False,328.05,288.38,0.45,0.63,12
53.63539,-0.24448,2026-08-13T01:09:00+00:00,2026-08-13,109,N20,VIIRS,n,nominal,2.0NRT,0.94,N,VIIRS_NOAA20_NRT,False,305.8,288.91,0.44,0.62,73
53.5709,-0.59554,2026-08-13T01:09:00+00:00,2026-08-13,109,N20,VIIRS,n,nominal,2.0NRT,3.18,N,VIIRS_NOAA20_NRT,False,329.74,288.51,0.45,0.63,12
53.63548,-0.25121,2026-08-13T01:09:00+00:00,2026-08-13,109,N20,VIIRS,n,nominal,2.0NRT,0.94,N,VIIRS_NOAA20_NRT,False,301.38,289.38,0.44,0.62,73
52.48341,-0.23597,2026-08-13T01:11:00+00:00,2026-08-13,111,N20,VIIRS,n,nominal,2.0NRT,2.05,N,VIIRS_NOAA20_NRT,False,312.13,289.1,0.43,0.62,3
52.28632,-3.49646,2026-08-13T01:11:00+00:00,2026-08-13,111,N20,VIIRS,n,nominal,2.0NRT,4.23,N,VIIRS_NOAA20_NRT,True,299.78,288.41,0.59,0.7,66
52.28618,-3.50899,2026-08-13T01:11:00+00:00,2026-08-13,111,N20,VIIRS,n,nominal,2.0NRT,4.23,N,VIIRS_NOAA20_NRT,True,311.15,288.78,0.59,0.7,66
52.27979,-3.49639,2026-08-13T01:11:00+00:00,2026-08-13,111,N20,VIIRS,n,nominal,2.0NRT,4.23,N,VIIRS_NOAA20_NRT,True,321.14,291.22,0.59,0.7,66
52.27966,-3.5081,2026-08-13T01:11:00+00:00,2026-08-13,111,N20,VIIRS,n,nominal,2.0NRT,4.23,N,VIIRS_NOAA20_NRT,True,335.86,287.99,0.59,0.7,66
52.27954,-3.51829,2026-08-13T01:11:00+00:00,2026-08-13,111,N20,VIIRS,n,nominal,2.0NRT,5.12,N,VIIRS_NOAA20_NRT,True,311.16,285.61,0.6,0.7,66
52.09635,-3.77832,2026-08-13T01:11:00+00:00,2026-08-13,111,N20,VIIRS,n,nominal,2.0NRT,17.63,N,VIIRS_NOAA20_NRT,True,339.59,288.73,0.61,0.71,29
52.09622,-3.78968,2026-08-13T01:11:00+00:00,2026-08-13,111,N20,VIIRS,h,high,2.0NRT,17.63,N,VIIRS_NOAA20_NRT,True,367.0,293.6,0.61,0.71,29
52.0961,-3.79959,2026-08-13T01:11:00+00:00,2026-08-13,111,N20,VIIRS,n,nominal,2.0NRT,15.98,N,VIIRS_NOAA20_NRT,True,326.18,285.93,0.61,0.71,29
52.08987,-3.76766,2026-08-13T01:11:00+00:00,2026-08-13,111,N20,VIIRS,n,nominal,2.0NRT,7.62,N,VIIRS_NOAA20_NRT,True,318.3,288.13,0.61,0.71,29
52.08973,-3.77935,2026-08-13T01:11:00+00:00,2026-08-13,111,N20,VIIRS,h,high,2.0NRT,9.4,N,VIIRS_NOAA20_NRT,True,367.0,289.78,0.61,0.71,29
51.84314,-3.19418,2026-08-13T01:11:00+00:00,2026-08-13,111,N20,VIIRS,n,nominal,2.0NRT,10.03,N,VIIRS_NOAA20_NRT,True,335.37,293.09,0.58,0.69,1
52.08949,-3.80032,2026-08-13T01:11:00+00:00,2026-08-13,111,N20,VIIRS,n,nominal,2.0NRT,2.48,N,VIIRS_NOAA20_NRT,True,300.76,285.89,0.61,0.71,29
51.82365,-3.20815,2026-08-13T01:11:00+00:00,2026-08-13,111,N20,VIIRS,n,nominal,2.0NRT,2.75,N,VIIRS_NOAA20_NRT,True,329.88,292.7,0.58,0.69,1
51.82357,-3.21688,2026-08-13T01:11:00+00:00,2026-08-13,111,N20,VIIRS,n,nominal,2.0NRT,5.35,N,VIIRS_NOAA20_NRT,True,310.52,285.35,0.58,0.69,1
51.82349,-3.19456,2026-08-13T01:11:00+00:00,2026-08-13,111,N20,VIIRS,n,nominal,2.0NRT,1.6,N,VIIRS_NOAA20_NRT,True,296.71,285.95,0.58,0.69,1
51.82346,-3.20291,2026-08-13T01:11:00+00:00,2026-08-13,111,N20,VIIRS,n,nominal,2.0NRT,3.84,N,VIIRS_NOAA20_NRT,True,306.42,287.9,0.58,0.69,1
51.82342,-3.21141,2026-08-13T01:11:00+00:00,2026-08-13,111,N20,VIIRS,n,nominal,2.0NRT,3.84,N,VIIRS_NOAA20_NRT,True,335.01,290.57,0.58,0.69,1
51.81726,-3.20068,2026-08-13T01:11:00+00:00,2026-08-13,111,N20,VIIRS,n,nominal,2.0NRT,2.75,N,VIIRS_NOAA20_NRT,True,311.4,287.67,0.58,0.69,1
51.81718,-3.20914,2026-08-13T01:11:00+00:00,2026-08-13,111,N20,VIIRS,n,nominal,2.0NRT,2.75,N,VIIRS_NOAA20_NRT,True,296.84,285.32,0.58,0.69,1
51.81704,-3.1954,2026-08-13T01:11:00+00:00,2026-08-13,111,N20,VIIRS,n,nominal,2.0NRT,1.6,N,VIIRS_NOAA20_NRT,True,301.88,286.69,0.58,0.69,1
51.82373,-3.19976,2026-08-13T01:11:00+00:00,2026-08-13,111,N20,VIIRS,n,nominal,2.0NRT,2.75,N,VIIRS_NOAA20_NRT,True,299.27,286.34,0.58,0.69,1
51.817,-3.20385,2026-08-13T01:11:00+00:00,2026-08-13,111,N20,VIIRS,n,nominal,2.0NRT,3.84,N,VIIRS_NOAA20_NRT,True,306.21,285.72,0.58,0.69,1
51.75338,-3.06323,2026-08-13T01:11:00+00:00,2026-08-13,111,N20,VIIRS,n,nominal,2.0NRT,2.24,N,VIIRS_NOAA20_NRT,True,301.53,286.57,0.57,0.69,65
51.68433,-5.03223,2026-08-13T01:11:00+00:00,2026-08-13,111,N20,VIIRS,n,nominal,2.0NRT,1.21,N,VIIRS_NOAA20_NRT,True,300.11,288.18,0.69,0.74,9
51.5804,-3.72845,2026-08-13T01:11:00+00:00,2026-08-13,111,N20,VIIRS,n,nominal,2.0NRT,2.73,N,VIIRS_NOAA20_NRT,True,310.48,288.54,0.61,0.71,74
51.5803,-3.73883,2026-08-13T01:11:00+00:00,2026-08-13,111,N20,VIIRS,n,nominal,2.0NRT,2.73,N,VIIRS_NOAA20_NRT,True,314.5,289.31,0.61,0.71,74
50.61404,1.58748,2026-08-13T01:11:00+00:00,2026-08-13,111,N20,VIIRS,n,nominal,2.0NRT,1.7,N,VIIRS_NOAA20_NRT,False,308.96,295.14,0.35,0.57,25
50.6134,1.58816,2026-08-13T01:11:00+00:00,2026-08-13,111,N20,VIIRS,n,nominal,2.0NRT,1.56,N,VIIRS_NOAA20_NRT,False,306.12,294.7,0.35,0.57,25
50.60375,1.58118,2026-08-13T01:11:00+00:00,2026-08-13,111,N20,VIIRS,n,nominal,2.0NRT,1.04,N,VIIRS_NOAA20_NRT,False,317.15,293.18,0.35,0.57,25
50.60354,1.58637,2026-08-13T01:11:00+00:00,2026-08-13,111,N20,VIIRS,n,nominal,2.0NRT,1.04,N,VIIRS_NOAA20_NRT,False,302.63,292.54,0.35,0.57,25
51.75343,-3.05416,2026-08-13T01:11:00+00:00,2026-08-13,111,N20,VIIRS,n,nominal,2.0NRT,2.24,N,VIIRS_NOAA20_NRT,True,318.67,289.46,0.57,0.69,65
51.82988,-3.21085,2026-08-13T01:11:00+00:00,2026-08-13,111,N20,VIIRS,n,nominal,2.0NRT,9.06,N,VIIRS_NOAA20_NRT,True,325.2,289.78,0.58,0.69,1
51.82992,-3.20214,2026-08-13T01:11:00+00:00,2026-08-13,111,N20,VIIRS,n,nominal,2.0NRT,9.06,N,VIIRS_NOAA20_NRT,True,314.86,290.21,0.58,0.69,1
51.82995,-3.19386,2026-08-13T01:11:00+00:00,2026-08-13,111,N20,VIIRS,n,nominal,2.0NRT,4.17,N,VIIRS_NOAA20_NRT,True,301.5,286.04,0.58,0.69,1
51.84307,-3.20218,2026-08-13T01:11:00+00:00,2026-08-13,111,N20,VIIRS,n,nominal,2.0NRT,8.64,N,VIIRS_NOAA20_NRT,True,334.97,292.5,0.58,0.69,1
51.84301,-3.21027,2026-08-13T01:11:00+00:00,2026-08-13,111,N20,VIIRS,n,nominal,2.0NRT,8.64,N,VIIRS_NOAA20_NRT,True,327.75,293.13,0.58,0.69,1
51.84295,-3.21811,2026-08-13T01:11:00+00:00,2026-08-13,111,N20,VIIRS,n,nominal,2.0NRT,7.43,N,VIIRS_NOAA20_NRT,True,326.86,289.82,0.58,0.69,1
51.84287,-3.1894,2026-08-13T01:11:00+00:00,2026-08-13,111,N20,VIIRS,n,nominal,2.0NRT,7.65,N,VIIRS_NOAA20_NRT,True,305.22,289.28,0.57,0.69,1
51.84284,-3.19708,2026-08-13T01:11:00+00:00,2026-08-13,111,N20,VIIRS,n,nominal,2.0NRT,7.65,N,VIIRS_NOAA20_NRT,True,346.67,295.07,0.58,0.69,1
51.84281,-3.20523,2026-08-13T01:11:00+00:00,2026-08-13,111,N20,VIIRS,n,nominal,2.0NRT,8.82,N,VIIRS_NOAA20_NRT,True,328.11,293.23,0.58,0.69,1
51.84278,-3.21323,2026-08-13T01:11:00+00:00,2026-08-13,111,N20,VIIRS,n,nominal,2.0NRT,8.82,N,VIIRS_NOAA20_NRT,True,331.76,292.6,0.58,0.69,1
51.84275,-3.22108,2026-08-13T01:11:00+00:00,2026-08-13,111,N20,VIIRS,n,nominal,2.0NRT,5.49,N,VIIRS_NOAA20_NRT,True,310.29,287.24,0.58,0.69,1
51.83671,-3.19129,2026-08-13T01:11:00+00:00,2026-08-13,111,N20,VIIRS,n,nominal,2.0NRT,4.59,N,VIIRS_NOAA20_NRT,True,309.04,288.12,0.58,0.69,1
51.83664,-3.19928,2026-08-13T01:11:00+00:00,2026-08-13,111,N20,VIIRS,n,nominal,2.0NRT,11.64,N,VIIRS_NOAA20_NRT,True,342.99,293.15,0.58,0.69,1
51.83657,-3.20768,2026-08-13T01:11:00+00:00,2026-08-13,111,N20,VIIRS,n,nominal,2.0NRT,11.64,N,VIIRS_NOAA20_NRT,True,355.46,297.96,0.58,0.69,1
51.8365,-3.21643,2026-08-13T01:11:00+00:00,2026-08-13,111,N20,VIIRS,n,nominal,2.0NRT,9.49,N,VIIRS_NOAA20_NRT,True,346.01,293.85,0.58,0.69,1
51.8364,-3.19429,2026-08-13T01:11:00+00:00,2026-08-13,111,N20,VIIRS,n,nominal,2.0NRT,4.17,N,VIIRS_NOAA20_NRT,True,325.69,288.25,0.58,0.69,1
51.83637,-3.20242,2026-08-13T01:11:00+00:00,2026-08-13,111,N20,VIIRS,n,nominal,2.0NRT,9.06,N,VIIRS_NOAA20_NRT,True,350.11,296.35,0.58,0.69,1
51.83633,-3.211,2026-08-13T01:11:00+00:00,2026-08-13,111,N20,VIIRS,n,nominal,2.0NRT,9.06,N,VIIRS_NOAA20_NRT,True,348.09,296.55,0.58,0.69,1
51.8363,-3.21963,2026-08-13T01:11:00+00:00,2026-08-13,111,N20,VIIRS,n,nominal,2.0NRT,11.21,N,VIIRS_NOAA20_NRT,True,331.24,287.86,0.58,0.69,1
51.83012,-3.20747,2026-08-13T01:11:00+00:00,2026-08-13,111,N20,VIIRS,n,nominal,2.0NRT,11.64,N,VIIRS_NOAA20_NRT,True,329.25,291.69,0.58,0.69,1
51.83004,-3.2163,2026-08-13T01:11:00+00:00,2026-08-13,111,N20,VIIRS,n,nominal,2.0NRT,9.49,N,VIIRS_NOAA20_NRT,True,310.09,285.94,0.58,0.69,1
51.82999,-3.18551,2026-08-13T01:11:00+00:00,2026-08-13,111,N20,VIIRS,n,nominal,2.0NRT,4.17,N,VIIRS_NOAA20_NRT,True,301.96,287.08,0.57,0.69,1
52.0896,-3.79082,2026-08-13T01:11:00+00:00,2026-08-13,111,N20,VIIRS,n,nominal,2.0NRT,9.4,N,VIIRS_NOAA20_NRT,True,323.39,286.37,0.61,0.71,29
51.83026,-3.19067,2026-08-13T01:11:00+00:00,2026-08-13,111,N20,VIIRS,n,nominal,2.0NRT,4.59,N,VIIRS_NOAA20_NRT,True,313.0,287.07,0.58,0.69,1
53.68479,-6.38538,2026-08-13T01:56:00+00:00,2026-08-13,156,N21,VIIRS,n,nominal,2.0NRT,0.72,N,VIIRS_NOAA21_NRT,False,299.96,288.03,0.47,0.48,75
52.48283,-0.23258,2026-08-13T01:56:00+00:00,2026-08-13,156,N21,VIIRS,n,nominal,2.0NRT,7.33,N,VIIRS_NOAA21_NRT,False,342.4,302.34,0.43,0.38,3
52.4794,-0.23371,2026-08-13T01:56:00+00:00,2026-08-13,156,N21,VIIRS,n,nominal,2.0NRT,0.75,N,VIIRS_NOAA21_NRT,False,301.04,287.13,0.43,0.38,3
53.63404,-0.24679,2026-08-13T01:56:00+00:00,2026-08-13,156,N21,VIIRS,n,nominal,2.0NRT,3.14,N,VIIRS_NOAA21_NRT,False,307.97,293.42,0.44,0.38,73
53.63327,-0.24026,2026-08-13T01:56:00+00:00,2026-08-13,156,N21,VIIRS,n,nominal,2.0NRT,1.67,N,VIIRS_NOAA21_NRT,False,309.84,290.68,0.44,0.38,73
53.57944,-0.61625,2026-08-13T01:56:00+00:00,2026-08-13,156,N21,VIIRS,n,nominal,2.0NRT,1.76,N,VIIRS_NOAA21_NRT,False,315.04,290.22,0.45,0.39,12
53.5701,-0.59853,2026-08-13T01:56:00+00:00,2026-08-13,156,N21,VIIRS,n,nominal,2.0NRT,1.17,N,VIIRS_NOAA21_NRT,False,303.34,289.62,0.45,0.39,12
53.56933,-0.59181,2026-08-13T01:56:00+00:00,2026-08-13,156,N21,VIIRS,n,nominal,2.0NRT,1.17,N,VIIRS_NOAA21_NRT,False,311.65,288.79,0.45,0.39,12
53.5802,-0.62291,2026-08-13T01:56:00+00:00,2026-08-13,156,N21,VIIRS,n,nominal,2.0NRT,1.76,N,VIIRS_NOAA21_NRT,False,308.41,289.32,0.45,0.39,12
53.56581,-0.59296,2026-08-13T01:56:00+00:00,2026-08-13,156,N21,VIIRS,n,nominal,2.0NRT,2.81,N,VIIRS_NOAA21_NRT,False,331.62,290.14,0.45,0.39,12
53.54997,-1.94009,2026-08-13T01:56:00+00:00,2026-08-13,156,N21,VIIRS,n,nominal,2.0NRT,0.99,N,VIIRS_NOAA21_NRT,False,302.0,290.01,0.49,0.4,76
53.42966,-1.65116,2026-08-13T01:56:00+00:00,2026-08-13,156,N21,VIIRS,n,nominal,2.0NRT,2.0,N,VIIRS_NOAA21_NRT,False,312.56,290.67,0.47,0.4,52
53.33627,-1.75276,2026-08-13T01:56:00+00:00,2026-08-13,156,N21,VIIRS,n,nominal,2.0NRT,0.92,N,VIIRS_NOAA21_NRT,False,300.38,288.16,0.48,0.4,77
52.64079,-0.54543,2026-08-13T01:56:00+00:00,2026-08-13,156,N21,VIIRS,n,nominal,2.0NRT,0.56,N,VIIRS_NOAA21_NRT,False,299.69,289.31,0.43,0.38,78
53.5666,-0.59967,2026-08-13T01:56:00+00:00,2026-08-13,156,N21,VIIRS,n,nominal,2.0NRT,2.81,N,VIIRS_NOAA21_NRT,False,306.32,291.06,0.45,0.39,12
51.84165,-3.19335,2026-08-13T01:58:00+00:00,2026-08-13,158,N21,VIIRS,n,nominal,2.0NRT,5.75,N,VIIRS_NOAA21_NRT,True,350.97,300.6,0.51,0.41,1
52.08607,-3.77255,2026-08-13T01:58:00+00:00,2026-08-13,158,N21,VIIRS,n,nominal,2.0NRT,3.98,N,VIIRS_NOAA21_NRT,True,341.93,291.31,0.54,0.42,29
52.08302,-3.78209,2026-08-13T01:58:00+00:00,2026-08-13,158,N21,VIIRS,n,nominal,2.0NRT,3.98,N,VIIRS_NOAA21_NRT,True,301.7,291.21,0.54,0.42,29
51.84621,-3.20029,2026-08-13T01:58:00+00:00,2026-08-13,158,N21,VIIRS,n,nominal,2.0NRT,5.75,N,VIIRS_NOAA21_NRT,True,303.71,292.26,0.51,0.41,1
51.84546,-3.19292,2026-08-13T01:58:00+00:00,2026-08-13,158,N21,VIIRS,n,nominal,2.0NRT,5.75,N,VIIRS_NOAA21_NRT,True,335.53,293.4,0.51,0.41,1
51.84314,-3.20813,2026-08-13T01:58:00+00:00,2026-08-13,158,N21,VIIRS,n,nominal,2.0NRT,2.64,N,VIIRS_NOAA21_NRT,True,304.28,292.73,0.51,0.41,1
51.84239,-3.20073,2026-08-13T01:58:00+00:00,2026-08-13,158,N21,VIIRS,n,nominal,2.0NRT,5.75,N,VIIRS_NOAA21_NRT,True,327.63,296.0,0.51,0.41,1
51.84007,-3.21601,2026-08-13T01:58:00+00:00,2026-08-13,158,N21,VIIRS,n,nominal,2.0NRT,13.44,N,VIIRS_NOAA21_NRT,True,346.16,300.62,0.51,0.41,1
51.83479,-3.20188,2026-08-13T01:58:00+00:00,2026-08-13,158,N21,VIIRS,n,nominal,2.0NRT,16.91,N,VIIRS_NOAA21_NRT,True,352.65,305.24,0.51,0.41,1
51.83857,-3.20108,2026-08-13T01:58:00+00:00,2026-08-13,158,N21,VIIRS,h,high,2.0NRT,16.91,N,VIIRS_NOAA21_NRT,True,367.0,311.67,0.51,0.41,1
51.83783,-3.19377,2026-08-13T01:58:00+00:00,2026-08-13,158,N21,VIIRS,h,high,2.0NRT,16.91,N,VIIRS_NOAA21_NRT,True,367.0,309.37,0.51,0.41,1
51.83711,-3.18663,2026-08-13T01:58:00+00:00,2026-08-13,158,N21,VIIRS,n,nominal,2.0NRT,2.65,N,VIIRS_NOAA21_NRT,True,319.16,292.43,0.51,0.41,1
51.83628,-3.21674,2026-08-13T01:58:00+00:00,2026-08-13,158,N21,VIIRS,n,nominal,2.0NRT,13.44,N,VIIRS_NOAA21_NRT,True,346.79,301.7,0.51,0.41,1
51.83553,-3.20929,2026-08-13T01:58:00+00:00,2026-08-13,158,N21,VIIRS,n,nominal,2.0NRT,13.44,N,VIIRS_NOAA21_NRT,True,350.14,304.97,0.51,0.41,1
52.08684,-3.78073,2026-08-13T01:58:00+00:00,2026-08-13,158,N21,VIIRS,n,nominal,2.0NRT,3.98,N,VIIRS_NOAA21_NRT,True,313.31,289.55,0.54,0.42,29
51.83405,-3.19454,2026-08-13T01:58:00+00:00,2026-08-13,158,N21,VIIRS,n,nominal,2.0NRT,16.91,N,VIIRS_NOAA21_NRT,True,307.58,289.67,0.51,0.41,1
51.83332,-3.18727,2026-08-13T01:58:00+00:00,2026-08-13,158,N21,VIIRS,n,nominal,2.0NRT,2.65,N,VIIRS_NOAA21_NRT,True,300.3,289.59,0.51,0.41,1
51.83932,-3.2086,2026-08-13T01:58:00+00:00,2026-08-13,158,N21,VIIRS,n,nominal,2.0NRT,13.44,N,VIIRS_NOAA21_NRT,True,353.02,306.83,0.51,0.41,1
52.08837,-3.79701,2026-08-13T01:58:00+00:00,2026-08-13,158,N21,VIIRS,n,nominal,2.0NRT,5.11,N,VIIRS_NOAA21_NRT,True,328.48,288.43,0.54,0.42,29
52.09837,-3.77733,2026-08-13T01:58:00+00:00,2026-08-13,158,N21,VIIRS,n,nominal,2.0NRT,0.92,N,VIIRS_NOAA21_NRT,True,300.91,286.68,0.54,0.42,29
52.09067,-3.77941,2026-08-13T01:58:00+00:00,2026-08-13,158,N21,VIIRS,n,nominal,2.0NRT,12.68,N,VIIRS_NOAA21_NRT,True,350.39,297.55,0.54,0.42,29
52.52737,-6.9053,2026-08-13T01:58:00+00:00,2026-08-13,158,N21,VIIRS,n,nominal,2.0NRT,0.3,N,VIIRS_NOAA21_NRT,False,295.14,284.48,0.48,0.48,79
52.29075,-3.49839,2026-08-13T01:58:00+00:00,2026-08-13,158,N21,VIIRS,n,nominal,2.0NRT,2.68,N,VIIRS_NOAA21_NRT,True,308.98,288.55,0.53,0.42,66
52.28772,-3.50761,2026-08-13T01:58:00+00:00,2026-08-13,158,N21,VIIRS,n,nominal,2.0NRT,2.68,N,VIIRS_NOAA21_NRT,True,313.49,288.44,0.53,0.42,66
52.2869,-3.4991,2026-08-13T01:58:00+00:00,2026-08-13,158,N21,VIIRS,n,nominal,2.0NRT,2.68,N,VIIRS_NOAA21_NRT,True,318.78,293.34,0.53,0.42,66
52.28537,-3.4832,2026-08-13T01:58:00+00:00,2026-08-13,158,N21,VIIRS,n,nominal,2.0NRT,3.22,N,VIIRS_NOAA21_NRT,True,308.8,291.0,0.53,0.42,66
52.28389,-3.50852,2026-08-13T01:58:00+00:00,2026-08-13,158,N21,VIIRS,n,nominal,2.0NRT,8.78,N,VIIRS_NOAA21_NRT,True,328.19,292.21,0.53,0.42,66
52.28307,-3.49997,2026-08-13T01:58:00+00:00,2026-08-13,158,N21,VIIRS,n,nominal,2.0NRT,8.78,N,VIIRS_NOAA21_NRT,True,325.88,296.32,0.53,0.42,66
52.2823,-3.49194,2026-08-13T01:58:00+00:00,2026-08-13,158,N21,VIIRS,n,nominal,2.0NRT,2.63,N,VIIRS_NOAA21_NRT,True,308.69,292.07,0.53,0.42,66
52.08989,-3.77118,2026-08-13T01:58:00+00:00,2026-08-13,158,N21,VIIRS,n,nominal,2.0NRT,12.68,N,VIIRS_NOAA21_NRT,True,352.36,294.88,0.54,0.42,29
52.28006,-3.50948,2026-08-13T01:58:00+00:00,2026-08-13,158,N21,VIIRS,n,nominal,2.0NRT,8.78,N,VIIRS_NOAA21_NRT,True,337.9,294.19,0.53,0.42,66
52.2785,-3.49319,2026-08-13T01:58:00+00:00,2026-08-13,158,N21,VIIRS,n,nominal,2.0NRT,2.63,N,VIIRS_NOAA21_NRT,True,312.11,292.18,0.53,0.42,66
52.27547,-3.50242,2026-08-13T01:58:00+00:00,2026-08-13,158,N21,VIIRS,n,nominal,2.0NRT,20.09,N,VIIRS_NOAA21_NRT,True,340.11,296.71,0.53,0.42,66
52.27471,-3.49451,2026-08-13T01:58:00+00:00,2026-08-13,158,N21,VIIRS,n,nominal,2.0NRT,5.44,N,VIIRS_NOAA21_NRT,True,309.59,290.07,0.53,0.42,66
51.83252,-3.21768,2026-08-13T01:58:00+00:00,2026-08-13,158,N21,VIIRS,n,nominal,2.0NRT,6.73,N,VIIRS_NOAA21_NRT,True,311.85,290.7,0.51,0.41,1
52.09528,-3.78652,2026-08-13T01:58:00+00:00,2026-08-13,158,N21,VIIRS,n,nominal,2.0NRT,22.96,N,VIIRS_NOAA21_NRT,True,329.64,290.19,0.54,0.42,29
52.0945,-3.77821,2026-08-13T01:58:00+00:00,2026-08-13,158,N21,VIIRS,n,nominal,2.0NRT,12.68,N,VIIRS_NOAA21_NRT,True,342.61,291.23,0.54,0.42,29
52.09223,-3.79599,2026-08-13T01:58:00+00:00,2026-08-13,158,N21,VIIRS,n,nominal,2.0NRT,22.96,N,VIIRS_NOAA21_NRT,True,315.66,288.9,0.54,0.42,29
52.09145,-3.78777,2026-08-13T01:58:00+00:00,2026-08-13,158,N21,VIIRS,n,nominal,2.0NRT,22.96,N,VIIRS_NOAA21_NRT,True,347.41,306.82,0.54,0.42,29
52.27925,-3.50101,2026-08-13T01:58:00+00:00,2026-08-13,158,N21,VIIRS,n,nominal,2.0NRT,8.78,N,VIIRS_NOAA21_NRT,True,321.86,294.25,0.53,0.42,66
51.83178,-3.21026,2026-08-13T01:58:00+00:00,2026-08-13,158,N21,VIIRS,n,nominal,2.0NRT,6.73,N,VIIRS_NOAA21_NRT,True,348.68,305.56,0.51,0.41,1
52.09371,-3.76986,2026-08-13T01:58:00+00:00,2026-08-13,158,N21,VIIRS,n,nominal,2.0NRT,12.68,N,VIIRS_NOAA21_NRT,True,301.87,289.56,0.54,0.42,29
51.82955,-3.18815,2026-08-13T01:58:00+00:00,2026-08-13,158,N21,VIIRS,n,nominal,2.0NRT,5.08,N,VIIRS_NOAA21_NRT,True,306.43,290.03,0.51,0.41,1
51.83103,-3.20282,2026-08-13T01:58:00+00:00,2026-08-13,158,N21,VIIRS,n,nominal,2.0NRT,5.64,N,VIIRS_NOAA21_NRT,True,346.69,301.61,0.51,0.41,1
51.75006,-3.0514,2026-08-13T01:58:00+00:00,2026-08-13,158,N21,VIIRS,n,nominal,2.0NRT,5.56,N,VIIRS_NOAA21_NRT,True,304.3,289.72,0.5,0.41,65
51.68301,-5.03283,2026-08-13T01:58:00+00:00,2026-08-13,158,N21,VIIRS,n,nominal,2.0NRT,1.84,N,VIIRS_NOAA21_NRT,True,303.93,292.63,0.4,0.44,9
51.68251,-5.02701,2026-08-13T01:58:00+00:00,2026-08-13,158,N21,VIIRS,n,nominal,2.0NRT,1.57,N,VIIRS_NOAA21_NRT,True,302.75,292.09,0.4,0.44,9
51.63015,-3.15743,2026-08-13T01:58:00+00:00,2026-08-13,158,N21,VIIRS,n,nominal,2.0NRT,1.23,N,VIIRS_NOAA21_NRT,True,300.45,290.01,0.51,0.41,80
51.58041,-3.73687,2026-08-13T01:58:00+00:00,2026-08-13,158,N21,VIIRS,n,nominal,2.0NRT,10.74,N,VIIRS_NOAA21_NRT,True,311.18,293.89,0.53,0.42,74
51.57963,-3.72895,2026-08-13T01:58:00+00:00,2026-08-13,158,N21,VIIRS,n,nominal,2.0NRT,10.74,N,VIIRS_NOAA21_NRT,True,341.25,295.41,0.53,0.42,74
51.5766,-3.73802,2026-08-13T01:58:00+00:00,2026-08-13,158,N21,VIIRS,n,nominal,2.0NRT,1.27,N,VIIRS_NOAA21_NRT,True,304.42,292.46,0.53,0.42,74
51.57584,-3.7302,2026-08-13T01:58:00+00:00,2026-08-13,158,N21,VIIRS,n,nominal,2.0NRT,1.27,N,VIIRS_NOAA21_NRT,True,306.86,290.51,0.53,0.42,74
51.39614,-3.39276,2026-08-13T01:58:00+00:00,2026-08-13,158,N21,VIIRS,n,nominal,2.0NRT,1.29,N,VIIRS_NOAA21_NRT,True,309.58,289.85,0.51,0.41,81
51.31516,-0.78267,2026-08-13T01:58:00+00:00,2026-08-13,158,N21,VIIRS,n,nominal,2.0NRT,0.42,N,VIIRS_NOAA21_NRT,False,300.58,290.18,0.43,0.38,82
50.84169,1.69212,2026-08-13T01:58:00+00:00,2026-08-13,158,N21,VIIRS,n,nominal,2.0NRT,0.41,N,VIIRS_NOAA21_NRT,False,299.31,287.73,0.39,0.36,83
50.6139,1.58728,2026-08-13T01:58:00+00:00,2026-08-13,158,N21,VIIRS,n,nominal,2.0NRT,5.85,N,VIIRS_NOAA21_NRT,False,342.35,298.6,0.39,0.36,25
50.60411,1.58373,2026-08-13T01:58:00+00:00,2026-08-13,158,N21,VIIRS,n,nominal,2.0NRT,4.94,N,VIIRS_NOAA21_NRT,False,336.32,297.46,0.39,0.36,25
50.60085,1.58254,2026-08-13T01:58:00+00:00,2026-08-13,158,N21,VIIRS,n,nominal,2.0NRT,1.93,N,VIIRS_NOAA21_NRT,False,325.36,293.32,0.39,0.36,25
50.59758,1.58135,2026-08-13T01:58:00+00:00,2026-08-13,158,N21,VIIRS,n,nominal,2.0NRT,1.93,N,VIIRS_NOAA21_NRT,False,305.03,293.69,0.39,0.36,25
50.10213,-5.65985,2026-08-13T01:58:00+00:00,2026-08-13,158,N21,VIIRS,n,nominal,2.0NRT,1.36,N,VIIRS_NOAA21_NRT,False,307.41,291.97,0.4,0.44,27
51.7506,-3.05216,2026-08-13T01:58:00+00:00,2026-08-13,158,N21,VIIRS,n,nominal,2.0NRT,7.19,N,VIIRS_NOAA21_NRT,True,317.3,292.23,0.5,0.41,65
51.75377,-3.0502,2026-08-13T01:58:00+00:00,2026-08-13,158,N21,VIIRS,n,nominal,2.0NRT,5.56,N,VIIRS_NOAA21_NRT,True,332.75,295.65,0.5,0.41,65
51.75431,-3.05095,2026-08-13T01:58:00+00:00,2026-08-13,158,N21,VIIRS,n,nominal,2.0NRT,7.19,N,VIIRS_NOAA21_NRT,True,334.68,296.11,0.5,0.41,65
51.82052,-3.21344,2026-08-13T01:58:00+00:00,2026-08-13,158,N21,VIIRS,n,nominal,2.0NRT,5.15,N,VIIRS_NOAA21_NRT,True,317.59,291.0,0.51,0.41,1
51.82654,-3.19656,2026-08-13T01:58:00+00:00,2026-08-13,158,N21,VIIRS,n,nominal,2.0NRT,5.64,N,VIIRS_NOAA21_NRT,True,300.15,289.03,0.51,0.41,1
51.8258,-3.18918,2026-08-13T01:58:00+00:00,2026-08-13,158,N21,VIIRS,n,nominal,2.0NRT,5.08,N,VIIRS_NOAA21_NRT,True,337.0,295.92,0.51,0.41,1
51.82427,-3.21234,2026-08-13T01:58:00+00:00,2026-08-13,158,N21,VIIRS,n,nominal,2.0NRT,5.15,N,VIIRS_NOAA21_NRT,True,333.07,294.48,0.51,0.41,1
51.82353,-3.20497,2026-08-13T01:58:00+00:00,2026-08-13,158,N21,VIIRS,n,nominal,2.0NRT,4.9,N,VIIRS_NOAA21_NRT,True,334.95,294.29,0.51,0.41,1
51.8228,-3.19769,2026-08-13T01:58:00+00:00,2026-08-13,158,N21,VIIRS,n,nominal,2.0NRT,4.9,N,VIIRS_NOAA21_NRT,True,300.2,288.3,0.51,0.41,1
51.82206,-3.1903,2026-08-13T01:58:00+00:00,2026-08-13,158,N21,VIIRS,n,nominal,2.0NRT,1.14,N,VIIRS_NOAA21_NRT,True,299.39,288.54,0.51,0.41,1
51.82131,-3.18284,2026-08-13T01:58:00+00:00,2026-08-13,158,N21,VIIRS,n,nominal,2.0NRT,1.14,N,VIIRS_NOAA21_NRT,True,298.86,288.34,0.51,0.41,1
51.75457,-3.05782,2026-08-13T01:58:00+00:00,2026-08-13,158,N21,VIIRS,n,nominal,2.0NRT,10.89,N,VIIRS_NOAA21_NRT,True,327.66,293.78,0.5,0.41,65
51.81979,-3.20609,2026-08-13T01:58:00+00:00,2026-08-13,158,N21,VIIRS,n,nominal,2.0NRT,4.9,N,VIIRS_NOAA21_NRT,True,342.56,300.15,0.51,0.41,1
51.81905,-3.19879,2026-08-13T01:58:00+00:00,2026-08-13,158,N21,VIIRS,n,nominal,2.0NRT,4.9,N,VIIRS_NOAA21_NRT,True,320.8,292.51,0.51,0.41,1
51.81757,-3.18401,2026-08-13T01:58:00+00:00,2026-08-13,158,N21,VIIRS,n,nominal,2.0NRT,1.14,N,VIIRS_NOAA21_NRT,True,303.65,288.71,0.51,0.41,1
51.81604,-3.20724,2026-08-13T01:58:00+00:00,2026-08-13,158,N21,VIIRS,n,nominal,2.0NRT,1.52,N,VIIRS_NOAA21_NRT,True,298.13,287.46,0.51,0.41,1
51.81531,-3.1999,2026-08-13T01:58:00+00:00,2026-08-13,158,N21,VIIRS,n,nominal,2.0NRT,1.52,N,VIIRS_NOAA21_NRT,True,315.8,290.92,0.51,0.41,1
51.81458,-3.19255,2026-08-13T01:58:00+00:00,2026-08-13,158,N21,VIIRS,n,nominal,2.0NRT,1.31,N,VIIRS_NOAA21_NRT,True,308.62,288.67,0.51,0.41,1
51.81157,-3.201,2026-08-13T01:58:00+00:00,2026-08-13,158,N21,VIIRS,n,nominal,2.0NRT,1.52,N,VIIRS_NOAA21_NRT,True,298.6,288.07,0.51,0.41,1
51.77562,-3.33853,2026-08-13T01:58:00+00:00,2026-08-13,158,N21,VIIRS,n,nominal,2.0NRT,2.81,N,VIIRS_NOAA21_NRT,True,309.03,290.71,0.52,0.41,6
51.75507,-3.0586,2026-08-13T01:58:00+00:00,2026-08-13,158,N21,VIIRS,n,nominal,2.0NRT,7.19,N,VIIRS_NOAA21_NRT,True,327.7,290.09,0.5,0.41,65
51.82727,-3.20385,2026-08-13T01:58:00+00:00,2026-08-13,158,N21,VIIRS,n,nominal,2.0NRT,5.64,N,VIIRS_NOAA21_NRT,True,328.75,295.58,0.51,0.41,1
51.82801,-3.21125,2026-08-13T01:58:00+00:00,2026-08-13,158,N21,VIIRS,n,nominal,2.0NRT,6.73,N,VIIRS_NOAA21_NRT,True,321.06,293.31,0.51,0.41,1
53.63584,-0.24425,2026-08-13T02:32:00+00:00,2026-08-13,232,N,VIIRS,n,nominal,2.0NRT,1.34,N,VIIRS_SNPP_NRT,False,306.01,290.56,0.39,0.36,73
53.88786,-2.38143,2026-08-13T02:32:00+00:00,2026-08-13,232,N,VIIRS,n,nominal,2.0NRT,0.88,N,VIIRS_SNPP_NRT,False,303.95,289.94,0.38,0.36,84
52.4802,-0.23239,2026-08-13T02:32:00+00:00,2026-08-13,232,N,VIIRS,n,nominal,2.0NRT,1.94,N,VIIRS_SNPP_NRT,False,316.77,288.89,0.4,0.37,3
56.00969,-3.67313,2026-08-13T02:32:00+00:00,2026-08-13,232,N,VIIRS,n,nominal,2.0NRT,3.5,N,VIIRS_SNPP_NRT,False,330.47,273.28,0.4,0.37,85
56.09657,-3.30457,2026-08-13T02:32:00+00:00,2026-08-13,232,N,VIIRS,n,nominal,2.0NRT,0.82,N,VIIRS_SNPP_NRT,False,296.64,280.07,0.4,0.37,86
53.57977,-0.61687,2026-08-13T02:32:00+00:00,2026-08-13,232,N,VIIRS,n,nominal,2.0NRT,0.83,N,VIIRS_SNPP_NRT,False,306.63,289.92,0.39,0.36,12
54.80296,-1.81215,2026-08-13T02:32:00+00:00,2026-08-13,232,N,VIIRS,n,nominal,2.0NRT,0.42,N,VIIRS_SNPP_NRT,False,297.56,287.54,0.38,0.36,87
53.56929,-0.59707,2026-08-13T02:32:00+00:00,2026-08-13,232,N,VIIRS,n,nominal,2.0NRT,1.75,N,VIIRS_SNPP_NRT,False,310.19,290.52,0.39,0.36,12
53.63259,-0.24587,2026-08-13T02:32:00+00:00,2026-08-13,232,N,VIIRS,n,nominal,2.0NRT,2.23,N,VIIRS_SNPP_NRT,False,312.36,292.6,0.39,0.36,73
53.56604,-0.59865,2026-08-13T02:32:00+00:00,2026-08-13,232,N,VIIRS,n,nominal,2.0NRT,1.75,N,VIIRS_SNPP_NRT,False,327.41,290.9,0.39,0.36,12
53.54841,-1.93697,2026-08-13T02:32:00+00:00,2026-08-13,232,N,VIIRS,n,nominal,2.0NRT,0.67,N,VIIRS_SNPP_NRT,False,301.58,289.65,0.38,0.36,76
53.42967,-1.65209,2026-08-13T02:32:00+00:00,2026-08-13,232,N,VIIRS,n,nominal,2.0NRT,1.86,N,VIIRS_SNPP_NRT,False,313.93,290.69,0.38,0.36,52
53.33988,-1.75469,2026-08-13T02:32:00+00:00,2026-08-13,232,N,VIIRS,n,nominal,2.0NRT,0.59,N,VIIRS_SNPP_NRT,False,308.88,288.05,0.38,0.36,77
53.26351,-1.85722,2026-08-13T02:32:00+00:00,2026-08-13,232,N,VIIRS,n,nominal,2.0NRT,0.72,N,VIIRS_SNPP_NRT,False,304.25,288.98,0.38,0.36,88
52.48453,-0.23653,2026-08-13T02:32:00+00:00,2026-08-13,232,N,VIIRS,n,nominal,2.0NRT,1.94,N,VIIRS_SNPP_NRT,False,306.68,290.17,0.4,0.37,3
52.48348,-0.23079,2026-08-13T02:32:00+00:00,2026-08-13,232,N,VIIRS,n,nominal,2.0NRT,1.94,N,VIIRS_SNPP_NRT,False,334.83,299.7,0.4,0.37,3
52.48125,-0.23813,2026-08-13T02:32:00+00:00,2026-08-13,232,N,VIIRS,n,nominal,2.0NRT,1.94,N,VIIRS_SNPP_NRT,False,296.84,285.63,0.4,0.37,3
53.56829,-0.59134,2026-08-13T02:32:00+00:00,2026-08-13,232,N,VIIRS,n,nominal,2.0NRT,4.04,N,VIIRS_SNPP_NRT,False,337.04,290.31,0.39,0.36,12
51.8197,-3.20469,2026-08-13T02:34:00+00:00,2026-08-13,234,N,VIIRS,n,nominal,2.0NRT,5.34,N,VIIRS_SNPP_NRT,True,332.43,296.4,0.38,0.36,1
51.81949,-3.18146,2026-08-13T02:34:00+00:00,2026-08-13,234,N,VIIRS,n,nominal,2.0NRT,0.83,N,VIIRS_SNPP_NRT,True,299.2,287.11,0.38,0.36,1
51.81884,-3.19922,2026-08-13T02:34:00+00:00,2026-08-13,234,N,VIIRS,n,nominal,2.0NRT,1.45,N,VIIRS_SNPP_NRT,True,328.04,294.69,0.38,0.36,1
51.81472,-3.19509,2026-08-13T02:34:00+00:00,2026-08-13,234,N,VIIRS,n,nominal,2.0NRT,1.4,N,VIIRS_SNPP_NRT,True,318.37,291.42,0.38,0.36,1
51.81645,-3.20603,2026-08-13T02:34:00+00:00,2026-08-13,234,N,VIIRS,n,nominal,2.0NRT,0.81,N,VIIRS_SNPP_NRT,True,299.96,287.03,0.38,0.36,1
51.81559,-3.20056,2026-08-13T02:34:00+00:00,2026-08-13,234,N,VIIRS,n,nominal,2.0NRT,1.4,N,VIIRS_SNPP_NRT,True,317.41,290.3,0.38,0.36,1
51.82035,-3.18694,2026-08-13T02:34:00+00:00,2026-08-13,234,N,VIIRS,n,nominal,2.0NRT,0.83,N,VIIRS_SNPP_NRT,True,299.8,287.51,0.38,0.36,1
51.81797,-3.19375,2026-08-13T02:34:00+00:00,2026-08-13,234,N,VIIRS,n,nominal,2.0NRT,1.45,N,VIIRS_SNPP_NRT,True,299.1,288.36,0.38,0.36,1
51.82056,-3.21016,2026-08-13T02:34:00+00:00,2026-08-13,234,N,VIIRS,n,nominal,2.0NRT,5.34,N,VIIRS_SNPP_NRT,True,344.38,298.0,0.38,0.36,1
51.82381,-3.20883,2026-08-13T02:34:00+00:00,2026-08-13,234,N,VIIRS,n,nominal,2.0NRT,5.34,N,VIIRS_SNPP_NRT,True,355.96,302.7,0.38,0.36,1
51.82295,-3.20335,2026-08-13T02:34:00+00:00,2026-08-13,234,N,VIIRS,n,nominal,2.0NRT,5.34,N,VIIRS_SNPP_NRT,True,318.4,291.92,0.38,0.36,1
51.8236,-3.1856,2026-08-13T02:34:00+00:00,2026-08-13,234,N,VIIRS,n,nominal,2.0NRT,2.1,N,VIIRS_SNPP_NRT,True,298.1,287.61,0.38,0.36,1
51.81234,-3.2019,2026-08-13T02:34:00+00:00,2026-08-13,234,N,VIIRS,n,nominal,2.0NRT,1.4,N,VIIRS_SNPP_NRT,True,297.13,286.08,0.38,0.36,1
51.82447,-3.19107,2026-08-13T02:34:00+00:00,2026-08-13,234,N,VIIRS,n,nominal,2.0NRT,1.84,N,VIIRS_SNPP_NRT,True,310.21,290.28,0.38,0.36,1
51.82468,-3.2143,2026-08-13T02:34:00+00:00,2026-08-13,234,N,VIIRS,n,nominal,2.0NRT,2.13,N,VIIRS_SNPP_NRT,True,310.81,288.32,0.38,0.36,1
51.82533,-3.19654,2026-08-13T02:34:00+00:00,2026-08-13,234,N,VIIRS,n,nominal,2.0NRT,1.84,N,VIIRS_SNPP_NRT,True,300.88,288.8,0.38,0.36,1
51.82619,-3.20202,2026-08-13T02:34:00+00:00,2026-08-13,234,N,VIIRS,n,nominal,2.0NRT,4.02,N,VIIRS_SNPP_NRT,True,316.27,292.29,0.38,0.36,1
51.82685,-3.18426,2026-08-13T02:34:00+00:00,2026-08-13,234,N,VIIRS,n,nominal,2.0NRT,2.1,N,VIIRS_SNPP_NRT,True,330.38,294.9,0.38,0.36,1
51.82706,-3.20749,2026-08-13T02:34:00+00:00,2026-08-13,234,N,VIIRS,n,nominal,2.0NRT,4.02,N,VIIRS_SNPP_NRT,True,345.59,299.24,0.38,0.36,1
51.82771,-3.18973,2026-08-13T02:34:00+00:00,2026-08-13,234,N,VIIRS,n,nominal,2.0NRT,1.84,N,VIIRS_SNPP_NRT,True,321.01,291.83,0.38,0.36,1
51.82208,-3.19788,2026-08-13T02:34:00+00:00,2026-08-13,234,N,VIIRS,n,nominal,2.0NRT,1.45,N,VIIRS_SNPP_NRT,True,298.92,287.79,0.38,0.36,1
51.77756,-3.33263,2026-08-13T02:34:00+00:00,2026-08-13,234,N,VIIRS,n,nominal,2.0NRT,0.38,N,VIIRS_SNPP_NRT,True,299.04,287.25,0.38,0.36,6
51.75471,-3.05675,2026-08-13T02:34:00+00:00,2026-08-13,234,N,VIIRS,n,nominal,2.0NRT,6.43,N,VIIRS_SNPP_NRT,True,328.75,293.83,0.38,0.36,65
51.77514,-3.33468,2026-08-13T02:34:00+00:00,2026-08-13,234,N,VIIRS,n,nominal,2.0NRT,1.11,N,VIIRS_SNPP_NRT,True,310.19,290.2,0.38,0.36,6
50.10087,-5.66011,2026-08-13T02:34:00+00:00,2026-08-13,234,N,VIIRS,n,nominal,2.0NRT,1.75,N,VIIRS_SNPP_NRT,False,309.82,290.13,0.39,0.37,27
50.604,1.58622,2026-08-13T02:34:00+00:00,2026-08-13,234,N,VIIRS,n,nominal,2.0NRT,2.2,N,VIIRS_SNPP_NRT,False,318.19,293.54,0.47,0.39,25
50.61448,1.5915,2026-08-13T02:34:00+00:00,2026-08-13,234,N,VIIRS,n,nominal,2.0NRT,2.63,N,VIIRS_SNPP_NRT,False,319.82,294.77,0.47,0.39,25
50.61577,1.58524,2026-08-13T02:34:00+00:00,2026-08-13,234,N,VIIRS,n,nominal,2.0NRT,2.58,N,VIIRS_SNPP_NRT,False,322.93,294.71,0.46,0.39,25
50.83147,-1.36445,2026-08-13T02:34:00+00:00,2026-08-13,234,N,VIIRS,n,nominal,2.0NRT,2.04,N,VIIRS_SNPP_NRT,False,306.88,294.59,0.4,0.37,89
51.31635,-0.78441,2026-08-13T02:34:00+00:00,2026-08-13,234,N,VIIRS,n,nominal,2.0NRT,0.61,N,VIIRS_SNPP_NRT,False,302.15,289.23,0.4,0.37,82
51.39642,-3.39247,2026-08-13T02:34:00+00:00,2026-08-13,234,N,VIIRS,n,nominal,2.0NRT,1.23,N,VIIRS_SNPP_NRT,True,311.54,289.48,0.38,0.36,81
51.57916,-3.72936,2026-08-13T02:34:00+00:00,2026-08-13,234,N,VIIRS,n,nominal,2.0NRT,7.17,N,VIIRS_SNPP_NRT,True,342.57,298.16,0.39,0.36,74
51.58001,-3.73484,2026-08-13T02:34:00+00:00,2026-08-13,234,N,VIIRS,n,nominal,2.0NRT,7.17,N,VIIRS_SNPP_NRT,True,325.18,295.71,0.39,0.36,74
51.58085,-3.74032,2026-08-13T02:34:00+00:00,2026-08-13,234,N,VIIRS,n,nominal,2.0NRT,0.9,N,VIIRS_SNPP_NRT,True,305.18,293.64,0.39,0.36,74
51.63052,-3.1563,2026-08-13T02:34:00+00:00,2026-08-13,234,N,VIIRS,n,nominal,2.0NRT,0.81,N,VIIRS_SNPP_NRT,True,303.77,289.88,0.38,0.36,80
51.82792,-3.21296,2026-08-13T02:34:00+00:00,2026-08-13,234,N,VIIRS,n,nominal,2.0NRT,4.7,N,VIIRS_SNPP_NRT,True,315.13,290.48,0.38,0.36,1
51.63377,-3.15496,2026-08-13T02:34:00+00:00,2026-08-13,234,N,VIIRS,n,nominal,2.0NRT,0.51,N,VIIRS_SNPP_NRT,True,301.7,288.65,0.38,0.36,80
51.64457,-3.93045,2026-08-13T02:34:00+00:00,2026-08-13,234,N,VIIRS,n,nominal,2.0NRT,0.35,N,VIIRS_SNPP_NRT,True,298.51,288.48,0.39,0.36,90
51.68331,-5.02691,2026-08-13T02:34:00+00:00,2026-08-13,234,N,VIIRS,n,nominal,2.0NRT,1.43,N,VIIRS_SNPP_NRT,True,306.88,293.08,0.39,0.37,9
51.68411,-5.03258,2026-08-13T02:34:00+00:00,2026-08-13,234,N,VIIRS,n,nominal,2.0NRT,1.45,N,VIIRS_SNPP_NRT,True,304.16,292.36,0.4,0.37,9
51.71612,-3.39941,2026-08-13T02:34:00+00:00,2026-08-13,234,N,VIIRS,n,nominal,2.0NRT,1.35,N,VIIRS_SNPP_NRT,True,303.19,290.68,0.38,0.36,6
51.75059,-3.05262,2026-08-13T02:34:00+00:00,2026-08-13,234,N,VIIRS,n,nominal,2.0NRT,1.2,N,VIIRS_SNPP_NRT,True,310.04,289.49,0.38,0.36,65
51.75384,-3.05128,2026-08-13T02:34:00+00:00,2026-08-13,234,N,VIIRS,n,nominal,2.0NRT,8.69,N,VIIRS_SNPP_NRT,True,346.45,304.29,0.38,0.36,65
51.77054,-3.37152,2026-08-13T02:34:00+00:00,2026-08-13,234,N,VIIRS,n,nominal,2.0NRT,0.54,N,VIIRS_SNPP_NRT,True,302.9,288.55,0.38,0.36,6
51.77189,-3.33601,2026-08-13T02:34:00+00:00,2026-08-13,234,N,VIIRS,n,nominal,2.0NRT,1.11,N,VIIRS_SNPP_NRT,True,304.13,289.09,0.38,0.36,6
51.77599,-3.34015,2026-08-13T02:34:00+00:00,2026-08-13,234,N,VIIRS,n,nominal,2.0NRT,1.11,N,VIIRS_SNPP_NRT,True,305.95,289.8,0.38,0.36,6
51.82944,-3.20068,2026-08-13T02:34:00+00:00,2026-08-13,234,N,VIIRS,n,nominal,2.0NRT,4.02,N,VIIRS_SNPP_NRT,True,333.85,296.57,0.38,0.36,1
52.09111,-3.7889,2026-08-13T02:34:00+00:00,2026-08-13,234,N,VIIRS,n,nominal,2.0NRT,15.89,N,VIIRS_SNPP_NRT,True,352.41,301.27,0.39,0.36,29
51.83117,-3.21163,2026-08-13T02:34:00+00:00,2026-08-13,234,N,VIIRS,n,nominal,2.0NRT,4.7,N,VIIRS_SNPP_NRT,True,351.0,300.55,0.38,0.36,1
52.09027,-3.78331,2026-08-13T02:34:00+00:00,2026-08-13,234,N,VIIRS,n,nominal,2.0NRT,15.89,N,VIIRS_SNPP_NRT,True,339.69,289.5,0.39,0.36,29
52.09184,-3.7708,2026-08-13T02:34:00+00:00,2026-08-13,234,N,VIIRS,n,nominal,2.0NRT,6.33,N,VIIRS_SNPP_NRT,True,332.37,292.23,0.39,0.36,29
52.09196,-3.79449,2026-08-13T02:34:00+00:00,2026-08-13,234,N,VIIRS,n,nominal,2.0NRT,3.99,N,VIIRS_SNPP_NRT,True,332.67,291.52,0.39,0.36,29
52.09269,-3.77638,2026-08-13T02:34:00+00:00,2026-08-13,234,N,VIIRS,n,nominal,2.0NRT,6.33,N,VIIRS_SNPP_NRT,True,348.41,299.17,0.39,0.36,29
52.09353,-3.78197,2026-08-13T02:34:00+00:00,2026-08-13,234,N,VIIRS,n,nominal,2.0NRT,9.03,N,VIIRS_SNPP_NRT,True,352.52,301.3,0.39,0.36,29
52.09438,-3.78756,2026-08-13T02:34:00+00:00,2026-08-13,234,N,VIIRS,n,nominal,2.0NRT,9.03,N,VIIRS_SNPP_NRT,True,340.58,301.54,0.39,0.36,29
52.09522,-3.79316,2026-08-13T02:34:00+00:00,2026-08-13,234,N,VIIRS,n,nominal,2.0NRT,0.76,N,VIIRS_SNPP_NRT,True,299.65,289.09,0.39,0.36,29
52.09595,-3.77506,2026-08-13T02:34:00+00:00,2026-08-13,234,N,VIIRS,n,nominal,2.0NRT,6.33,N,VIIRS_SNPP_NRT,True,341.07,290.78,0.39,0.36,29
52.09679,-3.78065,2026-08-13T02:34:00+00:00,2026-08-13,234,N,VIIRS,n,nominal,2.0NRT,9.03,N,VIIRS_SNPP_NRT,True,325.08,289.24,0.39,0.36,29
51.8303,-3.20615,2026-08-13T02:34:00+00:00,2026-08-13,234,N,VIIRS,n,nominal,2.0NRT,4.02,N,VIIRS_SNPP_NRT,True,337.2,299.49,0.38,0.36,1
52.10006,-3.77938,2026-08-13T02:34:00+00:00,2026-08-13,234,N,VIIRS,n,nominal,2.0NRT,0.36,N,VIIRS_SNPP_NRT,True,298.66,286.51,0.39,0.36,29
52.27583,-3.49427,2026-08-13T02:34:00+00:00,2026-08-13,234,N,VIIRS,n,nominal,2.0NRT,4.62,N,VIIRS_SNPP_NRT,True,320.57,290.95,0.39,0.36,66
52.27668,-3.49982,2026-08-13T02:34:00+00:00,2026-08-13,234,N,VIIRS,n,nominal,2.0NRT,4.62,N,VIIRS_SNPP_NRT,True,348.85,300.21,0.39,0.36,66
52.27908,-3.49291,2026-08-13T02:34:00+00:00,2026-08-13,234,N,VIIRS,n,nominal,2.0NRT,4.62,N,VIIRS_SNPP_NRT,True,315.91,293.05,0.39,0.36,66
52.27993,-3.49846,2026-08-13T02:34:00+00:00,2026-08-13,234,N,VIIRS,n,nominal,2.0NRT,4.62,N,VIIRS_SNPP_NRT,True,325.74,296.43,0.39,0.36,66
52.28078,-3.50406,2026-08-13T02:34:00+00:00,2026-08-13,234,N,VIIRS,n,nominal,2.0NRT,9.15,N,VIIRS_SNPP_NRT,True,333.79,295.99,0.39,0.36,66
52.28164,-3.50968,2026-08-13T02:34:00+00:00,2026-08-13,234,N,VIIRS,n,nominal,2.0NRT,9.15,N,VIIRS_SNPP_NRT,True,329.77,293.8,0.39,0.36,66
52.28234,-3.49156,2026-08-13T02:34:00+00:00,2026-08-13,234,N,VIIRS,n,nominal,2.0NRT,1.8,N,VIIRS_SNPP_NRT,True,312.37,292.43,0.39,0.36,66
52.28318,-3.49713,2026-08-13T02:34:00+00:00,2026-08-13,234,N,VIIRS,n,nominal,2.0NRT,1.8,N,VIIRS_SNPP_NRT,True,323.86,295.77,0.39,0.36,66
52.28405,-3.50274,2026-08-13T02:34:00+00:00,2026-08-13,234,N,VIIRS,n,nominal,2.0NRT,6.32,N,VIIRS_SNPP_NRT,True,344.09,300.64,0.39,0.36,66
52.28474,-3.48467,2026-08-13T02:34:00+00:00,2026-08-13,234,N,VIIRS,n,nominal,2.0NRT,2.11,N,VIIRS_SNPP_NRT,True,315.5,293.58,0.39,0.36,66
52.2849,-3.50835,2026-08-13T02:34:00+00:00,2026-08-13,234,N,VIIRS,n,nominal,2.0NRT,6.32,N,VIIRS_SNPP_NRT,True,313.17,287.19,0.39,0.36,66
52.28559,-3.49021,2026-08-13T02:34:00+00:00,2026-08-13,234,N,VIIRS,n,nominal,2.0NRT,1.8,N,VIIRS_SNPP_NRT,True,302.22,289.83,0.39,0.36,66
52.28645,-3.4958,2026-08-13T02:34:00+00:00,2026-08-13,234,N,VIIRS,n,nominal,2.0NRT,1.8,N,VIIRS_SNPP_NRT,True,320.51,294.57,0.39,0.36,66
52.2873,-3.50141,2026-08-13T02:34:00+00:00,2026-08-13,234,N,VIIRS,n,nominal,2.0NRT,6.32,N,VIIRS_SNPP_NRT,True,338.68,296.48,0.39,0.36,66
52.28816,-3.50702,2026-08-13T02:34:00+00:00,2026-08-13,234,N,VIIRS,n,nominal,2.0NRT,6.32,N,VIIRS_SNPP_NRT,True,314.06,286.97,0.39,0.36,66
52.29057,-3.5001,2026-08-13T02:34:00+00:00,2026-08-13,234,N,VIIRS,n,nominal,2.0NRT,1.82,N,VIIRS_SNPP_NRT,True,328.72,291.23,0.39,0.36,66
52.29382,-3.4988,2026-08-13T02:34:00+00:00,2026-08-13,234,N,VIIRS,n,nominal,2.0NRT,1.82,N,VIIRS_SNPP_NRT,True,304.61,287.72,0.39,0.36,66
52.52612,-6.9046,2026-08-13T02:34:00+00:00,2026-08-13,234,N,VIIRS,n,nominal,2.0NRT,0.47,N,VIIRS_SNPP_NRT,False,299.92,284.8,0.44,0.38,79
52.08943,-3.77772,2026-08-13T02:34:00+00:00,2026-08-13,234,N,VIIRS,n,nominal,2.0NRT,3.9,N,VIIRS_SNPP_NRT,True,341.01,295.36,0.39,0.36,29
52.0887,-3.7958,2026-08-13T02:34:00+00:00,2026-08-13,234,N,VIIRS,n,nominal,2.0NRT,3.99,N,VIIRS_SNPP_NRT,True,331.23,288.91,0.39,0.36,29
52.09764,-3.78625,2026-08-13T02:34:00+00:00,2026-08-13,234,N,VIIRS,n,nominal,2.0NRT,9.03,N,VIIRS_SNPP_NRT,True,297.85,287.2,0.39,0.36,29
52.08774,-3.76653,2026-08-13T02:34:00+00:00,2026-08-13,234,N,VIIRS,n,nominal,2.0NRT,2.63,N,VIIRS_SNPP_NRT,True,317.69,289.97,0.39,0.36,29
51.83269,-3.19934,2026-08-13T02:34:00+00:00,2026-08-13,234,N,VIIRS,n,nominal,2.0NRT,11.17,N,VIIRS_SNPP_NRT,True,328.11,295.02,0.38,0.36,1
51.83355,-3.20482,2026-08-13T02:34:00+00:00,2026-08-13,234,N,VIIRS,h,high,2.0NRT,11.17,N,VIIRS_SNPP_NRT,True,367.0,312.61,0.38,0.36,1
52.08858,-3.77215,2026-08-13T02:34:00+00:00,2026-08-13,234,N,VIIRS,n,nominal,2.0NRT,3.9,N,VIIRS_SNPP_NRT,True,337.32,294.91,0.39,0.36,29
51.83442,-3.2103,2026-08-13T02:34:00+00:00,2026-08-13,234,N,VIIRS,n,nominal,2.0NRT,12.14,N,VIIRS_SNPP_NRT,True,355.22,309.44,0.38,0.36,1
51.83507,-3.19254,2026-08-13T02:34:00+00:00,2026-08-13,234,N,VIIRS,n,nominal,2.0NRT,0.87,N,VIIRS_SNPP_NRT,True,305.88,289.05,0.38,0.36,1
51.83528,-3.21577,2026-08-13T02:34:00+00:00,2026-08-13,234,N,VIIRS,n,nominal,2.0NRT,12.14,N,VIIRS_SNPP_NRT,True,343.65,295.4,0.38,0.36,1
51.83594,-3.19801,2026-08-13T02:34:00+00:00,2026-08-13,234,N,VIIRS,n,nominal,2.0NRT,11.17,N,VIIRS_SNPP_NRT,True,348.34,300.19,0.38,0.36,1
51.8368,-3.20349,2026-08-13T02:34:00+00:00,2026-08-13,234,N,VIIRS,h,high,2.0NRT,11.17,N,VIIRS_SNPP_NRT,True,367.0,309.29,0.38,0.36,1
51.83746,-3.18574,2026-08-13T02:34:00+00:00,2026-08-13,234,N,VIIRS,n,nominal,2.0NRT,7.19,N,VIIRS_SNPP_NRT,True,302.71,291.35,0.38,0.36,1
51.83767,-3.20896,2026-08-13T02:34:00+00:00,2026-08-13,234,N,VIIRS,n,nominal,2.0NRT,12.14,N,VIIRS_SNPP_NRT,True,347.91,304.29,0.38,0.36,1
51.83832,-3.19121,2026-08-13T02:34:00+00:00,2026-08-13,234,N,VIIRS,n,nominal,2.0NRT,7.19,N,VIIRS_SNPP_NRT,True,354.78,306.32,0.38,0.36,1
51.83853,-3.21444,2026-08-13T02:34:00+00:00,2026-08-13,234,N,VIIRS,n,nominal,2.0NRT,12.14,N,VIIRS_SNPP_NRT,True,356.88,314.12,0.38,0.36,1
51.83919,-3.19668,2026-08-13T02:34:00+00:00,2026-08-13,234,N,VIIRS,h,high,2.0NRT,8.79,N,VIIRS_SNPP_NRT,True,367.0,312.18,0.38,0.36,1
51.83939,-3.21992,2026-08-13T02:34:00+00:00,2026-08-13,234,N,VIIRS,n,nominal,2.0NRT,3.41,N,VIIRS_SNPP_NRT,True,317.67,290.68,0.38,0.36,1
51.83421,-3.18706,2026-08-13T02:34:00+00:00,2026-08-13,234,N,VIIRS,n,nominal,2.0NRT,0.87,N,VIIRS_SNPP_NRT,True,299.53,288.96,0.38,0.36,1
51.84092,-3.20764,2026-08-13T02:34:00+00:00,2026-08-13,234,N,VIIRS,n,nominal,2.0NRT,5.41,N,VIIRS_SNPP_NRT,True,347.58,306.21,0.38,0.36,1
51.84005,-3.20216,2026-08-13T02:34:00+00:00,2026-08-13,234,N,VIIRS,n,nominal,2.0NRT,8.79,N,VIIRS_SNPP_NRT,True,351.06,307.99,0.38,0.36,1
52.08701,-3.78465,2026-08-13T02:34:00+00:00,2026-08-13,234,N,VIIRS,n,nominal,2.0NRT,15.89,N,VIIRS_SNPP_NRT,True,319.75,288.87,0.39,0.36,29
52.08533,-3.77349,2026-08-13T02:34:00+00:00,2026-08-13,234,N,VIIRS,n,nominal,2.0NRT,3.9,N,VIIRS_SNPP_NRT,True,310.15,291.94,0.39,0.36,29
52.08375,-3.78599,2026-08-13T02:34:00+00:00,2026-08-13,234,N,VIIRS,n,nominal,2.0NRT,0.4,N,VIIRS_SNPP_NRT,True,299.19,288.53,0.39,0.36,29
52.08291,-3.78041,2026-08-13T02:34:00+00:00,2026-08-13,234,N,VIIRS,n,nominal,2.0NRT,1.14,N,VIIRS_SNPP_NRT,True,303.51,291.36,0.39,0.36,29
51.84655,-3.19952,2026-08-13T02:34:00+00:00,2026-08-13,234,N,VIIRS,n,nominal,2.0NRT,2.11,N,VIIRS_SNPP_NRT,True,304.48,292.63,0.38,0.36,1
52.08617,-3.77907,2026-08-13T02:34:00+00:00,2026-08-13,234,N,VIIRS,n,nominal,2.0NRT,3.9,N,VIIRS_SNPP_NRT,True,310.98,290.6,0.39,0.36,29
51.84483,-3.18856,2026-08-13T02:34:00+00:00,2026-08-13,234,N,VIIRS,n,nominal,2.0NRT,3.88,N,VIIRS_SNPP_NRT,True,339.1,294.37,0.38,0.36,1
51.8433,-3.20084,2026-08-13T02:34:00+00:00,2026-08-13,234,N,VIIRS,n,nominal,2.0NRT,8.79,N,VIIRS_SNPP_NRT,True,327.04,295.81,0.38,0.36,1
51.84264,-3.21859,2026-08-13T02:34:00+00:00,2026-08-13,234,N,VIIRS,n,nominal,2.0NRT,1.18,N,VIIRS_SNPP_NRT,True,303.98,290.73,0.38,0.36,1
51.84244,-3.19536,2026-08-13T02:34:00+00:00,2026-08-13,234,N,VIIRS,n,nominal,2.0NRT,8.79,N,VIIRS_SNPP_NRT,True,343.62,300.76,0.38,0.36,1
51.84178,-3.21312,2026-08-13T02:34:00+00:00,2026-08-13,234,N,VIIRS,n,nominal,2.0NRT,5.41,N,VIIRS_SNPP_NRT,True,332.76,299.38,0.38,0.36,1
51.84569,-3.19404,2026-08-13T02:34:00+00:00,2026-08-13,234,N,VIIRS,n,nominal,2.0NRT,2.11,N,VIIRS_SNPP_NRT,True,327.6,296.99,0.38,0.36,1
51.84158,-3.18989,2026-08-13T02:34:00+00:00,2026-08-13,234,N,VIIRS,n,nominal,2.0NRT,7.19,N,VIIRS_SNPP_NRT,True,329.92,296.96,0.38,0.36,1
52.52804,-6.90792,2026-08-13T02:51:00+00:00,2026-08-13,251,N20,VIIRS,n,nominal,2.0NRT,0.23,N,VIIRS_NOAA20_NRT,False,295.89,283.12,0.4,0.37,79
52.4857,-0.23016,2026-08-13T02:51:00+00:00,2026-08-13,251,N20,VIIRS,n,nominal,2.0NRT,2.12,N,VIIRS_NOAA20_NRT,False,312.16,290.8,0.4,0.44,3
52.48321,-0.23819,2026-08-13T02:51:00+00:00,2026-08-13,251,N20,VIIRS,n,nominal,2.0NRT,1.86,N,VIIRS_NOAA20_NRT,False,297.55,285.74,0.4,0.44,3
52.48188,-0.23262,2026-08-13T02:51:00+00:00,2026-08-13,251,N20,VIIRS,n,nominal,2.0NRT,1.86,N,VIIRS_NOAA20_NRT,False,326.17,293.62,0.4,0.44,3
52.28996,-3.50318,2026-08-13T02:51:00+00:00,2026-08-13,251,N20,VIIRS,n,nominal,2.0NRT,8.93,N,VIIRS_NOAA20_NRT,True,341.14,290.85,0.48,0.4,66
52.29211,-3.49489,2026-08-13T02:51:00+00:00,2026-08-13,251,N20,VIIRS,n,nominal,2.0NRT,2.26,N,VIIRS_NOAA20_NRT,True,311.28,289.18,0.48,0.4,66
52.28866,-3.49704,2026-08-13T02:51:00+00:00,2026-08-13,251,N20,VIIRS,n,nominal,2.0NRT,8.93,N,VIIRS_NOAA20_NRT,True,311.08,291.22,0.48,0.4,66
52.28734,-3.49074,2026-08-13T02:51:00+00:00,2026-08-13,251,N20,VIIRS,n,nominal,2.0NRT,1.61,N,VIIRS_NOAA20_NRT,True,304.14,289.14,0.48,0.4,66
52.64112,-0.54794,2026-08-13T02:51:00+00:00,2026-08-13,251,N20,VIIRS,n,nominal,2.0NRT,0.84,N,VIIRS_NOAA20_NRT,False,299.93,288.97,0.39,0.44,78
52.29342,-3.50109,2026-08-13T02:51:00+00:00,2026-08-13,251,N20,VIIRS,n,nominal,2.0NRT,2.26,N,VIIRS_NOAA20_NRT,True,320.52,286.66,0.48,0.4,66
53.00683,-2.10943,2026-08-13T02:51:00+00:00,2026-08-13,251,N20,VIIRS,n,nominal,2.0NRT,0.77,N,VIIRS_NOAA20_NRT,False,306.73,289.06,0.51,0.41,91
53.56927,-0.59001,2026-08-13T02:51:00+00:00,2026-08-13,251,N20,VIIRS,n,nominal,2.0NRT,3.99,N,VIIRS_NOAA20_NRT,False,328.78,288.89,0.55,0.43,12
53.26461,-1.85713,2026-08-13T02:51:00+00:00,2026-08-13,251,N20,VIIRS,n,nominal,2.0NRT,1.01,N,VIIRS_NOAA20_NRT,False,298.51,288.3,0.51,0.41,88
53.33918,-1.75327,2026-08-13T02:51:00+00:00,2026-08-13,251,N20,VIIRS,n,nominal,2.0NRT,1.28,N,VIIRS_NOAA20_NRT,False,302.82,287.55,0.51,0.41,77
53.43012,-1.64874,2026-08-13T02:51:00+00:00,2026-08-13,251,N20,VIIRS,n,nominal,2.0NRT,1.44,N,VIIRS_NOAA20_NRT,False,307.99,290.05,0.51,0.41,52
53.55063,-1.93674,2026-08-13T02:51:00+00:00,2026-08-13,251,N20,VIIRS,n,nominal,2.0NRT,4.72,N,VIIRS_NOAA20_NRT,False,330.11,290.19,0.5,0.41,76
53.56739,-0.60014,2026-08-13T02:51:00+00:00,2026-08-13,251,N20,VIIRS,n,nominal,2.0NRT,1.14,N,VIIRS_NOAA20_NRT,False,307.23,289.64,0.55,0.43,12
53.57107,-0.59774,2026-08-13T02:51:00+00:00,2026-08-13,251,N20,VIIRS,n,nominal,2.0NRT,2.18,N,VIIRS_NOAA20_NRT,False,309.01,289.0,0.55,0.43,12
53.58387,-0.61643,2026-08-13T02:51:00+00:00,2026-08-13,251,N20,VIIRS,n,nominal,2.0NRT,2.48,N,VIIRS_NOAA20_NRT,False,319.4,289.61,0.55,0.43,12
53.63388,-0.24604,2026-08-13T02:51:00+00:00,2026-08-13,251,N20,VIIRS,n,nominal,2.0NRT,3.24,N,VIIRS_NOAA20_NRT,False,317.35,292.91,0.56,0.43,73
56.00981,-3.67405,2026-08-13T02:51:00+00:00,2026-08-13,251,N20,VIIRS,n,nominal,2.0NRT,3.68,N,VIIRS_NOAA20_NRT,False,333.25,280.69,0.41,0.37,85
52.28648,-3.50517,2026-08-13T02:51:00+00:00,2026-08-13,251,N20,VIIRS,n,nominal,2.0NRT,8.93,N,VIIRS_NOAA20_NRT,True,341.24,293.95,0.48,0.4,66
53.02079,-1.17451,2026-08-13T02:51:00+00:00,2026-08-13,251,N20,VIIRS,n,nominal,2.0NRT,0.58,N,VIIRS_NOAA20_NRT,False,301.98,286.94,0.54,0.42,68
52.28592,-3.48404,2026-08-13T02:51:00+00:00,2026-08-13,251,N20,VIIRS,n,nominal,2.0NRT,1.61,N,VIIRS_NOAA20_NRT,True,308.8,291.22,0.48,0.4,66
51.58204,-3.73103,2026-08-13T02:51:00+00:00,2026-08-13,251,N20,VIIRS,n,nominal,2.0NRT,3.85,N,VIIRS_NOAA20_NRT,True,330.04,293.6,0.48,0.4,74
52.28383,-3.49262,2026-08-13T02:51:00+00:00,2026-08-13,251,N20,VIIRS,n,nominal,2.0NRT,1.61,N,VIIRS_NOAA20_NRT,True,315.57,292.21,0.48,0.4,66
51.82425,-3.1916,2026-08-13T02:51:00+00:00,2026-08-13,251,N20,VIIRS,n,nominal,2.0NRT,2.5,N,VIIRS_NOAA20_NRT,True,305.38,289.24,0.5,0.41,1
51.8252,-3.21421,2026-08-13T02:51:00+00:00,2026-08-13,251,N20,VIIRS,n,nominal,2.0NRT,5.73,N,VIIRS_NOAA20_NRT,True,313.91,288.15,0.5,0.41,1
51.82576,-3.19851,2026-08-13T02:51:00+00:00,2026-08-13,251,N20,VIIRS,n,nominal,2.0NRT,2.5,N,VIIRS_NOAA20_NRT,True,298.54,287.72,0.5,0.41,1
51.82633,-3.18286,2026-08-13T02:51:00+00:00,2026-08-13,251,N20,VIIRS,n,nominal,2.0NRT,1.81,N,VIIRS_NOAA20_NRT,True,317.57,290.98,0.5,0.41,1
51.82727,-3.20547,2026-08-13T02:51:00+00:00,2026-08-13,251,N20,VIIRS,n,nominal,2.0NRT,6.49,N,VIIRS_NOAA20_NRT,True,340.88,297.49,0.5,0.41,1
51.82783,-3.18973,2026-08-13T02:51:00+00:00,2026-08-13,251,N20,VIIRS,n,nominal,2.0NRT,2.5,N,VIIRS_NOAA20_NRT,True,327.36,291.23,0.5,0.41,1
51.82876,-3.21231,2026-08-13T02:51:00+00:00,2026-08-13,251,N20,VIIRS,n,nominal,2.0NRT,6.49,N,VIIRS_NOAA20_NRT,True,316.24,290.85,0.5,0.41,1
51.83083,-3.20352,2026-08-13T02:51:00+00:00,2026-08-13,251,N20,VIIRS,n,nominal,2.0NRT,6.49,N,VIIRS_NOAA20_NRT,True,340.17,300.66,0.5,0.41,1
51.83137,-3.1877,2026-08-13T02:51:00+00:00,2026-08-13,251,N20,VIIRS,n,nominal,2.0NRT,3.25,N,VIIRS_NOAA20_NRT,True,300.41,288.17,0.5,0.41,1
51.83231,-3.21033,2026-08-13T02:51:00+00:00,2026-08-13,251,N20,VIIRS,n,nominal,2.0NRT,6.49,N,VIIRS_NOAA20_NRT,True,346.43,302.63,0.5,0.41,1
51.8338,-3.21715,2026-08-13T02:51:00+00:00,2026-08-13,251,N20,VIIRS,n,nominal,2.0NRT,2.76,N,VIIRS_NOAA20_NRT,True,311.08,288.69,0.5,0.41,1
51.83437,-3.2015,2026-08-13T02:51:00+00:00,2026-08-13,251,N20,VIIRS,n,nominal,2.0NRT,13.29,N,VIIRS_NOAA20_NRT,True,346.52,305.42,0.5,0.41,1
51.83586,-3.20833,2026-08-13T02:51:00+00:00,2026-08-13,251,N20,VIIRS,n,nominal,2.0NRT,13.29,N,VIIRS_NOAA20_NRT,True,349.3,305.05,0.5,0.41,1
51.8364,-3.19248,2026-08-13T02:51:00+00:00,2026-08-13,251,N20,VIIRS,n,nominal,2.0NRT,3.25,N,VIIRS_NOAA20_NRT,True,322.14,291.19,0.5,0.41,1
51.83733,-3.21507,2026-08-13T02:51:00+00:00,2026-08-13,251,N20,VIIRS,n,nominal,2.0NRT,8.18,N,VIIRS_NOAA20_NRT,True,355.32,304.17,0.5,0.41,1
51.83789,-3.19939,2026-08-13T02:51:00+00:00,2026-08-13,251,N20,VIIRS,h,high,2.0NRT,13.29,N,VIIRS_NOAA20_NRT,True,367.0,309.07,0.5,0.41,1
51.83881,-3.22193,2026-08-13T02:51:00+00:00,2026-08-13,251,N20,VIIRS,n,nominal,2.0NRT,8.18,N,VIIRS_NOAA20_NRT,True,300.84,287.32,0.5,0.41,1
51.83935,-3.20608,2026-08-13T02:51:00+00:00,2026-08-13,251,N20,VIIRS,n,nominal,2.0NRT,13.29,N,VIIRS_NOAA20_NRT,True,350.41,306.71,0.5,0.41,1
51.83986,-3.19011,2026-08-13T02:51:00+00:00,2026-08-13,251,N20,VIIRS,n,nominal,2.0NRT,9.36,N,VIIRS_NOAA20_NRT,True,349.12,305.69,0.5,0.41,1
51.84081,-3.21281,2026-08-13T02:51:00+00:00,2026-08-13,251,N20,VIIRS,n,nominal,2.0NRT,8.18,N,VIIRS_NOAA20_NRT,True,355.54,306.56,0.5,0.41,1
51.84134,-3.19691,2026-08-13T02:51:00+00:00,2026-08-13,251,N20,VIIRS,n,nominal,2.0NRT,5.78,N,VIIRS_NOAA20_NRT,True,348.46,301.82,0.5,0.41,1
51.84229,-3.21965,2026-08-13T02:51:00+00:00,2026-08-13,251,N20,VIIRS,n,nominal,2.0NRT,8.18,N,VIIRS_NOAA20_NRT,True,307.42,289.47,0.5,0.41,1
51.8428,-3.20362,2026-08-13T02:51:00+00:00,2026-08-13,251,N20,VIIRS,n,nominal,2.0NRT,5.78,N,VIIRS_NOAA20_NRT,True,332.03,297.49,0.5,0.41,1
51.84327,-3.18749,2026-08-13T02:51:00+00:00,2026-08-13,251,N20,VIIRS,n,nominal,2.0NRT,9.36,N,VIIRS_NOAA20_NRT,True,323.41,292.3,0.5,0.41,1
51.84477,-3.1944,2026-08-13T02:51:00+00:00,2026-08-13,251,N20,VIIRS,n,nominal,2.0NRT,5.78,N,VIIRS_NOAA20_NRT,True,338.67,298.68,0.5,0.41,1
51.8237,-3.20734,2026-08-13T02:51:00+00:00,2026-08-13,251,N20,VIIRS,n,nominal,2.0NRT,5.73,N,VIIRS_NOAA20_NRT,True,349.77,300.54,0.5,0.41,1
51.84624,-3.20118,2026-08-13T02:51:00+00:00,2026-08-13,251,N20,VIIRS,n,nominal,2.0NRT,5.78,N,VIIRS_NOAA20_NRT,True,311.18,292.75,0.5,0.41,1
51.82276,-3.18476,2026-08-13T02:51:00+00:00,2026-08-13,251,N20,VIIRS,n,nominal,2.0NRT,1.81,N,VIIRS_NOAA20_NRT,True,299.95,287.37,0.5,0.41,1
51.82012,-3.20923,2026-08-13T02:51:00+00:00,2026-08-13,251,N20,VIIRS,n,nominal,2.0NRT,5.73,N,VIIRS_NOAA20_NRT,True,333.67,294.49,0.5,0.41,1
52.28518,-3.49901,2026-08-13T02:51:00+00:00,2026-08-13,251,N20,VIIRS,n,nominal,2.0NRT,8.93,N,VIIRS_NOAA20_NRT,True,330.05,295.94,0.48,0.4,66
50.10152,-5.65548,2026-08-13T02:51:00+00:00,2026-08-13,251,N20,VIIRS,n,nominal,2.0NRT,1.17,N,VIIRS_NOAA20_NRT,False,302.52,291.48,0.45,0.39,27
50.10272,-5.66142,2026-08-13T02:51:00+00:00,2026-08-13,251,N20,VIIRS,n,nominal,2.0NRT,1.08,N,VIIRS_NOAA20_NRT,False,305.47,289.02,0.45,0.39,27
50.60302,1.58122,2026-08-13T02:51:00+00:00,2026-08-13,251,N20,VIIRS,n,nominal,2.0NRT,1.09,N,VIIRS_NOAA20_NRT,False,302.47,291.05,0.53,0.5,25
50.60734,1.58399,2026-08-13T02:51:00+00:00,2026-08-13,251,N20,VIIRS,n,nominal,2.0NRT,1.09,N,VIIRS_NOAA20_NRT,False,311.2,294.06,0.53,0.5,25
50.61597,1.58959,2026-08-13T02:51:00+00:00,2026-08-13,251,N20,VIIRS,n,nominal,2.0NRT,3.23,N,VIIRS_NOAA20_NRT,False,318.51,294.23,0.53,0.5,25
50.83131,-1.36348,2026-08-13T02:51:00+00:00,2026-08-13,251,N20,VIIRS,n,nominal,2.0NRT,1.99,N,VIIRS_NOAA20_NRT,False,307.14,294.4,0.4,0.44,89
51.39867,-3.39252,2026-08-13T02:51:00+00:00,2026-08-13,251,N20,VIIRS,n,nominal,2.0NRT,0.44,N,VIIRS_NOAA20_NRT,True,296.6,286.08,0.5,0.41,81
51.57784,-3.73265,2026-08-13T02:51:00+00:00,2026-08-13,251,N20,VIIRS,n,nominal,2.0NRT,4.86,N,VIIRS_NOAA20_NRT,True,304.63,291.43,0.48,0.4,74
51.57849,-3.73276,2026-08-13T02:51:00+00:00,2026-08-13,251,N20,VIIRS,n,nominal,2.0NRT,2.98,N,VIIRS_NOAA20_NRT,True,336.71,293.96,0.48,0.4,74
51.57924,-3.73918,2026-08-13T02:51:00+00:00,2026-08-13,251,N20,VIIRS,n,nominal,2.0NRT,1.9,N,VIIRS_NOAA20_NRT,True,306.71,293.48,0.48,0.4,74
51.57987,-3.7393,2026-08-13T02:51:00+00:00,2026-08-13,251,N20,VIIRS,n,nominal,2.0NRT,2.98,N,VIIRS_NOAA20_NRT,True,308.09,293.82,0.48,0.4,74
51.5814,-3.73093,2026-08-13T02:51:00+00:00,2026-08-13,251,N20,VIIRS,n,nominal,2.0NRT,4.86,N,VIIRS_NOAA20_NRT,True,345.68,295.24,0.48,0.4,74
51.63387,-3.15665,2026-08-13T02:51:00+00:00,2026-08-13,251,N20,VIIRS,n,nominal,2.0NRT,0.95,N,VIIRS_NOAA20_NRT,True,304.28,288.76,0.5,0.41,80
51.68587,-5.02839,2026-08-13T02:51:00+00:00,2026-08-13,251,N20,VIIRS,n,nominal,2.0NRT,2.05,N,VIIRS_NOAA20_NRT,True,306.58,293.51,0.44,0.39,9
51.75264,-3.0522,2026-08-13T02:51:00+00:00,2026-08-13,251,N20,VIIRS,n,nominal,2.0NRT,7.13,N,VIIRS_NOAA20_NRT,True,338.0,295.06,0.5,0.41,65
51.75626,-3.05037,2026-08-13T02:51:00+00:00,2026-08-13,251,N20,VIIRS,n,nominal,2.0NRT,7.13,N,VIIRS_NOAA20_NRT,True,335.08,295.22,0.5,0.41,65
51.77028,-3.3732,2026-08-13T02:51:00+00:00,2026-08-13,251,N20,VIIRS,n,nominal,2.0NRT,0.76,N,VIIRS_NOAA20_NRT,True,298.13,287.42,0.49,0.4,6
51.77371,-3.33399,2026-08-13T02:51:00+00:00,2026-08-13,251,N20,VIIRS,n,nominal,2.0NRT,1.14,N,VIIRS_NOAA20_NRT,True,303.86,289.35,0.49,0.4,6
51.77728,-3.33215,2026-08-13T02:51:00+00:00,2026-08-13,251,N20,VIIRS,n,nominal,2.0NRT,1.14,N,VIIRS_NOAA20_NRT,True,297.56,287.18,0.49,0.4,6
51.81352,-3.19723,2026-08-13T02:51:00+00:00,2026-08-13,251,N20,VIIRS,n,nominal,2.0NRT,1.13,N,VIIRS_NOAA20_NRT,True,309.44,289.87,0.5,0.41,1
51.81503,-3.20414,2026-08-13T02:51:00+00:00,2026-08-13,251,N20,VIIRS,n,nominal,2.0NRT,1.13,N,VIIRS_NOAA20_NRT,True,295.98,285.94,0.5,0.41,1
51.81709,-3.19534,2026-08-13T02:51:00+00:00,2026-08-13,251,N20,VIIRS,n,nominal,2.0NRT,2.72,N,VIIRS_NOAA20_NRT,True,311.19,290.39,0.5,0.41,1
51.81861,-3.20227,2026-08-13T02:51:00+00:00,2026-08-13,251,N20,VIIRS,n,nominal,2.0NRT,2.72,N,VIIRS_NOAA20_NRT,True,323.25,292.48,0.5,0.41,1
51.81918,-3.18661,2026-08-13T02:51:00+00:00,2026-08-13,251,N20,VIIRS,n,nominal,2.0NRT,0.93,N,VIIRS_NOAA20_NRT,True,303.99,288.06,0.5,0.41,1
51.82218,-3.20039,2026-08-13T02:51:00+00:00,2026-08-13,251,N20,VIIRS,n,nominal,2.0NRT,2.72,N,VIIRS_NOAA20_NRT,True,308.59,289.58,0.5,0.41,1
52.0833,-3.78038,2026-08-13T02:51:00+00:00,2026-08-13,251,N20,VIIRS,n,nominal,2.0NRT,1.06,N,VIIRS_NOAA20_NRT,True,302.53,290.84,0.47,0.4,29
51.77518,-3.34079,2026-08-13T02:51:00+00:00,2026-08-13,251,N20,VIIRS,n,nominal,2.0NRT,1.14,N,VIIRS_NOAA20_NRT,True,302.78,289.25,0.49,0.4,6
52.27816,-3.5027,2026-08-13T02:51:00+00:00,2026-08-13,251,N20,VIIRS,n,nominal,2.0NRT,6.28,N,VIIRS_NOAA20_NRT,True,326.24,288.62,0.48,0.4,66
52.2768,-3.49625,2026-08-13T02:51:00+00:00,2026-08-13,251,N20,VIIRS,n,nominal,2.0NRT,4.38,N,VIIRS_NOAA20_NRT,True,334.92,295.24,0.48,0.4,66
52.28299,-3.50711,2026-08-13T02:51:00+00:00,2026-08-13,251,N20,VIIRS,n,nominal,2.0NRT,6.28,N,VIIRS_NOAA20_NRT,True,343.48,296.43,0.48,0.4,66
52.28238,-3.48574,2026-08-13T02:51:00+00:00,2026-08-13,251,N20,VIIRS,n,nominal,2.0NRT,1.61,N,VIIRS_NOAA20_NRT,True,301.95,288.9,0.48,0.4,66
52.28168,-3.50093,2026-08-13T02:51:00+00:00,2026-08-13,251,N20,VIIRS,n,nominal,2.0NRT,6.28,N,VIIRS_NOAA20_NRT,True,321.29,295.18,0.48,0.4,66
52.28031,-3.49442,2026-08-13T02:51:00+00:00,2026-08-13,251,N20,VIIRS,n,nominal,2.0NRT,4.38,N,VIIRS_NOAA20_NRT,True,319.28,294.57,0.48,0.4,66
52.08683,-3.77875,2026-08-13T02:51:00+00:00,2026-08-13,251,N20,VIIRS,n,nominal,2.0NRT,3.37,N,VIIRS_NOAA20_NRT,True,306.04,290.48,0.47,0.4,29
52.08817,-3.78511,2026-08-13T02:51:00+00:00,2026-08-13,251,N20,VIIRS,n,nominal,2.0NRT,19.96,N,VIIRS_NOAA20_NRT,True,318.33,288.34,0.47,0.4,29
52.08902,-3.7707,2026-08-13T02:51:00+00:00,2026-08-13,251,N20,VIIRS,n,nominal,2.0NRT,3.37,N,VIIRS_NOAA20_NRT,True,326.6,292.38,0.47,0.4,29
52.08951,-3.79149,2026-08-13T02:51:00+00:00,2026-08-13,251,N20,VIIRS,n,nominal,2.0NRT,19.96,N,VIIRS_NOAA20_NRT,True,320.6,298.1,0.47,0.4,29
52.09036,-3.77708,2026-08-13T02:51:00+00:00,2026-08-13,251,N20,VIIRS,n,nominal,2.0NRT,3.37,N,VIIRS_NOAA20_NRT,True,337.69,295.03,0.47,0.4,29
52.08548,-3.7723,2026-08-13T02:51:00+00:00,2026-08-13,251,N20,VIIRS,n,nominal,2.0NRT,3.37,N,VIIRS_NOAA20_NRT,True,306.58,291.38,0.47,0.4,29
52.0917,-3.78344,2026-08-13T02:51:00+00:00,2026-08-13,251,N20,VIIRS,n,nominal,2.0NRT,19.96,N,VIIRS_NOAA20_NRT,True,336.42,300.61,0.47,0.4,29
52.09088,-3.79799,2026-08-13T02:51:00+00:00,2026-08-13,251,N20,VIIRS,n,nominal,2.0NRT,16.64,N,VIIRS_NOAA20_NRT,True,337.32,289.04,0.47,0.4,29
52.09737,-3.77352,2026-08-13T02:51:00+00:00,2026-08-13,251,N20,VIIRS,n,nominal,2.0NRT,6.13,N,VIIRS_NOAA20_NRT,True,322.06,288.77,0.47,0.4,29
52.09654,-3.78802,2026-08-13T02:51:00+00:00,2026-08-13,251,N20,VIIRS,n,nominal,2.0NRT,4.51,N,VIIRS_NOAA20_NRT,True,303.04,288.27,0.47,0.4,29
52.09521,-3.78172,2026-08-13T02:51:00+00:00,2026-08-13,251,N20,VIIRS,n,nominal,2.0NRT,4.51,N,VIIRS_NOAA20_NRT,True,340.37,293.01,0.47,0.4,29
52.09389,-3.77538,2026-08-13T02:51:00+00:00,2026-08-13,251,N20,VIIRS,n,nominal,2.0NRT,6.13,N,VIIRS_NOAA20_NRT,True,351.98,296.55,0.47,0.4,29
52.09868,-3.77975,2026-08-13T02:51:00+00:00,2026-08-13,251,N20,VIIRS,n,nominal,2.0NRT,4.51,N,VIIRS_NOAA20_NRT,True,322.51,288.49,0.47,0.4,29
52.09303,-3.78976,2026-08-13T02:51:00+00:00,2026-08-13,251,N20,VIIRS,n,nominal,2.0NRT,19.96,N,VIIRS_NOAA20_NRT,True,347.67,295.77,0.47,0.4,29
52.27949,-3.50901,2026-08-13T02:51:00+00:00,2026-08-13,251,N20,VIIRS,n,nominal,2.0NRT,6.28,N,VIIRS_NOAA20_NRT,True,315.92,286.7,0.48,0.4,66
52.09255,-3.76904,2026-08-13T02:51:00+00:00,2026-08-13,251,N20,VIIRS,n,nominal,2.0NRT,6.13,N,VIIRS_NOAA20_NRT,True,304.12,290.04,0.47,0.4,29
53.63241,-0.24754,2026-08-13T03:36:00+00:00,2026-08-13,336,N21,VIIRS,n,nominal,2.0NRT,3.22,N,VIIRS_NOAA21_NRT,False,308.76,289.57,0.54,0.68,73
53.63146,-0.24362,2026-08-13T03:36:00+00:00,2026-08-13,336,N21,VIIRS,n,nominal,2.0NRT,3.84,N,VIIRS_NOAA21_NRT,False,309.83,288.5,0.54,0.68,73
53.57892,-0.62112,2026-08-13T03:36:00+00:00,2026-08-13,336,N21,VIIRS,n,nominal,2.0NRT,1.57,N,VIIRS_NOAA21_NRT,False,311.63,287.81,0.53,0.67,12
53.56892,-0.59374,2026-08-13T03:36:00+00:00,2026-08-13,336,N21,VIIRS,n,nominal,2.0NRT,1.55,N,VIIRS_NOAA21_NRT,False,307.35,287.5,0.53,0.67,12
53.56361,-0.59917,2026-08-13T03:36:00+00:00,2026-08-13,336,N21,VIIRS,n,nominal,2.0NRT,1.55,N,VIIRS_NOAA21_NRT,False,306.51,287.35,0.53,0.67,12
53.42633,-1.65495,2026-08-13T03:36:00+00:00,2026-08-13,336,N21,VIIRS,n,nominal,2.0NRT,1.29,N,VIIRS_NOAA21_NRT,False,300.1,287.44,0.49,0.65,52
52.48026,-0.23771,2026-08-13T03:36:00+00:00,2026-08-13,336,N21,VIIRS,n,nominal,2.0NRT,2.66,N,VIIRS_NOAA21_NRT,False,298.7,286.47,0.6,0.71,3
53.54714,-1.93831,2026-08-13T03:36:00+00:00,2026-08-13,336,N21,VIIRS,n,nominal,2.0NRT,6.66,N,VIIRS_NOAA21_NRT,False,336.21,287.76,0.48,0.64,76
51.75861,-3.05397,2026-08-13T03:38:00+00:00,2026-08-13,338,N21,VIIRS,n,nominal,2.0NRT,1.89,N,VIIRS_NOAA21_NRT,True,298.73,286.97,0.51,0.66,65
51.81756,-3.20423,2026-08-13T03:38:00+00:00,2026-08-13,338,N21,VIIRS,n,nominal,2.0NRT,3.57,N,VIIRS_NOAA21_NRT,True,313.22,288.64,0.5,0.66,1
51.81849,-3.18684,2026-08-13T03:38:00+00:00,2026-08-13,338,N21,VIIRS,n,nominal,2.0NRT,2.78,N,VIIRS_NOAA21_NRT,True,298.11,285.59,0.5,0.66,1
51.81526,-3.19756,2026-08-13T03:38:00+00:00,2026-08-13,338,N21,VIIRS,n,nominal,2.0NRT,3.57,N,VIIRS_NOAA21_NRT,True,309.54,287.6,0.5,0.66,1
51.77308,-3.33556,2026-08-13T03:38:00+00:00,2026-08-13,338,N21,VIIRS,n,nominal,2.0NRT,1.44,N,VIIRS_NOAA21_NRT,True,299.31,286.44,0.49,0.65,6
51.75292,-3.05769,2026-08-13T03:38:00+00:00,2026-08-13,338,N21,VIIRS,n,nominal,2.0NRT,5.58,N,VIIRS_NOAA21_NRT,True,329.17,288.64,0.51,0.66,65
52.29019,-3.50013,2026-08-13T03:38:00+00:00,2026-08-13,338,N21,VIIRS,n,nominal,2.0NRT,5.42,N,VIIRS_NOAA21_NRT,True,326.23,287.87,0.47,0.64,66
51.68451,-5.03078,2026-08-13T03:38:00+00:00,2026-08-13,338,N21,VIIRS,n,nominal,2.0NRT,2.04,N,VIIRS_NOAA21_NRT,True,304.27,290.6,0.43,0.62,9
51.57891,-3.72957,2026-08-13T03:38:00+00:00,2026-08-13,338,N21,VIIRS,n,nominal,2.0NRT,1.32,N,VIIRS_NOAA21_NRT,True,304.43,288.94,0.48,0.65,74
51.39783,-3.396,2026-08-13T03:38:00+00:00,2026-08-13,338,N21,VIIRS,n,nominal,2.0NRT,0.96,N,VIIRS_NOAA21_NRT,True,297.24,284.34,0.51,0.66,81
50.83086,-1.3674,2026-08-13T03:38:00+00:00,2026-08-13,338,N21,VIIRS,n,nominal,2.0NRT,2.41,N,VIIRS_NOAA21_NRT,False,299.19,289.17,0.63,0.72,89
51.81987,-3.21093,2026-08-13T03:38:00+00:00,2026-08-13,338,N21,VIIRS,n,nominal,2.0NRT,5.95,N,VIIRS_NOAA21_NRT,True,327.39,291.07,0.5,0.66,1
52.285,-3.50468,2026-08-13T03:38:00+00:00,2026-08-13,338,N21,VIIRS,n,nominal,2.0NRT,4.24,N,VIIRS_NOAA21_NRT,True,340.66,289.06,0.47,0.64,66
51.75087,-3.05179,2026-08-13T03:38:00+00:00,2026-08-13,338,N21,VIIRS,n,nominal,2.0NRT,5.58,N,VIIRS_NOAA21_NRT,True,324.52,289.96,0.51,0.66,65
51.82299,-3.19992,2026-08-13T03:38:00+00:00,2026-08-13,338,N21,VIIRS,n,nominal,2.0NRT,5.01,N,VIIRS_NOAA21_NRT,True,296.8,286.47,0.5,0.66,1
52.28671,-3.50971,2026-08-13T03:38:00+00:00,2026-08-13,338,N21,VIIRS,n,nominal,2.0NRT,4.24,N,VIIRS_NOAA21_NRT,True,299.75,284.36,0.47,0.64,66
51.82618,-3.18908,2026-08-13T03:38:00+00:00,2026-08-13,338,N21,VIIRS,n,nominal,2.0NRT,5.01,N,VIIRS_NOAA21_NRT,True,321.18,289.72,0.5,0.66,1
52.28156,-3.49455,2026-08-13T03:38:00+00:00,2026-08-13,338,N21,VIIRS,n,nominal,2.0NRT,2.94,N,VIIRS_NOAA21_NRT,True,300.21,286.08,0.47,0.64,66
52.2797,-3.50892,2026-08-13T03:38:00+00:00,2026-08-13,338,N21,VIIRS,n,nominal,2.0NRT,4.24,N,VIIRS_NOAA21_NRT,True,316.88,285.63,0.47,0.64,66
52.27797,-3.5038,2026-08-13T03:38:00+00:00,2026-08-13,338,N21,VIIRS,n,nominal,2.0NRT,2.94,N,VIIRS_NOAA21_NRT,True,310.28,286.51,0.47,0.64,66
52.27606,-3.49819,2026-08-13T03:38:00+00:00,2026-08-13,338,N21,VIIRS,n,nominal,2.0NRT,2.94,N,VIIRS_NOAA21_NRT,True,320.03,287.88,0.47,0.64,66
52.09742,-3.78714,2026-08-13T03:38:00+00:00,2026-08-13,338,N21,VIIRS,n,nominal,2.0NRT,11.94,N,VIIRS_NOAA21_NRT,True,302.44,286.61,0.46,0.64,29
52.09568,-3.78199,2026-08-13T03:38:00+00:00,2026-08-13,338,N21,VIIRS,n,nominal,2.0NRT,11.94,N,VIIRS_NOAA21_NRT,True,330.24,288.77,0.46,0.64,29
52.09387,-3.77665,2026-08-13T03:38:00+00:00,2026-08-13,338,N21,VIIRS,n,nominal,2.0NRT,13.75,N,VIIRS_NOAA21_NRT,True,345.86,289.41,0.46,0.64,29
52.09203,-3.77123,2026-08-13T03:38:00+00:00,2026-08-13,338,N21,VIIRS,n,nominal,2.0NRT,13.75,N,VIIRS_NOAA21_NRT,True,332.47,288.94,0.46,0.64,29
52.09198,-3.79085,2026-08-13T03:38:00+00:00,2026-08-13,338,N21,VIIRS,n,nominal,2.0NRT,11.94,N,VIIRS_NOAA21_NRT,True,331.64,289.74,0.46,0.64,29
52.28339,-3.49995,2026-08-13T03:38:00+00:00,2026-08-13,338,N21,VIIRS,n,nominal,2.0NRT,2.94,N,VIIRS_NOAA21_NRT,True,306.17,287.71,0.47,0.64,66
52.09015,-3.78544,2026-08-13T03:38:00+00:00,2026-08-13,338,N21,VIIRS,h,high,2.0NRT,11.94,N,VIIRS_NOAA21_NRT,True,367.0,293.31,0.46,0.64,29
52.08833,-3.78008,2026-08-13T03:38:00+00:00,2026-08-13,338,N21,VIIRS,h,high,2.0NRT,13.75,N,VIIRS_NOAA21_NRT,True,367.0,295.33,0.46,0.64,29
52.08663,-3.79484,2026-08-13T03:38:00+00:00,2026-08-13,338,N21,VIIRS,n,nominal,2.0NRT,4.98,N,VIIRS_NOAA21_NRT,True,339.59,288.15,0.46,0.64,29
52.08463,-3.76917,2026-08-13T03:38:00+00:00,2026-08-13,338,N21,VIIRS,n,nominal,2.0NRT,3.59,N,VIIRS_NOAA21_NRT,True,298.2,287.66,0.46,0.64,29
52.08463,-3.78894,2026-08-13T03:38:00+00:00,2026-08-13,338,N21,VIIRS,n,nominal,2.0NRT,4.98,N,VIIRS_NOAA21_NRT,True,302.66,285.8,0.46,0.64,29
52.08266,-3.78315,2026-08-13T03:38:00+00:00,2026-08-13,338,N21,VIIRS,n,nominal,2.0NRT,2.15,N,VIIRS_NOAA21_NRT,True,305.18,288.24,0.46,0.64,29
51.84507,-3.19183,2026-08-13T03:38:00+00:00,2026-08-13,338,N21,VIIRS,n,nominal,2.0NRT,3.92,N,VIIRS_NOAA21_NRT,True,314.82,290.12,0.5,0.66,1
51.84447,-3.20198,2026-08-13T03:38:00+00:00,2026-08-13,338,N21,VIIRS,n,nominal,2.0NRT,7.12,N,VIIRS_NOAA21_NRT,True,305.22,290.01,0.5,0.66,1
51.84249,-3.19625,2026-08-13T03:38:00+00:00,2026-08-13,338,N21,VIIRS,n,nominal,2.0NRT,10.47,N,VIIRS_NOAA21_NRT,True,329.12,294.23,0.5,0.66,1
51.82531,-3.20664,2026-08-13T03:38:00+00:00,2026-08-13,338,N21,VIIRS,n,nominal,2.0NRT,8.14,N,VIIRS_NOAA21_NRT,True,331.46,293.08,0.5,0.66,1
52.08871,-3.80101,2026-08-13T03:38:00+00:00,2026-08-13,338,N21,VIIRS,n,nominal,2.0NRT,5.26,N,VIIRS_NOAA21_NRT,True,320.62,285.62,0.46,0.64,29
52.28468,-3.48387,2026-08-13T03:38:00+00:00,2026-08-13,338,N21,VIIRS,n,nominal,2.0NRT,1.73,N,VIIRS_NOAA21_NRT,True,299.47,288.01,0.47,0.64,66
52.08638,-3.77432,2026-08-13T03:38:00+00:00,2026-08-13,338,N21,VIIRS,n,nominal,2.0NRT,13.75,N,VIIRS_NOAA21_NRT,True,317.56,289.84,0.46,0.64,29
51.84256,-3.20454,2026-08-13T03:38:00+00:00,2026-08-13,338,N21,VIIRS,n,nominal,2.0NRT,12.45,N,VIIRS_NOAA21_NRT,True,315.36,291.79,0.5,0.65,1
51.84194,-3.21477,2026-08-13T03:38:00+00:00,2026-08-13,338,N21,VIIRS,n,nominal,2.0NRT,7.12,N,VIIRS_NOAA21_NRT,True,319.16,291.82,0.5,0.65,1
51.8406,-3.19894,2026-08-13T03:38:00+00:00,2026-08-13,338,N21,VIIRS,n,nominal,2.0NRT,12.45,N,VIIRS_NOAA21_NRT,True,332.67,295.42,0.5,0.66,1
51.84049,-3.19043,2026-08-13T03:38:00+00:00,2026-08-13,338,N21,VIIRS,n,nominal,2.0NRT,10.47,N,VIIRS_NOAA21_NRT,True,330.4,292.59,0.5,0.66,1
51.83998,-3.21701,2026-08-13T03:38:00+00:00,2026-08-13,338,N21,VIIRS,n,nominal,2.0NRT,14.85,N,VIIRS_NOAA21_NRT,True,336.14,294.65,0.5,0.65,1
51.83991,-3.20886,2026-08-13T03:38:00+00:00,2026-08-13,338,N21,VIIRS,n,nominal,2.0NRT,7.12,N,VIIRS_NOAA21_NRT,True,341.76,297.83,0.5,0.66,1
51.83857,-3.1931,2026-08-13T03:38:00+00:00,2026-08-13,338,N21,VIIRS,h,high,2.0NRT,10.87,N,VIIRS_NOAA21_NRT,True,367.0,298.42,0.5,0.66,1
51.8381,-3.18346,2026-08-13T03:38:00+00:00,2026-08-13,338,N21,VIIRS,n,nominal,2.0NRT,4.82,N,VIIRS_NOAA21_NRT,True,303.19,288.63,0.5,0.66,1
51.83796,-3.20321,2026-08-13T03:38:00+00:00,2026-08-13,338,N21,VIIRS,n,nominal,2.0NRT,10.47,N,VIIRS_NOAA21_NRT,True,345.01,299.66,0.5,0.66,1
51.83791,-3.2111,2026-08-13T03:38:00+00:00,2026-08-13,338,N21,VIIRS,n,nominal,2.0NRT,12.45,N,VIIRS_NOAA21_NRT,True,351.55,300.51,0.5,0.65,1
51.83712,-3.22086,2026-08-13T03:38:00+00:00,2026-08-13,338,N21,VIIRS,n,nominal,2.0NRT,8.86,N,VIIRS_NOAA21_NRT,True,318.33,288.74,0.5,0.65,1
51.83629,-3.18659,2026-08-13T03:38:00+00:00,2026-08-13,338,N21,VIIRS,n,nominal,2.0NRT,10.87,N,VIIRS_NOAA21_NRT,True,307.71,289.04,0.5,0.66,1
51.83584,-3.20518,2026-08-13T03:38:00+00:00,2026-08-13,338,N21,VIIRS,n,nominal,2.0NRT,12.45,N,VIIRS_NOAA21_NRT,True,353.34,300.9,0.5,0.66,1
51.83583,-3.19701,2026-08-13T03:38:00+00:00,2026-08-13,338,N21,VIIRS,n,nominal,2.0NRT,10.47,N,VIIRS_NOAA21_NRT,True,354.1,296.5,0.5,0.66,1
51.83496,-3.21461,2026-08-13T03:38:00+00:00,2026-08-13,338,N21,VIIRS,n,nominal,2.0NRT,8.86,N,VIIRS_NOAA21_NRT,True,340.93,295.12,0.5,0.66,1
51.83364,-3.1989,2026-08-13T03:38:00+00:00,2026-08-13,338,N21,VIIRS,n,nominal,2.0NRT,10.87,N,VIIRS_NOAA21_NRT,True,335.04,291.96,0.5,0.66,1
51.83362,-3.19058,2026-08-13T03:38:00+00:00,2026-08-13,338,N21,VIIRS,n,nominal,2.0NRT,4.82,N,VIIRS_NOAA21_NRT,True,300.42,286.86,0.5,0.66,1
51.83284,-3.20841,2026-08-13T03:38:00+00:00,2026-08-13,338,N21,VIIRS,n,nominal,2.0NRT,8.14,N,VIIRS_NOAA21_NRT,True,347.89,298.98,0.5,0.66,1
51.83067,-3.20213,2026-08-13T03:38:00+00:00,2026-08-13,338,N21,VIIRS,n,nominal,2.0NRT,8.14,N,VIIRS_NOAA21_NRT,True,338.45,294.65,0.5,0.66,1
51.82918,-3.18614,2026-08-13T03:38:00+00:00,2026-08-13,338,N21,VIIRS,n,nominal,2.0NRT,3.96,N,VIIRS_NOAA21_NRT,True,311.98,288.12,0.5,0.66,1
51.82753,-3.21309,2026-08-13T03:38:00+00:00,2026-08-13,338,N21,VIIRS,n,nominal,2.0NRT,8.14,N,VIIRS_NOAA21_NRT,True,309.87,288.4,0.5,0.66,1
52.2789,-3.5061,2026-08-13T04:12:00+00:00,2026-08-13,412,N,VIIRS,n,nominal,2.0NRT,5.81,N,VIIRS_SNPP_NRT,True,323.08,286.25,0.75,0.77,66
52.27317,-3.50165,2026-08-13T04:12:00+00:00,2026-08-13,412,N,VIIRS,n,nominal,2.0NRT,8.0,N,VIIRS_SNPP_NRT,True,307.49,283.88,0.75,0.77,66
52.27514,-3.4972,2026-08-13T04:12:00+00:00,2026-08-13,412,N,VIIRS,n,nominal,2.0NRT,5.81,N,VIIRS_SNPP_NRT,True,314.24,285.55,0.75,0.77,66
52.28042,-3.4981,2026-08-13T04:12:00+00:00,2026-08-13,412,N,VIIRS,n,nominal,2.0NRT,8.0,N,VIIRS_SNPP_NRT,True,322.41,288.7,0.75,0.77,66
53.55323,-1.93366,2026-08-13T04:12:00+00:00,2026-08-13,412,N,VIIRS,n,nominal,2.0NRT,1.2,N,VIIRS_SNPP_NRT,False,309.69,285.12,0.75,0.77,76
52.28535,-3.5006,2026-08-13T04:12:00+00:00,2026-08-13,412,N,VIIRS,n,nominal,2.0NRT,5.81,N,VIIRS_SNPP_NRT,True,322.9,288.85,0.75,0.77,66
52.28665,-3.51303,2026-08-13T04:12:00+00:00,2026-08-13,412,N,VIIRS,n,nominal,2.0NRT,13.35,N,VIIRS_SNPP_NRT,True,315.89,284.21,0.75,0.77,66
52.28192,-3.49248,2026-08-13T04:12:00+00:00,2026-08-13,412,N,VIIRS,n,nominal,2.0NRT,5.81,N,VIIRS_SNPP_NRT,True,305.5,287.29,0.75,0.77,66
52.28836,-3.50772,2026-08-13T04:12:00+00:00,2026-08-13,412,N,VIIRS,h,high,2.0NRT,25.03,N,VIIRS_SNPP_NRT,True,367.0,287.01,0.75,0.77,66
52.29425,-3.5009,2026-08-13T04:12:00+00:00,2026-08-13,412,N,VIIRS,n,nominal,2.0NRT,4.1,N,VIIRS_SNPP_NRT,True,311.06,285.64,0.75,0.77,66
53.54695,-1.93978,2026-08-13T04:12:00+00:00,2026-08-13,412,N,VIIRS,n,nominal,2.0NRT,1.07,N,VIIRS_SNPP_NRT,False,301.16,284.34,0.75,0.77,76
52.28344,-3.50533,2026-08-13T04:12:00+00:00,2026-08-13,412,N,VIIRS,n,nominal,2.0NRT,8.0,N,VIIRS_SNPP_NRT,True,351.73,288.77,0.75,0.77,66
56.00865,-3.67183,2026-08-13T04:12:00+00:00,2026-08-13,412,N,VIIRS,n,nominal,2.0NRT,1.27,N,VIIRS_SNPP_NRT,False,301.88,272.29,0.52,0.67,85
52.09886,-3.78604,2026-08-13T04:14:00+00:00,2026-08-13,414,N,VIIRS,n,nominal,2.0NRT,8.48,N,VIIRS_SNPP_NRT,True,305.23,285.48,0.75,0.77,29
52.08489,-3.78347,2026-08-13T04:14:00+00:00,2026-08-13,414,N,VIIRS,n,nominal,2.0NRT,6.71,N,VIIRS_SNPP_NRT,True,307.19,285.28,0.75,0.77,29
52.08504,-3.77404,2026-08-13T04:14:00+00:00,2026-08-13,414,N,VIIRS,n,nominal,2.0NRT,6.68,N,VIIRS_SNPP_NRT,True,301.02,286.32,0.75,0.77,29
52.10127,-3.78097,2026-08-13T04:14:00+00:00,2026-08-13,414,N,VIIRS,n,nominal,2.0NRT,2.63,N,VIIRS_SNPP_NRT,True,305.44,284.75,0.75,0.77,29
52.08829,-3.77072,2026-08-13T04:14:00+00:00,2026-08-13,414,N,VIIRS,n,nominal,2.0NRT,7.86,N,VIIRS_SNPP_NRT,True,311.57,286.64,0.75,0.77,29
52.08863,-3.79244,2026-08-13T04:14:00+00:00,2026-08-13,414,N,VIIRS,n,nominal,2.0NRT,6.71,N,VIIRS_SNPP_NRT,True,330.19,285.44,0.75,0.77,29
52.08881,-3.78296,2026-08-13T04:14:00+00:00,2026-08-13,414,N,VIIRS,n,nominal,2.0NRT,6.68,N,VIIRS_SNPP_NRT,True,341.57,287.46,0.75,0.77,29
52.09826,-3.77373,2026-08-13T04:14:00+00:00,2026-08-13,414,N,VIIRS,n,nominal,2.0NRT,2.63,N,VIIRS_SNPP_NRT,True,308.04,285.46,0.75,0.77,29
52.0919,-3.77937,2026-08-13T04:14:00+00:00,2026-08-13,414,N,VIIRS,n,nominal,2.0NRT,6.71,N,VIIRS_SNPP_NRT,True,350.17,289.38,0.75,0.77,29
52.09215,-3.77015,2026-08-13T04:14:00+00:00,2026-08-13,414,N,VIIRS,n,nominal,2.0NRT,6.68,N,VIIRS_SNPP_NRT,True,328.02,287.19,0.75,0.77,29
52.09235,-3.79133,2026-08-13T04:14:00+00:00,2026-08-13,414,N,VIIRS,n,nominal,2.0NRT,8.48,N,VIIRS_SNPP_NRT,True,326.54,287.24,0.75,0.77,29
52.09276,-3.80234,2026-08-13T04:14:00+00:00,2026-08-13,414,N,VIIRS,n,nominal,2.0NRT,5.3,N,VIIRS_SNPP_NRT,True,295.72,284.17,0.75,0.77,29
52.09512,-3.7662,2026-08-13T04:14:00+00:00,2026-08-13,414,N,VIIRS,n,nominal,2.0NRT,2.96,N,VIIRS_SNPP_NRT,True,309.26,286.2,0.75,0.77,29
52.08602,-3.79706,2026-08-13T04:14:00+00:00,2026-08-13,414,N,VIIRS,n,nominal,2.0NRT,1.13,N,VIIRS_SNPP_NRT,True,299.45,283.86,0.75,0.77,29
52.09564,-3.77841,2026-08-13T04:14:00+00:00,2026-08-13,414,N,VIIRS,n,nominal,2.0NRT,6.68,N,VIIRS_SNPP_NRT,True,330.87,287.29,0.75,0.77,29
52.0954,-3.78777,2026-08-13T04:14:00+00:00,2026-08-13,414,N,VIIRS,n,nominal,2.0NRT,6.71,N,VIIRS_SNPP_NRT,True,310.38,286.75,0.75,0.77,29
51.82185,-3.20212,2026-08-13T11:47:00+00:00,2026-08-13,1147,N21,VIIRS,n,nominal,2.0NRT,9.1,D,VIIRS_NOAA21_NRT,True,343.24,308.69,0.43,0.62,1
51.82522,-3.21144,2026-08-13T11:47:00+00:00,2026-08-13,1147,N21,VIIRS,h,high,2.0NRT,14.97,D,VIIRS_NOAA21_NRT,True,367.0,309.1,0.43,0.62,1
51.82556,-3.1908,2026-08-13T11:47:00+00:00,2026-08-13,1147,N21,VIIRS,l,low,2.0NRT,19.84,D,VIIRS_NOAA21_NRT,True,334.5,306.57,0.43,0.62,1
51.83217,-3.20985,2026-08-13T11:47:00+00:00,2026-08-13,1147,N21,VIIRS,n,nominal,2.0NRT,14.97,D,VIIRS_NOAA21_NRT,True,352.94,310.86,0.43,0.62,1
51.82745,-3.18507,2026-08-13T11:47:00+00:00,2026-08-13,1147,N21,VIIRS,n,nominal,2.0NRT,9.54,D,VIIRS_NOAA21_NRT,True,347.13,306.58,0.43,0.62,1
51.82892,-3.20018,2026-08-13T11:47:00+00:00,2026-08-13,1147,N21,VIIRS,n,nominal,2.0NRT,15.2,D,VIIRS_NOAA21_NRT,True,347.74,309.72,0.43,0.62,1
51.834,-3.20429,2026-08-13T11:47:00+00:00,2026-08-13,1147,N21,VIIRS,h,high,2.0NRT,15.2,D,VIIRS_NOAA21_NRT,True,367.0,313.3,0.43,0.62,1
51.83575,-3.19894,2026-08-13T11:47:00+00:00,2026-08-13,1147,N21,VIIRS,n,nominal,2.0NRT,15.2,D,VIIRS_NOAA21_NRT,True,352.16,309.75,0.43,0.62,1
51.83714,-3.21432,2026-08-13T11:47:00+00:00,2026-08-13,1147,N21,VIIRS,h,high,2.0NRT,10.51,D,VIIRS_NOAA21_NRT,True,367.0,310.61,0.43,0.62,1
51.8271,-3.20571,2026-08-13T11:47:00+00:00,2026-08-13,1147,N21,VIIRS,h,high,2.0NRT,14.97,D,VIIRS_NOAA21_NRT,True,367.0,312.5,0.43,0.62,1
51.82001,-3.20771,2026-08-13T11:47:00+00:00,2026-08-13,1147,N21,VIIRS,h,high,2.0NRT,9.1,D,VIIRS_NOAA21_NRT,True,367.0,312.12,0.43,0.62,1
51.62346,-3.41752,2026-08-13T11:47:00+00:00,2026-08-13,1147,N21,VIIRS,n,nominal,2.0NRT,55.49,D,VIIRS_NOAA21_NRT,True,353.28,310.98,0.44,0.63,92
51.81721,-3.20148,2026-08-13T11:47:00+00:00,2026-08-13,1147,N21,VIIRS,n,nominal,2.0NRT,7.97,D,VIIRS_NOAA21_NRT,True,336.31,306.15,0.43,0.62,1
51.81659,-3.19852,2026-08-13T11:47:00+00:00,2026-08-13,1147,N21,VIIRS,n,nominal,2.0NRT,9.1,D,VIIRS_NOAA21_NRT,True,344.61,308.58,0.43,0.62,1
51.77979,-3.32988,2026-08-13T11:47:00+00:00,2026-08-13,1147,N21,VIIRS,n,nominal,2.0NRT,11.11,D,VIIRS_NOAA21_NRT,True,351.39,300.69,0.43,0.62,6
51.77789,-3.33565,2026-08-13T11:47:00+00:00,2026-08-13,1147,N21,VIIRS,n,nominal,2.0NRT,15.49,D,VIIRS_NOAA21_NRT,True,349.05,304.81,0.43,0.62,6
51.75563,-3.05568,2026-08-13T11:47:00+00:00,2026-08-13,1147,N21,VIIRS,n,nominal,2.0NRT,6.13,D,VIIRS_NOAA21_NRT,True,345.7,303.42,0.42,0.61,65
51.62705,-3.41734,2026-08-13T11:47:00+00:00,2026-08-13,1147,N21,VIIRS,h,high,2.0NRT,27.12,D,VIIRS_NOAA21_NRT,True,367.0,300.33,0.44,0.63,92
51.62515,-3.41241,2026-08-13T11:47:00+00:00,2026-08-13,1147,N21,VIIRS,n,nominal,2.0NRT,26.34,D,VIIRS_NOAA21_NRT,True,330.74,299.0,0.44,0.63,92
51.83741,-3.19387,2026-08-13T11:47:00+00:00,2026-08-13,1147,N21,VIIRS,h,high,2.0NRT,12.21,D,VIIRS_NOAA21_NRT,True,367.0,310.75,0.43,0.62,1
51.62166,-3.4139,2026-08-13T11:47:00+00:00,2026-08-13,1147,N21,VIIRS,h,high,2.0NRT,27.12,D,VIIRS_NOAA21_NRT,True,367.0,304.77,0.44,0.63,92
51.62004,-3.41889,2026-08-13T11:47:00+00:00,2026-08-13,1147,N21,VIIRS,n,nominal,2.0NRT,37.92,D,VIIRS_NOAA21_NRT,True,350.87,302.75,0.44,0.63,92
51.61295,-3.42063,2026-08-13T11:47:00+00:00,2026-08-13,1147,N21,VIIRS,n,nominal,2.0NRT,11.08,D,VIIRS_NOAA21_NRT,True,342.04,298.73,0.44,0.63,92
51.61102,-3.41556,2026-08-13T11:47:00+00:00,2026-08-13,1147,N21,VIIRS,n,nominal,2.0NRT,8.23,D,VIIRS_NOAA21_NRT,True,346.06,298.36,0.44,0.63,92
51.49892,-3.40942,2026-08-13T11:47:00+00:00,2026-08-13,1147,N21,VIIRS,n,nominal,2.0NRT,7.22,D,VIIRS_NOAA21_NRT,True,349.61,298.97,0.45,0.63,93
51.81903,-3.19584,2026-08-13T11:47:00+00:00,2026-08-13,1147,N21,VIIRS,l,low,2.0NRT,14.46,D,VIIRS_NOAA21_NRT,True,337.53,307.68,0.43,0.62,1
51.83883,-3.20913,2026-08-13T11:47:00+00:00,2026-08-13,1147,N21,VIIRS,n,nominal,2.0NRT,11.54,D,VIIRS_NOAA21_NRT,True,345.46,307.77,0.43,0.62,1
52.09139,-3.76894,2026-08-13T11:47:00+00:00,2026-08-13,1147,N21,VIIRS,n,nominal,2.0NRT,5.44,D,VIIRS_NOAA21_NRT,True,332.99,301.43,0.44,0.62,29
51.84046,-3.20416,2026-08-13T11:47:00+00:00,2026-08-13,1147,N21,VIIRS,n,nominal,2.0NRT,11.54,D,VIIRS_NOAA21_NRT,True,339.58,307.55,0.43,0.62,1
51.4971,-3.40716,2026-08-13T11:47:00+00:00,2026-08-13,1147,N21,VIIRS,n,nominal,2.0NRT,9.02,D,VIIRS_NOAA21_NRT,True,350.77,299.26,0.45,0.63,93
53.54921,-1.93675,2026-08-13T11:47:00+00:00,2026-08-13,1147,N21,VIIRS,n,nominal,2.0NRT,2.9,D,VIIRS_NOAA21_NRT,False,335.38,298.55,0.33,0.56,76
53.42957,-1.65364,2026-08-13T11:47:00+00:00,2026-08-13,1147,N21,VIIRS,n,nominal,2.0NRT,2.59,D,VIIRS_NOAA21_NRT,False,331.36,298.55,0.33,0.55,52
52.92623,1.12203,2026-08-13T11:47:00+00:00,2026-08-13,1147,N21,VIIRS,n,nominal,2.0NRT,3.51,D,VIIRS_NOAA21_NRT,False,335.97,306.78,0.54,0.51,94
52.48375,-0.22993,2026-08-13T11:47:00+00:00,2026-08-13,1147,N21,VIIRS,l,low,2.0NRT,1.5,D,VIIRS_NOAA21_NRT,False,330.34,302.73,0.62,0.54,3
52.28239,-3.50381,2026-08-13T11:47:00+00:00,2026-08-13,1147,N21,VIIRS,n,nominal,2.0NRT,10.56,D,VIIRS_NOAA21_NRT,True,354.17,305.01,0.42,0.61,66
52.28017,-3.51061,2026-08-13T11:47:00+00:00,2026-08-13,1147,N21,VIIRS,n,nominal,2.0NRT,10.56,D,VIIRS_NOAA21_NRT,True,332.33,298.83,0.42,0.61,66
52.27755,-3.49898,2026-08-13T11:47:00+00:00,2026-08-13,1147,N21,VIIRS,h,high,2.0NRT,10.56,D,VIIRS_NOAA21_NRT,True,367.0,304.58,0.42,0.61,66
52.11184,-3.63681,2026-08-13T11:47:00+00:00,2026-08-13,1147,N21,VIIRS,n,nominal,2.0NRT,4.92,D,VIIRS_NOAA21_NRT,True,340.94,299.93,0.43,0.62,95
52.10071,-3.76972,2026-08-13T11:47:00+00:00,2026-08-13,1147,N21,VIIRS,h,high,2.0NRT,12.64,D,VIIRS_NOAA21_NRT,True,367.0,298.81,0.44,0.62,29
52.09873,-3.77573,2026-08-13T11:47:00+00:00,2026-08-13,1147,N21,VIIRS,n,nominal,2.0NRT,12.64,D,VIIRS_NOAA21_NRT,True,345.25,298.59,0.44,0.62,29
52.09846,-3.76736,2026-08-13T11:47:00+00:00,2026-08-13,1147,N21,VIIRS,h,high,2.0NRT,43.53,D,VIIRS_NOAA21_NRT,True,367.0,304.66,0.44,0.62,29
51.83895,-3.18915,2026-08-13T11:47:00+00:00,2026-08-13,1147,N21,VIIRS,n,nominal,2.0NRT,12.21,D,VIIRS_NOAA21_NRT,True,340.59,307.18,0.43,0.62,1
52.09636,-3.77365,2026-08-13T11:47:00+00:00,2026-08-13,1147,N21,VIIRS,n,nominal,2.0NRT,24.52,D,VIIRS_NOAA21_NRT,True,344.84,300.47,0.44,0.62,29
52.09404,-3.77018,2026-08-13T11:47:00+00:00,2026-08-13,1147,N21,VIIRS,n,nominal,2.0NRT,12.64,D,VIIRS_NOAA21_NRT,True,335.59,303.06,0.44,0.62,29
52.09185,-3.7871,2026-08-13T11:47:00+00:00,2026-08-13,1147,N21,VIIRS,n,nominal,2.0NRT,9.41,D,VIIRS_NOAA21_NRT,True,348.58,308.24,0.44,0.62,29
52.09175,-3.77716,2026-08-13T11:47:00+00:00,2026-08-13,1147,N21,VIIRS,n,nominal,2.0NRT,13.98,D,VIIRS_NOAA21_NRT,True,340.22,306.02,0.44,0.62,29
52.08963,-3.79376,2026-08-13T11:47:00+00:00,2026-08-13,1147,N21,VIIRS,n,nominal,2.0NRT,9.41,D,VIIRS_NOAA21_NRT,True,342.75,302.1,0.44,0.62,29
52.08944,-3.78418,2026-08-13T11:47:00+00:00,2026-08-13,1147,N21,VIIRS,n,nominal,2.0NRT,13.98,D,VIIRS_NOAA21_NRT,True,355.24,303.96,0.44,0.62,29
52.08901,-3.77603,2026-08-13T11:47:00+00:00,2026-08-13,1147,N21,VIIRS,n,nominal,2.0NRT,5.44,D,VIIRS_NOAA21_NRT,True,335.15,304.02,0.44,0.62,29
52.08722,-3.79094,2026-08-13T11:47:00+00:00,2026-08-13,1147,N21,VIIRS,n,nominal,2.0NRT,12.64,D,VIIRS_NOAA21_NRT,True,339.8,301.43,0.44,0.62,29
52.0867,-3.78295,2026-08-13T11:47:00+00:00,2026-08-13,1147,N21,VIIRS,n,nominal,2.0NRT,8.24,D,VIIRS_NOAA21_NRT,True,334.82,298.38,0.44,0.62,29
52.08649,-3.77333,2026-08-13T11:47:00+00:00,2026-08-13,1147,N21,VIIRS,n,nominal,2.0NRT,5.93,D,VIIRS_NOAA21_NRT,True,331.05,298.28,0.44,0.62,29
52.0838,-3.77206,2026-08-13T11:47:00+00:00,2026-08-13,1147,N21,VIIRS,n,nominal,2.0NRT,5.44,D,VIIRS_NOAA21_NRT,True,337.39,297.85,0.44,0.62,29
51.84203,-3.19936,2026-08-13T11:47:00+00:00,2026-08-13,1147,N21,VIIRS,n,nominal,2.0NRT,7.48,D,VIIRS_NOAA21_NRT,True,332.3,303.67,0.43,0.62,1
51.84195,-3.21926,2026-08-13T11:47:00+00:00,2026-08-13,1147,N21,VIIRS,n,nominal,2.0NRT,10.51,D,VIIRS_NOAA21_NRT,True,334.27,300.2,0.43,0.62,1
52.09615,-3.76377,2026-08-13T11:47:00+00:00,2026-08-13,1147,N21,VIIRS,h,high,2.0NRT,12.64,D,VIIRS_NOAA21_NRT,True,367.0,300.63,0.44,0.62,29
52.27208,-3.49612,2026-08-13T11:47:00+00:00,2026-08-13,1147,N21,VIIRS,h,high,2.0NRT,14.32,D,VIIRS_NOAA21_NRT,True,367.0,300.48,0.42,0.61,66
52.09031,-3.79513,2026-08-13T12:21:00+00:00,2026-08-13,1221,N,VIIRS,n,nominal,2.0NRT,5.48,D,VIIRS_SNPP_NRT,True,337.9,307.16,0.49,0.48,29
53.81094,-1.64051,2026-08-13T12:21:00+00:00,2026-08-13,1221,N,VIIRS,n,nominal,2.0NRT,18.32,D,VIIRS_SNPP_NRT,False,344.69,297.76,0.55,0.43,96
51.82204,-3.19818,2026-08-13T12:21:00+00:00,2026-08-13,1221,N,VIIRS,n,nominal,2.0NRT,13.54,D,VIIRS_SNPP_NRT,True,334.74,307.78,0.47,0.48,1
51.82285,-3.21367,2026-08-13T12:21:00+00:00,2026-08-13,1221,N,VIIRS,n,nominal,2.0NRT,6.66,D,VIIRS_SNPP_NRT,True,341.96,309.23,0.47,0.48,1
51.82333,-3.21305,2026-08-13T12:21:00+00:00,2026-08-13,1221,N,VIIRS,n,nominal,2.0NRT,13.54,D,VIIRS_SNPP_NRT,True,342.98,310.35,0.47,0.48,1
51.82375,-3.19162,2026-08-13T12:21:00+00:00,2026-08-13,1221,N,VIIRS,l,low,2.0NRT,7.29,D,VIIRS_SNPP_NRT,True,338.21,312.77,0.47,0.48,1
51.82415,-3.19091,2026-08-13T12:21:00+00:00,2026-08-13,1221,N,VIIRS,l,low,2.0NRT,10.32,D,VIIRS_SNPP_NRT,True,338.49,312.4,0.47,0.48,1
51.82455,-3.2071,2026-08-13T12:21:00+00:00,2026-08-13,1221,N,VIIRS,h,high,2.0NRT,13.54,D,VIIRS_SNPP_NRT,True,367.0,318.68,0.47,0.48,1
51.825,-3.20646,2026-08-13T12:21:00+00:00,2026-08-13,1221,N,VIIRS,h,high,2.0NRT,13.54,D,VIIRS_SNPP_NRT,True,367.0,317.45,0.47,0.48,1
51.82082,-3.20399,2026-08-13T12:21:00+00:00,2026-08-13,1221,N,VIIRS,n,nominal,2.0NRT,13.54,D,VIIRS_SNPP_NRT,True,355.36,316.39,0.47,0.48,1
51.82547,-3.18501,2026-08-13T12:21:00+00:00,2026-08-13,1221,N,VIIRS,n,nominal,2.0NRT,7.29,D,VIIRS_SNPP_NRT,True,349.0,311.14,0.47,0.48,1
51.82624,-3.20061,2026-08-13T12:21:00+00:00,2026-08-13,1221,N,VIIRS,n,nominal,2.0NRT,13.54,D,VIIRS_SNPP_NRT,True,338.46,311.14,0.47,0.48,1
51.82666,-3.19996,2026-08-13T12:21:00+00:00,2026-08-13,1221,N,VIIRS,n,nominal,2.0NRT,10.32,D,VIIRS_SNPP_NRT,True,336.56,311.0,0.47,0.48,1
51.82872,-3.20965,2026-08-13T12:21:00+00:00,2026-08-13,1221,N,VIIRS,n,nominal,2.0NRT,10.79,D,VIIRS_SNPP_NRT,True,346.07,310.88,0.47,0.48,1
51.8296,-3.18769,2026-08-13T12:21:00+00:00,2026-08-13,1221,N,VIIRS,n,nominal,2.0NRT,7.29,D,VIIRS_SNPP_NRT,True,340.63,307.61,0.47,0.48,1
51.82995,-3.18701,2026-08-13T12:21:00+00:00,2026-08-13,1221,N,VIIRS,l,low,2.0NRT,6.56,D,VIIRS_SNPP_NRT,True,336.59,307.16,0.47,0.48,1
51.83041,-3.20315,2026-08-13T12:21:00+00:00,2026-08-13,1221,N,VIIRS,n,nominal,2.0NRT,10.79,D,VIIRS_SNPP_NRT,True,354.87,317.21,0.47,0.48,1
51.83082,-3.20253,2026-08-13T12:21:00+00:00,2026-08-13,1221,N,VIIRS,n,nominal,2.0NRT,15.65,D,VIIRS_SNPP_NRT,True,356.69,317.17,0.47,0.48,1
51.82583,-3.18428,2026-08-13T12:21:00+00:00,2026-08-13,1221,N,VIIRS,n,nominal,2.0NRT,6.56,D,VIIRS_SNPP_NRT,True,346.36,311.15,0.47,0.48,1
51.82036,-3.20463,2026-08-13T12:21:00+00:00,2026-08-13,1221,N,VIIRS,n,nominal,2.0NRT,13.54,D,VIIRS_SNPP_NRT,True,355.84,316.83,0.47,0.48,1
51.81915,-3.21053,2026-08-13T12:21:00+00:00,2026-08-13,1221,N,VIIRS,n,nominal,2.0NRT,13.54,D,VIIRS_SNPP_NRT,True,342.89,309.51,0.47,0.48,1
51.81866,-3.21117,2026-08-13T12:21:00+00:00,2026-08-13,1221,N,VIIRS,n,nominal,2.0NRT,6.66,D,VIIRS_SNPP_NRT,True,334.57,307.69,0.47,0.48,1
50.93315,0.09995,2026-08-13T12:21:00+00:00,2026-08-13,1221,N,VIIRS,n,nominal,2.0NRT,5.89,D,VIIRS_SNPP_NRT,False,335.76,306.83,0.56,0.43,97
51.49883,-3.40906,2026-08-13T12:21:00+00:00,2026-08-13,1221,N,VIIRS,n,nominal,2.0NRT,6.83,D,VIIRS_SNPP_NRT,True,351.71,300.9,0.49,0.49,93
51.5802,-3.73254,2026-08-13T12:21:00+00:00,2026-08-13,1221,N,VIIRS,n,nominal,2.0NRT,4.06,D,VIIRS_SNPP_NRT,True,330.91,300.76,0.5,0.49,74
51.61296,-3.41442,2026-08-13T12:21:00+00:00,2026-08-13,1221,N,VIIRS,n,nominal,2.0NRT,10.34,D,VIIRS_SNPP_NRT,True,341.29,301.03,0.49,0.48,92
51.62154,-3.41913,2026-08-13T12:21:00+00:00,2026-08-13,1221,N,VIIRS,n,nominal,2.0NRT,21.04,D,VIIRS_SNPP_NRT,True,343.92,310.0,0.49,0.48,92
51.62308,-3.4132,2026-08-13T12:21:00+00:00,2026-08-13,1221,N,VIIRS,n,nominal,2.0NRT,13.65,D,VIIRS_SNPP_NRT,True,345.31,306.32,0.49,0.48,92
51.62735,-3.41559,2026-08-13T12:21:00+00:00,2026-08-13,1221,N,VIIRS,n,nominal,2.0NRT,13.65,D,VIIRS_SNPP_NRT,True,342.49,300.77,0.49,0.48,92
51.75301,-3.05558,2026-08-13T12:21:00+00:00,2026-08-13,1221,N,VIIRS,n,nominal,2.0NRT,3.66,D,VIIRS_SNPP_NRT,True,338.5,305.45,0.47,0.48,65
51.75374,-3.05447,2026-08-13T12:21:00+00:00,2026-08-13,1221,N,VIIRS,n,nominal,2.0NRT,8.91,D,VIIRS_SNPP_NRT,True,341.21,308.69,0.47,0.48,65
51.75713,-3.05826,2026-08-13T12:21:00+00:00,2026-08-13,1221,N,VIIRS,l,low,2.0NRT,3.66,D,VIIRS_SNPP_NRT,True,330.6,300.62,0.47,0.48,65
51.75786,-3.05714,2026-08-13T12:21:00+00:00,2026-08-13,1221,N,VIIRS,n,nominal,2.0NRT,8.91,D,VIIRS_SNPP_NRT,True,336.11,301.33,0.47,0.48,65
51.75891,-3.05134,2026-08-13T12:21:00+00:00,2026-08-13,1221,N,VIIRS,n,nominal,2.0NRT,12.14,D,VIIRS_SNPP_NRT,True,339.4,304.53,0.47,0.48,65
51.77752,-3.33545,2026-08-13T12:21:00+00:00,2026-08-13,1221,N,VIIRS,n,nominal,2.0NRT,10.25,D,VIIRS_SNPP_NRT,True,342.28,307.36,0.48,0.48,6
51.77922,-3.32884,2026-08-13T12:21:00+00:00,2026-08-13,1221,N,VIIRS,n,nominal,2.0NRT,10.25,D,VIIRS_SNPP_NRT,True,343.47,304.98,0.48,0.48,6
51.81412,-3.19248,2026-08-13T12:21:00+00:00,2026-08-13,1221,N,VIIRS,l,low,2.0NRT,7.64,D,VIIRS_SNPP_NRT,True,335.16,309.89,0.47,0.48,1
51.81662,-3.20154,2026-08-13T12:21:00+00:00,2026-08-13,1221,N,VIIRS,n,nominal,2.0NRT,6.71,D,VIIRS_SNPP_NRT,True,342.4,310.52,0.47,0.48,1
51.81828,-3.19502,2026-08-13T12:21:00+00:00,2026-08-13,1221,N,VIIRS,l,low,2.0NRT,7.64,D,VIIRS_SNPP_NRT,True,340.61,311.28,0.47,0.48,1
51.83283,-3.21245,2026-08-13T12:21:00+00:00,2026-08-13,1221,N,VIIRS,n,nominal,2.0NRT,10.79,D,VIIRS_SNPP_NRT,True,351.66,316.28,0.47,0.48,1
53.81129,-1.64174,2026-08-13T12:21:00+00:00,2026-08-13,1221,N,VIIRS,n,nominal,2.0NRT,10.63,D,VIIRS_SNPP_NRT,False,343.91,297.23,0.55,0.43,96
51.83327,-3.21185,2026-08-13T12:21:00+00:00,2026-08-13,1221,N,VIIRS,n,nominal,2.0NRT,9.39,D,VIIRS_SNPP_NRT,True,355.99,317.69,0.47,0.48,1
51.83492,-3.20533,2026-08-13T12:21:00+00:00,2026-08-13,1221,N,VIIRS,h,high,2.0NRT,15.65,D,VIIRS_SNPP_NRT,True,367.0,317.61,0.47,0.48,1
52.10004,-3.77662,2026-08-13T12:21:00+00:00,2026-08-13,1221,N,VIIRS,n,nominal,2.0NRT,14.25,D,VIIRS_SNPP_NRT,True,337.86,298.91,0.49,0.48,29
52.10188,-3.7696,2026-08-13T12:21:00+00:00,2026-08-13,1221,N,VIIRS,h,high,2.0NRT,14.25,D,VIIRS_SNPP_NRT,True,367.0,298.08,0.49,0.48,29
52.15825,-3.55224,2026-08-13T12:21:00+00:00,2026-08-13,1221,N,VIIRS,n,nominal,2.0NRT,3.06,D,VIIRS_SNPP_NRT,True,336.56,305.06,0.48,0.48,98
52.27462,-3.49332,2026-08-13T12:21:00+00:00,2026-08-13,1221,N,VIIRS,n,nominal,2.0NRT,38.15,D,VIIRS_SNPP_NRT,True,341.82,305.73,0.47,0.48,66
52.27707,-3.50254,2026-08-13T12:21:00+00:00,2026-08-13,1221,N,VIIRS,n,nominal,2.0NRT,38.15,D,VIIRS_SNPP_NRT,True,357.93,311.29,0.47,0.48,66
52.27889,-3.49543,2026-08-13T12:21:00+00:00,2026-08-13,1221,N,VIIRS,n,nominal,2.0NRT,38.15,D,VIIRS_SNPP_NRT,True,349.27,307.07,0.47,0.48,66
52.28114,-3.50544,2026-08-13T12:21:00+00:00,2026-08-13,1221,N,VIIRS,n,nominal,2.0NRT,7.14,D,VIIRS_SNPP_NRT,True,353.07,309.79,0.47,0.48,66
52.28301,-3.49818,2026-08-13T12:21:00+00:00,2026-08-13,1221,N,VIIRS,l,low,2.0NRT,7.14,D,VIIRS_SNPP_NRT,True,335.25,307.9,0.47,0.48,66
52.28509,-3.50885,2026-08-13T12:21:00+00:00,2026-08-13,1221,N,VIIRS,n,nominal,2.0NRT,7.14,D,VIIRS_SNPP_NRT,True,340.14,300.21,0.47,0.48,66
52.40945,-2.12705,2026-08-13T12:21:00+00:00,2026-08-13,1221,N,VIIRS,n,nominal,2.0NRT,5.42,D,VIIRS_SNPP_NRT,False,341.09,304.7,0.41,0.45,99
52.48273,-0.23433,2026-08-13T12:21:00+00:00,2026-08-13,1221,N,VIIRS,n,nominal,2.0NRT,5.84,D,VIIRS_SNPP_NRT,False,344.99,308.95,0.53,0.42,3
52.48394,-1.76127,2026-08-13T12:21:00+00:00,2026-08-13,1221,N,VIIRS,n,nominal,2.0NRT,2.03,D,VIIRS_SNPP_NRT,False,333.49,303.26,0.4,0.44,100
52.72344,-2.44037,2026-08-13T12:21:00+00:00,2026-08-13,1221,N,VIIRS,n,nominal,2.0NRT,2.88,D,VIIRS_SNPP_NRT,False,339.09,301.69,0.42,0.45,101
53.27279,-2.83806,2026-08-13T12:21:00+00:00,2026-08-13,1221,N,VIIRS,n,nominal,2.0NRT,2.94,D,VIIRS_SNPP_NRT,True,340.46,303.8,0.42,0.45,102
53.55011,-1.94091,2026-08-13T12:21:00+00:00,2026-08-13,1221,N,VIIRS,n,nominal,2.0NRT,2.93,D,VIIRS_SNPP_NRT,False,332.58,300.42,0.57,0.43,76
53.56574,-0.59726,2026-08-13T12:21:00+00:00,2026-08-13,1221,N,VIIRS,n,nominal,2.0NRT,5.79,D,VIIRS_SNPP_NRT,False,338.22,306.57,0.52,0.41,12
53.67452,-1.40784,2026-08-13T12:21:00+00:00,2026-08-13,1221,N,VIIRS,l,low,2.0NRT,2.61,D,VIIRS_SNPP_NRT,False,330.19,303.0,0.55,0.42,103
52.09987,-3.75845,2026-08-13T12:21:00+00:00,2026-08-13,1221,N,VIIRS,n,nominal,2.0NRT,14.86,D,VIIRS_SNPP_NRT,True,339.93,299.35,0.49,0.48,29
51.83452,-3.20594,2026-08-13T12:21:00+00:00,2026-08-13,1221,N,VIIRS,h,high,2.0NRT,10.79,D,VIIRS_SNPP_NRT,True,367.0,317.69,0.47,0.48,1
52.09794,-3.76584,2026-08-13T12:21:00+00:00,2026-08-13,1221,N,VIIRS,n,nominal,2.0NRT,14.25,D,VIIRS_SNPP_NRT,True,355.8,306.55,0.49,0.48,29
51.84094,-3.21841,2026-08-13T12:21:00+00:00,2026-08-13,1221,N,VIIRS,n,nominal,2.0NRT,9.51,D,VIIRS_SNPP_NRT,True,336.03,304.24,0.47,0.48,1
51.83617,-3.19958,2026-08-13T12:21:00+00:00,2026-08-13,1221,N,VIIRS,h,high,2.0NRT,19.36,D,VIIRS_SNPP_NRT,True,367.0,317.53,0.47,0.48,1
51.83654,-3.19897,2026-08-13T12:21:00+00:00,2026-08-13,1221,N,VIIRS,h,high,2.0NRT,15.65,D,VIIRS_SNPP_NRT,True,367.0,317.46,0.47,0.48,1
51.83691,-3.2153,2026-08-13T12:21:00+00:00,2026-08-13,1221,N,VIIRS,n,nominal,2.0NRT,9.51,D,VIIRS_SNPP_NRT,True,353.76,315.48,0.47,0.48,1
51.83775,-3.19345,2026-08-13T12:21:00+00:00,2026-08-13,1221,N,VIIRS,h,high,2.0NRT,19.36,D,VIIRS_SNPP_NRT,True,367.0,318.6,0.47,0.48,1
51.83809,-3.19286,2026-08-13T12:21:00+00:00,2026-08-13,1221,N,VIIRS,h,high,2.0NRT,25.72,D,VIIRS_SNPP_NRT,True,367.0,318.72,0.47,0.48,1
51.83855,-3.20901,2026-08-13T12:21:00+00:00,2026-08-13,1221,N,VIIRS,n,nominal,2.0NRT,9.51,D,VIIRS_SNPP_NRT,True,351.43,314.85,0.47,0.48,1
51.83925,-3.18766,2026-08-13T12:21:00+00:00,2026-08-13,1221,N,VIIRS,n,nominal,2.0NRT,7.72,D,VIIRS_SNPP_NRT,True,337.03,308.39,0.47,0.48,1
51.84014,-3.20286,2026-08-13T12:21:00+00:00,2026-08-13,1221,N,VIIRS,n,nominal,2.0NRT,7.28,D,VIIRS_SNPP_NRT,True,343.04,308.82,0.47,0.48,1
51.82917,-3.20903,2026-08-13T12:21:00+00:00,2026-08-13,1221,N,VIIRS,n,nominal,2.0NRT,9.39,D,VIIRS_SNPP_NRT,True,347.34,311.47,0.47,0.48,1
51.84169,-3.1969,2026-08-13T12:21:00+00:00,2026-08-13,1221,N,VIIRS,n,nominal,2.0NRT,7.28,D,VIIRS_SNPP_NRT,True,345.66,307.31,0.47,0.48,1
52.08154,-3.77228,2026-08-13T12:21:00+00:00,2026-08-13,1221,N,VIIRS,n,nominal,2.0NRT,7.83,D,VIIRS_SNPP_NRT,True,343.98,303.15,0.49,0.48,29
52.08611,-3.79236,2026-08-13T12:21:00+00:00,2026-08-13,1221,N,VIIRS,n,nominal,2.0NRT,3.95,D,VIIRS_SNPP_NRT,True,334.16,303.76,0.49,0.48,29
52.08801,-3.78509,2026-08-13T12:21:00+00:00,2026-08-13,1221,N,VIIRS,h,high,2.0NRT,10.97,D,VIIRS_SNPP_NRT,True,367.0,309.5,0.49,0.48,29
52.08998,-3.77755,2026-08-13T12:21:00+00:00,2026-08-13,1221,N,VIIRS,n,nominal,2.0NRT,10.97,D,VIIRS_SNPP_NRT,True,344.11,312.67,0.49,0.48,29
52.09194,-3.77005,2026-08-13T12:21:00+00:00,2026-08-13,1221,N,VIIRS,n,nominal,2.0NRT,11.95,D,VIIRS_SNPP_NRT,True,347.23,309.45,0.49,0.48,29
52.09221,-3.78782,2026-08-13T12:21:00+00:00,2026-08-13,1221,N,VIIRS,n,nominal,2.0NRT,6.89,D,VIIRS_SNPP_NRT,True,339.05,310.91,0.49,0.48,29
52.09417,-3.78029,2026-08-13T12:21:00+00:00,2026-08-13,1221,N,VIIRS,n,nominal,2.0NRT,6.89,D,VIIRS_SNPP_NRT,True,333.62,305.75,0.49,0.48,29
52.09607,-3.77302,2026-08-13T12:21:00+00:00,2026-08-13,1221,N,VIIRS,n,nominal,2.0NRT,14.25,D,VIIRS_SNPP_NRT,True,349.47,304.99,0.49,0.48,29
51.7508,-3.05056,2026-08-13T12:40:00+00:00,2026-08-13,1240,N20,VIIRS,l,low,2.0NRT,8.26,D,VIIRS_NOAA20_NRT,True,343.27,316.3,0.43,0.38,65
51.75418,-3.05221,2026-08-13T12:40:00+00:00,2026-08-13,1240,N20,VIIRS,n,nominal,2.0NRT,8.26,D,VIIRS_NOAA20_NRT,True,346.59,318.6,0.43,0.38,65
50.86256,-0.79236,2026-08-13T12:40:00+00:00,2026-08-13,1240,N20,VIIRS,l,low,2.0NRT,3.61,D,VIIRS_NOAA20_NRT,False,338.48,308.77,0.4,0.37,104
52.41747,-1.26549,2026-08-13T12:40:00+00:00,2026-08-13,1240,N20,VIIRS,n,nominal,2.0NRT,2.15,D,VIIRS_NOAA20_NRT,False,342.55,305.9,0.4,0.37,105
52.41092,-2.12775,2026-08-13T12:40:00+00:00,2026-08-13,1240,N20,VIIRS,l,low,2.0NRT,3.31,D,VIIRS_NOAA20_NRT,False,333.27,307.9,0.41,0.37,99
52.40763,-2.12614,2026-08-13T12:40:00+00:00,2026-08-13,1240,N20,VIIRS,n,nominal,2.0NRT,3.31,D,VIIRS_NOAA20_NRT,False,344.54,307.34,0.41,0.37,99
52.36627,-1.14261,2026-08-13T12:40:00+00:00,2026-08-13,1240,N20,VIIRS,n,nominal,2.0NRT,7.36,D,VIIRS_NOAA20_NRT,False,348.04,306.6,0.39,0.37,106
52.36497,-1.12982,2026-08-13T12:40:00+00:00,2026-08-13,1240,N20,VIIRS,n,nominal,2.0NRT,4.22,D,VIIRS_NOAA20_NRT,False,348.42,305.83,0.39,0.37,106
52.36074,-1.13395,2026-08-13T12:40:00+00:00,2026-08-13,1240,N20,VIIRS,l,low,2.0NRT,5.89,D,VIIRS_NOAA20_NRT,False,336.86,307.74,0.39,0.37,106
52.2878,0.36248,2026-08-13T12:40:00+00:00,2026-08-13,1240,N20,VIIRS,l,low,2.0NRT,1.4,D,VIIRS_NOAA20_NRT,False,336.3,307.67,0.38,0.36,107
52.28295,-3.50353,2026-08-13T12:40:00+00:00,2026-08-13,1240,N20,VIIRS,n,nominal,2.0NRT,17.87,D,VIIRS_NOAA20_NRT,True,352.51,314.39,0.44,0.38,66
52.2796,-3.50163,2026-08-13T12:40:00+00:00,2026-08-13,1240,N20,VIIRS,n,nominal,2.0NRT,28.96,D,VIIRS_NOAA20_NRT,True,347.37,313.98,0.44,0.38,66
52.27742,-3.49368,2026-08-13T12:40:00+00:00,2026-08-13,1240,N20,VIIRS,n,nominal,2.0NRT,28.96,D,VIIRS_NOAA20_NRT,True,347.13,311.69,0.44,0.38,66
52.2762,-3.49999,2026-08-13T12:40:00+00:00,2026-08-13,1240,N20,VIIRS,l,low,2.0NRT,28.96,D,VIIRS_NOAA20_NRT,True,367.0,333.81,0.44,0.38,66
52.27277,-3.49848,2026-08-13T12:40:00+00:00,2026-08-13,1240,N20,VIIRS,l,low,2.0NRT,62.99,D,VIIRS_NOAA20_NRT,True,367.0,332.66,0.44,0.38,66
52.25171,-1.55514,2026-08-13T12:40:00+00:00,2026-08-13,1240,N20,VIIRS,n,nominal,2.0NRT,6.54,D,VIIRS_NOAA20_NRT,False,343.42,308.14,0.4,0.37,108
52.23512,-1.52883,2026-08-13T12:40:00+00:00,2026-08-13,1240,N20,VIIRS,n,nominal,2.0NRT,1.48,D,VIIRS_NOAA20_NRT,False,338.78,306.56,0.4,0.37,108
52.23185,-1.52729,2026-08-13T12:40:00+00:00,2026-08-13,1240,N20,VIIRS,n,nominal,2.0NRT,5.25,D,VIIRS_NOAA20_NRT,False,346.59,307.83,0.4,0.37,108
52.20144,-1.43102,2026-08-13T12:40:00+00:00,2026-08-13,1240,N20,VIIRS,n,nominal,2.0NRT,3.84,D,VIIRS_NOAA20_NRT,False,347.66,307.79,0.4,0.37,109
52.19817,-1.4295,2026-08-13T12:40:00+00:00,2026-08-13,1240,N20,VIIRS,n,nominal,2.0NRT,3.84,D,VIIRS_NOAA20_NRT,False,342.24,308.52,0.4,0.37,109
52.10498,-0.9225,2026-08-13T12:40:00+00:00,2026-08-13,1240,N20,VIIRS,n,nominal,2.0NRT,4.95,D,VIIRS_NOAA20_NRT,False,341.32,309.71,0.39,0.36,110
52.10595,-0.91691,2026-08-13T12:40:00+00:00,2026-08-13,1240,N20,VIIRS,n,nominal,2.0NRT,4.95,D,VIIRS_NOAA20_NRT,False,348.14,308.64,0.39,0.36,110
52.10603,-0.07699,2026-08-13T12:40:00+00:00,2026-08-13,1240,N20,VIIRS,n,nominal,2.0NRT,2.67,D,VIIRS_NOAA20_NRT,False,343.19,307.96,0.39,0.36,111
52.10875,-0.06043,2026-08-13T12:40:00+00:00,2026-08-13,1240,N20,VIIRS,n,nominal,2.0NRT,2.66,D,VIIRS_NOAA20_NRT,False,344.87,309.85,0.39,0.36,111
52.15738,-3.55288,2026-08-13T12:40:00+00:00,2026-08-13,1240,N20,VIIRS,n,nominal,2.0NRT,4.16,D,VIIRS_NOAA20_NRT,True,334.94,308.25,0.44,0.38,98
52.16929,0.29092,2026-08-13T12:40:00+00:00,2026-08-13,1240,N20,VIIRS,l,low,2.0NRT,1.9,D,VIIRS_NOAA20_NRT,False,339.83,312.77,0.39,0.36,112
52.41845,-1.25984,2026-08-13T12:40:00+00:00,2026-08-13,1240,N20,VIIRS,n,nominal,2.0NRT,1.53,D,VIIRS_NOAA20_NRT,False,343.25,306.18,0.4,0.37,105
52.17018,0.29643,2026-08-13T12:40:00+00:00,2026-08-13,1240,N20,VIIRS,l,low,2.0NRT,1.9,D,VIIRS_NOAA20_NRT,False,338.9,313.7,0.39,0.36,112
52.17752,0.29918,2026-08-13T12:40:00+00:00,2026-08-13,1240,N20,VIIRS,n,nominal,2.0NRT,2.97,D,VIIRS_NOAA20_NRT,False,350.69,311.39,0.39,0.36,112
52.19164,-1.42644,2026-08-13T12:40:00+00:00,2026-08-13,1240,N20,VIIRS,l,low,2.0NRT,2.61,D,VIIRS_NOAA20_NRT,False,336.42,307.59,0.4,0.37,109
52.1939,-1.43364,2026-08-13T12:40:00+00:00,2026-08-13,1240,N20,VIIRS,n,nominal,2.0NRT,2.61,D,VIIRS_NOAA20_NRT,False,342.0,307.96,0.4,0.37,109
52.1949,-1.42797,2026-08-13T12:40:00+00:00,2026-08-13,1240,N20,VIIRS,n,nominal,2.0NRT,2.61,D,VIIRS_NOAA20_NRT,False,345.95,308.03,0.4,0.37,109
52.1959,-1.4223,2026-08-13T12:40:00+00:00,2026-08-13,1240,N20,VIIRS,l,low,2.0NRT,1.26,D,VIIRS_NOAA20_NRT,False,336.65,307.12,0.4,0.37,109
52.19717,-1.43517,2026-08-13T12:40:00+00:00,2026-08-13,1240,N20,VIIRS,n,nominal,2.0NRT,3.84,D,VIIRS_NOAA20_NRT,False,339.08,308.19,0.4,0.37,109
52.17341,0.29505,2026-08-13T12:40:00+00:00,2026-08-13,1240,N20,VIIRS,n,nominal,2.0NRT,1.9,D,VIIRS_NOAA20_NRT,False,342.07,310.12,0.39,0.36,112
52.41974,-1.27264,2026-08-13T12:40:00+00:00,2026-08-13,1240,N20,VIIRS,l,low,2.0NRT,2.64,D,VIIRS_NOAA20_NRT,False,355.37,308.05,0.4,0.37,105
52.42073,-1.267,2026-08-13T12:40:00+00:00,2026-08-13,1240,N20,VIIRS,n,nominal,2.0NRT,2.64,D,VIIRS_NOAA20_NRT,False,338.91,307.05,0.4,0.37,105
52.43422,-2.1603,2026-08-13T12:40:00+00:00,2026-08-13,1240,N20,VIIRS,l,low,2.0NRT,32.57,D,VIIRS_NOAA20_NRT,False,335.2,309.66,0.41,0.37,99
53.06153,-0.97025,2026-08-13T12:40:00+00:00,2026-08-13,1240,N20,VIIRS,n,nominal,2.0NRT,5.24,D,VIIRS_NOAA20_NRT,False,343.19,306.88,0.39,0.36,113
53.06382,-0.97741,2026-08-13T12:40:00+00:00,2026-08-13,1240,N20,VIIRS,n,nominal,2.0NRT,5.24,D,VIIRS_NOAA20_NRT,False,346.9,304.69,0.39,0.36,113
53.0642,-0.99587,2026-08-13T12:40:00+00:00,2026-08-13,1240,N20,VIIRS,l,low,2.0NRT,13.7,D,VIIRS_NOAA20_NRT,False,356.86,305.22,0.39,0.36,113
53.06839,-0.99173,2026-08-13T12:40:00+00:00,2026-08-13,1240,N20,VIIRS,n,nominal,2.0NRT,5.83,D,VIIRS_NOAA20_NRT,False,347.7,306.32,0.39,0.36,113
53.07067,-0.99889,2026-08-13T12:40:00+00:00,2026-08-13,1240,N20,VIIRS,n,nominal,2.0NRT,2.21,D,VIIRS_NOAA20_NRT,False,338.54,305.13,0.39,0.36,113
53.07162,-0.99323,2026-08-13T12:40:00+00:00,2026-08-13,1240,N20,VIIRS,n,nominal,2.0NRT,2.6,D,VIIRS_NOAA20_NRT,False,347.18,306.2,0.39,0.36,113
52.9361,-1.05659,2026-08-13T12:40:00+00:00,2026-08-13,1240,N20,VIIRS,n,nominal,2.0NRT,2.8,D,VIIRS_NOAA20_NRT,False,335.23,305.0,0.39,0.36,114
53.11763,-1.04764,2026-08-13T12:40:00+00:00,2026-08-13,1240,N20,VIIRS,n,nominal,2.0NRT,16.67,D,VIIRS_NOAA20_NRT,False,350.77,307.31,0.39,0.36,115
53.11991,-1.05482,2026-08-13T12:40:00+00:00,2026-08-13,1240,N20,VIIRS,n,nominal,2.0NRT,4.41,D,VIIRS_NOAA20_NRT,False,337.19,306.2,0.39,0.36,115
53.12182,-1.04348,2026-08-13T12:40:00+00:00,2026-08-13,1240,N20,VIIRS,n,nominal,2.0NRT,16.67,D,VIIRS_NOAA20_NRT,False,355.26,307.02,0.39,0.36,115
53.12278,-1.03781,2026-08-13T12:40:00+00:00,2026-08-13,1240,N20,VIIRS,n,nominal,2.0NRT,3.87,D,VIIRS_NOAA20_NRT,False,336.54,306.17,0.39,0.36,115
53.12315,-1.05633,2026-08-13T12:40:00+00:00,2026-08-13,1240,N20,VIIRS,l,low,2.0NRT,13.2,D,VIIRS_NOAA20_NRT,False,334.26,304.67,0.39,0.36,115
53.1241,-1.05066,2026-08-13T12:40:00+00:00,2026-08-13,1240,N20,VIIRS,l,low,2.0NRT,15.45,D,VIIRS_NOAA20_NRT,False,356.06,305.8,0.39,0.36,115
53.12447,-1.06918,2026-08-13T12:40:00+00:00,2026-08-13,1240,N20,VIIRS,n,nominal,2.0NRT,15.51,D,VIIRS_NOAA20_NRT,False,352.65,307.53,0.39,0.36,115
53.11859,-1.04197,2026-08-13T12:40:00+00:00,2026-08-13,1240,N20,VIIRS,l,low,2.0NRT,16.67,D,VIIRS_NOAA20_NRT,False,356.32,307.28,0.39,0.36,115
52.10402,-0.92809,2026-08-13T12:40:00+00:00,2026-08-13,1240,N20,VIIRS,l,low,2.0NRT,4.0,D,VIIRS_NOAA20_NRT,False,336.36,307.67,0.39,0.36,110
52.93514,-1.06226,2026-08-13T12:40:00+00:00,2026-08-13,1240,N20,VIIRS,n,nominal,2.0NRT,2.19,D,VIIRS_NOAA20_NRT,False,335.48,308.08,0.39,0.36,114
52.90186,-0.94923,2026-08-13T12:40:00+00:00,2026-08-13,1240,N20,VIIRS,n,nominal,2.0NRT,1.7,D,VIIRS_NOAA20_NRT,False,337.29,306.39,0.39,0.36,116
52.43528,-2.1545,2026-08-13T12:40:00+00:00,2026-08-13,1240,N20,VIIRS,l,low,2.0NRT,4.78,D,VIIRS_NOAA20_NRT,False,335.3,307.69,0.41,0.37,99
52.45044,-0.79331,2026-08-13T12:40:00+00:00,2026-08-13,1240,N20,VIIRS,l,low,2.0NRT,1.83,D,VIIRS_NOAA20_NRT,False,336.1,306.97,0.39,0.36,117
52.4814,-0.23185,2026-08-13T12:40:00+00:00,2026-08-13,1240,N20,VIIRS,h,high,2.0NRT,8.41,D,VIIRS_NOAA20_NRT,False,367.0,319.39,0.39,0.36,3
52.4848,-1.75574,2026-08-13T12:40:00+00:00,2026-08-13,1240,N20,VIIRS,n,nominal,2.0NRT,3.13,D,VIIRS_NOAA20_NRT,False,335.18,306.46,0.4,0.37,100
52.6526,-1.37361,2026-08-13T12:40:00+00:00,2026-08-13,1240,N20,VIIRS,n,nominal,2.0NRT,4.94,D,VIIRS_NOAA20_NRT,False,338.11,307.71,0.4,0.37,118
52.65388,-1.38653,2026-08-13T12:40:00+00:00,2026-08-13,1240,N20,VIIRS,n,nominal,2.0NRT,5.28,D,VIIRS_NOAA20_NRT,False,348.01,308.22,0.4,0.37,118
52.93286,-1.05508,2026-08-13T12:40:00+00:00,2026-08-13,1240,N20,VIIRS,n,nominal,2.0NRT,1.25,D,VIIRS_NOAA20_NRT,False,338.1,304.69,0.39,0.36,114
52.65487,-1.38083,2026-08-13T12:40:00+00:00,2026-08-13,1240,N20,VIIRS,l,low,2.0NRT,5.28,D,VIIRS_NOAA20_NRT,False,356.36,307.43,0.4,0.37,118
52.65813,-1.38235,2026-08-13T12:40:00+00:00,2026-08-13,1240,N20,VIIRS,n,nominal,2.0NRT,3.64,D,VIIRS_NOAA20_NRT,False,341.08,307.87,0.4,0.37,118
52.6601,-1.37097,2026-08-13T12:40:00+00:00,2026-08-13,1240,N20,VIIRS,l,low,2.0NRT,12.08,D,VIIRS_NOAA20_NRT,False,356.58,305.92,0.4,0.37,118
52.66082,-0.04406,2026-08-13T12:40:00+00:00,2026-08-13,1240,N20,VIIRS,l,low,2.0NRT,0.72,D,VIIRS_NOAA20_NRT,False,331.64,306.52,0.39,0.36,119
52.66109,-1.36528,2026-08-13T12:40:00+00:00,2026-08-13,1240,N20,VIIRS,n,nominal,2.0NRT,2.32,D,VIIRS_NOAA20_NRT,False,339.39,305.48,0.4,0.37,118
52.77806,-1.02426,2026-08-13T12:40:00+00:00,2026-08-13,1240,N20,VIIRS,n,nominal,2.0NRT,1.35,D,VIIRS_NOAA20_NRT,False,339.05,306.6,0.39,0.36,120
52.78131,-1.02576,2026-08-13T12:40:00+00:00,2026-08-13,1240,N20,VIIRS,n,nominal,2.0NRT,2.0,D,VIIRS_NOAA20_NRT,False,344.83,305.69,0.39,0.36,120
52.65685,-1.36944,2026-08-13T12:40:00+00:00,2026-08-13,1240,N20,VIIRS,n,nominal,2.0NRT,4.94,D,VIIRS_NOAA20_NRT,False,346.31,304.99,0.4,0.37,118
52.1037,-0.07006,2026-08-13T12:40:00+00:00,2026-08-13,1240,N20,VIIRS,n,nominal,2.0NRT,7.13,D,VIIRS_NOAA20_NRT,False,350.28,310.14,0.39,0.36,111
52.10305,-0.93368,2026-08-13T12:40:00+00:00,2026-08-13,1240,N20,VIIRS,n,nominal,2.0NRT,4.0,D,VIIRS_NOAA20_NRT,False,351.08,308.66,0.39,0.36,110
52.10279,-0.07558,2026-08-13T12:40:00+00:00,2026-08-13,1240,N20,VIIRS,l,low,2.0NRT,2.67,D,VIIRS_NOAA20_NRT,False,356.02,309.63,0.39,0.36,111
51.82831,-3.20987,2026-08-13T12:40:00+00:00,2026-08-13,1240,N20,VIIRS,n,nominal,2.0NRT,10.72,D,VIIRS_NOAA20_NRT,True,341.01,311.82,0.44,0.38,1
51.82865,-0.73722,2026-08-13T12:40:00+00:00,2026-08-13,1240,N20,VIIRS,n,nominal,2.0NRT,7.51,D,VIIRS_NOAA20_NRT,False,349.81,309.14,0.39,0.36,121
51.82951,-3.20373,2026-08-13T12:40:00+00:00,2026-08-13,1240,N20,VIIRS,h,high,2.0NRT,10.72,D,VIIRS_NOAA20_NRT,True,367.0,322.68,0.44,0.38,1
51.83069,-3.19766,2026-08-13T12:40:00+00:00,2026-08-13,1240,N20,VIIRS,n,nominal,2.0NRT,11.42,D,VIIRS_NOAA20_NRT,True,338.01,311.35,0.44,0.38,1
51.83169,-3.21159,2026-08-13T12:40:00+00:00,2026-08-13,1240,N20,VIIRS,n,nominal,2.0NRT,10.62,D,VIIRS_NOAA20_NRT,True,348.72,319.11,0.44,0.38,1
51.83191,-0.73868,2026-08-13T12:40:00+00:00,2026-08-13,1240,N20,VIIRS,l,low,2.0NRT,0.97,D,VIIRS_NOAA20_NRT,False,337.67,308.88,0.39,0.36,121
51.82769,-0.74278,2026-08-13T12:40:00+00:00,2026-08-13,1240,N20,VIIRS,l,low,2.0NRT,4.51,D,VIIRS_NOAA20_NRT,False,356.2,309.71,0.39,0.36,121
51.83289,-3.20546,2026-08-13T12:40:00+00:00,2026-08-13,1240,N20,VIIRS,h,high,2.0NRT,10.62,D,VIIRS_NOAA20_NRT,True,367.0,325.2,0.44,0.38,1
51.83507,-3.21332,2026-08-13T12:40:00+00:00,2026-08-13,1240,N20,VIIRS,n,nominal,2.0NRT,10.62,D,VIIRS_NOAA20_NRT,True,350.81,316.43,0.44,0.38,1
51.83525,-3.19333,2026-08-13T12:40:00+00:00,2026-08-13,1240,N20,VIIRS,n,nominal,2.0NRT,13.02,D,VIIRS_NOAA20_NRT,True,347.85,314.32,0.44,0.38,1
51.83626,-3.2072,2026-08-13T12:40:00+00:00,2026-08-13,1240,N20,VIIRS,n,nominal,2.0NRT,10.62,D,VIIRS_NOAA20_NRT,True,348.2,313.76,0.44,0.38,1
51.83744,-3.20112,2026-08-13T12:40:00+00:00,2026-08-13,1240,N20,VIIRS,n,nominal,2.0NRT,13.02,D,VIIRS_NOAA20_NRT,True,352.92,319.03,0.44,0.38,1
51.83843,-3.21513,2026-08-13T12:40:00+00:00,2026-08-13,1240,N20,VIIRS,n,nominal,2.0NRT,9.91,D,VIIRS_NOAA20_NRT,True,355.78,317.85,0.44,0.38,1
51.83861,-3.19514,2026-08-13T12:40:00+00:00,2026-08-13,1240,N20,VIIRS,h,high,2.0NRT,13.02,D,VIIRS_NOAA20_NRT,True,367.0,322.03,0.44,0.38,1
51.83407,-3.19937,2026-08-13T12:40:00+00:00,2026-08-13,1240,N20,VIIRS,n,nominal,2.0NRT,13.02,D,VIIRS_NOAA20_NRT,True,355.28,319.93,0.44,0.38,1
51.8396,-3.20911,2026-08-13T12:40:00+00:00,2026-08-13,1240,N20,VIIRS,n,nominal,2.0NRT,9.91,D,VIIRS_NOAA20_NRT,True,346.07,312.26,0.44,0.38,1
51.82674,-0.74834,2026-08-13T12:40:00+00:00,2026-08-13,1240,N20,VIIRS,n,nominal,2.0NRT,4.51,D,VIIRS_NOAA20_NRT,False,341.36,308.77,0.39,0.36,121
51.82611,-3.2021,2026-08-13T12:40:00+00:00,2026-08-13,1240,N20,VIIRS,n,nominal,2.0NRT,10.72,D,VIIRS_NOAA20_NRT,True,347.32,316.94,0.44,0.38,1
51.75756,-3.05386,2026-08-13T12:40:00+00:00,2026-08-13,1240,N20,VIIRS,n,nominal,2.0NRT,12.49,D,VIIRS_NOAA20_NRT,True,352.45,310.33,0.43,0.38,65
51.77349,-3.33741,2026-08-13T12:40:00+00:00,2026-08-13,1240,N20,VIIRS,n,nominal,2.0NRT,5.56,D,VIIRS_NOAA20_NRT,True,340.59,313.91,0.44,0.38,6
51.77472,-3.33123,2026-08-13T12:40:00+00:00,2026-08-13,1240,N20,VIIRS,n,nominal,2.0NRT,4.02,D,VIIRS_NOAA20_NRT,True,342.18,306.14,0.44,0.38,6
51.77813,-3.33284,2026-08-13T12:40:00+00:00,2026-08-13,1240,N20,VIIRS,n,nominal,2.0NRT,17.08,D,VIIRS_NOAA20_NRT,True,342.32,315.49,0.44,0.38,6
51.77934,-3.3267,2026-08-13T12:40:00+00:00,2026-08-13,1240,N20,VIIRS,n,nominal,2.0NRT,17.08,D,VIIRS_NOAA20_NRT,True,332.48,303.3,0.44,0.38,6
51.78399,-0.81308,2026-08-13T12:40:00+00:00,2026-08-13,1240,N20,VIIRS,l,low,2.0NRT,1.54,D,VIIRS_NOAA20_NRT,False,337.67,308.98,0.39,0.37,122
51.82631,-3.18208,2026-08-13T12:40:00+00:00,2026-08-13,1240,N20,VIIRS,l,low,2.0NRT,4.83,D,VIIRS_NOAA20_NRT,True,333.84,307.02,0.44,0.38,1
51.81252,-3.1956,2026-08-13T12:40:00+00:00,2026-08-13,1240,N20,VIIRS,l,low,2.0NRT,5.53,D,VIIRS_NOAA20_NRT,True,340.18,310.36,0.44,0.38,1
51.81813,-3.20497,2026-08-13T12:40:00+00:00,2026-08-13,1240,N20,VIIRS,n,nominal,2.0NRT,12.79,D,VIIRS_NOAA20_NRT,True,350.44,318.82,0.44,0.38,1
51.81932,-3.19887,2026-08-13T12:40:00+00:00,2026-08-13,1240,N20,VIIRS,n,nominal,2.0NRT,12.79,D,VIIRS_NOAA20_NRT,True,348.68,315.22,0.44,0.38,1
51.82152,-3.20659,2026-08-13T12:40:00+00:00,2026-08-13,1240,N20,VIIRS,h,high,2.0NRT,12.79,D,VIIRS_NOAA20_NRT,True,367.0,324.23,0.44,0.38,1
51.82348,-0.74689,2026-08-13T12:40:00+00:00,2026-08-13,1240,N20,VIIRS,n,nominal,2.0NRT,4.51,D,VIIRS_NOAA20_NRT,False,342.41,308.3,0.39,0.36,121
51.82492,-3.20822,2026-08-13T12:40:00+00:00,2026-08-13,1240,N20,VIIRS,h,high,2.0NRT,10.72,D,VIIRS_NOAA20_NRT,True,367.0,322.26,0.44,0.38,1
51.82511,-3.18823,2026-08-13T12:40:00+00:00,2026-08-13,1240,N20,VIIRS,n,nominal,2.0NRT,18.7,D,VIIRS_NOAA20_NRT,True,350.34,319.36,0.44,0.38,1
51.81592,-3.19724,2026-08-13T12:40:00+00:00,2026-08-13,1240,N20,VIIRS,n,nominal,2.0NRT,5.53,D,VIIRS_NOAA20_NRT,True,348.46,315.56,0.44,0.38,1
53.12542,-1.06351,2026-08-13T12:40:00+00:00,2026-08-13,1240,N20,VIIRS,n,nominal,2.0NRT,13.2,D,VIIRS_NOAA20_NRT,False,352.04,308.2,0.39,0.36,115
51.83975,-3.18926,2026-08-13T12:40:00+00:00,2026-08-13,1240,N20,VIIRS,n,nominal,2.0NRT,10.52,D,VIIRS_NOAA20_NRT,True,345.31,310.1,0.44,0.38,1
51.84193,-3.19716,2026-08-13T12:40:00+00:00,2026-08-13,1240,N20,VIIRS,n,nominal,2.0NRT,6.09,D,VIIRS_NOAA20_NRT,True,341.51,308.62,0.44,0.38,1
52.09127,-3.79387,2026-08-13T12:40:00+00:00,2026-08-13,1240,N20,VIIRS,n,nominal,2.0NRT,5.09,D,VIIRS_NOAA20_NRT,True,336.95,311.35,0.45,0.39,29
52.09174,-3.77244,2026-08-13T12:40:00+00:00,2026-08-13,1240,N20,VIIRS,l,low,2.0NRT,13.04,D,VIIRS_NOAA20_NRT,True,343.48,316.0,0.45,0.39,29
52.09256,-3.78731,2026-08-13T12:40:00+00:00,2026-08-13,1240,N20,VIIRS,n,nominal,2.0NRT,5.09,D,VIIRS_NOAA20_NRT,True,339.88,312.87,0.45,0.39,29
52.09304,-3.76585,2026-08-13T12:40:00+00:00,2026-08-13,1240,N20,VIIRS,n,nominal,2.0NRT,14.28,D,VIIRS_NOAA20_NRT,True,350.39,308.89,0.45,0.39,29
52.09387,-3.78072,2026-08-13T12:40:00+00:00,2026-08-13,1240,N20,VIIRS,n,nominal,2.0NRT,5.17,D,VIIRS_NOAA20_NRT,True,345.3,310.76,0.45,0.39,29
52.09515,-3.7742,2026-08-13T12:40:00+00:00,2026-08-13,1240,N20,VIIRS,n,nominal,2.0NRT,5.17,D,VIIRS_NOAA20_NRT,True,332.72,306.89,0.45,0.39,29
52.09045,-3.77898,2026-08-13T12:40:00+00:00,2026-08-13,1240,N20,VIIRS,n,nominal,2.0NRT,13.04,D,VIIRS_NOAA20_NRT,True,353.1,319.49,0.45,0.39,29
52.09644,-3.76772,2026-08-13T12:40:00+00:00,2026-08-13,1240,N20,VIIRS,n,nominal,2.0NRT,13.66,D,VIIRS_NOAA20_NRT,True,342.8,310.52,0.45,0.39,29
52.09853,-3.77615,2026-08-13T12:40:00+00:00,2026-08-13,1240,N20,VIIRS,n,nominal,2.0NRT,5.17,D,VIIRS_NOAA20_NRT,True,346.3,302.22,0.45,0.39,29
52.09955,-0.07417,2026-08-13T12:40:00+00:00,2026-08-13,1240,N20,VIIRS,n,nominal,2.0NRT,1.83,D,VIIRS_NOAA20_NRT,False,344.68,308.92,0.39,0.36,111
52.0998,-3.76974,2026-08-13T12:40:00+00:00,2026-08-13,1240,N20,VIIRS,h,high,2.0NRT,13.66,D,VIIRS_NOAA20_NRT,True,367.0,303.96,0.45,0.39,29
52.1011,-3.76317,2026-08-13T12:40:00+00:00,2026-08-13,1240,N20,VIIRS,n,nominal,2.0NRT,13.66,D,VIIRS_NOAA20_NRT,True,352.41,299.85,0.45,0.39,29
52.10188,-0.0811,2026-08-13T12:40:00+00:00,2026-08-13,1240,N20,VIIRS,n,nominal,2.0NRT,2.67,D,VIIRS_NOAA20_NRT,False,349.53,309.15,0.39,0.36,111
52.1027,-0.91543,2026-08-13T12:40:00+00:00,2026-08-13,1240,N20,VIIRS,n,nominal,2.0NRT,3.81,D,VIIRS_NOAA20_NRT,False,343.89,308.6,0.39,0.36,110
52.09772,-3.76122,2026-08-13T12:40:00+00:00,2026-08-13,1240,N20,VIIRS,n,nominal,2.0NRT,13.66,D,VIIRS_NOAA20_NRT,True,350.38,306.11,0.45,0.39,29
51.84077,-3.20311,2026-08-13T12:40:00+00:00,2026-08-13,1240,N20,VIIRS,n,nominal,2.0NRT,6.09,D,VIIRS_NOAA20_NRT,True,349.3,309.54,0.44,0.38,1
52.08914,-3.78558,2026-08-13T12:40:00+00:00,2026-08-13,1240,N20,VIIRS,h,high,2.0NRT,16.12,D,VIIRS_NOAA20_NRT,True,367.0,319.01,0.45,0.39,29
52.08785,-3.7921,2026-08-13T12:40:00+00:00,2026-08-13,1240,N20,VIIRS,n,nominal,2.0NRT,16.12,D,VIIRS_NOAA20_NRT,True,351.12,316.91,0.45,0.39,29
51.84307,-3.19127,2026-08-13T12:40:00+00:00,2026-08-13,1240,N20,VIIRS,n,nominal,2.0NRT,3.1,D,VIIRS_NOAA20_NRT,True,330.28,304.98,0.44,0.38,1
51.93389,-0.21857,2026-08-13T12:40:00+00:00,2026-08-13,1240,N20,VIIRS,l,low,2.0NRT,2.05,D,VIIRS_NOAA20_NRT,False,336.06,308.99,0.39,0.36,123
51.94361,-0.22281,2026-08-13T12:40:00+00:00,2026-08-13,1240,N20,VIIRS,n,nominal,2.0NRT,2.58,D,VIIRS_NOAA20_NRT,False,341.84,309.45,0.39,0.36,123
51.98654,-0.48124,2026-08-13T12:40:00+00:00,2026-08-13,1240,N20,VIIRS,n,nominal,2.0NRT,4.77,D,VIIRS_NOAA20_NRT,False,348.03,308.72,0.39,0.36,124
52.06034,-1.19894,2026-08-13T12:40:00+00:00,2026-08-13,1240,N20,VIIRS,n,nominal,2.0NRT,12.64,D,VIIRS_NOAA20_NRT,False,347.14,310.64,0.4,0.37,125
52.06133,-1.19331,2026-08-13T12:40:00+00:00,2026-08-13,1240,N20,VIIRS,n,nominal,2.0NRT,8.33,D,VIIRS_NOAA20_NRT,False,341.49,309.0,0.4,0.37,125
52.08831,-3.77074,2026-08-13T12:40:00+00:00,2026-08-13,1240,N20,VIIRS,n,nominal,2.0NRT,13.04,D,VIIRS_NOAA20_NRT,True,343.71,311.06,0.45,0.39,29
52.06361,-1.20044,2026-08-13T12:40:00+00:00,2026-08-13,1240,N20,VIIRS,n,nominal,2.0NRT,10.57,D,VIIRS_NOAA20_NRT,False,341.36,310.53,0.4,0.37,125
52.06786,-1.19631,2026-08-13T12:40:00+00:00,2026-08-13,1240,N20,VIIRS,n,nominal,2.0NRT,7.8,D,VIIRS_NOAA20_NRT,False,340.42,307.92,0.4,0.37,125
52.08015,-3.77392,2026-08-13T12:40:00+00:00,2026-08-13,1240,N20,VIIRS,n,nominal,2.0NRT,28.51,D,VIIRS_NOAA20_NRT,True,338.93,306.62,0.45,0.39,29
52.0815,-3.76715,2026-08-13T12:40:00+00:00,2026-08-13,1240,N20,VIIRS,n,nominal,2.0NRT,28.51,D,VIIRS_NOAA20_NRT,True,340.57,308.14,0.45,0.39,29
52.0849,-3.76898,2026-08-13T12:40:00+00:00,2026-08-13,1240,N20,VIIRS,n,nominal,2.0NRT,28.51,D,VIIRS_NOAA20_NRT,True,339.7,307.73,0.45,0.39,29
52.0866,-3.79842,2026-08-13T12:40:00+00:00,2026-08-13,1240,N20,VIIRS,n,nominal,2.0NRT,1.79,D,VIIRS_NOAA20_NRT,True,332.59,303.7,0.45,0.39,29
52.08746,1.06117,2026-08-13T12:40:00+00:00,2026-08-13,1240,N20,VIIRS,l,low,2.0NRT,2.4,D,VIIRS_NOAA20_NRT,False,337.13,311.51,0.38,0.36,126
52.06559,-1.18916,2026-08-13T12:40:00+00:00,2026-08-13,1240,N20,VIIRS,l,low,2.0NRT,7.8,D,VIIRS_NOAA20_NRT,False,335.93,308.28,0.4,0.37,125
53.12866,-1.06503,2026-08-13T12:40:00+00:00,2026-08-13,1240,N20,VIIRS,n,nominal,2.0NRT,17.2,D,VIIRS_NOAA20_NRT,False,353.83,307.71,0.39,0.36,115
53.13285,-1.06088,2026-08-13T12:40:00+00:00,2026-08-13,1240,N20,VIIRS,n,nominal,2.0NRT,17.2,D,VIIRS_NOAA20_NRT,False,355.16,307.57,0.39,0.36,115
51.57846,-3.73176,2026-08-13T12:40:00+00:00,2026-08-13,1240,N20,VIIRS,n,nominal,2.0NRT,4.74,D,VIIRS_NOAA20_NRT,True,337.32,308.32,0.45,0.39,74
51.70107,-1.0149,2026-08-13T12:40:00+00:00,2026-08-13,1240,N20,VIIRS,n,nominal,2.0NRT,3.73,D,VIIRS_NOAA20_NRT,False,338.86,308.8,0.4,0.37,127
51.675,-3.45669,2026-08-13T12:40:00+00:00,2026-08-13,1240,N20,VIIRS,l,low,2.0NRT,3.73,D,VIIRS_NOAA20_NRT,True,332.42,304.11,0.45,0.39,92
51.62357,-3.4154,2026-08-13T12:40:00+00:00,2026-08-13,1240,N20,VIIRS,n,nominal,2.0NRT,8.93,D,VIIRS_NOAA20_NRT,True,346.28,309.14,0.45,0.39,92
51.62014,-3.4138,2026-08-13T12:40:00+00:00,2026-08-13,1240,N20,VIIRS,n,nominal,2.0NRT,8.93,D,VIIRS_NOAA20_NRT,True,337.32,306.62,0.45,0.39,92
51.58561,0.3729,2026-08-13T12:40:00+00:00,2026-08-13,1240,N20,VIIRS,l,low,2.0NRT,1.48,D,VIIRS_NOAA20_NRT,False,336.4,308.79,0.39,0.36,128
51.58191,-3.73348,2026-08-13T12:40:00+00:00,2026-08-13,1240,N20,VIIRS,n,nominal,2.0NRT,4.74,D,VIIRS_NOAA20_NRT,True,338.68,300.74,0.45,0.39,74
53.1954,-1.03702,2026-08-13T12:40:00+00:00,2026-08-13,1240,N20,VIIRS,n,nominal,2.0NRT,3.12,D,VIIRS_NOAA20_NRT,False,341.6,306.59,0.39,0.36,129
51.55576,-2.95817,2026-08-13T12:40:00+00:00,2026-08-13,1240,N20,VIIRS,n,nominal,2.0NRT,1.35,D,VIIRS_NOAA20_NRT,True,334.74,307.14,0.43,0.38,130
51.49812,-3.40618,2026-08-13T12:40:00+00:00,2026-08-13,1240,N20,VIIRS,n,nominal,2.0NRT,4.42,D,VIIRS_NOAA20_NRT,True,344.61,303.15,0.45,0.39,93
51.49691,-3.41238,2026-08-13T12:40:00+00:00,2026-08-13,1240,N20,VIIRS,n,nominal,2.0NRT,4.42,D,VIIRS_NOAA20_NRT,True,332.5,300.88,0.45,0.39,93
51.3899,0.2729,2026-08-13T12:40:00+00:00,2026-08-13,1240,N20,VIIRS,n,nominal,2.0NRT,3.93,D,VIIRS_NOAA20_NRT,False,343.88,309.47,0.39,0.36,131
51.389,0.26746,2026-08-13T12:40:00+00:00,2026-08-13,1240,N20,VIIRS,l,low,2.0NRT,3.93,D,VIIRS_NOAA20_NRT,False,356.57,309.08,0.39,0.36,131
51.38665,0.27426,2026-08-13T12:40:00+00:00,2026-08-13,1240,N20,VIIRS,n,nominal,2.0NRT,3.93,D,VIIRS_NOAA20_NRT,False,349.99,306.13,0.39,0.36,131
51.38577,0.26883,2026-08-13T12:40:00+00:00,2026-08-13,1240,N20,VIIRS,l,low,2.0NRT,3.93,D,VIIRS_NOAA20_NRT,False,356.55,310.08,0.39,0.36,131
51.38487,0.26339,2026-08-13T12:40:00+00:00,2026-08-13,1240,N20,VIIRS,n,nominal,2.0NRT,11.18,D,VIIRS_NOAA20_NRT,False,347.43,311.78,0.39,0.36,131
51.38466,-0.92009,2026-08-13T12:40:00+00:00,2026-08-13,1240,N20,VIIRS,n,nominal,2.0NRT,1.2,D,VIIRS_NOAA20_NRT,False,337.94,307.41,0.4,0.37,132
51.38253,0.2702,2026-08-13T12:40:00+00:00,2026-08-13,1240,N20,VIIRS,n,nominal,2.0NRT,3.49,D,VIIRS_NOAA20_NRT,False,346.4,306.39,0.39,0.36,131
51.38163,0.26477,2026-08-13T12:40:00+00:00,2026-08-13,1240,N20,VIIRS,n,nominal,2.0NRT,2.21,D,VIIRS_NOAA20_NRT,False,343.65,308.96,0.39,0.36,131
51.30811,-0.94442,2026-08-13T12:40:00+00:00,2026-08-13,1240,N20,VIIRS,n,nominal,2.0NRT,4.27,D,VIIRS_NOAA20_NRT,False,336.14,307.52,0.4,0.37,133
51.30713,-0.95,2026-08-13T12:40:00+00:00,2026-08-13,1240,N20,VIIRS,n,nominal,2.0NRT,5.15,D,VIIRS_NOAA20_NRT,False,342.96,308.28,0.4,0.37,133
51.30386,-0.94853,2026-08-13T12:40:00+00:00,2026-08-13,1240,N20,VIIRS,l,low,2.0NRT,5.15,D,VIIRS_NOAA20_NRT,False,356.62,307.58,0.4,0.37,133
51.30289,-0.9541,2026-08-13T12:40:00+00:00,2026-08-13,1240,N20,VIIRS,n,nominal,2.0NRT,5.15,D,VIIRS_NOAA20_NRT,False,337.21,307.31,0.4,0.37,133
51.30059,-0.94706,2026-08-13T12:40:00+00:00,2026-08-13,1240,N20,VIIRS,n,nominal,2.0NRT,8.54,D,VIIRS_NOAA20_NRT,False,336.92,306.89,0.4,0.37,133
51.29961,-0.95263,2026-08-13T12:40:00+00:00,2026-08-13,1240,N20,VIIRS,n,nominal,2.0NRT,8.54,D,VIIRS_NOAA20_NRT,False,355.26,308.88,0.4,0.37,133
51.29634,-0.95116,2026-08-13T12:40:00+00:00,2026-08-13,1240,N20,VIIRS,n,nominal,2.0NRT,8.54,D,VIIRS_NOAA20_NRT,False,354.61,309.3,0.4,0.37,133
51.29536,-0.95672,2026-08-13T12:40:00+00:00,2026-08-13,1240,N20,VIIRS,n,nominal,2.0NRT,4.94,D,VIIRS_NOAA20_NRT,False,338.68,308.26,0.4,0.37,133
51.19556,-1.45792,2026-08-13T12:40:00+00:00,2026-08-13,1240,N20,VIIRS,n,nominal,2.0NRT,3.66,D,VIIRS_NOAA20_NRT,False,347.61,307.75,0.41,0.37,134
51.70531,-1.01078,2026-08-13T12:40:00+00:00,2026-08-13,1240,N20,VIIRS,n,nominal,2.0NRT,3.82,D,VIIRS_NOAA20_NRT,False,345.79,309.89,0.4,0.37,127
51.09096,0.57725,2026-08-13T12:40:00+00:00,2026-08-13,1240,N20,VIIRS,l,low,2.0NRT,3.66,D,VIIRS_NOAA20_NRT,False,333.52,306.87,0.39,0.36,135
50.93244,0.09663,2026-08-13T12:40:00+00:00,2026-08-13,1240,N20,VIIRS,n,nominal,2.0NRT,13.84,D,VIIRS_NOAA20_NRT,False,347.33,313.89,0.39,0.36,97
53.23171,-1.09078,2026-08-13T12:40:00+00:00,2026-08-13,1240,N20,VIIRS,n,nominal,2.0NRT,3.02,D,VIIRS_NOAA20_NRT,False,338.39,304.78,0.39,0.36,136
53.42715,-1.65171,2026-08-13T12:40:00+00:00,2026-08-13,1240,N20,VIIRS,n,nominal,2.0NRT,2.69,D,VIIRS_NOAA20_NRT,False,339.19,305.32,0.39,0.36,52
53.55209,-0.60081,2026-08-13T12:40:00+00:00,2026-08-13,1240,N20,VIIRS,n,nominal,2.0NRT,1.27,D,VIIRS_NOAA20_NRT,False,336.64,304.92,0.39,0.36,12
53.55531,-0.60229,2026-08-13T12:40:00+00:00,2026-08-13,1240,N20,VIIRS,n,nominal,2.0NRT,1.27,D,VIIRS_NOAA20_NRT,False,341.15,305.47,0.39,0.36,12
53.56592,-0.60106,2026-08-13T12:40:00+00:00,2026-08-13,1240,N20,VIIRS,n,nominal,2.0NRT,2.43,D,VIIRS_NOAA20_NRT,False,336.4,308.91,0.39,0.36,12
53.56684,-0.59538,2026-08-13T12:40:00+00:00,2026-08-13,1240,N20,VIIRS,l,low,2.0NRT,3.13,D,VIIRS_NOAA20_NRT,False,334.2,308.52,0.39,0.36,12
53.63414,-0.24205,2026-08-13T12:40:00+00:00,2026-08-13,1240,N20,VIIRS,l,low,2.0NRT,3.6,D,VIIRS_NOAA20_NRT,False,331.43,304.78,0.38,0.36,73
53.63589,-0.93522,2026-08-13T12:40:00+00:00,2026-08-13,1240,N20,VIIRS,l,low,2.0NRT,1.27,D,VIIRS_NOAA20_NRT,False,331.13,305.62,0.39,0.36,137
50.92283,0.06001,2026-08-13T12:40:00+00:00,2026-08-13,1240,N20,VIIRS,n,nominal,2.0NRT,4.55,D,VIIRS_NOAA20_NRT,False,346.31,308.49,0.39,0.36,97
50.92192,0.05459,2026-08-13T12:40:00+00:00,2026-08-13,1240,N20,VIIRS,n,nominal,2.0NRT,4.55,D,VIIRS_NOAA20_NRT,False,353.09,308.84,0.39,0.36,97
50.8828,-1.0849,2026-08-13T12:40:00+00:00,2026-08-13,1240,N20,VIIRS,l,low,2.0NRT,1.13,D,VIIRS_NOAA20_NRT,False,330.87,303.56,0.4,0.37,138
54.84096,-1.53254,2026-08-13T12:42:00+00:00,2026-08-13,1242,N20,VIIRS,n,nominal,2.0NRT,2.87,D,VIIRS_NOAA20_NRT,False,337.2,304.31,0.39,0.36,139
54.6953,-1.27972,2026-08-13T12:42:00+00:00,2026-08-13,1242,N20,VIIRS,n,nominal,2.0NRT,4.28,D,VIIRS_NOAA20_NRT,False,345.57,302.05,0.39,0.36,140
53.76184,-1.36392,2026-08-13T12:42:00+00:00,2026-08-13,1242,N20,VIIRS,n,nominal,2.0NRT,2.62,D,VIIRS_NOAA20_NRT,False,338.28,304.13,0.39,0.36,141
53.79852,-1.20782,2026-08-13T12:42:00+00:00,2026-08-13,1242,N20,VIIRS,n,nominal,2.0NRT,1.19,D,VIIRS_NOAA20_NRT,False,335.34,303.33,0.39,0.36,142
53.7586,-1.36239,2026-08-13T12:42:00+00:00,2026-08-13,1242,N20,VIIRS,n,nominal,2.0NRT,2.62,D,VIIRS_NOAA20_NRT,False,343.46,304.01,0.39,0.36,141
53.75763,-1.36815,2026-08-13T12:42:00+00:00,2026-08-13,1242,N20,VIIRS,n,nominal,2.0NRT,6.11,D,VIIRS_NOAA20_NRT,False,350.37,304.99,0.39,0.36,141
54.63123,-1.26743,2026-08-13T12:42:00+00:00,2026-08-13,1242,N20,VIIRS,n,nominal,2.0NRT,1.43,D,VIIRS_NOAA20_NRT,False,338.26,302.99,0.39,0.36,143
51.83229,-3.19787,2026-08-13T13:25:00+00:00,2026-08-13,1325,N21,VIIRS,n,nominal,2.0NRT,10.04,D,VIIRS_NOAA21_NRT,True,330.87,305.27,0.4,0.44,1
51.83633,-3.19868,2026-08-13T13:25:00+00:00,2026-08-13,1325,N21,VIIRS,h,high,2.0NRT,10.04,D,VIIRS_NOAA21_NRT,True,367.0,315.89,0.4,0.44,1
51.83536,-3.21021,2026-08-13T13:25:00+00:00,2026-08-13,1325,N21,VIIRS,n,nominal,2.0NRT,8.27,D,VIIRS_NOAA21_NRT,True,354.91,320.83,0.4,0.44,1
51.83584,-3.20449,2026-08-13T13:25:00+00:00,2026-08-13,1325,N21,VIIRS,h,high,2.0NRT,10.04,D,VIIRS_NOAA21_NRT,True,367.0,320.62,0.4,0.44,1
51.83684,-3.19276,2026-08-13T13:25:00+00:00,2026-08-13,1325,N21,VIIRS,h,high,2.0NRT,19.73,D,VIIRS_NOAA21_NRT,True,367.0,315.11,0.4,0.44,1
51.82923,-3.18544,2026-08-13T13:25:00+00:00,2026-08-13,1325,N21,VIIRS,n,nominal,2.0NRT,5.89,D,VIIRS_NOAA21_NRT,True,343.1,300.75,0.4,0.44,1
51.83942,-3.21073,2026-08-13T13:25:00+00:00,2026-08-13,1325,N21,VIIRS,n,nominal,2.0NRT,13.9,D,VIIRS_NOAA21_NRT,True,355.41,318.46,0.4,0.44,1
51.83992,-3.2049,2026-08-13T13:25:00+00:00,2026-08-13,1325,N21,VIIRS,n,nominal,2.0NRT,7.29,D,VIIRS_NOAA21_NRT,True,348.1,315.85,0.4,0.44,1
51.84042,-3.19902,2026-08-13T13:25:00+00:00,2026-08-13,1325,N21,VIIRS,n,nominal,2.0NRT,7.29,D,VIIRS_NOAA21_NRT,True,346.45,311.32,0.4,0.44,1
51.84092,-3.19303,2026-08-13T13:25:00+00:00,2026-08-13,1325,N21,VIIRS,n,nominal,2.0NRT,28.22,D,VIIRS_NOAA21_NRT,True,350.0,311.84,0.4,0.44,1
50.87436,-2.14202,2026-08-13T13:25:00+00:00,2026-08-13,1325,N21,VIIRS,n,nominal,2.0NRT,13.71,D,VIIRS_NOAA21_NRT,False,350.6,307.35,0.43,0.46,144
51.83892,-3.21657,2026-08-13T13:25:00+00:00,2026-08-13,1325,N21,VIIRS,h,high,2.0NRT,13.9,D,VIIRS_NOAA21_NRT,True,367.0,318.5,0.4,0.44,1
51.83133,-3.20935,2026-08-13T13:25:00+00:00,2026-08-13,1325,N21,VIIRS,n,nominal,2.0NRT,8.27,D,VIIRS_NOAA21_NRT,True,352.12,308.62,0.4,0.44,1
50.87853,-2.14289,2026-08-13T13:25:00+00:00,2026-08-13,1325,N21,VIIRS,h,high,2.0NRT,13.71,D,VIIRS_NOAA21_NRT,False,367.0,312.87,0.43,0.46,144
50.8827,-2.14377,2026-08-13T13:25:00+00:00,2026-08-13,1325,N21,VIIRS,n,nominal,2.0NRT,20.99,D,VIIRS_NOAA21_NRT,False,348.94,308.94,0.43,0.46,144
51.82875,-3.19117,2026-08-13T13:25:00+00:00,2026-08-13,1325,N21,VIIRS,n,nominal,2.0NRT,5.89,D,VIIRS_NOAA21_NRT,True,334.95,300.91,0.4,0.44,1
51.82827,-3.19691,2026-08-13T13:25:00+00:00,2026-08-13,1325,N21,VIIRS,n,nominal,2.0NRT,5.66,D,VIIRS_NOAA21_NRT,True,338.98,303.39,0.4,0.44,1
51.82777,-3.2027,2026-08-13T13:25:00+00:00,2026-08-13,1325,N21,VIIRS,n,nominal,2.0NRT,5.66,D,VIIRS_NOAA21_NRT,True,347.27,312.79,0.4,0.44,1
51.8273,-3.20842,2026-08-13T13:25:00+00:00,2026-08-13,1325,N21,VIIRS,n,nominal,2.0NRT,15.86,D,VIIRS_NOAA21_NRT,True,354.3,315.14,0.4,0.44,1
51.8252,-3.18449,2026-08-13T13:25:00+00:00,2026-08-13,1325,N21,VIIRS,n,nominal,2.0NRT,5.89,D,VIIRS_NOAA21_NRT,True,342.77,311.84,0.4,0.44,1
51.82473,-3.19015,2026-08-13T13:25:00+00:00,2026-08-13,1325,N21,VIIRS,n,nominal,2.0NRT,5.89,D,VIIRS_NOAA21_NRT,True,344.04,313.11,0.4,0.44,1
51.82425,-3.19582,2026-08-13T13:25:00+00:00,2026-08-13,1325,N21,VIIRS,l,low,2.0NRT,5.66,D,VIIRS_NOAA21_NRT,True,337.03,309.88,0.4,0.44,1
51.82376,-3.2016,2026-08-13T13:25:00+00:00,2026-08-13,1325,N21,VIIRS,n,nominal,2.0NRT,5.66,D,VIIRS_NOAA21_NRT,True,340.24,310.94,0.4,0.44,1
51.82328,-3.20735,2026-08-13T13:25:00+00:00,2026-08-13,1325,N21,VIIRS,h,high,2.0NRT,15.86,D,VIIRS_NOAA21_NRT,True,367.0,322.52,0.4,0.44,1
51.8228,-3.21304,2026-08-13T13:25:00+00:00,2026-08-13,1325,N21,VIIRS,n,nominal,2.0NRT,15.86,D,VIIRS_NOAA21_NRT,True,342.13,312.14,0.4,0.44,1
51.82117,-3.18347,2026-08-13T13:25:00+00:00,2026-08-13,1325,N21,VIIRS,l,low,2.0NRT,10.48,D,VIIRS_NOAA21_NRT,True,339.15,310.23,0.4,0.44,1
51.81975,-3.20048,2026-08-13T13:25:00+00:00,2026-08-13,1325,N21,VIIRS,n,nominal,2.0NRT,7.68,D,VIIRS_NOAA21_NRT,True,353.77,315.84,0.4,0.44,1
51.81927,-3.20624,2026-08-13T13:25:00+00:00,2026-08-13,1325,N21,VIIRS,n,nominal,2.0NRT,14.03,D,VIIRS_NOAA21_NRT,True,355.16,318.73,0.4,0.44,1
50.87917,-2.14439,2026-08-13T13:25:00+00:00,2026-08-13,1325,N21,VIIRS,n,nominal,2.0NRT,23.07,D,VIIRS_NOAA21_NRT,False,355.42,313.83,0.43,0.46,144
51.81622,-3.19365,2026-08-13T13:25:00+00:00,2026-08-13,1325,N21,VIIRS,l,low,2.0NRT,7.68,D,VIIRS_NOAA21_NRT,True,338.12,313.04,0.4,0.44,1
51.78015,-3.33095,2026-08-13T13:25:00+00:00,2026-08-13,1325,N21,VIIRS,n,nominal,2.0NRT,15.62,D,VIIRS_NOAA21_NRT,True,354.45,308.45,0.39,0.44,6
51.77617,-3.32976,2026-08-13T13:25:00+00:00,2026-08-13,1325,N21,VIIRS,n,nominal,2.0NRT,6.41,D,VIIRS_NOAA21_NRT,True,342.26,304.7,0.39,0.44,6
51.77569,-3.33543,2026-08-13T13:25:00+00:00,2026-08-13,1325,N21,VIIRS,n,nominal,2.0NRT,10.02,D,VIIRS_NOAA21_NRT,True,340.7,310.12,0.39,0.44,6
51.76885,-3.2702,2026-08-13T13:25:00+00:00,2026-08-13,1325,N21,VIIRS,n,nominal,2.0NRT,10.08,D,VIIRS_NOAA21_NRT,True,350.12,308.22,0.39,0.44,6
51.75781,-3.05475,2026-08-13T13:25:00+00:00,2026-08-13,1325,N21,VIIRS,h,high,2.0NRT,9.93,D,VIIRS_NOAA21_NRT,True,367.0,312.01,0.4,0.44,65
51.7547,-3.04263,2026-08-13T13:25:00+00:00,2026-08-13,1325,N21,VIIRS,l,low,2.0NRT,13.83,D,VIIRS_NOAA21_NRT,True,337.15,309.66,0.4,0.44,65
51.75377,-3.05371,2026-08-13T13:25:00+00:00,2026-08-13,1325,N21,VIIRS,n,nominal,2.0NRT,9.93,D,VIIRS_NOAA21_NRT,True,347.07,315.07,0.4,0.44,65
51.67488,-3.45267,2026-08-13T13:25:00+00:00,2026-08-13,1325,N21,VIIRS,n,nominal,2.0NRT,5.63,D,VIIRS_NOAA21_NRT,True,342.72,309.67,0.39,0.44,92
51.66196,-3.46129,2026-08-13T13:25:00+00:00,2026-08-13,1325,N21,VIIRS,l,low,2.0NRT,6.18,D,VIIRS_NOAA21_NRT,True,334.42,307.72,0.39,0.44,92
51.62786,-3.41586,2026-08-13T13:25:00+00:00,2026-08-13,1325,N21,VIIRS,n,nominal,2.0NRT,7.65,D,VIIRS_NOAA21_NRT,True,353.94,304.23,0.39,0.44,92
51.62389,-3.41477,2026-08-13T13:25:00+00:00,2026-08-13,1325,N21,VIIRS,n,nominal,2.0NRT,7.65,D,VIIRS_NOAA21_NRT,True,344.36,306.13,0.39,0.44,92
51.57409,-3.1856,2026-08-13T13:25:00+00:00,2026-08-13,1325,N21,VIIRS,n,nominal,2.0NRT,3.23,D,VIIRS_NOAA21_NRT,True,330.83,303.84,0.39,0.44,145
50.88334,-2.14528,2026-08-13T13:25:00+00:00,2026-08-13,1325,N21,VIIRS,n,nominal,2.0NRT,23.07,D,VIIRS_NOAA21_NRT,False,345.22,305.37,0.43,0.46,144
51.83181,-3.20366,2026-08-13T13:25:00+00:00,2026-08-13,1325,N21,VIIRS,n,nominal,2.0NRT,10.04,D,VIIRS_NOAA21_NRT,True,353.96,309.85,0.4,0.44,1
51.81573,-3.19938,2026-08-13T13:25:00+00:00,2026-08-13,1325,N21,VIIRS,n,nominal,2.0NRT,7.68,D,VIIRS_NOAA21_NRT,True,346.37,313.9,0.4,0.44,1
51.84401,-3.20501,2026-08-13T13:25:00+00:00,2026-08-13,1325,N21,VIIRS,n,nominal,2.0NRT,7.29,D,VIIRS_NOAA21_NRT,True,335.16,304.03,0.4,0.44,1
52.08413,-3.77146,2026-08-13T13:25:00+00:00,2026-08-13,1325,N21,VIIRS,h,high,2.0NRT,297.62,D,VIIRS_NOAA21_NRT,True,367.0,332.9,0.57,0.43,29
52.27689,-3.49993,2026-08-13T13:25:00+00:00,2026-08-13,1325,N21,VIIRS,n,nominal,2.0NRT,15.4,D,VIIRS_NOAA21_NRT,True,355.08,320.53,0.39,0.44,66
52.27734,-3.49443,2026-08-13T13:25:00+00:00,2026-08-13,1325,N21,VIIRS,n,nominal,2.0NRT,15.4,D,VIIRS_NOAA21_NRT,True,344.23,298.23,0.39,0.44,66
52.28044,-3.50624,2026-08-13T13:25:00+00:00,2026-08-13,1325,N21,VIIRS,n,nominal,2.0NRT,21.25,D,VIIRS_NOAA21_NRT,True,352.58,310.22,0.39,0.44,66
52.28087,-3.50107,2026-08-13T13:25:00+00:00,2026-08-13,1325,N21,VIIRS,n,nominal,2.0NRT,15.4,D,VIIRS_NOAA21_NRT,True,353.0,312.65,0.39,0.44,66
52.28132,-3.49566,2026-08-13T13:25:00+00:00,2026-08-13,1325,N21,VIIRS,l,low,2.0NRT,15.4,D,VIIRS_NOAA21_NRT,True,332.27,304.46,0.39,0.44,66
52.2818,-3.48989,2026-08-13T13:25:00+00:00,2026-08-13,1325,N21,VIIRS,n,nominal,2.0NRT,4.17,D,VIIRS_NOAA21_NRT,True,334.76,300.7,0.39,0.44,66
52.28402,-3.5122,2026-08-13T13:25:00+00:00,2026-08-13,1325,N21,VIIRS,n,nominal,2.0NRT,12.35,D,VIIRS_NOAA21_NRT,True,334.16,301.9,0.39,0.44,66
52.28447,-3.50688,2026-08-13T13:25:00+00:00,2026-08-13,1325,N21,VIIRS,n,nominal,2.0NRT,12.35,D,VIIRS_NOAA21_NRT,True,344.41,305.75,0.39,0.44,66
52.2849,-3.50172,2026-08-13T13:25:00+00:00,2026-08-13,1325,N21,VIIRS,n,nominal,2.0NRT,5.79,D,VIIRS_NOAA21_NRT,True,341.43,306.56,0.39,0.44,66
52.28533,-3.49655,2026-08-13T13:25:00+00:00,2026-08-13,1325,N21,VIIRS,n,nominal,2.0NRT,5.79,D,VIIRS_NOAA21_NRT,True,341.92,308.02,0.39,0.44,66
52.28625,-3.48551,2026-08-13T13:25:00+00:00,2026-08-13,1325,N21,VIIRS,n,nominal,2.0NRT,7.34,D,VIIRS_NOAA21_NRT,True,338.07,300.08,0.39,0.44,66
52.41078,-1.89765,2026-08-13T13:25:00+00:00,2026-08-13,1325,N21,VIIRS,n,nominal,2.0NRT,20.63,D,VIIRS_NOAA21_NRT,False,345.66,307.75,0.45,0.47,146
52.43153,-2.15528,2026-08-13T13:25:00+00:00,2026-08-13,1325,N21,VIIRS,n,nominal,2.0NRT,18.4,D,VIIRS_NOAA21_NRT,False,354.43,311.55,0.44,0.46,99
52.43201,-2.14867,2026-08-13T13:25:00+00:00,2026-08-13,1325,N21,VIIRS,h,high,2.0NRT,18.4,D,VIIRS_NOAA21_NRT,False,367.0,315.05,0.44,0.46,99
52.43248,-2.14212,2026-08-13T13:25:00+00:00,2026-08-13,1325,N21,VIIRS,n,nominal,2.0NRT,12.86,D,VIIRS_NOAA21_NRT,False,341.95,310.02,0.44,0.46,99
52.43531,-2.1625,2026-08-13T13:25:00+00:00,2026-08-13,1325,N21,VIIRS,n,nominal,2.0NRT,9.78,D,VIIRS_NOAA21_NRT,False,345.92,309.44,0.44,0.46,99
52.43579,-2.15596,2026-08-13T13:25:00+00:00,2026-08-13,1325,N21,VIIRS,n,nominal,2.0NRT,18.4,D,VIIRS_NOAA21_NRT,False,349.24,309.56,0.44,0.46,99
52.43627,-2.14941,2026-08-13T13:25:00+00:00,2026-08-13,1325,N21,VIIRS,n,nominal,2.0NRT,18.4,D,VIIRS_NOAA21_NRT,False,353.79,312.55,0.44,0.46,99
52.43957,-2.16325,2026-08-13T13:25:00+00:00,2026-08-13,1325,N21,VIIRS,n,nominal,2.0NRT,26.09,D,VIIRS_NOAA21_NRT,False,348.1,311.76,0.44,0.46,99
52.44005,-2.15666,2026-08-13T13:25:00+00:00,2026-08-13,1325,N21,VIIRS,n,nominal,2.0NRT,22.03,D,VIIRS_NOAA21_NRT,False,345.62,307.98,0.44,0.46,99
52.45656,-1.80392,2026-08-13T13:25:00+00:00,2026-08-13,1325,N21,VIIRS,n,nominal,2.0NRT,9.33,D,VIIRS_NOAA21_NRT,False,342.98,309.08,0.46,0.47,100
52.27644,-3.50524,2026-08-13T13:25:00+00:00,2026-08-13,1325,N21,VIIRS,n,nominal,2.0NRT,21.25,D,VIIRS_NOAA21_NRT,True,349.66,316.93,0.39,0.44,66
52.08018,-3.77043,2026-08-13T13:25:00+00:00,2026-08-13,1325,N21,VIIRS,n,nominal,2.0NRT,297.62,D,VIIRS_NOAA21_NRT,True,346.44,305.93,0.57,0.43,29
52.27292,-3.49845,2026-08-13T13:25:00+00:00,2026-08-13,1325,N21,VIIRS,n,nominal,2.0NRT,58.76,D,VIIRS_NOAA21_NRT,True,349.12,323.88,0.39,0.44,66
52.27216,-3.49651,2026-08-13T13:25:00+00:00,2026-08-13,1325,N21,VIIRS,n,nominal,2.0NRT,24.53,D,VIIRS_NOAA21_NRT,True,353.98,307.43,0.39,0.44,66
52.08477,-3.76418,2026-08-13T13:25:00+00:00,2026-08-13,1325,N21,VIIRS,l,low,2.0NRT,297.62,D,VIIRS_NOAA21_NRT,True,367.0,338.82,0.57,0.43,29
52.08598,-3.79623,2026-08-13T13:25:00+00:00,2026-08-13,1325,N21,VIIRS,n,nominal,2.0NRT,8.12,D,VIIRS_NOAA21_NRT,True,338.99,301.24,0.57,0.43,29
52.0867,-3.78815,2026-08-13T13:25:00+00:00,2026-08-13,1325,N21,VIIRS,n,nominal,2.0NRT,12.36,D,VIIRS_NOAA21_NRT,True,344.3,303.03,0.57,0.43,29
52.08738,-3.7804,2026-08-13T13:25:00+00:00,2026-08-13,1325,N21,VIIRS,n,nominal,2.0NRT,12.36,D,VIIRS_NOAA21_NRT,True,333.43,307.05,0.57,0.43,29
52.08806,-3.77259,2026-08-13T13:25:00+00:00,2026-08-13,1325,N21,VIIRS,n,nominal,2.0NRT,10.34,D,VIIRS_NOAA21_NRT,True,339.58,307.95,0.57,0.43,29
52.08871,-3.76514,2026-08-13T13:25:00+00:00,2026-08-13,1325,N21,VIIRS,n,nominal,2.0NRT,10.34,D,VIIRS_NOAA21_NRT,True,346.54,299.76,0.57,0.43,29
52.08993,-3.79719,2026-08-13T13:25:00+00:00,2026-08-13,1325,N21,VIIRS,n,nominal,2.0NRT,8.12,D,VIIRS_NOAA21_NRT,True,341.05,305.92,0.57,0.43,29
52.09063,-3.78923,2026-08-13T13:25:00+00:00,2026-08-13,1325,N21,VIIRS,n,nominal,2.0NRT,12.36,D,VIIRS_NOAA21_NRT,True,355.91,314.75,0.57,0.43,29
52.0913,-3.78155,2026-08-13T13:25:00+00:00,2026-08-13,1325,N21,VIIRS,n,nominal,2.0NRT,12.36,D,VIIRS_NOAA21_NRT,True,351.05,313.78,0.57,0.43,29
52.09199,-3.77379,2026-08-13T13:25:00+00:00,2026-08-13,1325,N21,VIIRS,n,nominal,2.0NRT,10.34,D,VIIRS_NOAA21_NRT,True,346.49,311.78,0.57,0.43,29
52.09266,-3.7661,2026-08-13T13:25:00+00:00,2026-08-13,1325,N21,VIIRS,n,nominal,2.0NRT,10.34,D,VIIRS_NOAA21_NRT,True,344.79,301.49,0.57,0.43,29
52.09456,-3.79031,2026-08-13T13:25:00+00:00,2026-08-13,1325,N21,VIIRS,n,nominal,2.0NRT,4.9,D,VIIRS_NOAA21_NRT,True,334.95,308.16,0.57,0.43,29
52.09524,-3.78261,2026-08-13T13:25:00+00:00,2026-08-13,1325,N21,VIIRS,l,low,2.0NRT,4.9,D,VIIRS_NOAA21_NRT,True,332.26,304.69,0.57,0.43,29
52.09662,-3.76695,2026-08-13T13:25:00+00:00,2026-08-13,1325,N21,VIIRS,n,nominal,2.0NRT,14.94,D,VIIRS_NOAA21_NRT,True,349.03,306.45,0.57,0.43,29
52.0973,-3.7592,2026-08-13T13:25:00+00:00,2026-08-13,1325,N21,VIIRS,n,nominal,2.0NRT,8.34,D,VIIRS_NOAA21_NRT,True,335.5,297.88,0.57,0.43,29
52.09921,-3.78325,2026-08-13T13:25:00+00:00,2026-08-13,1325,N21,VIIRS,n,nominal,2.0NRT,4.9,D,VIIRS_NOAA21_NRT,True,332.92,300.16,0.57,0.43,29
52.09991,-3.77532,2026-08-13T13:25:00+00:00,2026-08-13,1325,N21,VIIRS,n,nominal,2.0NRT,14.94,D,VIIRS_NOAA21_NRT,True,353.08,299.23,0.57,0.43,29
52.1006,-3.76755,2026-08-13T13:25:00+00:00,2026-08-13,1325,N21,VIIRS,n,nominal,2.0NRT,14.94,D,VIIRS_NOAA21_NRT,True,354.5,301.8,0.57,0.43,29
52.15751,-3.55089,2026-08-13T13:25:00+00:00,2026-08-13,1325,N21,VIIRS,n,nominal,2.0NRT,4.03,D,VIIRS_NOAA21_NRT,True,334.93,307.07,0.39,0.44,98
52.16014,-3.55079,2026-08-13T13:25:00+00:00,2026-08-13,1325,N21,VIIRS,n,nominal,2.0NRT,2.86,D,VIIRS_NOAA21_NRT,True,337.18,306.1,0.39,0.44,98
52.27169,-3.50196,2026-08-13T13:25:00+00:00,2026-08-13,1325,N21,VIIRS,n,nominal,2.0NRT,24.53,D,VIIRS_NOAA21_NRT,True,336.76,301.5,0.39,0.44,66
52.27246,-3.50399,2026-08-13T13:25:00+00:00,2026-08-13,1325,N21,VIIRS,n,nominal,2.0NRT,16.94,D,VIIRS_NOAA21_NRT,True,348.23,302.85,0.39,0.44,66
51.83488,-3.21591,2026-08-13T13:25:00+00:00,2026-08-13,1325,N21,VIIRS,n,nominal,2.0NRT,8.27,D,VIIRS_NOAA21_NRT,True,340.72,311.46,0.4,0.44,1
54.42142,-6.4416,2026-08-13T13:25:00+00:00,2026-08-13,1325,N21,VIIRS,n,nominal,2.0NRT,7.48,D,VIIRS_NOAA21_NRT,False,337.7,298.7,0.49,0.4,147
52.48225,-0.23295,2026-08-13T13:25:00+00:00,2026-08-13,1325,N21,VIIRS,n,nominal,2.0NRT,6.34,D,VIIRS_NOAA21_NRT,False,346.8,308.15,0.53,0.5,3
51.11468,0.70767,2026-08-13T14:01:00+00:00,2026-08-13,1401,N,VIIRS,n,nominal,2.0NRT,6.59,D,VIIRS_SNPP_NRT,False,348.03,301.92,0.54,0.68,148
51.11332,0.71029,2026-08-13T14:01:00+00:00,2026-08-13,1401,N,VIIRS,n,nominal,2.0NRT,4.15,D,VIIRS_SNPP_NRT,False,331.91,301.33,0.54,0.68,148
52.28314,-3.49773,2026-08-13T14:01:00+00:00,2026-08-13,1401,N,VIIRS,n,nominal,2.0NRT,7.28,D,VIIRS_SNPP_NRT,True,332.0,306.46,0.36,0.57,66
52.28299,-3.5023,2026-08-13T14:01:00+00:00,2026-08-13,1401,N,VIIRS,n,nominal,2.0NRT,7.28,D,VIIRS_SNPP_NRT,True,348.06,308.97,0.36,0.57,66
52.28284,-3.50677,2026-08-13T14:01:00+00:00,2026-08-13,1401,N,VIIRS,n,nominal,2.0NRT,11.27,D,VIIRS_SNPP_NRT,True,355.27,307.34,0.36,0.57,66
52.28268,-3.51142,2026-08-13T14:01:00+00:00,2026-08-13,1401,N,VIIRS,h,high,2.0NRT,11.27,D,VIIRS_SNPP_NRT,True,367.0,303.74,0.36,0.57,66
52.27953,-3.50068,2026-08-13T14:01:00+00:00,2026-08-13,1401,N,VIIRS,h,high,2.0NRT,10.76,D,VIIRS_SNPP_NRT,True,367.0,308.0,0.36,0.57,66
52.2794,-3.5053,2026-08-13T14:01:00+00:00,2026-08-13,1401,N,VIIRS,n,nominal,2.0NRT,14.09,D,VIIRS_SNPP_NRT,True,353.17,313.13,0.36,0.57,66
52.27779,-3.49696,2026-08-13T14:01:00+00:00,2026-08-13,1401,N,VIIRS,n,nominal,2.0NRT,21.83,D,VIIRS_SNPP_NRT,True,337.21,300.83,0.36,0.57,66
52.27763,-3.5018,2026-08-13T14:01:00+00:00,2026-08-13,1401,N,VIIRS,h,high,2.0NRT,21.83,D,VIIRS_SNPP_NRT,True,367.0,321.88,0.36,0.57,66
52.27747,-3.50648,2026-08-13T14:01:00+00:00,2026-08-13,1401,N,VIIRS,n,nominal,2.0NRT,15.53,D,VIIRS_SNPP_NRT,True,354.81,308.63,0.36,0.57,66
52.2742,-3.49912,2026-08-13T14:01:00+00:00,2026-08-13,1401,N,VIIRS,h,high,2.0NRT,18.98,D,VIIRS_SNPP_NRT,True,367.0,319.27,0.36,0.57,66
52.27406,-3.50414,2026-08-13T14:01:00+00:00,2026-08-13,1401,N,VIIRS,n,nominal,2.0NRT,13.55,D,VIIRS_SNPP_NRT,True,356.18,318.97,0.36,0.57,66
52.2739,-3.50959,2026-08-13T14:01:00+00:00,2026-08-13,1401,N,VIIRS,n,nominal,2.0NRT,13.55,D,VIIRS_SNPP_NRT,True,338.42,300.97,0.36,0.57,66
52.27248,-3.49501,2026-08-13T14:01:00+00:00,2026-08-13,1401,N,VIIRS,h,high,2.0NRT,21.83,D,VIIRS_SNPP_NRT,True,367.0,302.8,0.36,0.57,66
52.2723,-3.50018,2026-08-13T14:01:00+00:00,2026-08-13,1401,N,VIIRS,h,high,2.0NRT,21.83,D,VIIRS_SNPP_NRT,True,367.0,321.12,0.36,0.57,66
52.27213,-3.5055,2026-08-13T14:01:00+00:00,2026-08-13,1401,N,VIIRS,h,high,2.0NRT,15.53,D,VIIRS_SNPP_NRT,True,367.0,304.92,0.36,0.57,66
52.26887,-3.49754,2026-08-13T14:01:00+00:00,2026-08-13,1401,N,VIIRS,n,nominal,2.0NRT,18.98,D,VIIRS_SNPP_NRT,True,348.87,304.71,0.36,0.57,66
52.10014,-3.7575,2026-08-13T14:01:00+00:00,2026-08-13,1401,N,VIIRS,n,nominal,2.0NRT,7.46,D,VIIRS_SNPP_NRT,True,334.8,295.17,0.35,0.57,29
52.09999,-3.76198,2026-08-13T14:01:00+00:00,2026-08-13,1401,N,VIIRS,h,high,2.0NRT,7.46,D,VIIRS_SNPP_NRT,True,367.0,298.02,0.35,0.57,29
52.09984,-3.76643,2026-08-13T14:01:00+00:00,2026-08-13,1401,N,VIIRS,h,high,2.0NRT,6.26,D,VIIRS_SNPP_NRT,True,367.0,299.5,0.35,0.57,29
52.09969,-3.77093,2026-08-13T14:01:00+00:00,2026-08-13,1401,N,VIIRS,h,high,2.0NRT,6.26,D,VIIRS_SNPP_NRT,True,367.0,300.46,0.35,0.57,29
52.09954,-3.77561,2026-08-13T14:01:00+00:00,2026-08-13,1401,N,VIIRS,n,nominal,2.0NRT,7.15,D,VIIRS_SNPP_NRT,True,342.36,297.84,0.35,0.57,29
52.28464,-3.50994,2026-08-13T14:01:00+00:00,2026-08-13,1401,N,VIIRS,h,high,2.0NRT,14.09,D,VIIRS_SNPP_NRT,True,367.0,306.28,0.36,0.57,66
52.28478,-3.50531,2026-08-13T14:01:00+00:00,2026-08-13,1401,N,VIIRS,n,nominal,2.0NRT,14.09,D,VIIRS_SNPP_NRT,True,330.42,302.7,0.36,0.57,66
52.28491,-3.50083,2026-08-13T14:01:00+00:00,2026-08-13,1401,N,VIIRS,n,nominal,2.0NRT,10.76,D,VIIRS_SNPP_NRT,True,336.3,306.37,0.36,0.57,66
52.28504,-3.49631,2026-08-13T14:01:00+00:00,2026-08-13,1401,N,VIIRS,n,nominal,2.0NRT,10.76,D,VIIRS_SNPP_NRT,True,333.24,306.04,0.36,0.57,66
53.42333,-2.72493,2026-08-13T14:01:00+00:00,2026-08-13,1401,N,VIIRS,n,nominal,2.0NRT,6.16,D,VIIRS_SNPP_NRT,True,354.84,298.15,0.39,0.6,149
52.85829,-1.48103,2026-08-13T14:01:00+00:00,2026-08-13,1401,N,VIIRS,n,nominal,2.0NRT,6.64,D,VIIRS_SNPP_NRT,False,336.92,295.53,0.44,0.62,150
52.85667,-1.48198,2026-08-13T14:01:00+00:00,2026-08-13,1401,N,VIIRS,h,high,2.0NRT,8.57,D,VIIRS_SNPP_NRT,False,367.0,297.97,0.44,0.62,150
52.8566,-1.48871,2026-08-13T14:01:00+00:00,2026-08-13,1401,N,VIIRS,n,nominal,2.0NRT,8.57,D,VIIRS_SNPP_NRT,False,336.24,293.83,0.44,0.62,150
52.85243,-1.4808,2026-08-13T14:01:00+00:00,2026-08-13,1401,N,VIIRS,n,nominal,2.0NRT,6.64,D,VIIRS_SNPP_NRT,False,343.44,299.34,0.44,0.62,150
52.85233,-1.48756,2026-08-13T14:01:00+00:00,2026-08-13,1401,N,VIIRS,n,nominal,2.0NRT,9.24,D,VIIRS_SNPP_NRT,False,338.38,300.06,0.44,0.62,150
52.74482,0.28103,2026-08-13T14:01:00+00:00,2026-08-13,1401,N,VIIRS,n,nominal,2.0NRT,6.12,D,VIIRS_SNPP_NRT,False,350.65,298.94,0.52,0.67,151
52.7411,0.27501,2026-08-13T14:01:00+00:00,2026-08-13,1401,N,VIIRS,n,nominal,2.0NRT,3.2,D,VIIRS_SNPP_NRT,False,339.31,300.02,0.52,0.67,151
52.74107,0.28307,2026-08-13T14:01:00+00:00,2026-08-13,1401,N,VIIRS,n,nominal,2.0NRT,3.2,D,VIIRS_SNPP_NRT,False,330.33,300.08,0.52,0.67,151
52.73512,0.20283,2026-08-13T14:01:00+00:00,2026-08-13,1401,N,VIIRS,n,nominal,2.0NRT,5.04,D,VIIRS_SNPP_NRT,False,337.68,299.51,0.52,0.67,151
52.09938,-3.78034,2026-08-13T14:01:00+00:00,2026-08-13,1401,N,VIIRS,n,nominal,2.0NRT,7.15,D,VIIRS_SNPP_NRT,True,355.69,299.59,0.35,0.57,29
52.73227,0.20079,2026-08-13T14:01:00+00:00,2026-08-13,1401,N,VIIRS,n,nominal,2.0NRT,3.88,D,VIIRS_SNPP_NRT,False,341.04,299.75,0.52,0.67,151
52.47228,-2.13104,2026-08-13T14:01:00+00:00,2026-08-13,1401,N,VIIRS,n,nominal,2.0NRT,3.94,D,VIIRS_SNPP_NRT,False,347.28,303.48,0.41,0.61,99
52.45506,-1.80529,2026-08-13T14:01:00+00:00,2026-08-13,1401,N,VIIRS,n,nominal,2.0NRT,5.1,D,VIIRS_SNPP_NRT,False,341.89,302.95,0.42,0.61,100
52.43222,-2.14181,2026-08-13T14:01:00+00:00,2026-08-13,1401,N,VIIRS,n,nominal,2.0NRT,5.82,D,VIIRS_SNPP_NRT,False,334.77,299.74,0.41,0.61,99
52.43211,-2.1481,2026-08-13T14:01:00+00:00,2026-08-13,1401,N,VIIRS,n,nominal,2.0NRT,5.82,D,VIIRS_SNPP_NRT,False,351.32,302.13,0.41,0.61,99
52.432,-2.15446,2026-08-13T14:01:00+00:00,2026-08-13,1401,N,VIIRS,n,nominal,2.0NRT,8.4,D,VIIRS_SNPP_NRT,False,350.78,300.22,0.41,0.61,99
52.4305,-2.14617,2026-08-13T14:01:00+00:00,2026-08-13,1401,N,VIIRS,l,low,2.0NRT,2.39,D,VIIRS_SNPP_NRT,False,331.34,302.07,0.41,0.61,99
52.43035,-2.15256,2026-08-13T14:01:00+00:00,2026-08-13,1401,N,VIIRS,n,nominal,2.0NRT,2.39,D,VIIRS_SNPP_NRT,False,336.63,301.62,0.41,0.61,99
52.40762,-1.89472,2026-08-13T14:01:00+00:00,2026-08-13,1401,N,VIIRS,n,nominal,2.0NRT,6.31,D,VIIRS_SNPP_NRT,False,343.35,302.97,0.42,0.61,146
52.40753,-1.90106,2026-08-13T14:01:00+00:00,2026-08-13,1401,N,VIIRS,n,nominal,2.0NRT,4.32,D,VIIRS_SNPP_NRT,False,338.62,302.81,0.42,0.61,146
52.40701,-1.89946,2026-08-13T14:01:00+00:00,2026-08-13,1401,N,VIIRS,n,nominal,2.0NRT,7.53,D,VIIRS_SNPP_NRT,False,348.94,303.43,0.42,0.61,146
52.68008,-1.37147,2026-08-13T14:01:00+00:00,2026-08-13,1401,N,VIIRS,n,nominal,2.0NRT,3.02,D,VIIRS_SNPP_NRT,False,344.38,298.75,0.44,0.63,118
52.09452,-3.76651,2026-08-13T14:01:00+00:00,2026-08-13,1401,N,VIIRS,n,nominal,2.0NRT,6.26,D,VIIRS_SNPP_NRT,True,330.97,298.53,0.35,0.57,29
52.28331,-3.49273,2026-08-13T14:01:00+00:00,2026-08-13,1401,N,VIIRS,l,low,2.0NRT,8.41,D,VIIRS_SNPP_NRT,True,331.6,305.58,0.36,0.57,66
52.09422,-3.77574,2026-08-13T14:01:00+00:00,2026-08-13,1401,N,VIIRS,n,nominal,2.0NRT,7.15,D,VIIRS_SNPP_NRT,True,346.95,301.39,0.35,0.57,29
51.83702,-3.2164,2026-08-13T14:01:00+00:00,2026-08-13,1401,N,VIIRS,n,nominal,2.0NRT,9.28,D,VIIRS_SNPP_NRT,True,352.54,307.07,0.37,0.58,1
51.83211,-3.19982,2026-08-13T14:01:00+00:00,2026-08-13,1401,N,VIIRS,n,nominal,2.0NRT,9.52,D,VIIRS_SNPP_NRT,True,350.48,306.93,0.37,0.58,1
51.83194,-3.20537,2026-08-13T14:01:00+00:00,2026-08-13,1401,N,VIIRS,n,nominal,2.0NRT,7.78,D,VIIRS_SNPP_NRT,True,356.24,310.95,0.37,0.58,1
51.83177,-3.21076,2026-08-13T14:01:00+00:00,2026-08-13,1401,N,VIIRS,n,nominal,2.0NRT,7.78,D,VIIRS_SNPP_NRT,True,350.88,310.33,0.37,0.58,1
51.82719,-3.18278,2026-08-13T14:01:00+00:00,2026-08-13,1401,N,VIIRS,n,nominal,2.0NRT,5.59,D,VIIRS_SNPP_NRT,True,333.33,300.21,0.37,0.58,1
51.82703,-3.18822,2026-08-13T14:01:00+00:00,2026-08-13,1401,N,VIIRS,n,nominal,2.0NRT,5.59,D,VIIRS_SNPP_NRT,True,358.16,307.32,0.37,0.58,1
51.8267,-3.19917,2026-08-13T14:01:00+00:00,2026-08-13,1401,N,VIIRS,l,low,2.0NRT,7.76,D,VIIRS_SNPP_NRT,True,332.61,305.67,0.37,0.58,1
51.82653,-3.20478,2026-08-13T14:01:00+00:00,2026-08-13,1401,N,VIIRS,n,nominal,2.0NRT,6.88,D,VIIRS_SNPP_NRT,True,352.11,308.75,0.37,0.58,1
51.82636,-3.21023,2026-08-13T14:01:00+00:00,2026-08-13,1401,N,VIIRS,n,nominal,2.0NRT,6.88,D,VIIRS_SNPP_NRT,True,351.68,306.26,0.37,0.58,1
51.82162,-3.18737,2026-08-13T14:01:00+00:00,2026-08-13,1401,N,VIIRS,l,low,2.0NRT,5.59,D,VIIRS_SNPP_NRT,True,331.69,303.96,0.37,0.58,1
51.82129,-3.19821,2026-08-13T14:01:00+00:00,2026-08-13,1401,N,VIIRS,l,low,2.0NRT,7.76,D,VIIRS_SNPP_NRT,True,333.89,303.91,0.37,0.58,1
51.82113,-3.20383,2026-08-13T14:01:00+00:00,2026-08-13,1401,N,VIIRS,n,nominal,2.0NRT,6.88,D,VIIRS_SNPP_NRT,True,344.36,306.99,0.37,0.58,1
51.82096,-3.2094,2026-08-13T14:01:00+00:00,2026-08-13,1401,N,VIIRS,h,high,2.0NRT,6.88,D,VIIRS_SNPP_NRT,True,367.0,311.05,0.37,0.58,1
51.81589,-3.1973,2026-08-13T14:01:00+00:00,2026-08-13,1401,N,VIIRS,n,nominal,2.0NRT,5.03,D,VIIRS_SNPP_NRT,True,337.25,304.92,0.37,0.58,1
51.77939,-3.33172,2026-08-13T14:01:00+00:00,2026-08-13,1401,N,VIIRS,n,nominal,2.0NRT,5.98,D,VIIRS_SNPP_NRT,True,338.4,295.98,0.36,0.58,6
51.77069,-3.37151,2026-08-13T14:01:00+00:00,2026-08-13,1401,N,VIIRS,n,nominal,2.0NRT,6.35,D,VIIRS_SNPP_NRT,True,342.91,301.4,0.36,0.57,6
51.76742,-3.3713,2026-08-13T14:01:00+00:00,2026-08-13,1401,N,VIIRS,n,nominal,2.0NRT,3.2,D,VIIRS_SNPP_NRT,True,341.45,302.18,0.36,0.57,6
51.76003,-3.05342,2026-08-13T14:01:00+00:00,2026-08-13,1401,N,VIIRS,n,nominal,2.0NRT,2.88,D,VIIRS_SNPP_NRT,True,339.45,300.9,0.37,0.58,65
51.75939,-3.05338,2026-08-13T14:01:00+00:00,2026-08-13,1401,N,VIIRS,n,nominal,2.0NRT,7.33,D,VIIRS_SNPP_NRT,True,348.82,302.42,0.37,0.58,65
51.75395,-3.05259,2026-08-13T14:01:00+00:00,2026-08-13,1401,N,VIIRS,n,nominal,2.0NRT,7.33,D,VIIRS_SNPP_NRT,True,353.93,310.43,0.37,0.58,65
51.67663,-3.45083,2026-08-13T14:01:00+00:00,2026-08-13,1401,N,VIIRS,n,nominal,2.0NRT,3.06,D,VIIRS_SNPP_NRT,True,341.35,300.68,0.36,0.57,92
51.62761,-3.41305,2026-08-13T14:01:00+00:00,2026-08-13,1401,N,VIIRS,n,nominal,2.0NRT,2.42,D,VIIRS_SNPP_NRT,True,339.02,300.63,0.36,0.57,92
52.09437,-3.77115,2026-08-13T14:01:00+00:00,2026-08-13,1401,N,VIIRS,n,nominal,2.0NRT,6.26,D,VIIRS_SNPP_NRT,True,336.88,301.02,0.35,0.57,29
51.83719,-3.21095,2026-08-13T14:01:00+00:00,2026-08-13,1401,N,VIIRS,n,nominal,2.0NRT,7.78,D,VIIRS_SNPP_NRT,True,349.14,309.85,0.37,0.58,1
51.83736,-3.20557,2026-08-13T14:01:00+00:00,2026-08-13,1401,N,VIIRS,n,nominal,2.0NRT,7.78,D,VIIRS_SNPP_NRT,True,349.61,309.3,0.37,0.58,1
51.11967,0.71049,2026-08-13T14:01:00+00:00,2026-08-13,1401,N,VIIRS,n,nominal,2.0NRT,4.15,D,VIIRS_SNPP_NRT,False,339.67,299.73,0.54,0.68,148
51.83772,-3.19406,2026-08-13T14:01:00+00:00,2026-08-13,1401,N,VIIRS,h,high,2.0NRT,9.52,D,VIIRS_SNPP_NRT,True,367.0,308.34,0.37,0.58,1
51.83753,-3.19996,2026-08-13T14:01:00+00:00,2026-08-13,1401,N,VIIRS,n,nominal,2.0NRT,9.52,D,VIIRS_SNPP_NRT,True,352.28,308.45,0.37,0.58,1
52.09406,-3.78037,2026-08-13T14:01:00+00:00,2026-08-13,1401,N,VIIRS,h,high,2.0NRT,7.15,D,VIIRS_SNPP_NRT,True,367.0,305.68,0.35,0.57,29
52.09391,-3.78496,2026-08-13T14:01:00+00:00,2026-08-13,1401,N,VIIRS,n,nominal,2.0NRT,11.79,D,VIIRS_SNPP_NRT,True,350.35,304.83,0.35,0.57,29
52.09376,-3.78952,2026-08-13T14:01:00+00:00,2026-08-13,1401,N,VIIRS,h,high,2.0NRT,11.79,D,VIIRS_SNPP_NRT,True,367.0,305.87,0.35,0.57,29
52.09361,-3.79407,2026-08-13T14:01:00+00:00,2026-08-13,1401,N,VIIRS,n,nominal,2.0NRT,8.96,D,VIIRS_SNPP_NRT,True,354.19,304.09,0.35,0.57,29
52.08938,-3.76137,2026-08-13T14:01:00+00:00,2026-08-13,1401,N,VIIRS,h,high,2.0NRT,91.11,D,VIIRS_SNPP_NRT,True,367.0,299.21,0.35,0.57,29
52.08924,-3.76582,2026-08-13T14:01:00+00:00,2026-08-13,1401,N,VIIRS,n,nominal,2.0NRT,91.83,D,VIIRS_SNPP_NRT,True,354.05,295.85,0.35,0.57,29
52.08894,-3.77462,2026-08-13T14:01:00+00:00,2026-08-13,1401,N,VIIRS,n,nominal,2.0NRT,27.54,D,VIIRS_SNPP_NRT,True,341.17,300.87,0.35,0.57,29
52.08878,-3.77941,2026-08-13T14:01:00+00:00,2026-08-13,1401,N,VIIRS,n,nominal,2.0NRT,27.54,D,VIIRS_SNPP_NRT,True,350.96,303.71,0.35,0.57,29
52.08863,-3.78396,2026-08-13T14:01:00+00:00,2026-08-13,1401,N,VIIRS,n,nominal,2.0NRT,6.84,D,VIIRS_SNPP_NRT,True,343.1,301.57,0.35,0.57,29
52.08849,-3.78859,2026-08-13T14:01:00+00:00,2026-08-13,1401,N,VIIRS,n,nominal,2.0NRT,6.84,D,VIIRS_SNPP_NRT,True,352.42,304.23,0.35,0.57,29
52.08833,-3.79341,2026-08-13T14:01:00+00:00,2026-08-13,1401,N,VIIRS,n,nominal,2.0NRT,8.99,D,VIIRS_SNPP_NRT,True,350.3,304.83,0.35,0.57,29
52.08909,-3.77012,2026-08-13T14:01:00+00:00,2026-08-13,1401,N,VIIRS,n,nominal,2.0NRT,91.83,D,VIIRS_SNPP_NRT,True,346.99,295.99,0.35,0.57,29
52.0841,-3.76048,2026-08-13T14:01:00+00:00,2026-08-13,1401,N,VIIRS,h,high,2.0NRT,91.11,D,VIIRS_SNPP_NRT,True,367.0,328.61,0.35,0.57,29
52.08427,-3.75526,2026-08-13T14:01:00+00:00,2026-08-13,1401,N,VIIRS,n,nominal,2.0NRT,91.11,D,VIIRS_SNPP_NRT,True,351.11,294.36,0.35,0.57,29
51.84266,-3.20977,2026-08-13T14:01:00+00:00,2026-08-13,1401,N,VIIRS,n,nominal,2.0NRT,3.03,D,VIIRS_SNPP_NRT,True,334.8,300.36,0.37,0.58,1
51.84284,-3.20397,2026-08-13T14:01:00+00:00,2026-08-13,1401,N,VIIRS,n,nominal,2.0NRT,3.03,D,VIIRS_SNPP_NRT,True,334.35,301.9,0.37,0.58,1
51.8432,-3.19227,2026-08-13T14:01:00+00:00,2026-08-13,1401,N,VIIRS,n,nominal,2.0NRT,5.24,D,VIIRS_SNPP_NRT,True,333.39,300.33,0.37,0.58,1
52.07839,-3.77256,2026-08-13T14:01:00+00:00,2026-08-13,1401,N,VIIRS,n,nominal,2.0NRT,3.34,D,VIIRS_SNPP_NRT,True,333.51,296.62,0.35,0.57,29
51.83791,-3.18787,2026-08-13T14:01:00+00:00,2026-08-13,1401,N,VIIRS,n,nominal,2.0NRT,9.86,D,VIIRS_SNPP_NRT,True,341.45,304.54,0.37,0.58,1
52.08321,-3.7876,2026-08-13T14:01:00+00:00,2026-08-13,1401,N,VIIRS,n,nominal,2.0NRT,6.84,D,VIIRS_SNPP_NRT,True,342.19,298.52,0.35,0.57,29
52.08367,-3.77348,2026-08-13T14:01:00+00:00,2026-08-13,1401,N,VIIRS,n,nominal,2.0NRT,27.54,D,VIIRS_SNPP_NRT,True,344.33,300.28,0.35,0.57,29
52.08381,-3.76915,2026-08-13T14:01:00+00:00,2026-08-13,1401,N,VIIRS,l,low,2.0NRT,91.83,D,VIIRS_SNPP_NRT,True,367.0,340.03,0.35,0.57,29
52.08395,-3.76508,2026-08-13T14:01:00+00:00,2026-08-13,1401,N,VIIRS,l,low,2.0NRT,91.83,D,VIIRS_SNPP_NRT,True,367.0,335.19,0.35,0.57,29
52.07853,-3.76837,2026-08-13T14:01:00+00:00,2026-08-13,1401,N,VIIRS,n,nominal,2.0NRT,4.63,D,VIIRS_SNPP_NRT,True,335.86,296.37,0.35,0.57,29
52.08417,-3.75278,2026-08-13T14:22:00+00:00,2026-08-13,1422,N20,VIIRS,h,high,2.0NRT,109.87,D,VIIRS_NOAA20_NRT,True,367.0,292.1,0.66,0.73,29
52.0913,-3.77074,2026-08-13T14:22:00+00:00,2026-08-13,1422,N20,VIIRS,n,nominal,2.0NRT,152.75,D,VIIRS_NOAA20_NRT,True,344.39,294.55,0.66,0.73,29
52.08577,-3.78295,2026-08-13T14:22:00+00:00,2026-08-13,1422,N20,VIIRS,n,nominal,2.0NRT,25.76,D,VIIRS_NOAA20_NRT,True,332.22,294.94,0.66,0.73,29
52.08559,-3.77455,2026-08-13T14:22:00+00:00,2026-08-13,1422,N20,VIIRS,n,nominal,2.0NRT,135.93,D,VIIRS_NOAA20_NRT,True,335.23,295.23,0.66,0.73,29
52.08525,-3.75946,2026-08-13T14:22:00+00:00,2026-08-13,1422,N20,VIIRS,n,nominal,2.0NRT,87.6,D,VIIRS_NOAA20_NRT,True,351.19,303.24,0.66,0.73,29
52.085,-3.74817,2026-08-13T14:22:00+00:00,2026-08-13,1422,N20,VIIRS,n,nominal,2.0NRT,87.6,D,VIIRS_NOAA20_NRT,True,331.3,290.17,0.66,0.73,29
52.08463,-3.77774,2026-08-13T14:22:00+00:00,2026-08-13,1422,N20,VIIRS,n,nominal,2.0NRT,22.84,D,VIIRS_NOAA20_NRT,True,330.99,294.55,0.66,0.73,29
52.08448,-3.7699,2026-08-13T14:22:00+00:00,2026-08-13,1422,N20,VIIRS,n,nominal,2.0NRT,152.75,D,VIIRS_NOAA20_NRT,True,338.99,301.77,0.66,0.73,29
52.09145,-3.77894,2026-08-13T14:22:00+00:00,2026-08-13,1422,N20,VIIRS,h,high,2.0NRT,22.84,D,VIIRS_NOAA20_NRT,True,367.0,299.91,0.66,0.73,29
51.83938,-3.21,2026-08-13T14:22:00+00:00,2026-08-13,1422,N20,VIIRS,n,nominal,2.0NRT,10.03,D,VIIRS_NOAA20_NRT,True,339.43,300.51,0.7,0.75,1
52.07841,-3.75826,2026-08-13T14:22:00+00:00,2026-08-13,1422,N20,VIIRS,h,high,2.0NRT,87.6,D,VIIRS_NOAA20_NRT,True,367.0,292.09,0.66,0.73,29
52.07766,-3.76927,2026-08-13T14:22:00+00:00,2026-08-13,1422,N20,VIIRS,n,nominal,2.0NRT,24.6,D,VIIRS_NOAA20_NRT,True,352.48,296.29,0.66,0.73,29
52.07753,-3.76197,2026-08-13T14:22:00+00:00,2026-08-13,1422,N20,VIIRS,h,high,2.0NRT,24.6,D,VIIRS_NOAA20_NRT,True,367.0,292.69,0.66,0.73,29
52.0916,-3.78698,2026-08-13T14:22:00+00:00,2026-08-13,1422,N20,VIIRS,h,high,2.0NRT,22.84,D,VIIRS_NOAA20_NRT,True,367.0,299.42,0.66,0.73,29
51.83914,-3.19967,2026-08-13T14:22:00+00:00,2026-08-13,1422,N20,VIIRS,n,nominal,2.0NRT,10.03,D,VIIRS_NOAA20_NRT,True,335.62,300.17,0.7,0.75,1
51.83886,-3.18775,2026-08-13T14:22:00+00:00,2026-08-13,1422,N20,VIIRS,n,nominal,2.0NRT,11.57,D,VIIRS_NOAA20_NRT,True,344.65,298.42,0.7,0.75,1
51.83222,-3.20144,2026-08-13T14:22:00+00:00,2026-08-13,1422,N20,VIIRS,n,nominal,2.0NRT,19.1,D,VIIRS_NOAA20_NRT,True,351.43,302.51,0.7,0.75,1
51.82527,-3.2014,2026-08-13T14:22:00+00:00,2026-08-13,1422,N20,VIIRS,n,nominal,2.0NRT,19.1,D,VIIRS_NOAA20_NRT,True,344.02,299.46,0.7,0.75,1
51.82477,-3.18071,2026-08-13T14:22:00+00:00,2026-08-13,1422,N20,VIIRS,n,nominal,2.0NRT,23.43,D,VIIRS_NOAA20_NRT,True,332.26,288.49,0.7,0.75,1
51.81829,-3.20071,2026-08-13T14:22:00+00:00,2026-08-13,1422,N20,VIIRS,n,nominal,2.0NRT,16.65,D,VIIRS_NOAA20_NRT,True,342.89,299.93,0.7,0.75,1
51.75382,-3.05183,2026-08-13T14:22:00+00:00,2026-08-13,1422,N20,VIIRS,n,nominal,2.0NRT,16.21,D,VIIRS_NOAA20_NRT,True,343.66,300.99,0.71,0.75,65
52.07859,-3.76665,2026-08-13T14:22:00+00:00,2026-08-13,1422,N20,VIIRS,n,nominal,2.0NRT,135.93,D,VIIRS_NOAA20_NRT,True,334.47,304.0,0.66,0.73,29
52.09243,-3.77588,2026-08-13T14:22:00+00:00,2026-08-13,1422,N20,VIIRS,h,high,2.0NRT,17.55,D,VIIRS_NOAA20_NRT,True,367.0,298.34,0.66,0.73,29
52.09826,-3.77867,2026-08-13T14:22:00+00:00,2026-08-13,1422,N20,VIIRS,n,nominal,2.0NRT,9.02,D,VIIRS_NOAA20_NRT,True,336.81,294.19,0.66,0.73,29
52.09278,-3.79203,2026-08-13T14:22:00+00:00,2026-08-13,1422,N20,VIIRS,n,nominal,2.0NRT,16.99,D,VIIRS_NOAA20_NRT,True,331.67,296.98,0.66,0.73,29
52.43469,-2.15784,2026-08-13T14:22:00+00:00,2026-08-13,1422,N20,VIIRS,n,nominal,2.0NRT,17.75,D,VIIRS_NOAA20_NRT,False,355.57,295.43,0.77,0.78,99
52.43425,-2.14608,2026-08-13T14:22:00+00:00,2026-08-13,1422,N20,VIIRS,n,nominal,2.0NRT,17.75,D,VIIRS_NOAA20_NRT,False,355.49,294.76,0.77,0.78,99
52.4334,-2.16404,2026-08-13T14:22:00+00:00,2026-08-13,1422,N20,VIIRS,n,nominal,2.0NRT,10.85,D,VIIRS_NOAA20_NRT,False,332.74,294.73,0.77,0.77,99
52.43301,-2.15239,2026-08-13T14:22:00+00:00,2026-08-13,1422,N20,VIIRS,n,nominal,2.0NRT,12.2,D,VIIRS_NOAA20_NRT,False,343.38,295.87,0.77,0.78,99
52.43261,-2.14059,2026-08-13T14:22:00+00:00,2026-08-13,1422,N20,VIIRS,n,nominal,2.0NRT,12.2,D,VIIRS_NOAA20_NRT,False,350.01,293.91,0.77,0.78,99
52.27855,-3.50901,2026-08-13T14:22:00+00:00,2026-08-13,1422,N20,VIIRS,h,high,2.0NRT,28.98,D,VIIRS_NOAA20_NRT,True,367.0,298.45,0.68,0.74,66
52.27848,-3.50942,2026-08-13T14:22:00+00:00,2026-08-13,1422,N20,VIIRS,n,nominal,2.0NRT,27.89,D,VIIRS_NOAA20_NRT,True,356.29,297.79,0.68,0.74,66
52.27838,-3.50096,2026-08-13T14:22:00+00:00,2026-08-13,1422,N20,VIIRS,h,high,2.0NRT,28.98,D,VIIRS_NOAA20_NRT,True,367.0,304.24,0.68,0.74,66
52.27827,-3.50134,2026-08-13T14:22:00+00:00,2026-08-13,1422,N20,VIIRS,h,high,2.0NRT,48.37,D,VIIRS_NOAA20_NRT,True,367.0,304.92,0.68,0.74,66
52.27145,-3.49886,2026-08-13T14:22:00+00:00,2026-08-13,1422,N20,VIIRS,h,high,2.0NRT,28.98,D,VIIRS_NOAA20_NRT,True,367.0,307.68,0.68,0.74,66
52.27134,-3.49925,2026-08-13T14:22:00+00:00,2026-08-13,1422,N20,VIIRS,n,nominal,2.0NRT,20.98,D,VIIRS_NOAA20_NRT,True,355.55,306.44,0.68,0.74,66
52.27123,-3.48846,2026-08-13T14:22:00+00:00,2026-08-13,1422,N20,VIIRS,n,nominal,2.0NRT,36.25,D,VIIRS_NOAA20_NRT,True,335.07,291.58,0.68,0.74,66
52.16795,-1.89755,2026-08-13T14:22:00+00:00,2026-08-13,1422,N20,VIIRS,n,nominal,2.0NRT,10.26,D,VIIRS_NOAA20_NRT,False,347.66,298.23,0.79,0.78,152
52.16749,-1.88524,2026-08-13T14:22:00+00:00,2026-08-13,1422,N20,VIIRS,n,nominal,2.0NRT,10.26,D,VIIRS_NOAA20_NRT,False,335.08,292.89,0.79,0.78,152
52.16735,-1.88744,2026-08-13T14:22:00+00:00,2026-08-13,1422,N20,VIIRS,n,nominal,2.0NRT,13.68,D,VIIRS_NOAA20_NRT,False,354.61,296.27,0.79,0.78,152
52.09922,-3.77508,2026-08-13T14:22:00+00:00,2026-08-13,1422,N20,VIIRS,n,nominal,2.0NRT,17.55,D,VIIRS_NOAA20_NRT,True,334.39,293.42,0.66,0.73,29
52.09905,-3.76711,2026-08-13T14:22:00+00:00,2026-08-13,1422,N20,VIIRS,h,high,2.0NRT,17.55,D,VIIRS_NOAA20_NRT,True,367.0,295.79,0.66,0.73,29
52.09888,-3.75933,2026-08-13T14:22:00+00:00,2026-08-13,1422,N20,VIIRS,n,nominal,2.0NRT,15.09,D,VIIRS_NOAA20_NRT,True,340.41,292.9,0.66,0.73,29
52.09811,-3.77051,2026-08-13T14:22:00+00:00,2026-08-13,1422,N20,VIIRS,n,nominal,2.0NRT,12.07,D,VIIRS_NOAA20_NRT,True,349.06,295.68,0.66,0.73,29
52.09797,-3.76243,2026-08-13T14:22:00+00:00,2026-08-13,1422,N20,VIIRS,n,nominal,2.0NRT,12.07,D,VIIRS_NOAA20_NRT,True,345.08,294.29,0.66,0.73,29
52.09782,-3.75428,2026-08-13T14:22:00+00:00,2026-08-13,1422,N20,VIIRS,n,nominal,2.0NRT,6.18,D,VIIRS_NOAA20_NRT,True,331.81,290.66,0.66,0.73,29
52.0926,-3.78403,2026-08-13T14:22:00+00:00,2026-08-13,1422,N20,VIIRS,h,high,2.0NRT,16.99,D,VIIRS_NOAA20_NRT,True,367.0,298.51,0.66,0.73,29
52.27107,-3.48888,2026-08-13T14:22:00+00:00,2026-08-13,1422,N20,VIIRS,n,nominal,2.0NRT,20.98,D,VIIRS_NOAA20_NRT,True,335.27,291.17,0.68,0.74,66
