date,sst_c,clim_sst_c,anomaly_c
2018-01-01 00:00:00+00:00,9.7329,10.1631,-0.4302
2018-01-02 00:00:00+00:00,9.8224,10.1401,-0.3177
2018-01-03 00:00:00+00:00,9.8711,10.0855,-0.2144
2018-01-04 00:00:00+00:00,9.8377,10.0623,-0.2246
2018-01-05 00:00:00+00:00,9.8057,10.0171,-0.2114
2018-01-06 00:00:00+00:00,9.6865,9.9840,-0.2975
2018-01-07 00:00:00+00:00,9.6228,9.9166,-0.2938
2018-01-08 00:00:00+00:00,9.5372,9.8604,-0.3232
2018-01-09 00:00:00+00:00,9.0651,9.7757,-0.7106
2018-01-10 00:00:00+00:00,9.4441,9.7429,-0.2988
2018-01-11 00:00:00+00:00,9.3644,9.7183,-0.3539
2018-01-12 00:00:00+00:00,9.1891,9.6624,-0.4733
2018-01-13 00:00:00+00:00,9.1863,9.6391,-0.4528
2018-01-14 00:00:00+00:00,9.2266,9.6015,-0.3749
2018-01-15 00:00:00+00:00,9.2556,9.5726,-0.3170
2018-01-16 00:00:00+00:00,9.1617,9.5290,-0.3673
2018-01-17 00:00:00+00:00,9.1284,9.4413,-0.3129
2018-01-18 00:00:00+00:00,9.1216,9.3759,-0.2543
2018-01-19 00:00:00+00:00,9.0241,9.3542,-0.3301
2018-01-20 00:00:00+00:00,9.0028,9.3125,-0.3097
2018-01-21 00:00:00+00:00,9.0218,9.2821,-0.2603
2018-01-22 00:00:00+00:00,9.0227,9.2261,-0.2034
2018-01-23 00:00:00+00:00,9.0109,9.1722,-0.1613
2018-01-24 00:00:00+00:00,9.0079,9.1329,-0.1250
2018-01-25 00:00:00+00:00,8.8886,9.0917,-0.2031
2018-01-26 00:00:00+00:00,8.8076,9.1019,-0.2943
2018-01-27 00:00:00+00:00,8.8045,9.0843,-0.2798
2018-01-28 00:00:00+00:00,8.6829,9.0016,-0.3187
2018-01-29 00:00:00+00:00,8.6776,8.9679,-0.2903
2018-01-30 00:00:00+00:00,8.7128,9.0272,-0.3144
2018-01-31 00:00:00+00:00,8.7065,8.9814,-0.2749
2018-02-01 00:00:00+00:00,8.6579,8.9588,-0.3009
2018-02-02 00:00:00+00:00,8.5813,8.9492,-0.3679
2018-02-03 00:00:00+00:00,8.5787,8.8239,-0.2452
2018-02-04 00:00:00+00:00,8.5889,8.8257,-0.2368
2018-02-05 00:00:00+00:00,8.4931,8.9498,-0.4567
2018-02-06 00:00:00+00:00,8.4927,8.8718,-0.3791
2018-02-07 00:00:00+00:00,8.4145,8.8232,-0.4087
2018-02-08 00:00:00+00:00,8.4125,8.8151,-0.4026
2018-02-09 00:00:00+00:00,8.3841,8.7523,-0.3682
2018-02-10 00:00:00+00:00,8.2897,8.6975,-0.4078
2018-02-11 00:00:00+00:00,8.2899,8.6198,-0.3299
2018-02-12 00:00:00+00:00,8.1532,8.5906,-0.4374
2018-02-13 00:00:00+00:00,8.2010,8.6164,-0.4154
2018-02-14 00:00:00+00:00,8.0913,8.5634,-0.4721
2018-02-15 00:00:00+00:00,8.0996,8.5576,-0.4580
2018-02-16 00:00:00+00:00,8.0720,8.4999,-0.4279
2018-02-17 00:00:00+00:00,8.0371,8.4899,-0.4528
2018-02-18 00:00:00+00:00,8.0273,8.4971,-0.4698
2018-02-19 00:00:00+00:00,8.0276,8.5152,-0.4876
2018-02-20 00:00:00+00:00,8.0876,8.4581,-0.3705
2018-02-21 00:00:00+00:00,8.0023,8.3927,-0.3904
2018-02-22 00:00:00+00:00,7.9855,8.4095,-0.4240
2018-02-23 00:00:00+00:00,7.9399,8.4707,-0.5308
2018-02-24 00:00:00+00:00,7.9070,8.4832,-0.5762
2018-02-25 00:00:00+00:00,7.8581,8.4873,-0.6292
2018-02-26 00:00:00+00:00,7.8163,8.5367,-0.7204
2018-02-27 00:00:00+00:00,7.8173,8.5787,-0.7614
2018-02-28 00:00:00+00:00,7.6968,8.5577,-0.8609
2018-03-01 00:00:00+00:00,7.6951,8.5389,-0.8438
2018-03-02 00:00:00+00:00,7.6927,8.4663,-0.7736
2018-03-03 00:00:00+00:00,7.6905,8.3573,-0.6668
2018-03-04 00:00:00+00:00,7.6481,8.3423,-0.6942
2018-03-05 00:00:00+00:00,7.6215,8.3477,-0.7262
2018-03-06 00:00:00+00:00,7.6538,8.3029,-0.6491
2018-03-07 00:00:00+00:00,7.4626,8.2842,-0.8216
2018-03-08 00:00:00+00:00,7.2850,8.2597,-0.9747
2018-03-09 00:00:00+00:00,7.0455,8.2808,-1.2353
2018-03-10 00:00:00+00:00,7.0436,8.2509,-1.2073
2018-03-11 00:00:00+00:00,6.9711,8.1901,-1.2190
2018-03-12 00:00:00+00:00,6.9690,8.2014,-1.2324
2018-03-13 00:00:00+00:00,7.0350,8.1635,-1.1285
2018-03-14 00:00:00+00:00,7.0333,8.1085,-1.0752
2018-03-15 00:00:00+00:00,7.0314,8.0826,-1.0512
2018-03-16 00:00:00+00:00,7.0331,8.1067,-1.0736
2018-03-17 00:00:00+00:00,7.0423,8.2347,-1.1924
2018-03-18 00:00:00+00:00,7.0886,8.2492,-1.1606
2018-03-19 00:00:00+00:00,7.0871,8.3501,-1.2630
2018-03-20 00:00:00+00:00,7.0325,8.2897,-1.2572
2018-03-21 00:00:00+00:00,6.9383,8.2557,-1.3174
2018-03-22 00:00:00+00:00,6.9359,8.2403,-1.3044
2018-03-23 00:00:00+00:00,7.1004,8.3484,-1.2480
2018-03-24 00:00:00+00:00,7.0987,8.4929,-1.3942
2018-03-25 00:00:00+00:00,6.9835,8.5759,-1.5924
2018-03-26 00:00:00+00:00,7.0616,8.6203,-1.5587
2018-03-27 00:00:00+00:00,7.0577,8.7594,-1.7017
2018-03-28 00:00:00+00:00,7.0699,8.8016,-1.7317
2018-03-29 00:00:00+00:00,7.0987,8.7748,-1.6761
2018-03-30 00:00:00+00:00,7.1257,8.7809,-1.6552
2018-03-31 00:00:00+00:00,7.1118,8.7563,-1.6445
2018-04-01 00:00:00+00:00,7.1446,8.7341,-1.5895
2018-04-02 00:00:00+00:00,7.1430,8.7349,-1.5919
2018-04-03 00:00:00+00:00,7.1509,8.8557,-1.7048
2018-04-04 00:00:00+00:00,7.1564,8.8335,-1.6771
2018-04-05 00:00:00+00:00,7.2669,8.8628,-1.5959
2018-04-06 00:00:00+00:00,7.2693,8.8561,-1.5868
2018-04-07 00:00:00+00:00,7.2691,8.9272,-1.6581
2018-04-08 00:00:00+00:00,7.3226,8.8998,-1.5772
2018-04-09 00:00:00+00:00,7.5303,8.9070,-1.3767
2018-04-10 00:00:00+00:00,7.5270,8.9240,-1.3970
2018-04-11 00:00:00+00:00,7.5052,8.9233,-1.4181
2018-04-12 00:00:00+00:00,7.4870,8.9452,-1.4582
2018-04-13 00:00:00+00:00,7.5251,8.9658,-1.4407
2018-04-14 00:00:00+00:00,7.6254,9.0635,-1.4381
2018-04-15 00:00:00+00:00,7.7723,9.1549,-1.3826
2018-04-16 00:00:00+00:00,7.8271,9.2298,-1.4027
2018-04-17 00:00:00+00:00,7.8250,9.1679,-1.3429
2018-04-18 00:00:00+00:00,7.9473,9.2661,-1.3188
2018-04-19 00:00:00+00:00,8.2494,9.2736,-1.0242
2018-04-20 00:00:00+00:00,8.2842,9.3181,-1.0339
2018-04-21 00:00:00+00:00,8.1365,9.3987,-1.2622
2018-04-22 00:00:00+00:00,8.3585,9.5780,-1.2195
2018-04-23 00:00:00+00:00,8.2830,9.5925,-1.3095
2018-04-24 00:00:00+00:00,8.2764,9.5913,-1.3149
2018-04-25 00:00:00+00:00,8.4327,9.6539,-1.2212
2018-04-26 00:00:00+00:00,8.7545,9.7433,-0.9888
2018-04-27 00:00:00+00:00,8.7510,9.7066,-0.9556
2018-04-28 00:00:00+00:00,8.6224,9.6359,-1.0135
2018-04-29 00:00:00+00:00,8.6351,9.7142,-1.0791
2018-04-30 00:00:00+00:00,8.7120,9.6892,-0.9772
2018-05-01 00:00:00+00:00,8.8294,9.8141,-0.9847
2018-05-02 00:00:00+00:00,8.8260,9.9211,-1.0951
2018-05-03 00:00:00+00:00,8.8542,9.9815,-1.1273
2018-05-04 00:00:00+00:00,8.8093,10.0558,-1.2465
2018-05-05 00:00:00+00:00,8.9227,10.1415,-1.2188
2018-05-06 00:00:00+00:00,8.9389,10.1141,-1.1752
2018-05-07 00:00:00+00:00,9.2058,10.2477,-1.0419
2018-05-08 00:00:00+00:00,9.3485,10.2415,-0.8930
2018-05-09 00:00:00+00:00,9.5219,10.2330,-0.7111
2018-05-10 00:00:00+00:00,9.4998,10.3644,-0.8646
2018-05-11 00:00:00+00:00,9.6207,10.4074,-0.7867
2018-05-12 00:00:00+00:00,9.5788,10.6178,-1.0390
2018-05-13 00:00:00+00:00,9.6867,10.6761,-0.9894
2018-05-14 00:00:00+00:00,9.7749,10.7901,-1.0152
2018-05-15 00:00:00+00:00,9.8227,10.8783,-1.0556
2018-05-16 00:00:00+00:00,9.8346,10.9195,-1.0849
2018-05-17 00:00:00+00:00,9.8701,11.0135,-1.1434
2018-05-18 00:00:00+00:00,9.8590,11.0155,-1.1565
2018-05-19 00:00:00+00:00,10.0759,11.1109,-1.0350
2018-05-20 00:00:00+00:00,10.1186,11.1476,-1.0290
2018-05-21 00:00:00+00:00,10.1255,11.3126,-1.1871
2018-05-22 00:00:00+00:00,10.1078,11.3432,-1.2354
2018-05-23 00:00:00+00:00,10.4556,11.3647,-0.9091
2018-05-24 00:00:00+00:00,10.8123,11.4000,-0.5877
2018-05-25 00:00:00+00:00,10.7633,11.4849,-0.7216
2018-05-26 00:00:00+00:00,10.7658,11.5451,-0.7793
2018-05-27 00:00:00+00:00,10.7250,11.7787,-1.0537
2018-05-28 00:00:00+00:00,10.9198,11.7372,-0.8174
2018-05-29 00:00:00+00:00,11.2041,11.8112,-0.6071
2018-05-30 00:00:00+00:00,11.3127,12.0358,-0.7231
2018-05-31 00:00:00+00:00,11.2971,12.1496,-0.8525
2018-06-01 00:00:00+00:00,11.2871,12.2879,-1.0008
2018-06-02 00:00:00+00:00,11.3768,12.4130,-1.0362
2018-06-03 00:00:00+00:00,11.7387,12.5052,-0.7665
2018-06-04 00:00:00+00:00,12.0649,12.5006,-0.4357
2018-06-05 00:00:00+00:00,12.1483,12.5862,-0.4379
2018-06-06 00:00:00+00:00,12.1797,12.6408,-0.4611
2018-06-07 00:00:00+00:00,12.6289,12.7866,-0.1577
2018-06-08 00:00:00+00:00,12.7060,12.7226,-0.0166
2018-06-09 00:00:00+00:00,12.8434,12.8391,0.0043
2018-06-10 00:00:00+00:00,13.1184,12.8305,0.2879
2018-06-11 00:00:00+00:00,13.1091,12.8563,0.2528
2018-06-12 00:00:00+00:00,13.2418,12.9671,0.2747
2018-06-13 00:00:00+00:00,13.2182,13.0674,0.1508
2018-06-14 00:00:00+00:00,13.2513,13.2383,0.0130
2018-06-15 00:00:00+00:00,13.1082,13.3410,-0.2328
2018-06-16 00:00:00+00:00,13.1493,13.4469,-0.2976
2018-06-17 00:00:00+00:00,13.1454,13.4746,-0.3292
2018-06-18 00:00:00+00:00,13.1117,13.4919,-0.3802
2018-06-19 00:00:00+00:00,13.0070,13.4941,-0.4871
2018-06-20 00:00:00+00:00,13.0795,13.5405,-0.4610
2018-06-21 00:00:00+00:00,13.0077,13.7438,-0.7361
2018-06-22 00:00:00+00:00,13.2330,13.8240,-0.5910
2018-06-23 00:00:00+00:00,13.3402,13.9294,-0.5892
2018-06-24 00:00:00+00:00,13.1589,13.8715,-0.7126
2018-06-25 00:00:00+00:00,13.1589,13.9800,-0.8211
2018-06-26 00:00:00+00:00,13.3171,13.9705,-0.6534
2018-06-27 00:00:00+00:00,13.8184,14.0667,-0.2483
2018-06-28 00:00:00+00:00,14.2625,14.1181,0.1444
2018-06-29 00:00:00+00:00,14.4098,14.1470,0.2628
2018-06-30 00:00:00+00:00,14.6077,14.2335,0.3742
2018-07-01 00:00:00+00:00,14.6997,14.2683,0.4314
2018-07-02 00:00:00+00:00,14.6190,14.2762,0.3428
2018-07-03 00:00:00+00:00,14.8075,14.2960,0.5115
2018-07-04 00:00:00+00:00,14.9440,14.3162,0.6278
2018-07-05 00:00:00+00:00,15.1383,14.3524,0.7859
2018-07-06 00:00:00+00:00,15.0975,14.3854,0.7121
2018-07-07 00:00:00+00:00,15.3839,14.3966,0.9873
2018-07-08 00:00:00+00:00,15.7865,14.5716,1.2149
2018-07-09 00:00:00+00:00,16.1356,14.6718,1.4638
2018-07-10 00:00:00+00:00,16.0921,14.7831,1.3090
2018-07-11 00:00:00+00:00,15.9870,14.8795,1.1075
2018-07-12 00:00:00+00:00,15.9575,14.9390,1.0185
2018-07-13 00:00:00+00:00,15.8618,14.9531,0.9087
2018-07-14 00:00:00+00:00,15.9201,15.0423,0.8778
2018-07-15 00:00:00+00:00,15.9557,15.1472,0.8085
2018-07-16 00:00:00+00:00,15.9309,15.1940,0.7369
2018-07-17 00:00:00+00:00,15.8290,15.3246,0.5044
2018-07-18 00:00:00+00:00,15.8295,15.4574,0.3721
2018-07-19 00:00:00+00:00,15.7991,15.5168,0.2823
2018-07-20 00:00:00+00:00,16.0079,15.6833,0.3246
2018-07-21 00:00:00+00:00,15.9778,15.7071,0.2707
2018-07-22 00:00:00+00:00,15.8739,15.7074,0.1665
2018-07-23 00:00:00+00:00,16.0008,15.7769,0.2239
2018-07-24 00:00:00+00:00,15.9052,15.8215,0.0837
2018-07-25 00:00:00+00:00,16.0926,15.8009,0.2917
2018-07-26 00:00:00+00:00,16.4457,15.8042,0.6415
2018-07-27 00:00:00+00:00,16.6027,15.8305,0.7722
2018-07-28 00:00:00+00:00,16.5821,15.5786,1.0035
2018-07-29 00:00:00+00:00,16.5829,15.0131,1.5698
2018-07-30 00:00:00+00:00,16.4830,14.9415,1.5415
2018-07-31 00:00:00+00:00,16.4461,14.8769,1.5692
2018-08-01 00:00:00+00:00,16.3905,15.1279,1.2626
2018-08-02 00:00:00+00:00,16.3320,15.3379,0.9941
2018-08-03 00:00:00+00:00,16.1496,15.3112,0.8384
2018-08-04 00:00:00+00:00,16.2176,15.3187,0.8989
2018-08-05 00:00:00+00:00,16.5162,15.5810,0.9352
2018-08-06 00:00:00+00:00,16.7446,15.8456,0.8990
2018-08-07 00:00:00+00:00,16.5244,15.7746,0.7498
2018-08-08 00:00:00+00:00,16.5945,15.8986,0.6959
2018-08-09 00:00:00+00:00,16.5323,15.9586,0.5737
2018-08-10 00:00:00+00:00,16.5270,16.0769,0.4501
2018-08-11 00:00:00+00:00,16.6221,16.1913,0.4308
2018-08-12 00:00:00+00:00,16.6006,16.2615,0.3391
2018-08-13 00:00:00+00:00,16.4984,16.3278,0.1706
2018-08-14 00:00:00+00:00,16.4981,16.3522,0.1459
2018-08-15 00:00:00+00:00,16.4211,16.3089,0.1122
2018-08-16 00:00:00+00:00,16.4277,16.3967,0.0310
2018-08-17 00:00:00+00:00,16.4439,16.3843,0.0596
2018-08-18 00:00:00+00:00,16.4183,16.3394,0.0789
2018-08-19 00:00:00+00:00,16.1804,16.3301,-0.1497
2018-08-20 00:00:00+00:00,16.1891,16.3749,-0.1858
2018-08-21 00:00:00+00:00,16.1097,16.3601,-0.2504
2018-08-22 00:00:00+00:00,16.0522,16.4075,-0.3553
2018-08-23 00:00:00+00:00,16.1553,16.3818,-0.2265
2018-08-24 00:00:00+00:00,16.3653,16.4017,-0.0364
2018-08-25 00:00:00+00:00,16.2531,16.5158,-0.2627
2018-08-26 00:00:00+00:00,16.2219,16.5510,-0.3291
2018-08-27 00:00:00+00:00,16.2573,16.5997,-0.3424
2018-08-28 00:00:00+00:00,16.2660,16.5774,-0.3114
2018-08-29 00:00:00+00:00,16.2502,16.5787,-0.3285
2018-08-30 00:00:00+00:00,16.1666,16.5633,-0.3967
2018-08-31 00:00:00+00:00,16.1868,16.5462,-0.3594
2018-09-01 00:00:00+00:00,16.1013,16.5162,-0.4149
2018-09-02 00:00:00+00:00,16.0172,16.5274,-0.5102
2018-09-03 00:00:00+00:00,15.9974,16.5374,-0.5400
2018-09-04 00:00:00+00:00,16.1574,16.5448,-0.3874
2018-09-05 00:00:00+00:00,16.2022,16.5843,-0.3821
2018-09-06 00:00:00+00:00,16.2384,16.5257,-0.2873
2018-09-07 00:00:00+00:00,16.2439,16.6206,-0.3767
2018-09-08 00:00:00+00:00,16.2305,16.6846,-0.4541
2018-09-09 00:00:00+00:00,16.1792,16.7400,-0.5608
2018-09-10 00:00:00+00:00,16.1076,16.7812,-0.6736
2018-09-11 00:00:00+00:00,16.1035,16.7295,-0.6260
2018-09-12 00:00:00+00:00,16.0997,16.6575,-0.5578
2018-09-13 00:00:00+00:00,16.0634,16.5746,-0.5112
2018-09-14 00:00:00+00:00,16.0300,16.5783,-0.5483
2018-09-15 00:00:00+00:00,15.9935,16.4955,-0.5020
2018-09-16 00:00:00+00:00,15.9845,16.4592,-0.4747
2018-09-17 00:00:00+00:00,15.8362,16.4716,-0.6354
2018-09-18 00:00:00+00:00,15.9140,16.4223,-0.5083
2018-09-19 00:00:00+00:00,15.9438,16.4002,-0.4564
2018-09-20 00:00:00+00:00,15.9290,16.3429,-0.4139
2018-09-21 00:00:00+00:00,15.8213,16.2449,-0.4236
2018-09-22 00:00:00+00:00,15.7292,15.9689,-0.2397
2018-09-23 00:00:00+00:00,15.6665,16.0839,-0.4174
2018-09-24 00:00:00+00:00,15.4782,16.0943,-0.6161
2018-09-25 00:00:00+00:00,15.4047,16.0119,-0.6072
2018-09-26 00:00:00+00:00,15.3463,16.0312,-0.6849
2018-09-27 00:00:00+00:00,15.3590,15.9783,-0.6193
2018-09-28 00:00:00+00:00,15.3194,15.8951,-0.5757
2018-09-29 00:00:00+00:00,14.9821,15.8388,-0.8567
2018-09-30 00:00:00+00:00,15.0918,15.7884,-0.6966
2018-10-01 00:00:00+00:00,15.0230,15.7394,-0.7164
2018-10-02 00:00:00+00:00,15.0441,15.7051,-0.6610
2018-10-03 00:00:00+00:00,15.1053,15.6297,-0.5244
2018-10-04 00:00:00+00:00,15.0652,15.6318,-0.5666
2018-10-05 00:00:00+00:00,15.0469,15.5867,-0.5398
2018-10-06 00:00:00+00:00,15.0449,15.5067,-0.4618
2018-10-07 00:00:00+00:00,14.9188,15.4257,-0.5069
2018-10-08 00:00:00+00:00,14.9169,15.3885,-0.4716
2018-10-09 00:00:00+00:00,14.8795,15.3399,-0.4604
2018-10-10 00:00:00+00:00,14.8561,15.2426,-0.3865
2018-10-11 00:00:00+00:00,14.8361,15.1428,-0.3067
2018-10-12 00:00:00+00:00,14.6944,15.1461,-0.4517
2018-10-13 00:00:00+00:00,14.6928,15.1267,-0.4339
2018-10-14 00:00:00+00:00,14.6892,15.1025,-0.4133
2018-10-15 00:00:00+00:00,14.5895,15.0470,-0.4575
2018-10-16 00:00:00+00:00,14.6602,14.9869,-0.3267
2018-10-17 00:00:00+00:00,14.6181,14.9406,-0.3225
2018-10-18 00:00:00+00:00,14.5031,14.8917,-0.3886
2018-10-19 00:00:00+00:00,14.4629,14.8580,-0.3951
2018-10-20 00:00:00+00:00,14.4531,14.7802,-0.3271
2018-10-21 00:00:00+00:00,14.5064,14.7280,-0.2216
2018-10-22 00:00:00+00:00,,14.6744,
2018-10-23 00:00:00+00:00,14.3670,14.6031,-0.2361
2018-10-24 00:00:00+00:00,14.1778,14.5596,-0.3818
2018-10-25 00:00:00+00:00,14.1697,14.4981,-0.3284
2018-10-26 00:00:00+00:00,14.1724,14.4778,-0.3054
2018-10-27 00:00:00+00:00,14.0160,14.4179,-0.4019
2018-10-28 00:00:00+00:00,13.8520,14.4077,-0.5557
2018-10-29 00:00:00+00:00,13.7198,14.3330,-0.6132
2018-10-30 00:00:00+00:00,13.5936,14.3036,-0.7100
2018-10-31 00:00:00+00:00,13.4779,14.2766,-0.7987
2018-11-01 00:00:00+00:00,13.4469,14.2338,-0.7869
2018-11-02 00:00:00+00:00,13.2653,14.1372,-0.8719
2018-11-03 00:00:00+00:00,13.2599,14.0115,-0.7516
2018-11-04 00:00:00+00:00,13.2838,13.9013,-0.6175
2018-11-05 00:00:00+00:00,13.2826,13.8367,-0.5541
2018-11-06 00:00:00+00:00,13.2838,13.7465,-0.4627
2018-11-07 00:00:00+00:00,13.3114,13.6865,-0.3751
2018-11-08 00:00:00+00:00,13.0829,13.6188,-0.5359
2018-11-09 00:00:00+00:00,13.3099,13.5203,-0.2104
2018-11-10 00:00:00+00:00,12.8972,13.4716,-0.5744
2018-11-11 00:00:00+00:00,12.7946,13.4075,-0.6129
2018-11-12 00:00:00+00:00,12.7577,13.3405,-0.5828
2018-11-13 00:00:00+00:00,12.6574,13.2550,-0.5976
2018-11-14 00:00:00+00:00,12.6563,13.2115,-0.5552
2018-11-15 00:00:00+00:00,12.6946,13.1616,-0.4670
2018-11-16 00:00:00+00:00,12.6908,13.1267,-0.4359
2018-11-17 00:00:00+00:00,12.6622,13.0981,-0.4359
2018-11-18 00:00:00+00:00,12.6178,13.0664,-0.4486
2018-11-19 00:00:00+00:00,12.5529,12.9437,-0.3908
2018-11-20 00:00:00+00:00,12.4689,12.9206,-0.4517
2018-11-21 00:00:00+00:00,12.4186,12.8644,-0.4458
2018-11-22 00:00:00+00:00,12.2945,12.8005,-0.5060
2018-11-23 00:00:00+00:00,12.1809,12.7116,-0.5307
2018-11-24 00:00:00+00:00,12.1749,12.6332,-0.4583
2018-11-25 00:00:00+00:00,12.0871,12.5488,-0.4617
2018-11-26 00:00:00+00:00,11.9957,12.5119,-0.5162
2018-11-27 00:00:00+00:00,11.8850,12.4406,-0.5556
2018-11-28 00:00:00+00:00,11.7980,12.3515,-0.5535
2018-11-29 00:00:00+00:00,11.7830,12.2423,-0.4593
2018-11-30 00:00:00+00:00,11.7298,12.1638,-0.4340
2018-12-01 00:00:00+00:00,11.7334,12.0555,-0.3221
2018-12-02 00:00:00+00:00,11.7105,11.9481,-0.2376
2018-12-03 00:00:00+00:00,11.6506,11.8878,-0.2372
2018-12-04 00:00:00+00:00,11.4846,11.8539,-0.3693
2018-12-05 00:00:00+00:00,11.4836,11.7704,-0.2868
2018-12-06 00:00:00+00:00,11.4031,11.6583,-0.2552
2018-12-07 00:00:00+00:00,11.4060,11.5400,-0.1340
2018-12-08 00:00:00+00:00,11.3514,11.4152,-0.0638
2018-12-09 00:00:00+00:00,11.3337,11.2983,0.0354
2018-12-10 00:00:00+00:00,11.2868,11.2204,0.0664
2018-12-11 00:00:00+00:00,11.2792,11.1710,0.1082
2018-12-12 00:00:00+00:00,11.2831,11.1182,0.1649
2018-12-13 00:00:00+00:00,11.2911,11.1192,0.1719
2018-12-14 00:00:00+00:00,11.2493,10.9769,0.2724
2018-12-15 00:00:00+00:00,11.2260,10.9071,0.3189
2018-12-16 00:00:00+00:00,11.1192,10.7210,0.3982
2018-12-17 00:00:00+00:00,10.9004,10.6830,0.2174
2018-12-18 00:00:00+00:00,10.8989,10.6730,0.2259
2018-12-19 00:00:00+00:00,10.8763,10.6795,0.1968
2018-12-20 00:00:00+00:00,10.8339,10.6572,0.1767
2018-12-21 00:00:00+00:00,10.8449,10.6119,0.2330
2018-12-22 00:00:00+00:00,10.7209,10.5833,0.1376
2018-12-23 00:00:00+00:00,10.7421,10.5473,0.1948
2018-12-24 00:00:00+00:00,10.7241,10.4879,0.2362
2018-12-25 00:00:00+00:00,10.6746,10.4593,0.2153
2018-12-26 00:00:00+00:00,10.6699,10.4402,0.2297
2018-12-27 00:00:00+00:00,10.6656,10.4094,0.2562
2018-12-28 00:00:00+00:00,10.5926,10.3642,0.2284
2018-12-29 00:00:00+00:00,10.5840,10.3615,0.2225
2018-12-30 00:00:00+00:00,10.4911,10.3790,0.1121
2018-12-31 00:00:00+00:00,10.4225,10.3454,0.0771
2019-01-01 00:00:00+00:00,10.3019,10.1631,0.1388
2019-01-02 00:00:00+00:00,10.3817,10.1401,0.2416
2019-01-03 00:00:00+00:00,10.4069,10.0855,0.3214
2019-01-04 00:00:00+00:00,10.4025,10.0623,0.3402
2019-01-05 00:00:00+00:00,10.4162,10.0171,0.3991
2019-01-06 00:00:00+00:00,10.4089,9.9840,0.4249
2019-01-07 00:00:00+00:00,10.4046,9.9166,0.4880
2019-01-08 00:00:00+00:00,10.3547,9.8604,0.4943
2019-01-09 00:00:00+00:00,10.2118,9.7757,0.4361
2019-01-10 00:00:00+00:00,10.1362,9.7429,0.3933
2019-01-11 00:00:00+00:00,10.2140,9.7183,0.4957
2019-01-12 00:00:00+00:00,10.2064,9.6624,0.5440
2019-01-13 00:00:00+00:00,10.1922,9.6391,0.5531
2019-01-14 00:00:00+00:00,10.1277,9.6015,0.5262
2019-01-15 00:00:00+00:00,10.1339,9.5726,0.5613
2019-01-16 00:00:00+00:00,10.1293,9.5290,0.6003
2019-01-17 00:00:00+00:00,9.9413,9.4413,0.5000
2019-01-18 00:00:00+00:00,9.9371,9.3759,0.5612
2019-01-19 00:00:00+00:00,9.8868,9.3542,0.5326
2019-01-20 00:00:00+00:00,9.9282,9.3125,0.6157
2019-01-21 00:00:00+00:00,9.8943,9.2821,0.6122
2019-01-22 00:00:00+00:00,9.7597,9.2261,0.5336
2019-01-23 00:00:00+00:00,9.7215,9.1722,0.5493
2019-01-24 00:00:00+00:00,9.7189,9.1329,0.5860
2019-01-25 00:00:00+00:00,9.7128,9.0917,0.6211
2019-01-26 00:00:00+00:00,9.7192,9.1019,0.6173
2019-01-27 00:00:00+00:00,9.6863,9.0843,0.6020
2019-01-28 00:00:00+00:00,9.5709,9.0016,0.5693
2019-01-29 00:00:00+00:00,9.5595,8.9679,0.5916
2019-01-30 00:00:00+00:00,9.5547,9.0272,0.5275
2019-01-31 00:00:00+00:00,9.3848,8.9814,0.4034
2019-02-01 00:00:00+00:00,9.3803,8.9588,0.4215
2019-02-02 00:00:00+00:00,9.2523,8.9492,0.3031
2019-02-03 00:00:00+00:00,9.0702,8.8239,0.2463
2019-02-04 00:00:00+00:00,9.0671,8.8257,0.2414
2019-02-05 00:00:00+00:00,8.9637,8.9498,0.0139
2019-02-06 00:00:00+00:00,8.9623,8.8718,0.0905
2019-02-07 00:00:00+00:00,8.8741,8.8232,0.0509
2019-02-08 00:00:00+00:00,8.8689,8.8151,0.0538
2019-02-09 00:00:00+00:00,8.7501,8.7523,-0.0022
2019-02-10 00:00:00+00:00,8.7697,8.6975,0.0722
2019-02-11 00:00:00+00:00,8.7321,8.6198,0.1123
2019-02-12 00:00:00+00:00,8.7764,8.5906,0.1858
2019-02-13 00:00:00+00:00,8.7783,8.6164,0.1619
2019-02-14 00:00:00+00:00,8.7776,8.5634,0.2142
2019-02-15 00:00:00+00:00,8.7771,8.5576,0.2195
2019-02-16 00:00:00+00:00,8.6548,8.4999,0.1549
2019-02-17 00:00:00+00:00,8.6262,8.4899,0.1363
2019-02-18 00:00:00+00:00,8.6758,8.4971,0.1787
2019-02-19 00:00:00+00:00,8.7529,8.5152,0.2377
2019-02-20 00:00:00+00:00,8.7508,8.4581,0.2927
2019-02-21 00:00:00+00:00,8.6226,8.3927,0.2299
2019-02-22 00:00:00+00:00,8.7172,8.4095,0.3077
2019-02-23 00:00:00+00:00,8.6826,8.4707,0.2119
2019-02-24 00:00:00+00:00,8.6935,8.4832,0.2103
2019-02-25 00:00:00+00:00,8.6472,8.4873,0.1599
2019-02-26 00:00:00+00:00,8.8271,8.5367,0.2904
2019-02-27 00:00:00+00:00,8.9241,8.5787,0.3454
2019-02-28 00:00:00+00:00,8.9511,8.5577,0.3934
2019-03-01 00:00:00+00:00,8.9082,8.5389,0.3693
2019-03-02 00:00:00+00:00,8.8087,8.4663,0.3424
2019-03-03 00:00:00+00:00,8.6990,8.3573,0.3417
2019-03-04 00:00:00+00:00,8.6972,8.3423,0.3549
2019-03-05 00:00:00+00:00,8.6521,8.3477,0.3044
2019-03-06 00:00:00+00:00,8.6522,8.3029,0.3493
2019-03-07 00:00:00+00:00,8.6338,8.2842,0.3496
2019-03-08 00:00:00+00:00,8.5953,8.2597,0.3356
2019-03-09 00:00:00+00:00,8.6628,8.2808,0.3820
2019-03-10 00:00:00+00:00,8.6543,8.2509,0.4034
2019-03-11 00:00:00+00:00,8.5003,8.1901,0.3102
2019-03-12 00:00:00+00:00,8.4974,8.2014,0.2960
2019-03-13 00:00:00+00:00,8.4046,8.1635,0.2411
2019-03-14 00:00:00+00:00,7.8238,8.1085,-0.2847
2019-03-15 00:00:00+00:00,7.8211,8.0826,-0.2615
2019-03-16 00:00:00+00:00,7.8318,8.1067,-0.2749
2019-03-17 00:00:00+00:00,8.2077,8.2347,-0.0270
2019-03-18 00:00:00+00:00,8.4216,8.2492,0.1724
2019-03-19 00:00:00+00:00,8.4245,8.3501,0.0744
2019-03-20 00:00:00+00:00,8.1873,8.2897,-0.1024
2019-03-21 00:00:00+00:00,8.2429,8.2557,-0.0128
2019-03-22 00:00:00+00:00,7.9568,8.2403,-0.2835
2019-03-23 00:00:00+00:00,7.9599,8.3484,-0.3885
2019-03-24 00:00:00+00:00,8.5734,8.4929,0.0805
2019-03-25 00:00:00+00:00,8.6388,8.5759,0.0629
2019-03-26 00:00:00+00:00,8.7432,8.6203,0.1229
2019-03-27 00:00:00+00:00,8.8621,8.7594,0.1027
2019-03-28 00:00:00+00:00,8.9090,8.8016,0.1074
2019-03-29 00:00:00+00:00,9.1117,8.7748,0.3369
2019-03-30 00:00:00+00:00,9.1134,8.7809,0.3325
2019-03-31 00:00:00+00:00,8.8916,8.7563,0.1353
2019-04-01 00:00:00+00:00,8.8436,8.7341,0.1095
2019-04-02 00:00:00+00:00,8.5941,8.7349,-0.1408
2019-04-03 00:00:00+00:00,8.8247,8.8557,-0.0310
2019-04-04 00:00:00+00:00,8.8127,8.8335,-0.0208
2019-04-05 00:00:00+00:00,8.8343,8.8628,-0.0285
2019-04-06 00:00:00+00:00,8.8344,8.8561,-0.0217
2019-04-07 00:00:00+00:00,8.9058,8.9272,-0.0214
2019-04-08 00:00:00+00:00,8.9204,8.8998,0.0206
2019-04-09 00:00:00+00:00,8.8943,8.9070,-0.0127
2019-04-10 00:00:00+00:00,8.9745,8.9240,0.0505
2019-04-11 00:00:00+00:00,9.0813,8.9233,0.1580
2019-04-12 00:00:00+00:00,8.9924,8.9452,0.0472
2019-04-13 00:00:00+00:00,9.0855,8.9658,0.1197
2019-04-14 00:00:00+00:00,9.0813,9.0635,0.0178
2019-04-15 00:00:00+00:00,9.0780,9.1549,-0.0769
2019-04-16 00:00:00+00:00,9.0566,9.2298,-0.1732
2019-04-17 00:00:00+00:00,9.0223,9.1679,-0.1456
2019-04-18 00:00:00+00:00,8.9989,9.2661,-0.2672
2019-04-19 00:00:00+00:00,8.7851,9.2736,-0.4885
2019-04-20 00:00:00+00:00,8.6077,9.3181,-0.7104
2019-04-21 00:00:00+00:00,8.7163,9.3987,-0.6824
2019-04-22 00:00:00+00:00,9.2216,9.5780,-0.3564
2019-04-23 00:00:00+00:00,9.1460,9.5925,-0.4465
2019-04-24 00:00:00+00:00,9.1426,9.5913,-0.4487
2019-04-25 00:00:00+00:00,9.3223,9.6539,-0.3316
2019-04-26 00:00:00+00:00,9.5502,9.7433,-0.1931
2019-04-27 00:00:00+00:00,9.4533,9.7066,-0.2533
2019-04-28 00:00:00+00:00,9.3245,9.6359,-0.3114
2019-04-29 00:00:00+00:00,9.3135,9.7142,-0.4007
2019-04-30 00:00:00+00:00,9.2854,9.6892,-0.4038
2019-05-01 00:00:00+00:00,9.2834,9.8141,-0.5307
2019-05-02 00:00:00+00:00,9.4364,9.9211,-0.4847
2019-05-03 00:00:00+00:00,9.6944,9.9815,-0.2871
2019-05-04 00:00:00+00:00,9.6961,10.0558,-0.3597
2019-05-05 00:00:00+00:00,9.8246,10.1415,-0.3169
2019-05-06 00:00:00+00:00,9.7888,10.1141,-0.3253
2019-05-07 00:00:00+00:00,9.7855,10.2477,-0.4622
2019-05-08 00:00:00+00:00,9.7677,10.2415,-0.4738
2019-05-09 00:00:00+00:00,9.7549,10.2330,-0.4781
2019-05-10 00:00:00+00:00,9.8731,10.3644,-0.4913
2019-05-11 00:00:00+00:00,9.9661,10.4074,-0.4413
2019-05-12 00:00:00+00:00,10.2024,10.6178,-0.4154
2019-05-13 00:00:00+00:00,10.2259,10.6761,-0.4502
2019-05-14 00:00:00+00:00,10.3922,10.7901,-0.3979
2019-05-15 00:00:00+00:00,10.5245,10.8783,-0.3538
2019-05-16 00:00:00+00:00,10.5803,10.9195,-0.3392
2019-05-17 00:00:00+00:00,10.5612,11.0135,-0.4523
2019-05-18 00:00:00+00:00,10.5987,11.0155,-0.4168
2019-05-19 00:00:00+00:00,10.6502,11.1109,-0.4607
2019-05-20 00:00:00+00:00,10.8588,11.1476,-0.2888
2019-05-21 00:00:00+00:00,11.0070,11.3126,-0.3056
2019-05-22 00:00:00+00:00,10.9821,11.3432,-0.3611
2019-05-23 00:00:00+00:00,10.9216,11.3647,-0.4431
2019-05-24 00:00:00+00:00,10.9735,11.4000,-0.4265
2019-05-25 00:00:00+00:00,11.1945,11.4849,-0.2904
2019-05-26 00:00:00+00:00,11.2214,11.5451,-0.3237
2019-05-27 00:00:00+00:00,11.5909,11.7787,-0.1878
2019-05-28 00:00:00+00:00,11.3512,11.7372,-0.3860
2019-05-29 00:00:00+00:00,11.3258,11.8112,-0.4854
2019-05-30 00:00:00+00:00,11.3324,12.0358,-0.7034
2019-05-31 00:00:00+00:00,11.3323,12.1496,-0.8173
2019-06-01 00:00:00+00:00,11.4614,12.2879,-0.8265
2019-06-02 00:00:00+00:00,11.4572,12.4130,-0.9558
2019-06-03 00:00:00+00:00,11.7821,12.5052,-0.7231
2019-06-04 00:00:00+00:00,11.4827,12.5006,-1.0179
2019-06-05 00:00:00+00:00,11.6030,12.5862,-0.9832
2019-06-06 00:00:00+00:00,11.9107,12.6408,-0.7301
2019-06-07 00:00:00+00:00,12.1450,12.7866,-0.6416
2019-06-08 00:00:00+00:00,12.1439,12.7226,-0.5787
2019-06-09 00:00:00+00:00,12.2425,12.8391,-0.5966
2019-06-10 00:00:00+00:00,12.3777,12.8305,-0.4528
2019-06-11 00:00:00+00:00,12.3043,12.8563,-0.5520
2019-06-12 00:00:00+00:00,12.3033,12.9671,-0.6638
2019-06-13 00:00:00+00:00,12.3021,13.0674,-0.7653
2019-06-14 00:00:00+00:00,12.2985,13.2383,-0.9398
2019-06-15 00:00:00+00:00,12.3878,13.3410,-0.9532
2019-06-16 00:00:00+00:00,12.3261,13.4469,-1.1208
2019-06-17 00:00:00+00:00,12.3413,13.4746,-1.1333
2019-06-18 00:00:00+00:00,12.5436,13.4919,-0.9483
2019-06-19 00:00:00+00:00,12.5351,13.4941,-0.9590
2019-06-20 00:00:00+00:00,12.5992,13.5405,-0.9413
2019-06-21 00:00:00+00:00,12.8686,13.7438,-0.8752
2019-06-22 00:00:00+00:00,12.9809,13.8240,-0.8431
2019-06-23 00:00:00+00:00,12.9798,13.9294,-0.9496
2019-06-24 00:00:00+00:00,12.9335,13.8715,-0.9380
2019-06-25 00:00:00+00:00,12.9983,13.9800,-0.9817
2019-06-26 00:00:00+00:00,13.1517,13.9705,-0.8188
2019-06-27 00:00:00+00:00,13.5655,14.0667,-0.5012
2019-06-28 00:00:00+00:00,13.8758,14.1181,-0.2423
2019-06-29 00:00:00+00:00,13.9039,14.1470,-0.2431
2019-06-30 00:00:00+00:00,14.1922,14.2335,-0.0413
2019-07-01 00:00:00+00:00,14.1845,14.2683,-0.0838
2019-07-02 00:00:00+00:00,14.2150,14.2762,-0.0612
2019-07-03 00:00:00+00:00,14.3302,14.2960,0.0342
2019-07-04 00:00:00+00:00,14.3405,14.3162,0.0243
2019-07-05 00:00:00+00:00,14.3138,14.3524,-0.0386
2019-07-06 00:00:00+00:00,14.4023,14.3854,0.0169
2019-07-07 00:00:00+00:00,14.3476,14.3966,-0.0490
2019-07-08 00:00:00+00:00,14.2285,14.5716,-0.3431
2019-07-09 00:00:00+00:00,14.2424,14.6718,-0.4294
2019-07-10 00:00:00+00:00,14.3980,14.7831,-0.3851
2019-07-11 00:00:00+00:00,14.4024,14.8795,-0.4771
2019-07-12 00:00:00+00:00,14.5689,14.9390,-0.3701
2019-07-13 00:00:00+00:00,14.5427,14.9531,-0.4104
2019-07-14 00:00:00+00:00,14.9650,15.0423,-0.0773
2019-07-15 00:00:00+00:00,15.2182,15.1472,0.0710
2019-07-16 00:00:00+00:00,15.0255,15.1940,-0.1685
2019-07-17 00:00:00+00:00,15.0177,15.3246,-0.3069
2019-07-18 00:00:00+00:00,14.9908,15.4574,-0.4666
2019-07-19 00:00:00+00:00,15.0028,15.5168,-0.5140
2019-07-20 00:00:00+00:00,15.0899,15.6833,-0.5934
2019-07-21 00:00:00+00:00,15.0308,15.7071,-0.6763
2019-07-22 00:00:00+00:00,14.9732,15.7074,-0.7342
2019-07-23 00:00:00+00:00,15.0224,15.7769,-0.7545
2019-07-24 00:00:00+00:00,15.4175,15.8215,-0.4040
2019-07-25 00:00:00+00:00,15.6348,15.8009,-0.1661
2019-07-26 00:00:00+00:00,15.6373,15.8042,-0.1669
2019-07-27 00:00:00+00:00,15.7230,15.8305,-0.1075
2019-07-28 00:00:00+00:00,14.2830,15.5786,-1.2956
2019-07-29 00:00:00+00:00,11.4193,15.0131,-3.5938
2019-07-30 00:00:00+00:00,11.0426,14.9415,-3.8989
2019-07-31 00:00:00+00:00,10.7896,14.8769,-4.0873
2019-08-01 00:00:00+00:00,11.9859,15.1279,-3.1420
2019-08-02 00:00:00+00:00,13.1393,15.3379,-2.1986
2019-08-03 00:00:00+00:00,13.0490,15.3112,-2.2622
2019-08-04 00:00:00+00:00,12.9291,15.3187,-2.3896
2019-08-05 00:00:00+00:00,14.0627,15.5810,-1.5183
2019-08-06 00:00:00+00:00,15.2970,15.8456,-0.5486
2019-08-07 00:00:00+00:00,15.0709,15.7746,-0.7037
2019-08-08 00:00:00+00:00,15.3616,15.8986,-0.5370
2019-08-09 00:00:00+00:00,15.3571,15.9586,-0.6015
2019-08-10 00:00:00+00:00,15.5398,16.0769,-0.5371
2019-08-11 00:00:00+00:00,15.7199,16.1913,-0.4714
2019-08-12 00:00:00+00:00,15.9589,16.2615,-0.3026
2019-08-13 00:00:00+00:00,16.1526,16.3278,-0.1752
2019-08-14 00:00:00+00:00,16.1499,16.3522,-0.2023
2019-08-15 00:00:00+00:00,16.2675,16.3089,-0.0414
2019-08-16 00:00:00+00:00,16.2998,16.3967,-0.0969
2019-08-17 00:00:00+00:00,16.4039,16.3843,0.0196
2019-08-18 00:00:00+00:00,16.2531,16.3394,-0.0863
2019-08-19 00:00:00+00:00,16.1771,16.3301,-0.1530
2019-08-20 00:00:00+00:00,16.0989,16.3749,-0.2760
2019-08-21 00:00:00+00:00,16.0827,16.3601,-0.2774
2019-08-22 00:00:00+00:00,16.0790,16.4075,-0.3285
2019-08-23 00:00:00+00:00,16.0028,16.3818,-0.3790
2019-08-24 00:00:00+00:00,16.0420,16.4017,-0.3597
2019-08-25 00:00:00+00:00,16.2121,16.5158,-0.3037
2019-08-26 00:00:00+00:00,16.5134,16.5510,-0.0376
2019-08-27 00:00:00+00:00,16.6124,16.5997,0.0127
2019-08-28 00:00:00+00:00,16.5465,16.5774,-0.0309
2019-08-29 00:00:00+00:00,16.5857,16.5787,0.0070
2019-08-30 00:00:00+00:00,16.5873,16.5633,0.0240
2019-08-31 00:00:00+00:00,16.5682,16.5462,0.0220
2019-09-01 00:00:00+00:00,16.5157,16.5162,-0.0005
2019-09-02 00:00:00+00:00,16.5210,16.5274,-0.0064
2019-09-03 00:00:00+00:00,16.5019,16.5374,-0.0355
2019-09-04 00:00:00+00:00,16.4491,16.5448,-0.0957
2019-09-05 00:00:00+00:00,16.3712,16.5843,-0.2131
2019-09-06 00:00:00+00:00,16.2919,16.5257,-0.2338
2019-09-07 00:00:00+00:00,16.2359,16.6206,-0.3847
2019-09-08 00:00:00+00:00,16.2359,16.6846,-0.4487
2019-09-09 00:00:00+00:00,16.2300,16.7400,-0.5100
2019-09-10 00:00:00+00:00,16.1553,16.7812,-0.6259
2019-09-11 00:00:00+00:00,16.1524,16.7295,-0.5771
2019-09-12 00:00:00+00:00,16.0747,16.6575,-0.5828
2019-09-13 00:00:00+00:00,16.1215,16.5746,-0.4531
2019-09-14 00:00:00+00:00,16.1167,16.5783,-0.4616
2019-09-15 00:00:00+00:00,15.9493,16.4955,-0.5462
2019-09-16 00:00:00+00:00,15.9279,16.4592,-0.5313
2019-09-17 00:00:00+00:00,16.0141,16.4716,-0.4575
2019-09-18 00:00:00+00:00,15.9773,16.4223,-0.4450
2019-09-19 00:00:00+00:00,15.8937,16.4002,-0.5065
2019-09-20 00:00:00+00:00,16.0042,16.3429,-0.3387
2019-09-21 00:00:00+00:00,16.0540,16.2449,-0.1909
2019-09-22 00:00:00+00:00,15.0346,15.9689,-0.9343
2019-09-23 00:00:00+00:00,15.5499,16.0839,-0.5340
2019-09-24 00:00:00+00:00,15.6239,16.0943,-0.4704
2019-09-25 00:00:00+00:00,15.6097,16.0119,-0.4022
2019-09-26 00:00:00+00:00,15.8118,16.0312,-0.2194
2019-09-27 00:00:00+00:00,15.7751,15.9783,-0.2032
2019-09-28 00:00:00+00:00,15.7938,15.8951,-0.1013
2019-09-29 00:00:00+00:00,15.7919,15.8388,-0.0469
2019-09-30 00:00:00+00:00,15.8383,15.7884,0.0499
2019-10-01 00:00:00+00:00,15.7655,15.7394,0.0261
2019-10-02 00:00:00+00:00,15.7079,15.7051,0.0028
2019-10-03 00:00:00+00:00,15.7055,15.6297,0.0758
2019-10-04 00:00:00+00:00,15.6659,15.6318,0.0341
2019-10-05 00:00:00+00:00,15.5701,15.5867,-0.0166
2019-10-06 00:00:00+00:00,15.4653,15.5067,-0.0414
2019-10-07 00:00:00+00:00,15.4529,15.4257,0.0272
2019-10-08 00:00:00+00:00,15.4298,15.3885,0.0413
2019-10-09 00:00:00+00:00,15.3506,15.3399,0.0107
2019-10-10 00:00:00+00:00,15.2033,15.2426,-0.0393
2019-10-11 00:00:00+00:00,15.2097,15.1428,0.0669
2019-10-12 00:00:00+00:00,15.1803,15.1461,0.0342
2019-10-13 00:00:00+00:00,15.2077,15.1267,0.0810
2019-10-14 00:00:00+00:00,15.1099,15.1025,0.0074
2019-10-15 00:00:00+00:00,15.0459,15.0470,-0.0011
2019-10-16 00:00:00+00:00,15.0306,14.9869,0.0437
2019-10-17 00:00:00+00:00,14.9255,14.9406,-0.0151
2019-10-18 00:00:00+00:00,14.8625,14.8917,-0.0292
2019-10-19 00:00:00+00:00,14.7156,14.8580,-0.1424
2019-10-20 00:00:00+00:00,14.6038,14.7802,-0.1764
2019-10-21 00:00:00+00:00,14.5410,14.7280,-0.1870
2019-10-22 00:00:00+00:00,14.5931,14.6744,-0.0813
2019-10-23 00:00:00+00:00,14.5825,14.6031,-0.0206
2019-10-24 00:00:00+00:00,14.5600,14.5596,0.0004
2019-10-25 00:00:00+00:00,14.4100,14.4981,-0.0881
2019-10-26 00:00:00+00:00,14.4080,14.4778,-0.0698
2019-10-27 00:00:00+00:00,14.3661,14.4179,-0.0518
2019-10-28 00:00:00+00:00,14.3245,14.4077,-0.0832
2019-10-29 00:00:00+00:00,14.2393,14.3330,-0.0937
2019-10-30 00:00:00+00:00,14.1407,14.3036,-0.1629
2019-10-31 00:00:00+00:00,14.1302,14.2766,-0.1464
2019-11-01 00:00:00+00:00,14.1287,14.2338,-0.1051
2019-11-02 00:00:00+00:00,14.0573,14.1372,-0.0799
2019-11-03 00:00:00+00:00,14.0123,14.0115,0.0008
2019-11-04 00:00:00+00:00,13.8699,13.9013,-0.0314
2019-11-05 00:00:00+00:00,13.8363,13.8367,-0.0004
2019-11-06 00:00:00+00:00,13.8094,13.7465,0.0629
2019-11-07 00:00:00+00:00,13.7481,13.6865,0.0616
2019-11-08 00:00:00+00:00,13.6424,13.6188,0.0236
2019-11-09 00:00:00+00:00,13.4463,13.5203,-0.0740
2019-11-10 00:00:00+00:00,13.3874,13.4716,-0.0842
2019-11-11 00:00:00+00:00,13.2782,13.4075,-0.1293
2019-11-12 00:00:00+00:00,13.0934,13.3405,-0.2471
2019-11-13 00:00:00+00:00,12.8931,13.2550,-0.3619
2019-11-14 00:00:00+00:00,12.8826,13.2115,-0.3289
2019-11-15 00:00:00+00:00,12.8821,13.1616,-0.2795
2019-11-16 00:00:00+00:00,12.8417,13.1267,-0.2850
2019-11-17 00:00:00+00:00,12.8437,13.0981,-0.2544
2019-11-18 00:00:00+00:00,12.5725,13.0664,-0.4939
2019-11-19 00:00:00+00:00,12.4146,12.9437,-0.5291
2019-11-20 00:00:00+00:00,12.4088,12.9206,-0.5118
2019-11-21 00:00:00+00:00,12.4039,12.8644,-0.4605
2019-11-22 00:00:00+00:00,12.3729,12.8005,-0.4276
2019-11-23 00:00:00+00:00,12.3712,12.7116,-0.3404
2019-11-24 00:00:00+00:00,12.2983,12.6332,-0.3349
2019-11-25 00:00:00+00:00,12.2967,12.5488,-0.2521
2019-11-26 00:00:00+00:00,12.2813,12.5119,-0.2306
2019-11-27 00:00:00+00:00,12.2086,12.4406,-0.2320
2019-11-28 00:00:00+00:00,12.0971,12.3515,-0.2544
2019-11-29 00:00:00+00:00,12.0280,12.2423,-0.2143
2019-11-30 00:00:00+00:00,11.7893,12.1638,-0.3745
2019-12-01 00:00:00+00:00,11.5166,12.0555,-0.5389
2019-12-02 00:00:00+00:00,11.3656,11.9481,-0.5825
2019-12-03 00:00:00+00:00,11.2260,11.8878,-0.6618
2019-12-04 00:00:00+00:00,11.3099,11.8539,-0.5440
2019-12-05 00:00:00+00:00,11.2598,11.7704,-0.5106
2019-12-06 00:00:00+00:00,11.2580,11.6583,-0.4003
2019-12-07 00:00:00+00:00,11.1437,11.5400,-0.3963
2019-12-08 00:00:00+00:00,11.1551,11.4152,-0.2601
2019-12-09 00:00:00+00:00,11.0780,11.2983,-0.2203
2019-12-10 00:00:00+00:00,10.9629,11.2204,-0.2575
2019-12-11 00:00:00+00:00,10.8429,11.1710,-0.3281
2019-12-12 00:00:00+00:00,10.8053,11.1182,-0.3129
2019-12-13 00:00:00+00:00,10.7642,11.1192,-0.3550
2019-12-14 00:00:00+00:00,10.6772,10.9769,-0.2997
2019-12-15 00:00:00+00:00,10.6344,10.9071,-0.2727
2019-12-16 00:00:00+00:00,10.4938,10.7210,-0.2272
2019-12-17 00:00:00+00:00,10.3573,10.6830,-0.3257
2019-12-18 00:00:00+00:00,10.2946,10.6730,-0.3784
2019-12-19 00:00:00+00:00,10.2773,10.6795,-0.4022
2019-12-20 00:00:00+00:00,10.2755,10.6572,-0.3817
2019-12-21 00:00:00+00:00,10.1898,10.6119,-0.4221
2019-12-22 00:00:00+00:00,10.1419,10.5833,-0.4414
2019-12-23 00:00:00+00:00,10.0007,10.5473,-0.5466
2019-12-24 00:00:00+00:00,10.0037,10.4879,-0.4842
2019-12-25 00:00:00+00:00,9.8841,10.4593,-0.5752
2019-12-26 00:00:00+00:00,9.8866,10.4402,-0.5536
2019-12-27 00:00:00+00:00,9.8789,10.4094,-0.5305
2019-12-28 00:00:00+00:00,9.8765,10.3642,-0.4877
2019-12-29 00:00:00+00:00,9.8756,10.3615,-0.4859
2019-12-30 00:00:00+00:00,9.9236,10.3790,-0.4554
2019-12-31 00:00:00+00:00,9.9257,10.3454,-0.4197
2020-01-01 00:00:00+00:00,9.9064,10.1631,-0.2567
2020-01-02 00:00:00+00:00,9.8876,10.1401,-0.2525
2020-01-03 00:00:00+00:00,9.8144,10.0855,-0.2711
2020-01-04 00:00:00+00:00,9.7472,10.0623,-0.3151
2020-01-05 00:00:00+00:00,9.7466,10.0171,-0.2705
2020-01-06 00:00:00+00:00,9.7369,9.9840,-0.2471
2020-01-07 00:00:00+00:00,9.7311,9.9166,-0.1855
2020-01-08 00:00:00+00:00,9.7125,9.8604,-0.1479
2020-01-09 00:00:00+00:00,9.7051,9.7757,-0.0706
2020-01-10 00:00:00+00:00,9.6274,9.7429,-0.1155
2020-01-11 00:00:00+00:00,9.6189,9.7183,-0.0994
2020-01-12 00:00:00+00:00,9.5499,9.6624,-0.1125
2020-01-13 00:00:00+00:00,9.5360,9.6391,-0.1031
2020-01-14 00:00:00+00:00,9.5114,9.6015,-0.0901
2020-01-15 00:00:00+00:00,9.4981,9.5726,-0.0745
2020-01-16 00:00:00+00:00,9.4225,9.5290,-0.1065
2020-01-17 00:00:00+00:00,9.3908,9.4413,-0.0505
2020-01-18 00:00:00+00:00,9.2535,9.3759,-0.1224
2020-01-19 00:00:00+00:00,9.1575,9.3542,-0.1967
2020-01-20 00:00:00+00:00,9.0622,9.3125,-0.2503
2020-01-21 00:00:00+00:00,9.0286,9.2821,-0.2535
2020-01-22 00:00:00+00:00,8.9852,9.2261,-0.2409
2020-01-23 00:00:00+00:00,8.9537,9.1722,-0.2185
2020-01-24 00:00:00+00:00,8.9557,9.1329,-0.1772
2020-01-25 00:00:00+00:00,8.9605,9.0917,-0.1312
2020-01-26 00:00:00+00:00,9.0026,9.1019,-0.0993
2020-01-27 00:00:00+00:00,9.0437,9.0843,-0.0406
2020-01-28 00:00:00+00:00,8.9700,9.0016,-0.0316
2020-01-29 00:00:00+00:00,8.8665,8.9679,-0.1014
2020-01-30 00:00:00+00:00,8.8757,9.0272,-0.1515
2020-01-31 00:00:00+00:00,8.8445,8.9814,-0.1369
2020-02-01 00:00:00+00:00,8.8757,8.9588,-0.0831
2020-02-02 00:00:00+00:00,8.8354,8.9492,-0.1138
2020-02-03 00:00:00+00:00,8.7605,8.8239,-0.0634
2020-02-04 00:00:00+00:00,8.7392,8.8257,-0.0865
2020-02-05 00:00:00+00:00,8.7498,8.9498,-0.2000
2020-02-06 00:00:00+00:00,8.6644,8.8718,-0.2074
2020-02-07 00:00:00+00:00,8.7037,8.8232,-0.1195
2020-02-08 00:00:00+00:00,8.7119,8.8151,-0.1032
2020-02-09 00:00:00+00:00,8.7122,8.7523,-0.0401
2020-02-10 00:00:00+00:00,8.7183,8.6975,0.0208
2020-02-11 00:00:00+00:00,8.6566,8.6198,0.0368
2020-02-12 00:00:00+00:00,8.5187,8.5906,-0.0719
2020-02-13 00:00:00+00:00,8.5015,8.6164,-0.1149
2020-02-14 00:00:00+00:00,8.3861,8.5634,-0.1773
2020-02-15 00:00:00+00:00,8.4844,8.5576,-0.0732
2020-02-16 00:00:00+00:00,8.4814,8.4999,-0.0185
2020-02-17 00:00:00+00:00,8.3780,8.4899,-0.1119
2020-02-18 00:00:00+00:00,8.3980,8.4971,-0.0991
2020-02-19 00:00:00+00:00,8.3539,8.5152,-0.1613
2020-02-20 00:00:00+00:00,8.3284,8.4581,-0.1297
2020-02-21 00:00:00+00:00,8.3505,8.3927,-0.0422
2020-02-22 00:00:00+00:00,8.3251,8.4095,-0.0844
2020-02-23 00:00:00+00:00,8.3198,8.4707,-0.1509
2020-02-24 00:00:00+00:00,8.3198,8.4832,-0.1634
2020-02-25 00:00:00+00:00,8.4383,8.4873,-0.0490
2020-02-26 00:00:00+00:00,8.3260,8.5367,-0.2107
2020-02-27 00:00:00+00:00,8.3032,8.5787,-0.2755
2020-02-28 00:00:00+00:00,8.2778,8.5577,-0.2799
2020-02-29 00:00:00+00:00,8.2611,8.2611,0.0000
2020-03-01 00:00:00+00:00,8.2146,8.5389,-0.3243
2020-03-02 00:00:00+00:00,8.1397,8.4663,-0.3266
2020-03-03 00:00:00+00:00,8.0106,8.3573,-0.3467
2020-03-04 00:00:00+00:00,8.0108,8.3423,-0.3315
2020-03-05 00:00:00+00:00,7.9972,8.3477,-0.3505
2020-03-06 00:00:00+00:00,7.8899,8.3029,-0.4130
2020-03-07 00:00:00+00:00,7.9582,8.2842,-0.3260
2020-03-08 00:00:00+00:00,8.0735,8.2597,-0.1862
2020-03-09 00:00:00+00:00,8.0650,8.2808,-0.2158
2020-03-10 00:00:00+00:00,8.0551,8.2509,-0.1958
2020-03-11 00:00:00+00:00,8.0283,8.1901,-0.1618
2020-03-12 00:00:00+00:00,8.0273,8.2014,-0.1741
2020-03-13 00:00:00+00:00,7.9992,8.1635,-0.1643
2020-03-14 00:00:00+00:00,7.9477,8.1085,-0.1608
2020-03-15 00:00:00+00:00,7.9449,8.0826,-0.1377
2020-03-16 00:00:00+00:00,8.0504,8.1067,-0.0563
2020-03-17 00:00:00+00:00,8.0450,8.2347,-0.1897
2020-03-18 00:00:00+00:00,8.0524,8.2492,-0.1968
2020-03-19 00:00:00+00:00,8.0481,8.3501,-0.3020
2020-03-20 00:00:00+00:00,8.0780,8.2897,-0.2117
2020-03-21 00:00:00+00:00,8.0900,8.2557,-0.1657
2020-03-22 00:00:00+00:00,7.9874,8.2403,-0.2529
2020-03-23 00:00:00+00:00,8.1868,8.3484,-0.1616
2020-03-24 00:00:00+00:00,8.0749,8.4929,-0.4180
2020-03-25 00:00:00+00:00,8.1080,8.5759,-0.4679
2020-03-26 00:00:00+00:00,8.3596,8.6203,-0.2607
2020-03-27 00:00:00+00:00,8.5518,8.7594,-0.2076
2020-03-28 00:00:00+00:00,8.6149,8.8016,-0.1867
2020-03-29 00:00:00+00:00,8.5278,8.7748,-0.2470
2020-03-30 00:00:00+00:00,8.5061,8.7809,-0.2748
2020-03-31 00:00:00+00:00,8.4573,8.7563,-0.2990
2020-04-01 00:00:00+00:00,8.5109,8.7341,-0.2232
2020-04-02 00:00:00+00:00,8.4832,8.7349,-0.2517
2020-04-03 00:00:00+00:00,8.5046,8.8557,-0.3511
2020-04-04 00:00:00+00:00,8.4807,8.8335,-0.3528
2020-04-05 00:00:00+00:00,8.6596,8.8628,-0.2032
2020-04-06 00:00:00+00:00,8.6682,8.8561,-0.1879
2020-04-07 00:00:00+00:00,8.7324,8.9272,-0.1948
2020-04-08 00:00:00+00:00,8.7550,8.8998,-0.1448
2020-04-09 00:00:00+00:00,8.6646,8.9070,-0.2424
2020-04-10 00:00:00+00:00,8.6996,8.9240,-0.2244
2020-04-11 00:00:00+00:00,8.6722,8.9233,-0.2511
2020-04-12 00:00:00+00:00,8.7896,8.9452,-0.1556
2020-04-13 00:00:00+00:00,8.7317,8.9658,-0.2341
2020-04-14 00:00:00+00:00,9.0241,9.0635,-0.0394
2020-04-15 00:00:00+00:00,9.0950,9.1549,-0.0599
2020-04-16 00:00:00+00:00,9.3323,9.2298,0.1025
2020-04-17 00:00:00+00:00,9.2779,9.1679,0.1100
2020-04-18 00:00:00+00:00,9.2737,9.2661,0.0076
2020-04-19 00:00:00+00:00,9.2806,9.2736,0.0070
2020-04-20 00:00:00+00:00,9.4012,9.3181,0.0831
2020-04-21 00:00:00+00:00,9.4887,9.3987,0.0900
2020-04-22 00:00:00+00:00,9.4809,9.5780,-0.0971
2020-04-23 00:00:00+00:00,9.3832,9.5925,-0.2093
2020-04-24 00:00:00+00:00,9.4014,9.5913,-0.1899
2020-04-25 00:00:00+00:00,9.4003,9.6539,-0.2536
2020-04-26 00:00:00+00:00,9.5452,9.7433,-0.1981
2020-04-27 00:00:00+00:00,9.4679,9.7066,-0.2387
2020-04-28 00:00:00+00:00,9.6407,9.6359,0.0048
2020-04-29 00:00:00+00:00,9.7141,9.7142,-0.0001
2020-04-30 00:00:00+00:00,9.6916,9.6892,0.0024
2020-05-01 00:00:00+00:00,9.7708,9.8141,-0.0433
2020-05-02 00:00:00+00:00,9.9120,9.9211,-0.0091
2020-05-03 00:00:00+00:00,9.8912,9.9815,-0.0903
2020-05-04 00:00:00+00:00,9.8951,10.0558,-0.1607
2020-05-05 00:00:00+00:00,10.0456,10.1415,-0.0959
2020-05-06 00:00:00+00:00,10.1465,10.1141,0.0324
2020-05-07 00:00:00+00:00,10.1755,10.2477,-0.0722
2020-05-08 00:00:00+00:00,10.0981,10.2415,-0.1434
2020-05-09 00:00:00+00:00,10.3028,10.2330,0.0698
2020-05-10 00:00:00+00:00,10.4098,10.3644,0.0454
2020-05-11 00:00:00+00:00,10.4150,10.4074,0.0076
2020-05-12 00:00:00+00:00,10.5017,10.6178,-0.1161
2020-05-13 00:00:00+00:00,10.5635,10.6761,-0.1126
2020-05-14 00:00:00+00:00,10.7426,10.7901,-0.0475
2020-05-15 00:00:00+00:00,10.8661,10.8783,-0.0122
2020-05-16 00:00:00+00:00,10.8114,10.9195,-0.1081
2020-05-17 00:00:00+00:00,10.7760,11.0135,-0.2375
2020-05-18 00:00:00+00:00,10.7454,11.0155,-0.2701
2020-05-19 00:00:00+00:00,10.6797,11.1109,-0.4312
2020-05-20 00:00:00+00:00,10.6412,11.1476,-0.5064
2020-05-21 00:00:00+00:00,10.9947,11.3126,-0.3179
2020-05-22 00:00:00+00:00,11.0334,11.3432,-0.3098
2020-05-23 00:00:00+00:00,11.0667,11.3647,-0.2980
2020-05-24 00:00:00+00:00,11.0379,11.4000,-0.3621
2020-05-25 00:00:00+00:00,11.0590,11.4849,-0.4259
2020-05-26 00:00:00+00:00,10.9967,11.5451,-0.5484
2020-05-27 00:00:00+00:00,11.1803,11.7787,-0.5984
2020-05-28 00:00:00+00:00,11.1147,11.7372,-0.6225
2020-05-29 00:00:00+00:00,11.4299,11.8112,-0.3813
2020-05-30 00:00:00+00:00,11.8885,12.0358,-0.1473
2020-05-31 00:00:00+00:00,11.9793,12.1496,-0.1703
2020-06-01 00:00:00+00:00,12.4206,12.2879,0.1327
2020-06-02 00:00:00+00:00,12.6624,12.4130,0.2494
2020-06-03 00:00:00+00:00,12.6476,12.5052,0.1424
2020-06-04 00:00:00+00:00,12.6753,12.5006,0.1747
2020-06-05 00:00:00+00:00,12.6067,12.5862,0.0205
2020-06-06 00:00:00+00:00,12.6240,12.6408,-0.0168
2020-06-07 00:00:00+00:00,12.5846,12.7866,-0.2020
2020-06-08 00:00:00+00:00,12.5674,12.7226,-0.1552
2020-06-09 00:00:00+00:00,12.5669,12.8391,-0.2722
2020-06-10 00:00:00+00:00,12.5702,12.8305,-0.2603
2020-06-11 00:00:00+00:00,12.5689,12.8563,-0.2874
2020-06-12 00:00:00+00:00,12.5622,12.9671,-0.4049
2020-06-13 00:00:00+00:00,12.6236,13.0674,-0.4438
2020-06-14 00:00:00+00:00,12.7627,13.2383,-0.4756
2020-06-15 00:00:00+00:00,13.0093,13.3410,-0.3317
2020-06-16 00:00:00+00:00,13.1712,13.4469,-0.2757
2020-06-17 00:00:00+00:00,13.1671,13.4746,-0.3075
2020-06-18 00:00:00+00:00,13.1611,13.4919,-0.3308
2020-06-19 00:00:00+00:00,13.1595,13.4941,-0.3346
2020-06-20 00:00:00+00:00,13.2011,13.5405,-0.3394
2020-06-21 00:00:00+00:00,13.3019,13.7438,-0.4419
2020-06-22 00:00:00+00:00,13.2964,13.8240,-0.5276
2020-06-23 00:00:00+00:00,13.3193,13.9294,-0.6101
2020-06-24 00:00:00+00:00,13.3388,13.8715,-0.5327
2020-06-25 00:00:00+00:00,13.6577,13.9800,-0.3223
2020-06-26 00:00:00+00:00,13.6559,13.9705,-0.3146
2020-06-27 00:00:00+00:00,13.6340,14.0667,-0.4327
2020-06-28 00:00:00+00:00,13.6500,14.1181,-0.4681
2020-06-29 00:00:00+00:00,13.6197,14.1470,-0.5273
2020-06-30 00:00:00+00:00,13.6196,14.2335,-0.6139
2020-07-01 00:00:00+00:00,13.6295,14.2683,-0.6388
2020-07-02 00:00:00+00:00,13.6223,14.2762,-0.6539
2020-07-03 00:00:00+00:00,13.6010,14.2960,-0.6950
2020-07-04 00:00:00+00:00,13.5993,14.3162,-0.7169
2020-07-05 00:00:00+00:00,13.7651,14.3524,-0.5873
2020-07-06 00:00:00+00:00,13.8384,14.3854,-0.5470
2020-07-07 00:00:00+00:00,13.8223,14.3966,-0.5743
2020-07-08 00:00:00+00:00,13.8206,14.5716,-0.7510
2020-07-09 00:00:00+00:00,13.8288,14.6718,-0.8430
2020-07-10 00:00:00+00:00,13.9713,14.7831,-0.8118
2020-07-11 00:00:00+00:00,14.0646,14.8795,-0.8149
2020-07-12 00:00:00+00:00,14.1588,14.9390,-0.7802
2020-07-13 00:00:00+00:00,14.1444,14.9531,-0.8087
2020-07-14 00:00:00+00:00,14.1349,15.0423,-0.9074
2020-07-15 00:00:00+00:00,14.1332,15.1472,-1.0140
2020-07-16 00:00:00+00:00,14.3373,15.1940,-0.8567
2020-07-17 00:00:00+00:00,14.5286,15.3246,-0.7960
2020-07-18 00:00:00+00:00,14.5295,15.4574,-0.9279
2020-07-19 00:00:00+00:00,14.6650,15.5168,-0.8518
2020-07-20 00:00:00+00:00,14.7348,15.6833,-0.9485
2020-07-21 00:00:00+00:00,14.7727,15.7071,-0.9344
2020-07-22 00:00:00+00:00,14.7626,15.7074,-0.9448
2020-07-23 00:00:00+00:00,14.7405,15.7769,-1.0364
2020-07-24 00:00:00+00:00,14.8126,15.8215,-1.0089
2020-07-25 00:00:00+00:00,14.8010,15.8009,-0.9999
2020-07-26 00:00:00+00:00,14.8207,15.8042,-0.9835
2020-07-27 00:00:00+00:00,14.8187,15.8305,-1.0118
2020-07-28 00:00:00+00:00,14.9547,15.5786,-0.6239
2020-07-29 00:00:00+00:00,14.9812,15.0131,-0.0319
2020-07-30 00:00:00+00:00,15.0033,14.9415,0.0618
2020-07-31 00:00:00+00:00,15.0440,14.8769,0.1671
2020-08-01 00:00:00+00:00,15.2670,15.1279,0.1391
2020-08-02 00:00:00+00:00,15.3322,15.3379,-0.0057
2020-08-03 00:00:00+00:00,15.3666,15.3112,0.0554
2020-08-04 00:00:00+00:00,15.2511,15.3187,-0.0676
2020-08-05 00:00:00+00:00,15.2421,15.5810,-0.3389
2020-08-06 00:00:00+00:00,15.3034,15.8456,-0.5422
2020-08-07 00:00:00+00:00,15.0620,15.7746,-0.7126
2020-08-08 00:00:00+00:00,15.3107,15.8986,-0.5879
2020-08-09 00:00:00+00:00,15.4500,15.9586,-0.5086
2020-08-10 00:00:00+00:00,15.4458,16.0769,-0.6311
2020-08-11 00:00:00+00:00,15.6408,16.1913,-0.5505
2020-08-12 00:00:00+00:00,15.8425,16.2615,-0.4190
2020-08-13 00:00:00+00:00,15.8415,16.3278,-0.4863
2020-08-14 00:00:00+00:00,15.9457,16.3522,-0.4065
2020-08-15 00:00:00+00:00,15.9036,16.3089,-0.4053
2020-08-16 00:00:00+00:00,15.9283,16.3967,-0.4684
2020-08-17 00:00:00+00:00,15.9177,16.3843,-0.4666
2020-08-18 00:00:00+00:00,16.0072,16.3394,-0.3322
2020-08-19 00:00:00+00:00,16.0287,16.3301,-0.3014
2020-08-20 00:00:00+00:00,16.2638,16.3749,-0.1111
2020-08-21 00:00:00+00:00,16.2304,16.3601,-0.1297
2020-08-22 00:00:00+00:00,16.2256,16.4075,-0.1819
2020-08-23 00:00:00+00:00,16.2538,16.3818,-0.1280
2020-08-24 00:00:00+00:00,16.2144,16.4017,-0.1873
2020-08-25 00:00:00+00:00,16.2176,16.5158,-0.2982
2020-08-26 00:00:00+00:00,16.1261,16.5510,-0.4249
2020-08-27 00:00:00+00:00,16.1020,16.5997,-0.4977
2020-08-28 00:00:00+00:00,16.0426,16.5774,-0.5348
2020-08-29 00:00:00+00:00,16.0583,16.5787,-0.5204
2020-08-30 00:00:00+00:00,16.0324,16.5633,-0.5309
2020-08-31 00:00:00+00:00,16.0538,16.5462,-0.4924
2020-09-01 00:00:00+00:00,16.0715,16.5162,-0.4447
2020-09-02 00:00:00+00:00,16.0240,16.5274,-0.5034
2020-09-03 00:00:00+00:00,16.0462,16.5374,-0.4912
2020-09-04 00:00:00+00:00,16.0153,16.5448,-0.5295
2020-09-05 00:00:00+00:00,16.0438,16.5843,-0.5405
2020-09-06 00:00:00+00:00,16.0190,16.5257,-0.5067
2020-09-07 00:00:00+00:00,16.0263,16.6206,-0.5943
2020-09-08 00:00:00+00:00,15.8392,16.6846,-0.8454
2020-09-09 00:00:00+00:00,15.8086,16.7400,-0.9314
2020-09-10 00:00:00+00:00,15.8959,16.7812,-0.8853
2020-09-11 00:00:00+00:00,15.9054,16.7295,-0.8241
2020-09-12 00:00:00+00:00,15.7536,16.6575,-0.9039
2020-09-13 00:00:00+00:00,15.6740,16.5746,-0.9006
2020-09-14 00:00:00+00:00,15.8709,16.5783,-0.7074
2020-09-15 00:00:00+00:00,15.8505,16.4955,-0.6450
2020-09-16 00:00:00+00:00,15.7995,16.4592,-0.6597
2020-09-17 00:00:00+00:00,15.9885,16.4716,-0.4831
2020-09-18 00:00:00+00:00,16.0492,16.4223,-0.3731
2020-09-19 00:00:00+00:00,15.9737,16.4002,-0.4265
2020-09-20 00:00:00+00:00,15.8937,16.3429,-0.4492
2020-09-21 00:00:00+00:00,15.8783,16.2449,-0.3666
2020-09-22 00:00:00+00:00,15.9401,15.9689,-0.0288
2020-09-23 00:00:00+00:00,15.9229,16.0839,-0.1610
2020-09-24 00:00:00+00:00,15.7740,16.0943,-0.3203
2020-09-25 00:00:00+00:00,15.7377,16.0119,-0.2742
2020-09-26 00:00:00+00:00,15.6253,16.0312,-0.4059
2020-09-27 00:00:00+00:00,15.5448,15.9783,-0.4335
2020-09-28 00:00:00+00:00,15.4580,15.8951,-0.4371
2020-09-29 00:00:00+00:00,15.4417,15.8388,-0.3971
2020-09-30 00:00:00+00:00,15.3779,15.7884,-0.4105
2020-10-01 00:00:00+00:00,15.3076,15.7394,-0.4318
2020-10-02 00:00:00+00:00,15.2941,15.7051,-0.4110
2020-10-03 00:00:00+00:00,15.2178,15.6297,-0.4119
2020-10-04 00:00:00+00:00,15.2153,15.6318,-0.4165
2020-10-05 00:00:00+00:00,15.1277,15.5867,-0.4590
2020-10-06 00:00:00+00:00,15.0560,15.5067,-0.4507
2020-10-07 00:00:00+00:00,14.9465,15.4257,-0.4792
2020-10-08 00:00:00+00:00,14.9439,15.3885,-0.4446
2020-10-09 00:00:00+00:00,14.8493,15.3399,-0.4906
2020-10-10 00:00:00+00:00,14.7064,15.2426,-0.5362
2020-10-11 00:00:00+00:00,14.5850,15.1428,-0.5578
2020-10-12 00:00:00+00:00,14.5300,15.1461,-0.6161
2020-10-13 00:00:00+00:00,14.5233,15.1267,-0.6034
2020-10-14 00:00:00+00:00,14.4804,15.1025,-0.6221
2020-10-15 00:00:00+00:00,14.4585,15.0470,-0.5885
2020-10-16 00:00:00+00:00,14.3973,14.9869,-0.5896
2020-10-17 00:00:00+00:00,14.3766,14.9406,-0.5640
2020-10-18 00:00:00+00:00,14.2410,14.8917,-0.6507
2020-10-19 00:00:00+00:00,14.2561,14.8580,-0.6019
2020-10-20 00:00:00+00:00,14.2222,14.7802,-0.5580
2020-10-21 00:00:00+00:00,14.0733,14.7280,-0.6547
2020-10-22 00:00:00+00:00,14.0186,14.6744,-0.6558
2020-10-23 00:00:00+00:00,14.0028,14.6031,-0.6003
2020-10-24 00:00:00+00:00,13.9415,14.5596,-0.6181
2020-10-25 00:00:00+00:00,13.8504,14.4981,-0.6477
2020-10-26 00:00:00+00:00,13.8001,14.4778,-0.6777
2020-10-27 00:00:00+00:00,13.7053,14.4179,-0.7126
2020-10-28 00:00:00+00:00,13.7084,14.4077,-0.6993
2020-10-29 00:00:00+00:00,13.6087,14.3330,-0.7243
2020-10-30 00:00:00+00:00,13.6074,14.3036,-0.6962
2020-10-31 00:00:00+00:00,13.5353,14.2766,-0.7413
2020-11-01 00:00:00+00:00,13.5395,14.2338,-0.6943
2020-11-02 00:00:00+00:00,13.5125,14.1372,-0.6247
2020-11-03 00:00:00+00:00,13.3449,14.0115,-0.6666
2020-11-04 00:00:00+00:00,13.1147,13.9013,-0.7866
2020-11-05 00:00:00+00:00,13.0349,13.8367,-0.8018
2020-11-06 00:00:00+00:00,12.9657,13.7465,-0.7808
2020-11-07 00:00:00+00:00,12.9489,13.6865,-0.7376
2020-11-08 00:00:00+00:00,12.9449,13.6188,-0.6739
2020-11-09 00:00:00+00:00,12.9216,13.5203,-0.5987
2020-11-10 00:00:00+00:00,12.8862,13.4716,-0.5854
2020-11-11 00:00:00+00:00,12.8850,13.4075,-0.5225
2020-11-12 00:00:00+00:00,12.8421,13.3405,-0.4984
2020-11-13 00:00:00+00:00,12.7513,13.2550,-0.5037
2020-11-14 00:00:00+00:00,12.7459,13.2115,-0.4656
2020-11-15 00:00:00+00:00,12.6909,13.1616,-0.4707
2020-11-16 00:00:00+00:00,12.6680,13.1267,-0.4587
2020-11-17 00:00:00+00:00,12.6663,13.0981,-0.4318
2020-11-18 00:00:00+00:00,12.6964,13.0664,-0.3700
2020-11-19 00:00:00+00:00,12.5018,12.9437,-0.4419
2020-11-20 00:00:00+00:00,12.5050,12.9206,-0.4156
2020-11-21 00:00:00+00:00,12.5127,12.8644,-0.3517
2020-11-22 00:00:00+00:00,12.4272,12.8005,-0.3733
2020-11-23 00:00:00+00:00,12.3026,12.7116,-0.4090
2020-11-24 00:00:00+00:00,12.2863,12.6332,-0.3469
2020-11-25 00:00:00+00:00,12.2680,12.5488,-0.2808
2020-11-26 00:00:00+00:00,12.1222,12.5119,-0.3897
2020-11-27 00:00:00+00:00,12.0637,12.4406,-0.3769
2020-11-28 00:00:00+00:00,12.0330,12.3515,-0.3185
2020-11-29 00:00:00+00:00,11.9394,12.2423,-0.3029
2020-11-30 00:00:00+00:00,11.9319,12.1638,-0.2319
2020-12-01 00:00:00+00:00,11.8871,12.0555,-0.1684
2020-12-02 00:00:00+00:00,11.8895,11.9481,-0.0586
2020-12-03 00:00:00+00:00,11.9090,11.8878,0.0212
2020-12-04 00:00:00+00:00,11.9040,11.8539,0.0501
2020-12-05 00:00:00+00:00,11.9075,11.7704,0.1371
2020-12-06 00:00:00+00:00,11.6026,11.6583,-0.0557
2020-12-07 00:00:00+00:00,11.5048,11.5400,-0.0352
2020-12-08 00:00:00+00:00,11.3171,11.4152,-0.0981
2020-12-09 00:00:00+00:00,11.1741,11.2983,-0.1242
2020-12-10 00:00:00+00:00,11.1822,11.2204,-0.0382
2020-12-11 00:00:00+00:00,11.1845,11.1710,0.0135
2020-12-12 00:00:00+00:00,11.1458,11.1182,0.0276
2020-12-13 00:00:00+00:00,11.1380,11.1192,0.0188
2020-12-14 00:00:00+00:00,11.0526,10.9769,0.0757
2020-12-15 00:00:00+00:00,11.0581,10.9071,0.1510
2020-12-16 00:00:00+00:00,11.0731,10.7210,0.3521
2020-12-17 00:00:00+00:00,10.9417,10.6830,0.2587
2020-12-18 00:00:00+00:00,10.9474,10.6730,0.2744
2020-12-19 00:00:00+00:00,10.9380,10.6795,0.2585
2020-12-20 00:00:00+00:00,10.8201,10.6572,0.1629
2020-12-21 00:00:00+00:00,10.8279,10.6119,0.2160
2020-12-22 00:00:00+00:00,10.7921,10.5833,0.2088
2020-12-23 00:00:00+00:00,10.7533,10.5473,0.2060
2020-12-24 00:00:00+00:00,10.6612,10.4879,0.1733
2020-12-25 00:00:00+00:00,10.5380,10.4593,0.0787
2020-12-26 00:00:00+00:00,10.5129,10.4402,0.0727
2020-12-27 00:00:00+00:00,10.3834,10.4094,-0.0260
2020-12-28 00:00:00+00:00,10.3150,10.3642,-0.0492
2020-12-29 00:00:00+00:00,10.3487,10.3615,-0.0128
2020-12-30 00:00:00+00:00,10.3577,10.3790,-0.0213
2020-12-31 00:00:00+00:00,10.2509,10.3454,-0.0945
2021-01-01 00:00:00+00:00,9.7106,10.1631,-0.4525
2021-01-02 00:00:00+00:00,9.6026,10.1401,-0.5375
2021-01-03 00:00:00+00:00,9.5139,10.0855,-0.5716
2021-01-04 00:00:00+00:00,9.4428,10.0623,-0.6195
2021-01-05 00:00:00+00:00,9.3757,10.0171,-0.6414
2021-01-06 00:00:00+00:00,9.2685,9.9840,-0.7155
2021-01-07 00:00:00+00:00,9.0818,9.9166,-0.8348
2021-01-08 00:00:00+00:00,9.0000,9.8604,-0.8604
2021-01-09 00:00:00+00:00,8.8886,9.7757,-0.8871
2021-01-10 00:00:00+00:00,8.8848,9.7429,-0.8581
2021-01-11 00:00:00+00:00,8.7954,9.7183,-0.9229
2021-01-12 00:00:00+00:00,8.7912,9.6624,-0.8712
2021-01-13 00:00:00+00:00,8.7885,9.6391,-0.8506
2021-01-14 00:00:00+00:00,8.7936,9.6015,-0.8079
2021-01-15 00:00:00+00:00,8.7638,9.5726,-0.8088
2021-01-16 00:00:00+00:00,8.7650,9.5290,-0.7640
2021-01-17 00:00:00+00:00,8.7942,9.4413,-0.6471
2021-01-18 00:00:00+00:00,8.6687,9.3759,-0.7072
2021-01-19 00:00:00+00:00,8.6635,9.3542,-0.6907
2021-01-20 00:00:00+00:00,8.6564,9.3125,-0.6561
2021-01-21 00:00:00+00:00,8.6833,9.2821,-0.5988
2021-01-22 00:00:00+00:00,8.5911,9.2261,-0.6350
2021-01-23 00:00:00+00:00,8.4472,9.1722,-0.7250
2021-01-24 00:00:00+00:00,8.3869,9.1329,-0.7460
2021-01-25 00:00:00+00:00,8.2980,9.0917,-0.7937
2021-01-26 00:00:00+00:00,8.3307,9.1019,-0.7712
2021-01-27 00:00:00+00:00,8.3042,9.0843,-0.7801
2021-01-28 00:00:00+00:00,8.2868,9.0016,-0.7148
2021-01-29 00:00:00+00:00,8.3652,8.9679,-0.6027
2021-01-30 00:00:00+00:00,8.3643,9.0272,-0.6629
2021-01-31 00:00:00+00:00,8.3797,8.9814,-0.6017
2021-02-01 00:00:00+00:00,8.3501,8.9588,-0.6087
2021-02-02 00:00:00+00:00,8.2836,8.9492,-0.6656
2021-02-03 00:00:00+00:00,8.2725,8.8239,-0.5514
2021-02-04 00:00:00+00:00,8.3322,8.8257,-0.4935
2021-02-05 00:00:00+00:00,8.3508,8.9498,-0.5990
2021-02-06 00:00:00+00:00,8.3175,8.8718,-0.5543
2021-02-07 00:00:00+00:00,8.2673,8.8232,-0.5559
2021-02-08 00:00:00+00:00,8.2372,8.8151,-0.5779
2021-02-09 00:00:00+00:00,8.1723,8.7523,-0.5800
2021-02-10 00:00:00+00:00,8.0761,8.6975,-0.6214
2021-02-11 00:00:00+00:00,7.8684,8.6198,-0.7514
2021-02-12 00:00:00+00:00,7.8626,8.5906,-0.7280
2021-02-13 00:00:00+00:00,7.8395,8.6164,-0.7769
2021-02-14 00:00:00+00:00,7.8370,8.5634,-0.7264
2021-02-15 00:00:00+00:00,7.6415,8.5576,-0.9161
2021-02-16 00:00:00+00:00,7.6396,8.4999,-0.8603
2021-02-17 00:00:00+00:00,7.6243,8.4899,-0.8656
2021-02-18 00:00:00+00:00,7.6383,8.4971,-0.8588
2021-02-19 00:00:00+00:00,7.6941,8.5152,-0.8211
2021-02-20 00:00:00+00:00,7.6840,8.4581,-0.7741
2021-02-21 00:00:00+00:00,7.6739,8.3927,-0.7188
2021-02-22 00:00:00+00:00,7.6523,8.4095,-0.7572
2021-02-23 00:00:00+00:00,7.6437,8.4707,-0.8270
2021-02-24 00:00:00+00:00,7.6412,8.4832,-0.8420
2021-02-25 00:00:00+00:00,7.8433,8.4873,-0.6440
2021-02-26 00:00:00+00:00,8.0087,8.5367,-0.5280
2021-02-27 00:00:00+00:00,8.0443,8.5787,-0.5344
2021-02-28 00:00:00+00:00,8.0729,8.5577,-0.4848
2021-03-01 00:00:00+00:00,8.1903,8.5389,-0.3486
2021-03-02 00:00:00+00:00,8.1129,8.4663,-0.3534
2021-03-03 00:00:00+00:00,7.8932,8.3573,-0.4641
2021-03-04 00:00:00+00:00,7.8646,8.3423,-0.4777
2021-03-05 00:00:00+00:00,7.9514,8.3477,-0.3963
2021-03-06 00:00:00+00:00,7.9136,8.3029,-0.3893
2021-03-07 00:00:00+00:00,7.7653,8.2842,-0.5189
2021-03-08 00:00:00+00:00,7.7222,8.2597,-0.5375
2021-03-09 00:00:00+00:00,7.6944,8.2808,-0.5864
2021-03-10 00:00:00+00:00,7.6922,8.2509,-0.5587
2021-03-11 00:00:00+00:00,7.7538,8.1901,-0.4363
2021-03-12 00:00:00+00:00,7.8074,8.2014,-0.3940
2021-03-13 00:00:00+00:00,7.8177,8.1635,-0.3458
2021-03-14 00:00:00+00:00,7.9017,8.1085,-0.2068
2021-03-15 00:00:00+00:00,7.8542,8.0826,-0.2284
2021-03-16 00:00:00+00:00,7.8664,8.1067,-0.2403
2021-03-17 00:00:00+00:00,8.0983,8.2347,-0.1364
2021-03-18 00:00:00+00:00,8.0133,8.2492,-0.2359
2021-03-19 00:00:00+00:00,8.0582,8.3501,-0.2919
2021-03-20 00:00:00+00:00,8.0827,8.2897,-0.2070
2021-03-21 00:00:00+00:00,8.0995,8.2557,-0.1562
2021-03-22 00:00:00+00:00,8.2059,8.2403,-0.0344
2021-03-23 00:00:00+00:00,8.2049,8.3484,-0.1435
2021-03-24 00:00:00+00:00,8.1580,8.4929,-0.3349
2021-03-25 00:00:00+00:00,8.2753,8.5759,-0.3006
2021-03-26 00:00:00+00:00,8.1733,8.6203,-0.4470
2021-03-27 00:00:00+00:00,8.2446,8.7594,-0.5148
2021-03-28 00:00:00+00:00,8.2414,8.8016,-0.5602
2021-03-29 00:00:00+00:00,8.0913,8.7748,-0.6835
2021-03-30 00:00:00+00:00,8.0567,8.7809,-0.7242
2021-03-31 00:00:00+00:00,8.2996,8.7563,-0.4567
2021-04-01 00:00:00+00:00,8.2740,8.7341,-0.4601
2021-04-02 00:00:00+00:00,8.4101,8.7349,-0.3248
2021-04-03 00:00:00+00:00,8.7212,8.8557,-0.1345
2021-04-04 00:00:00+00:00,8.7908,8.8335,-0.0427
2021-04-05 00:00:00+00:00,8.6930,8.8628,-0.1698
2021-04-06 00:00:00+00:00,8.6372,8.8561,-0.2189
2021-04-07 00:00:00+00:00,8.5610,8.9272,-0.3662
2021-04-08 00:00:00+00:00,8.5158,8.8998,-0.3840
2021-04-09 00:00:00+00:00,8.4934,8.9070,-0.4136
2021-04-10 00:00:00+00:00,8.5144,8.9240,-0.4096
2021-04-11 00:00:00+00:00,8.4553,8.9233,-0.4680
2021-04-12 00:00:00+00:00,8.4650,8.9452,-0.4802
2021-04-13 00:00:00+00:00,8.5387,8.9658,-0.4271
2021-04-14 00:00:00+00:00,8.5591,9.0635,-0.5044
2021-04-15 00:00:00+00:00,8.8108,9.1549,-0.3441
2021-04-16 00:00:00+00:00,8.8623,9.2298,-0.3675
2021-04-17 00:00:00+00:00,9.0621,9.1679,-0.1058
2021-04-18 00:00:00+00:00,8.9226,9.2661,-0.3435
2021-04-19 00:00:00+00:00,8.9524,9.2736,-0.3212
2021-04-20 00:00:00+00:00,8.9434,9.3181,-0.3747
2021-04-21 00:00:00+00:00,9.0606,9.3987,-0.3381
2021-04-22 00:00:00+00:00,9.3904,9.5780,-0.1876
2021-04-23 00:00:00+00:00,9.6896,9.5925,0.0971
2021-04-24 00:00:00+00:00,9.6067,9.5913,0.0154
2021-04-25 00:00:00+00:00,9.6560,9.6539,0.0021
2021-04-26 00:00:00+00:00,9.6741,9.7433,-0.0692
2021-04-27 00:00:00+00:00,9.5936,9.7066,-0.1130
2021-04-28 00:00:00+00:00,9.5358,9.6359,-0.1001
2021-04-29 00:00:00+00:00,9.4694,9.7142,-0.2448
2021-04-30 00:00:00+00:00,9.4882,9.6892,-0.2010
2021-05-01 00:00:00+00:00,9.5967,9.8141,-0.2174
2021-05-02 00:00:00+00:00,9.6249,9.9211,-0.2962
2021-05-03 00:00:00+00:00,9.6173,9.9815,-0.3642
2021-05-04 00:00:00+00:00,9.6147,10.0558,-0.4411
2021-05-05 00:00:00+00:00,9.6048,10.1415,-0.5367
2021-05-06 00:00:00+00:00,9.6162,10.1141,-0.4979
2021-05-07 00:00:00+00:00,9.6760,10.2477,-0.5717
2021-05-08 00:00:00+00:00,9.6590,10.2415,-0.5825
2021-05-09 00:00:00+00:00,9.6516,10.2330,-0.5814
2021-05-10 00:00:00+00:00,9.8447,10.3644,-0.5197
2021-05-11 00:00:00+00:00,9.8245,10.4074,-0.5829
2021-05-12 00:00:00+00:00,9.9467,10.6178,-0.6711
2021-05-13 00:00:00+00:00,10.0129,10.6761,-0.6632
2021-05-14 00:00:00+00:00,10.1515,10.7901,-0.6386
2021-05-15 00:00:00+00:00,10.1381,10.8783,-0.7402
2021-05-16 00:00:00+00:00,10.2911,10.9195,-0.6284
2021-05-17 00:00:00+00:00,10.6021,11.0135,-0.4114
2021-05-18 00:00:00+00:00,10.7208,11.0155,-0.2947
2021-05-19 00:00:00+00:00,10.8974,11.1109,-0.2135
2021-05-20 00:00:00+00:00,10.8672,11.1476,-0.2804
2021-05-21 00:00:00+00:00,10.8656,11.3126,-0.4470
2021-05-22 00:00:00+00:00,10.8607,11.3432,-0.4825
2021-05-23 00:00:00+00:00,10.8551,11.3647,-0.5096
2021-05-24 00:00:00+00:00,10.7239,11.4000,-0.6761
2021-05-25 00:00:00+00:00,10.7485,11.4849,-0.7364
2021-05-26 00:00:00+00:00,10.7694,11.5451,-0.7757
2021-05-27 00:00:00+00:00,10.9524,11.7787,-0.8263
2021-05-28 00:00:00+00:00,10.9512,11.7372,-0.7860
2021-05-29 00:00:00+00:00,10.9519,11.8112,-0.8593
2021-05-30 00:00:00+00:00,11.2546,12.0358,-0.7812
2021-05-31 00:00:00+00:00,11.6052,12.1496,-0.5444
2021-06-01 00:00:00+00:00,11.7074,12.2879,-0.5805
2021-06-02 00:00:00+00:00,11.9407,12.4130,-0.4723
2021-06-03 00:00:00+00:00,11.9732,12.5052,-0.5320
2021-06-04 00:00:00+00:00,12.0336,12.5006,-0.4670
2021-06-05 00:00:00+00:00,12.2407,12.5862,-0.3455
2021-06-06 00:00:00+00:00,12.2532,12.6408,-0.3876
2021-06-07 00:00:00+00:00,12.4856,12.7866,-0.3010
2021-06-08 00:00:00+00:00,12.5031,12.7226,-0.2195
2021-06-09 00:00:00+00:00,12.7509,12.8391,-0.0882
2021-06-10 00:00:00+00:00,12.5519,12.8305,-0.2786
2021-06-11 00:00:00+00:00,12.5541,12.8563,-0.3022
2021-06-12 00:00:00+00:00,12.8155,12.9671,-0.1516
2021-06-13 00:00:00+00:00,12.8625,13.0674,-0.2049
2021-06-14 00:00:00+00:00,13.2457,13.2383,0.0074
2021-06-15 00:00:00+00:00,13.1436,13.3410,-0.1974
2021-06-16 00:00:00+00:00,13.3095,13.4469,-0.1374
2021-06-17 00:00:00+00:00,13.3340,13.4746,-0.1406
2021-06-18 00:00:00+00:00,13.4310,13.4919,-0.0609
2021-06-19 00:00:00+00:00,13.3800,13.4941,-0.1141
2021-06-20 00:00:00+00:00,13.3976,13.5405,-0.1429
2021-06-21 00:00:00+00:00,13.5131,13.7438,-0.2307
2021-06-22 00:00:00+00:00,13.4708,13.8240,-0.3532
2021-06-23 00:00:00+00:00,13.5136,13.9294,-0.4158
2021-06-24 00:00:00+00:00,13.5426,13.8715,-0.3289
2021-06-25 00:00:00+00:00,13.4246,13.9800,-0.5554
2021-06-26 00:00:00+00:00,13.4090,13.9705,-0.5615
2021-06-27 00:00:00+00:00,13.5387,14.0667,-0.5280
2021-06-28 00:00:00+00:00,13.6444,14.1181,-0.4737
2021-06-29 00:00:00+00:00,13.6349,14.1470,-0.5121
2021-06-30 00:00:00+00:00,13.8016,14.2335,-0.4319
2021-07-01 00:00:00+00:00,13.8727,14.2683,-0.3956
2021-07-02 00:00:00+00:00,13.9676,14.2762,-0.3086
2021-07-03 00:00:00+00:00,13.9794,14.2960,-0.3166
2021-07-04 00:00:00+00:00,14.0390,14.3162,-0.2772
2021-07-05 00:00:00+00:00,14.1810,14.3524,-0.1714
2021-07-06 00:00:00+00:00,14.1694,14.3854,-0.2160
2021-07-07 00:00:00+00:00,14.2381,14.3966,-0.1585
2021-07-08 00:00:00+00:00,14.6149,14.5716,0.0433
2021-07-09 00:00:00+00:00,14.7815,14.6718,0.1097
2021-07-10 00:00:00+00:00,14.7815,14.7831,-0.0016
2021-07-11 00:00:00+00:00,14.9568,14.8795,0.0773
2021-07-12 00:00:00+00:00,14.9204,14.9390,-0.0186
2021-07-13 00:00:00+00:00,14.8842,14.9531,-0.0689
2021-07-14 00:00:00+00:00,14.9880,15.0423,-0.0543
2021-07-15 00:00:00+00:00,15.2642,15.1472,0.1170
2021-07-16 00:00:00+00:00,15.4730,15.1940,0.2790
2021-07-17 00:00:00+00:00,15.6933,15.3246,0.3687
2021-07-18 00:00:00+00:00,16.2138,15.4574,0.7564
2021-07-19 00:00:00+00:00,16.3853,15.5168,0.8685
2021-07-20 00:00:00+00:00,16.8122,15.6833,1.1289
2021-07-21 00:00:00+00:00,16.9724,15.7071,1.2653
2021-07-22 00:00:00+00:00,17.0679,15.7074,1.3605
2021-07-23 00:00:00+00:00,17.2259,15.7769,1.4490
2021-07-24 00:00:00+00:00,16.8842,15.8215,1.0627
2021-07-25 00:00:00+00:00,16.5341,15.8009,0.7332
2021-07-26 00:00:00+00:00,16.5284,15.8042,0.7242
2021-07-27 00:00:00+00:00,16.5023,15.8305,0.6718
2021-07-28 00:00:00+00:00,16.4815,15.5786,0.9029
2021-07-29 00:00:00+00:00,16.2533,15.0131,1.2402
2021-07-30 00:00:00+00:00,16.2574,14.9415,1.3159
2021-07-31 00:00:00+00:00,16.2127,14.8769,1.3358
2021-08-01 00:00:00+00:00,16.0676,15.1279,0.9397
2021-08-02 00:00:00+00:00,16.0470,15.3379,0.7091
2021-08-03 00:00:00+00:00,16.0089,15.3112,0.6977
2021-08-04 00:00:00+00:00,16.1021,15.3187,0.7834
2021-08-05 00:00:00+00:00,16.1995,15.5810,0.6185
2021-08-06 00:00:00+00:00,16.1481,15.8456,0.3025
2021-08-07 00:00:00+00:00,16.1140,15.7746,0.3394
2021-08-08 00:00:00+00:00,16.0944,15.8986,0.1958
2021-08-09 00:00:00+00:00,16.0142,15.9586,0.0556
2021-08-10 00:00:00+00:00,15.9632,16.0769,-0.1137
2021-08-11 00:00:00+00:00,15.9910,16.1913,-0.2003
2021-08-12 00:00:00+00:00,15.8990,16.2615,-0.3625
2021-08-13 00:00:00+00:00,15.8751,16.3278,-0.4527
2021-08-14 00:00:00+00:00,15.8714,16.3522,-0.4808
2021-08-15 00:00:00+00:00,15.4241,16.3089,-0.8848
2021-08-16 00:00:00+00:00,15.7854,16.3967,-0.6113
2021-08-17 00:00:00+00:00,15.7605,16.3843,-0.6238
2021-08-18 00:00:00+00:00,15.6763,16.3394,-0.6631
2021-08-19 00:00:00+00:00,15.8036,16.3301,-0.5265
2021-08-20 00:00:00+00:00,15.9747,16.3749,-0.4002
2021-08-21 00:00:00+00:00,15.9721,16.3601,-0.3880
2021-08-22 00:00:00+00:00,16.0746,16.4075,-0.3329
2021-08-23 00:00:00+00:00,16.0727,16.3818,-0.3091
2021-08-24 00:00:00+00:00,16.1651,16.4017,-0.2366
2021-08-25 00:00:00+00:00,16.3562,16.5158,-0.1596
2021-08-26 00:00:00+00:00,16.2425,16.5510,-0.3085
2021-08-27 00:00:00+00:00,16.3936,16.5997,-0.2061
2021-08-28 00:00:00+00:00,16.4003,16.5774,-0.1771
2021-08-29 00:00:00+00:00,16.3629,16.5787,-0.2158
2021-08-30 00:00:00+00:00,16.3774,16.5633,-0.1859
2021-08-31 00:00:00+00:00,16.4086,16.5462,-0.1376
2021-09-01 00:00:00+00:00,16.4028,16.5162,-0.1134
2021-09-02 00:00:00+00:00,16.3523,16.5274,-0.1751
2021-09-03 00:00:00+00:00,16.3473,16.5374,-0.1901
2021-09-04 00:00:00+00:00,16.2354,16.5448,-0.3094
2021-09-05 00:00:00+00:00,16.4276,16.5843,-0.1567
2021-09-06 00:00:00+00:00,16.3779,16.5257,-0.1478
2021-09-07 00:00:00+00:00,16.5877,16.6206,-0.0329
2021-09-08 00:00:00+00:00,16.8098,16.6846,0.1252
2021-09-09 00:00:00+00:00,16.8106,16.7400,0.0706
2021-09-10 00:00:00+00:00,16.7742,16.7812,-0.0070
2021-09-11 00:00:00+00:00,16.6685,16.7295,-0.0610
2021-09-12 00:00:00+00:00,16.6204,16.6575,-0.0371
2021-09-13 00:00:00+00:00,16.6337,16.5746,0.0591
2021-09-14 00:00:00+00:00,16.6777,16.5783,0.0994
2021-09-15 00:00:00+00:00,16.5313,16.4955,0.0358
2021-09-16 00:00:00+00:00,16.6017,16.4592,0.1425
2021-09-17 00:00:00+00:00,16.5350,16.4716,0.0634
2021-09-18 00:00:00+00:00,16.4469,16.4223,0.0246
2021-09-19 00:00:00+00:00,16.4608,16.4002,0.0606
2021-09-20 00:00:00+00:00,16.2770,16.3429,-0.0659
2021-09-21 00:00:00+00:00,16.1919,16.2449,-0.0530
2021-09-22 00:00:00+00:00,16.0614,15.9689,0.0925
2021-09-23 00:00:00+00:00,16.2870,16.0839,0.2031
2021-09-24 00:00:00+00:00,16.4222,16.0943,0.3279
2021-09-25 00:00:00+00:00,16.3872,16.0119,0.3753
2021-09-26 00:00:00+00:00,16.4258,16.0312,0.3946
2021-09-27 00:00:00+00:00,16.4220,15.9783,0.4437
2021-09-28 00:00:00+00:00,16.3005,15.8951,0.4054
2021-09-29 00:00:00+00:00,16.1276,15.8388,0.2888
2021-09-30 00:00:00+00:00,16.0977,15.7884,0.3093
2021-10-01 00:00:00+00:00,16.0488,15.7394,0.3094
2021-10-02 00:00:00+00:00,15.9496,15.7051,0.2445
2021-10-03 00:00:00+00:00,15.7090,15.6297,0.0793
2021-10-04 00:00:00+00:00,15.6297,15.6318,-0.0021
2021-10-05 00:00:00+00:00,15.5726,15.5867,-0.0141
2021-10-06 00:00:00+00:00,15.5814,15.5067,0.0747
2021-10-07 00:00:00+00:00,15.4907,15.4257,0.0650
2021-10-08 00:00:00+00:00,15.4380,15.3885,0.0495
2021-10-09 00:00:00+00:00,15.3782,15.3399,0.0383
2021-10-10 00:00:00+00:00,15.3212,15.2426,0.0786
2021-10-11 00:00:00+00:00,15.1383,15.1428,-0.0045
2021-10-12 00:00:00+00:00,15.2703,15.1461,0.1242
2021-10-13 00:00:00+00:00,15.2307,15.1267,0.1040
2021-10-14 00:00:00+00:00,15.2603,15.1025,0.1578
2021-10-15 00:00:00+00:00,15.2277,15.0470,0.1807
2021-10-16 00:00:00+00:00,15.1426,14.9869,0.1557
2021-10-17 00:00:00+00:00,15.1382,14.9406,0.1976
2021-10-18 00:00:00+00:00,15.1365,14.8917,0.2448
2021-10-19 00:00:00+00:00,15.1208,14.8580,0.2628
2021-10-20 00:00:00+00:00,15.0849,14.7802,0.3047
2021-10-21 00:00:00+00:00,15.0289,14.7280,0.3009
2021-10-22 00:00:00+00:00,14.9737,14.6744,0.2993
2021-10-23 00:00:00+00:00,14.8049,14.6031,0.2018
2021-10-24 00:00:00+00:00,14.8020,14.5596,0.2424
2021-10-25 00:00:00+00:00,14.6932,14.4981,0.1951
2021-10-26 00:00:00+00:00,14.6803,14.4778,0.2025
2021-10-27 00:00:00+00:00,14.6624,14.4179,0.2445
2021-10-28 00:00:00+00:00,14.6416,14.4077,0.2339
2021-10-29 00:00:00+00:00,14.6397,14.3330,0.3067
2021-10-30 00:00:00+00:00,14.6026,14.3036,0.2990
2021-10-31 00:00:00+00:00,14.5382,14.2766,0.2616
2021-11-01 00:00:00+00:00,14.3808,14.2338,0.1470
2021-11-02 00:00:00+00:00,14.1332,14.1372,-0.0040
2021-11-03 00:00:00+00:00,14.0428,14.0115,0.0313
2021-11-04 00:00:00+00:00,13.9597,13.9013,0.0584
2021-11-05 00:00:00+00:00,13.8878,13.8367,0.0511
2021-11-06 00:00:00+00:00,13.8793,13.7465,0.1328
2021-11-07 00:00:00+00:00,13.7116,13.6865,0.0251
2021-11-08 00:00:00+00:00,13.6655,13.6188,0.0467
2021-11-09 00:00:00+00:00,13.5957,13.5203,0.0754
2021-11-10 00:00:00+00:00,13.5882,13.4716,0.1166
2021-11-11 00:00:00+00:00,13.4838,13.4075,0.0763
2021-11-12 00:00:00+00:00,13.4561,13.3405,0.1156
2021-11-13 00:00:00+00:00,13.4289,13.2550,0.1739
2021-11-14 00:00:00+00:00,13.3904,13.2115,0.1789
2021-11-15 00:00:00+00:00,13.3797,13.1616,0.2181
2021-11-16 00:00:00+00:00,13.3463,13.1267,0.2196
2021-11-17 00:00:00+00:00,13.3589,13.0981,0.2608
2021-11-18 00:00:00+00:00,13.5434,13.0664,0.4770
2021-11-19 00:00:00+00:00,13.4275,12.9437,0.4838
2021-11-20 00:00:00+00:00,13.4083,12.9206,0.4877
2021-11-21 00:00:00+00:00,13.2324,12.8644,0.3680
2021-11-22 00:00:00+00:00,13.1571,12.8005,0.3566
2021-11-23 00:00:00+00:00,12.9976,12.7116,0.2860
2021-11-24 00:00:00+00:00,12.9091,12.6332,0.2759
2021-11-25 00:00:00+00:00,12.7523,12.5488,0.2035
2021-11-26 00:00:00+00:00,12.7347,12.5119,0.2228
2021-11-27 00:00:00+00:00,12.5459,12.4406,0.1053
2021-11-28 00:00:00+00:00,12.4793,12.3515,0.1278
2021-11-29 00:00:00+00:00,12.2447,12.2423,0.0024
2021-11-30 00:00:00+00:00,12.2328,12.1638,0.0690
2021-12-01 00:00:00+00:00,12.1301,12.0555,0.0746
2021-12-02 00:00:00+00:00,11.9137,11.9481,-0.0344
2021-12-03 00:00:00+00:00,11.8924,11.8878,0.0046
2021-12-04 00:00:00+00:00,11.7403,11.8539,-0.1136
2021-12-05 00:00:00+00:00,11.5197,11.7704,-0.2507
2021-12-06 00:00:00+00:00,11.5228,11.6583,-0.1355
2021-12-07 00:00:00+00:00,11.3971,11.5400,-0.1429
2021-12-08 00:00:00+00:00,11.2481,11.4152,-0.1671
2021-12-09 00:00:00+00:00,11.1241,11.2983,-0.1742
2021-12-10 00:00:00+00:00,10.9423,11.2204,-0.2781
2021-12-11 00:00:00+00:00,10.9007,11.1710,-0.2703
2021-12-12 00:00:00+00:00,10.8543,11.1182,-0.2639
2021-12-13 00:00:00+00:00,10.9311,11.1192,-0.1881
2021-12-14 00:00:00+00:00,10.6236,10.9769,-0.3533
2021-12-15 00:00:00+00:00,10.5736,10.9071,-0.3335
2021-12-16 00:00:00+00:00,10.5720,10.7210,-0.1490
2021-12-17 00:00:00+00:00,10.6314,10.6830,-0.0516
2021-12-18 00:00:00+00:00,10.6954,10.6730,0.0224
2021-12-19 00:00:00+00:00,10.7564,10.6795,0.0769
2021-12-20 00:00:00+00:00,10.6714,10.6572,0.0142
2021-12-21 00:00:00+00:00,10.6300,10.6119,0.0181
2021-12-22 00:00:00+00:00,10.5154,10.5833,-0.0679
2021-12-23 00:00:00+00:00,10.4987,10.5473,-0.0486
2021-12-24 00:00:00+00:00,10.3764,10.4879,-0.1115
2021-12-25 00:00:00+00:00,10.3883,10.4593,-0.0710
2021-12-26 00:00:00+00:00,10.3659,10.4402,-0.0743
2021-12-27 00:00:00+00:00,10.3610,10.4094,-0.0484
2021-12-28 00:00:00+00:00,10.3181,10.3642,-0.0461
2021-12-29 00:00:00+00:00,10.3215,10.3615,-0.0400
2021-12-30 00:00:00+00:00,10.4136,10.3790,0.0346
2021-12-31 00:00:00+00:00,10.4041,10.3454,0.0587
2022-01-01 00:00:00+00:00,10.5421,10.1631,0.3790
2022-01-02 00:00:00+00:00,10.5466,10.1401,0.4065
2022-01-03 00:00:00+00:00,10.4420,10.0855,0.3565
2022-01-04 00:00:00+00:00,10.4062,10.0623,0.3439
2022-01-05 00:00:00+00:00,10.2617,10.0171,0.2446
2022-01-06 00:00:00+00:00,10.2154,9.9840,0.2314
2022-01-07 00:00:00+00:00,10.0771,9.9166,0.1605
2022-01-08 00:00:00+00:00,10.0735,9.8604,0.2131
2022-01-09 00:00:00+00:00,9.9609,9.7757,0.1852
2022-01-10 00:00:00+00:00,9.9574,9.7429,0.2145
2022-01-11 00:00:00+00:00,9.8683,9.7183,0.1500
2022-01-12 00:00:00+00:00,9.6778,9.6624,0.0154
2022-01-13 00:00:00+00:00,9.6756,9.6391,0.0365
2022-01-14 00:00:00+00:00,9.5742,9.6015,-0.0273
2022-01-15 00:00:00+00:00,9.5631,9.5726,-0.0095
2022-01-16 00:00:00+00:00,9.5696,9.5290,0.0406
2022-01-17 00:00:00+00:00,9.4623,9.4413,0.0210
2022-01-18 00:00:00+00:00,9.4930,9.3759,0.1171
2022-01-19 00:00:00+00:00,9.5528,9.3542,0.1986
2022-01-20 00:00:00+00:00,9.5567,9.3125,0.2442
2022-01-21 00:00:00+00:00,9.4640,9.2821,0.1819
2022-01-22 00:00:00+00:00,9.4647,9.2261,0.2386
2022-01-23 00:00:00+00:00,9.4627,9.1722,0.2905
2022-01-24 00:00:00+00:00,9.4397,9.1329,0.3068
2022-01-25 00:00:00+00:00,9.4375,9.0917,0.3458
2022-01-26 00:00:00+00:00,9.3114,9.1019,0.2095
2022-01-27 00:00:00+00:00,9.2767,9.0843,0.1924
2022-01-28 00:00:00+00:00,9.2379,9.0016,0.2363
2022-01-29 00:00:00+00:00,9.1560,8.9679,0.1881
2022-01-30 00:00:00+00:00,9.2529,9.0272,0.2257
2022-01-31 00:00:00+00:00,9.3188,8.9814,0.3374
2022-02-01 00:00:00+00:00,9.2089,8.9588,0.2501
2022-02-02 00:00:00+00:00,9.3491,8.9492,0.3999
2022-02-03 00:00:00+00:00,9.2380,8.8239,0.4141
2022-02-04 00:00:00+00:00,9.2310,8.8257,0.4053
2022-02-05 00:00:00+00:00,9.2049,8.9498,0.2551
2022-02-06 00:00:00+00:00,9.2020,8.8718,0.3302
2022-02-07 00:00:00+00:00,9.2106,8.8232,0.3874
2022-02-08 00:00:00+00:00,9.1998,8.8151,0.3847
2022-02-09 00:00:00+00:00,9.1741,8.7523,0.4218
2022-02-10 00:00:00+00:00,9.0443,8.6975,0.3468
2022-02-11 00:00:00+00:00,9.0518,8.6198,0.4320
2022-02-12 00:00:00+00:00,9.0267,8.5906,0.4361
2022-02-13 00:00:00+00:00,9.0235,8.6164,0.4071
2022-02-14 00:00:00+00:00,8.9908,8.5634,0.4274
2022-02-15 00:00:00+00:00,9.0791,8.5576,0.5215
2022-02-16 00:00:00+00:00,8.9575,8.4999,0.4576
2022-02-17 00:00:00+00:00,9.0386,8.4899,0.5487
2022-02-18 00:00:00+00:00,9.0036,8.4971,0.5065
2022-02-19 00:00:00+00:00,8.8553,8.5152,0.3401
2022-02-20 00:00:00+00:00,8.8532,8.4581,0.3951
2022-02-21 00:00:00+00:00,8.7610,8.3927,0.3683
2022-02-22 00:00:00+00:00,8.7412,8.4095,0.3317
2022-02-23 00:00:00+00:00,8.8992,8.4707,0.4285
2022-02-24 00:00:00+00:00,8.8394,8.4832,0.3562
2022-02-25 00:00:00+00:00,8.5286,8.4873,0.0413
2022-02-26 00:00:00+00:00,8.6034,8.5367,0.0667
2022-02-27 00:00:00+00:00,8.7583,8.5787,0.1796
2022-02-28 00:00:00+00:00,8.6977,8.5577,0.1400
2022-03-01 00:00:00+00:00,8.6203,8.5389,0.0814
2022-03-02 00:00:00+00:00,8.5869,8.4663,0.1206
2022-03-03 00:00:00+00:00,8.5727,8.3573,0.2154
2022-03-04 00:00:00+00:00,8.5290,8.3423,0.1867
2022-03-05 00:00:00+00:00,8.5320,8.3477,0.1843
2022-03-06 00:00:00+00:00,8.5711,8.3029,0.2682
2022-03-07 00:00:00+00:00,8.5833,8.2842,0.2991
2022-03-08 00:00:00+00:00,8.4451,8.2597,0.1854
2022-03-09 00:00:00+00:00,8.5223,8.2808,0.2415
2022-03-10 00:00:00+00:00,8.4889,8.2509,0.2380
2022-03-11 00:00:00+00:00,8.4402,8.1901,0.2501
2022-03-12 00:00:00+00:00,8.4171,8.2014,0.2157
2022-03-13 00:00:00+00:00,8.3407,8.1635,0.1772
2022-03-14 00:00:00+00:00,8.5244,8.1085,0.4159
2022-03-15 00:00:00+00:00,8.6444,8.0826,0.5618
2022-03-16 00:00:00+00:00,8.6415,8.1067,0.5348
2022-03-17 00:00:00+00:00,8.6150,8.2347,0.3803
2022-03-18 00:00:00+00:00,8.5560,8.2492,0.3068
2022-03-19 00:00:00+00:00,9.0203,8.3501,0.6702
2022-03-20 00:00:00+00:00,8.9034,8.2897,0.6137
2022-03-21 00:00:00+00:00,8.6520,8.2557,0.3963
2022-03-22 00:00:00+00:00,8.6673,8.2403,0.4270
2022-03-23 00:00:00+00:00,8.8313,8.3484,0.4829
2022-03-24 00:00:00+00:00,8.9414,8.4929,0.4485
2022-03-25 00:00:00+00:00,9.1084,8.5759,0.5325
2022-03-26 00:00:00+00:00,9.0955,8.6203,0.4752
2022-03-27 00:00:00+00:00,9.2439,8.7594,0.4845
2022-03-28 00:00:00+00:00,9.3513,8.8016,0.5497
2022-03-29 00:00:00+00:00,9.2735,8.7748,0.4987
2022-03-30 00:00:00+00:00,9.3322,8.7809,0.5513
2022-03-31 00:00:00+00:00,9.2273,8.7563,0.4710
2022-04-01 00:00:00+00:00,9.0328,8.7341,0.2987
2022-04-02 00:00:00+00:00,8.9867,8.7349,0.2518
2022-04-03 00:00:00+00:00,8.9474,8.8557,0.0917
2022-04-04 00:00:00+00:00,8.9438,8.8335,0.1103
2022-04-05 00:00:00+00:00,8.9907,8.8628,0.1279
2022-04-06 00:00:00+00:00,9.0077,8.8561,0.1516
2022-04-07 00:00:00+00:00,9.1537,8.9272,0.2265
2022-04-08 00:00:00+00:00,9.0266,8.8998,0.1268
2022-04-09 00:00:00+00:00,9.0670,8.9070,0.1600
2022-04-10 00:00:00+00:00,9.0280,8.9240,0.1040
2022-04-11 00:00:00+00:00,8.9923,8.9233,0.0690
2022-04-12 00:00:00+00:00,9.1178,8.9452,0.1726
2022-04-13 00:00:00+00:00,9.1277,8.9658,0.1619
2022-04-14 00:00:00+00:00,9.3332,9.0635,0.2697
2022-04-15 00:00:00+00:00,9.3518,9.1549,0.1969
2022-04-16 00:00:00+00:00,9.4622,9.2298,0.2324
2022-04-17 00:00:00+00:00,9.3073,9.1679,0.1394
2022-04-18 00:00:00+00:00,9.5497,9.2661,0.2836
2022-04-19 00:00:00+00:00,9.6229,9.2736,0.3493
2022-04-20 00:00:00+00:00,9.8149,9.3181,0.4968
2022-04-21 00:00:00+00:00,9.9311,9.3987,0.5324
2022-04-22 00:00:00+00:00,10.0402,9.5780,0.4622
2022-04-23 00:00:00+00:00,10.0665,9.5925,0.4740
2022-04-24 00:00:00+00:00,10.0342,9.5913,0.4429
2022-04-25 00:00:00+00:00,10.1434,9.6539,0.4895
2022-04-26 00:00:00+00:00,10.2069,9.7433,0.4636
2022-04-27 00:00:00+00:00,10.2477,9.7066,0.5411
2022-04-28 00:00:00+00:00,10.0871,9.6359,0.4512
2022-04-29 00:00:00+00:00,10.1874,9.7142,0.4732
2022-04-30 00:00:00+00:00,10.0887,9.6892,0.3995
2022-05-01 00:00:00+00:00,10.0858,9.8141,0.2717
2022-05-02 00:00:00+00:00,10.2340,9.9211,0.3129
2022-05-03 00:00:00+00:00,10.3061,9.9815,0.3246
2022-05-04 00:00:00+00:00,10.5058,10.0558,0.4500
2022-05-05 00:00:00+00:00,10.7116,10.1415,0.5701
2022-05-06 00:00:00+00:00,10.5444,10.1141,0.4303
2022-05-07 00:00:00+00:00,10.7717,10.2477,0.5240
2022-05-08 00:00:00+00:00,10.8567,10.2415,0.6152
2022-05-09 00:00:00+00:00,10.6625,10.2330,0.4295
2022-05-10 00:00:00+00:00,10.6767,10.3644,0.3123
2022-05-11 00:00:00+00:00,10.7104,10.4074,0.3030
2022-05-12 00:00:00+00:00,11.1145,10.6178,0.4967
2022-05-13 00:00:00+00:00,11.0469,10.6761,0.3708
2022-05-14 00:00:00+00:00,11.2866,10.7901,0.4965
2022-05-15 00:00:00+00:00,11.3907,10.8783,0.5124
2022-05-16 00:00:00+00:00,11.4092,10.9195,0.4897
2022-05-17 00:00:00+00:00,11.5427,11.0135,0.5292
2022-05-18 00:00:00+00:00,11.4615,11.0155,0.4460
2022-05-19 00:00:00+00:00,11.6122,11.1109,0.5013
2022-05-20 00:00:00+00:00,11.5770,11.1476,0.4294
2022-05-21 00:00:00+00:00,11.8322,11.3126,0.5196
2022-05-22 00:00:00+00:00,11.7414,11.3432,0.3982
2022-05-23 00:00:00+00:00,11.9261,11.3647,0.5614
2022-05-24 00:00:00+00:00,12.0456,11.4000,0.6456
2022-05-25 00:00:00+00:00,12.0300,11.4849,0.5451
2022-05-26 00:00:00+00:00,12.2309,11.5451,0.6858
2022-05-27 00:00:00+00:00,12.3385,11.7787,0.5598
2022-05-28 00:00:00+00:00,12.1986,11.7372,0.4614
2022-05-29 00:00:00+00:00,12.3392,11.8112,0.5280
2022-05-30 00:00:00+00:00,12.4167,12.0358,0.3809
2022-05-31 00:00:00+00:00,12.4340,12.1496,0.2844
2022-06-01 00:00:00+00:00,12.5057,12.2879,0.2178
2022-06-02 00:00:00+00:00,12.7380,12.4130,0.3250
2022-06-03 00:00:00+00:00,12.8426,12.5052,0.3374
2022-06-04 00:00:00+00:00,12.9641,12.5006,0.4635
2022-06-05 00:00:00+00:00,12.9502,12.5862,0.3640
2022-06-06 00:00:00+00:00,12.9365,12.6408,0.2957
2022-06-07 00:00:00+00:00,13.2403,12.7866,0.4537
2022-06-08 00:00:00+00:00,12.9573,12.7226,0.2347
2022-06-09 00:00:00+00:00,13.0840,12.8391,0.2449
2022-06-10 00:00:00+00:00,13.0777,12.8305,0.2472
2022-06-11 00:00:00+00:00,13.1367,12.8563,0.2804
2022-06-12 00:00:00+00:00,13.1828,12.9671,0.2157
2022-06-13 00:00:00+00:00,13.2969,13.0674,0.2295
2022-06-14 00:00:00+00:00,13.3318,13.2383,0.0935
2022-06-15 00:00:00+00:00,13.5083,13.3410,0.1673
2022-06-16 00:00:00+00:00,13.6624,13.4469,0.2155
2022-06-17 00:00:00+00:00,13.7863,13.4746,0.3117
2022-06-18 00:00:00+00:00,13.6053,13.4919,0.1134
2022-06-19 00:00:00+00:00,13.5293,13.4941,0.0352
2022-06-20 00:00:00+00:00,13.6189,13.5405,0.0784
2022-06-21 00:00:00+00:00,13.8807,13.7438,0.1369
2022-06-22 00:00:00+00:00,14.1517,13.8240,0.3277
2022-06-23 00:00:00+00:00,14.5873,13.9294,0.6579
2022-06-24 00:00:00+00:00,14.4132,13.8715,0.5417
2022-06-25 00:00:00+00:00,14.2818,13.9800,0.3018
2022-06-26 00:00:00+00:00,14.2137,13.9705,0.2432
2022-06-27 00:00:00+00:00,14.2052,14.0667,0.1385
2022-06-28 00:00:00+00:00,14.2158,14.1181,0.0977
2022-06-29 00:00:00+00:00,14.2039,14.1470,0.0569
2022-06-30 00:00:00+00:00,14.1881,14.2335,-0.0454
2022-07-01 00:00:00+00:00,14.3364,14.2683,0.0681
2022-07-02 00:00:00+00:00,14.3619,14.2762,0.0857
2022-07-03 00:00:00+00:00,14.4149,14.2960,0.1189
2022-07-04 00:00:00+00:00,14.4935,14.3162,0.1773
2022-07-05 00:00:00+00:00,14.5130,14.3524,0.1606
2022-07-06 00:00:00+00:00,14.5896,14.3854,0.2042
2022-07-07 00:00:00+00:00,14.7768,14.3966,0.3802
2022-07-08 00:00:00+00:00,15.0968,14.5716,0.5252
2022-07-09 00:00:00+00:00,15.3391,14.6718,0.6673
2022-07-10 00:00:00+00:00,15.5067,14.7831,0.7236
2022-07-11 00:00:00+00:00,15.6655,14.8795,0.7860
2022-07-12 00:00:00+00:00,15.6491,14.9390,0.7101
2022-07-13 00:00:00+00:00,15.7914,14.9531,0.8383
2022-07-14 00:00:00+00:00,15.7222,15.0423,0.6799
2022-07-15 00:00:00+00:00,15.7128,15.1472,0.5656
2022-07-16 00:00:00+00:00,15.7174,15.1940,0.5234
2022-07-17 00:00:00+00:00,15.9238,15.3246,0.5992
2022-07-18 00:00:00+00:00,16.1055,15.4574,0.6481
2022-07-19 00:00:00+00:00,16.1785,15.5168,0.6617
2022-07-20 00:00:00+00:00,16.2731,15.6833,0.5898
2022-07-21 00:00:00+00:00,16.0617,15.7071,0.3546
2022-07-22 00:00:00+00:00,16.0336,15.7074,0.3262
2022-07-23 00:00:00+00:00,16.2963,15.7769,0.5194
2022-07-24 00:00:00+00:00,16.3190,15.8215,0.4975
2022-07-25 00:00:00+00:00,16.2296,15.8009,0.4287
2022-07-26 00:00:00+00:00,16.1834,15.8042,0.3792
2022-07-27 00:00:00+00:00,16.3084,15.8305,0.4779
2022-07-28 00:00:00+00:00,16.3313,15.5786,0.7527
2022-07-29 00:00:00+00:00,16.4307,15.0131,1.4176
2022-07-30 00:00:00+00:00,16.3606,14.9415,1.4191
2022-07-31 00:00:00+00:00,16.3549,14.8769,1.4780
2022-08-01 00:00:00+00:00,16.2715,15.1279,1.1436
2022-08-02 00:00:00+00:00,16.2690,15.3379,0.9311
2022-08-03 00:00:00+00:00,16.2040,15.3112,0.8928
2022-08-04 00:00:00+00:00,16.3781,15.3187,1.0594
2022-08-05 00:00:00+00:00,16.4727,15.5810,0.8917
2022-08-06 00:00:00+00:00,16.5649,15.8456,0.7193
2022-08-07 00:00:00+00:00,16.7237,15.7746,0.9491
2022-08-08 00:00:00+00:00,16.8239,15.8986,0.9253
2022-08-09 00:00:00+00:00,17.0050,15.9586,1.0464
2022-08-10 00:00:00+00:00,17.1901,16.0769,1.1132
2022-08-11 00:00:00+00:00,17.5720,16.1913,1.3807
2022-08-12 00:00:00+00:00,17.4096,16.2615,1.1481
2022-08-13 00:00:00+00:00,17.5000,16.3278,1.1722
2022-08-14 00:00:00+00:00,17.5291,16.3522,1.1769
2022-08-15 00:00:00+00:00,17.4690,16.3089,1.1601
2022-08-16 00:00:00+00:00,17.3542,16.3967,0.9575
2022-08-17 00:00:00+00:00,17.0511,16.3843,0.6668
2022-08-18 00:00:00+00:00,16.9803,16.3394,0.6409
2022-08-19 00:00:00+00:00,16.9459,16.3301,0.6158
2022-08-20 00:00:00+00:00,17.0240,16.3749,0.6491
2022-08-21 00:00:00+00:00,17.0411,16.3601,0.6810
2022-08-22 00:00:00+00:00,17.0720,16.4075,0.6645
2022-08-23 00:00:00+00:00,17.0247,16.3818,0.6429
2022-08-24 00:00:00+00:00,17.0273,16.4017,0.6256
2022-08-25 00:00:00+00:00,17.1246,16.5158,0.6088
2022-08-26 00:00:00+00:00,17.1571,16.5510,0.6061
2022-08-27 00:00:00+00:00,17.1779,16.5997,0.5782
2022-08-28 00:00:00+00:00,17.1922,16.5774,0.6148
2022-08-29 00:00:00+00:00,17.2750,16.5787,0.6963
2022-08-30 00:00:00+00:00,17.2459,16.5633,0.6826
2022-08-31 00:00:00+00:00,17.1504,16.5462,0.6042
2022-09-01 00:00:00+00:00,17.0415,16.5162,0.5253
2022-09-02 00:00:00+00:00,17.0769,16.5274,0.5495
2022-09-03 00:00:00+00:00,17.0670,16.5374,0.5296
2022-09-04 00:00:00+00:00,17.0375,16.5448,0.4927
2022-09-05 00:00:00+00:00,16.9545,16.5843,0.3702
2022-09-06 00:00:00+00:00,16.9290,16.5257,0.4033
2022-09-07 00:00:00+00:00,17.0342,16.6206,0.4136
2022-09-08 00:00:00+00:00,17.1301,16.6846,0.4455
2022-09-09 00:00:00+00:00,17.2415,16.7400,0.5015
2022-09-10 00:00:00+00:00,17.1116,16.7812,0.3304
2022-09-11 00:00:00+00:00,17.0888,16.7295,0.3593
2022-09-12 00:00:00+00:00,17.0614,16.6575,0.4039
2022-09-13 00:00:00+00:00,16.9853,16.5746,0.4107
2022-09-14 00:00:00+00:00,16.8100,16.5783,0.2317
2022-09-15 00:00:00+00:00,16.7637,16.4955,0.2682
2022-09-16 00:00:00+00:00,16.6580,16.4592,0.1988
2022-09-17 00:00:00+00:00,16.5152,16.4716,0.0436
2022-09-18 00:00:00+00:00,16.4453,16.4223,0.0230
2022-09-19 00:00:00+00:00,16.4862,16.4002,0.0860
2022-09-20 00:00:00+00:00,16.5101,16.3429,0.1672
2022-09-21 00:00:00+00:00,16.4864,16.2449,0.2415
2022-09-22 00:00:00+00:00,16.2769,15.9689,0.3080
2022-09-23 00:00:00+00:00,16.2404,16.0839,0.1565
2022-09-24 00:00:00+00:00,16.2627,16.0943,0.1684
2022-09-25 00:00:00+00:00,16.2361,16.0119,0.2242
2022-09-26 00:00:00+00:00,16.1669,16.0312,0.1357
2022-09-27 00:00:00+00:00,16.0270,15.9783,0.0487
2022-09-28 00:00:00+00:00,15.8909,15.8951,-0.0042
2022-09-29 00:00:00+00:00,15.8250,15.8388,-0.0138
2022-09-30 00:00:00+00:00,15.6805,15.7884,-0.1079
2022-10-01 00:00:00+00:00,15.6402,15.7394,-0.0992
2022-10-02 00:00:00+00:00,15.6080,15.7051,-0.0971
2022-10-03 00:00:00+00:00,15.6167,15.6297,-0.0130
2022-10-04 00:00:00+00:00,15.6201,15.6318,-0.0117
2022-10-05 00:00:00+00:00,15.6350,15.5867,0.0483
2022-10-06 00:00:00+00:00,15.4421,15.5067,-0.0646
2022-10-07 00:00:00+00:00,15.3527,15.4257,-0.0730
2022-10-08 00:00:00+00:00,15.2336,15.3885,-0.1549
2022-10-09 00:00:00+00:00,15.2991,15.3399,-0.0408
2022-10-10 00:00:00+00:00,15.1848,15.2426,-0.0578
2022-10-11 00:00:00+00:00,14.9997,15.1428,-0.1431
2022-10-12 00:00:00+00:00,14.9746,15.1461,-0.1715
2022-10-13 00:00:00+00:00,14.8990,15.1267,-0.2277
2022-10-14 00:00:00+00:00,14.9505,15.1025,-0.1520
2022-10-15 00:00:00+00:00,14.9604,15.0470,-0.0866
2022-10-16 00:00:00+00:00,14.8339,14.9869,-0.1530
2022-10-17 00:00:00+00:00,14.7165,14.9406,-0.2241
2022-10-18 00:00:00+00:00,14.6783,14.8917,-0.2134
2022-10-19 00:00:00+00:00,14.6992,14.8580,-0.1588
2022-10-20 00:00:00+00:00,14.6670,14.7802,-0.1132
2022-10-21 00:00:00+00:00,14.7002,14.7280,-0.0278
2022-10-22 00:00:00+00:00,14.6568,14.6744,-0.0176
2022-10-23 00:00:00+00:00,14.6547,14.6031,0.0516
2022-10-24 00:00:00+00:00,14.5495,14.5596,-0.0101
2022-10-25 00:00:00+00:00,14.6846,14.4981,0.1865
2022-10-26 00:00:00+00:00,14.6901,14.4778,0.2123
2022-10-27 00:00:00+00:00,14.6458,14.4179,0.2279
2022-10-28 00:00:00+00:00,14.6518,14.4077,0.2441
2022-10-29 00:00:00+00:00,14.5732,14.3330,0.2402
2022-10-30 00:00:00+00:00,14.5800,14.3036,0.2764
2022-10-31 00:00:00+00:00,14.6238,14.2766,0.3472
2022-11-01 00:00:00+00:00,14.5921,14.2338,0.3583
2022-11-02 00:00:00+00:00,14.4730,14.1372,0.3358
2022-11-03 00:00:00+00:00,14.3881,14.0115,0.3766
2022-11-04 00:00:00+00:00,14.3142,13.9013,0.4129
2022-11-05 00:00:00+00:00,14.3172,13.8367,0.4805
2022-11-06 00:00:00+00:00,14.1813,13.7465,0.4348
2022-11-07 00:00:00+00:00,14.2348,13.6865,0.5483
2022-11-08 00:00:00+00:00,14.0578,13.6188,0.4390
2022-11-09 00:00:00+00:00,14.0309,13.5203,0.5106
2022-11-10 00:00:00+00:00,13.9684,13.4716,0.4968
2022-11-11 00:00:00+00:00,13.9863,13.4075,0.5788
2022-11-12 00:00:00+00:00,13.9383,13.3405,0.5978
2022-11-13 00:00:00+00:00,13.8342,13.2550,0.5792
2022-11-14 00:00:00+00:00,13.8176,13.2115,0.6061
2022-11-15 00:00:00+00:00,13.7856,13.1616,0.6240
2022-11-16 00:00:00+00:00,13.7286,13.1267,0.6019
2022-11-17 00:00:00+00:00,13.6853,13.0981,0.5872
2022-11-18 00:00:00+00:00,13.5842,13.0664,0.5178
2022-11-19 00:00:00+00:00,13.4635,12.9437,0.5198
2022-11-20 00:00:00+00:00,13.3546,12.9206,0.4340
2022-11-21 00:00:00+00:00,13.3247,12.8644,0.4603
2022-11-22 00:00:00+00:00,13.2203,12.8005,0.4198
2022-11-23 00:00:00+00:00,13.1668,12.7116,0.4552
2022-11-24 00:00:00+00:00,12.9866,12.6332,0.3534
2022-11-25 00:00:00+00:00,12.8781,12.5488,0.3293
2022-11-26 00:00:00+00:00,12.8716,12.5119,0.3597
2022-11-27 00:00:00+00:00,12.8616,12.4406,0.4210
2022-11-28 00:00:00+00:00,12.7691,12.3515,0.4176
2022-11-29 00:00:00+00:00,12.6864,12.2423,0.4441
2022-11-30 00:00:00+00:00,12.6454,12.1638,0.4816
2022-12-01 00:00:00+00:00,12.6382,12.0555,0.5827
2022-12-02 00:00:00+00:00,12.6151,11.9481,0.6670
2022-12-03 00:00:00+00:00,12.5057,11.8878,0.6179
2022-12-04 00:00:00+00:00,12.4203,11.8539,0.5664
2022-12-05 00:00:00+00:00,12.3461,11.7704,0.5757
2022-12-06 00:00:00+00:00,12.2608,11.6583,0.6025
2022-12-07 00:00:00+00:00,12.0083,11.5400,0.4683
2022-12-08 00:00:00+00:00,11.8615,11.4152,0.4463
2022-12-09 00:00:00+00:00,11.6881,11.2983,0.3898
2022-12-10 00:00:00+00:00,11.6024,11.2204,0.3820
2022-12-11 00:00:00+00:00,11.5170,11.1710,0.3460
2022-12-12 00:00:00+00:00,11.4060,11.1182,0.2878
2022-12-13 00:00:00+00:00,11.3859,11.1192,0.2667
2022-12-14 00:00:00+00:00,11.2601,10.9769,0.2832
2022-12-15 00:00:00+00:00,11.0343,10.9071,0.1272
2022-12-16 00:00:00+00:00,10.8810,10.7210,0.1600
2022-12-17 00:00:00+00:00,10.8686,10.6830,0.1856
2022-12-18 00:00:00+00:00,10.8592,10.6730,0.1862
2022-12-19 00:00:00+00:00,10.8667,10.6795,0.1872
2022-12-20 00:00:00+00:00,10.7006,10.6572,0.0434
2022-12-21 00:00:00+00:00,10.6349,10.6119,0.0230
2022-12-22 00:00:00+00:00,10.5262,10.5833,-0.0571
2022-12-23 00:00:00+00:00,10.5239,10.5473,-0.0234
2022-12-24 00:00:00+00:00,10.4670,10.4879,-0.0209
2022-12-25 00:00:00+00:00,10.4549,10.4593,-0.0044
2022-12-26 00:00:00+00:00,10.4678,10.4402,0.0276
2022-12-27 00:00:00+00:00,10.4575,10.4094,0.0481
2022-12-28 00:00:00+00:00,10.3901,10.3642,0.0259
2022-12-29 00:00:00+00:00,10.3855,10.3615,0.0240
2022-12-30 00:00:00+00:00,10.3692,10.3790,-0.0098
2022-12-31 00:00:00+00:00,10.3666,10.3454,0.0212
2023-01-01 00:00:00+00:00,10.3544,10.1631,0.1913
2023-01-02 00:00:00+00:00,10.2820,10.1401,0.1419
2023-01-03 00:00:00+00:00,10.2504,10.0855,0.1649
2023-01-04 00:00:00+00:00,10.3126,10.0623,0.2503
2023-01-05 00:00:00+00:00,10.2853,10.0171,0.2682
2023-01-06 00:00:00+00:00,10.2902,9.9840,0.3062
2023-01-07 00:00:00+00:00,10.2885,9.9166,0.3719
2023-01-08 00:00:00+00:00,10.1611,9.8604,0.3007
2023-01-09 00:00:00+00:00,10.1123,9.7757,0.3366
2023-01-10 00:00:00+00:00,10.1088,9.7429,0.3659
2023-01-11 00:00:00+00:00,10.0951,9.7183,0.3768
2023-01-12 00:00:00+00:00,10.0868,9.6624,0.4244
2023-01-13 00:00:00+00:00,10.0030,9.6391,0.3639
2023-01-14 00:00:00+00:00,10.0007,9.6015,0.3992
2023-01-15 00:00:00+00:00,9.9043,9.5726,0.3317
2023-01-16 00:00:00+00:00,9.7585,9.5290,0.2295
2023-01-17 00:00:00+00:00,9.6178,9.4413,0.1765
2023-01-18 00:00:00+00:00,9.5274,9.3759,0.1515
2023-01-19 00:00:00+00:00,9.5103,9.3542,0.1561
2023-01-20 00:00:00+00:00,9.3589,9.3125,0.0464
2023-01-21 00:00:00+00:00,9.3401,9.2821,0.0580
2023-01-22 00:00:00+00:00,9.3299,9.2261,0.1038
2023-01-23 00:00:00+00:00,9.2760,9.1722,0.1038
2023-01-24 00:00:00+00:00,9.1634,9.1329,0.0305
2023-01-25 00:00:00+00:00,9.0499,9.0917,-0.0418
2023-01-26 00:00:00+00:00,9.1457,9.1019,0.0438
2023-01-27 00:00:00+00:00,9.1108,9.0843,0.0265
2023-01-28 00:00:00+00:00,8.9425,9.0016,-0.0591
2023-01-29 00:00:00+00:00,8.8923,8.9679,-0.0756
2023-01-30 00:00:00+00:00,9.0883,9.0272,0.0611
2023-01-31 00:00:00+00:00,8.9793,8.9814,-0.0021
2023-02-01 00:00:00+00:00,8.9791,8.9588,0.0203
2023-02-02 00:00:00+00:00,9.0256,8.9492,0.0764
2023-02-03 00:00:00+00:00,8.7784,8.8239,-0.0455
2023-02-04 00:00:00+00:00,8.7588,8.8257,-0.0669
2023-02-05 00:00:00+00:00,9.4799,8.9498,0.5301
2023-02-06 00:00:00+00:00,9.2128,8.8718,0.3410
2023-02-07 00:00:00+00:00,9.0604,8.8232,0.2372
2023-02-08 00:00:00+00:00,9.0579,8.8151,0.2428
2023-02-09 00:00:00+00:00,8.9527,8.7523,0.2004
2023-02-10 00:00:00+00:00,8.8793,8.6975,0.1818
2023-02-11 00:00:00+00:00,8.7900,8.6198,0.1702
2023-02-12 00:00:00+00:00,8.7688,8.5906,0.1782
2023-02-13 00:00:00+00:00,8.9392,8.6164,0.3228
2023-02-14 00:00:00+00:00,8.8253,8.5634,0.2619
2023-02-15 00:00:00+00:00,8.8059,8.5576,0.2483
2023-02-16 00:00:00+00:00,8.7663,8.4999,0.2664
2023-02-17 00:00:00+00:00,8.7822,8.4899,0.2923
2023-02-18 00:00:00+00:00,8.7698,8.4971,0.2727
2023-02-19 00:00:00+00:00,8.9200,8.5152,0.4048
2023-02-20 00:00:00+00:00,8.6739,8.4581,0.2158
2023-02-21 00:00:00+00:00,8.5557,8.3927,0.1630
2023-02-22 00:00:00+00:00,8.6117,8.4095,0.2022
2023-02-23 00:00:00+00:00,8.8081,8.4707,0.3374
2023-02-24 00:00:00+00:00,8.9222,8.4832,0.4390
2023-02-25 00:00:00+00:00,8.9792,8.4873,0.4919
2023-02-26 00:00:00+00:00,8.9184,8.5367,0.3817
2023-02-27 00:00:00+00:00,8.8635,8.5787,0.2848
2023-02-28 00:00:00+00:00,8.7889,8.5577,0.2312
2023-03-01 00:00:00+00:00,8.7609,8.5389,0.2220
2023-03-02 00:00:00+00:00,8.6835,8.4663,0.2172
2023-03-03 00:00:00+00:00,8.6111,8.3573,0.2538
2023-03-04 00:00:00+00:00,8.6100,8.3423,0.2677
2023-03-05 00:00:00+00:00,8.6057,8.3477,0.2580
2023-03-06 00:00:00+00:00,8.4875,8.3029,0.1846
2023-03-07 00:00:00+00:00,8.4804,8.2842,0.1962
2023-03-08 00:00:00+00:00,8.4622,8.2597,0.2025
2023-03-09 00:00:00+00:00,8.4597,8.2808,0.1789
2023-03-10 00:00:00+00:00,8.3640,8.2509,0.1131
2023-03-11 00:00:00+00:00,8.2281,8.1901,0.0380
2023-03-12 00:00:00+00:00,8.2580,8.2014,0.0566
2023-03-13 00:00:00+00:00,8.2551,8.1635,0.0916
2023-03-14 00:00:00+00:00,8.3447,8.1085,0.2362
2023-03-15 00:00:00+00:00,8.1484,8.0826,0.0658
2023-03-16 00:00:00+00:00,8.1433,8.1067,0.0366
2023-03-17 00:00:00+00:00,8.2077,8.2347,-0.0270
2023-03-18 00:00:00+00:00,8.2025,8.2492,-0.0467
2023-03-19 00:00:00+00:00,8.1996,8.3501,-0.1505
2023-03-20 00:00:00+00:00,8.1969,8.2897,-0.0928
2023-03-21 00:00:00+00:00,8.1940,8.2557,-0.0617
2023-03-22 00:00:00+00:00,8.3842,8.2403,0.1439
2023-03-23 00:00:00+00:00,8.5593,8.3484,0.2109
2023-03-24 00:00:00+00:00,8.7167,8.4929,0.2238
2023-03-25 00:00:00+00:00,8.7489,8.5759,0.1730
2023-03-26 00:00:00+00:00,8.7300,8.6203,0.1097
2023-03-27 00:00:00+00:00,8.8946,8.7594,0.1352
2023-03-28 00:00:00+00:00,8.8913,8.8016,0.0897
2023-03-29 00:00:00+00:00,8.8695,8.7748,0.0947
2023-03-30 00:00:00+00:00,8.8963,8.7809,0.1154
2023-03-31 00:00:00+00:00,8.9056,8.7563,0.1493
2023-04-01 00:00:00+00:00,9.0091,8.7341,0.2750
2023-04-02 00:00:00+00:00,9.2003,8.7349,0.4654
2023-04-03 00:00:00+00:00,9.2806,8.8557,0.4249
2023-04-04 00:00:00+00:00,9.1396,8.8335,0.3061
2023-04-05 00:00:00+00:00,9.1362,8.8628,0.2734
2023-04-06 00:00:00+00:00,9.1331,8.8561,0.2770
2023-04-07 00:00:00+00:00,9.2833,8.9272,0.3561
2023-04-08 00:00:00+00:00,9.2810,8.8998,0.3812
2023-04-09 00:00:00+00:00,9.4157,8.9070,0.5087
2023-04-10 00:00:00+00:00,9.4034,8.9240,0.4794
2023-04-11 00:00:00+00:00,9.4152,8.9233,0.4919
2023-04-12 00:00:00+00:00,9.3613,8.9452,0.4161
2023-04-13 00:00:00+00:00,9.3456,8.9658,0.3798
2023-04-14 00:00:00+00:00,9.3200,9.0635,0.2565
2023-04-15 00:00:00+00:00,9.4391,9.1549,0.2842
2023-04-16 00:00:00+00:00,9.4354,9.2298,0.2056
2023-04-17 00:00:00+00:00,9.1697,9.1679,0.0018
2023-04-18 00:00:00+00:00,9.5854,9.2661,0.3193
2023-04-19 00:00:00+00:00,9.7269,9.2736,0.4533
2023-04-20 00:00:00+00:00,9.8231,9.3181,0.5050
2023-04-21 00:00:00+00:00,9.7970,9.3987,0.3983
2023-04-22 00:00:00+00:00,9.7568,9.5780,0.1788
2023-04-23 00:00:00+00:00,9.6773,9.5925,0.0848
2023-04-24 00:00:00+00:00,9.7718,9.5913,0.1805
2023-04-25 00:00:00+00:00,9.7475,9.6539,0.0936
2023-04-26 00:00:00+00:00,9.7402,9.7433,-0.0031
2023-04-27 00:00:00+00:00,9.7707,9.7066,0.0641
2023-04-28 00:00:00+00:00,9.5915,9.6359,-0.0444
2023-04-29 00:00:00+00:00,9.8866,9.7142,0.1724
2023-04-30 00:00:00+00:00,9.8923,9.6892,0.2031
2023-05-01 00:00:00+00:00,10.3338,9.8141,0.5197
2023-05-02 00:00:00+00:00,10.3981,9.9211,0.4770
2023-05-03 00:00:00+00:00,10.3985,9.9815,0.4170
2023-05-04 00:00:00+00:00,10.5675,10.0558,0.5117
2023-05-05 00:00:00+00:00,10.5211,10.1415,0.3796
2023-05-06 00:00:00+00:00,10.4748,10.1141,0.3607
2023-05-07 00:00:00+00:00,10.8298,10.2477,0.5821
2023-05-08 00:00:00+00:00,10.8259,10.2415,0.5844
2023-05-09 00:00:00+00:00,10.7933,10.2330,0.5603
2023-05-10 00:00:00+00:00,11.0177,10.3644,0.6533
2023-05-11 00:00:00+00:00,11.1209,10.4074,0.7135
2023-05-12 00:00:00+00:00,11.3237,10.6178,0.7059
2023-05-13 00:00:00+00:00,11.5312,10.6761,0.8551
2023-05-14 00:00:00+00:00,11.3774,10.7901,0.5873
2023-05-15 00:00:00+00:00,11.4723,10.8783,0.5940
2023-05-16 00:00:00+00:00,11.5053,10.9195,0.5858
2023-05-17 00:00:00+00:00,11.5857,11.0135,0.5722
2023-05-18 00:00:00+00:00,11.5511,11.0155,0.5356
2023-05-19 00:00:00+00:00,11.7150,11.1109,0.6041
2023-05-20 00:00:00+00:00,11.7938,11.1476,0.6462
2023-05-21 00:00:00+00:00,11.8637,11.3126,0.5511
2023-05-22 00:00:00+00:00,12.0983,11.3432,0.7551
2023-05-23 00:00:00+00:00,12.0538,11.3647,0.6891
2023-05-24 00:00:00+00:00,12.2189,11.4000,0.8189
2023-05-25 00:00:00+00:00,12.3925,11.4849,0.9076
2023-05-26 00:00:00+00:00,12.5072,11.5451,0.9621
2023-05-27 00:00:00+00:00,12.8312,11.7787,1.0525
2023-05-28 00:00:00+00:00,13.0701,11.7372,1.3329
2023-05-29 00:00:00+00:00,13.0090,11.8112,1.1978
2023-05-30 00:00:00+00:00,13.2867,12.0358,1.2509
2023-05-31 00:00:00+00:00,13.3974,12.1496,1.2478
2023-06-01 00:00:00+00:00,13.3443,12.2879,1.0564
2023-06-02 00:00:00+00:00,13.2668,12.4130,0.8538
2023-06-03 00:00:00+00:00,13.2803,12.5052,0.7751
2023-06-04 00:00:00+00:00,13.3475,12.5006,0.8469
2023-06-05 00:00:00+00:00,13.5304,12.5862,0.9442
2023-06-06 00:00:00+00:00,13.4796,12.6408,0.8388
2023-06-07 00:00:00+00:00,13.4777,12.7866,0.6911
2023-06-08 00:00:00+00:00,13.4412,12.7226,0.7186
2023-06-09 00:00:00+00:00,13.5510,12.8391,0.7119
2023-06-10 00:00:00+00:00,13.5751,12.8305,0.7446
2023-06-11 00:00:00+00:00,13.7177,12.8563,0.8614
2023-06-12 00:00:00+00:00,13.9715,12.9671,1.0044
2023-06-13 00:00:00+00:00,14.2520,13.0674,1.1846
2023-06-14 00:00:00+00:00,14.5528,13.2383,1.3145
2023-06-15 00:00:00+00:00,14.6559,13.3410,1.3149
2023-06-16 00:00:00+00:00,14.7651,13.4469,1.3182
2023-06-17 00:00:00+00:00,14.7442,13.4746,1.2696
2023-06-18 00:00:00+00:00,14.7183,13.4919,1.2264
2023-06-19 00:00:00+00:00,14.8668,13.4941,1.3727
2023-06-20 00:00:00+00:00,14.8859,13.5405,1.3454
2023-06-21 00:00:00+00:00,15.1545,13.7438,1.4107
2023-06-22 00:00:00+00:00,15.2203,13.8240,1.3963
2023-06-23 00:00:00+00:00,15.2471,13.9294,1.3177
2023-06-24 00:00:00+00:00,15.1292,13.8715,1.2577
2023-06-25 00:00:00+00:00,15.5374,13.9800,1.5574
2023-06-26 00:00:00+00:00,15.4224,13.9705,1.4519
2023-06-27 00:00:00+00:00,15.3902,14.0667,1.3235
2023-06-28 00:00:00+00:00,15.2047,14.1181,1.0866
2023-06-29 00:00:00+00:00,15.3728,14.1470,1.2258
2023-06-30 00:00:00+00:00,15.3660,14.2335,1.1325
2023-07-01 00:00:00+00:00,15.3182,14.2683,1.0499
2023-07-02 00:00:00+00:00,15.2141,14.2762,0.9379
2023-07-03 00:00:00+00:00,15.1547,14.2960,0.8587
2023-07-04 00:00:00+00:00,15.1085,14.3162,0.7923
2023-07-05 00:00:00+00:00,14.9891,14.3524,0.6367
2023-07-06 00:00:00+00:00,14.9275,14.3854,0.5421
2023-07-07 00:00:00+00:00,14.7980,14.3966,0.4014
2023-07-08 00:00:00+00:00,15.0973,14.5716,0.5257
2023-07-09 00:00:00+00:00,15.1671,14.6718,0.4953
2023-07-10 00:00:00+00:00,15.2580,14.7831,0.4749
2023-07-11 00:00:00+00:00,15.3084,14.8795,0.4289
2023-07-12 00:00:00+00:00,15.3977,14.9390,0.4587
2023-07-13 00:00:00+00:00,15.4026,14.9531,0.4495
2023-07-14 00:00:00+00:00,15.4016,15.0423,0.3593
2023-07-15 00:00:00+00:00,15.4074,15.1472,0.2602
2023-07-16 00:00:00+00:00,15.4170,15.1940,0.2230
2023-07-17 00:00:00+00:00,15.4596,15.3246,0.1350
2023-07-18 00:00:00+00:00,15.4473,15.4574,-0.0101
2023-07-19 00:00:00+00:00,15.3522,15.5168,-0.1646
2023-07-20 00:00:00+00:00,15.5063,15.6833,-0.1770
2023-07-21 00:00:00+00:00,15.6979,15.7071,-0.0092
2023-07-22 00:00:00+00:00,15.6997,15.7074,-0.0077
2023-07-23 00:00:00+00:00,15.5993,15.7769,-0.1776
2023-07-24 00:00:00+00:00,15.6742,15.8215,-0.1473
2023-07-25 00:00:00+00:00,15.8051,15.8009,0.0042
2023-07-26 00:00:00+00:00,15.8511,15.8042,0.0469
2023-07-27 00:00:00+00:00,15.8000,15.8305,-0.0305
2023-07-28 00:00:00+00:00,15.8425,15.5786,0.2639
2023-07-29 00:00:00+00:00,15.9810,15.0131,0.9679
2023-07-30 00:00:00+00:00,16.0436,14.9415,1.1021
2023-07-31 00:00:00+00:00,15.9831,14.8769,1.1062
2023-08-01 00:00:00+00:00,16.0473,15.1279,0.9194
2023-08-02 00:00:00+00:00,15.9021,15.3379,0.5642
2023-08-03 00:00:00+00:00,15.9277,15.3112,0.6165
2023-08-04 00:00:00+00:00,15.9333,15.3187,0.6146
2023-08-05 00:00:00+00:00,15.9282,15.5810,0.3472
2023-08-06 00:00:00+00:00,15.9148,15.8456,0.0692
2023-08-07 00:00:00+00:00,15.9026,15.7746,0.1280
2023-08-08 00:00:00+00:00,15.9024,15.8986,0.0038
2023-08-09 00:00:00+00:00,15.9665,15.9586,0.0079
2023-08-10 00:00:00+00:00,16.2456,16.0769,0.1687
2023-08-11 00:00:00+00:00,16.0328,16.1913,-0.1585
2023-08-12 00:00:00+00:00,16.1973,16.2615,-0.0642
2023-08-13 00:00:00+00:00,16.2700,16.3278,-0.0578
2023-08-14 00:00:00+00:00,16.2648,16.3522,-0.0874
2023-08-15 00:00:00+00:00,16.4804,16.3089,0.1715
2023-08-16 00:00:00+00:00,16.6160,16.3967,0.2193
2023-08-17 00:00:00+00:00,16.7881,16.3843,0.4038
2023-08-18 00:00:00+00:00,16.7803,16.3394,0.4409
2023-08-19 00:00:00+00:00,16.6952,16.3301,0.3651
2023-08-20 00:00:00+00:00,16.5129,16.3749,0.1380
2023-08-21 00:00:00+00:00,16.4740,16.3601,0.1139
2023-08-22 00:00:00+00:00,16.5862,16.4075,0.1787
2023-08-23 00:00:00+00:00,16.5552,16.3818,0.1734
2023-08-24 00:00:00+00:00,16.5599,16.4017,0.1582
2023-08-25 00:00:00+00:00,16.6684,16.5158,0.1526
2023-08-26 00:00:00+00:00,16.7157,16.5510,0.1647
2023-08-27 00:00:00+00:00,16.7128,16.5997,0.1131
2023-08-28 00:00:00+00:00,16.7055,16.5774,0.1281
2023-08-29 00:00:00+00:00,16.6116,16.5787,0.0329
2023-08-30 00:00:00+00:00,16.5733,16.5633,0.0100
2023-08-31 00:00:00+00:00,16.5498,16.5462,0.0036
2023-09-01 00:00:00+00:00,16.5496,16.5162,0.0334
2023-09-02 00:00:00+00:00,16.6627,16.5274,0.1353
2023-09-03 00:00:00+00:00,16.7247,16.5374,0.1873
2023-09-04 00:00:00+00:00,16.9866,16.5448,0.4418
2023-09-05 00:00:00+00:00,17.1242,16.5843,0.5399
2023-09-06 00:00:00+00:00,17.0108,16.5257,0.4851
2023-09-07 00:00:00+00:00,17.2189,16.6206,0.5983
2023-09-08 00:00:00+00:00,17.4078,16.6846,0.7232
2023-09-09 00:00:00+00:00,17.6094,16.7400,0.8694
2023-09-10 00:00:00+00:00,17.9690,16.7812,1.1878
2023-09-11 00:00:00+00:00,17.8326,16.7295,1.1031
2023-09-12 00:00:00+00:00,17.7776,16.6575,1.1201
2023-09-13 00:00:00+00:00,17.4587,16.5746,0.8841
2023-09-14 00:00:00+00:00,17.4160,16.5783,0.8377
2023-09-15 00:00:00+00:00,17.3825,16.4955,0.8870
2023-09-16 00:00:00+00:00,17.3090,16.4592,0.8498
2023-09-17 00:00:00+00:00,17.3054,16.4716,0.8338
2023-09-18 00:00:00+00:00,17.1929,16.4223,0.7706
2023-09-19 00:00:00+00:00,17.1865,16.4002,0.7863
2023-09-20 00:00:00+00:00,17.0293,16.3429,0.6864
2023-09-21 00:00:00+00:00,16.6140,16.2449,0.3691
2023-09-22 00:00:00+00:00,16.5315,15.9689,0.5626
2023-09-23 00:00:00+00:00,16.4191,16.0839,0.3352
2023-09-24 00:00:00+00:00,16.3885,16.0943,0.2942
2023-09-25 00:00:00+00:00,16.0888,16.0119,0.0769
2023-09-26 00:00:00+00:00,16.1260,16.0312,0.0948
2023-09-27 00:00:00+00:00,16.1224,15.9783,0.1441
2023-09-28 00:00:00+00:00,16.0325,15.8951,0.1374
2023-09-29 00:00:00+00:00,16.0080,15.8388,0.1692
2023-09-30 00:00:00+00:00,15.9476,15.7884,0.1592
2023-10-01 00:00:00+00:00,15.9351,15.7394,0.1957
2023-10-02 00:00:00+00:00,15.9660,15.7051,0.2609
2023-10-03 00:00:00+00:00,15.8997,15.6297,0.2700
2023-10-04 00:00:00+00:00,16.0278,15.6318,0.3960
2023-10-05 00:00:00+00:00,16.0280,15.5867,0.4413
2023-10-06 00:00:00+00:00,15.9889,15.5067,0.4822
2023-10-07 00:00:00+00:00,15.8857,15.4257,0.4600
2023-10-08 00:00:00+00:00,15.8974,15.3885,0.5089
2023-10-09 00:00:00+00:00,15.8223,15.3399,0.4824
2023-10-10 00:00:00+00:00,15.7975,15.2426,0.5549
2023-10-11 00:00:00+00:00,15.7815,15.1428,0.6387
2023-10-12 00:00:00+00:00,15.7753,15.1461,0.6292
2023-10-13 00:00:00+00:00,15.7729,15.1267,0.6462
2023-10-14 00:00:00+00:00,15.7112,15.1025,0.6087
2023-10-15 00:00:00+00:00,15.5425,15.0470,0.4955
2023-10-16 00:00:00+00:00,15.5303,14.9869,0.5434
2023-10-17 00:00:00+00:00,15.5461,14.9406,0.6055
2023-10-18 00:00:00+00:00,15.5404,14.8917,0.6487
2023-10-19 00:00:00+00:00,15.4981,14.8580,0.6401
2023-10-20 00:00:00+00:00,15.3231,14.7802,0.5429
2023-10-21 00:00:00+00:00,15.2966,14.7280,0.5686
2023-10-22 00:00:00+00:00,15.1296,14.6744,0.4552
2023-10-23 00:00:00+00:00,14.9707,14.6031,0.3676
2023-10-24 00:00:00+00:00,14.9448,14.5596,0.3852
2023-10-25 00:00:00+00:00,14.8525,14.4981,0.3544
2023-10-26 00:00:00+00:00,14.8105,14.4778,0.3327
2023-10-27 00:00:00+00:00,14.7100,14.4179,0.2921
2023-10-28 00:00:00+00:00,14.7122,14.4077,0.3045
2023-10-29 00:00:00+00:00,14.6041,14.3330,0.2711
2023-10-30 00:00:00+00:00,14.5872,14.3036,0.2836
2023-10-31 00:00:00+00:00,14.5553,14.2766,0.2787
2023-11-01 00:00:00+00:00,14.5278,14.2338,0.2940
2023-11-02 00:00:00+00:00,14.5102,14.1372,0.3730
2023-11-03 00:00:00+00:00,14.2695,14.0115,0.2580
2023-11-04 00:00:00+00:00,14.2478,13.9013,0.3465
2023-11-05 00:00:00+00:00,14.1071,13.8367,0.2704
2023-11-06 00:00:00+00:00,13.8967,13.7465,0.1502
2023-11-07 00:00:00+00:00,13.7893,13.6865,0.1028
2023-11-08 00:00:00+00:00,13.7835,13.6188,0.1647
2023-11-09 00:00:00+00:00,13.6068,13.5203,0.0865
2023-11-10 00:00:00+00:00,13.5279,13.4716,0.0563
2023-11-11 00:00:00+00:00,13.4044,13.4075,-0.0031
2023-11-12 00:00:00+00:00,13.3724,13.3405,0.0319
2023-11-13 00:00:00+00:00,13.3676,13.2550,0.1126
2023-11-14 00:00:00+00:00,13.2212,13.2115,0.0097
2023-11-15 00:00:00+00:00,13.0696,13.1616,-0.0920
2023-11-16 00:00:00+00:00,13.0491,13.1267,-0.0776
2023-11-17 00:00:00+00:00,12.9365,13.0981,-0.1616
2023-11-18 00:00:00+00:00,12.9354,13.0664,-0.1310
2023-11-19 00:00:00+00:00,12.9113,12.9437,-0.0324
2023-11-20 00:00:00+00:00,12.9264,12.9206,0.0058
2023-11-21 00:00:00+00:00,12.8481,12.8644,-0.0163
2023-11-22 00:00:00+00:00,12.8248,12.8005,0.0243
2023-11-23 00:00:00+00:00,12.7199,12.7116,0.0083
2023-11-24 00:00:00+00:00,12.6859,12.6332,0.0527
2023-11-25 00:00:00+00:00,12.5491,12.5488,0.0003
2023-11-26 00:00:00+00:00,12.5499,12.5119,0.0380
2023-11-27 00:00:00+00:00,12.5233,12.4406,0.0827
2023-11-28 00:00:00+00:00,12.3789,12.3515,0.0274
2023-11-29 00:00:00+00:00,12.3131,12.2423,0.0708
2023-11-30 00:00:00+00:00,12.2197,12.1638,0.0559
2023-12-01 00:00:00+00:00,12.1053,12.0555,0.0498
2023-12-02 00:00:00+00:00,11.9567,11.9481,0.0086
2023-12-03 00:00:00+00:00,11.9061,11.8878,0.0183
2023-12-04 00:00:00+00:00,11.8948,11.8539,0.0409
2023-12-05 00:00:00+00:00,11.8190,11.7704,0.0486
2023-12-06 00:00:00+00:00,11.6475,11.6583,-0.0108
2023-12-07 00:00:00+00:00,11.6461,11.5400,0.1061
2023-12-08 00:00:00+00:00,11.4940,11.4152,0.0788
2023-12-09 00:00:00+00:00,11.4271,11.2983,0.1288
2023-12-10 00:00:00+00:00,11.4123,11.2204,0.1919
2023-12-11 00:00:00+00:00,11.4098,11.1710,0.2388
2023-12-12 00:00:00+00:00,11.3798,11.1182,0.2616
2023-12-13 00:00:00+00:00,11.3766,11.1192,0.2574
2023-12-14 00:00:00+00:00,11.2712,10.9769,0.2943
2023-12-15 00:00:00+00:00,11.2353,10.9071,0.3282
2023-12-16 00:00:00+00:00,10.5852,10.7210,-0.1358
2023-12-17 00:00:00+00:00,10.6161,10.6830,-0.0669
2023-12-18 00:00:00+00:00,10.5684,10.6730,-0.1046
2023-12-19 00:00:00+00:00,10.5592,10.6795,-0.1203
2023-12-20 00:00:00+00:00,10.8182,10.6572,0.1610
2023-12-21 00:00:00+00:00,10.7770,10.6119,0.1651
2023-12-22 00:00:00+00:00,10.9407,10.5833,0.3574
2023-12-23 00:00:00+00:00,10.9597,10.5473,0.4124
2023-12-24 00:00:00+00:00,10.9314,10.4879,0.4435
2023-12-25 00:00:00+00:00,11.0314,10.4593,0.5721
2023-12-26 00:00:00+00:00,10.9676,10.4402,0.5274
2023-12-27 00:00:00+00:00,10.9663,10.4094,0.5569
2023-12-28 00:00:00+00:00,10.9211,10.3642,0.5569
2023-12-29 00:00:00+00:00,10.8761,10.3615,0.5146
2023-12-30 00:00:00+00:00,10.8309,10.3790,0.4519
2023-12-31 00:00:00+00:00,10.7797,10.3454,0.4343
2024-01-01 00:00:00+00:00,10.7238,10.1631,0.5607
2024-01-02 00:00:00+00:00,10.7101,10.1401,0.5700
2024-01-03 00:00:00+00:00,10.6785,10.0855,0.5930
2024-01-04 00:00:00+00:00,10.5858,10.0623,0.5235
2024-01-05 00:00:00+00:00,10.5023,10.0171,0.4852
2024-01-06 00:00:00+00:00,10.3865,9.9840,0.4025
2024-01-07 00:00:00+00:00,10.2331,9.9166,0.3165
2024-01-08 00:00:00+00:00,10.2091,9.8604,0.3487
2024-01-09 00:00:00+00:00,10.1352,9.7757,0.3595
2024-01-10 00:00:00+00:00,10.1272,9.7429,0.3843
2024-01-11 00:00:00+00:00,9.9533,9.7183,0.2350
2024-01-12 00:00:00+00:00,9.8962,9.6624,0.2338
2024-01-13 00:00:00+00:00,9.8855,9.6391,0.2464
2024-01-14 00:00:00+00:00,9.8490,9.6015,0.2475
2024-01-15 00:00:00+00:00,9.7054,9.5726,0.1328
2024-01-16 00:00:00+00:00,9.6382,9.5290,0.1092
2024-01-17 00:00:00+00:00,9.5782,9.4413,0.1369
2024-01-18 00:00:00+00:00,9.4415,9.3759,0.0656
2024-01-19 00:00:00+00:00,9.2388,9.3542,-0.1154
2024-01-20 00:00:00+00:00,9.2223,9.3125,-0.0902
2024-01-21 00:00:00+00:00,9.1183,9.2821,-0.1638
2024-01-22 00:00:00+00:00,9.1430,9.2261,-0.0831
2024-01-23 00:00:00+00:00,9.1355,9.1722,-0.0367
2024-01-24 00:00:00+00:00,9.1213,9.1329,-0.0116
2024-01-25 00:00:00+00:00,9.1106,9.0917,0.0189
2024-01-26 00:00:00+00:00,9.2182,9.1019,0.1163
2024-01-27 00:00:00+00:00,9.2030,9.0843,0.1187
2024-01-28 00:00:00+00:00,9.1920,9.0016,0.1904
2024-01-29 00:00:00+00:00,9.1891,8.9679,0.2212
2024-01-30 00:00:00+00:00,9.1703,9.0272,0.1431
2024-01-31 00:00:00+00:00,9.0554,8.9814,0.0740
2024-02-01 00:00:00+00:00,8.9384,8.9588,-0.0204
2024-02-02 00:00:00+00:00,8.6972,8.9492,-0.2520
2024-02-03 00:00:00+00:00,8.7783,8.8239,-0.0456
2024-02-04 00:00:00+00:00,8.7462,8.8257,-0.0795
2024-02-05 00:00:00+00:00,8.8330,8.9498,-0.1168
2024-02-06 00:00:00+00:00,8.8244,8.8718,-0.0474
2024-02-07 00:00:00+00:00,8.8250,8.8232,0.0018
2024-02-08 00:00:00+00:00,8.8218,8.8151,0.0067
2024-02-09 00:00:00+00:00,8.8249,8.7523,0.0726
2024-02-10 00:00:00+00:00,8.9739,8.6975,0.2764
2024-02-11 00:00:00+00:00,8.9724,8.6198,0.3526
2024-02-12 00:00:00+00:00,8.9979,8.5906,0.4073
2024-02-13 00:00:00+00:00,8.9871,8.6164,0.3707
2024-02-14 00:00:00+00:00,8.9855,8.5634,0.4221
2024-02-15 00:00:00+00:00,8.9821,8.5576,0.4245
2024-02-16 00:00:00+00:00,9.0650,8.4999,0.5651
2024-02-17 00:00:00+00:00,8.7968,8.4899,0.3069
2024-02-18 00:00:00+00:00,8.7984,8.4971,0.3013
2024-02-19 00:00:00+00:00,9.0872,8.5152,0.5720
2024-02-20 00:00:00+00:00,8.9540,8.4581,0.4959
2024-02-21 00:00:00+00:00,8.9676,8.3927,0.5749
2024-02-22 00:00:00+00:00,9.3274,8.4095,0.9179
2024-02-23 00:00:00+00:00,9.2252,8.4707,0.7545
2024-02-24 00:00:00+00:00,9.2053,8.4832,0.7221
2024-02-25 00:00:00+00:00,9.1107,8.4873,0.6234
2024-02-26 00:00:00+00:00,9.0799,8.5367,0.5432
2024-02-27 00:00:00+00:00,8.9724,8.5787,0.3937
2024-02-28 00:00:00+00:00,8.8784,8.5577,0.3207
2024-02-29 00:00:00+00:00,8.8710,8.2611,0.6099
2024-03-01 00:00:00+00:00,8.9712,8.5389,0.4323
2024-03-02 00:00:00+00:00,8.8408,8.4663,0.3745
2024-03-03 00:00:00+00:00,8.7569,8.3573,0.3996
2024-03-04 00:00:00+00:00,8.6930,8.3423,0.3507
2024-03-05 00:00:00+00:00,8.6901,8.3477,0.3424
2024-03-06 00:00:00+00:00,8.7286,8.3029,0.4257
2024-03-07 00:00:00+00:00,8.8090,8.2842,0.5248
2024-03-08 00:00:00+00:00,8.8306,8.2597,0.5709
2024-03-09 00:00:00+00:00,8.7440,8.2808,0.4632
2024-03-10 00:00:00+00:00,8.6989,8.2509,0.4480
2024-03-11 00:00:00+00:00,8.6778,8.1901,0.4877
2024-03-12 00:00:00+00:00,8.6731,8.2014,0.4717
2024-03-13 00:00:00+00:00,8.6724,8.1635,0.5089
2024-03-14 00:00:00+00:00,8.6728,8.1085,0.5643
2024-03-15 00:00:00+00:00,8.5985,8.0826,0.5159
2024-03-16 00:00:00+00:00,8.8334,8.1067,0.7267
2024-03-17 00:00:00+00:00,8.8349,8.2347,0.6002
2024-03-18 00:00:00+00:00,8.9370,8.2492,0.6878
2024-03-19 00:00:00+00:00,9.0740,8.3501,0.7239
2024-03-20 00:00:00+00:00,9.0704,8.2897,0.7807
2024-03-21 00:00:00+00:00,9.2609,8.2557,1.0052
2024-03-22 00:00:00+00:00,9.2573,8.2403,1.0170
2024-03-23 00:00:00+00:00,9.2063,8.3484,0.8579
2024-03-24 00:00:00+00:00,9.2604,8.4929,0.7675
2024-03-25 00:00:00+00:00,9.2488,8.5759,0.6729
2024-03-26 00:00:00+00:00,9.2400,8.6203,0.6197
2024-03-27 00:00:00+00:00,9.2522,8.7594,0.4928
2024-03-28 00:00:00+00:00,9.2717,8.8016,0.4701
2024-03-29 00:00:00+00:00,9.2729,8.7748,0.4981
2024-03-30 00:00:00+00:00,9.2826,8.7809,0.5017
2024-03-31 00:00:00+00:00,9.2657,8.7563,0.5094
2024-04-01 00:00:00+00:00,9.2961,8.7341,0.5620
2024-04-02 00:00:00+00:00,9.3262,8.7349,0.5913
2024-04-03 00:00:00+00:00,9.3022,8.8557,0.4465
2024-04-04 00:00:00+00:00,9.3058,8.8335,0.4723
2024-04-05 00:00:00+00:00,9.3084,8.8628,0.4456
2024-04-06 00:00:00+00:00,9.3575,8.8561,0.5014
2024-04-07 00:00:00+00:00,9.6193,8.9272,0.6921
2024-04-08 00:00:00+00:00,9.7103,8.8998,0.8105
2024-04-09 00:00:00+00:00,9.7232,8.9070,0.8162
2024-04-10 00:00:00+00:00,9.7730,8.9240,0.8490
2024-04-11 00:00:00+00:00,9.7577,8.9233,0.8344
2024-04-12 00:00:00+00:00,9.6846,8.9452,0.7394
2024-04-13 00:00:00+00:00,9.6480,8.9658,0.6822
2024-04-14 00:00:00+00:00,9.8753,9.0635,0.8118
2024-04-15 00:00:00+00:00,9.8977,9.1549,0.7428
2024-04-16 00:00:00+00:00,9.9693,9.2298,0.7395
2024-04-17 00:00:00+00:00,10.0482,9.1679,0.8803
2024-04-18 00:00:00+00:00,9.9302,9.2661,0.6641
2024-04-19 00:00:00+00:00,9.9609,9.2736,0.6873
2024-04-20 00:00:00+00:00,10.0526,9.3181,0.7345
2024-04-21 00:00:00+00:00,10.0120,9.3987,0.6133
2024-04-22 00:00:00+00:00,10.1767,9.5780,0.5987
2024-04-23 00:00:00+00:00,10.1440,9.5925,0.5515
2024-04-24 00:00:00+00:00,10.2704,9.5913,0.6791
2024-04-25 00:00:00+00:00,10.2792,9.6539,0.6253
2024-04-26 00:00:00+00:00,10.2971,9.7433,0.5538
2024-04-27 00:00:00+00:00,10.2726,9.7066,0.5660
2024-04-28 00:00:00+00:00,10.3570,9.6359,0.7211
2024-04-29 00:00:00+00:00,10.3156,9.7142,0.6014
2024-04-30 00:00:00+00:00,10.2896,9.6892,0.6004
2024-05-01 00:00:00+00:00,10.3285,9.8141,0.5144
2024-05-02 00:00:00+00:00,10.3261,9.9211,0.4050
2024-05-03 00:00:00+00:00,10.3261,9.9815,0.3446
2024-05-04 00:00:00+00:00,10.3424,10.0558,0.2866
2024-05-05 00:00:00+00:00,10.4332,10.1415,0.2917
2024-05-06 00:00:00+00:00,10.5824,10.1141,0.4683
2024-05-07 00:00:00+00:00,10.7109,10.2477,0.4632
2024-05-08 00:00:00+00:00,10.6129,10.2415,0.3714
2024-05-09 00:00:00+00:00,11.0534,10.2330,0.8204
2024-05-10 00:00:00+00:00,11.0118,10.3644,0.6474
2024-05-11 00:00:00+00:00,11.4491,10.4074,1.0417
2024-05-12 00:00:00+00:00,11.4629,10.6178,0.8451
2024-05-13 00:00:00+00:00,11.4210,10.6761,0.7449
2024-05-14 00:00:00+00:00,11.4736,10.7901,0.6835
2024-05-15 00:00:00+00:00,11.6853,10.8783,0.8070
2024-05-16 00:00:00+00:00,11.9065,10.9195,0.9870
2024-05-17 00:00:00+00:00,11.9364,11.0135,0.9229
2024-05-18 00:00:00+00:00,12.1829,11.0155,1.1674
2024-05-19 00:00:00+00:00,12.3682,11.1109,1.2573
2024-05-20 00:00:00+00:00,12.5647,11.1476,1.4171
2024-05-21 00:00:00+00:00,12.7025,11.3126,1.3899
2024-05-22 00:00:00+00:00,12.6433,11.3432,1.3001
2024-05-23 00:00:00+00:00,12.6366,11.3647,1.2719
2024-05-24 00:00:00+00:00,12.5457,11.4000,1.1457
2024-05-25 00:00:00+00:00,12.5385,11.4849,1.0536
2024-05-26 00:00:00+00:00,12.4649,11.5451,0.9198
2024-05-27 00:00:00+00:00,12.4783,11.7787,0.6996
2024-05-28 00:00:00+00:00,12.5514,11.7372,0.8142
2024-05-29 00:00:00+00:00,12.5768,11.8112,0.7656
2024-05-30 00:00:00+00:00,12.6649,12.0358,0.6291
2024-05-31 00:00:00+00:00,12.7166,12.1496,0.5670
2024-06-01 00:00:00+00:00,12.6904,12.2879,0.4025
2024-06-02 00:00:00+00:00,12.8409,12.4130,0.4279
2024-06-03 00:00:00+00:00,12.8713,12.5052,0.3661
2024-06-04 00:00:00+00:00,12.9548,12.5006,0.4542
2024-06-05 00:00:00+00:00,12.9562,12.5862,0.3700
2024-06-06 00:00:00+00:00,12.9367,12.6408,0.2959
2024-06-07 00:00:00+00:00,12.9971,12.7866,0.2105
2024-06-08 00:00:00+00:00,13.0163,12.7226,0.2937
2024-06-09 00:00:00+00:00,13.1839,12.8391,0.3448
2024-06-10 00:00:00+00:00,13.1073,12.8305,0.2768
2024-06-11 00:00:00+00:00,13.1219,12.8563,0.2656
2024-06-12 00:00:00+00:00,13.1298,12.9671,0.1627
2024-06-13 00:00:00+00:00,13.1661,13.0674,0.0987
2024-06-14 00:00:00+00:00,13.1610,13.2383,-0.0773
2024-06-15 00:00:00+00:00,13.2313,13.3410,-0.1097
2024-06-16 00:00:00+00:00,13.2911,13.4469,-0.1558
2024-06-17 00:00:00+00:00,13.4346,13.4746,-0.0400
2024-06-18 00:00:00+00:00,13.6938,13.4919,0.2019
2024-06-19 00:00:00+00:00,13.6630,13.4941,0.1689
2024-06-20 00:00:00+00:00,13.6827,13.5405,0.1422
2024-06-21 00:00:00+00:00,14.0490,13.7438,0.3052
2024-06-22 00:00:00+00:00,13.8802,13.8240,0.0562
2024-06-23 00:00:00+00:00,13.9827,13.9294,0.0533
2024-06-24 00:00:00+00:00,14.2268,13.8715,0.3553
2024-06-25 00:00:00+00:00,14.2087,13.9800,0.2287
2024-06-26 00:00:00+00:00,14.3708,13.9705,0.4003
2024-06-27 00:00:00+00:00,14.2167,14.0667,0.1500
2024-06-28 00:00:00+00:00,14.2062,14.1181,0.0881
2024-06-29 00:00:00+00:00,14.2106,14.1470,0.0636
2024-06-30 00:00:00+00:00,14.2915,14.2335,0.0580
2024-07-01 00:00:00+00:00,14.3039,14.2683,0.0356
2024-07-02 00:00:00+00:00,14.3240,14.2762,0.0478
2024-07-03 00:00:00+00:00,14.3246,14.2960,0.0286
2024-07-04 00:00:00+00:00,14.3615,14.3162,0.0453
2024-07-05 00:00:00+00:00,14.3863,14.3524,0.0339
2024-07-06 00:00:00+00:00,14.4065,14.3854,0.0211
2024-07-07 00:00:00+00:00,14.4916,14.3966,0.0950
2024-07-08 00:00:00+00:00,14.5180,14.5716,-0.0536
2024-07-09 00:00:00+00:00,14.5164,14.6718,-0.1554
2024-07-10 00:00:00+00:00,14.4808,14.7831,-0.3023
2024-07-11 00:00:00+00:00,14.5027,14.8795,-0.3768
2024-07-12 00:00:00+00:00,14.5782,14.9390,-0.3608
2024-07-13 00:00:00+00:00,14.6872,14.9531,-0.2659
2024-07-14 00:00:00+00:00,14.8786,15.0423,-0.1637
2024-07-15 00:00:00+00:00,15.0483,15.1472,-0.0989
2024-07-16 00:00:00+00:00,15.0612,15.1940,-0.1328
2024-07-17 00:00:00+00:00,15.1322,15.3246,-0.1924
2024-07-18 00:00:00+00:00,15.2470,15.4574,-0.2104
2024-07-19 00:00:00+00:00,15.2504,15.5168,-0.2664
2024-07-20 00:00:00+00:00,15.2957,15.6833,-0.3876
2024-07-21 00:00:00+00:00,15.3792,15.7071,-0.3279
2024-07-22 00:00:00+00:00,15.1143,15.7074,-0.5931
2024-07-23 00:00:00+00:00,15.2604,15.7769,-0.5165
2024-07-24 00:00:00+00:00,15.4115,15.8215,-0.4100
2024-07-25 00:00:00+00:00,15.4094,15.8009,-0.3915
2024-07-26 00:00:00+00:00,15.3712,15.8042,-0.4330
2024-07-27 00:00:00+00:00,15.4230,15.8305,-0.4075
2024-07-28 00:00:00+00:00,15.5229,15.5786,-0.0557
2024-07-29 00:00:00+00:00,15.6911,15.0131,0.6780
2024-07-30 00:00:00+00:00,15.9160,14.9415,0.9745
2024-07-31 00:00:00+00:00,16.0527,14.8769,1.1758
2024-08-01 00:00:00+00:00,16.2142,15.1279,1.0863
2024-08-02 00:00:00+00:00,16.4653,15.3379,1.1274
2024-08-03 00:00:00+00:00,16.2993,15.3112,0.9881
2024-08-04 00:00:00+00:00,16.2857,15.3187,0.9670
2024-08-05 00:00:00+00:00,16.2956,15.5810,0.7146
2024-08-06 00:00:00+00:00,16.1297,15.8456,0.2841
2024-08-07 00:00:00+00:00,16.2024,15.7746,0.4278
2024-08-08 00:00:00+00:00,16.1743,15.8986,0.2757
2024-08-09 00:00:00+00:00,16.2135,15.9586,0.2549
2024-08-10 00:00:00+00:00,16.2275,16.0769,0.1506
2024-08-11 00:00:00+00:00,16.2089,16.1913,0.0176
2024-08-12 00:00:00+00:00,16.5615,16.2615,0.3000
2024-08-13 00:00:00+00:00,16.5699,16.3278,0.2421
2024-08-14 00:00:00+00:00,16.5268,16.3522,0.1746
2024-08-15 00:00:00+00:00,16.4322,16.3089,0.1233
2024-08-16 00:00:00+00:00,16.2592,16.3967,-0.1375
2024-08-17 00:00:00+00:00,16.3573,16.3843,-0.0270
2024-08-18 00:00:00+00:00,16.3382,16.3394,-0.0012
2024-08-19 00:00:00+00:00,16.2549,16.3301,-0.0752
2024-08-20 00:00:00+00:00,16.2933,16.3749,-0.0816
2024-08-21 00:00:00+00:00,16.2150,16.3601,-0.1451
2024-08-22 00:00:00+00:00,16.2116,16.4075,-0.1959
2024-08-23 00:00:00+00:00,15.9589,16.3818,-0.4229
2024-08-24 00:00:00+00:00,16.0156,16.4017,-0.3861
2024-08-25 00:00:00+00:00,15.9260,16.5158,-0.5898
2024-08-26 00:00:00+00:00,15.8568,16.5510,-0.6942
2024-08-27 00:00:00+00:00,15.8770,16.5997,-0.7227
2024-08-28 00:00:00+00:00,15.8436,16.5774,-0.7338
2024-08-29 00:00:00+00:00,15.9124,16.5787,-0.6663
2024-08-30 00:00:00+00:00,15.9522,16.5633,-0.6111
2024-08-31 00:00:00+00:00,16.0775,16.5462,-0.4687
2024-09-01 00:00:00+00:00,16.1531,16.5162,-0.3631
2024-09-02 00:00:00+00:00,16.1191,16.5274,-0.4083
2024-09-03 00:00:00+00:00,16.1510,16.5374,-0.3864
2024-09-04 00:00:00+00:00,16.1758,16.5448,-0.3690
2024-09-05 00:00:00+00:00,16.1701,16.5843,-0.4142
2024-09-06 00:00:00+00:00,16.1954,16.5257,-0.3303
2024-09-07 00:00:00+00:00,16.2288,16.6206,-0.3918
2024-09-08 00:00:00+00:00,16.2445,16.6846,-0.4401
2024-09-09 00:00:00+00:00,16.1718,16.7400,-0.5682
2024-09-10 00:00:00+00:00,16.1244,16.7812,-0.6568
2024-09-11 00:00:00+00:00,16.0033,16.7295,-0.7262
2024-09-12 00:00:00+00:00,15.8064,16.6575,-0.8511
2024-09-13 00:00:00+00:00,15.6964,16.5746,-0.8782
2024-09-14 00:00:00+00:00,15.5838,16.5783,-0.9945
2024-09-15 00:00:00+00:00,15.6439,16.4955,-0.8516
2024-09-16 00:00:00+00:00,15.6968,16.4592,-0.7624
2024-09-17 00:00:00+00:00,15.6741,16.4716,-0.7975
2024-09-18 00:00:00+00:00,15.7611,16.4223,-0.6612
2024-09-19 00:00:00+00:00,15.7160,16.4002,-0.6842
2024-09-20 00:00:00+00:00,15.5577,16.3429,-0.7852
2024-09-21 00:00:00+00:00,15.6309,16.2449,-0.6140
2024-09-22 00:00:00+00:00,15.6162,15.9689,-0.3527
2024-09-23 00:00:00+00:00,15.6043,16.0839,-0.4796
2024-09-24 00:00:00+00:00,15.5863,16.0943,-0.5080
2024-09-25 00:00:00+00:00,15.5248,16.0119,-0.4871
2024-09-26 00:00:00+00:00,15.4997,16.0312,-0.5315
2024-09-27 00:00:00+00:00,15.4895,15.9783,-0.4888
2024-09-28 00:00:00+00:00,15.2648,15.8951,-0.6303
2024-09-29 00:00:00+00:00,15.2315,15.8388,-0.6073
2024-09-30 00:00:00+00:00,15.1960,15.7884,-0.5924
2024-10-01 00:00:00+00:00,15.1642,15.7394,-0.5752
2024-10-02 00:00:00+00:00,15.1125,15.7051,-0.5926
2024-10-03 00:00:00+00:00,15.0340,15.6297,-0.5957
2024-10-04 00:00:00+00:00,14.9823,15.6318,-0.6495
2024-10-05 00:00:00+00:00,14.9278,15.5867,-0.6589
2024-10-06 00:00:00+00:00,14.9185,15.5067,-0.5882
2024-10-07 00:00:00+00:00,14.8574,15.4257,-0.5683
2024-10-08 00:00:00+00:00,14.8510,15.3885,-0.5375
2024-10-09 00:00:00+00:00,14.8261,15.3399,-0.5138
2024-10-10 00:00:00+00:00,14.8140,15.2426,-0.4286
2024-10-11 00:00:00+00:00,14.6131,15.1428,-0.5297
2024-10-12 00:00:00+00:00,14.6007,15.1461,-0.5454
2024-10-13 00:00:00+00:00,14.5513,15.1267,-0.5754
2024-10-14 00:00:00+00:00,14.5232,15.1025,-0.5793
2024-10-15 00:00:00+00:00,14.5164,15.0470,-0.5306
2024-10-16 00:00:00+00:00,14.5177,14.9869,-0.4692
2024-10-17 00:00:00+00:00,14.2529,14.9406,-0.6877
2024-10-18 00:00:00+00:00,14.3045,14.8917,-0.5872
2024-10-19 00:00:00+00:00,14.2274,14.8580,-0.6306
2024-10-20 00:00:00+00:00,14.2259,14.7802,-0.5543
2024-10-21 00:00:00+00:00,14.2022,14.7280,-0.5258
2024-10-22 00:00:00+00:00,14.2816,14.6744,-0.3928
2024-10-23 00:00:00+00:00,14.2790,14.6031,-0.3241
2024-10-24 00:00:00+00:00,14.2672,14.5596,-0.2924
2024-10-25 00:00:00+00:00,14.2434,14.4981,-0.2547
2024-10-26 00:00:00+00:00,14.1661,14.4778,-0.3117
2024-10-27 00:00:00+00:00,14.1388,14.4179,-0.2791
2024-10-28 00:00:00+00:00,14.1236,14.4077,-0.2841
2024-10-29 00:00:00+00:00,14.0279,14.3330,-0.3051
2024-10-30 00:00:00+00:00,14.0041,14.3036,-0.2995
2024-10-31 00:00:00+00:00,14.0076,14.2766,-0.2690
2024-11-01 00:00:00+00:00,14.0277,14.2338,-0.2061
2024-11-02 00:00:00+00:00,14.0265,14.1372,-0.1107
2024-11-03 00:00:00+00:00,14.0251,14.0115,0.0136
2024-11-04 00:00:00+00:00,14.0236,13.9013,0.1223
2024-11-05 00:00:00+00:00,14.0147,13.8367,0.1780
2024-11-06 00:00:00+00:00,14.0097,13.7465,0.2632
2024-11-07 00:00:00+00:00,13.8921,13.6865,0.2056
2024-11-08 00:00:00+00:00,13.8929,13.6188,0.2741
2024-11-09 00:00:00+00:00,13.8894,13.5203,0.3691
2024-11-10 00:00:00+00:00,13.8826,13.4716,0.4110
2024-11-11 00:00:00+00:00,13.7724,13.4075,0.3649
2024-11-12 00:00:00+00:00,13.7497,13.3405,0.4092
2024-11-13 00:00:00+00:00,13.7019,13.2550,0.4469
2024-11-14 00:00:00+00:00,13.5949,13.2115,0.3834
2024-11-15 00:00:00+00:00,13.5374,13.1616,0.3758
2024-11-16 00:00:00+00:00,13.4951,13.1267,0.3684
2024-11-17 00:00:00+00:00,13.4994,13.0981,0.4013
2024-11-18 00:00:00+00:00,13.4764,13.0664,0.4100
2024-11-19 00:00:00+00:00,13.4728,12.9437,0.5291
2024-11-20 00:00:00+00:00,13.2771,12.9206,0.3565
2024-11-21 00:00:00+00:00,13.2706,12.8644,0.4062
2024-11-22 00:00:00+00:00,13.0821,12.8005,0.2816
2024-11-23 00:00:00+00:00,13.0809,12.7116,0.3693
2024-11-24 00:00:00+00:00,13.0711,12.6332,0.4379
2024-11-25 00:00:00+00:00,12.7053,12.5488,0.1565
2024-11-26 00:00:00+00:00,12.5375,12.5119,0.0256
2024-11-27 00:00:00+00:00,12.5054,12.4406,0.0648
2024-11-28 00:00:00+00:00,12.3633,12.3515,0.0118
2024-11-29 00:00:00+00:00,12.3724,12.2423,0.1301
2024-11-30 00:00:00+00:00,12.2297,12.1638,0.0659
2024-12-01 00:00:00+00:00,12.2287,12.0555,0.1732
2024-12-02 00:00:00+00:00,12.3267,11.9481,0.3786
2024-12-03 00:00:00+00:00,12.1622,11.8878,0.2744
2024-12-04 00:00:00+00:00,12.1187,11.8539,0.2648
2024-12-05 00:00:00+00:00,12.0628,11.7704,0.2924
2024-12-06 00:00:00+00:00,12.0188,11.6583,0.3605
2024-12-07 00:00:00+00:00,11.9663,11.5400,0.4263
2024-12-08 00:00:00+00:00,11.8027,11.4152,0.3875
2024-12-09 00:00:00+00:00,11.7013,11.2983,0.4030
2024-12-10 00:00:00+00:00,11.6233,11.2204,0.4029
2024-12-11 00:00:00+00:00,11.5073,11.1710,0.3363
2024-12-12 00:00:00+00:00,11.4721,11.1182,0.3539
2024-12-13 00:00:00+00:00,11.4674,11.1192,0.3482
2024-12-14 00:00:00+00:00,11.2319,10.9769,0.2550
2024-12-15 00:00:00+00:00,11.2486,10.9071,0.3415
2024-12-16 00:00:00+00:00,10.9465,10.7210,0.2255
2024-12-17 00:00:00+00:00,11.0110,10.6830,0.3280
2024-12-18 00:00:00+00:00,10.7389,10.6730,0.0659
2024-12-19 00:00:00+00:00,10.9184,10.6795,0.2389
2024-12-20 00:00:00+00:00,10.8318,10.6572,0.1746
2024-12-21 00:00:00+00:00,10.8861,10.6119,0.2742
2024-12-22 00:00:00+00:00,10.8050,10.5833,0.2217
2024-12-23 00:00:00+00:00,10.8271,10.5473,0.2798
2024-12-24 00:00:00+00:00,10.5535,10.4879,0.0656
2024-12-25 00:00:00+00:00,10.1507,10.4593,-0.3086
2024-12-26 00:00:00+00:00,9.4969,10.4402,-0.9433
2024-12-27 00:00:00+00:00,9.3088,10.4094,-1.1006
2024-12-28 00:00:00+00:00,9.0281,10.3642,-1.3361
2024-12-29 00:00:00+00:00,9.1723,10.3615,-1.1892
2024-12-30 00:00:00+00:00,9.0761,10.3790,-1.3029
2024-12-31 00:00:00+00:00,9.5877,10.3454,-0.7577
2025-01-01 00:00:00+00:00,9.5857,10.1631,-0.5774
2025-01-02 00:00:00+00:00,10.0865,10.1401,-0.0536
2025-01-03 00:00:00+00:00,10.1879,10.0855,0.1024
2025-01-04 00:00:00+00:00,10.1845,10.0623,0.1222
2025-01-05 00:00:00+00:00,10.1793,10.0171,0.1622
2025-01-06 00:00:00+00:00,10.1247,9.9840,0.1407
2025-01-07 00:00:00+00:00,9.9039,9.9166,-0.0127
2025-01-08 00:00:00+00:00,9.7691,9.8604,-0.0913
2025-01-09 00:00:00+00:00,9.7222,9.7757,-0.0535
2025-01-10 00:00:00+00:00,9.6376,9.7429,-0.1053
2025-01-11 00:00:00+00:00,9.6277,9.7183,-0.0906
2025-01-12 00:00:00+00:00,9.4407,9.6624,-0.2217
2025-01-13 00:00:00+00:00,9.4386,9.6391,-0.2005
2025-01-14 00:00:00+00:00,9.4591,9.6015,-0.1424
2025-01-15 00:00:00+00:00,9.1605,9.5726,-0.4121
2025-01-16 00:00:00+00:00,9.4918,9.5290,-0.0372
2025-01-17 00:00:00+00:00,9.5194,9.4413,0.0781
2025-01-18 00:00:00+00:00,9.5135,9.3759,0.1376
2025-01-19 00:00:00+00:00,9.4626,9.3542,0.1084
2025-01-20 00:00:00+00:00,9.4527,9.3125,0.1402
2025-01-21 00:00:00+00:00,9.4531,9.2821,0.1710
2025-01-22 00:00:00+00:00,9.3421,9.2261,0.1160
2025-01-23 00:00:00+00:00,9.3088,9.1722,0.1366
2025-01-24 00:00:00+00:00,9.2886,9.1329,0.1557
2025-01-25 00:00:00+00:00,9.2081,9.0917,0.1164
2025-01-26 00:00:00+00:00,9.2238,9.1019,0.1219
2025-01-27 00:00:00+00:00,9.0617,9.0843,-0.0226
2025-01-28 00:00:00+00:00,9.0915,9.0016,0.0899
2025-01-29 00:00:00+00:00,9.0004,8.9679,0.0325
2025-01-30 00:00:00+00:00,8.9971,9.0272,-0.0301
2025-01-31 00:00:00+00:00,9.0483,8.9814,0.0669
2025-02-01 00:00:00+00:00,9.0131,8.9588,0.0543
2025-02-02 00:00:00+00:00,9.0146,8.9492,0.0654
2025-02-03 00:00:00+00:00,9.0337,8.8239,0.2098
2025-02-04 00:00:00+00:00,9.0146,8.8257,0.1889
2025-02-05 00:00:00+00:00,8.9262,8.9498,-0.0236
2025-02-06 00:00:00+00:00,8.8289,8.8718,-0.0429
2025-02-07 00:00:00+00:00,8.8736,8.8232,0.0504
2025-02-08 00:00:00+00:00,8.7856,8.8151,-0.0295
2025-02-09 00:00:00+00:00,8.7823,8.7523,0.0300
2025-02-10 00:00:00+00:00,8.6618,8.6975,-0.0357
2025-02-11 00:00:00+00:00,8.6217,8.6198,0.0019
2025-02-12 00:00:00+00:00,8.5562,8.5906,-0.0344
2025-02-13 00:00:00+00:00,8.4897,8.6164,-0.1267
2025-02-14 00:00:00+00:00,8.4348,8.5634,-0.1286
2025-02-15 00:00:00+00:00,8.4320,8.5576,-0.1256
2025-02-16 00:00:00+00:00,8.3820,8.4999,-0.1179
2025-02-17 00:00:00+00:00,8.3419,8.4899,-0.1480
2025-02-18 00:00:00+00:00,8.3083,8.4971,-0.1888
2025-02-19 00:00:00+00:00,8.2441,8.5152,-0.2711
2025-02-20 00:00:00+00:00,8.1019,8.4581,-0.3562
2025-02-21 00:00:00+00:00,8.1250,8.3927,-0.2677
2025-02-22 00:00:00+00:00,8.1097,8.4095,-0.2998
2025-02-23 00:00:00+00:00,8.4060,8.4707,-0.0647
2025-02-24 00:00:00+00:00,8.4061,8.4832,-0.0771
2025-02-25 00:00:00+00:00,8.4452,8.4873,-0.0421
2025-02-26 00:00:00+00:00,8.5580,8.5367,0.0213
2025-02-27 00:00:00+00:00,8.5573,8.5787,-0.0214
2025-02-28 00:00:00+00:00,8.5737,8.5577,0.0160
2025-03-01 00:00:00+00:00,8.5932,8.5389,0.0543
2025-03-02 00:00:00+00:00,8.5092,8.4663,0.0429
2025-03-03 00:00:00+00:00,8.4897,8.3573,0.1324
2025-03-04 00:00:00+00:00,8.6957,8.3423,0.3534
2025-03-05 00:00:00+00:00,8.5559,8.3477,0.2082
2025-03-06 00:00:00+00:00,8.6858,8.3029,0.3829
2025-03-07 00:00:00+00:00,8.6763,8.2842,0.3921
2025-03-08 00:00:00+00:00,8.5774,8.2597,0.3177
2025-03-09 00:00:00+00:00,8.5941,8.2808,0.3133
2025-03-10 00:00:00+00:00,8.6911,8.2509,0.4402
2025-03-11 00:00:00+00:00,8.7067,8.1901,0.5166
2025-03-12 00:00:00+00:00,8.6930,8.2014,0.4916
2025-03-13 00:00:00+00:00,8.7343,8.1635,0.5708
2025-03-14 00:00:00+00:00,8.6706,8.1085,0.5621
2025-03-15 00:00:00+00:00,8.6947,8.0826,0.6121
2025-03-16 00:00:00+00:00,8.7380,8.1067,0.6313
2025-03-17 00:00:00+00:00,8.7393,8.2347,0.5046
2025-03-18 00:00:00+00:00,8.7120,8.2492,0.4628
2025-03-19 00:00:00+00:00,8.7101,8.3501,0.3600
2025-03-20 00:00:00+00:00,8.7347,8.2897,0.4450
2025-03-21 00:00:00+00:00,8.7978,8.2557,0.5421
2025-03-22 00:00:00+00:00,8.7492,8.2403,0.5089
2025-03-23 00:00:00+00:00,8.7642,8.3484,0.4158
2025-03-24 00:00:00+00:00,8.8509,8.4929,0.3580
2025-03-25 00:00:00+00:00,9.0165,8.5759,0.4406
2025-03-26 00:00:00+00:00,8.9833,8.6203,0.3630
2025-03-27 00:00:00+00:00,8.7237,8.7594,-0.0357
2025-03-28 00:00:00+00:00,8.9340,8.8016,0.1324
2025-03-29 00:00:00+00:00,9.0148,8.7748,0.2400
2025-03-30 00:00:00+00:00,9.5132,8.7809,0.7323
2025-03-31 00:00:00+00:00,9.3429,8.7563,0.5866
2025-04-01 00:00:00+00:00,9.3502,8.7341,0.6161
2025-04-02 00:00:00+00:00,9.5734,8.7349,0.8385
2025-04-03 00:00:00+00:00,9.4529,8.8557,0.5972
2025-04-04 00:00:00+00:00,9.3607,8.8335,0.5272
2025-04-05 00:00:00+00:00,9.5061,8.8628,0.6433
2025-04-06 00:00:00+00:00,9.6986,8.8561,0.8425
2025-04-07 00:00:00+00:00,9.8213,8.9272,0.8941
2025-04-08 00:00:00+00:00,9.8368,8.8998,0.9370
2025-04-09 00:00:00+00:00,9.8021,8.9070,0.8951
2025-04-10 00:00:00+00:00,9.8729,8.9240,0.9489
2025-04-11 00:00:00+00:00,9.9965,8.9233,1.0732
2025-04-12 00:00:00+00:00,10.2219,8.9452,1.2767
2025-04-13 00:00:00+00:00,9.9590,8.9658,0.9932
2025-04-14 00:00:00+00:00,9.9514,9.0635,0.8879
2025-04-15 00:00:00+00:00,9.9506,9.1549,0.7957
2025-04-16 00:00:00+00:00,9.9418,9.2298,0.7120
2025-04-17 00:00:00+00:00,9.8729,9.1679,0.7050
2025-04-18 00:00:00+00:00,9.8691,9.2661,0.6030
2025-04-19 00:00:00+00:00,9.8658,9.2736,0.5922
2025-04-20 00:00:00+00:00,9.9124,9.3181,0.5943
2025-04-21 00:00:00+00:00,9.7950,9.3987,0.3963
2025-04-22 00:00:00+00:00,9.7506,9.5780,0.1726
2025-04-23 00:00:00+00:00,9.9430,9.5925,0.3505
2025-04-24 00:00:00+00:00,10.0413,9.5913,0.4500
2025-04-25 00:00:00+00:00,10.0730,9.6539,0.4191
2025-04-26 00:00:00+00:00,10.0674,9.7433,0.3241
2025-04-27 00:00:00+00:00,10.3842,9.7066,0.6776
2025-04-28 00:00:00+00:00,10.2852,9.6359,0.6493
2025-04-29 00:00:00+00:00,10.0266,9.7142,0.3124
2025-04-30 00:00:00+00:00,10.4900,9.6892,0.8008
2025-05-01 00:00:00+00:00,10.7160,9.8141,0.9019
2025-05-02 00:00:00+00:00,10.9177,9.9211,0.9966
2025-05-03 00:00:00+00:00,11.1456,9.9815,1.1641
2025-05-04 00:00:00+00:00,11.1555,10.0558,1.0997
2025-05-05 00:00:00+00:00,11.2082,10.1415,1.0667
2025-05-06 00:00:00+00:00,11.1873,10.1141,1.0732
2025-05-07 00:00:00+00:00,11.1067,10.2477,0.8590
2025-05-08 00:00:00+00:00,11.3436,10.2415,1.1021
2025-05-09 00:00:00+00:00,11.4809,10.2330,1.2479
2025-05-10 00:00:00+00:00,11.6127,10.3644,1.2483
2025-05-11 00:00:00+00:00,11.6717,10.4074,1.2643
2025-05-12 00:00:00+00:00,11.7782,10.6178,1.1604
2025-05-13 00:00:00+00:00,11.9387,10.6761,1.2626
2025-05-14 00:00:00+00:00,12.2021,10.7901,1.4120
2025-05-15 00:00:00+00:00,12.2939,10.8783,1.4156
2025-05-16 00:00:00+00:00,12.2837,10.9195,1.3642
2025-05-17 00:00:00+00:00,12.3694,11.0135,1.3559
2025-05-18 00:00:00+00:00,12.5417,11.0155,1.5262
2025-05-19 00:00:00+00:00,12.7009,11.1109,1.5900
2025-05-20 00:00:00+00:00,12.7021,11.1476,1.5545
2025-05-21 00:00:00+00:00,12.7573,11.3126,1.4447
2025-05-22 00:00:00+00:00,13.0515,11.3432,1.7083
2025-05-23 00:00:00+00:00,13.0937,11.3647,1.7290
2025-05-24 00:00:00+00:00,12.7500,11.4000,1.3500
2025-05-25 00:00:00+00:00,12.9945,11.4849,1.5096
2025-05-26 00:00:00+00:00,13.0017,11.5451,1.4566
2025-05-27 00:00:00+00:00,12.9304,11.7787,1.1517
2025-05-28 00:00:00+00:00,12.8049,11.7372,1.0677
2025-05-29 00:00:00+00:00,12.8038,11.8112,0.9926
2025-05-30 00:00:00+00:00,12.8746,12.0358,0.8388
2025-05-31 00:00:00+00:00,12.8423,12.1496,0.6927
2025-06-01 00:00:00+00:00,13.0392,12.2879,0.7513
2025-06-02 00:00:00+00:00,13.0917,12.4130,0.6787
2025-06-03 00:00:00+00:00,13.0286,12.5052,0.5234
2025-06-04 00:00:00+00:00,12.9325,12.5006,0.4319
2025-06-05 00:00:00+00:00,12.9331,12.5862,0.3469
2025-06-06 00:00:00+00:00,13.0705,12.6408,0.4297
2025-06-07 00:00:00+00:00,13.0734,12.7866,0.2868
2025-06-08 00:00:00+00:00,13.1885,12.7226,0.4659
2025-06-09 00:00:00+00:00,13.1861,12.8391,0.3470
2025-06-10 00:00:00+00:00,13.2004,12.8305,0.3699
2025-06-11 00:00:00+00:00,13.4115,12.8563,0.5552
2025-06-12 00:00:00+00:00,13.4691,12.9671,0.5020
2025-06-13 00:00:00+00:00,13.4782,13.0674,0.4108
2025-06-14 00:00:00+00:00,13.5086,13.2383,0.2703
2025-06-15 00:00:00+00:00,13.7469,13.3410,0.4059
2025-06-16 00:00:00+00:00,13.8833,13.4469,0.4364
2025-06-17 00:00:00+00:00,13.8991,13.4746,0.4245
2025-06-18 00:00:00+00:00,14.1950,13.4919,0.7031
2025-06-19 00:00:00+00:00,14.3269,13.4941,0.8328
2025-06-20 00:00:00+00:00,14.5112,13.5405,0.9707
2025-06-21 00:00:00+00:00,15.0307,13.7438,1.2869
2025-06-22 00:00:00+00:00,15.0338,13.8240,1.2098
2025-06-23 00:00:00+00:00,14.8908,13.9294,0.9614
2025-06-24 00:00:00+00:00,14.8437,13.8715,0.9722
2025-06-25 00:00:00+00:00,14.6804,13.9800,0.7004
2025-06-26 00:00:00+00:00,14.6072,13.9705,0.6367
2025-06-27 00:00:00+00:00,14.6182,14.0667,0.5515
2025-06-28 00:00:00+00:00,14.7675,14.1181,0.6494
2025-06-29 00:00:00+00:00,14.8704,14.1470,0.7234
2025-06-30 00:00:00+00:00,15.0190,14.2335,0.7855
2025-07-01 00:00:00+00:00,14.9771,14.2683,0.7088
2025-07-02 00:00:00+00:00,15.0804,14.2762,0.8042
2025-07-03 00:00:00+00:00,15.3996,14.2960,1.1036
2025-07-04 00:00:00+00:00,15.4376,14.3162,1.1214
2025-07-05 00:00:00+00:00,15.4359,14.3524,1.0835
2025-07-06 00:00:00+00:00,15.5153,14.3854,1.1299
2025-07-07 00:00:00+00:00,15.4673,14.3966,1.0707
2025-07-08 00:00:00+00:00,15.6110,14.5716,1.0394
2025-07-09 00:00:00+00:00,15.6074,14.6718,0.9356
2025-07-10 00:00:00+00:00,16.0525,14.7831,1.2694
2025-07-11 00:00:00+00:00,16.2092,14.8795,1.3297
2025-07-12 00:00:00+00:00,16.8667,14.9390,1.9277
2025-07-13 00:00:00+00:00,17.1425,14.9531,2.1894
2025-07-14 00:00:00+00:00,16.9133,15.0423,1.8710
2025-07-15 00:00:00+00:00,16.4404,15.1472,1.2932
2025-07-16 00:00:00+00:00,16.1652,15.1940,0.9712
2025-07-17 00:00:00+00:00,16.1140,15.3246,0.7894
2025-07-18 00:00:00+00:00,16.1078,15.4574,0.6504
2025-07-19 00:00:00+00:00,16.1194,15.5168,0.6026
2025-07-20 00:00:00+00:00,16.1613,15.6833,0.4780
2025-07-21 00:00:00+00:00,16.2584,15.7071,0.5513
2025-07-22 00:00:00+00:00,16.2371,15.7074,0.5297
2025-07-23 00:00:00+00:00,16.3959,15.7769,0.6190
2025-07-24 00:00:00+00:00,16.3000,15.8215,0.4785
2025-07-25 00:00:00+00:00,16.4560,15.8009,0.6551
2025-07-26 00:00:00+00:00,16.4891,15.8042,0.6849
2025-07-27 00:00:00+00:00,16.4840,15.8305,0.6535
2025-07-28 00:00:00+00:00,16.5548,15.5786,0.9762
2025-07-29 00:00:00+00:00,16.8599,15.0131,1.8468
2025-07-30 00:00:00+00:00,16.7884,14.9415,1.8469
2025-07-31 00:00:00+00:00,16.7959,14.8769,1.9190
2025-08-01 00:00:00+00:00,16.8866,15.1279,1.7587
2025-08-02 00:00:00+00:00,16.9433,15.3379,1.6054
2025-08-03 00:00:00+00:00,16.8563,15.3112,1.5451
2025-08-04 00:00:00+00:00,16.8157,15.3187,1.4970
2025-08-05 00:00:00+00:00,17.0280,15.5810,1.4470
2025-08-06 00:00:00+00:00,16.9291,15.8456,1.0835
2025-08-07 00:00:00+00:00,16.9163,15.7746,1.1417
2025-08-08 00:00:00+00:00,16.8139,15.8986,0.9153
2025-08-09 00:00:00+00:00,16.8575,15.9586,0.8989
2025-08-10 00:00:00+00:00,16.7977,16.0769,0.7208
2025-08-11 00:00:00+00:00,16.8617,16.1913,0.6704
2025-08-12 00:00:00+00:00,16.9579,16.2615,0.6964
2025-08-13 00:00:00+00:00,16.9832,16.3278,0.6554
2025-08-14 00:00:00+00:00,17.0564,16.3522,0.7042
2025-08-15 00:00:00+00:00,17.1324,16.3089,0.8235
2025-08-16 00:00:00+00:00,17.2815,16.3967,0.8848
2025-08-17 00:00:00+00:00,17.2765,16.3843,0.8922
2025-08-18 00:00:00+00:00,17.2864,16.3394,0.9470
2025-08-19 00:00:00+00:00,17.2328,16.3301,0.9027
2025-08-20 00:00:00+00:00,17.3060,16.3749,0.9311
2025-08-21 00:00:00+00:00,17.2198,16.3601,0.8597
2025-08-22 00:00:00+00:00,17.1974,16.4075,0.7899
2025-08-23 00:00:00+00:00,17.1393,16.3818,0.7575
2025-08-24 00:00:00+00:00,17.3664,16.4017,0.9647
2025-08-25 00:00:00+00:00,17.3960,16.5158,0.8802
2025-08-26 00:00:00+00:00,17.4342,16.5510,0.8832
2025-08-27 00:00:00+00:00,17.3340,16.5997,0.7343
2025-08-28 00:00:00+00:00,17.4114,16.5774,0.8340
2025-08-29 00:00:00+00:00,17.3659,16.5787,0.7872
2025-08-30 00:00:00+00:00,17.2499,16.5633,0.6866
2025-08-31 00:00:00+00:00,17.1564,16.5462,0.6102
2025-09-01 00:00:00+00:00,17.0625,16.5162,0.5463
2025-09-02 00:00:00+00:00,17.0284,16.5274,0.5010
2025-09-03 00:00:00+00:00,17.0480,16.5374,0.5106
2025-09-04 00:00:00+00:00,17.1033,16.5448,0.5585
2025-09-05 00:00:00+00:00,17.0907,16.5843,0.5064
2025-09-06 00:00:00+00:00,17.0477,16.5257,0.5220
2025-09-07 00:00:00+00:00,17.0663,16.6206,0.4457
2025-09-08 00:00:00+00:00,16.9221,16.6846,0.2375
2025-09-09 00:00:00+00:00,16.9645,16.7400,0.2245
2025-09-10 00:00:00+00:00,16.9145,16.7812,0.1333
2025-09-11 00:00:00+00:00,16.8709,16.7295,0.1414
2025-09-12 00:00:00+00:00,16.6502,16.6575,-0.0073
2025-09-13 00:00:00+00:00,16.5277,16.5746,-0.0469
2025-09-14 00:00:00+00:00,16.6396,16.5783,0.0613
2025-09-15 00:00:00+00:00,16.4446,16.4955,-0.0509
2025-09-16 00:00:00+00:00,16.3221,16.4592,-0.1371
2025-09-17 00:00:00+00:00,16.3189,16.4716,-0.1527
2025-09-18 00:00:00+00:00,16.3415,16.4223,-0.0808
2025-09-19 00:00:00+00:00,16.3151,16.4002,-0.0851
2025-09-20 00:00:00+00:00,16.3131,16.3429,-0.0298
2025-09-21 00:00:00+00:00,16.1658,16.2449,-0.0791
2025-09-22 00:00:00+00:00,15.9795,15.9689,0.0106
2025-09-23 00:00:00+00:00,15.9555,16.0839,-0.1284
2025-09-24 00:00:00+00:00,15.9280,16.0943,-0.1663
2025-09-25 00:00:00+00:00,15.8940,16.0119,-0.1179
2025-09-26 00:00:00+00:00,15.8913,16.0312,-0.1399
2025-09-27 00:00:00+00:00,15.8665,15.9783,-0.1118
2025-09-28 00:00:00+00:00,15.7748,15.8951,-0.1203
2025-09-29 00:00:00+00:00,15.7432,15.8388,-0.0956
2025-09-30 00:00:00+00:00,15.6601,15.7884,-0.1283
2025-10-01 00:00:00+00:00,15.6581,15.7394,-0.0813
2025-10-02 00:00:00+00:00,15.6534,15.7051,-0.0517
2025-10-03 00:00:00+00:00,15.6468,15.6297,0.0171
2025-10-04 00:00:00+00:00,15.5933,15.6318,-0.0385
2025-10-05 00:00:00+00:00,15.4638,15.5867,-0.1229
2025-10-06 00:00:00+00:00,15.4297,15.5067,-0.0770
2025-10-07 00:00:00+00:00,15.4401,15.4257,0.0144
2025-10-08 00:00:00+00:00,15.4107,15.3885,0.0222
2025-10-09 00:00:00+00:00,15.3722,15.3399,0.0323
2025-10-10 00:00:00+00:00,15.3293,15.2426,0.0867
2025-10-11 00:00:00+00:00,15.3327,15.1428,0.1899
2025-10-12 00:00:00+00:00,15.3000,15.1461,0.1539
2025-10-13 00:00:00+00:00,15.2032,15.1267,0.0765
2025-10-14 00:00:00+00:00,15.1974,15.1025,0.0949
2025-10-15 00:00:00+00:00,15.1279,15.0470,0.0809
2025-10-16 00:00:00+00:00,15.1237,14.9869,0.1368
2025-10-17 00:00:00+00:00,14.9818,14.9406,0.0412
2025-10-18 00:00:00+00:00,14.9816,14.8917,0.0899
2025-10-19 00:00:00+00:00,14.9827,14.8580,0.1247
2025-10-20 00:00:00+00:00,14.9789,14.7802,0.1987
2025-10-21 00:00:00+00:00,14.9648,14.7280,0.2368
2025-10-22 00:00:00+00:00,14.8807,14.6744,0.2063
2025-10-23 00:00:00+00:00,14.8553,14.6031,0.2522
2025-10-24 00:00:00+00:00,14.6982,14.5596,0.1386
2025-10-25 00:00:00+00:00,14.6578,14.4981,0.1597
2025-10-26 00:00:00+00:00,14.5846,14.4778,0.1068
2025-10-27 00:00:00+00:00,14.5637,14.4179,0.1458
2025-10-28 00:00:00+00:00,14.4673,14.4077,0.0596
2025-10-29 00:00:00+00:00,14.4030,14.3330,0.0700
2025-10-30 00:00:00+00:00,14.1754,14.3036,-0.1282
2025-10-31 00:00:00+00:00,13.8408,14.2766,-0.4358
2025-11-01 00:00:00+00:00,13.8304,14.2338,-0.4034
2025-11-02 00:00:00+00:00,13.7445,14.1372,-0.3927
2025-11-03 00:00:00+00:00,13.7473,14.0115,-0.2642
2025-11-04 00:00:00+00:00,13.7332,13.9013,-0.1681
2025-11-05 00:00:00+00:00,13.7318,13.8367,-0.1049
2025-11-06 00:00:00+00:00,13.6992,13.7465,-0.0473
2025-11-07 00:00:00+00:00,13.8102,13.6865,0.1237
2025-11-08 00:00:00+00:00,13.7259,13.6188,0.1071
2025-11-09 00:00:00+00:00,13.7338,13.5203,0.2135
2025-11-10 00:00:00+00:00,13.7179,13.4716,0.2463
2025-11-11 00:00:00+00:00,13.6619,13.4075,0.2544
2025-11-12 00:00:00+00:00,13.6335,13.3405,0.2930
2025-11-13 00:00:00+00:00,13.5315,13.2550,0.2765
2025-11-14 00:00:00+00:00,13.5300,13.2115,0.3185
2025-11-15 00:00:00+00:00,13.5103,13.1616,0.3487
2025-11-16 00:00:00+00:00,13.5060,13.1267,0.3793
2025-11-17 00:00:00+00:00,13.3980,13.0981,0.2999
2025-11-18 00:00:00+00:00,13.2480,13.0664,0.1816
2025-11-19 00:00:00+00:00,13.1521,12.9437,0.2084
2025-11-20 00:00:00+00:00,12.9447,12.9206,0.0241
2025-11-21 00:00:00+00:00,12.8278,12.8644,-0.0366
2025-11-22 00:00:00+00:00,12.8264,12.8005,0.0259
2025-11-23 00:00:00+00:00,12.6111,12.7116,-0.1005
2025-11-24 00:00:00+00:00,12.5732,12.6332,-0.0600
2025-11-25 00:00:00+00:00,12.3631,12.5488,-0.1857
2025-11-26 00:00:00+00:00,12.2430,12.5119,-0.2689
2025-11-27 00:00:00+00:00,12.2400,12.4406,-0.2006
2025-11-28 00:00:00+00:00,12.0759,12.3515,-0.2756
2025-11-29 00:00:00+00:00,12.0371,12.2423,-0.2052
2025-11-30 00:00:00+00:00,11.9438,12.1638,-0.2200
2025-12-01 00:00:00+00:00,11.9426,12.0555,-0.1129
2025-12-02 00:00:00+00:00,11.8297,11.9481,-0.1184
2025-12-03 00:00:00+00:00,11.7652,11.8878,-0.1226
2025-12-04 00:00:00+00:00,11.7632,11.8539,-0.0907
2025-12-05 00:00:00+00:00,11.6847,11.7704,-0.0857
2025-12-06 00:00:00+00:00,11.6389,11.6583,-0.0194
2025-12-07 00:00:00+00:00,11.6377,11.5400,0.0977
2025-12-08 00:00:00+00:00,11.6467,11.4152,0.2315
2025-12-09 00:00:00+00:00,11.6461,11.2983,0.3478
2025-12-10 00:00:00+00:00,11.5722,11.2204,0.3518
2025-12-11 00:00:00+00:00,11.4756,11.1710,0.3046
2025-12-12 00:00:00+00:00,11.4596,11.1182,0.3414
2025-12-13 00:00:00+00:00,11.4168,11.1192,0.2976
2025-12-14 00:00:00+00:00,11.3935,10.9769,0.4166
2025-12-15 00:00:00+00:00,11.3887,10.9071,0.4816
2025-12-16 00:00:00+00:00,11.2816,10.7210,0.5606
2025-12-17 00:00:00+00:00,11.2687,10.6830,0.5857
2025-12-18 00:00:00+00:00,11.2571,10.6730,0.5841
2025-12-19 00:00:00+00:00,11.2285,10.6795,0.5490
2025-12-20 00:00:00+00:00,11.1950,10.6572,0.5378
2025-12-21 00:00:00+00:00,11.1223,10.6119,0.5104
2025-12-22 00:00:00+00:00,11.1038,10.5833,0.5205
2025-12-23 00:00:00+00:00,11.0920,10.5473,0.5447
2025-12-24 00:00:00+00:00,10.9590,10.4879,0.4711
2025-12-25 00:00:00+00:00,10.9585,10.4593,0.4992
2025-12-26 00:00:00+00:00,10.8095,10.4402,0.3693
2025-12-27 00:00:00+00:00,10.6733,10.4094,0.2639
2025-12-28 00:00:00+00:00,10.5618,10.3642,0.1976
2025-12-29 00:00:00+00:00,10.5439,10.3615,0.1824
2025-12-30 00:00:00+00:00,10.4900,10.3790,0.1110
2025-12-31 00:00:00+00:00,10.3903,10.3454,0.0449
2026-01-01 00:00:00+00:00,10.3374,10.1631,0.1743
2026-01-02 00:00:00+00:00,10.1824,10.1401,0.0423
2026-01-03 00:00:00+00:00,10.0395,10.0855,-0.0460
2026-01-04 00:00:00+00:00,9.9501,10.0623,-0.1122
2026-01-05 00:00:00+00:00,9.8214,10.0171,-0.1957
2026-01-06 00:00:00+00:00,9.7137,9.9840,-0.2703
2026-01-07 00:00:00+00:00,9.6395,9.9166,-0.2771
2026-01-08 00:00:00+00:00,9.6461,9.8604,-0.2143
2026-01-09 00:00:00+00:00,9.6376,9.7757,-0.1381
2026-01-10 00:00:00+00:00,9.3736,9.7429,-0.3693
2026-01-11 00:00:00+00:00,9.3715,9.7183,-0.3468
2026-01-12 00:00:00+00:00,9.3688,9.6624,-0.2936
2026-01-13 00:00:00+00:00,9.2812,9.6391,-0.3579
2026-01-14 00:00:00+00:00,9.1860,9.6015,-0.4155
2026-01-15 00:00:00+00:00,9.1514,9.5726,-0.4212
2026-01-16 00:00:00+00:00,9.1417,9.5290,-0.3873
2026-01-17 00:00:00+00:00,9.1179,9.4413,-0.3234
2026-01-18 00:00:00+00:00,9.0873,9.3759,-0.2886
2026-01-19 00:00:00+00:00,9.1057,9.3542,-0.2485
2026-01-20 00:00:00+00:00,9.0611,9.3125,-0.2514
2026-01-21 00:00:00+00:00,9.0356,9.2821,-0.2465
2026-01-22 00:00:00+00:00,8.9930,9.2261,-0.2331
2026-01-23 00:00:00+00:00,8.9729,9.1722,-0.1993
2026-01-24 00:00:00+00:00,8.9691,9.1329,-0.1638
2026-01-25 00:00:00+00:00,8.9296,9.0917,-0.1621
2026-01-26 00:00:00+00:00,8.8821,9.1019,-0.2198
2026-01-27 00:00:00+00:00,8.8796,9.0843,-0.2047
2026-01-28 00:00:00+00:00,8.8649,9.0016,-0.1367
2026-01-29 00:00:00+00:00,8.8980,8.9679,-0.0699
2026-01-30 00:00:00+00:00,8.8750,9.0272,-0.1522
2026-01-31 00:00:00+00:00,8.8650,8.9814,-0.1164
2026-02-01 00:00:00+00:00,8.8470,8.9588,-0.1118
2026-02-02 00:00:00+00:00,8.7903,8.9492,-0.1589
2026-02-03 00:00:00+00:00,8.7588,8.8239,-0.0651
2026-02-04 00:00:00+00:00,8.7229,8.8257,-0.1028
2026-02-05 00:00:00+00:00,8.8017,8.9498,-0.1481
2026-02-06 00:00:00+00:00,8.7807,8.8718,-0.0911
2026-02-07 00:00:00+00:00,8.7949,8.8232,-0.0283
2026-02-08 00:00:00+00:00,8.7148,8.8151,-0.1003
2026-02-09 00:00:00+00:00,8.7438,8.7523,-0.0085
2026-02-10 00:00:00+00:00,8.5951,8.6975,-0.1024
2026-02-11 00:00:00+00:00,8.5846,8.6198,-0.0352
2026-02-12 00:00:00+00:00,8.6091,8.5906,0.0185
2026-02-13 00:00:00+00:00,8.7290,8.6164,0.1126
2026-02-14 00:00:00+00:00,8.7241,8.5634,0.1607
2026-02-15 00:00:00+00:00,8.7209,8.5576,0.1633
2026-02-16 00:00:00+00:00,8.7774,8.4999,0.2775
2026-02-17 00:00:00+00:00,8.7325,8.4899,0.2426
2026-02-18 00:00:00+00:00,8.7297,8.4971,0.2326
2026-02-19 00:00:00+00:00,8.7085,8.5152,0.1933
2026-02-20 00:00:00+00:00,8.6181,8.4581,0.1600
2026-02-21 00:00:00+00:00,8.7320,8.3927,0.3393
2026-02-22 00:00:00+00:00,8.7207,8.4095,0.3112
2026-02-23 00:00:00+00:00,8.6722,8.4707,0.2015
2026-02-24 00:00:00+00:00,8.4701,8.4832,-0.0131
2026-02-25 00:00:00+00:00,8.6896,8.4873,0.2023
2026-02-26 00:00:00+00:00,8.4257,8.5367,-0.1110
2026-02-27 00:00:00+00:00,8.4248,8.5787,-0.1539
2026-02-28 00:00:00+00:00,8.5691,8.5577,0.0114
2026-03-01 00:00:00+00:00,8.5734,8.5389,0.0345
2026-03-02 00:00:00+00:00,8.5892,8.4663,0.1229
2026-03-03 00:00:00+00:00,8.5949,8.3573,0.2376
2026-03-04 00:00:00+00:00,8.8053,8.3423,0.4630
2026-03-05 00:00:00+00:00,8.9082,8.3477,0.5605
2026-03-06 00:00:00+00:00,8.9096,8.3029,0.6067
2026-03-07 00:00:00+00:00,8.9179,8.2842,0.6337
2026-03-08 00:00:00+00:00,8.8373,8.2597,0.5776
2026-03-09 00:00:00+00:00,8.8254,8.2808,0.5446
2026-03-10 00:00:00+00:00,8.7676,8.2509,0.5167
2026-03-11 00:00:00+00:00,8.9202,8.1901,0.7301
2026-03-12 00:00:00+00:00,8.8112,8.2014,0.6098
2026-03-13 00:00:00+00:00,8.9097,8.1635,0.7462
2026-03-14 00:00:00+00:00,8.7948,8.1085,0.6863
2026-03-15 00:00:00+00:00,8.6925,8.0826,0.6099
2026-03-16 00:00:00+00:00,8.8113,8.1067,0.7046
2026-03-17 00:00:00+00:00,8.7411,8.2347,0.5064
2026-03-18 00:00:00+00:00,8.7795,8.2492,0.5303
2026-03-19 00:00:00+00:00,9.2738,8.3501,0.9237
2026-03-20 00:00:00+00:00,9.3593,8.2897,1.0696
2026-03-21 00:00:00+00:00,9.1713,8.2557,0.9156
2026-03-22 00:00:00+00:00,9.3063,8.2403,1.0660
2026-03-23 00:00:00+00:00,9.2332,8.3484,0.8848
2026-03-24 00:00:00+00:00,9.2347,8.4929,0.7418
2026-03-25 00:00:00+00:00,9.3065,8.5759,0.7306
2026-03-26 00:00:00+00:00,9.2319,8.6203,0.6116
2026-03-27 00:00:00+00:00,9.2249,8.7594,0.4655
2026-03-28 00:00:00+00:00,9.1522,8.8016,0.3506
2026-03-29 00:00:00+00:00,9.2907,8.7748,0.5159
2026-03-30 00:00:00+00:00,9.2133,8.7809,0.4324
2026-03-31 00:00:00+00:00,9.1957,8.7563,0.4394
2026-04-01 00:00:00+00:00,9.1582,8.7341,0.4241
2026-04-02 00:00:00+00:00,9.2246,8.7349,0.4897
2026-04-03 00:00:00+00:00,9.2087,8.8557,0.3530
2026-04-04 00:00:00+00:00,9.1251,8.8335,0.2916
2026-04-05 00:00:00+00:00,9.2621,8.8628,0.3993
2026-04-06 00:00:00+00:00,9.1790,8.8561,0.3229
2026-04-07 00:00:00+00:00,9.4768,8.9272,0.5496
2026-04-08 00:00:00+00:00,9.4372,8.8998,0.5374
2026-04-09 00:00:00+00:00,9.5134,8.9070,0.6064
2026-04-10 00:00:00+00:00,9.4085,8.9240,0.4845
2026-04-11 00:00:00+00:00,9.3909,8.9233,0.4676
2026-04-12 00:00:00+00:00,9.3892,8.9452,0.4440
2026-04-13 00:00:00+00:00,9.3888,8.9658,0.4230
2026-04-14 00:00:00+00:00,9.4582,9.0635,0.3947
2026-04-15 00:00:00+00:00,9.4620,9.1549,0.3071
2026-04-16 00:00:00+00:00,9.5278,9.2298,0.2980
2026-04-17 00:00:00+00:00,9.4947,9.1679,0.3268
2026-04-18 00:00:00+00:00,9.7042,9.2661,0.4381
2026-04-19 00:00:00+00:00,9.6876,9.2736,0.4140
2026-04-20 00:00:00+00:00,9.9441,9.3181,0.6260
2026-04-21 00:00:00+00:00,10.1164,9.3987,0.7177
2026-04-22 00:00:00+00:00,10.0834,9.5780,0.5054
2026-04-23 00:00:00+00:00,9.8967,9.5925,0.3042
2026-04-24 00:00:00+00:00,10.1667,9.5913,0.5754
2026-04-25 00:00:00+00:00,10.2988,9.6539,0.6449
2026-04-26 00:00:00+00:00,10.4165,9.7433,0.6732
2026-04-27 00:00:00+00:00,10.5186,9.7066,0.8120
2026-04-28 00:00:00+00:00,10.6231,9.6359,0.9872
2026-04-29 00:00:00+00:00,10.6389,9.7142,0.9247
2026-04-30 00:00:00+00:00,10.5856,9.6892,0.8964
2026-05-01 00:00:00+00:00,10.5961,9.8141,0.7820
2026-05-02 00:00:00+00:00,10.4966,9.9211,0.5755
2026-05-03 00:00:00+00:00,10.5126,9.9815,0.5311
2026-05-04 00:00:00+00:00,10.5371,10.0558,0.4813
2026-05-05 00:00:00+00:00,10.7770,10.1415,0.6355
2026-05-06 00:00:00+00:00,10.7079,10.1141,0.5938
2026-05-07 00:00:00+00:00,10.8603,10.2477,0.6126
2026-05-08 00:00:00+00:00,10.8798,10.2415,0.6383
2026-05-09 00:00:00+00:00,10.8885,10.2330,0.6555
2026-05-10 00:00:00+00:00,10.7739,10.3644,0.4095
2026-05-11 00:00:00+00:00,10.8772,10.4074,0.4698
2026-05-12 00:00:00+00:00,11.1625,10.6178,0.5447
2026-05-13 00:00:00+00:00,11.2635,10.6761,0.5874
2026-05-14 00:00:00+00:00,11.2318,10.7901,0.4417
2026-05-15 00:00:00+00:00,11.1680,10.8783,0.2897
2026-05-16 00:00:00+00:00,11.1744,10.9195,0.2549
2026-05-17 00:00:00+00:00,11.1655,11.0135,0.1520
2026-05-18 00:00:00+00:00,11.1726,11.0155,0.1571
2026-05-19 00:00:00+00:00,11.1889,11.1109,0.0780
2026-05-20 00:00:00+00:00,11.3403,11.1476,0.1927
2026-05-21 00:00:00+00:00,11.3024,11.3126,-0.0102
2026-05-22 00:00:00+00:00,11.4210,11.3432,0.0778
2026-05-23 00:00:00+00:00,11.4388,11.3647,0.0741
2026-05-24 00:00:00+00:00,11.8110,11.4000,0.4110
2026-05-25 00:00:00+00:00,12.0183,11.4849,0.5334
2026-05-26 00:00:00+00:00,13.2040,11.5451,1.6589
2026-05-27 00:00:00+00:00,13.4166,11.7787,1.6379
2026-05-28 00:00:00+00:00,13.1897,11.7372,1.4525
2026-05-29 00:00:00+00:00,13.0524,11.8112,1.2412
2026-05-30 00:00:00+00:00,12.4098,12.0358,0.3740
2026-05-31 00:00:00+00:00,12.6575,12.1496,0.5079
2026-06-01 00:00:00+00:00,12.6713,12.2879,0.3834
2026-06-02 00:00:00+00:00,12.8531,12.4130,0.4401
2026-06-03 00:00:00+00:00,13.1263,12.5052,0.6211
2026-06-04 00:00:00+00:00,13.0625,12.5006,0.5619
2026-06-05 00:00:00+00:00,13.0621,12.5862,0.4759
2026-06-06 00:00:00+00:00,13.0429,12.6408,0.4021
2026-06-07 00:00:00+00:00,13.1659,12.7866,0.3793
2026-06-08 00:00:00+00:00,13.1155,12.7226,0.3929
2026-06-09 00:00:00+00:00,13.1157,12.8391,0.2766
2026-06-10 00:00:00+00:00,13.1401,12.8305,0.3096
2026-06-11 00:00:00+00:00,13.1163,12.8563,0.2600
2026-06-12 00:00:00+00:00,13.1183,12.9671,0.1512
2026-06-13 00:00:00+00:00,13.1867,13.0674,0.1193
2026-06-14 00:00:00+00:00,13.3085,13.2383,0.0702
2026-06-15 00:00:00+00:00,13.5073,13.3410,0.1663
2026-06-16 00:00:00+00:00,13.4975,13.4469,0.0506
2026-06-17 00:00:00+00:00,13.5035,13.4746,0.0289
2026-06-18 00:00:00+00:00,13.5600,13.4919,0.0681
2026-06-19 00:00:00+00:00,13.6457,13.4941,0.1516
2026-06-20 00:00:00+00:00,13.7329,13.5405,0.1924
2026-06-21 00:00:00+00:00,14.0100,13.7438,0.2662
2026-06-22 00:00:00+00:00,14.3182,13.8240,0.4942
2026-06-23 00:00:00+00:00,15.0072,13.9294,1.0778
2026-06-24 00:00:00+00:00,15.6741,13.8715,1.8026
2026-06-25 00:00:00+00:00,15.9099,13.9800,1.9299
2026-06-26 00:00:00+00:00,16.2609,13.9705,2.2904
2026-06-27 00:00:00+00:00,15.7372,14.0667,1.6705
2026-06-28 00:00:00+00:00,15.7531,14.1181,1.6350
2026-06-29 00:00:00+00:00,15.5342,14.1470,1.3872
2026-06-30 00:00:00+00:00,15.4866,14.2335,1.2531
2026-07-01 00:00:00+00:00,15.4152,14.2683,1.1469
2026-07-02 00:00:00+00:00,15.1567,14.2762,0.8805
2026-07-03 00:00:00+00:00,15.4289,14.2960,1.1329
2026-07-04 00:00:00+00:00,15.1915,14.3162,0.8753
2026-07-05 00:00:00+00:00,15.3513,14.3524,0.9989
2026-07-06 00:00:00+00:00,15.2237,14.3854,0.8383
2026-07-07 00:00:00+00:00,15.2318,14.3966,0.8352
2026-07-08 00:00:00+00:00,15.8222,14.5716,1.2506
2026-07-09 00:00:00+00:00,15.8318,14.6718,1.1600
2026-07-10 00:00:00+00:00,16.4502,14.7831,1.6671
2026-07-11 00:00:00+00:00,16.8691,14.8795,1.9896
2026-07-12 00:00:00+00:00,16.9580,14.9390,2.0190
2026-07-13 00:00:00+00:00,16.7950,14.9531,1.8419
2026-07-14 00:00:00+00:00,16.7284,15.0423,1.6861
2026-07-15 00:00:00+00:00,16.8257,15.1472,1.6785
2026-07-16 00:00:00+00:00,16.9340,15.1940,1.7400
2026-07-17 00:00:00+00:00,16.9962,15.3246,1.6716
2026-07-18 00:00:00+00:00,16.9923,15.4574,1.5349
2026-07-19 00:00:00+00:00,16.8700,15.5168,1.3532
2026-07-20 00:00:00+00:00,16.9810,15.6833,1.2977
2026-07-21 00:00:00+00:00,16.9623,15.7071,1.2552
2026-07-22 00:00:00+00:00,16.9566,15.7074,1.2492
2026-07-23 00:00:00+00:00,16.5086,15.7769,0.7317
2026-07-24 00:00:00+00:00,16.2136,15.8215,0.3921
2026-07-25 00:00:00+00:00,17.1089,15.8009,1.3080
2026-07-26 00:00:00+00:00,17.0748,15.8042,1.2706
2026-07-27 00:00:00+00:00,17.0672,15.8305,1.2367
2026-07-28 00:00:00+00:00,17.0423,15.5786,1.4637
2026-07-29 00:00:00+00:00,16.9417,15.0131,1.9286
2026-07-30 00:00:00+00:00,16.9346,14.9415,1.9931
2026-07-31 00:00:00+00:00,17.0237,14.8769,2.1468
2026-08-01 00:00:00+00:00,16.9606,15.1279,1.8327
2026-08-02 00:00:00+00:00,16.9450,15.3379,1.6071
2026-08-03 00:00:00+00:00,17.0593,15.3112,1.7481
2026-08-04 00:00:00+00:00,17.0488,15.3187,1.7301
2026-08-05 00:00:00+00:00,17.1231,15.5810,1.5421
2026-08-06 00:00:00+00:00,17.1341,15.8456,1.2885
2026-08-07 00:00:00+00:00,17.0047,15.7746,1.2301
2026-08-08 00:00:00+00:00,17.1477,15.8986,1.2491
2026-08-09 00:00:00+00:00,17.2795,15.9586,1.3209
2026-08-10 00:00:00+00:00,17.4095,16.0769,1.3326
2026-08-11 00:00:00+00:00,17.3748,16.1913,1.1835
2026-08-12 00:00:00+00:00,17.5927,16.2615,1.3312
2026-08-13 00:00:00+00:00,17.7199,16.3278,1.3921
2026-08-14 00:00:00+00:00,17.7437,16.3522,1.3915
2026-08-15 00:00:00+00:00,17.7540,16.3089,1.4451
2026-08-16 00:00:00+00:00,17.6586,16.3967,1.2619
2026-08-17 00:00:00+00:00,17.5831,16.3843,1.1988
2026-08-18 00:00:00+00:00,17.4963,16.3394,1.1569
2026-08-19 00:00:00+00:00,17.7624,16.3301,1.4323
2026-08-20 00:00:00+00:00,17.6822,16.3749,1.3073
2026-08-21 00:00:00+00:00,17.5492,16.3601,1.1891
2026-08-22 00:00:00+00:00,17.3040,16.4075,0.8965
2026-08-23 00:00:00+00:00,17.4232,16.3818,1.0414
2026-08-24 00:00:00+00:00,17.5105,16.4017,1.1088
2026-08-25 00:00:00+00:00,17.4837,16.5158,0.9679
2026-08-26 00:00:00+00:00,17.4735,16.5510,0.9225
